Date,Open,High,Low,Close,Volume
2009-05-14,14.841784296265054,15.349463232019929,14.841784296265054,15.324393272399902,31400
2009-05-15,15.462280338687822,15.568830352028973,15.199039199577829,15.26171588897705,28200
2009-05-18,15.669114344853357,16.828629045464215,15.575099897875948,16.2269344329834,53000
2009-05-19,16.289607010864163,16.85369474556579,16.101578164449705,16.490171432495117,97400
2009-05-20,16.878766152031737,17.10440172751834,16.358551727238503,16.421228408813477,133100
2009-05-21,16.245732577402425,16.25200036458024,15.857138140585162,15.982491493225098,71800
2009-05-22,16.295876271018017,16.33348180460741,15.963690670513024,16.27707290649414,33700
2009-05-26,16.082777261848335,16.778486251831055,15.969959458558332,16.778486251831055,29400
2009-05-27,17.173344691568875,17.223485796832765,16.703271381423058,16.74714469909668,115000
2009-05-28,17.11066984906558,17.142008790383187,16.772217651044066,17.1169376373291,107300
2009-05-29,17.662222673253268,17.662222673253268,17.223487073090304,17.467926025390625,116900
2009-06-01,17.95053337254845,18.157365592159632,17.862786732549253,18.01947784423828,282700
2009-06-02,17.975605706519573,18.1260290401796,17.681025632075936,18.03828239440918,115600
2009-06-03,17.749970385941065,17.749970385941065,16.953979186846645,17.154544830322266,87100
2009-06-04,17.154544422317404,17.79384328630254,17.14200884574987,17.73743438720703,92900
2009-06-05,18.132294267690785,18.132294267690785,17.380176510153852,17.574474334716797,164900
2009-06-08,17.461658985714905,17.524334478031502,17.104403419493423,17.367643356323242,64500
2009-06-09,17.83771373955753,17.83771373955753,17.486726020333208,17.68102264404297,162400
2009-06-10,18.01321309010638,18.01321309010638,17.292434094034697,17.593280792236328,112300
2009-06-11,18.019481116327746,18.339131185672407,17.549407695901802,18.176172256469727,413900
2009-06-12,17.83144991565439,18.088423256550694,17.59954653229368,18.07588768005371,196300
2009-06-15,17.837718230228685,17.837718230228685,17.079333710833755,17.267362594604492,94000
2009-06-16,17.561940088541522,17.561940088541522,16.922640065811965,16.997852325439453,111300
2009-06-17,16.88503475953337,17.185881411149964,16.458834738680697,17.05426025390625,99700
2009-06-18,17.060528055052476,17.210951380976617,16.828625875882963,16.99158477783203,30600
2009-06-19,17.248558525546372,17.45539075311866,17.23602294921875,17.23602294921875,39600
2009-06-22,17.204684238959043,17.204684238959043,16.22066307067871,16.22066307067871,57400
2009-06-23,17.167075687730883,17.167075687730883,16.233196921192672,16.697002410888672,62700
2009-06-24,17.091866506123992,17.304966510617746,16.791019862882802,17.035457611083984,212400
2009-06-25,17.110668094470547,17.580741406906093,16.985315928429355,17.561939239501953,186300
2009-06-26,17.674759875228204,17.73743537062402,17.543138704888417,17.649688720703125,43000
2009-06-29,17.630880847650694,17.630880847650694,17.38017534378246,17.47418975830078,45600
2009-06-30,18.10095685166409,18.10095685166409,17.204684689295686,17.39271354675293,70000
2009-07-01,17.818915377477342,17.8941264499251,17.712365361960984,17.79384422302246,69200
2009-07-02,17.492993826206224,17.593276031805498,17.348838305089537,17.536867141723633,120000
2009-07-06,17.380177194448283,17.706094981910244,17.142007239277323,17.699827194213867,77000
2009-07-07,17.674757345142684,17.712362876088747,17.173345085542632,17.185880661010742,37600
2009-07-08,17.1733463271466,17.279896335412396,16.69700518404411,17.010387420654297,41400
2009-07-09,17.14827489055083,17.424050374247855,16.953977059883705,17.192148208618164,73600
2009-07-10,16.88503497442683,17.273628272179252,16.728343858616707,17.129472732543945,92800
2009-07-13,17.073062097872768,17.593276501607377,16.903835423108223,17.574474334716797,43700
2009-07-14,17.7875738310466,17.850250512552094,17.505530557459274,17.699827194213867,61700
2009-07-15,18.069621418638597,18.5961037214145,18.063353629860494,18.451948165893555,219600
2009-07-16,18.57730190077469,18.853078652664408,18.44568191185872,18.74652862548828,272400
2009-07-17,18.840541399495542,18.90948588020475,18.65251251905394,18.740259170532227,366900
2009-07-20,19.335683330122325,19.523712185077063,19.222865538966158,19.4108943939209,387700
2009-07-21,19.73681192722297,19.73681192722297,19.21032970585212,19.498641967773438,288100
2009-07-22,19.11631532437003,19.655333122620235,19.11631532437003,19.304344177246094,244800
2009-07-23,19.492375727091567,20.00632241363687,19.492375727091567,19.90604019165039,156800
2009-07-24,19.9248418577197,20.545337306194302,19.774417342107224,20.043926239013672,216000
2009-07-27,20.88379009162226,20.88379009162226,20.106603556862314,20.488927841186523,74200
2009-07-28,20.382380441550076,20.551607131958008,20.068998212850197,20.551607131958008,65000
2009-07-29,20.445055078545852,20.445055078545852,19.9875173306293,20.09406852722168,127500
2009-07-30,20.651888796279618,21.04048208000111,20.651888796279618,20.883790969848633,339400
2009-07-31,20.93393600659136,21.416542584880077,20.902595867734743,21.247318267822266,201600
2009-08-03,21.85527696706595,22.312814755139062,21.85527696706595,22.168659210205078,251200
2009-08-04,22.124784869113547,22.64500051642087,22.093447124425357,22.41936492919922,431600
2009-08-05,22.50084445711446,22.626195432964728,21.899148774816783,22.607393264770508,309500
2009-08-06,22.67007084974835,23.591415431158044,21.8302087138286,22.030773162841797,234000
2009-08-07,22.2814764374235,23.315638769620037,22.193729794142186,22.488309860229492,327100
2009-08-10,22.513380993168866,22.569789897064812,22.243874442240426,22.5384521484375,170000
2009-08-11,22.256404435598327,22.33788448307211,21.91168446832457,22.093446731567383,217300
2009-08-12,22.16866008510575,22.475775747505992,22.09971560634752,22.388029098510742,159300
2009-08-13,23.41592198323578,23.41592198323578,22.312815129943008,22.494577407836914,171700
2009-08-14,22.532182356454395,22.70140904411914,21.82393786161676,21.949291229248047,117400
2009-08-17,21.02168077964022,21.335063012881427,20.169280722677463,21.228511810302734,381800
2009-08-18,21.59203657630916,22.14358998208952,21.31625867796062,22.118518829345703,144600
2009-08-19,21.961827140050683,22.645000493598065,21.780064873759027,22.500844955444336,218700
2009-08-20,22.42563331457652,22.77035570645529,22.40056455137185,22.75782012939453,288200
2009-08-21,22.989721192281824,23.89226117782912,22.95211446295691,23.359512329101562,254200
2009-08-24,23.704232320769297,23.810783525099602,23.27176569251705,23.328174591064453,541100
2009-08-25,23.478595375869777,23.553808830217147,22.90197323803952,22.945846557617188,145900
2009-08-26,22.883171949689253,23.127612124881182,22.726480817111245,23.102540969848633,298600
2009-08-27,23.03985882076048,23.096267713691716,22.40682781423568,23.002254486083984,163300
2009-08-28,23.014793445011854,23.108806686441806,22.757820092969702,22.88317108154297,130700
2009-08-31,22.519648095581434,22.56352141817677,22.31281466827477,22.44443702697754,90300
2009-09-01,22.438172172081416,22.7703590354649,21.686054174894686,21.798871994018555,287500
2009-09-02,21.485480759957955,22.04330063870936,21.37893197004643,21.836469650268555,166600
2009-09-03,22.15611931725024,22.43816375931264,22.04330154042528,22.40682601928711,88600
2009-09-04,22.563522629864387,23.121342667889333,22.475775979961618,23.083738327026367,86800
2009-09-08,23.591414881236265,23.754374986583866,23.403386013533996,23.748106002807617,447300
2009-09-09,24.030150473168288,24.086559372508084,23.672894907655163,23.829586029052734,624700
2009-09-10,23.829585455366452,24.2244477412389,23.610216456140996,24.19310760498047,122800
2009-09-11,24.274588178632314,24.274588178632314,23.923599206859066,24.023883819580078,490700
2009-09-14,24.650646253804773,24.650646253804773,23.81704841175345,24.456348419189453,292400
2009-09-15,24.594237299454235,24.85747721256682,24.136697161282548,24.744659423828125,559800
2009-09-16,25.045506950284018,25.177126911500604,24.8950848205841,25.058042526245117,402600
2009-09-17,25.00790175810422,25.13325273159522,24.544095027071215,24.60050392150879,299900
2009-09-18,24.876278907220286,24.932687800516696,24.62557457439352,24.69451904296875,196700
2009-09-21,24.47515103521494,24.68825104159566,24.44381329123002,24.587968826293945,140600
2009-09-22,24.926419723967985,25.13325072646037,24.68198199787863,25.032968521118164,194500
2009-09-23,25.03297297688482,25.20219967681827,24.44381521449624,24.50649070739746,323800
2009-09-24,24.788534796779363,24.788534796779363,24.09909482261613,24.262052536010742,200900
2009-09-25,24.25578585086321,24.613041413140966,24.25578585086321,24.569168090820312,147100
2009-09-28,24.58797205542942,24.945227643792403,24.58797205542942,24.888818740844727,108800
2009-09-29,24.976563969319827,25.039241852867857,24.65691513143362,24.84494400024414,168700
2009-09-30,25.07057427436925,25.246067529196626,24.71331878223279,25.170856475830078,301500
2009-10-01,25.189662124205377,25.33381765930422,24.443813297150506,24.556631088256836,230000
2009-10-02,24.07402348333817,25.064312505354152,23.929867940433958,24.920154571533203,633900
2009-10-05,25.108180014237167,25.766282085010065,24.97029109602937,25.70987319946289,870100
2009-10-06,26.1298055477067,26.59361223037054,26.029523344822127,26.2676944732666,1140100
2009-10-07,26.418124616448722,26.693900135562938,26.32410898513508,26.60615348815918,1159800
2009-10-08,26.938336310587953,27.201578628107278,26.65629182428749,27.157705307006836,1023800
2009-10-09,27.23918863752277,27.370808628230535,27.0260885802695,27.30186653137207,680900
2009-10-12,27.608973969137313,27.859680709361605,27.314396298927942,27.652847290039062,679900
2009-10-13,27.590175505991716,27.934895526910882,27.40841321446301,27.90982437133789,403100
2009-10-14,28.61179635107858,28.868769664244372,28.47390741540838,28.793556213378906,894700
2009-10-15,28.624330004356285,28.824896819034276,28.49271004955967,28.79982566833496,513300
2009-10-16,28.517785044146514,28.781024989221624,28.329756170390457,28.605531692504883,618500
2009-10-19,28.793559090588285,28.943983616433968,28.530319159004243,28.737150192260742,849300
2009-10-20,27.916089553543465,28.273345103591243,26.83805391990221,27.847145080566406,1390300
2009-10-21,27.77193531663399,28.83743303321758,27.715526417092303,28.26081085205078,665400
2009-10-22,28.329756170390457,28.630602846583518,27.941162845839024,28.605531692504883,364500
2009-10-23,29.06933895936304,29.10067670702044,28.3234876541657,28.62433433532715,396600
2009-10-26,28.787295124911164,28.95652183533703,27.8283461567482,28.08531951904297,631900
2009-10-27,27.94116039998045,27.94116039998045,26.963406994754024,27.15143585205078,787000
2009-10-28,26.819247904764907,26.95086784834388,24.945221390748976,25.208463668823242,1596200
2009-10-29,25.96057972279442,27.095024122285455,25.785086459792023,27.0135440826416,843900
2009-10-30,27.408411007782956,27.4209465845602,25.52811752769883,25.941781997680664,645100
2009-11-02,26.067134323322804,27.107563244708473,25.678541022566318,26.286500930786133,446000
2009-11-03,25.828963981255022,26.900730682105667,25.553188467216,26.650026321411133,488600
2009-11-04,27.339464141459242,28.517781955448715,27.038617497850215,27.533761978149414,493200
2009-11-05,27.809538201492167,28.44257164001465,27.72179156033063,28.44257164001465,527000
2009-11-06,28.198134392642977,28.467640913525845,27.891018752132997,28.317218780517578,426200
2009-11-09,28.80609732113756,29.432861853229763,28.80609732113756,29.30750846862793,526200
2009-11-10,29.19468927771329,29.39525371077709,28.730882531930362,29.182153701782227,462100
2009-11-11,29.483003791703087,29.483003791703087,28.843703690119572,29.000394821166992,398300
2009-11-12,28.950251307913184,29.14454916306366,28.1229223616544,28.310951232910156,333700
2009-11-13,28.27334295803228,29.000389579034135,28.135454022542046,28.98785400390625,272600
2009-11-16,29.708635344717976,29.877859639126036,29.382717549750122,29.658493041992188,460300
2009-11-17,29.727440796507686,29.871596346393023,29.332578487133244,29.846525192260742,281900
2009-11-18,30.034553195098173,30.141104401610825,29.238564397283625,29.56447982788086,358600
2009-11-19,29.388979926430796,29.388979926430796,28.630595638364095,29.21975326538086,394300
2009-11-20,28.956519617315134,29.025464093050225,28.423768371763735,28.918912887573242,397200
2009-11-23,29.608355506756237,29.739975475601284,29.47673314699441,29.677297592163086,334500
2009-11-24,29.721167567332277,29.721167567332277,29.20095434343411,29.683563232421875,677400
2009-11-25,29.88412807491748,30.084692500312908,29.602083604543736,29.990676879882812,274100
2009-11-27,28.97532118502057,29.61462123185636,28.636867797122196,29.351381301879883,342800
2009-11-30,29.43912924737006,29.890398060278564,29.33257803939272,29.765047073364258,470600
2009-12-01,30.31659971730206,30.83054644182656,30.31659971730206,30.648786544799805,283800
2009-12-02,30.937091780530853,31.19406509399414,30.711456209506206,31.19406509399414,268200
2009-12-03,31.507449794272546,31.676676485936635,30.6863874882542,30.86188316345215,389100
2009-12-04,31.576395764890176,31.63907125770058,30.3980778509036,30.77413558959961,512400
2009-12-07,30.58611385269708,31.074991896104624,30.498367185933954,30.724002838134766,323300
2009-12-08,30.535967000976818,30.548502577803045,29.890397944468663,30.147371292114258,378000
2009-12-09,30.047084776294035,30.235116010910964,29.68982925598822,30.210044860839844,345800
2009-12-10,30.398080802163744,30.561038533841955,30.084698525852776,30.448223114013672,264300
2009-12-11,30.636250014792743,30.655052185058594,30.159907646778326,30.655052185058594,398200
2009-12-14,30.949629352061734,31.049911568883893,30.5923738052005,30.761600494384766,363800
2009-12-15,30.37927298677492,30.460750642018482,30.01574846615012,30.172439575195312,373400
2009-12-16,30.460749672805083,30.567300866842142,30.116029722057426,30.197509765625,238900
2009-12-17,29.752504909519523,29.77757366680227,28.862498275784123,28.950244903564453,497400
2009-12-18,29.04426756686855,29.457932048940403,28.900112016092272,29.301240921020508,384400
2009-12-21,29.401523147252565,29.65849650140452,29.15708537024423,29.301240921020508,326000
2009-12-22,29.451663002425235,29.70236735166261,29.326309632348213,29.508071899414062,256600
2009-12-23,29.831445797559603,30.249111260635438,29.48339164733673,30.008636474609375,349200
2009-12-24,30.21747135709169,30.432632506248368,30.071921522962462,30.28708267211914,151500
2009-12-28,30.818652964202048,30.818652964202048,30.53388053854716,30.692087173461914,274600
2009-12-29,30.93888964836913,31.002173751804623,30.692087680074994,30.736385345458984,249500
2009-12-30,30.919907941600602,31.236321240365992,30.72373082731098,31.07178497314453,283000
2009-12-31,31.16670934492746,31.3755432769432,30.926234566435898,31.267961502075195,533500
2010-01-04,32.021025576113345,32.06532324579475,31.660314600683613,32.0273551940918,435700
2010-01-05,31.970395232425272,32.00203607477803,31.337568729203966,31.67296600341797,733300
2010-01-06,31.691961184891255,32.014701728410316,31.5210976921898,31.88813591003418,232700
2010-01-07,31.894463654190783,32.0210270510864,31.41984367370605,31.419843673706055,1411500
2010-01-08,31.80586084457119,32.05899242623839,31.578045317920715,31.913442611694336,1269200
2010-01-11,32.255171747404454,32.27415577242426,31.805863038253808,32.071651458740234,516400
2010-01-12,31.67297538541665,31.91977740853268,31.48312786102295,31.641334533691406,555500
2010-01-13,31.869150139402556,31.951418278954474,31.419843802078038,31.50210952758789,526400
2010-01-14,31.57804638434705,31.660312099231678,31.198348999023438,31.198348999023438,487700
2010-01-15,31.32491542121975,31.45148121886132,30.73638651412197,30.900922775268555,482100
2010-01-19,30.843969920645826,31.350230723983806,30.843969920645826,31.160383224487305,520700
2010-01-20,30.62880783454808,30.76170083870026,29.9326971391018,30.413646697998047,674400
2010-01-21,30.350363887404235,30.40731837933726,28.83158145926022,28.84423828125,1290400
2010-01-22,28.616413614225852,29.008765347889003,28.198748242509236,28.711336135864258,1069400
2010-01-25,28.8505637000415,29.078381653676935,28.287348433577137,28.45821189880371,466300
2010-01-26,28.318987432608836,28.318987432608836,27.43935893547391,27.559595108032227,990500
2010-01-27,27.312801054332258,27.521635030027987,26.888808311981325,27.24951934814453,915100
2010-01-28,27.6228842132139,27.6228842132139,26.578719276038413,26.844505310058594,543800
2010-01-29,27.091307782639568,27.129275833887622,26.148395080628358,26.47113800048828,766800
2010-02-01,26.686294971159572,27.806398276019408,26.686294971159572,27.629207611083984,636100
2010-02-02,28.11648882372377,28.654390521532758,27.869686811457477,28.635406494140625,903200
2010-02-03,28.565791815511194,28.76829613068564,28.35063067888311,28.35696029663086,497900
2010-02-04,27.907649143409856,27.907649143409856,26.45214860012383,26.483789443969727,573900
2010-02-05,26.3255895183017,26.559737133312368,25.458617623008333,26.521766662597656,1106800
2010-02-08,26.597699400624542,26.800203705607263,26.028156948126288,26.104095458984375,483200
2010-02-09,27.186232507935138,27.686166144543865,26.990057789955035,27.515302658081055,470700
2010-02-10,27.743115442539434,27.80639713054042,27.18622741477245,27.363420486450195,415100
2010-02-11,27.730460938519496,28.35696032384548,27.553270266082265,28.262035369873047,543100
2010-02-12,27.84436434669689,28.078509461862527,27.60388961504383,27.825380325317383,240800
2010-02-16,28.534149086160983,29.17963245345502,28.36328562887359,28.82524871826172,394200
2010-02-17,29.249247376452622,29.249247376452622,28.654388804037758,29.034086227416992,355200
2010-02-18,28.977128007035482,29.553000065074723,28.77462370623322,29.356822967529297,339300
2010-02-19,29.110025430222166,29.58464541006274,28.926505125313714,29.477066040039062,488100
2010-02-22,29.774492733215446,29.812463200420662,29.002445879045666,29.078384399414062,861000
2010-02-23,28.74297685615497,28.89485626979894,28.13546402966187,28.388595581054688,735100
2010-02-24,28.723995684195746,28.844234269353876,28.160780461218046,28.205078125,328100
2010-02-25,27.584914263293136,28.160786428528322,27.401393952141603,28.040550231933594,628900
2010-02-26,28.426565845473718,28.667040596685883,27.983589216979695,28.546804428100586,231100
2010-03-01,28.958144654159167,29.350498891048414,28.92017660248997,29.331512451171875,296100
2010-03-02,29.730190316253758,29.901053770340702,29.565656479378358,29.584640502929688,342300
2010-03-03,29.901056554678483,30.192156208433342,29.426436609366124,29.641597747802734,582000
2010-03-04,29.7998079263773,29.86941924618276,29.236592577467203,29.534019470214844,320700
2010-03-05,29.844100815180237,29.856757636210347,29.609955661227612,29.7175350189209,492800
2010-03-08,29.761830812824837,29.951680702288954,29.451747166244473,29.571983337402344,288400
2010-03-09,29.299874844881668,29.95168796780231,29.287218021577733,29.799808502197266,642600
2010-03-10,30.04660672612048,30.21747019807736,29.863086432458438,30.12254524230957,336800
2010-03-11,30.027622198380428,30.28708100389219,29.88839957599397,30.0782470703125,397100
2010-03-12,30.457945199194313,30.457945199194313,29.901057110412562,30.008636474609375,200300
2010-03-15,29.970665404030406,29.970665404030406,29.401120550829162,29.64792251586914,363700
2010-03-16,29.67323719148967,29.844100653407327,29.39479437246187,29.685894012451172,529900
2010-03-17,29.920040795116627,29.94535443841867,29.33784148342101,29.52768898010254,444800
2010-03-18,29.268228576707617,29.489716908428157,28.951815294797264,29.122678756713867,446600
2010-03-19,28.71133613586426,29.401117081552155,28.70500893337159,28.711336135864258,277900
2010-03-22,28.47719559879603,28.970799550015123,28.116484647667953,28.91384506225586,224000
2010-03-23,29.22393052039598,29.407450800825096,29.046739857384,29.255571365356445,382100
2010-03-24,28.945492621117594,29.198621837833887,28.57212479347209,28.635406494140625,257800
2010-03-25,28.91384082296356,28.926497642170098,28.28101434688524,28.337968826293945,356600
2010-03-26,28.477195279299412,28.527822562980433,27.95827769177774,28.2873477935791,792500
2010-03-29,28.55946688117291,28.75564159418788,28.30000805586114,28.742984771728516,330900
2010-03-30,28.80626473642006,28.92017370811133,28.534149127828886,28.679698944091797,253100
2010-03-31,28.52782562523974,28.920177459716797,28.52782562523974,28.920177459716797,220200
2010-04-01,29.356824161715792,29.540344446171165,29.179633494816418,29.426435470581055,298000
2010-04-05,29.60362583669028,29.704877990181398,29.173303580842596,29.26822853088379,598500
2010-04-06,29.122679764952583,29.35682492574075,29.065725275675263,29.211275100708008,377700
2010-04-07,29.07838201426794,29.2239318388862,28.698684615486457,28.939159393310547,515800
2010-04-08,28.6733713159373,29.11002075825614,28.603760010486106,28.958141326904297,287700
2010-04-09,29.129006121120874,29.331510429539062,29.015097145880425,29.154319763183594,298000
2010-04-12,29.192286904553374,29.420104829111388,29.15431644577987,29.29353904724121,212800
2010-04-13,29.2112750237603,29.553001958524057,28.977129863588914,29.451749801635742,431700
2010-04-14,29.81879180591424,29.894732743893467,29.590973820060864,29.86941909790039,233000
2010-04-15,29.74917604837012,30.059262130420212,29.553001356295177,29.698551177978516,241500
2010-04-16,29.559329774724766,29.67956837317503,28.913846355920136,29.20494842529297,509200
2010-04-19,28.907522095125078,29.268233099115125,28.75564263416194,29.14799690246582,273100
2010-04-20,29.375809084265008,29.46440683446475,29.110023075791354,29.337841033935547,374500
2010-04-21,29.211275686341523,29.33784148883319,28.799937431754074,29.015098571777344,1072900
2010-04-22,28.983456802006828,29.344167758497992,28.74931164397824,29.198617935180664,302600
2010-04-23,29.129009867216443,29.35682784699556,29.034087318336535,29.29987335205078,185800
2010-04-26,29.52769072996314,29.6479269217104,29.293545550648144,29.496049880981445,222300
2010-04-27,29.116347027917605,29.236585611311483,28.33164349754401,28.527820587158203,434600
2010-04-28,28.768295103365734,28.97712902883044,28.35695928399981,28.831579208374023,310900
2010-04-29,29.110024569042416,29.534017246416578,29.027756432372062,29.470735549926758,217700
2010-04-30,29.470733668537086,29.57831544255222,29.211274867025306,29.375808715820312,449900
2010-05-03,29.768162893536164,30.07824656577864,29.578315402402144,30.03394889831543,398000
2010-05-04,29.40112190648679,29.53401490701409,28.52782297670014,28.622745513916016,416800
2010-05-05,28.021561699626552,28.407586320471122,27.293812541842644,28.059532165527344,816700
2010-05-06,27.6355344517227,28.097499960453998,23.730995772666645,26.49011993408203,722300
2010-05-07,26.43949472310075,26.793878490134123,25.338377784817407,26.009172439575195,627300
2010-05-10,27.471000636137784,28.205079342845668,27.471000636137784,28.179765701293945,349900
2010-05-11,27.553271502173526,28.116486805437493,27.489987392005574,27.673507690429688,291200
2010-05-12,27.894997096061815,28.23672161815393,27.882340274644793,28.0848445892334,206800
2010-05-13,28.06586118753987,28.255711115299984,27.882343292236328,27.882343292236328,125400
2010-05-14,27.527956883915905,27.5342840876878,26.585044195138977,27.021696090698242,795200
2010-05-17,26.91411584280619,26.91411584280619,25.718073896513147,26.642000198364258,353000
2010-05-18,27.160920763507967,27.167250382361914,25.711749457407766,25.81300163269043,257300
2010-05-19,25.313063966650024,25.389002482618242,24.477733048873922,25.091575622558594,652800
2010-05-20,24.186634784177574,24.69289560982933,23.32599017354858,24.117023468017578,862900
2010-05-21,23.724672154645518,25.363693273599562,23.718342536286226,25.268768310546875,383500
2010-05-24,25.439634260369775,25.730733968006536,25.13587772883024,25.218143463134766,337600
2010-05-25,24.224599131263684,24.96500743691529,23.952483526473276,24.952350616455078,367900
2010-05-26,25.281424632444832,25.8699535980128,25.059933861056585,25.224470138549805,235100
2010-05-27,26.262302736031135,26.93309977135589,26.104096093042994,26.83817481994629,137000
2010-05-28,26.844498181024033,27.09762973918907,26.502773715755115,26.983720779418945,274500
2010-06-01,26.730596092102424,27.154588746573726,26.420510002351502,26.496448516845703,268400
2010-06-02,26.6166856725592,27.29380989074707,26.55340156887144,27.29380989074707,130800
2010-06-03,27.300136153145434,27.52795409048577,26.28128505228539,26.869813919067383,161600
2010-06-04,26.52176244978648,26.86348938981098,26.05979932599419,26.186365127563477,401300
2010-06-07,26.331918592704877,26.44582758845172,25.838314553830028,25.882612228393555,207100
2010-06-08,26.053471755595158,26.762239334464628,26.028160524525727,26.63567352294922,604200
2010-06-09,27.028027535249176,27.15459335692262,26.439498516403578,26.521766662597656,234900
2010-06-10,27.0280186899375,27.698815635449137,27.0280186899375,27.527952194213867,279700
2010-06-11,27.36341729743215,27.825380325317383,27.274819564897903,27.825380325317383,326800
2010-06-14,28.135470132371797,28.1860974192482,27.622882129978706,27.648193359375,201600
2010-06-15,27.970934107501236,28.515165328979492,27.920306824553624,28.515165328979492,296500
2010-06-16,28.325312669792222,28.736650854483454,28.255703783589823,28.508832931518555,275200
2010-06-17,28.825251398172384,28.8568922456395,28.318990596572764,28.610090255737305,226000
2010-06-18,28.80626398585597,29.015095485820936,28.723995860879885,28.894859313964844,227000
2010-06-21,29.432762444881558,29.578314679034566,28.888533627351517,29.027753829956055,356500
2010-06-22,29.046742609681797,29.50870574919431,28.73032930201224,28.799938201904297,277200
2010-06-23,28.78728067044787,28.920173665879723,28.388599270110618,28.82524871826172,301900
2010-06-24,28.78095136619817,28.825249031823994,28.26203378540277,28.36961555480957,186700
2010-06-25,28.426566101734544,28.989783731974324,28.413911695699127,28.945486068725586,217600
2010-06-28,29.027753507129272,29.0783807904528,28.692356204256978,28.9644718170166,179400
2010-06-29,28.24937586449146,28.255705481643915,27.711474280530883,27.913978576660156,337100
2010-06-30,27.926634240930724,28.306329176945642,27.521625665437067,27.603891372680664,263300
2010-07-01,27.76210109224303,27.913980531999762,27.217869853007276,27.768430709838867,578200
2010-07-02,28.287346231536475,28.38859837926556,27.90764886702119,28.300003051757812,179900
2010-07-06,28.597429676269996,28.863218070961683,28.10382576132464,28.413911819458008,197100
2010-07-07,28.312662221921155,29.11002264971316,28.312662221921155,29.053068161010742,559600
2010-07-08,29.129005087470848,29.242914058669214,28.736653305588536,29.160648345947266,116600
2010-07-09,29.211276334773444,29.61628498050365,29.034085655776966,29.603628158569336,292400
2010-07-12,29.312528785575285,29.413780948007382,28.78095432929627,28.875879287719727,176300
2010-07-13,29.287213083766954,29.489717394403403,29.26190185546875,29.26190185546875,240600
2010-07-14,29.10369773681215,29.521363215489835,29.02142959909082,29.38846778869629,223800
2010-07-15,29.540344446171165,29.641596600691063,29.154319852675997,29.426435470581055,305800
2010-07-16,29.28721393286272,29.33784121901052,28.755639498520164,28.80626678466797,343100
2010-07-19,29.091038440761682,29.236588263404307,28.863220487393466,29.072052001953125,161800
2010-07-20,28.913843506963346,29.711206292702425,28.88853228024212,29.584640502929688,129400
2010-07-21,29.6985534287869,29.951685042054773,29.4644082556414,29.711210250854492,344900
2010-07-22,29.9263720889439,30.69209173639945,29.9263720889439,30.571855545043945,275900
2010-07-23,30.559199130176825,30.83764198368029,30.350365179517684,30.812328338623047,175000
2010-07-26,30.818657358997488,30.85662541180467,30.53388489273354,30.590839385986328,312100
2010-07-27,30.90092166524381,31.116080375251194,30.49591064453125,30.49591064453125,221200
2010-07-28,30.483255249895624,30.730059644295864,30.05926259933975,30.400989532470703,259200
2010-07-29,30.881941411446018,30.88827103009126,30.451619077173195,30.780689239501953,151600
2010-07-30,30.755371098616248,31.362886455544505,30.66677576286721,31.267961502075195,253300
2010-08-02,31.894462585449222,32.191889455038,31.736255930588943,31.89446258544922,424200
2010-08-03,31.80585955410246,31.80585955410246,31.4641350709708,31.521089553833008,336100
2010-08-04,31.60335916690513,31.957742927833205,31.400854850386764,31.793209075927734,228800
2010-08-05,31.91977515933055,32.052670589679785,31.748911675203306,31.995716094970703,263500
2010-08-06,31.862821079661824,31.98305968897058,31.653989539036374,31.818523406982422,515400
2010-08-09,31.995715442448596,32.07165396249798,31.86914963300493,31.875476837158203,250500
2010-08-10,31.679302658194185,31.679302658194185,31.369216540548674,31.45148468017578,362500
2010-08-11,31.16037939783226,31.16037939783226,30.489582407010552,30.502239227294922,358700
2010-08-12,30.325047122274285,30.894591982985144,30.217467767496515,30.736385345458984,213700
2010-08-13,30.616151883305665,31.046474168636838,30.616151883305665,30.888267517089844,136500
2010-08-16,30.964204231115527,31.698282954992667,30.945220206528585,31.628671646118164,281700
2010-08-17,31.856486843540953,32.24251140371803,31.831173203585372,32.229854583740234,341900
2010-08-18,32.2615018711246,32.634869685906715,32.07165436161754,32.57791519165039,370600
2010-08-19,32.48931997612133,32.48931997612133,32.05267046113097,32.28681564331055,703900
2010-08-20,32.21720152547505,32.48931715166608,32.014697210268956,32.37540817260742,533300
2010-08-23,32.615885094160866,32.90698476463175,32.22353084539539,32.26150131225586,286700
2010-08-24,31.837508093137842,32.1539214028584,31.641330972055982,31.89446258544922,364000
2010-08-25,31.679299912557873,31.995713207039522,31.50843644385276,31.812192916870117,313700
2010-08-26,32.23618487488269,32.25517131368903,31.641328763189772,31.78687858581543,244400
2010-08-27,32.17923062052113,32.69814822288713,31.900787794435566,32.65385055541992,204800
2010-08-30,32.653845787224476,32.653845787224476,32.166571516238186,32.17922592163086,149200
2010-08-31,32.41338303901621,32.8500325753476,32.356428541751924,32.596900939941406,215700
2010-09-01,32.93229286510752,33.47019444451157,32.93229286510752,33.223392486572266,469100
2010-09-02,33.37527726320595,33.79294273912584,33.28035230384334,33.773956298828125,459400
2010-09-03,33.982786143700864,34.109351936233196,33.43222772233317,33.47019577026367,394500
2010-09-07,33.40058665446862,33.60309097018627,33.103159798656876,33.16011428833008,419700
2010-09-08,33.52082575724824,33.799268592049906,33.50816893556972,33.67270278930664,325100
2010-09-09,34.11567858490857,34.23591475813662,33.900517465314074,34.22958755493164,355500
2010-09-10,34.39412860419948,34.52702403978527,34.28021961029291,34.45741271972656,619600
2010-09-13,34.69788358075262,34.90671510311386,34.64092909028284,34.74850845336914,555400
2010-09-14,34.80545906696743,35.12819953431917,34.74850458284163,34.98897933959961,393900
2010-09-15,34.93202768229345,35.001638992307235,34.653582442238324,34.80546188354492,264500
2010-09-16,34.92569314106588,35.185151905604954,34.92569314106588,35.10288619995117,324100
2010-09-17,35.16617142530718,35.19781227021022,34.7928036617512,34.84975814819336,314500
2010-09-20,35.00796646449547,35.20414357476278,34.9320279502805,35.05859375,334600
2010-09-21,34.98898456012886,34.98898456012886,34.621943960100225,34.94468688964844,480100
2010-09-22,35.10921585729154,35.29906333490305,34.64725277662158,35.00163650512695,361500
2010-09-23,34.89405682523098,35.2294541361994,34.67889569399571,34.9383544921875,442900
2010-09-24,35.134532290886945,35.292738937145955,34.78014853421169,34.96366882324219,319300
2010-09-27,35.071244288239726,35.254764556884766,34.96999214244273,35.254764556884766,318900
2010-09-28,35.457274041730415,35.457274041730415,35.083906246785865,35.356021881103516,476700
2010-09-29,35.3053921827236,35.41297153254377,35.08390145196895,35.26742172241211,664200
2010-09-30,35.41297525999745,35.58383872832131,35.07757794108869,35.55852508544922,269200
2010-10-01,35.938220503243365,36.51409256957525,35.938220503243365,36.362213134765625,332300
2010-10-04,36.51409256957525,36.57737425922159,36.15338162769933,36.362213134765625,294600
2010-10-05,36.54573821722218,37.39372600575058,36.45081325623596,37.38106918334961,543800
2010-10-06,37.24817632927501,37.35575569908248,36.893792542651134,36.99504470825195,795200
2010-10-07,37.37473449926821,37.39371852204931,36.4824492179328,36.70393753051758,1019700
2010-10-08,36.71659515097603,37.7797439026476,36.71659515097603,37.71013259887695,401700
2010-10-11,37.956940787498446,38.12147706233742,37.83037497932431,37.849361419677734,329000
2010-10-12,37.8493599352547,38.0898323059082,37.27981502782921,38.0898323059082,414900
2010-10-13,38.52648517843951,39.33017527295675,38.28601038767607,39.203609466552734,592900
2010-10-14,39.16564054073655,39.20993821261381,38.64039568245955,38.82391357421875,437300
2010-10-15,39.178294609065034,39.26688994659135,38.412575004396835,38.716331481933594,376100
2010-10-18,38.59609270127368,38.83023785099317,38.12779998779297,38.12779998779297,331600
2010-10-19,37.68481923894504,37.68481923894504,36.431823003876524,36.59635925292969,1078600
2010-10-20,36.85581882945091,37.79240182093974,36.830505188427566,37.50762939453125,539600
2010-10-21,37.55193096432272,37.84303062423763,36.74824088356832,37.26715850830078,616300
2010-10-22,37.46333154463219,37.520286029632445,36.81151856873118,36.91277313232422,318300
2010-10-25,37.56459049086647,37.627872190520215,37.17856584646916,37.46966552734375,398100
2010-10-26,37.33044424573575,37.754436932274146,37.178564791218655,37.52661895751953,357400
2010-10-27,37.48231480978552,37.59622377748094,36.89378594803974,37.08363342285156,290800
2010-10-28,37.53294863811916,37.53294863811916,37.05832866127212,37.38106918334961,415600
2010-10-29,37.57724364871573,38.013893127441406,37.51395954119195,38.013893127441406,316900
2010-11-01,38.286005872203546,38.399914843128485,38.01389026544307,38.342960357666016,436500
2010-11-02,38.75429803120106,39.20993149444856,38.54546411609632,39.102352142333984,520600
2010-11-03,39.032742170266886,39.298528165067715,38.60241991902978,39.25423049926758,786900
2010-11-04,39.671895965081426,40.36167700835244,39.595957454219416,40.33003616333008,700100
2010-11-05,40.083230086332044,40.18448222845626,39.61493742023163,40.17182540893555,571200
2010-11-08,39.646586659363784,39.697211531045255,39.36181421227471,39.671897888183594,461600
2010-11-09,39.67822899483632,39.760497130202886,38.336637255369354,38.50117111206055,501600
2010-11-10,38.57710733350802,38.68468910628333,37.653181115752034,38.07084655761719,632600
2010-11-11,37.969594722271864,38.210069498111295,37.71013592156468,38.13412857055664,339800
2010-11-12,37.66583678812307,37.96959324439321,37.14058958950228,37.2924690246582,509800
2010-11-15,37.43802007941664,38.12780114270949,37.40637923347586,37.779747009277344,310800
2010-11-16,37.324109762177926,37.336766582907984,36.13439516801121,36.45713806152344,771000
2010-11-17,36.79253589778098,37.1722332830897,36.65331328176361,36.9697265625,370000
2010-11-18,37.63419675050589,38.19741200946572,37.63419675050589,38.058189392089844,381900
2010-11-19,37.880998996345944,38.33030528321665,37.74177637797516,38.31132125854492,235300
2010-11-22,38.089832040706234,38.19741381760063,37.31145561533882,37.88100051879883,262800
2010-11-23,37.03301333045518,37.10895184736165,36.197682402358154,36.381202697753906,955600
2010-11-24,37.08363327898272,37.71013259887695,37.05832205273653,37.71013259887695,407800
2010-11-26,37.083636130518634,37.45067670079041,37.05832490232614,37.330440521240234,175400
2010-11-29,37.216533291682076,37.286142190030205,36.47612491285582,37.25450134277344,619200
2010-11-30,36.63432581998657,37.33043642071511,36.63432581998657,36.98237991333008,461800
2010-12-01,37.76709322230427,38.06452250893503,37.59622974364673,37.994911193847656,429400
2010-12-02,38.12148094619672,38.44422149658203,38.04554000513009,38.44422149658203,310300
2010-12-03,38.31131941182582,38.72898483276367,38.083501470579414,38.72898483276367,214300
2010-12-06,38.11514618224491,38.65305024566492,38.00123720006382,38.39358901977539,322100
2010-12-07,38.81125360763596,38.81125360763596,37.5898981686889,37.67849349975586,951400
2010-12-08,37.81771380923728,38.10248624137858,37.15324641026874,37.2924690246582,342600
2010-12-09,37.457002008401545,37.46333162566063,36.36221238462144,36.57737350463867,764600
2010-12-10,36.69128413286313,36.83683395385742,36.38752766982611,36.83683395385742,274400
2010-12-13,36.91909886883318,37.38106193368639,36.91909886883318,37.2481689453125,349000
2010-12-14,37.305125845424676,37.425362021643565,37.14691920690637,37.2924690246582,250100
2010-12-15,37.216539207984766,37.216539207984766,36.482460330338704,36.54574203491211,482400
2010-12-16,36.64066139864908,36.79253843200025,36.381202587135746,36.67230224609375,341900
2010-12-17,36.3242470977177,36.58370590209961,36.23564934764913,36.58370590209961,248700
2010-12-20,36.64698909113925,36.70394358291579,36.2672940886569,36.29893493652344,441700
2010-12-21,36.609019197820494,36.88746445710145,36.60269199376501,36.61534881591797,552600
2010-12-22,36.61534573887903,36.77355238143275,36.2989324537716,36.450809478759766,385400
2010-12-23,36.5891274602793,36.98045626542021,36.21804148650585,36.9062385559082,398200
2010-12-27,36.676828425034756,36.90622737869439,36.50140433317315,36.899478912353516,313000
2010-12-28,36.80502576124158,37.02767885130749,36.67008472851552,36.83876037597656,221900
2010-12-29,37.068158282869724,37.70238034612605,36.95346008134484,37.62141418457031,295100
2010-12-30,37.86431351951978,38.59299364623084,37.83732736851255,38.518775939941406,541600
2010-12-31,38.56600155863755,38.97757056760167,38.478289497599405,38.916847229003906,251700
2011-01-03,39.23396141036793,39.71299968982868,39.03829701775897,39.58480453491211,462500
2011-01-04,39.4970942464425,39.571311950683594,38.82913748205906,39.571311950683594,519200
2011-01-05,39.11251857979045,39.281194264438454,38.99781777586073,39.105770111083984,359500
2011-01-06,38.943829741445526,39.024793322069975,38.49177772090523,38.77515411376953,748000
2011-01-07,38.82913131721346,38.8831087567412,38.282623897817956,38.43780517578125,239900
2011-01-10,38.03299073589757,38.633475731158185,38.03299073589757,38.61323547363281,501500
2011-01-11,38.80215233310567,39.031551361083984,38.69420000075038,39.031551361083984,571100
2011-01-12,39.15299976763711,39.665775299072266,39.1057707810295,39.665775299072266,789300
2011-01-13,39.67251130936257,39.80745234052836,39.200218987175354,39.281185150146484,313600
2011-01-14,39.01805700893218,39.186732678020526,38.82913850937845,38.9978141784668,168200
2011-01-18,38.86961440624235,39.294677734375,38.86961440624235,39.294677734375,273300
2011-01-19,39.31492519802965,39.34191392275002,38.734680485474016,38.896610260009766,233100
2011-01-20,38.68070274576813,38.775160701508966,38.134192692685204,38.22190475463867,354500
2011-01-21,38.69419434533005,38.69419434533005,37.70912913483869,37.817081451416016,327900
2011-01-24,37.85756471925006,38.444555282629764,37.7833470186576,38.22190475463867,203900
2011-01-25,38.05323264306783,38.154436502023465,37.29081788476018,37.58094024658203,795000
2011-01-26,38.161179495564255,38.161179495564255,37.27731817428075,37.45273971557617,342400
2011-01-27,37.39202402537332,37.39202402537332,36.049367035279666,36.12358474731445,785500
2011-01-28,36.029121910538635,36.0561080599899,34.77417459164098,34.922607421875,1451900
2011-01-31,35.26670732628107,35.374659645805,35.03055985784438,35.19248962402344,550600
2011-02-01,35.6985221155505,36.53515465136087,35.59731567434095,36.305755615234375,551200
2011-02-02,36.30574602982897,36.37321525696437,35.52309115564254,35.57032012939453,289100
2011-02-03,35.44887621992002,35.51634545230543,35.017066955566406,35.017066955566406,316200
2011-02-04,34.895620754156,35.08453666644061,34.27489299784242,34.4233283996582,595100
2011-02-07,34.26814416768713,34.814651602477895,34.187178006114685,34.60549545288086,630300
2011-02-08,34.63248905387377,35.293697357177734,34.63248905387377,35.293697357177734,326800
2011-02-09,34.90236691170544,34.91586127322578,34.274893256834424,34.4503173828125,335300
2011-02-10,34.21416874534402,34.436821842126164,33.90380616236242,34.10621643066406,502700
2011-02-11,33.978024699131794,34.936101193817706,33.978024699131794,34.767425537109375,332600
2011-02-14,34.66622496008084,35.41514535837475,34.57851288965175,35.361167907714844,155800
2011-02-15,35.29369772936188,35.644543427959235,35.29369772936188,35.55683135986328,148400
2011-02-16,35.7457457465543,36.103337324025475,35.62429906481196,36.0426139831543,173400
2011-02-17,35.8739406544068,36.22478636071668,35.81996577778263,36.218040466308594,346500
2011-02-18,36.13707644965702,36.43394470214844,36.01562976141361,36.43394470214844,237000
2011-02-22,35.617551609309295,35.644540331576884,34.8416425737266,34.99007797241211,255300
2011-02-23,35.0103204144493,35.19249044045705,34.49079906037974,34.76068115234375,290200
2011-02-24,34.89562204976914,35.05080335116257,34.62573995895407,35.00357437133789,372900
2011-02-25,35.286947842208065,35.421888886055065,34.996825498762234,35.219478607177734,214900
2011-02-28,35.448884551674595,35.685029494312275,34.94285746849084,35.273460388183594,242400
2011-03-01,35.50960057025378,35.577069804561404,34.86863254918617,34.922607421875,237400
2011-03-02,35.003569870584634,35.76598191760161,35.003569870584634,35.57032012939453,297800
2011-03-03,36.06286139872114,36.20454835417665,35.6647866854509,36.12358474731445,126400
2011-03-04,36.26526750008585,36.400208545076,35.68502280827866,35.82670974731445,171000
2011-03-07,35.813221753210684,36.089849766542095,34.969843349909226,35.11153030395508,250500
2011-03-08,35.32743052393045,35.59731003475511,34.88212688597277,35.43538284301758,270300
2011-03-09,35.44212762183434,35.961648945403965,35.320680944959044,35.70526123046875,323200
2011-03-10,35.320677308684736,35.570319104220054,35.08453244673074,35.11826705932617,239500
2011-03-11,35.00357013389437,35.66477834518209,35.00357013389437,35.56357192993164,169200
2011-03-14,35.307192565183385,35.61755518102503,35.08453944482755,35.44213104248047,186400
2011-03-15,34.25466032650652,35.33418374111712,34.07923616301552,35.273460388183594,451800
2011-03-16,35.39489691480892,35.63779025668916,34.659470995798685,34.861881256103516,327800
2011-03-17,35.199237339738566,35.36791300858635,34.6189952008828,34.69995880126953,134000
2011-03-18,35.199233413198264,35.23971649576889,34.98332878706058,35.04405212402344,125100
2011-03-21,35.4353845062794,35.46237323076455,35.18574523925781,35.18574523925781,153400
2011-03-22,35.280204876487865,35.624302121760884,34.99682840351019,35.51634979248047,131200
2011-03-23,35.57707178025581,36.03586980562762,35.4826138174651,35.92791748046875,151600
2011-03-24,36.24502669091974,36.29900156382011,35.92791562610121,36.28550720214844,147600
2011-03-25,36.440687909436654,36.50141124908078,36.12357942354959,36.13032531738281,198700
2011-03-28,36.2180454309054,36.29900904383302,35.7659932300036,35.81322479248047,88900
2011-03-29,35.93466183352537,36.45418318037848,35.83345798078443,36.44743728637695,408600
2011-03-30,36.77129007852352,37.688885985866754,36.77129007852352,37.62141418457031,358900
2011-03-31,37.93178346779488,38.262386322021484,37.783348062509106,38.262386322021484,208100
2011-04-01,38.815637490717826,39.37564185147656,38.383828263706086,39.314918518066406,280900
2011-04-04,39.47010465853359,39.908662406476274,39.27444027414155,39.86817932128906,283800
2011-04-05,39.739984258766945,40.12456453572779,39.47684808219559,39.935646057128906,226800
2011-04-06,40.03686061100123,40.13806705130471,39.051795230365705,39.105770111083984,430700
2011-04-07,39.449867152204334,39.97613442738352,39.17998504638672,39.17998504638672,452400
2011-04-08,39.91540891251692,39.92890327445291,39.5443229675293,39.5443229675293,164200
2011-04-11,39.78046549058478,39.9423952503572,39.368896484375,39.368896484375,188800
2011-04-12,39.146248890843026,39.33516481323201,38.505280845012166,38.60648727416992,221700
2011-04-13,39.20022904958917,39.227217777507356,38.46480294343248,38.91010665893555,346800
2011-04-14,38.76166501908218,39.39588453871699,38.65371270565953,39.112510681152344,281200
2011-04-15,39.42962541280361,39.618543921620216,39.05179354274356,39.38914489746094,94300
2011-04-18,39.05853343385376,39.05853343385376,38.09370850175821,38.491783142089844,194800
2011-04-19,38.889862524156996,39.43637262799511,38.78191019702945,39.42287826538086,214700
2011-04-20,39.77371815397664,40.14480406333427,39.72648917862855,40.02335739135742,176200
2011-04-21,40.27299683935093,40.39444351196289,40.009863239953724,40.39444351196289,123200
2011-04-25,40.313488710883945,40.407946682668424,39.85469064182785,40.09083557128906,113600
2011-04-26,40.21227256788493,40.549623856453714,40.11106872558594,40.11106872558594,284000
2011-04-27,40.28649132054114,40.75878365169051,39.6725120621828,40.18528747558594,268000
2011-04-28,39.68601641090496,39.69951077505241,38.79540896746777,39.09902572631836,449500
2011-04-29,39.402637223225895,39.638782129803765,39.227213086522525,39.375648498535156,221000
2011-05-02,39.55106969580834,39.652276125569756,39.06528552479823,39.07877731323242,133000
2011-05-03,38.97757024110497,39.065282301408395,38.05997427610789,38.27587890625,274000
2011-05-04,38.83588365163431,38.83588365163431,37.44599533081055,37.44599533081055,196000
2011-05-05,37.607922780894036,37.92503124196387,37.135630462155845,37.40550994873047,228100
2011-05-06,38.01949477599473,38.45805254505822,37.89804808837058,38.38383483886719,173900
2011-05-09,38.13419288183895,38.66046010859762,38.120698520411,38.59299087524414,230000
2011-05-10,38.82239495220257,39.186735037075536,38.63347644127588,39.139503479003906,147700
2011-05-11,38.75492248893532,38.842634561336766,37.82383460819347,38.13419723510742,437400
2011-05-12,37.857564651514814,38.64696548632481,37.58768257234991,38.566001892089844,200000
2011-05-13,38.58624195773016,38.592990425258584,37.49997290020173,37.715877532958984,175500
2011-05-16,37.71587931063711,38.10720551078432,37.37852798433011,37.70238494873047,167300
2011-05-17,37.46623790455602,38.100460052490234,37.28406787741234,38.100460052490234,175600
2011-05-18,37.95877377184597,38.37034284151941,37.823835287312114,37.945281982421875,169900
2011-05-19,38.215149482807114,38.215149482807114,37.16936111450195,37.16936111450195,93100
2011-05-20,37.290813112219034,37.39201695822243,36.93322155685859,37.162620544433594,116700
2011-05-23,36.53514882994263,36.6296067873346,36.09659108629554,36.39345932006836,180100
2011-05-24,36.744307270968186,37.0141893720118,36.629609050985856,36.91298294067383,74100
2011-05-25,36.92647302375007,37.06815995217416,36.82526917792693,37.027679443359375,120400
2011-05-26,37.29756103329903,37.655155181884766,37.10189922420832,37.655155181884766,162800
2011-05-27,37.87780576360161,38.23539733886719,37.58093752883267,38.23539733886719,201200
2011-05-31,38.51202358293904,39.206966400146484,38.50527511597984,39.206966400146484,516400
2011-06-01,38.97082137444884,39.05178754026239,38.39732518909355,38.491783142089844,158300
2011-06-02,38.43781167074376,38.78865736559968,38.275881898584714,38.70769119262695,129200
2011-06-03,38.32985576539157,39.112510681152344,38.27587832178716,39.112510681152344,75800
2011-06-06,39.132758051712194,39.132758051712194,38.28263375064112,38.30961990356445,118000
2011-06-07,38.646963647974594,39.13949623130353,38.59298877898083,38.95732879638672,437600
2011-06-08,38.930341265387945,39.02479921935491,38.619978681271846,38.75491714477539,160400
2011-06-09,38.680695909520615,38.92358664973271,38.59298386306897,38.748165130615234,93400
2011-06-10,38.73467848347613,39.03829518642173,37.89804607689118,38.370338439941406,115000
2011-06-13,38.23539797900876,38.71443881707408,38.05323052825529,38.52552032470703,212700
2011-06-14,38.788656520455454,38.896608841613904,38.39732774763961,38.52552032470703,115900
2011-06-15,38.22190190070789,38.309611382326054,37.277317266256645,37.64840316772461,414000
2011-06-16,37.445992838797615,37.73611515137947,37.122135912289366,37.51346206665039,612600
2011-06-17,37.722624618452265,37.756359235801426,37.236837892508134,37.547203063964844,217900
2011-06-20,37.29081908390661,37.61467607579449,37.189612647910025,37.41226577758789,153200
2011-06-21,37.61467444977487,37.8440734641689,37.39202132972193,37.796844482421875,118500
2011-06-22,37.58768410359297,37.898046705625745,37.50672050605972,37.56744384765625,93300
2011-06-23,37.10864650000158,37.398768851268144,36.69707746337756,37.3785285949707,296300
2011-06-24,37.351537442012386,40.03010766609219,37.034426387111104,37.101898193359375,136200
2011-06-27,37.14238111842612,37.52696143079596,37.01418853889832,37.3785285949707,324800
2011-06-28,37.44599233999604,38.10045465135164,37.35153439274596,38.00599670410156,218700
2011-06-29,38.03973409117381,38.262384615385145,37.85756407657207,37.89804458618164,472800
2011-06-30,38.19491504602347,38.55250660460823,38.04647964867,38.28262710571289,360000
2011-07-01,38.52551338484682,38.97081695113318,38.343345966908394,38.84937286376953,269100
2011-07-05,39.1799852661237,39.1799852661237,38.43106486337676,38.45805358886719,171500
2011-07-06,38.309609119151,38.525513724478905,37.74285888671875,37.74285888671875,871000
2011-07-07,38.22865178373195,38.43106206258578,37.864311737523245,37.91828918457031,135300
2011-07-08,37.580930054480596,37.89803848175096,37.10863778608239,37.16936111450195,158800
2011-07-11,36.4339440160822,36.66334302580158,35.96165163444977,36.008880615234375,200400
2011-07-12,35.86044833783491,36.15057069505632,35.536588787710095,35.58382034301758,644200
2011-07-13,35.995385897873824,36.58237906546728,35.853698956918045,36.35972595214844,189500
2011-07-14,36.58913221098902,36.58913221098902,35.65804163457756,35.72551345825195,256700
2011-07-15,36.150570285937796,36.150570285937796,35.65803507201582,35.765987396240234,133700
2011-07-18,35.46237203752101,35.52984127267724,35.04405454343605,35.320682525634766,325100
2011-07-19,35.577067076474414,35.759237083679565,35.40839142985328,35.64453887939453,206100
2011-07-20,35.79296973132392,35.92116486293441,35.550076401731374,35.73224639892578,230200
2011-07-21,36.18430073180418,36.70382203652987,36.015625083794,36.62960433959961,207900
2011-07-22,36.83202158493305,37.378531714654414,36.54189920945232,36.81852722167969,196100
2011-07-25,36.75105745416954,37.108649067021865,36.60262203428975,36.79828643798828,159300
2011-07-26,37.16262472347843,37.20985370501495,36.63635488469275,36.8117790222168,119600
2011-07-27,36.27875999877683,36.41370103683674,35.408393005765916,35.70526123046875,267400
2011-07-28,35.52984106949663,35.94141009344055,35.39490002616948,35.42863464355469,121000
2011-07-29,35.52983974510984,36.00887798596787,35.2464658810934,35.84020233154297,188200
2011-08-01,36.6430996884467,36.6430996884467,35.47586448159383,35.57706832885742,153400
2011-08-02,35.45561863099914,35.57706529639272,34.77417018521162,34.8011589050293,218500
2011-08-03,34.74718777454475,34.82815137491261,33.60019271188987,34.08597946166992,330900
2011-08-04,33.26284330035833,33.26284330035833,31.468134183265015,31.4951229095459,408300
2011-08-05,32.04162702936862,32.14957934047286,30.456074403654092,31.825719833374023,348200
2011-08-08,30.213184608003633,30.44933208575171,28.431969978731647,28.755826950073242,795500
2011-08-09,29.531737716690643,30.901383384692092,28.728842424032305,30.739456176757812,428300
2011-08-10,30.13895845551411,30.61799917095012,29.450764192915866,29.592451095581055,276600
2011-08-11,30.260409950530466,31.60306922904517,30.024265074960947,31.211740493774414,519700
2011-08-12,31.711031483460612,31.879707182840722,31.380425980209353,31.731271743774414,207000
2011-08-15,32.43295491191614,33.073922919120406,32.43295491191614,32.92548751831055,178400
2011-08-16,32.62187036873786,32.79054602229656,32.23054419085051,32.52741241455078,123900
2011-08-17,32.98620569068676,33.26958208659369,32.682589042852854,33.202110290527344,138100
2011-08-18,31.960662711610397,32.08885785792863,31.47487857047759,31.947168350219727,256100
2011-08-19,31.731262007486425,32.41271306520915,31.731262007486425,31.87295150756836,88300
2011-08-22,32.56789826024305,32.648861860158085,31.724519920917672,31.839218139648438,148200
2011-08-23,32.0551190988169,32.621869380557605,31.61656395712071,32.588134765625,135800
2011-08-24,32.5274139462089,32.64886062839277,31.953917726618894,32.041629791259766,134200
2011-08-25,32.21030433540477,32.23054459047118,31.636805561922756,31.832469940185547,77100
2011-08-26,31.724514500233056,32.25078167043854,31.35342860909365,32.122589111328125,91900
2011-08-29,32.66910386411091,33.77561846647219,32.66910386411091,33.70140075683594,192800
2011-08-30,33.66091061152575,34.47055420561745,33.58669291744766,34.2006721496582,115400
2011-08-31,34.45031326875741,35.06429248878672,34.45031326875741,34.8011589050293,356300
2011-09-01,35.28694126366117,36.1033306947458,34.956338470345976,35.259952545166016,476000
2011-09-02,34.618989018928374,34.94284593643023,34.072479022889375,34.558265686035156,203500
2011-09-06,33.04693560125455,33.79585595712368,32.48018527036329,33.741878509521484,187500
2011-09-07,34.13321084136806,35.11153030395508,33.849834359489726,35.11153030395508,604600
2011-09-08,34.544772769990416,34.77417175119927,34.247901986198904,34.382843017578125,164600
2011-09-09,33.809347658235936,33.809347658235936,32.4734368206538,32.6151237487793,544100
2011-09-12,32.17656588463354,32.4599423133924,31.14427173610984,31.86620330810547,614600
2011-09-13,32.169819448565704,32.169819448565704,31.380416085995684,31.589574813842773,348000
2011-09-14,31.697530236164884,31.886446154839444,30.840657560512426,31.420902252197266,95300
2011-09-15,32.0551203360372,32.26427907475002,31.63680543239779,31.8189754486084,113900
2011-09-16,31.960661388554165,31.980904216695322,31.481623161054014,31.623310089111328,136000
2011-09-19,30.678726785841995,30.712461399699507,30.051253187705232,30.5775203704834,128300
2011-09-20,30.516800295012217,30.516800295012217,29.61269864863425,29.68691635131836,725100
2011-09-21,29.36980650113207,29.673423218419448,28.364500960741747,28.42522430419922,197100
2011-09-22,26.77894805137538,27.399675846275024,26.036776143733682,26.448345184326172,700200
2011-09-23,26.522563697122262,27.541363627580242,26.47533471467771,27.467145919799805,231000
2011-09-26,27.656065470742387,27.946185270837702,26.839673228026015,27.932693481445312,222700
2011-09-27,28.978482597185533,28.98522849197958,28.2363080542949,28.29703140258789,189800
2011-09-28,28.276779333230667,28.391480087112193,27.325448989868164,27.325448989868164,174200
2011-09-29,27.844979283914228,27.973171863657427,26.994852484983575,27.426664352416992,152200
2011-09-30,26.981360911447144,27.042084254711387,26.313404135540473,26.448345184326172,190200
2011-10-03,26.38087406165727,26.522563582163297,25.456532100094844,25.611713409423828,302100
2011-10-04,25.4902628615901,25.77363928592459,24.862789251048845,25.733156204223633,410200
2011-10-05,26.084002081047306,26.650752360785066,25.73990489189294,26.61701774597168,267200
2011-10-06,26.81943238756431,27.74377436806038,26.81943238756431,27.60883331298828,657900
2011-10-07,28.14184409648033,28.324014102597452,27.440152793018694,27.568347930908203,215300
2011-10-10,28.25654433524531,28.843534850131757,28.25654433524531,28.62763023376465,151700
2011-10-11,28.4252210894826,29.12016393973496,28.4252210894826,28.836790084838867,134500
2011-10-12,29.147156115848336,30.071498061241247,29.147156115848336,29.6329402923584,96400
2011-10-13,29.31582904948552,29.322574943149558,28.674861052380937,29.228116989135742,136600
2011-10-14,29.6666716445949,29.997274449403537,29.45751292966478,29.909564971923828,56500
2011-10-17,29.511498405564865,29.511498405564865,28.74908360354654,28.823301315307617,92300
2011-10-18,29.066191032024598,29.673421865119252,28.465703519092827,29.45077133178711,153800
2011-10-19,29.417037339171866,29.545232502222138,29.0796859817328,29.16065216064453,160300
2011-10-20,29.0189585220944,29.039201350846973,28.283532564144792,28.74233055114746,315000
2011-10-21,29.153905774770866,29.47776279219255,29.045953435630302,29.275352478027344,91600
2011-10-24,29.288837012112182,30.28739645746875,29.26859675962481,30.226673126220703,167100
2011-10-25,30.11872329844842,30.17944663468667,29.57896173954518,29.64643096923828,116000
2011-10-26,30.118728380486612,30.213186347509637,29.54523210996879,30.091739654541016,78100
2011-10-27,31.204996422868472,32.23054472226899,31.17126180635776,32.0686149597168,257500
2011-10-28,31.81897230352061,32.76355690744257,31.77848922376876,32.70957946777344,208900
2011-10-31,32.26427792947769,32.26427792947769,31.387165069580078,31.387165069580078,140700
2011-11-01,29.869082893841107,30.429084685030514,29.511491357614304,30.07149314880371,225100
2011-11-02,30.766437726611148,31.11728338970201,30.462823613704643,30.914873123168945,93700
2011-11-03,31.016077592299993,31.016077592299993,30.38185553692886,30.435832977294922,111300
2011-11-04,30.307645797729492,30.510058678440593,29.950054169703478,30.307645797729492,72700
2011-11-07,30.52354720564289,30.685474390705515,30.273905386843182,30.46282386779785,64900
2011-11-08,30.685474134755157,31.070054413303833,30.408846169943196,30.914873123168945,153800
2011-11-09,30.111974272385535,30.111974272385535,28.789555373413766,29.214618682861328,341400
2011-11-10,29.87583328030567,29.950050985504244,29.221373443289835,29.40354347229004,159000
2011-11-11,29.89607506206123,30.45607691783505,29.80836299774015,30.42234230041504,197800
2011-11-14,30.19294608994372,30.314392782912343,29.896077825901852,30.091739654541016,166000
2011-11-15,29.848846812622757,30.41559715000757,29.75438627823663,30.111980438232422,56800
2011-11-16,29.754387943292055,30.199691620886,29.666678445704875,29.82860565185547,96100
2011-11-17,29.7476351535072,30.078240531261567,29.018955173372323,29.17413902282715,94600
2011-11-18,29.36306023796987,29.36306023796987,28.742332448893535,28.77606964111328,107100
2011-11-21,28.337510675834896,28.344256569720315,27.757265997809615,28.074377059936523,180500
2011-11-22,28.0743729552087,28.168830898511732,27.534611440772842,27.790996551513672,62100
2011-11-23,27.365935962874424,27.494128518976655,26.73171392772902,26.859909057617188,144400
2011-11-25,26.65750220382341,26.92738430988865,26.50232089366117,26.630516052246094,67600
2011-11-28,27.554859161376953,27.716788946488073,27.318714239117632,27.554859161376953,109000
2011-11-29,27.50762835053834,27.66955555111158,27.2579890816125,27.43341064453125,72200
2011-11-30,28.735589425822464,29.444026778851338,28.71534916749745,29.295591354370117,369100
2011-12-01,29.46426390662678,29.781374980221496,29.423783394277763,29.498001098632812,490800
2011-12-02,29.93655189490761,30.118721895134552,29.64642958792981,29.700407028198242,85900
2011-12-05,30.280651147867758,30.341374480285523,29.88257654063707,30.159204483032227,148400
2011-12-06,30.004026412963867,30.179447962153677,29.67342099583899,30.004026412963867,132200
2011-12-07,29.923061500571226,30.031013821629102,29.68691660256536,29.936555862426758,179400
2011-12-08,29.44402369253503,29.592459101457283,28.87052746062223,28.985225677490234,328500
2011-12-09,29.099930113960713,29.673426417724613,29.0459526589404,29.58571434020996,115300
2011-12-12,29.066189267194915,29.066189267194915,28.39823256018258,28.728837966918945,106600
2011-12-13,28.84353354253132,28.884016621434647,28.000155368773093,28.18232536315918,196600
2011-12-14,27.973170718144395,28.14184637742957,27.656062228862957,27.696542739868164,303400
2011-12-15,28.26329760034148,28.377998405458367,28.02715266890483,28.121610641479492,135100
2011-12-16,28.425225954560823,28.600647527074884,28.067631767311,28.398237228393555,99100
2011-12-19,28.317274308157657,28.317274308157657,27.37943792836193,27.46040153503418,91000
2011-12-20,28.013657654116564,28.303780033874574,27.986668927211944,28.087875366210938,236800
2011-12-21,28.067629453354424,28.067629453354424,27.669554783458434,28.000160217285156,215400
2011-12-22,27.925940155814217,28.344255046459345,27.71678399738473,28.08112144470215,878800
2011-12-23,27.813300261523576,28.14422798156738,27.659379913817038,28.144227981567383,346600
2011-12-27,28.136534951414895,28.144229648151967,27.897958251552915,27.936437606811523,309900
2011-12-28,27.951827918518823,27.967220246668578,27.34384416764232,27.543941497802734,208000
2011-12-29,27.744038977291613,27.882567010257212,27.497767571083163,27.813302993774414,1226000
2011-12-30,27.974914002580554,28.29814701128836,27.951826979025107,28.044178009033203,187900
2012-01-03,28.767604176321043,29.129313618630484,28.767604176321043,28.990785598754883,235200
2012-01-04,29.098531872583646,29.283233941734665,28.967698549130755,29.00617790222168,159400
2012-01-05,28.775301170285687,28.86765221231466,28.42898109294367,28.575206756591797,158900
2012-01-06,28.521332890954973,28.713732593019678,28.336627885226807,28.38280487060547,320000
2012-01-09,28.5828991466486,29.106226568887248,28.5828991466486,29.00617790222168,741900
2012-01-10,29.644948351014477,29.86043509171959,29.56798670377218,29.744997024536133,1295900
2012-01-11,29.56029543020391,29.729608137957747,29.56029543020391,29.706518173217773,126600
2012-01-12,29.891218407700375,30.14518449272343,29.791169738673585,30.114402770996094,273200
2012-01-13,29.698822217341807,29.937398937634573,29.414071441099193,29.922006607055664,199200
2012-01-17,30.406851187281408,30.74547658151709,30.31450014148386,30.44533348083496,269900
2012-01-18,30.499199381510998,31.153357146776795,30.35297373964279,31.053308486938477,215200
2012-01-19,31.184146662766825,31.438112764056445,31.068705657589085,31.399633407592773,274100
2012-01-20,31.345758521939054,31.784429599580758,31.314973865595604,31.753644943237305,126100
2012-01-23,31.607429710676552,31.915270475403275,31.607429710676552,31.815221786499023,323400
2012-01-24,31.438113253217587,31.807523301219494,31.199539477958687,31.79982566833496,821600
2012-01-25,31.53046471084848,32.40780689915027,31.39193668787593,32.369327545166016,359900
2012-01-26,32.36163550571133,32.55403524467012,31.93835666715939,32.11536407470703,324200
2012-01-27,32.130751981983984,32.35393635303446,31.976831624853084,32.21540832519531,263200
2012-01-30,31.715173273733384,32.06149340202755,31.59203755431625,32.03840637207031,161700
2012-01-31,32.46167918928835,32.61559954389197,32.20771016382439,32.26927947998047,971400
2012-02-01,32.754125462963124,33.43906791432309,32.754125462963124,33.39289093017578,221600
2012-02-02,33.5391191690674,34.12401300117435,33.48524454884146,34.047054290771484,305700
2012-02-03,34.24715087397206,34.4934222858433,33.954702471454915,34.23945617675781,284300
2012-02-06,34.03935567825831,34.43954741956213,34.016268652959454,34.108619689941406,116500
2012-02-07,34.23175425333988,34.331802919306405,34.03165985719327,34.26253890991211,182200
2012-02-08,34.32411230801242,34.58577607082486,34.26254591806145,34.36259460449219,334900
2012-02-09,34.23175811767578,34.301022134889116,34.06244542320168,34.23175811767578,383000
2012-02-10,33.693034074467825,33.83156209148025,33.42367567238056,33.800777435302734,160400
2012-02-13,34.3548915707715,35.693994837214404,34.07014082345967,34.52420425415039,314700
2012-02-14,34.19327659580516,34.678124685603784,34.19327659580516,34.47802734375,454800
2012-02-15,34.901307694071164,35.04753335875181,34.70121327896439,34.770477294921875,292700
2012-02-16,34.647347522555435,35.355377197265625,34.570385860660494,35.355377197265625,134400
2012-02-17,35.309197020225234,35.786347498180696,35.309197020225234,35.67860412597656,601800
2012-02-21,35.64781944033838,35.9017884767357,35.57855542457427,35.69399642944336,263600
2012-02-22,35.63242505222385,36.06340145161356,35.401545991609794,35.87869644165039,193500
2012-02-23,35.64012431759469,35.87869808565345,35.60164202590693,35.68629837036133,340500
2012-02-24,35.92487400906024,36.024922680066034,35.70168964134984,35.79404067993164,167100
2012-02-27,35.37075755792898,35.47080621663597,35.23222954919199,35.409236907958984,211700
2012-02-28,35.924874389921264,36.29428148395137,35.70938765235035,36.27119445800781,155200
2012-02-29,36.30967286670124,36.50976726983176,35.63242507740636,35.863304138183594,624400
2012-03-01,35.963357608947206,36.34046237599858,35.88639889034256,36.22502136230469,332500
2012-03-02,36.04801233947672,36.12497105461982,35.79404329508823,35.9787483215332,1507900
2012-03-05,35.82482578722585,35.871002774989016,35.170667940740806,35.34767532348633,705000
2012-03-06,34.68581652977572,34.68581652977572,33.86234607597292,33.94700241088867,589500
2012-03-07,34.33180509758327,34.51650717716271,34.03935671316477,34.45494079589844,225100
2012-03-08,35.07831642681763,35.40154652943052,34.70890640127921,35.37076187133789,227700
2012-03-09,35.20915179305963,35.21684649077632,34.73969596609292,34.7935676574707,196400
2012-03-12,34.470332077151625,34.470332077151625,33.608379279364996,34.108619689941406,444800
2012-03-13,34.10862456672179,34.893615832771104,34.03166584753119,34.83204650878906,157700
2012-03-14,34.64733896763393,34.66273129621233,34.285626585507664,34.58576965332031,460500
2012-03-15,34.63195147541754,34.63964617288806,34.347200696417765,34.50881576538086,440100
2012-03-16,34.67812564809714,34.77817138601422,34.38567725961745,34.431854248046875,205900
2012-03-19,34.27793399282796,34.44724374600835,34.139405962907034,34.37028503417969,83800
2012-03-20,33.93930745896229,34.10092544555664,33.631469686345554,34.10092544555664,655000
2012-03-21,34.177886962890625,34.27793564170989,33.923920853010095,34.177886962890625,145100
2012-03-22,33.93161622196798,33.93161622196798,33.54681676512361,33.623775482177734,147600
2012-03-23,33.66225491818973,34.07014136835885,33.47754990284174,34.01626968383789,297200
2012-03-26,34.23176013339999,34.501121520996094,34.17019374546658,34.501121520996094,163100
2012-03-27,34.408768775230875,34.56268915429085,34.23945900047324,34.301025390625,134800
2012-03-28,34.17788322587884,34.23175490801731,33.54681243301119,33.677642822265625,178300
2012-03-29,33.47755000253583,33.56990104259153,33.13892756514049,33.516029357910156,342200
2012-03-30,33.86235481703434,33.8854418467759,33.56221168724565,33.8084831237793,93500
2012-04-02,33.754605483823326,34.085533218824466,33.477549432586414,34.03935623168945,286200
2012-04-03,34.100925420036134,34.36258914124715,33.823869369837816,34.11631774902344,107000
2012-04-04,33.66225610068588,33.877742846339366,33.477551078849515,33.831565856933594,281900
2012-04-05,33.76230604387077,33.95470578666705,33.669954989348945,33.85466003417969,65700
2012-04-09,33.4082859885474,33.577598675138375,33.17740692051482,33.516029357910156,279100
2012-04-10,33.30824332874222,33.346725626849995,32.78491578097787,32.86187744140625,172700
2012-04-11,33.29284549719016,33.29284549719016,32.5232466347552,32.6002082824707,233000
2012-04-12,32.731044151561825,33.30054869671401,32.731044151561825,33.22358703613281,205100
2012-04-13,33.01579515194,33.01579515194,32.684867378373575,32.70795440673828,81900
2012-04-16,32.92343682095967,33.015790793801465,32.54633504044189,32.746429443359375,353900
2012-04-17,32.93882955328589,33.162013920041225,32.73873514791715,32.7695198059082,342600
2012-04-18,32.50016016460564,32.661775223894374,32.323152775510344,32.53094482421875,191800
2012-04-19,32.49246118205375,32.63868389225012,32.4385895027295,32.55402755737305,333700
2012-04-20,32.70794998818366,33.00039836303941,32.60790131914075,32.80799865722656,106300
2012-04-23,32.200016631019416,32.207711327923754,31.938352899471795,32.09996795654297,184500
2012-04-24,32.33854997056669,32.469380389925405,32.3077653063221,32.4232063293457,186000
2012-04-25,32.70795050469106,32.70795050469106,32.230800048760514,32.31545639038086,219200
2012-04-26,32.18462198703752,32.43859100341797,32.09227095189302,32.43859100341797,109300
2012-04-27,32.6848603256948,32.78490605087879,32.469370676236785,32.623291015625,151100
2012-04-30,32.71564423532855,32.75412652459179,32.31545543622647,32.361629486083984,118000
2012-05-01,32.23079949702943,32.68486291957683,32.20770953602768,32.38471984863281,505600
2012-05-02,32.33854511758304,32.33854511758304,31.976832706458616,32.0922737121582,234000
2012-05-03,32.02300647104587,32.46167755126953,31.95374246175864,32.46167755126953,147000
2012-05-04,32.48476621495359,32.56942255677491,32.14614378345489,32.26927947998047,446600
2012-05-07,32.1076671625968,32.40781026494729,32.02301081356731,32.37702560424805,201000
2012-05-08,32.276979997801995,32.34624402307615,31.71517309759477,31.815221786499023,176300
2012-05-09,31.214930557328834,31.43811199366376,31.00713851457289,31.245712280273438,290900
2012-05-10,31.507376727325042,31.5997307056275,31.39193865812703,31.430418014526367,521800
2012-05-11,31.238017244193635,31.85369573319817,31.176447927399877,31.53816032409668,495200
2012-05-14,30.522289457001317,30.53768178588392,30.191361725491745,30.322195053100586,1253700
2012-05-15,30.114400040534548,30.22983809206502,29.47563166607815,29.50641632080078,662000
2012-05-16,29.883522877877294,29.883522877877294,28.790691052902293,29.083139419555664,1101600
2012-05-17,29.244756813559828,29.30632613181861,28.259671207712707,28.305845260620117,1012900
2012-05-18,28.213499151180383,28.405898900693558,27.1976287086138,27.77482795715332,733800
2012-05-21,27.744042245646746,27.9364419878992,27.567034835068938,27.867177963256836,263300
2012-05-22,27.82099566059955,27.982610691615836,26.812820253037856,27.02830696105957,620400
2012-05-23,27.01291868491988,27.243800690465736,26.397240186966453,27.236103057861328,354000
2012-05-24,27.1899341780952,27.443900322409785,26.851308737959467,27.289979934692383,188400
2012-05-25,27.359237853289823,28.098052026417765,27.359237853289823,28.051877975463867,264100
2012-05-29,28.81378196588656,28.859958957101185,28.31354443876891,28.598295211791992,293400
2012-05-30,27.99801080293531,27.99801080293531,27.697867680232513,27.905656814575195,237000
2012-05-31,27.820999541035693,27.974916962070136,27.497766498132794,27.936437606811523,149700
2012-06-01,27.420808265707336,27.513159307095503,26.966744819851076,27.036008834838867,224700
2012-06-04,27.120663036606512,27.197621742385184,26.735863636140273,26.812822341918945,126100
2012-06-05,27.020616027441434,27.313064411749696,26.905175025907837,27.05909538269043,116600
2012-06-06,27.151444142419606,27.420805478116343,27.1052700943129,27.382326126098633,140500
2012-06-07,27.805603121462553,28.013395132235985,27.71324915948357,27.744033813476562,128000
2012-06-08,27.32076322198353,27.667083342940735,27.128363480983648,27.643993377685547,113200
2012-06-11,27.89796346922449,27.92105049954023,27.174541473388672,27.174541473388672,57500
2012-06-12,27.413111132972926,27.51315980884355,27.15144739777903,27.436201095581055,185500
2012-06-13,27.459290920983484,27.774826374777042,27.359242234916152,27.51316261291504,98000
2012-06-14,27.482379515872882,27.797914987643,27.482379515872882,27.77482795715332,100800
2012-06-15,27.851783918874055,28.159624661862562,27.774825201020377,28.090360641479492,141400
2012-06-18,27.951828231510024,28.267363622647206,27.844084869041687,28.175012588500977,102400
2012-06-19,28.40589187199972,28.875347614376683,28.159620488422703,28.85226058959961,104900
2012-06-20,28.798387767029674,28.844564755248314,28.321237298583647,28.567508697509766,112500
2012-06-21,28.48285039328889,28.50594035370233,27.651685213066234,27.69016456604004,164000
2012-06-22,27.951831276430916,27.959528909323733,27.46698315672023,27.58242416381836,74800
2012-06-25,27.182233990146756,27.236105680418305,26.86669854607614,26.99753189086914,180400
2012-06-26,27.0360110296501,27.0360110296501,26.66660389832192,26.78973960876465,80200
2012-06-27,26.71277592185491,26.805129899498397,26.35106645133798,26.520376205444336,217100
2012-06-28,26.33567702680708,26.589643153874842,26.15866962047815,26.44342041015625,76200
2012-06-29,27.43619846797506,28.15962028503418,27.351542130021944,28.15962028503418,274000
2012-07-02,28.259670524975636,28.47515726210199,28.228885866589984,28.452070236206055,59800
2012-07-03,28.48285359171068,28.76760729442282,28.398200179976914,28.69834327697754,151900
2012-07-05,28.575202079003567,28.675247801580287,28.182705077003106,28.467458724975586,28200
2012-07-06,28.051881114924296,28.051881114924296,27.66708165638154,27.851783752441406,30100
2012-07-09,27.782520988159334,27.821003284382403,27.420811477116033,27.55933952331543,61800
2012-07-10,27.720951593353302,27.897958980799142,27.166839468627753,27.24380111694336,33900
2012-07-11,27.243800879802244,27.45158998897894,26.9359601607928,27.036008834838867,85700
2012-07-12,26.612729019995715,26.797431095637034,26.42032931199385,26.689687728881836,79800
2012-07-13,26.966748794325493,27.06679454733006,26.92057179893231,26.94365882873535,54200
2012-07-16,26.99753259479313,27.03601195516369,26.612733119513553,26.851306915283203,119400
2012-07-17,26.8897818759433,26.982135848666076,26.574246475273476,26.935958862304688,55900
2012-07-18,26.9051757359281,27.2745828404829,26.859001682725438,27.24380111694336,100400
2012-07-19,27.259192542595564,27.64399200549468,27.243803147572088,27.590120315551758,70900
2012-07-20,27.251496988581764,27.32845570442804,27.012920272199377,27.07448959350586,118000
2012-07-23,26.374153085384233,26.589639825105692,26.18944806863252,26.404937744140625,253100
2012-07-24,26.558857112012724,26.558857112012724,26.166362959368413,26.38954734802246,64300
2012-07-25,26.635817183366346,26.681991236355916,26.404938111058435,26.535768508911133,46000
2012-07-26,27.012921161776507,27.174539167634943,26.751257409180614,27.15144920349121,142900
2012-07-27,27.466985036086704,28.090361232653557,27.413113345297997,28.005704879760742,138700
2012-07-30,27.97491547964868,28.021092464984015,27.65168538966072,27.944133758544922,109800
2012-07-31,27.797910429635422,27.93643846143352,27.597816014697454,27.605510711669922,115500
2012-08-01,27.643990196382266,27.99800791027944,27.497767466933183,27.8748722076416,53400
2012-08-02,27.49776501437604,27.767126358225042,27.351542297968727,27.505462646484375,79500
2012-08-03,28.12114278513483,28.28275783962963,28.013399415471625,28.190406799316406,91600
2012-08-06,28.382806826053997,28.86765199489446,28.382806826053997,28.790693283081055,119700
2012-08-07,28.736824465492244,28.898439537901037,28.40589668725312,28.413591384887695,143800
2012-08-08,28.552114638058534,28.883042360773757,28.536725245371453,28.821475982666016,155200
2012-08-09,28.92152449973623,29.160098250371835,28.836868161464324,29.00617790222168,119900
2012-08-10,28.936917813912046,29.306327873849927,28.913830786086,29.275543212890625,38700
2012-08-13,29.11392350108489,29.18318457351166,28.81377750830363,29.167795181274414,54900
2012-08-14,29.229363325711834,29.25245035125066,28.836869212618975,28.898435592651367,58500
2012-08-15,28.85226478912642,28.998487526975126,28.752216107552623,28.967702865600586,245600
2012-08-16,29.25244626657041,29.63724562934752,29.1447029147186,29.62955093383789,206100
2012-08-17,29.668033499823135,29.737297510064664,29.4217621158058,29.729602813720703,158400
2012-08-20,29.637251690328693,29.791172054074334,29.444851969593334,29.775779724121094,80600
2012-08-21,29.83735143725809,30.214453276107037,29.72960805472982,29.752695083618164,175000
2012-08-22,29.752692979573578,29.975877362334455,29.637251971721597,29.952787399291992,66900
2012-08-23,29.821958530089994,29.821958530089994,29.321718051399518,29.414072036743164,104200
2012-08-24,29.352500695931283,29.691126080678764,29.244757322888624,29.5679874420166,168900
2012-08-27,29.491025276431873,29.64494562095499,29.48333058030959,29.621858596801758,412500
2012-08-28,29.55259900697801,29.65264475045749,29.421765667047172,29.521814346313477,79700
2012-08-29,29.552601056124995,29.560295753931257,29.298631991712917,29.444854736328125,57200
2012-08-30,29.54490243014257,29.883527837984527,29.45255138063428,29.837350845336914,72800
2012-08-31,30.022053967353877,30.34528705532745,29.898918251884666,30.16827964782715,155400
2012-09-04,30.23754065447386,30.329891697915173,29.79886952839421,29.868133544921875,161500
2012-09-05,29.99896532416333,29.99896532416333,29.744999209078532,29.922006607055664,439100
2012-09-06,30.114404772186585,30.506898906317886,30.09901244240679,30.491506576538086,65600
2012-09-07,30.645433251825406,31.622824375794778,30.645433251825406,31.507383346557617,746300
2012-09-10,30.930176599365975,31.084096955900005,30.57616183438834,30.614641189575195,302100
2012-09-11,30.65312070703432,31.045614791685686,30.65312070703432,30.976350784301758,138800
2012-09-12,31.168753947469106,31.184146277021515,30.745475160031184,30.845523834228516,126500
2012-09-13,30.807046071016767,31.822916484512994,30.78395904118775,31.815221786499023,248300
2012-09-14,32.02301010285328,32.30776086853443,31.645905357124107,31.769041061401367,312900
2012-09-17,31.568948638241228,31.62282032878091,31.261107890197078,31.29958724975586,399300
2012-09-18,31.26110150503848,31.553549862368413,31.122573490292,31.4458065032959,106700
2012-09-19,31.638213930261944,31.769044345172965,31.407334827850864,31.415029525756836,68800
2012-09-20,31.338068511231402,31.830611343223065,31.22262750057661,31.722867965698242,90300
2012-09-21,31.869091778045824,31.922963468628012,31.599733325134885,31.61512565612793,64800
2012-09-24,31.58433627989989,31.722864302373825,31.422721232275805,31.630510330200195,45800
2012-09-25,31.661294814670388,31.73825645772808,31.238016053105813,31.28419303894043,130300
2012-09-26,30.984047926554563,31.38423967461439,30.783953520417946,31.36115264892578,193200
2012-09-27,31.40733208023674,31.49968312596459,31.25341171349911,31.307283401489258,84900
2012-09-28,31.22262741182267,31.530468148835816,31.091797006853536,31.438114166259766,63600
2012-10-01,31.59203631268187,31.9537487586605,31.59203631268187,31.922964096069336,124400
2012-10-02,31.969143371765583,32.06149443034365,31.56895153687767,31.645910263061523,235900
2012-10-03,31.64590369269915,31.753647061301617,31.445809284692654,31.53816032409668,28500
2012-10-04,31.61512086175178,31.79212823764854,31.53815921845764,31.676687240600586,514100
2012-10-05,31.9537433103112,32.00761499276671,31.599728558236,31.66129493713379,166000
2012-10-08,31.70747730187761,31.94605109728371,31.692084970595438,31.938356399536133,47300
2012-10-09,31.930658665255283,31.930658665255283,31.607425610642476,31.653602600097656,119100
2012-10-10,31.69977929457226,31.745956287874296,31.43042083977781,31.491987228393555,31700
2012-10-11,31.75364592286725,31.838302262530256,31.684381911850835,31.692079544067383,42700
2012-10-12,31.592036850717285,31.799828923065963,31.461206436157227,31.461206436157227,51600
2012-10-15,31.699776745702614,32.07688148788012,31.61512333513603,32.030704498291016,192000
2012-10-16,32.099966228566785,32.26927890921469,31.853694839871572,31.899871826171875,108500
2012-10-17,32.04609511259455,32.29236650564571,32.02300808692931,32.26927947998047,84000
2012-10-18,32.21540890821997,32.21540890821997,32.007616862700694,32.13075256347656,83800
2012-10-19,32.14614182252364,32.14614182252364,31.769037123537682,31.845998764038086,95700
2012-10-22,31.822909058580702,32.05379104614258,31.79212733792069,32.05379104614258,90300
2012-10-23,31.58433757632124,31.58433757632124,31.284194493903446,31.291889190673828,80200
2012-10-24,31.43811199366376,31.515073640491874,31.23801758348395,31.245712280273438,105300
2012-10-25,31.607423990699306,31.653600977787825,31.33036793974135,31.391937255859375,82700
2012-10-26,31.238022445661496,31.3457658322044,31.084102063834305,31.153366088867188,60400
2012-10-31,31.314974608911694,31.538158969019754,31.153359562951987,31.468894958496094,83000
2012-11-01,31.622819669336856,31.85369875766187,31.55355564926066,31.838306427001953,44600
2012-11-02,32.13844393009288,32.25388492201461,31.553550145962507,31.638206481933594,91100
2012-11-05,31.69208092148994,31.799824290912397,31.56124759020079,31.745952606201172,103800
2012-11-06,31.74595363084617,32.184624755245835,31.74595363084617,32.0922737121582,89400
2012-11-07,31.938354693571316,31.97683405182789,31.553555239431905,31.73826026916504,230000
2012-11-08,31.792125115956352,31.907563165882852,31.37654109033402,31.407325744628906,74600
2012-11-09,31.05331950340053,31.345767955099582,30.945576109560694,30.968666076660156,157400
2012-11-12,31.084097813966064,31.084097813966064,30.66851372058811,30.72238540649414,141000
2012-11-13,30.37606923427922,30.514597269827973,30.229843565762874,30.23754119873047,231100
2012-11-14,30.18367064445483,30.206757672650905,29.591079122531326,29.675735473632812,261300
2012-11-15,29.591076821404503,29.783476536841743,29.398677105967266,29.65264320373535,217600
2012-11-16,29.744994285262976,29.744994285262976,29.360194891848376,29.621858596801758,81600
2012-11-19,29.968177693063428,30.152882705918596,29.837347299788732,30.029747009277344,46100
2012-11-20,29.975875402223803,30.07592407343426,29.76038573071001,29.983570098876953,173300
2012-11-21,29.752695492745126,29.752695492745126,29.360201317311127,29.444854736328125,628900
2012-11-23,29.72190924531673,30.006662957346222,29.72190924531673,29.922006607055664,172800
2012-11-26,29.806566320863237,29.84504568035335,29.606471890042464,29.76038932800293,132600
2012-11-27,29.937398457924143,30.029749504130905,29.48333498837623,29.521814346313477,138500
2012-11-28,29.491029233351146,29.567987948045342,29.29862951082887,29.529508590698242,124200
2012-11-29,29.34480542050777,29.806563563242474,29.26014907598952,29.65264320373535,151200
2012-11-30,29.48333811251541,29.52181747453004,29.175497344824077,29.337112426757812,259500
2012-12-03,29.87582964995829,29.891221980555045,29.48333549499512,29.483335494995117,140200
2012-12-04,29.860436348299498,29.98357205328228,29.50642156344734,29.529508590698242,68200
2012-12-05,29.760387262145343,29.998963971682052,29.54490051532944,29.852741241455078,65300
2012-12-06,29.968179682920894,30.437635474970367,29.94509265570101,30.406850814819336,215700
2012-12-07,30.691602280197156,30.699296976780598,30.352976914794308,30.68390464782715,130000
2012-12-10,30.56846653362545,30.714689254760742,30.522289546841723,30.714689254760742,130100
2012-12-11,30.483815100304703,30.70699950201219,30.43763810608649,30.5761661529541,236100
2012-12-12,30.583860233056004,30.960962033435234,30.57616260035383,30.76856231689453,176100
2012-12-13,30.853217356168727,31.022530039010853,30.583858938725857,30.66851234436035,143600
2012-12-14,30.6915997270001,30.90708644284924,30.62233572036483,30.814735412597656,118800
2012-12-17,30.9301741316314,31.16875081201386,30.860910123506578,31.13796615600586,122200
2012-12-18,31.12258383015018,31.507383346557617,31.030232768232846,31.507383346557617,84100
2012-12-19,31.638208108709893,31.984528166495824,31.584336425919474,31.899871826171875,245700
2012-12-20,31.984530981961136,32.40011215209961,31.984530981961136,32.40011215209961,300100
2012-12-21,31.822917254650957,31.969142942539115,31.68438920075016,31.953750610351562,94200
2012-12-24,31.810007962192575,32.200602350804964,31.66939374389222,31.825632095336914,104600
2012-12-26,32.177164504324764,32.67712782251175,32.138105661653555,32.49745178222656,125000
2012-12-27,32.45839228149097,32.645878894509806,32.22403625021639,32.638065338134766,414000
2012-12-28,32.583382882932355,32.895859582945555,32.536513463929445,32.7161865234375,258800
2012-12-31,32.63806703733928,33.317703437417016,32.50526637203597,33.29426574707031,175200
2013-01-02,33.3489470576844,33.63798904418945,33.30988821572385,33.63798904418945,289000
2013-01-03,33.317703992379634,33.75516781948784,33.21614861251573,33.567684173583984,184500
2013-01-04,33.263026170215234,33.51300639016994,33.263026170215234,33.48175811767578,45400
2013-01-07,33.30988926205427,33.63017654418945,33.20052330912987,33.63017654418945,284000
2013-01-08,33.28645266738479,33.29426324358055,32.88023416523899,33.01303482055664,336700
2013-01-09,33.10678411605446,33.23177421216986,32.98960459719673,33.052101135253906,426800
2013-01-10,33.23176956176758,33.26301782642333,32.888044610551354,33.23176956176758,68700
2013-01-11,33.11459575281824,33.14584402284662,32.95054680516782,33.044288635253906,107100
2013-01-14,33.21614506016501,33.23176919231919,33.02084787823554,33.11458969116211,79200
2013-01-15,32.90366775864986,32.94272659830194,32.7161841363205,32.8255500793457,83700
2013-01-16,32.48183012663124,32.63806549489896,32.403709462498746,32.59900665283203,172000
2013-01-17,32.973975267306464,33.0364717955167,32.9036681630692,32.958351135253906,89500
2013-01-18,32.93492110427226,32.9817935070863,32.809931010100414,32.97397994995117,63600
2013-01-22,33.02866309073408,33.02866309073408,32.82555530421538,32.93492126464844,130900
2013-01-23,33.122409310324855,33.20052700539676,32.97398151768957,33.044288635253906,158700
2013-01-24,33.28645877073414,33.552063110068765,33.06772683716414,33.12240982055664,126600
2013-01-25,33.2083381245705,33.32551764908873,33.059913309513284,33.138031005859375,103400
2013-01-28,33.497371143605804,33.528616425737326,33.14583564464106,33.41925048828125,222300
2013-01-29,33.63017335314869,33.95827416078835,33.6223627772518,33.919212341308594,569500
2013-01-30,33.69267359597693,33.82547426085849,33.48956284027732,33.70829772949219,235300
2013-01-31,33.82547053055374,33.989519444374345,33.69266988031755,33.919212341308594,64800
2013-02-01,34.28637903783145,34.50511096789767,34.15357836029098,34.255130767822266,244300
2013-02-04,34.17700898370857,34.19263311684382,33.87234583756787,33.887969970703125,96400
2013-02-05,34.04420576789482,34.18481699556538,33.95827453209726,34.03639221191406,341800
2013-02-06,33.950464939946926,34.01296147509582,33.809850715860726,33.997337341308594,63300
2013-02-07,34.30980881968595,34.39574005986253,33.95046270621897,34.06764221191406,94900
2013-02-08,34.16919864462096,34.16919864462096,33.89578078285179,34.05982971191406,60300
2013-02-11,34.02077082293218,34.18481975177326,33.82547362764554,33.864532470703125,47800
2013-02-12,33.880161792625174,34.08327257562868,33.8098546723546,33.958282470703125,58400
2013-02-13,34.02077470275146,34.29419259533328,34.02077470275146,34.255130767822266,111700
2013-02-14,34.10670045184394,34.43480127400019,34.10670045184394,34.4035530090332,101500
2013-02-15,34.47386406555979,34.47386406555979,34.07545609157364,34.1692008972168,59600
2013-02-19,34.059830578272795,34.17701009058288,33.9426540459615,34.07545471191406,163700
2013-02-20,33.997334415808936,34.05201738935929,33.34113575320606,33.403629302978516,146700
2013-02-21,33.26301832795217,33.26301832795217,32.98960047808962,33.13021469116211,139400
2013-02-22,33.33332533574371,33.544246673583984,33.28645591400065,33.544246673583984,184200
2013-02-25,33.739546056958446,33.739546056958446,33.04428844286955,33.067726135253906,95200
2013-02-26,33.14584455385722,33.39582475809096,33.013040894108556,33.31770706176758,187800
2013-02-27,33.138025374538785,33.56768157142582,33.138025374538785,33.520809173583984,75400
2013-02-28,33.559872156743246,33.606744560369606,33.36457494496518,33.44269561767578,50000
2013-03-01,33.08334336410194,33.30207824707031,33.0442845214286,33.30207824707031,74100
2013-03-04,32.97397845898724,33.41925583559057,32.96616788220418,33.29426574707031,105500
2013-03-05,33.52080911973576,33.71610630709847,33.31770135607792,33.32551193237305,258600
2013-03-06,33.38019598009516,33.56768259719317,33.20052291954218,33.49737548828125,109900
2013-03-07,33.69267191424397,33.88015554707152,33.69267191424397,33.872344970703125,177700
2013-03-08,33.80985024262731,34.15357522113752,33.72391899799976,34.1145133972168,369100
2013-03-11,33.94265499761949,33.94265499761949,33.50518818339511,33.66142654418945,131800
2013-03-12,33.77079214533823,33.82547512403769,33.481753117926964,33.544246673583984,465800
2013-03-13,33.64580166366861,33.70048464173364,33.32551437214536,33.41144561767578,212000
2013-03-14,33.38800856596821,33.64579930448484,32.98960063371714,33.091156005859375,246300
2013-03-15,32.97397674229449,33.06772153880321,32.583382363503986,32.638065338134766,110500
2013-03-18,32.138111143589015,32.60682627559031,32.11467642998866,32.52870559692383,113000
2013-03-19,32.52088923293573,32.65368989304205,32.24747137624839,32.325592041015625,223800
2013-03-20,32.270909523414645,32.34121663270308,32.02873992919922,32.02873992919922,180600
2013-03-21,32.02093450676427,32.02093450676427,31.481912255457953,31.544408798217773,157400
2013-03-22,31.638149213790893,31.69283219625431,31.231930644063322,31.247554779052734,120900
2013-03-25,31.403788600864345,31.45847157540825,31.091311906328936,31.192867279052734,102400
2013-03-26,31.216301292104248,31.403787900644772,31.067876504508636,31.145994186401367,73100
2013-03-27,31.01319379565843,31.54440238105499,30.997569663146937,31.497529983520508,148600
2013-03-28,31.50534439086914,31.622520917872937,31.310047199197495,31.50534439086914,128500
2013-04-01,31.544402867790843,31.70845179169499,31.34129212200594,31.388164520263672,111400
2013-04-02,31.52877975068475,31.583462727080985,31.169433625795563,31.185054779052734,86700
2013-04-03,31.067876447814243,31.231925367488746,30.90382752813974,30.95069694519043,127600
2013-04-04,30.981951607804316,31.028824014532915,30.724160820794914,30.802278518676758,103400
2013-04-05,30.67728763195156,31.42722824049453,30.614791091240107,31.380355834960938,197800
2013-04-08,31.505343905275303,31.62252043047305,31.208491344110186,31.614709854125977,692700
2013-04-09,31.810005438244975,32.13029269229417,31.763133042531024,31.98186492919922,171300
2013-04-10,32.12248215380188,32.544324814858314,32.07561273368366,32.341217041015625,96900
2013-04-11,32.34121857440646,32.34121857440646,32.03655242919922,32.03655242919922,423700
2013-04-12,31.895937710688955,32.028738366198276,31.77094465138811,31.96624183654785,704900
2013-04-15,31.30223501888575,31.427225107850653,30.606977462768555,30.606977462768555,197900
2013-04-16,30.864771575971922,30.942892252574705,30.42730770699276,30.911643981933594,208900
2013-04-17,30.685099138800496,30.786654530532545,30.25544583839452,30.380435943603516,133900
2013-04-18,30.075767722595216,30.286689048639232,29.98202590435299,30.232006072998047,138700
2013-04-19,30.544479404582738,30.80227312646219,30.489796429638364,30.731966018676758,82300
2013-04-22,30.653848334470123,30.84133196856551,30.5913518031059,30.731966018676758,60500
2013-04-23,30.825711673216976,31.075691869796614,30.825711673216976,30.919456481933594,126500
2013-04-24,30.935074042572296,31.12256065822366,30.919452889600123,31.0835018157959,142100
2013-04-25,31.17724115059076,31.481904269261282,31.13036875541129,31.427221298217773,118600
2013-04-26,31.411597897264286,31.44284616144424,31.013192958964577,31.04444122314453,104100
2013-04-29,31.325671398974045,31.36473322510658,30.98975995822703,31.067880630493164,141400
2013-04-30,31.091316056980403,31.364733946199483,31.067881344761258,31.31005096435547,78600
2013-05-01,31.270987526129993,31.270987526129993,30.755403023880497,30.864768981933594,81900
2013-05-02,31.263173632188234,31.364729002462298,30.88038983961585,30.95069694519043,220900
2013-05-03,31.255353813604366,31.286602072042868,31.052246093750004,31.05224609375,81700
2013-05-06,31.05225110158035,31.145992912015753,30.817895085492637,30.997568130493164,73500
2013-05-07,30.966324403562833,31.255363433081772,30.958513826548312,31.239742279052734,64900
2013-05-08,31.294424247291037,31.497532023095268,31.200679446151764,31.270986557006836,133200
2013-05-09,31.27880460141316,31.48191240635776,30.90383428305446,30.93507957458496,84300
2013-05-10,30.86476513399466,30.96632050238247,30.622598537067894,30.849143981933594,68500
2013-05-13,30.856956829469667,30.927263938913978,30.677283767556144,30.79446029663086,76600
2013-05-14,30.950702126423423,31.19287174838651,30.849149719147746,30.85696029663086,93200
2013-05-15,30.97413895011125,30.97413895011125,30.7554040467316,30.84133529663086,210000
2013-05-16,30.786653859620507,30.93507867507193,30.67728789244587,30.716346740722656,89900
2013-05-17,30.677287714883114,30.817901951864936,30.630415309222812,30.747594833374023,119900
2013-05-20,30.88039221729032,30.950699328278283,30.778839819195642,30.83352279663086,95100
2013-05-21,30.91164261740423,31.067880983713877,30.73196953914778,31.00538444519043,61800
2013-05-22,31.09131394253927,31.364731813163896,30.880392606914146,30.966323852539062,641400
2013-05-23,30.71634279697037,31.03663007971604,30.61478742049041,30.942888259887695,119600
2013-05-24,30.911641071477508,31.145997119222073,30.856958093003737,31.122562408447266,115700
2013-05-28,31.247548606556325,31.42722165344421,30.880388956829783,30.927261352539062,96500
2013-05-29,30.638225724800318,30.708532836081044,29.771105679004265,29.78672981262207,93100
2013-05-30,29.771105679004265,30.122641235407905,29.622677899634517,29.78672981262207,174900
2013-05-31,29.52893543507513,29.52893543507513,28.458707635544283,28.48995590209961,502700
2013-06-03,28.786805050049797,28.88054984826881,28.59932141360911,28.794618606567383,387700
2013-06-04,29.052407757026344,29.200835522726784,28.427457369862275,28.72430992126465,172000
2013-06-05,28.818051143430672,28.974289482017678,28.419646211032337,28.450891494750977,233100
2013-06-06,28.36496534621061,28.638380224045733,28.32590352366388,28.607131958007812,103500
2013-06-07,28.2321629281851,28.39621186199056,27.79469910470388,27.927499771118164,105100
2013-06-10,27.66970436920993,27.71657676747461,27.41191362875074,27.466596603393555,459400
2013-06-11,26.810400571002283,27.255677968422862,26.708845188082126,27.091629028320312,288700
2013-06-12,27.263492177953488,27.279113332623698,26.661976403185,26.755718231201172,96500
2013-06-13,26.872893930872667,27.39628895788746,26.818210957303915,27.380664825439453,78100
2013-06-14,27.404103617378173,27.44316246007139,26.90414029890943,26.935388565063477,117700
2013-06-17,27.013508781195238,27.076002332465343,26.411993077727477,26.607290267944336,110200
2013-06-18,26.34949923093995,26.53698586384863,26.09170846318932,26.232322692871094,518600
2013-06-19,26.333871878511516,26.490110223509816,25.22458529102089,25.279268264770508,150700
2013-06-20,24.20903810637884,24.39652321923569,23.54502740042798,24.138731002807617,454000
2013-06-21,24.068426802171363,24.435586496215787,23.896565800490603,24.42777442932129,87800
2013-06-24,23.82625721916532,24.091861517201863,23.40441457287223,23.935623168945312,147100
2013-06-25,24.357466020449166,24.513702880022688,24.10748585313207,24.40433692932129,63300
2013-06-26,24.81055641078476,25.23239758703268,24.81055641078476,25.130842208862305,113900
2013-06-27,25.46675212228969,25.68548699924091,25.43550683700974,25.443317413330078,63800
2013-06-28,25.021475658766825,25.193338143890625,24.740248711290395,24.8418025970459,102100
2013-07-01,24.810553091022243,24.919919031341873,24.638692114805803,24.70899772644043,77700
2013-07-02,24.498080425451956,24.615258443533016,23.662208675807914,23.748138427734375,348600
2013-07-03,23.513783343470166,23.552842187745274,23.255991097256015,23.341920852661133,107000
2013-07-05,23.380978889892813,23.380978889892813,22.93570155290509,23.216928482055664,75000
2013-07-08,23.295051507263246,23.49034872176411,23.224744390842975,23.412229537963867,51000
2013-07-09,23.591901896652956,23.787199092850415,23.5137827201741,23.677831649780273,156500
2013-07-10,23.396604104412674,23.57627716273721,23.295048730577538,23.388792037963867,134500
2013-07-11,23.80282107012502,24.169980742302418,23.646584211538297,24.13092041015625,242900
2013-07-12,23.904378860256223,23.990308619666003,23.68564544812335,23.709081649780273,97400
2013-07-15,23.77938587092872,24.57619726030336,23.77938587092872,24.544950485229492,122000
2013-07-16,24.69337963443909,24.69337963443909,24.25591281256393,24.451210021972656,74700
2013-07-17,24.72462457809744,24.880862930028286,24.607446559148983,24.8418025970459,143700
2013-07-18,24.724626666330774,25.123033156404286,24.724626666330774,24.998043060302734,108200
2013-07-19,24.76368703851155,24.810557952117712,24.623072807693585,24.68556785583496,43500
2013-07-22,24.708998667793484,25.294891700396107,24.708998667793484,25.23239517211914,127100
2013-07-23,25.537060432444783,25.622991676010468,25.34957679193668,25.388635635375977,99100
2013-07-24,25.27927070831287,25.32614013034385,24.73243793796022,24.8652400970459,72000
2013-07-25,24.677753929315283,25.263645520248698,24.677753929315283,25.201148986816406,43600
2013-07-26,25.216772551102668,25.216772551102668,24.794931389950055,25.09959602355957,47300
2013-07-29,24.91210953240748,24.990228707827253,24.84961449007153,24.873050689697266,79000
2013-07-30,24.802743254848934,24.841802097045818,24.599633997426633,24.630882263183594,29400
2013-07-31,24.498080063358803,24.576197747592,24.14654452431215,24.435585021972656,161100
2013-08-01,24.482453754992473,24.584007629471103,24.255908318849027,24.396522521972656,107000
2013-08-02,24.396522521972656,24.5918196952001,24.334027486139842,24.396522521972656,111400
2013-08-05,24.279348435006785,24.318407279957153,24.099675364236006,24.16217041015625,81400
2013-08-06,24.216851371724005,24.216851371724005,23.755949887707377,23.771574020385742,66700
2013-08-07,23.638770387234246,23.79500723420256,23.443473211024443,23.466909408569336,66200
2013-08-08,23.810634360393706,24.41215009636807,23.709080471592547,24.271535873413086,54300
2013-08-09,24.57620024401885,24.76368687722132,24.419963369682748,24.724626541137695,137500
2013-08-12,24.966793176320476,25.185528065348723,24.6543179562788,24.732437133789062,103800
2013-08-13,24.607445470297893,24.70118877530824,24.28715820401142,24.349653244018555,119100
2013-08-14,24.34965477598843,24.482456930608812,24.162169644171314,24.22466468811035,80000
2013-08-15,23.82625694306402,23.998117932155225,23.591900913394255,23.888751983642578,59800
2013-08-16,23.716894464432958,23.849696631341818,23.39660714835856,23.451290130615234,40300
2013-08-19,23.43566506595935,23.48253597889142,22.98257560095078,23.04507064819336,85100
2013-08-20,22.97476326170242,23.216931380649456,22.935704416388184,22.998199462890625,347100
2013-08-21,22.84976799814398,22.84976799814398,22.310747412782888,22.349807739257812,90800
2013-08-22,22.513859057149627,22.584166162352325,22.271690967006588,22.552919387817383,65700
2013-08-23,22.849770951514163,23.724703007650465,22.81852268629534,23.69345474243164,72400
2013-08-26,23.662206976946607,23.74032465672585,23.18568138229721,23.287235260009766,103800
2013-08-27,22.73259267468698,23.060692005703054,22.73259267468698,23.029443740844727,102100
2013-08-28,23.09975415681147,23.43566560217591,22.966951992132493,23.13100242614746,107000
2013-08-29,23.099754765956092,23.34973496723807,23.006012935475113,23.107566833496094,31700
2013-08-30,23.396603022067637,23.396603022067637,22.990384525517722,23.216928482055664,81300
2013-09-03,23.552841491663113,23.86531670662726,23.5294067817904,23.787199020385742,98400
2013-09-04,23.779385984038626,24.06061292103825,23.72470300989979,24.005929946899414,87000
2013-09-05,24.060613283656455,24.568387171168133,24.05280270723259,24.435585021972656,79400
2013-09-06,24.85742769599949,24.990229853300534,24.623071648997374,24.935546875,91300
2013-09-09,25.20896245927944,25.677674538460856,25.16990361601411,25.62299156188965,86100
2013-09-10,25.81047764106467,25.841725907022052,25.34957614818856,25.537059783935547,130500
2013-09-11,25.412068126592686,25.560495890700302,25.146463842398422,25.466751098632812,62900
2013-09-12,25.396447959126796,25.638617573107627,25.302706132424095,25.427696228027344,73800
2013-09-13,25.388637030807157,25.53706183603381,25.34957818522108,25.490192413330078,91000
2013-09-16,25.94327546386131,26.01358256457631,25.4667498901261,25.513622283935547,115900
2013-09-17,25.615183956378278,25.89641242850671,25.615183956378278,25.80266761779785,41400
2013-09-18,26.005777685761476,27.26349221851218,25.935470569645005,27.13850212097168,437900
2013-09-19,27.18537397040586,27.21662224257856,26.669789399553306,26.841651916503906,139500
2013-09-20,26.990073857600766,27.23224347108392,26.201074439476518,26.24013328552246,104000
2013-09-23,26.3026277498167,26.5682320840827,26.255758324945607,26.458866119384766,150000
2013-09-24,26.482300201566538,26.786963341690978,26.357310118951418,26.615100860595703,86800
2013-09-25,26.490109140833606,26.490109140833606,26.146387179884453,26.34949493408203,104500
2013-09-26,26.490111870464712,26.490111870464712,26.02921036306358,26.16201400756836,138800
2013-09-27,25.865161578556997,26.17763530975746,25.810478601096946,25.943279266357422,99300
2013-09-30,25.849536768919897,26.22450702455262,25.818288502617495,26.076082229614258,208700
2013-10-01,26.279189510029724,26.35731017432745,26.05264405356428,26.185447692871094,123300
2013-10-02,26.23232240552288,26.568230861639883,26.23232240552288,26.5057373046875,112900
2013-10-03,26.41199283387009,26.45105167555311,26.162012671100424,26.263565063476562,71900
2013-10-04,26.107328281442125,26.35731143919269,26.107328281442125,26.333873748779297,46000
2013-10-07,26.14638748711741,26.41199177188042,26.130763355072702,26.271377563476562,88200
2013-10-08,26.427618348713537,26.427618348713537,26.02139981796786,26.177635192871094,32800
2013-10-09,26.29481369318947,26.45886261853055,26.09170592562413,26.38074493408203,33000
2013-10-10,26.638537515507213,26.990073079787862,26.638537515507213,26.810400009155273,67900
2013-10-11,26.888519457960882,27.099440810327103,26.74790820304911,27.03694725036621,35000
2013-10-14,26.810397330018503,27.20880525639034,26.77914906520531,27.17755699157715,90700
2013-10-15,27.076005231081115,27.099439942816375,26.911956288936402,27.02132225036621,109900
2013-10-16,27.146309939378934,27.427538375262937,27.083813406960854,27.130685806274414,49100
2013-10-17,27.15412116598139,27.294735387289595,26.872895703363746,26.982261657714844,171700
2013-10-18,27.146310706631414,27.208807240815872,26.724468040882616,26.747905731201172,195400
2013-10-21,26.794774283361303,26.896329658120028,26.64634948948215,26.732280731201172,52600
2013-10-22,26.693217787725757,27.068191004935716,26.693217787725757,26.990070343017578,95100
2013-10-23,26.747904448116802,26.896329239686875,26.3807447773925,26.419803619384766,54100
2013-10-24,26.380746820955558,26.380746820955558,26.01358712178953,26.193260192871094,45400
2013-10-25,26.341686957172023,26.45105291099204,26.271379846859336,26.39636993408203,92200
2013-10-28,26.45886474220057,26.607292526564134,26.396371185625558,26.544795989990234,115500
2013-10-29,26.372930199824285,26.529168541742376,26.357309047631137,26.4432373046875,72300
2013-10-30,26.24012858560417,26.27137684884357,26.044831410355556,26.216693878173828,89200
2013-10-31,26.09170817135215,26.130767016938226,25.451133567744,25.490192413330078,188200
2013-11-01,25.27926997175927,25.365201216310787,24.99804152777203,25.123031616210938,210700
2013-11-04,25.294893815121924,25.458942745566198,25.294893815121924,25.388635635375977,93500
2013-11-05,24.84961515505477,24.912110199063104,24.662130023029764,24.732437133789062,189300
2013-11-06,24.615260888264196,24.70900271603953,24.209042327905784,24.459022521972656,112600
2013-11-07,24.490271078181877,24.662132091116664,23.966874481971946,23.99812126159668,73900
2013-11-08,23.693455827750615,23.98249633426757,23.50597069784747,23.87312889099121,45300
2013-11-11,23.880943298339844,24.037181666905823,23.701270217488627,23.880943298339844,70300
2013-11-12,23.54502894684799,23.716891429087323,23.451287129262287,23.584089279174805,148400
2013-11-13,23.513783422409055,23.76376360260752,23.45128837735944,23.732515335083008,69900
2013-11-14,23.927811134460978,24.552763038321768,23.927811134460978,24.435585021972656,90200
2013-11-15,24.552767249298178,24.873054577583684,24.4434012806152,24.755876541137695,150700
2013-11-18,24.84180303031317,25.076159072297504,24.79493211991618,24.8496150970459,76400
2013-11-19,24.89648591018688,24.93554475136098,24.380899968693235,24.46683120727539,124900
2013-11-20,24.419962723381413,24.576199593582533,24.00593211184956,24.044992446899414,44600
2013-11-21,23.982496869455964,24.130921669358568,23.951248602108425,23.959060668945312,73000
2013-11-22,24.310592778952028,24.529324659367287,24.310592778952028,24.396522521972656,198900
2013-11-25,24.232473373413086,24.404334347763836,24.138730075585936,24.232473373413086,97000
2013-11-26,23.990304407037794,24.279344883387292,23.990304407037794,24.20903778076172,135300
2013-11-27,24.154357330845617,24.154357330845617,23.810633847690163,23.87312889099121,86800
2013-11-29,23.857505744130286,24.02936673708104,23.849693677632615,23.97468376159668,26100
2013-12-02,23.78719822157078,23.912188303359056,23.287236404418362,23.3497314453125,99900
2013-12-03,23.193496271030096,23.396605541173773,22.904455754671943,23.185684204101562,129000
2013-12-04,22.87320676468189,22.990384777277743,22.67790958035571,22.943513870239258,103400
2013-12-05,22.779465409898126,23.255991057231192,22.779465409898126,23.146623611450195,64000
2013-12-06,23.31848313745011,23.62314625553765,23.23255190311805,23.466909408569336,85200
2013-12-09,23.513781305928344,23.654395517133114,23.474720975038533,23.568464279174805,82200
2013-12-10,23.529409085285675,23.740328944785627,23.521597017896863,23.607526779174805,87100
2013-12-11,23.599712778069687,23.615336911567102,23.052881515654597,23.09975242614746,92500
2013-12-12,23.045067928686073,23.287236021923313,22.94351404765087,23.224740982055664,48700
2013-12-13,23.388794088327522,23.388794088327522,23.052882651578077,23.162248611450195,47100
2013-12-16,23.209116677654066,23.49034509997478,23.17786990295136,23.25598907470703,68500
2013-12-17,23.26380255883978,23.43566355517798,23.24817842553648,23.3653564453125,42500
2013-12-18,23.248180113857075,23.865318524161353,23.162248864447825,23.709081649780273,85100
2013-12-19,23.318483352661133,23.420037229627837,23.084125845046913,23.318483352661133,103800
2013-12-20,23.130998988392477,23.170057829258006,22.904453539374458,22.943513870239258,58700
2013-12-23,23.15831019342501,23.396973032448393,23.11057641171527,23.245819091796875,103500
2013-12-24,23.285599792214082,23.3651545863909,23.20604499803726,23.333332061767578,86400
2013-12-26,23.221956734075743,23.460619604093424,23.150357569594135,23.174222946166992,45400
2013-12-27,23.276115881840962,23.48308563232422,23.276115881840962,23.48308563232422,34600
2013-12-30,23.491042950070064,23.737813899323534,23.148746929769075,23.443281173706055,127500
2013-12-31,23.586568498020423,23.674133027361233,23.45124218827536,23.578609466552734,92900
2014-01-02,23.069144914504978,23.093026563873234,22.67112653495181,22.750730514526367,144300
2014-01-03,22.886057763429914,23.172631494329945,22.862176113081684,23.164670944213867,69900
2014-01-06,23.100988917663855,23.156711252221626,22.9656625973151,22.99750328063965,78000
2014-01-07,23.307957473250525,23.371640354940297,22.949740314795783,23.005462646484375,65800
2014-01-08,23.085069415151565,23.085069415151565,22.679090425997067,22.76665496826172,64600
2014-01-09,22.599481763169827,22.671125188700657,22.28106738209922,22.488037109375,91500
2014-01-10,22.50395967926428,22.86217531201818,22.50395967926428,22.798492431640625,114700
2014-01-13,22.798494930296584,22.965663458558684,22.6552080541633,22.75869369506836,90400
2014-01-14,22.74277101860602,22.96566186807932,22.74277101860602,22.91790008544922,82500
2014-01-15,22.925856485076338,23.132826210469993,22.870134158685644,22.909936904907227,98000
2014-01-16,22.870135724728392,22.98954093493042,22.695008184320063,22.750730514526367,100300
2014-01-17,22.663163049129377,22.84625263392733,22.663163049129377,22.80644989013672,93500
2014-01-21,22.57560283818755,22.76665147702439,22.46415666012635,22.70296859741211,123000
2014-01-22,22.647246665296322,22.806453107963367,22.527839935396486,22.774612426757812,69000
2014-01-23,22.679089188871025,22.710931390982967,22.074101013622013,22.416397094726562,145100
2014-01-24,21.87508908355807,21.891010182633046,21.532793045043945,21.532793045043945,230100
2014-01-27,21.596479675363152,21.77160875897702,21.413391559148504,21.620361328125,156900
2014-01-28,21.477071512878464,21.731803034244138,21.469110963045832,21.67608070373535,133900
2014-01-29,21.190499273249156,21.349705714663003,21.039251863334318,21.15865707397461,147700
2014-01-30,21.35766733412763,21.49299365118268,21.278063350274124,21.39746856689453,60200
2014-01-31,21.094974653303833,21.397467961403766,20.975569440062273,21.142736434936523,75600
2014-02-03,21.071092175700336,21.22233958296946,20.673073801648666,20.70491600036621,69800
2014-02-04,20.8163623803703,21.238262438343533,20.8163623803703,21.03925323486328,91200
2014-02-05,21.055171118319265,21.166615769377206,20.872081525170433,21.071090698242188,81800
2014-02-06,21.134778350206307,21.652203531807462,21.134778350206307,21.620361328125,103300
2014-02-07,21.7318042890778,21.851211025142398,21.516875504464906,21.803447723388672,90300
2014-02-10,21.6840399449868,21.6840399449868,21.198457062737507,21.254180908203125,103800
2014-02-11,21.166619327221298,21.747725845870878,21.166619327221298,21.715885162353516,74100
2014-02-12,21.660160443957587,21.660160443957587,21.166618481754075,21.214380264282227,69900
2014-02-13,20.895966498692545,21.61239933212663,20.895966498692545,21.60443878173828,67900
2014-02-14,21.500954991356718,21.73180488286176,21.46115223880774,21.540756225585938,80500
2014-02-18,21.24622151261023,21.24622151261023,20.776559703560782,20.800439834594727,112500
2014-02-19,20.6730740143822,21.023330612281423,20.6730740143822,20.888004302978516,78600
2014-02-20,20.848201396126303,21.23029864402739,20.848201396126303,21.071090698242188,94200
2014-02-21,21.39746817669906,21.588518341791445,21.27010241218392,21.548715591430664,79800
2014-02-24,21.652199251159445,21.835287331177508,21.636278152465817,21.63627815246582,39400
2014-02-25,21.835289457243395,21.835289457243395,21.548715726133103,21.596477508544922,92000
2014-02-26,21.628319374374247,21.739764037717322,21.47707196103746,21.588518142700195,59700
2014-02-27,21.69996206260178,22.209425098509797,21.668119863697722,22.185544967651367,63700
2014-02-28,21.85121188141184,21.97061710383577,21.644242120661122,21.85917091369629,141900
2014-03-03,21.500954201400003,21.516875301834645,21.142737033219074,21.39746856689453,32300
2014-03-04,21.771604733938858,21.835287611210536,21.500952125954335,21.731801986694336,30700
2014-03-05,21.50095408150438,21.95469481312356,21.49299353133145,21.867130279541016,182100
2014-03-06,22.042258418053798,22.28106883990172,21.85120977691153,21.898971557617188,91700
2014-03-07,21.676080880688627,21.72384418007433,21.19845851506909,21.341745376586914,187400
2014-03-10,21.373585348519452,21.397465477403756,20.959645906903972,21.02332878112793,51900
2014-03-11,21.19049892061302,21.30990412926626,20.91188575487572,20.927806854248047,179600
2014-03-12,20.895964792299146,21.03129110121063,20.79248068234077,20.975568771362305,54400
2014-03-13,21.134772097645648,21.262137838055644,20.840239392317308,20.9835262298584,64400
2014-03-14,20.91984734694429,20.927807897027108,20.58551183506437,20.649194717407227,85500
2014-03-17,20.704914286850947,20.86412071230411,20.61734976594405,20.665111541748047,55000
2014-03-18,20.744718115712374,21.27806282043457,20.56959057025123,21.27806282043457,111600
2014-03-19,21.317866355783778,21.492993907695826,21.031292617818853,21.12681770324707,122300
2014-03-20,21.094975891407543,21.723845712812793,21.0551746574309,21.715885162353516,140400
2014-03-21,21.508912799400314,21.79548498961515,21.508912799400314,21.707921981811523,73100
2014-03-24,21.81140426464453,21.938770009271284,21.564633324220118,21.843246459960938,58500
2014-03-25,21.81140702772379,22.010416218703604,21.80344647788624,21.898971557617188,71400
2014-03-26,21.970614586087997,22.08205924513657,21.755684299363228,21.827327728271484,67400
2014-03-27,21.99449587035307,22.67908799657135,21.930812987796926,22.647247314453125,254800
2014-03-28,22.702967373040636,22.9815805256886,22.519879293819226,22.870134353637695,160500
2014-03-31,22.870134756232186,22.997500510829994,22.71092832214471,22.9417781829834,125000
2014-04-01,22.981580204996582,22.981580204996582,22.575601305658047,22.93381690979004,100500
2014-04-02,22.774614579559834,23.31591987609863,22.774614579559834,23.315919876098633,80000
2014-04-03,23.244274992096088,23.244274992096088,22.91790002802211,23.077106475830078,115500
2014-04-04,23.459204242264995,23.761699080300314,23.268155590078344,23.284076690673828,107900
2014-04-07,23.339799811457112,23.73781822984709,23.339799811457112,23.427364349365234,214600
2014-04-08,23.76169809443272,23.91294550717516,23.530846700335335,23.698015213012695,242500
2014-04-09,23.475125343364013,23.67413454585267,23.204472706513855,23.506967544555664,64700
2014-04-10,23.570649176706315,23.72985561924944,23.451242446899414,23.451242446899414,44600
2014-04-11,23.33183847414056,23.618412211580395,23.244275457504838,23.284076690673828,88200
2014-04-14,23.411438853405706,23.61044802524242,23.323874331935315,23.467161178588867,64900
2014-04-15,23.284077886478503,23.36368187522444,22.742772584989886,23.053226470947266,59300
2014-04-16,23.156707709250956,23.37163798250642,23.061182637253133,23.244272232055664,35900
2014-04-17,23.156707356385827,23.467161178588867,23.069142834915436,23.467161178588867,88200
2014-04-21,23.459203720092773,23.491045920574976,23.22835383987556,23.459203720092773,88600
2014-04-22,23.35571756796609,23.451241124441292,23.26019249317133,23.411439895629883,54300
2014-04-23,23.27611522758849,23.419402090689324,23.220392896009205,23.38755989074707,30100
2014-04-24,23.47512277271987,23.530845100383665,23.140787288417553,23.411439895629883,59500
2014-04-25,23.204470647567994,23.204470647567994,22.80645227790707,23.0134220123291,58500
2014-04-28,22.909937389975187,23.116907119750977,22.774611086595616,23.116907119750977,38100
2014-04-29,23.29203525432571,23.483083890217262,23.12486674897086,23.14874839782715,104900
2014-04-30,22.941780487516056,23.244275323811525,22.941780487516056,23.23631477355957,69100
2014-05-01,23.23631306327154,23.244273612937565,22.949739348572983,23.196510314941406,23700
2014-05-02,23.331836658530673,23.705974901811693,23.292035428458888,23.642292022705078,58400
2014-05-05,23.682091573845604,23.817417872143217,23.403478428136463,23.443281173706055,36700
2014-05-06,23.602490400803074,23.82538124747407,23.562689168831675,23.79353904724121,122800
2014-05-07,23.76965976994177,24.08011364177507,23.64229400107069,24.072153091430664,124100
2014-05-08,24.11991242289956,24.15175462103979,23.92090323948184,23.95274543762207,104600
2014-05-09,23.79353970380352,23.88906478881836,23.698016137108404,23.88906478881836,46000
2014-05-12,23.857220760574528,24.080111596325654,23.857220760574528,24.024389266967773,152100
2014-05-13,24.03235133242641,24.287082864597444,23.960707899213343,24.17563819885254,145400
2014-05-14,24.239320889795515,24.33484445444277,24.05623127396886,24.28708267211914,50800
2014-05-15,24.31892347691428,24.31892347691428,23.92090507946351,24.040311813354492,63700
2014-05-16,24.231359279501593,24.231359279501593,24.0084684412106,24.11991310119629,188200
2014-05-19,23.952745654231073,24.151754839448465,23.944785104624025,24.135833740234375,162200
2014-05-20,24.056230522331013,24.159716152171757,23.729855569731075,23.76169776916504,101100
2014-05-21,23.817419649687682,23.952745958084982,23.769657869759108,23.849260330200195,82900
2014-05-22,23.968666674732297,24.02438900347904,23.76965749016845,24.000507354736328,79700
2014-05-23,23.94478718919642,23.968668840096637,23.769659637554007,23.80150032043457,101800
2014-05-27,23.793540962980856,23.960709491023614,23.443285842136618,23.499008178710938,197200
2014-05-28,23.491046774849845,23.825382300472967,23.47512567402976,23.737817764282227,99400
2014-05-29,23.912944930482166,24.09603302035937,23.88906328115572,23.96070671081543,51200
2014-05-30,23.889061526334157,23.889061526334157,23.618408927127636,23.62636947631836,86700
2014-06-02,23.475121675164747,23.48308222421875,23.100984979543394,23.17262840270996,80900
2014-06-03,23.2601950397806,23.33183847414056,23.156710922549397,23.284076690673828,59700
2014-06-04,23.307955192872132,23.4353209437906,23.19650902207884,23.37959861755371,17400
2014-06-05,23.594527193282296,23.594527193282296,23.39551801920044,23.491043090820312,97000
2014-06-06,24.016429893912203,24.032350994028633,23.777619465444456,23.79353904724121,103200
2014-06-09,23.952745627894508,24.59753496216042,23.952745627894508,24.51793098449707,99400
2014-06-10,24.541817174530333,24.67714350610305,24.454252631065675,24.525896072387695,381600
2014-06-11,24.62937842245774,24.732862535898466,24.573656090734296,24.64529800415039,74800
2014-06-12,24.693060629914527,24.693060629914527,24.33484348101727,24.478130340576172,24100
2014-06-13,24.4781313331867,24.621418198556018,24.4781313331867,24.581615447998047,14800
2014-06-16,24.557736634056187,24.557736634056187,24.326885223388672,24.326885223388672,36100
2014-06-17,24.12787392677077,24.36668586730957,24.056230496441096,24.36668586730957,128600
2014-06-18,24.199519251338927,24.772666738839952,24.18359815039284,24.66122055053711,28600
2014-06-19,24.597536141294274,24.6930612227334,24.38260584679598,24.438329696655273,38600
2014-06-20,24.454252631065675,24.621421166923675,24.430372496171582,24.525896072387695,9100
2014-06-23,24.589574538644403,24.589574538644403,24.374645771666785,24.494050979614258,86700
2014-06-24,24.390564770092542,24.613455599705446,24.382604220643557,24.533851623535156,84100
2014-06-25,24.653257743022245,24.764703921122024,24.430368423461914,24.430368423461914,29100
2014-06-26,24.48608880469372,24.732859753848185,24.35872305556112,24.58957290649414,14800
2014-06-27,24.67714006833987,24.67714006833987,24.32688346159522,24.597536087036133,9400
2014-06-30,24.478131127513134,24.478131127513134,24.15971671732324,24.398527145385742,54200
2014-07-01,24.52589093512075,24.69305943596313,24.334842304386278,24.4860897064209,157300
2014-07-02,24.223398393791637,24.390565381451754,23.89702344980033,24.111953735351562,65000
2014-07-03,23.841302361775377,24.239320755004883,23.841302361775377,24.239320755004883,73500
2014-07-07,24.07215086169759,24.199516618771156,24.00050743355376,24.135833740234375,132600
2014-07-08,24.39852779895028,24.39852779895028,23.992548845713312,24.04827117919922,76300
2014-07-09,24.135834745651454,24.47017025147674,24.135834745651454,24.462209701538086,41300
2014-07-10,24.024389160390985,24.271160125732425,24.024389160390985,24.271160125732422,153400
2014-07-11,24.183595598090147,24.287081224998218,24.12787326897946,24.271160125732422,55800
2014-07-14,24.374646417159493,24.446288329169533,24.326883118059953,24.36668586730957,46900
2014-07-15,24.358724574272905,24.406486353595596,24.135833740234375,24.135833740234375,88900
2014-07-16,24.454248981618882,24.454248981618882,23.897024154663086,23.897024154663086,37300
2014-07-17,23.71393312955066,23.881100101467595,23.46716066864549,23.570646286010742,64800
2014-07-18,23.873143821673416,24.103995226062843,23.809460937414215,23.936826705932617,52900
2014-07-21,23.968666434136097,24.207476845887715,23.968666434136097,24.19951629638672,16600
2014-07-22,24.43036981086946,24.653259143087737,24.2472801929934,24.605497360229492,19200
2014-07-23,24.65325755566172,24.65325755566172,24.366685358644965,24.541812896728516,48800
2014-07-24,24.517930524637183,24.669177927528782,24.517930524637183,24.533851623535156,46200
2014-07-25,24.438330485513756,24.541814601953543,24.358726501464844,24.358726501464844,12000
2014-07-28,24.462208761963176,24.47812986122897,24.23135889588753,24.271160125732422,30400
2014-07-29,24.27912257532586,24.27912257532586,23.904985823219217,23.97662925720215,23000
2014-07-30,24.016429076617545,24.016429076617545,23.403480407871108,23.578609466552734,70200
2014-07-31,23.108946041441435,23.2124301448011,22.90993686563325,23.069143295288086,52700
2014-08-01,23.228354027025585,23.29203691018339,23.00546317681341,23.124868392944336,45300
2014-08-04,23.276116666132445,23.506968075022233,23.276116666132445,23.40348243713379,15600
2014-08-05,23.3159178221813,23.387559734934765,23.045265197753903,23.045265197753906,44600
2014-08-06,23.124866669971894,23.220391746751133,22.957699683507705,23.0134220123291,41400
2014-08-07,23.12486771315346,23.12486771315346,22.73480987548828,22.73480987548828,15500
2014-08-08,22.687049209195685,22.83829662905318,22.59948467375402,22.814414978027344,34500
2014-08-11,23.03730491828392,23.164670682060386,22.98954161812799,23.140789031982422,14700
2014-08-12,23.13282802141799,23.22835310150842,23.061184590930075,23.156709671020508,29100
2014-08-13,23.315916903182003,23.37959978181252,22.96566031155436,23.14874839782715,32200
2014-08-14,23.077105826146212,23.307957218700246,23.077105826146212,23.204471588134766,26900
2014-08-15,23.443284399597314,23.554729065888413,23.32387766477719,23.48308563232422,35200
2014-08-18,23.76965810648936,23.76965810648936,23.57860946655273,23.578609466552734,24100
2014-08-19,23.499007066440583,23.968668907222078,23.499007066440583,23.936826705932617,33300
2014-08-20,23.928865034618852,24.07215189706945,23.857221603393555,23.857221603393555,12900
2014-08-21,24.056231723121215,24.096034474400465,23.9209054054112,23.97662925720215,18500
2014-08-22,23.90498171528595,23.90498171528595,23.698011999159554,23.7298526763916,13600
2014-08-25,23.865181495321487,23.928864374841453,23.80945916553147,23.912944793701172,21500
2014-08-26,24.072151200785623,24.350764367678526,24.048269551628078,24.295042037963867,93000
2014-08-27,24.39056623896569,25.067197799682614,24.39056623896569,25.067197799682617,182300
2014-08-28,25.051277096748237,25.178642860981263,24.915950782460687,25.13884162902832,61400
2014-08-29,25.313969905004324,25.640344875049948,25.274168671904015,25.59258460998535,126400
2014-09-02,25.48909585560379,25.759748458862305,25.258244480575247,25.759748458862305,71000
2014-09-03,25.903037373474255,25.99060190453983,25.831393942296906,25.879154205322266,191500
2014-09-04,25.791592292382166,25.91895805278191,25.608501164958227,25.664226531982422,56700
2014-09-05,25.704028368674223,25.767709732055664,25.49705710524604,25.767709732055664,28200
2014-09-08,25.624421397737624,25.704026893194023,24.844305762099864,24.852266311645508,151400
2014-09-09,24.613455969004182,24.661217748095147,24.183595402226743,24.310962677001953,45200
2014-09-10,24.111954195914624,24.199517207081687,23.817419926571887,24.096033096313477,63800
2014-09-11,24.096032051404432,24.23931890496197,24.040309723536403,24.15175437927246,37600
2014-09-12,23.75373800127439,23.75373800127439,23.32387740468279,23.459203720092773,96000
2014-09-15,23.403482896430646,23.522888119297786,23.18059355196393,23.315919876098633,65200
2014-09-16,23.451240430761487,23.889061526334157,23.43532085069955,23.62636947631836,31900
2014-09-17,23.666170297502426,23.666170297502426,23.13282565743993,23.17262840270996,127500
2014-09-18,23.077105616095302,23.260193707497404,22.957700405107833,23.02138328552246,50700
2014-09-19,23.14078807663922,23.14078807663922,22.718889570917185,22.726848602294922,16700
2014-09-22,22.41639457035033,22.41639457035033,22.018376198691666,22.161663055419922,90800
2014-09-23,22.042259416028898,22.249229166216928,21.946734331972998,22.002456665039062,54500
2014-09-24,21.891010701067287,22.281068527724315,21.81140672212676,22.185544967651367,26100
2014-09-25,21.898973072828156,22.026338842402225,21.540755896951246,21.60443878173828,61500
2014-09-26,21.477072430985586,21.88305137988688,21.469111880812658,21.867130279541016,18200
2014-09-29,20.98352819291675,21.17457682140479,20.880042570202686,20.895963668823242,60700
2014-09-30,20.951688506482714,21.150697708129883,20.752679304835546,21.150697708129883,136200
2014-10-01,20.83228266974428,20.927807751755314,20.259136732637096,20.378541946411133,71600
2014-10-02,20.458146721303265,20.458146721303265,20.107890098113465,20.298938751220703,27900
2014-10-03,20.4024239062835,20.856166188592784,20.23525689568519,20.76064109802246,37000
2014-10-06,22.129820207629603,22.129820207629603,21.55667431585164,21.684040069580078,79400
2014-10-07,21.9228515625,22.066136893867856,21.803444842214176,21.9228515625,79400
2014-10-08,22.23330581443286,22.265146493680778,21.524833620071824,22.066137313842773,34900
2014-10-09,22.177585268061147,22.27310883179581,21.930812772053983,22.01837730407715,21200
2014-10-10,21.81140887106154,21.81140887106154,21.24622344970703,21.24622344970703,20600
2014-10-13,21.763644925727633,22.16962385153146,21.763644925727633,21.96265411376953,24900
2014-10-14,21.85120700879004,21.95469110692949,21.66811742235957,21.843246459960938,40800
2014-10-15,21.27010272105371,21.301944921804726,20.696956772412758,20.967609405517578,93800
2014-10-16,20.330779442812613,20.53774766290298,20.23525436419277,20.370580673217773,34100
2014-10-17,20.66511399255586,21.01537059940315,20.561629879654436,21.007410049438477,42000
2014-10-20,20.338736428323795,20.593469439579405,20.195451102286807,20.322816848754883,66600
2014-10-21,19.71783217040856,19.88499917190425,19.574545301515265,19.646188735961914,73000
2014-10-22,19.7815166003539,19.7815166003539,19.30389417282619,19.351655960083008,85800
2014-10-23,19.088960077920305,19.09692062727558,18.50785363986114,18.74666404724121,153000
2014-10-24,18.96955473724791,19.73375076832092,18.96955473724791,19.68598747253418,131800
2014-10-27,18.404367266379857,18.9854736328125,18.404367266379857,18.9854736328125,133400
2014-10-28,19.494939897306114,20.02032403278105,19.431257017803688,19.85315704345703,93900
2014-10-29,20.17953186279887,20.251175291574977,19.789474038528738,19.877037048339844,44100
2014-10-30,20.418344560190352,20.65715652222145,20.38650387624474,20.55367088317871,97800
2014-10-31,20.37854358369114,20.633275131760314,20.338740830355462,20.577552795410156,49600
2014-11-03,20.30689883556034,20.32281993586719,20.060127854082946,20.091968536376953,91600
2014-11-04,19.95664078292902,20.203411746631474,19.813353927127732,20.076045989990234,31000
2014-11-05,20.0123645531624,20.091968536376953,19.892959337500415,20.091968536376953,41300
2014-11-06,19.709870609807524,19.74967184098453,19.232248244085213,19.319812774658203,250200
2014-11-07,19.18448809832434,19.351655105500917,19.112844661443013,19.29593276977539,76500
2014-11-10,19.48697942547322,19.550662305230205,19.136724345969604,19.16060447692871,79200
2014-11-11,19.200409199480138,19.29593276977539,19.104884110865115,19.29593276977539,17100
2014-11-12,19.399417283264206,19.55066318050853,19.160605334744243,19.216327667236328,25400
2014-11-13,19.208366507766158,19.208366507766158,18.84219032396612,18.96159553527832,36000
2014-11-14,18.523775056211974,18.762585467687096,18.436210530121965,18.682981491088867,26200
2014-11-17,18.72278641433428,18.802390400183338,18.43621267260557,18.48397445678711,39700
2014-11-18,18.53173612761129,18.810347776072255,18.515815028179347,18.730745315551758,41700
2014-11-19,19.04916027511736,19.192447137596915,18.9058734126378,19.144683837890625,46500
2014-11-20,19.518821753105144,19.701909843822744,18.91383363226819,19.1367244720459,62300
2014-11-21,19.57454257952711,20.30689640444926,19.41533463215814,20.267093658447266,84200
2014-11-24,20.052167299342617,20.099929081932547,19.80539479960198,19.869077682495117,58400
2014-11-25,20.139728097670012,20.21933207210466,19.77355194091797,19.77355194091797,46400
2014-11-26,20.11584677652177,20.235251971940542,20.060124453214307,20.16360855102539,37700
2014-11-28,19.765593226358746,19.765593226358746,19.598426231016493,19.638227462768555,13400
2014-12-01,19.455140815242025,19.479020948742548,19.112844730749963,19.2083683013916,23500
2014-12-02,19.13672532533879,19.13672532533879,18.929755575956495,18.96955680847168,37100
2014-12-03,19.136724345969604,19.327772985240564,19.136724345969604,19.16060447692871,50500
2014-12-04,18.89791311421789,18.96159599635424,18.850151332195548,18.945674896240234,83100
2014-12-05,18.842190512068818,18.945674624687243,18.722785299564585,18.85015106201172,18600
2014-12-08,18.834228259602433,18.858109907272354,18.308844157420282,18.42824935913086,68000
2014-12-09,18.3168037029219,18.412327251728065,18.245160282157553,18.324764251708984,32600
2014-12-10,18.356605943126464,18.38048759080769,17.99839033782524,18.046152114868164,37000
2014-12-11,17.807344574391706,17.91082869434277,17.56057206363498,17.63221549987793,77100
2014-12-12,17.616294605137806,17.616294605137806,17.234197286247827,17.297880172729492,44200
2014-12-15,17.12275229074054,17.218275859497055,16.541645772792517,16.549606323242188,114900
2014-12-16,15.992379747739687,16.15954675023131,15.79337054382886,15.920736312866211,255700
2014-12-17,15.841131321162425,16.78841549672124,15.841131321162425,16.493881225585938,42100
2014-12-18,16.931701718488043,17.082947604953674,16.732692534730504,16.84413719177246,90400
2014-12-19,16.971504276613015,17.0749899105278,16.883939743041992,16.883939743041992,54200
2014-12-22,17.126588537395016,17.217995741188695,17.11827850341797,17.11827850341797,39300
2014-12-23,17.118275814014513,17.118275814014513,16.810810945076376,16.83574104309082,200500
2014-12-24,17.01024650772892,17.01024650772892,16.63630455762822,16.952077865600586,74000
2014-12-26,17.060109328239303,17.284473898842702,17.04348926079405,17.168136596679688,41600
2014-12-29,17.168136880812696,17.27616573601783,17.093348161048187,17.17644691467285,65500
2014-12-30,17.51714958692035,17.683347086663638,17.450670904018402,17.600248336791992,79300
2014-12-31,17.525460628839113,17.525460628839113,17.26785591589331,17.508840560913086,60900
2015-01-02,17.093346396650766,17.143205009688337,16.885600326521367,16.985319137573242,24100
2015-01-05,16.528278791868885,16.544898859844103,16.337152765084657,16.345462799072266,47200
2015-01-06,16.387010435828508,16.478419219426073,16.14602580403969,16.18757438659668,33300
2015-01-07,16.528276677722495,16.603065389067762,16.43686948550462,16.470108032226562,58800
2015-01-08,16.553208057675892,16.79419269123594,16.553208057675892,16.70278549194336,27200
2015-01-09,16.569826747538542,16.74433268302788,16.536586616030075,16.652925491333008,15800
2015-01-12,16.320531513338494,16.320531513338494,16.121095467032276,16.245742797851562,28300
2015-01-13,16.411938515796237,16.470107158205327,16.270671133527024,16.370389938354492,14300
2015-01-14,16.32052883456983,16.603063583374023,16.32052883456983,16.603063583374023,24400
2015-01-15,16.586447938810494,16.603068007280715,16.220815942327388,16.2291259765625,25500
2015-01-16,16.503349113612767,16.636306478105016,16.503349113612767,16.62799644470215,22700
2015-01-20,16.37039180789177,16.378700256347656,16.20419430919139,16.378700256347656,37300
2015-01-21,16.420249044431113,16.736022363468948,16.387008913492036,16.644615173339844,29500
2015-01-22,16.97700905419254,17.068417831970777,16.74433288574644,16.918840408325195,35900
2015-01-23,16.594756795730515,16.619686896667183,16.486729528291995,16.58644676208496,21500
2015-01-26,16.295604051974955,16.312222534842565,16.137716577405868,16.146026611328125,51500
2015-01-27,16.071236851699922,16.312221479953635,16.037996718160485,16.245742797851562,29000
2015-01-28,16.03799528535488,16.12940405944524,15.888419452720656,15.971516609191895,21400
2015-01-29,15.96320933420793,15.996449470520018,15.830251958913452,15.99644947052002,16300
2015-01-30,15.240254037203997,15.281802623252487,15.040817971212716,15.098986625671387,90800
2015-02-02,15.040815359666134,15.198702812194824,14.982646715307324,15.198702812194824,26400
2015-02-03,15.32335090637207,15.381519553664102,15.107294798589695,15.32335090637207,31600
2015-02-04,14.99095816720462,15.215322733117361,14.98264813365573,15.157154083251953,150500
2015-02-05,15.040817792864196,15.47293005654329,15.040817792864196,15.447999954223633,21600
2015-02-06,14.982646942138672,15.098984232617594,14.916168264011187,14.982646942138672,79600
2015-02-09,14.907858514647891,15.098984519777249,14.907858514647891,14.990957260131836,27800
2015-02-10,14.816449295032807,14.816449295032807,14.542224552583164,14.625323295593262,51400
2015-02-11,14.376029052912845,14.38433908685973,14.143354442307722,14.367720603942871,98100
2015-02-12,14.567154479056093,14.907857894897461,14.567154479056093,14.907857894897461,113000
2015-02-13,14.83306957049429,15.074054185158761,14.83306957049429,15.049125671386719,67400
2015-02-17,14.974337673277144,15.107295036315918,14.874618858509669,15.107295036315918,61800
2015-02-18,14.98264879554374,15.215323405284233,14.966028727711732,15.148844718933105,30400
2015-02-19,14.949407525902483,15.140533536542124,14.882928844594051,15.040816307067871,13700
2015-02-20,14.874618382463618,15.007575741247233,14.874618382463618,14.990957260131836,37400
2015-02-23,14.966027744058577,15.015886359300701,14.882928995337169,14.924477577209473,54900
2015-02-24,14.966026993351695,15.356589032281597,14.874618215845597,15.348278999328613,37100
2015-02-25,15.09067393440587,15.22363128832319,14.957716580488553,15.207011222839355,24800
2015-02-26,15.223632428083867,15.339969725227276,15.165463779512164,15.240252494812012,56200
2015-02-27,15.256872608698316,15.423068521563058,15.198703959946817,15.306731224060059,16000
2015-03-02,15.248562196149921,15.281800743905665,14.974337441013787,15.007575988769531,38800
2015-03-03,14.891238885307704,14.97433763322889,14.700112874572726,14.725041389465332,54800
2015-03-04,14.442506594763394,14.442506594763394,14.209832002600615,14.334479331970215,61300
2015-03-05,14.251379244379253,14.251379244379253,14.051943219140304,14.19321060180664,45100
2015-03-06,13.960535233615254,13.968845266590797,13.76940923010792,13.835887908935547,79000
2015-03-09,13.569973069251787,13.569973069251787,13.137861660832662,13.154480934143066,148200
2015-03-10,13.121243256742325,13.337298592069521,13.121243256742325,13.212651252746582,92300
2015-03-11,13.146171259709776,13.337297266676948,13.146171259709776,13.2625093460083,29300
2015-03-12,13.445326712616753,13.520115429112789,13.237580630122618,13.312369346618652,103700
2015-03-13,13.046453666463037,13.054763699860866,12.714060255433921,12.921806335449219,108200
2015-03-16,13.137862208419655,13.137862208419655,12.94673540620952,12.979974746704102,84100
2015-03-17,12.847017151654768,13.196030616760254,12.772228438776681,13.196030616760254,42700
2015-03-18,13.029834458432779,13.503495269680672,13.029834458432779,13.412086486816406,273000
2015-03-19,13.245890465947577,13.362228562664368,12.979975722010279,13.013215065002441,33600
2015-03-20,13.312369719654267,13.528425841699654,13.212650899872985,13.45363712310791,95800
2015-03-23,13.536735254855984,13.852508597229575,13.503495121460448,13.761099815368652,47100
2015-03-24,13.910677425187712,14.002086208228103,13.727861444083747,13.952227592468262,127500
2015-03-25,14.051944735281644,14.051944735281644,13.644762608363598,13.661382675170898,34600
2015-03-26,13.694620163272571,13.694620163272571,13.45363555313621,13.528424263000488,21900
2015-03-27,13.38715741550296,13.38715741550296,13.14617121067874,13.196030616760254,83100
2015-03-30,13.15448113421749,13.428705884161026,13.15448113421749,13.420395851135254,186400
2015-03-31,13.470254033679739,13.561662809064229,13.378846843271933,13.528424263000488,50800
2015-04-01,13.736172434074712,13.860819774642694,13.669693746773326,13.794341087341309,73500
2015-04-02,13.968844707644518,14.176590768790236,13.76940867914183,14.135042190551758,55000
2015-04-06,14.34278869989233,14.633633511580214,14.34278869989233,14.500676155090332,198500
2015-04-07,14.484056373379978,14.484056373379978,14.326168915085118,14.351099014282227,35600
2015-04-08,14.600394962245506,14.716732265537699,14.317860152841424,14.658563613891602,71500
2015-04-09,14.658562802430914,14.725041484200203,14.434198242070064,14.467436790466309,33000
2015-04-10,14.425886135569941,14.592082023620607,14.425886135569941,14.592082023620605,49800
2015-04-13,14.467437841351664,14.542226561896715,14.30955036631468,14.367720603942871,68500
2015-04-14,14.484056287984103,14.658562226404763,14.417577608827177,14.60870361328125,26900
2015-04-15,14.650252951239333,14.89954919970635,14.641944502769567,14.891239166259766,55700
2015-04-16,14.80813942144358,15.040815587378132,14.79151935566753,14.982646942138672,65000
2015-04-17,14.716729506135046,14.90785707782016,14.641942385881935,14.791518211364746,102300
2015-04-20,14.79151754381349,14.857996213797817,14.700110363195359,14.799827575683594,41300
2015-04-21,14.91616984891101,14.91616984891101,14.749972343444824,14.749972343444824,24400
2015-04-22,14.816449797105761,15.173773294673834,14.816449797105761,15.132223129272461,93700
2015-04-23,15.024197129012586,15.373210622766356,15.007577061458388,15.364900588989258,66100
2015-04-24,15.414759798764067,15.614197447121194,15.381521247355838,15.605887413024902,284500
2015-04-27,15.655745462410678,15.855181518526988,15.572646709451329,15.589266777038574,74400
2015-04-28,15.730532693113718,15.780391306180826,15.45630794377952,15.481236457824707,61900
2015-04-29,15.414758440527123,15.423068473891195,15.090675064212315,15.240252494812012,63800
2015-04-30,15.157151664361248,15.157151664361248,14.783209724198551,14.882926940917969,200300
2015-05-01,14.841381318859094,14.966028657056883,14.783212666698587,14.857999801635742,8300
2015-05-04,14.816452206938065,14.874620862984122,14.725043413164544,14.849692344665527,61800
2015-05-05,14.86630916595459,14.966027983007761,14.791520449408917,14.86630916595459,58800
2015-05-06,15.065744873961856,15.12391510716225,14.891238929291044,14.949407577514648,60200
2015-05-07,15.032506942749023,15.049127010059943,14.808140788982177,15.032506942749023,86200
2015-05-08,15.240251353807025,15.298419998023768,14.990956711456223,15.207011222839355,73100
2015-05-11,15.223631049247796,15.223631049247796,14.70842170715332,14.70842170715332,48600
2015-05-12,14.725042482840399,14.849691406466098,14.691803932189941,14.691803932189941,47800
2015-05-13,14.7749013917166,14.841380072169612,14.542225217642683,14.617013931274414,52100
2015-05-14,14.758281801068085,14.932787748515862,14.700113151918826,14.891239166259766,43000
2015-05-15,14.982646812054632,15.256871555071692,14.982646812054632,15.173772811889648,24000
2015-05-18,15.14884565932768,15.157155693759547,14.833072275801795,14.849692344665527,24700
2015-05-19,14.841379733697474,14.87461828067756,14.70011234283447,14.700112342834473,42100
2015-05-20,14.82476185778816,14.941099166870117,14.733353066379786,14.941099166870117,140800
2015-05-21,14.783210415679399,14.83306902637123,14.617012933404412,14.70842170715332,29200
2015-05-22,14.691802838479383,14.691802838479383,14.30123919881737,14.334479331970215,72800
2015-05-26,14.13504284418791,14.301238749803758,13.736170768737791,13.736170768737793,79300
2015-05-27,13.711241288063787,14.051944732666016,13.553353823377426,14.051944732666016,95300
2015-05-28,13.744481989868879,13.993776662330609,13.736171956123238,13.910677909851074,58100
2015-05-29,13.83588877004393,13.860818870522143,13.69462137062103,13.70293140411377,58900
2015-06-01,13.711241483693954,13.769410133361816,13.611522666422738,13.769410133361816,24400
2015-06-02,13.927297728505758,14.168282362916216,13.835888943913767,14.126733779907227,39600
2015-06-03,14.168281356117923,14.218141554157857,14.01039548392166,14.060254096984863,23800
2015-06-04,14.076875414810143,14.085185448555784,13.810960674857132,13.910677909851074,6100
2015-06-05,13.877440248862584,14.002087593078613,13.744482870368557,14.002087593078613,21500
2015-06-08,14.043634030971551,14.101802677041409,13.943916804845147,14.060254096984863,232600
2015-06-09,14.093493320669296,14.093493320669296,13.877438792030306,13.894057273864746,68800
2015-06-10,14.176592547126955,14.209832681868768,13.88574770804353,13.93560791015625,14300
2015-06-11,13.877439359845384,13.977156594839327,13.752790438637646,13.910677909851074,31100
2015-06-12,13.877439315479322,13.8940577979406,13.744481945927879,13.844199180603027,18700
2015-06-15,13.80264988225135,13.860818530295889,13.719551134340527,13.786029815673828,39700
2015-06-16,13.81926869547415,13.894057411890923,13.761100046033734,13.860818862915039,24000
2015-06-17,13.81096155961557,14.01039762735661,13.761101353947579,14.002087593078613,25200
2015-06-18,14.002084838216632,14.135042190551758,13.985464772930575,14.135042190551758,28500
2015-06-19,13.985466628584968,13.985466628584968,13.83588919111718,13.910677909851074,34300
2015-06-22,14.184901319932184,14.184901319932184,13.918986605541985,13.92729663848877,21200
2015-06-23,13.86081939310465,14.002086797853632,13.794340707633182,13.885747909545898,33100
2015-06-24,13.960536584599325,14.002086753497924,13.794340663935571,13.819269180297852,19300
2015-06-25,13.827578588313493,13.835888621717144,13.553353825900246,13.661382675170898,43700
2015-06-26,13.636453148459585,13.80265065356865,13.636453148459585,13.752790451049805,19900
2015-06-29,13.528425736403843,13.711241722106934,13.51180566907351,13.711241722106934,22300
2015-06-30,13.686311237258447,13.810960153763123,13.661382721938963,13.727861404418945,21900
2015-07-01,13.644762762304534,13.78603016180677,13.545043945312498,13.5450439453125,19000
2015-07-02,13.669692004354845,13.902366587763172,13.669692004354845,13.835887908935547,23600
2015-07-06,13.603213984732866,13.661382633403775,13.412086386986848,13.437016487121582,55100
2015-07-07,13.31236903803485,13.362227652884197,13.096312927051962,13.270819664001465,52300
2015-07-08,13.013213338714086,13.079692015879576,12.888566017150877,12.888566017150879,26600
2015-07-09,13.179411469311601,13.279129495937635,12.971665382385254,12.971665382385254,23300
2015-07-10,13.245889564088397,13.328989104643563,13.146171541901309,13.270819664001465,15300
2015-07-13,13.37884760308133,13.553353546024034,13.295748855737614,13.495184898376465,80900
2015-07-14,13.545043177830339,13.628141923119067,13.545043177830339,13.578283309936523,9400
2015-07-15,13.536735112816231,13.561663627624512,13.420396232129391,13.561663627624512,53600
2015-07-16,13.686310130512464,13.686310130512464,13.511804197480274,13.528424263000488,14300
2015-07-17,13.528424223278563,13.528424223278563,13.171100740526558,13.179409980773926,55700
2015-07-20,13.088003374933816,13.088003374933816,12.880257289617408,12.99659538269043,20900
2015-07-21,12.971665991948749,13.171102847061169,12.963356750372435,13.054764747619629,44800
2015-07-22,12.93842488643137,12.93842488643137,12.597721461051515,12.70574951171875,82900
2015-07-23,12.464765476181643,12.50631485293327,12.140681288505078,12.173920631408691,93700
2015-07-24,12.090822228434554,12.17392018641186,11.741808744459982,11.932934761047363,131500
2015-07-27,11.79166700848651,11.866455723173752,11.675329712296037,11.824906349182129,45400
2015-07-28,11.866455623451253,11.883075689903588,11.61716017408492,11.849836349487305,73500
2015-07-29,11.849836726589642,12.040962741943469,11.824906626117777,11.991104125976562,41600
2015-07-30,11.991103094272752,11.991103094272752,11.824905608713449,11.891385078430176,6400
2015-07-31,12.040963061574598,12.040963061574598,11.816597698790847,11.87476634979248,16200
2015-08-03,11.874765295240334,11.883075328213566,11.675329258812939,11.74180793762207,21800
2015-08-04,11.71687884174694,11.766737455505584,11.633780095498032,11.650400161743164,25500
2015-08-05,11.658709763490032,11.70856917128138,11.600541114807129,11.600541114807129,81600
2015-08-06,11.509133082884329,11.509133082884329,11.293076970728187,11.376174926757812,58500
2015-08-07,11.351246074916883,11.417724759404868,11.218288705940918,11.226598739624023,41200
2015-08-10,11.218287973754222,11.53406210070665,11.218287973754222,11.525752067565918,80900
2015-08-11,11.434344560585167,11.434344560585167,11.126880453863752,11.251527786254883,109300
2015-08-12,11.143499751218622,11.284767150878906,11.118570443186929,11.284767150878906,48400
2015-08-13,11.284767009873141,11.284767009873141,11.068710896329033,11.085330963134766,63200
2015-08-14,11.110260533121249,11.176739216936655,11.060401916503906,11.060401916503906,127500
2015-08-17,11.068711564911103,11.168429594303547,11.043782255685104,11.077021598815918,40400
2015-08-18,10.977302600126027,11.11025996090913,10.827725173000845,11.043781280517578,46800
2015-08-19,10.927443120858145,10.927443120858145,10.678148467293253,10.786175727844238,59400
2015-08-20,10.711387170041364,10.86927382740559,10.711387170041364,10.82772445678711,63800
2015-08-21,10.736317642801266,10.736317642801266,10.553500867694874,10.57843017578125,53900
2015-08-24,10.046600726562122,10.462092893632592,9.689277209285223,10.029980659484863,108500
2015-08-25,10.30420331392486,10.32913340942992,9.863781929016113,9.863781929016113,47400
2015-08-26,10.013360535737869,10.212796568821798,9.872093147514665,10.16293716430664,64200
2015-08-27,10.362374776286849,10.703078223450207,10.3208254014524,10.63659954071045,20900
2015-08-28,10.561809870396976,10.619978514417452,10.445471789867685,10.478711128234863,21400
2015-08-31,10.079840763422443,10.262657551438856,10.005052041393526,10.246037483215332,35400
2015-09-01,10.005050582644335,10.104768599981053,9.780685241758809,9.905332565307617,182400
2015-09-02,9.830545650677161,9.847165719514711,9.680968201093204,9.739137649536133,77800
2015-09-03,9.68927714208287,10.005051281964908,9.68927714208287,9.930262565612793,30100
2015-09-04,9.838854070505,9.838854070505,9.622797966003418,9.622797966003418,144000
2015-09-08,9.83054509876699,9.880404509991916,9.755756378173828,9.755756378173828,76600
2015-09-09,9.89702409386024,10.021672229563132,9.788996026579792,9.797306060791016,39600
2015-09-10,9.406742045087496,9.581248780207844,9.390122771141378,9.498150825500488,82500
2015-09-11,9.56462963060795,9.572939663933237,9.473220849006585,9.506460189819336,101600
2015-09-14,9.556319662865173,9.813925150298175,9.53969959610054,9.764065742492676,33400
2015-09-15,9.647728554452707,9.722517276907828,9.548010522008703,9.697587966918945,47800
2015-09-16,9.838854292657766,9.963501621344754,9.838854292657766,9.921952247619629,24100
2015-09-17,9.730824589608812,10.071527969962084,9.697585254756987,9.863781929016113,32000
2015-09-18,9.780685987519703,9.788995228565064,9.448291778564453,9.448291778564453,17600
2015-09-21,9.464911121036431,9.464911121036431,9.19899561573197,9.232234954833984,46800
2015-09-22,8.958011565732658,8.999560944024552,8.700406846802165,8.858293533325195,82600
2015-09-23,8.783504031243176,8.800124098080069,8.642236633083204,8.700406074523926,178300
2015-09-24,8.326463780308654,8.908152681685207,8.24336502618838,8.883222579956055,78900
2015-09-25,8.966320658853375,8.991249966216735,8.891531944274902,8.891531944274902,13500
2015-09-28,8.825053682828694,8.825053682828694,8.517589569091797,8.517589569091797,55700
2015-09-29,8.492660046348872,8.658856753300352,8.417871330098604,8.608997344970703,69100
2015-09-30,8.916460607849944,8.958009978781181,8.80012332022848,8.933080673217773,60400
2015-10-01,8.974631221443866,8.982941255217893,8.79181444085746,8.841673851013184,17600
2015-10-02,8.783504408973187,9.265475273132324,8.725335757519359,9.265475273132324,53100
2015-10-05,9.365192592367318,9.506459181471097,9.365192592367318,9.439980506896973,36300
2015-10-06,9.548009559585052,9.705897022739618,9.548009559585052,9.664347648620605,13400
2015-10-07,9.905332539709935,10.104768573867982,9.755755117847222,9.872093200683594,38700
2015-10-08,9.9219535214725,10.18786907196045,9.897024211032171,10.18786907196045,67400
2015-10-09,10.229418248478126,10.337445522410107,10.171248801951128,10.312516212463379,39100
2015-10-12,10.312514774459656,10.312514774459656,10.146318077175575,10.19617748260498,33800
2015-10-13,9.93857184828954,9.980121220067268,9.672657136893436,9.6809663772583,60600
2015-10-14,9.755755374955001,9.85547339466204,9.739136101248015,9.847164154052734,247400
2015-10-15,9.830544822725754,9.946882917324842,9.72251676184555,9.938572883605957,44000
2015-10-16,9.880403593529174,9.913642933766504,9.74744544009147,9.822234153747559,16300
2015-10-19,9.722515650613317,9.74744495643225,9.672657038975451,9.705896377563477,28800
2015-10-20,9.730826330215667,9.764065671013197,9.639418341144557,9.664347648620605,35000
2015-10-21,9.622798302926853,9.622798302926853,9.523080280239698,9.53969955444336,23600
2015-10-22,9.647727273379058,9.797304698427661,9.647727273379058,9.780685424804688,23700
2015-10-23,9.872093560347745,9.880403593529174,9.780685572817182,9.822234153747559,39900
2015-10-26,9.863784442087454,9.90533381936015,9.755756378173828,9.755756378173828,41700
2015-10-27,9.705897070270522,9.764065718828961,9.705897070270522,9.730826377868652,12500
2015-10-28,9.75575570911036,9.872093798997586,9.730826401451813,9.764065742492676,6100
2015-10-29,9.70589619877942,9.855472823426139,9.647726762955608,9.830543518066406,36000
2015-10-30,9.82223374461777,9.888712422323367,9.622797711500985,9.805614471435547,60900
2015-11-02,9.838853585729685,10.0216703414917,9.739135571447221,10.0216703414917,32400
2015-11-03,10.013359615238084,10.320823669433596,10.013359615238084,10.320823669433594,60300
2015-11-04,10.420543970070778,10.487022656284273,10.19617860222235,10.270966529846191,31000
2015-11-05,10.25434787917853,10.38730525970459,10.221108534047016,10.38730525970459,30700
2015-11-06,10.154629081846943,10.270966384833804,9.963502267315267,10.22941780090332,34600
2015-11-09,10.187868437728591,10.187868437728591,10.054911067005941,10.07153034210205,19800
2015-11-10,10.021670898178508,10.270965551488395,9.938572152082962,10.237726211547852,85200
2015-11-11,10.412233018943974,10.412233018943974,10.21279697787209,10.337444305419922,30100
2015-11-12,10.154627541544071,10.287584891926265,10.104768138906588,10.179556846618652,49200
2015-11-13,10.138007700924215,10.138007700924215,9.963500976562502,9.9635009765625,27300
2015-11-16,9.946882344528888,10.088149739661247,9.946882344528888,10.079839706420898,15200
2015-11-17,10.187867498335343,10.187867498335343,10.079839446462028,10.104768753051758,30300
2015-11-18,10.138009157419205,10.270966529846191,10.113079848211257,10.270966529846191,51000
2015-11-19,10.304205318559923,10.445472717285156,10.279276010693236,10.445472717285156,15000
2015-11-20,10.503642555634753,10.6365999259295,10.503642555634753,10.619979858398438,48000
2015-11-23,10.45378176985832,10.47871107538589,10.329134449732143,10.412232398986816,71100
2015-11-24,10.395613028809466,10.453781671992008,10.387302996215295,10.437162399291992,13700
2015-11-25,10.11307785969532,10.179556532837234,10.02997912202378,10.138007164001465,12800
2015-11-27,10.179558314034587,10.179558314034587,9.921952816168188,9.938572883605957,122500
2015-11-30,9.747445215440242,9.747445215440242,9.481530499670185,9.523079872131348,53400
2015-12-01,9.523080464190821,9.631108522310711,9.514770430684273,9.5729398727417,19200
2015-12-02,9.680967898600707,9.722517276907828,9.614489210304704,9.697587966918945,17300
2015-12-03,9.955191588102052,10.063219642792022,9.921952247619629,9.921952247619629,49400
2015-12-04,9.930261794011452,9.930261794011452,9.780685165418037,9.805614471435547,34400
2015-12-07,9.930263438216649,9.930263438216649,9.755756682223383,9.797306060791016,24400
2015-12-08,9.55631987415432,9.722516583033235,9.464911882393023,9.67265796661377,25600
2015-12-09,9.772376366170079,9.946883115297704,9.772376366170079,9.813925743103027,49300
2015-12-10,9.714206558655842,9.722516592229754,9.5147705078125,9.5147705078125,19700
2015-12-11,9.456601040120129,9.456601040120129,9.307023618676416,9.323643684387207,82700
2015-12-14,9.323644282784686,9.323644282784686,9.182376885129736,9.215616226196289,61900
2015-12-15,9.348573614273958,9.348573614273958,9.223926283079,9.248855590820312,15000
2015-12-16,9.090968194463738,9.373502992621475,8.97463089580237,9.348573684692383,70000
2015-12-17,9.348573958569032,9.406742609603828,9.165757179260254,9.165757179260254,16300
2015-12-18,9.132517312465577,9.165756652932238,8.825053215026855,8.825053215026855,67600
2015-12-21,9.014142892617047,9.014142892617047,8.746482011874269,8.841458320617676,111700
2015-12-22,8.841458607117447,8.841458607117447,8.729213425824401,8.78101921081543,39900
2015-12-23,8.919166791029882,9.100485801696777,8.901898745141374,9.100485801696777,85800
2015-12-24,9.05731376793538,9.135022027128574,9.00550881075655,9.117753982543945,18000
2015-12-28,9.186828328473963,9.247267723083496,9.11775449937021,9.247267723083496,59200
2015-12-29,9.229998182084909,9.26453509412225,9.117753835532252,9.186827659606934,99700
2015-12-30,9.031412146881678,9.031412146881678,8.850093132689572,8.953703880310059,99600
2015-12-31,8.927799631188407,9.014141492060379,8.858725813120884,8.962336540222168,49000
2016-01-04,8.824190466866483,8.824190466866483,8.565163191526663,8.6083345413208,44900
2016-01-05,8.62560260803375,8.62560260803375,8.53062629699707,8.53062629699707,47000
2016-01-06,8.452917917496928,8.478820397715559,8.427015437278294,8.435649871826172,55100
2016-01-07,8.254330501979824,8.271598546894394,8.202524720386192,8.245696067810059,47900
2016-01-08,8.28886714394965,8.375209012546561,8.219793319702148,8.219793319702148,160600
2016-01-11,8.392477756950548,8.435649102326849,8.107548030261865,8.133450508117676,39700
2016-01-12,8.254330770441777,8.340672644672713,8.142085592859072,8.271598815917969,46100
2016-01-13,8.306135205557108,8.31476963946222,8.124816210674446,8.150718688964844,46700
2016-01-14,8.116181909419375,8.193890168985563,8.03847447327814,8.159353256225586,58200
2016-01-15,7.900325775146484,7.9348626869286845,7.848520819185648,7.900325775146484,64700
2016-01-19,7.900326343767403,7.900326343767403,7.770813121118752,7.779447555541992,71900
2016-01-20,7.667201246927052,7.675835680076177,7.442710925598982,7.641298770904541,281000
2016-01-21,7.442712115191282,7.5204203791040385,7.382272720336914,7.382272720336914,68500
2016-01-22,7.589493959568166,7.589493959568166,7.5117856982040765,7.563591480255127,37800
2016-01-25,7.589493959568166,7.615396438881206,7.563591480255127,7.563591480255127,23800
2016-01-26,7.511785624029118,7.6153963636831445,7.459980665914586,7.598128318786621,7400
2016-01-27,7.684470966232583,7.753544799644895,7.537688864375159,7.546323299407959,36100
2016-01-28,7.744911274289466,7.744911274289466,7.632666087888163,7.719007968902588,40200
2016-01-29,7.934862896890006,8.28023284727564,7.934862896890006,8.237061500549316,335500
2016-02-01,8.25433071546468,8.52199159425034,8.237061846678518,8.50472354888916,75200
2016-02-02,8.375209424435822,8.375209424435822,8.219793723948131,8.262964248657227,33500
2016-02-03,8.349306221904582,8.521990776062012,8.237061055846025,8.521990776062012,52100
2016-02-04,8.616967588181899,8.73784719500362,8.57379706464017,8.729212760925293,66000
2016-02-05,8.668774205649425,8.686043075472298,8.616968419605838,8.634237289428711,21900
2016-02-08,8.59106530569261,8.59106530569261,8.392478257902743,8.418380737304688,21800
2016-02-09,8.228427183302903,8.409746183386911,8.176622225236022,8.323404312133789,22900
2016-02-10,8.418381022630454,8.539260636311482,8.357941627502441,8.357941627502441,27100
2016-02-11,8.219794028631727,8.245696509102308,8.073011933590088,8.12481689453125,9800
2016-02-12,8.150718688964844,8.17662199068018,8.116181776769334,8.150718688964844,46400
2016-02-16,8.26296397921513,8.288867281305894,8.202524587853247,8.237061500549316,25700
2016-02-17,8.38384461720194,8.591066118882045,8.38384461720194,8.487455368041992,28700
2016-02-18,8.435648784325863,8.504722604954077,8.383843007142255,8.427014350891113,116100
2016-02-19,8.340672062661437,8.470186100107847,8.323404018390208,8.461551666259766,25100
2016-02-22,8.694675553238683,8.858726501464844,8.625601729803961,8.858726501464844,30100
2016-02-23,8.746481358448259,8.798286314465367,8.668773100997669,8.703310012817383,63100
2016-02-24,8.427014203874583,8.608333185716605,8.401110904022238,8.582429885864258,20100
2016-02-25,8.63423686935203,8.703310698432848,8.608334389302973,8.677408218383789,50400
2016-02-26,8.686042400807386,8.686042400807386,8.504723398875845,8.573797225952148,25300
2016-02-29,8.686041831970215,8.755115654522967,8.608333575742138,8.686041831970215,64200
2016-03-01,8.746481828954227,9.065948486328125,8.729212960402947,9.065948486328125,43800
2016-03-02,9.057313621898205,9.238632615950477,9.057313621898205,9.186827659606934,46300
2016-03-03,9.4199512622003,9.72214984893799,9.402683218531667,9.722149848937988,76000
2016-03-04,10.231570421222226,10.231570421222226,9.903469340562806,10.007080078125,89100
2016-03-07,9.981178170056076,10.024348695605653,9.860298557612275,9.894835472106934,102100
2016-03-08,10.015714257634386,10.015714257634386,9.86029774352741,9.912102699279785,286000
2016-03-09,10.110690786428806,10.214301523691171,10.07615387400802,10.162496566772461,118300
2016-03-10,10.197033295990755,10.490596634580747,10.067519259170973,10.473328590393066,112200
2016-03-11,10.5251345984655,10.646014213562012,10.490597683212927,10.646014213562012,39200
2016-03-14,10.568304357123466,10.568304357123466,10.300643510073831,10.352448463439941,86000
2016-03-15,9.972543207563652,10.041617032895742,9.687613472212544,9.765321731567383,100300
2016-03-16,9.601270610457519,9.998445510864258,9.506294308147732,9.998445510864258,67000
2016-03-17,10.533769164221962,10.740990658316159,10.38698706671565,10.654648780822754,46100
2016-03-18,10.663282930200504,10.758259239928748,10.628746015442506,10.715087890625,325700
2016-03-21,10.71508624356764,10.86186831458294,10.706451810349122,10.810063362121582,73000
2016-03-22,10.76689201945387,10.93094213348133,10.758257586235352,10.810063362121582,83400
2016-03-23,10.663282578943319,10.663282578943319,10.43879222869873,10.43879222869873,27000
2016-03-24,10.335180969402009,10.35244901363348,10.222935799910182,10.317912101745605,29600
2016-03-28,10.63737909496358,10.749624268173905,10.50786587694972,10.671916007995605,68800
2016-03-29,10.628746278310015,10.827333337223658,10.533769142807822,10.732357025146484,59700
2016-03-30,10.879138967084003,10.982749712441708,10.792796267573413,10.801430702209473,43900
2016-03-31,10.723722478736553,10.97411532017396,10.646014213562012,10.646014213562012,18600
2016-04-01,10.628745716843202,10.93094350662962,10.447426713601361,10.853235244750977,25300
2016-04-04,10.689183665760225,10.73235500801769,10.40425395965576,10.404253959655762,13600
2016-04-05,10.292009487184753,10.404254655187891,10.222935664325119,10.300643920898438,27400
2016-04-06,10.153861176651017,10.317911289345394,10.153861176651017,10.2488374710083,63700
2016-04-07,10.145229073460667,10.197034860823662,10.067520804128705,10.1193265914917,22700
2016-04-08,10.473328421313308,10.697818756103516,10.473328421313308,10.697818756103516,31000
2016-04-11,10.948211806484725,11.103627498743307,10.948211806484725,10.965479850769043,45500
2016-04-12,11.15543379055529,11.172701835632324,10.887772092748982,11.172701835632324,52200
2016-04-13,11.3712905602626,11.587146492198602,11.354021690463705,11.561244010925293,86200
2016-04-14,11.526705755776742,11.57851071230555,11.362654805444,11.448997497558594,36400
2016-04-15,11.431729316711426,11.509437579599151,11.362655488238998,11.431729316711426,37700
2016-04-18,11.250410383665807,11.379924430455548,11.103628291359097,11.112262725830078,66900
2016-04-19,11.328118422195669,11.552608773435173,11.328118422195669,11.492169380187988,27700
2016-04-20,11.37992408939188,11.448997916239557,11.319483873331436,11.405826568603516,75600
2016-04-21,11.397192418516008,11.518072030225378,11.302216110088995,11.34538745880127,57700
2016-04-22,11.198605135616402,11.25904452850854,11.138164919299292,11.164068222045898,94200
2016-04-25,11.25041009425967,11.25904452850854,11.138164919299292,11.164068222045898,37600
2016-04-26,11.25041046102881,11.405826988875218,11.25041046102881,11.362655639648438,17300
2016-04-27,11.457632434632009,11.656219482421875,11.44036356608073,11.656219482421875,41900
2016-04-28,11.587145539216024,11.733927626734443,11.561243060073059,11.569876670837402,34100
2016-04-29,11.75119578917899,11.837538485085437,11.578511220791068,11.656219482421875,42800
2016-05-02,11.466265811567009,11.552608505712037,11.440363332693483,11.474900245666504,27400
2016-05-03,11.302214921483596,11.310849355003002,11.043187679875722,11.086359024047852,38100
2016-05-04,11.09499452963085,11.267679099580263,11.043188746933534,11.181336402893066,145500
2016-05-05,11.405827046635482,11.405827046635482,11.043189028774096,11.12089729309082,33500
2016-05-06,11.043189532899484,11.241777420043945,11.025921486388032,11.241777420043945,7600
2016-05-09,11.060457110775788,11.120896501643022,10.516500122695836,10.974114418029785,49100
2016-05-10,11.241776681992471,11.509437561035156,11.241776681992471,11.509437561035156,81500
2016-05-11,11.803000729098363,11.803000729098363,11.656218650587345,11.742561340332031,76100
2016-05-12,11.733927030768486,11.863440243330311,11.561242472877746,11.83753776550293,13000
2016-05-13,11.673488520961307,11.673488520961307,11.448998167075516,11.509437561035156,11200
2016-05-16,11.518070907271374,11.587144729106667,11.474899562768089,11.500802040100098,97700
2016-05-17,11.423094764528415,11.44036363318098,11.267679063780225,11.336752891540527,81400
2016-05-18,11.08636012884811,11.267679133700298,11.008651866279317,11.01728630065918,37600
2016-05-19,10.887772008502159,10.948212224366541,10.792795702750938,10.922308921813965,30800
2016-05-20,11.077724177244148,11.155432429169885,11.060456134274467,11.12952995300293,124700
2016-05-23,10.835966254719024,11.06909019660255,10.758257999616212,10.766892433166504,44400
2016-05-24,10.956846813247857,11.034555080992707,10.81006553613819,10.835968017578125,26400
2016-05-25,10.982748732114242,11.086359468223582,10.861869128274211,10.887771606445312,21000
2016-05-26,11.10362777146923,11.10362777146923,10.956845686035095,10.991382598876953,12000
2016-05-27,10.879137181019974,10.896405224032135,10.758257586235352,10.810063362121582,11800
2016-05-31,10.801429489831708,10.887771356226077,10.63737854386005,10.697818756103516,31000
2016-06-01,10.827331667128517,10.974113741695582,10.801429190271064,10.913674354553223,151500
2016-06-02,10.818698034667664,11.008651467010358,10.818698034667664,10.991382598876953,40100
2016-06-03,11.31948486448304,11.31948486448304,11.138165847275072,11.241777420043945,73400
2016-06-06,11.36265508832211,11.44036334847484,11.319483741190044,11.397192001342773,25000
2016-06-07,11.431728751158568,11.595779703233358,11.431728751158568,11.543973922729492,12700
2016-06-08,11.846173100698818,12.087931500142677,11.846173100698818,12.079297065734863,20300
2016-06-09,12.044760320466581,12.062029189524418,11.872075747013207,11.923881530761719,75900
2016-06-10,11.65621936588058,11.682121845023545,11.543974191694437,11.569876670837402,17500
2016-06-13,11.284947660349932,11.423095322619936,11.24177713345932,11.302216529846191,16200
2016-06-14,11.310850601537682,11.397192475972517,11.025920851395245,11.112262725830078,30700
2016-06-15,11.20723886460235,11.354020954680808,11.11226255713834,11.259044647216797,18300
2016-06-16,11.164068452949708,11.37992437308609,11.094994624380066,11.34538745880127,33700
2016-06-17,11.448997483757847,11.543973786229465,11.448997483757847,11.526705741882324,17400
2016-06-20,11.803000853924782,11.967050978064755,11.803000853924782,11.83753776550293,16400
2016-06-21,11.889344904021973,11.932515430862125,11.716659502961292,11.872076034545898,23500
2016-06-22,11.949784257678468,12.105200788708249,11.949784257678468,12.02749252319336,51500
2016-06-23,12.131102369982417,12.441934585571287,12.131102369982417,12.441934585571289,44500
2016-06-24,11.872075065744268,12.165639235481573,11.872075065744268,11.949783325195312,79100
2016-06-27,11.880708842446554,11.98431957484043,11.690755421345326,11.820268630981445,154900
2016-06-28,12.010222923570074,12.295152664184572,12.010222923570074,12.29515266418457,132300
2016-06-29,12.64915613634523,12.813207090875213,12.623253657418113,12.770035743713379,180500
2016-06-30,12.795938457207134,13.020428807823919,12.76140154352955,12.95135498046875,103300
2016-07-01,12.977257310076833,13.05496557081067,12.873646570240037,13.020428657531738,35300
2016-07-05,12.813206672668459,12.934085452666318,12.718229547327361,12.813206672668457,49000
2016-07-06,12.657789913495808,12.692326824747743,12.467836489897703,12.631887435913086,28100
2016-07-07,12.683693366562876,12.718230280470996,12.554180145263672,12.554180145263672,35500
2016-07-08,12.925452881385933,13.072234974690833,12.882281532162432,13.063600540161133,51200
2016-07-11,13.124038684102251,13.262186329709918,13.124038684102251,13.201746940612793,134000
2016-07-12,13.452139729585985,13.512579118572823,13.357163429260252,13.357163429260254,16100
2016-07-13,13.434872329408858,13.642093807371987,13.305358288113185,13.573019981384277,17600
2016-07-14,13.832047482346224,13.90975574379704,13.728435918128486,13.762972831726074,64400
2016-07-15,13.659361923875066,13.927022795126557,13.659361923875066,13.901121139526367,53300
2016-07-18,13.875217519576125,14.220586643425117,13.857948651671203,14.211952209472656,56600
2016-07-19,14.220587026393645,14.332833023948593,14.17741650231862,14.315564155578613,69900
2016-07-20,14.315565373934728,14.42780973419254,14.24649154142606,14.332834243774414,173900
2016-07-21,14.419176524986554,14.522786447298422,14.306930521157007,14.384638786315918,56600
2016-07-22,14.401906134367115,14.54005378075698,14.324197877416585,14.488248825073242,96000
2016-07-25,14.51415160531791,14.574590999445382,14.298295685234091,14.34146785736084,76400
2016-07-26,14.367369495199496,14.462346626905493,14.367369495199496,14.41917610168457,54500
2016-07-27,14.462346498947818,14.488249801961173,14.32419884324318,14.42780876159668,36000
2016-07-28,14.341466930956084,14.341466930956084,14.15151267956867,14.186050415039062,61400
2016-07-29,14.384637901543806,14.712739811333837,14.384637901543806,14.704105377197266,47000
2016-08-01,14.695470135243658,14.781812825013152,14.635030746459961,14.635030746459961,35000
2016-08-02,14.755909826446251,14.755909826446251,14.401906273300952,14.514150619506836,24600
2016-08-03,14.35873353405264,14.807714194750988,14.26375805929515,14.790445327758789,69500
2016-08-04,14.85088765203791,15.222158443516408,14.807715480807893,15.127182960510254,57800
2016-08-05,15.291232640293844,15.377575337991235,15.135817760658515,15.325770378112793,55700
2016-08-08,15.1876222034125,15.299866553802307,15.023571248058236,15.196256637573242,319400
2016-08-09,15.222158392855112,15.446648741954244,15.222158392855112,15.360307693481445,298400
2016-08-10,15.45528306431067,15.45528306431067,15.20489106122194,15.291232109069824,132800
2016-08-11,15.19625711785025,15.498455735627521,15.19625711785025,15.481186866760254,46200
2016-08-12,15.299865728102374,15.446647807213647,15.135816428451413,15.204890251159668,53400
2016-08-15,15.291232392621822,15.429381694810035,15.230792999267578,15.230792999267578,122400
2016-08-16,15.291230620873025,15.308499487501903,15.14445019507684,15.161717414855957,123900
2016-08-17,15.006301701626505,15.239426472882261,14.816349099223586,15.21352481842041,91500
2016-08-18,15.248063934501571,15.291234465077043,15.058111294379248,15.144454002380371,98400
2016-08-19,15.135818571809713,15.377576162098585,14.93722986240805,15.317136764526367,43600
2016-08-22,15.213524844206878,15.325769189714798,15.032205028417343,15.05810832977295,99300
2016-08-23,15.222157521080879,15.230791954803651,14.885422840141972,14.894057273864746,58400
2016-08-24,14.85088810509995,15.04947515826658,14.790447063534026,14.93722915649414,56000
2016-08-25,14.945863337860573,14.945863337860573,14.738641853694304,14.824984550476074,124900
2016-08-26,14.885423313674266,15.204890784180309,14.531419754028322,14.53141975402832,198000
2016-08-29,14.591860679285878,15.006303673636822,14.591860679285878,14.902693748474121,95700
2016-08-30,14.885422432003983,14.911325732462066,14.773178090385215,14.850886344909668,22100
2016-08-31,15.03220451469525,15.084009468786187,14.643663241888733,14.86815357208252,42800
2016-09-01,14.850886344909668,14.894056865490011,14.695469835860761,14.850886344909668,29600
2016-09-02,14.902691821717411,15.14445102725698,14.902691821717411,15.0753755569458,93900
2016-09-06,15.10127959657615,15.498455336033095,15.10127959657615,15.455283164978027,39200
2016-09-07,15.507087434284587,15.515721868111902,15.334403698287908,15.472551345825195,115400
2016-09-08,15.57616358031034,15.662504628627634,15.38620932157245,15.532991409301758,90800
2016-09-09,15.135815661121187,15.135815661121187,14.747274398803713,14.747274398803711,97400
2016-09-12,14.557323895481522,15.014937395785752,14.453712328387173,14.99767017364502,183400
2016-09-13,14.833618402612423,14.833618402612423,14.203319540489984,14.298295021057129,107100
2016-09-14,14.177415847778322,14.43644227396964,14.177415847778322,14.17741584777832,75800
2016-09-15,14.298295123034018,14.531419902802213,14.099708079609218,14.462346076965332,46300
2016-09-16,14.401905868631337,14.52278464527962,14.168781102081232,14.470979690551758,53400
2016-09-19,14.626397439650551,14.773179529512186,14.48824978411607,14.50551700592041,14300
2016-09-20,14.678201267919793,14.70410456890559,14.565956924014332,14.635030746459961,32600
2016-09-21,14.859519261340877,14.971765250789888,14.643663362854113,14.954496383666992,24500
2016-09-22,15.204892202613628,15.308502126548786,15.014937930649088,15.04947566986084,63100
2016-09-23,14.97176472293717,15.014935242372554,14.730005532289656,14.747274398803711,75000
2016-09-26,14.652298253797548,14.764544246750399,14.583224429999587,14.591858863830566,22900
2016-09-27,14.712738589259592,14.712738589259592,14.522784347732902,14.686835289001465,23800
2016-09-28,14.686835399279198,14.954496249890457,14.652297665342365,14.94586181640625,42200
2016-09-29,15.040840096670482,15.04947453081991,14.59185940199974,14.643664360046387,20100
2016-09-30,14.704105399092386,14.738641488840177,14.609128270298596,14.643664360046387,39500
2016-10-03,14.69547034504373,15.066742763558151,14.686835911258528,15.05810832977295,20400
2016-10-04,15.09264529295875,15.09264529295875,14.773179458636655,14.816349983215332,25600
2016-10-05,14.980399652158193,15.187621116638185,14.980399652158193,15.187621116638184,58400
2016-10-06,15.144452477391123,15.282600137541897,15.10128030431275,15.265331268310547,42700
2016-10-07,15.455283448913296,15.498455620761497,15.26533083333111,15.394844055175781,14600
2016-10-10,15.532991136958826,15.57616330721046,15.455282877355787,15.498455047607422,57300
2016-10-11,15.507089793435389,15.507089793435389,15.282601067172392,15.343040466308594,19500
2016-10-12,15.299866255729114,15.4552827738948,15.256695732616377,15.334403991699219,31000
2016-10-13,15.230794435260488,15.438015937805178,15.170355036207885,15.438015937805176,40300
2016-10-14,15.679773102135368,15.679773102135368,15.41211223602295,15.41211223602295,47500
2016-10-17,15.37757556880519,15.59343149286363,15.37757556880519,15.51572322845459,121000
2016-10-18,15.671138601407009,15.869725641649467,15.627968078519478,15.817920684814453,38700
2016-10-19,15.947436651872401,15.964705522746911,15.800654543139405,15.80928897857666,50400
2016-10-20,15.800652974548917,16.076949940561526,15.800652974548917,16.068315505981445,67000
2016-10-21,15.947435598558224,16.206463704016787,15.878361766472619,16.120121002197266,86000
2016-10-24,16.413682670172577,16.474122058074745,16.327339981662423,16.396413803100586,69200
2016-10-25,16.189191934755385,16.413682260539296,16.16328863479386,16.353242874145508,28300
2016-10-26,16.17192552422575,16.27553709295809,16.068315602343425,16.2496337890625,24500
2016-10-27,16.31007362872016,16.353245803054953,16.120121002197266,16.120121002197266,28700
2016-10-28,16.18055919198532,16.215096928875866,15.930167186928605,16.025142669677734,14800
2016-10-31,16.15465669614213,16.163291130796004,16.00787624757635,16.09421730041504,18700
2016-11-01,15.947434090275092,15.947434090275092,15.351672962451673,15.498455047607422,26300
2016-11-02,15.3689414832483,15.463918618982937,15.109915027235706,15.222159385681152,34300
2016-11-03,15.44664836994101,15.541625497193605,15.153084201023805,15.178987503051758,32000
2016-11-04,15.058108476816233,15.22215777978746,14.937228049492854,14.989034652709961,55900
2016-11-07,15.49845462098266,15.714310525749271,15.49845462098266,15.627967834472656,72900
2016-11-08,15.576165809171453,15.86109559120019,15.515724761110667,15.80928897857666,24100
2016-11-09,15.256695732616377,15.550259900962693,15.153084171555957,15.334403991699219,36900
2016-11-10,14.695470955004359,14.76454478130315,13.978829389585695,13.99609661102295,167000
2016-11-11,13.676631008629005,13.676631008629005,13.054965738211784,13.521214485168457,568000
2016-11-14,13.426238460917403,13.512580335326925,13.193113670819212,13.460775375366211,51200
2016-11-15,13.68526494951566,13.987463551254788,13.607556690587032,13.961560249328613,43400
2016-11-16,13.581653843754019,13.676630973815918,13.495311971381806,13.676630973815918,21000
2016-11-17,13.650728122661443,13.754338860741184,13.486677169799805,13.486677169799805,35800
2016-11-18,13.581652774971888,13.650727420228922,13.478042042223695,13.590287208557129,29700
2016-11-21,13.77160764775343,13.883852825913458,13.754339602188423,13.875218391418457,77400
2016-11-22,14.134244815330208,14.186049769327903,13.883851185116727,13.892485618591309,28800
2016-11-23,13.728436162107581,13.849316596984863,13.650728722700734,13.849316596984863,31000
2016-11-25,13.737070366818964,13.745704801083678,13.667996539551206,13.676630973815918,33400
2016-11-28,13.832046901266873,14.030633940254193,13.79750916569523,13.952925682067871,42400
2016-11-29,13.918390735148835,13.927023522900067,13.711168421844071,13.719802856445312,82400
2016-11-30,13.875218253362158,13.927023212966722,13.814778859348504,13.849316596984863,77300
2016-12-01,13.55575120808423,13.55575120808423,13.080868033525155,13.098136901855469,114500
2016-12-02,13.115404946760817,13.253553423128428,13.080868033525155,13.098136901855469,457900
2016-12-05,13.149941417007076,13.313992366918717,13.149941417007076,13.305357933044434,540800
2016-12-06,13.305358568551016,13.56438583317694,13.305358568551016,13.521214485168457,43800
2016-12-07,13.737069518124454,13.840681076049805,13.607556305855148,13.840681076049805,234800
2016-12-08,13.797510279765376,13.840682452715836,13.745705319074833,13.806144714355469,47300
2016-12-09,13.840681630172753,13.987463715781132,13.814778327941895,13.814778327941895,13500
2016-12-12,13.719801502235715,13.90975492758869,13.67663015691573,13.69389820098877,25000
2016-12-13,13.832048038414813,13.883852999181345,13.685265943867964,13.728436470031738,57100
2016-12-14,13.711168504618158,13.7975103808768,13.391701833268666,13.40896987915039,114500
2016-12-15,13.408969441502412,13.573020400861978,13.296724264947178,13.5298490524292,173800
2016-12-16,13.59028750106884,13.598921934839927,13.434871810313904,13.452139854431152,35100
2016-12-19,13.547814518743426,13.755408861854624,13.39437484741211,13.39437484741211,41700
2016-12-20,13.457556387187113,13.466582453279624,13.385349579993097,13.430479049682617,16500
2016-12-21,13.54781489181966,13.674176369967755,13.511711489381202,13.638072967529297,90100
2016-12-22,13.683202710417419,13.863719726233013,13.610995904091181,13.818591117858887,95100
2016-12-23,14.017158817047148,14.0803404155128,13.93592594814345,14.062288284301758,69800
2016-12-27,14.098391871363997,14.197676012011469,14.071314534964324,14.125469207763672,57700
2016-12-28,14.170599470778145,14.333065219838762,14.170599470778145,14.278909683227539,16300
2016-12-29,14.287934374077063,14.486502647399902,14.287934374077063,14.486502647399902,87900
2016-12-30,14.423323575674598,14.450401774884611,14.26085868427987,14.34209156036377,75400
2017-01-03,14.612866707807264,14.838513190601804,14.603840641909956,14.7753324508667,95400
2017-01-04,15.046107904572823,15.136366844177246,14.937796832738298,15.136366844177246,23100
2017-01-05,15.154417386425987,15.343959590317285,15.14539132125794,15.29883098602295,31100
2017-01-06,15.235650442063683,15.29883290617001,15.010003949179442,15.064160346984863,41400
2017-01-09,15.163442090412394,15.29883134960478,15.163442090412394,15.190520286560059,35500
2017-01-10,15.21759866959432,15.352986208903452,15.21759866959432,15.253701210021973,105300
2017-01-11,15.109289168851816,15.569608227377202,15.037082358978,15.560582160949707,93600
2017-01-12,15.668892152067349,15.831357893425487,15.668892152067349,15.695968627929688,78800
2017-01-13,15.58765768541996,15.65083841802459,15.542527361026762,15.623760223388672,228700
2017-01-17,15.795254575934793,15.975772459706784,15.71402170039201,15.930642127990723,103900
2017-01-18,15.948693927624475,16.011874669161447,15.77720211377692,15.78622817993164,51500
2017-01-19,15.795254739074046,15.840383349710086,15.677919318492657,15.777202606201172,34200
2017-01-20,15.822332614663486,16.084081649780273,15.795254415908188,16.084081649780273,41500
2017-01-23,16.147264201819866,16.37291071876669,16.066031317995304,16.354860305786133,44900
2017-01-24,16.336806199649953,16.499271947691877,16.336806199649953,16.45414161682129,35500
2017-01-25,16.562452008597635,16.68881348674925,16.52634774538516,16.634658813476562,43400
2017-01-26,16.499271269521827,16.634658813476562,16.499271269521827,16.634658813476562,24600
2017-01-27,16.643684082975167,16.724916949770687,16.607579821490074,16.715890884399414,19000
2017-01-30,16.562451638615684,16.562451638615684,16.472192704146778,16.508296966552734,36100
2017-01-31,16.55342581921561,16.598554426348276,16.472192949140005,16.53537368774414,45700
2017-02-01,16.643685734558787,16.78809935173771,16.580504992236275,16.751995086669922,11900
2017-02-02,16.842252671433553,16.914459474207973,16.842252671433553,16.87835693359375,16500
2017-02-03,17.004718043981878,17.14913164643874,16.968613782594694,17.049846649169922,26800
2017-02-06,17.031798214125445,17.113029368569986,16.941539271741785,16.950565338134766,47300
2017-02-07,16.977641201906774,16.977641201906774,16.797125045212518,16.860305786132812,37100
2017-02-08,16.914459112059856,17.058872714516717,16.860304441525017,17.049846649169922,78400
2017-02-09,17.149132206517642,17.203286878821135,17.13108007523448,17.176210403442383,32500
2017-02-10,17.32062577840046,17.56432268941147,17.32062577840046,17.54627227783203,47400
2017-02-13,17.62750519943073,17.826073499670436,17.62750519943073,17.744840621948242,41200
2017-02-14,17.78094188004854,17.916329412831473,17.55529541822836,17.898277282714844,45000
2017-02-15,18.00658916120966,18.29541637003445,17.96145883386456,18.28639030456543,60100
2017-02-16,18.36762378985568,18.36762378985568,18.105873047090572,18.141977310180664,13200
2017-02-17,17.95243239921515,18.1600284576416,17.91632985962746,18.1600284576416,19800
2017-02-21,18.52106444703002,18.593271255493164,18.457883704818034,18.593271255493164,79300
2017-02-22,18.53911522809635,18.593269900109497,18.430804162524076,18.548139572143555,42000
2017-02-23,18.773785608131483,18.773785608131483,18.331518733687794,18.457881927490234,34500
2017-02-24,18.141977618850984,18.178080161009312,18.033666549283907,18.06977081298828,109600
2017-02-27,18.042692797821786,18.16905427897392,18.042692797821786,18.132951736450195,24500
2017-02-28,18.10587397870414,18.114900044941084,17.789968546595418,17.925357818603516,112100
2017-03-01,18.060745893589907,18.376651334873227,18.006591216141558,18.349573135375977,50500
2017-03-02,18.187106292829018,18.187106292829018,17.798994064331055,17.798994064331055,28000
2017-03-03,17.907305311804215,18.096847534179688,17.789968174722766,18.096847534179688,24300
2017-03-06,18.141978113260386,18.141978113260386,18.060745239257812,18.060745239257812,26800
2017-03-07,18.34054776562589,18.34054776562589,18.141979459740988,18.169055938720703,24300
2017-03-08,17.96145924761596,17.96145924761596,17.510166293044975,17.609451293945312,111000
2017-03-09,17.519193164297008,17.537245296480968,17.24841806772192,17.293546676635742,146500
2017-03-10,17.654580085864097,17.708736480493478,17.53724467392581,17.672632217407227,43300
2017-03-13,17.690683679415194,17.898278019666325,17.627502942951452,17.8531494140625,47500
2017-03-14,17.645553835107073,17.726786704653527,17.537244490075796,17.609451293945312,40400
2017-03-15,17.744839023919745,18.160029441725708,17.58237328310637,18.141977310180664,66600
2017-03-16,18.349571101232442,18.457882165668465,18.205157496348395,18.250286102294922,95600
2017-03-17,18.376650669096033,18.376650669096033,17.916331623596815,18.060745239257812,11800
2017-03-20,17.99756376136809,18.187105978589713,17.627503671181675,18.105873107910156,73700
2017-03-21,18.232236499370398,18.232236499370398,17.58237352709868,17.63652992248535,51100
2017-03-22,17.49211477123559,17.744839454358555,17.293546484061448,17.699710845947266,31800
2017-03-23,17.690685828848974,17.690685828848974,17.474065396848314,17.64555549621582,37900
2017-03-24,17.66360658198139,17.753865520350022,17.582373709604227,17.699710845947266,13000
2017-03-27,17.510166782468634,17.618477852073294,17.311598496663812,17.600425720214844,17100
2017-03-28,17.600424736825957,17.717760144257912,17.56432047512631,17.61847686767578,67500
2017-03-29,17.73581356408812,18.015614726411613,17.73581356408812,17.9975643157959,68900
2017-03-30,17.970485688734378,18.051718559977964,17.73581314086914,17.73581314086914,31500
2017-03-31,17.744840736148756,17.93438469256911,17.609453179589178,17.844125747680664,28900
2017-04-03,18.078795028380096,18.11489756684299,17.853148567962926,18.03366470336914,38400
2017-04-04,17.979511081974078,18.151002883911133,17.916330344825155,18.151002883911133,55300
2017-04-05,18.3495694546224,18.394698056519285,17.943405151367188,17.943405151367188,68300
2017-04-06,17.8892526312867,17.943407304370062,17.654580085864097,17.672632217407227,19800
2017-04-07,17.753864100208524,17.934381962506066,17.663605169059753,17.690683364868164,17700
2017-04-10,17.844124642623544,17.89827931758443,17.663606764025825,17.76289176940918,38700
2017-04-11,17.862176032317375,17.925356770736524,17.546270618675614,17.808019638061523,21500
2017-04-12,17.74483834053265,17.74483834053265,17.546270065822437,17.61847686767578,9300
2017-04-13,17.717760948810444,17.780943409653904,17.51919266508337,17.53724479675293,18900
2017-04-17,17.654580566801872,18.132951736450195,17.654580566801872,18.132951736450195,9400
2017-04-18,18.04269175239158,18.21418355369437,17.925356344055544,18.015613555908203,20700
2017-04-19,18.069769819743588,18.069769819743588,17.844123348632543,17.8531494140625,13700
2017-04-20,17.862176526042628,17.88925300237296,17.64555438612363,17.798994064331055,17600
2017-04-21,17.898279380252344,17.898279380252344,17.68165895810427,17.726787567138672,79500
2017-04-24,17.979509410121345,18.03366407670677,17.880224420093224,17.943405151367188,29700
2017-04-25,17.726786588328423,17.997563392221746,17.717760522710716,17.979511260986328,33300
2017-04-26,17.925357699270442,17.925357699270442,17.600426203087913,17.826072692871094,32900
2017-04-27,17.87120049974357,17.87120049974357,17.600425412780734,17.672632217407227,12200
2017-04-28,17.798993396575188,18.223209872993216,17.70873618346547,18.214183807373047,66200
2017-05-01,18.178078509506477,18.47593177182301,18.16905244440041,18.331518173217773,53500
2017-05-02,18.385675983602653,18.809890747070312,18.385675983602653,18.809890747070312,27700
2017-05-03,18.818917798436665,18.83696993098819,18.67450418111669,18.791839599609375,34900
2017-05-04,18.620345370428247,18.67450176106463,18.123923840415983,18.331518173217773,41900
2017-05-05,18.4849575554223,18.692551885062645,18.37664821889076,18.638397216796875,28500
2017-05-08,18.54814037352311,18.593270703438925,18.36762421849803,18.466907501220703,33100
2017-05-09,18.656451132071194,18.845993349912646,18.656451132071194,18.773786544799805,58700
2017-05-10,19.080665652179036,19.234105326269002,18.954304175238835,19.216054916381836,93100
2017-05-11,19.22507840777232,19.40559627100469,19.125795132385853,19.396570205688477,41800
2017-05-12,19.477805039283336,19.676373331657967,19.477805039283336,19.59514045715332,37900
2017-05-15,19.775657779653233,19.78468384562597,19.577089492891197,19.640270233154297,70500
2017-05-16,19.811761670429807,20.046432495117188,19.811761670429807,20.046432495117188,103000
2017-05-17,19.757606337818792,19.85689134544075,19.459753036499023,19.459753036499023,84100
2017-05-18,16.751994714879398,17.076926207093564,15.732073350995938,16.860305786132812,444000
2017-05-19,17.239391570544566,17.591399531599144,16.968614759194402,17.501140594482422,203300
2017-05-22,17.239391260925395,17.25744339233373,16.652710762522524,16.806150436401367,535100
2017-05-23,16.923487300911138,17.284521352354677,16.923487300911138,17.2484188079834,70700
2017-05-24,17.30257364527485,17.690685899744544,17.293547578712047,17.54627227783203,162800
2017-05-25,17.627504604929484,17.654581082226258,17.20328809745481,17.41990852355957,133100
2017-05-26,17.50113992382187,17.771916724795606,17.50113992382187,17.681657791137695,47700
2017-05-30,17.68165895810427,17.744839699370864,17.68165895810427,17.726787567138672,20100
2017-05-31,17.789967504028343,17.81704570115229,17.537244550388884,17.573347091674805,50900
2017-06-01,17.76289015121327,17.780942281737712,17.356725822142938,17.456010818481445,33000
2017-06-02,17.591399780383387,17.78996806761158,17.3928314931552,17.465038299560547,26000
2017-06-05,17.31159670925495,17.419906046130706,17.19425958583603,17.230363845825195,70700
2017-06-06,17.311597217377756,17.60042441958514,17.24841648208813,17.456010818481445,21400
2017-06-07,17.57334659994985,17.636529058137796,17.428932995755037,17.582372665405273,25700
2017-06-08,17.428934217598485,17.537245289110647,17.239391994384796,17.52821922302246,54200
2017-06-09,17.528220345137086,17.618479290251035,17.356728521575196,17.374780654907227,53000
2017-06-12,17.37478085754437,17.37478085754437,17.05887540673432,17.203289031982422,83400
2017-06-13,17.167183846406413,17.239390647926218,17.00471811260037,17.18523597717285,19800
2017-06-14,17.293544899755183,17.419906368967332,17.284518834590614,17.39282989501953,33400
2017-06-15,17.176209667366773,17.230364337349503,17.02277000112744,17.221338272094727,17900
2017-06-16,17.284520240957928,17.41990778635055,17.25744376480703,17.401857376098633,49700
2017-06-19,17.34770049032227,17.465037622146106,17.275493686717603,17.4108829498291,45900
2017-06-20,17.284518051156052,17.29354411591151,16.932510133422443,16.968612670898438,134500
2017-06-21,16.923486343138258,16.959590607012395,16.742968466859697,16.7971248626709,75900
2017-06-22,16.923487138955828,17.013746081339484,16.860306395751106,16.950565338134766,8800
2017-06-23,16.94153822537457,17.10400396732149,16.93251215953907,17.067899703979492,47500
2017-06-26,17.248416783084988,17.41088251754826,17.194260390566594,17.383804321289062,34800
2017-06-27,17.230366738738358,17.401858559387982,17.16718599469538,17.21231460571289,18400
2017-06-28,17.320623282639975,17.456010818481445,17.28451902159109,17.456010818481445,17800
2017-06-29,17.42893472139852,17.437960787747613,17.212314293658654,17.284521102905273,16300
2017-06-30,17.428933299245553,17.546270430663256,17.33867436466562,17.51016616821289,37100
2017-07-03,17.69971201056755,17.744840621948242,17.645555611055304,17.744840621948242,4700
2017-07-05,17.73581466950529,17.87120222606487,17.600427112945717,17.844125747680664,22700
2017-07-06,17.862175105178423,17.93438190555898,17.699709373935697,17.789966583251953,20400
2017-07-07,17.94340588646053,17.961458016577154,17.74483761981529,17.898277282714844,34000
2017-07-10,18.087822146762207,18.25931222715329,18.006589278557602,18.151002883911133,36400
2017-07-11,18.241260897902883,18.331519835602716,18.223210487599754,18.304443359375,20300
2017-07-12,18.54814084702374,18.936253086477254,18.530090436142675,18.927227020263672,30000
2017-07-13,18.963331651909723,19.19800421336362,18.891124842350532,18.99040985107422,25400
2017-07-14,19.089693249381096,19.25215900222159,19.089693249381096,19.152873992919922,66300
2017-07-17,19.243131576630965,19.3333905131169,19.23410551082777,19.27923583984375,72000
2017-07-18,19.36949409516507,19.459753036499023,19.32436548527115,19.459753036499023,40100
2017-07-19,19.586112840717142,19.59513718389143,19.36046638735195,19.486827850341797,123500
2017-07-20,19.604164556108902,19.66734701336359,19.48682915001349,19.631242752075195,22000
2017-07-21,19.739554556575786,19.739554556575786,19.56806275209992,19.58611488342285,14300
2017-07-24,19.667348247029064,19.667348247029064,19.522932914362748,19.577089309692383,27900
2017-07-25,19.721502735067403,19.721502735067403,19.468778057214163,19.51390838623047,22300
2017-07-26,19.495856928585695,19.568063735961914,19.405597988978904,19.568063735961914,41900
2017-07-27,19.63124546608433,19.649297599224223,19.522934388791136,19.550012588500977,10000
2017-07-28,19.56806507770695,19.694426568893178,19.17092674913369,19.676374435424805,132000
2017-07-31,19.81176117842832,19.856889784775326,19.71247617860973,19.820785522460938,25100
2017-08-01,19.838837593628835,19.9200704620446,19.775656856315685,19.856889724731445,44400
2017-08-02,19.811763315214645,20.03740981437861,19.78468511555835,20.019357681274414,44800
2017-08-03,20.172794152822853,20.21792275684099,20.00130235877132,20.1096134185791,41100
2017-08-04,20.109614833910133,20.145717375356394,19.947149093536936,20.118640899658203,31300
2017-08-07,20.11864023150629,20.4164935051166,20.046431707919833,20.362337112426758,66600
2017-08-08,20.317210541095847,20.326236607447935,20.163770856202603,20.226951599121094,45300
2017-08-09,19.99227518186419,20.046429847983532,19.96519870957742,20.028379440307617,30400
2017-08-10,19.94714784456846,19.94714784456846,19.703449249267578,19.703449249267578,90500
2017-08-11,19.685398716201657,19.91104519944598,19.42364969084219,19.775657653808594,18400
2017-08-14,19.721502184553835,20.10961439553003,19.721502184553835,19.856889724731445,23000
2017-08-15,19.96520202141659,20.046433173297373,19.929097756984174,20.03740882873535,6700
2017-08-16,20.181822250646462,20.317209797882988,20.06448511390769,20.272079467773438,18000
2017-08-17,20.19987304727464,20.37136486187696,19.82078687483831,19.865917205810547,18900
2017-08-18,20.127666528078265,20.31721047778926,19.802736748146184,20.2630558013916,27900
2017-08-21,20.407467685974122,20.488700554443362,20.208897686806658,20.326234817504883,44900
2017-08-22,20.551883718685033,20.569935851931227,20.27208081800756,20.317211151123047,63200
2017-08-23,20.43454380741781,20.732397079467773,20.43454380741781,20.732397079467773,25900
2017-08-24,20.768501654234317,20.949017800338883,20.759475588697192,20.89486312866211,49400
2017-08-25,20.939995123318525,20.976097666795066,20.85876224856367,20.867788314819336,29900
2017-08-28,20.93999474646224,21.084408360861612,20.903890482089356,21.039278030395508,46500
2017-08-29,20.867787939262552,21.084408360861612,20.858761873169332,21.039278030395508,155000
2017-08-30,21.057330710278254,21.16564178466797,20.939995291106676,21.16564178466797,35700
2017-08-31,21.355183204333432,21.409337878704736,21.24687385559082,21.24687385559082,106600
2017-09-01,21.64401048206151,21.770373684628286,21.43641612851432,21.68011474609375,78000
2017-09-05,22.275820886314083,22.393156298988316,21.878682597604477,22.12238121032715,64300
2017-09-06,22.338999252904365,22.645878572284094,22.20361172295351,22.600749969482422,65500
2017-09-07,22.654907102532636,22.96178645530795,22.654907102532636,22.790294647216797,87000
2017-09-08,22.790293476610536,22.799319541998667,22.609775611939796,22.74516487121582,26700
2017-09-11,23.033994125533713,23.09717486732244,22.871528377193496,22.907630920410156,64200
2017-09-12,22.85347420168179,22.85347420168179,22.492440194061608,22.5104923248291,48300
2017-09-13,22.438287964145474,22.736141268025897,22.402183698683057,22.700037002563477,31000
2017-09-14,22.66393274255362,23.006914630745634,22.293872657315127,22.997888565063477,20800
2017-09-15,23.142304191762584,23.34990027747039,23.006916637811337,23.33184814453125,214100
2017-09-18,23.4221055438697,23.575545220646482,23.196459061641846,23.223535537719727,131400
2017-09-19,23.29574265335235,23.31379478534199,23.061070102125203,23.151329040527344,34800
2017-09-20,23.36794945976485,23.376975525759672,23.024967559691984,23.151329040527344,18800
2017-09-21,23.178405751503785,23.178405751503785,22.889578544383454,22.94373321533203,30500
2017-09-22,22.853475140806292,23.061069488525387,22.366079640876848,23.06106948852539,104000
2017-09-25,22.880554596222513,23.124253220360703,22.29387406227755,22.302898406982422,34700
2017-09-26,22.230691172939398,22.411209051411014,22.20361469625091,22.2126407623291,19700
2017-09-27,22.059199161251343,22.059199161251343,21.598880160623217,21.74329376220703,67400
2017-09-28,21.716215075584472,21.968939733418,21.653034341512562,21.7523193359375,90800
2017-09-29,22.068226110399564,22.348027259481295,22.059200044745833,22.329975128173828,205200
2017-10-02,22.339002480395866,22.501468228427935,22.339002480395866,22.474390029907227,28900
2017-10-03,22.618802716756022,22.970812396885677,22.618802716756022,22.925682067871094,56200
2017-10-04,23.015939911207496,23.340871378495713,23.015939911207496,23.313793182373047,61000
2017-10-05,23.485287714045246,23.57554665674369,23.15133014252484,23.232563018798828,50000
2017-10-06,22.826398178261556,23.106199324504484,22.600751703845585,23.07009506225586,40500
2017-10-09,23.006915124836173,23.006915124836173,22.672959295154364,22.75419044494629,40800
2017-10-10,23.079122973023594,23.151329781747894,22.970813620710203,23.106201171875,10200
2017-10-11,23.29574326838189,23.29574326838189,23.12425317459099,23.241588592529297,31800
2017-10-12,23.25061311742363,23.25061311742363,23.10619951035949,23.133275985717773,12300
2017-10-13,23.223533081771524,23.304765944506652,23.142300219036397,23.26866340637207,33200
2017-10-16,23.133277097676892,23.205483904679763,22.916656676668286,22.97983741760254,34600
2017-10-17,22.87152683814312,22.87152683814312,22.56464749449432,22.73613929748535,22900
2017-10-18,22.93470782683437,23.061069303292584,22.781268153329677,22.997888565063477,27500
2017-10-19,22.82639927726548,22.925682560137354,22.700036074857366,22.916656494140625,6600
2017-10-20,23.061069611822795,23.061069611822795,22.925682067871094,22.925682067871094,24700
2017-10-23,22.871526452055335,22.907628992233178,22.35705277331291,22.375104904174805,37500
2017-10-24,22.438285336058765,22.51049213698024,22.176534606752213,22.447311401367188,42500
2017-10-25,22.618800377675583,22.618800377675583,22.221663852692515,22.600749969482422,19000
2017-10-26,22.573674236043622,22.600752433604423,21.842580117362356,21.851604461669922,33300
2017-10-27,22.059198887307115,22.339000021707772,21.950887826691364,22.28484535217285,26400
2017-10-30,22.104328639118247,22.26679437770267,21.526674209970075,21.625957489013672,33700
2017-10-31,21.634982875293094,21.634982875293094,21.418362471164716,21.571802139282227,186800
2017-11-01,21.671088924391984,21.860631148059834,21.625958593842913,21.707191467285156,17800
2017-11-02,21.725242054549213,21.977966723013655,21.31907943776767,21.53569984436035,34800
2017-11-03,21.680115514540343,21.680115514540343,20.903891025794728,21.16564178466797,30000
2017-11-06,21.409337382480974,21.55375099182129,21.16564049268545,21.55375099182129,19900
2017-11-07,21.156613864600793,21.156613864600793,20.714346982557544,20.89486312866211,46200
2017-11-08,21.32810316620723,21.544725288094632,21.111482765865745,21.4454402923584,49600
2017-11-09,21.18369127204995,21.201743403918748,21.021227249868904,21.1475887298584,17200
2017-11-10,20.849734266678933,20.849734266678933,20.515776732087165,20.633113861083984,251900
2017-11-13,20.506751399653044,20.696295337289893,20.41649418525513,20.651165008544922,37500
2017-11-14,20.678244722824363,20.678244722824363,20.064485979233257,20.091564178466797,59300
2017-11-15,20.019357725444838,20.38941784716654,20.019357725444838,20.217926025390625,21900
2017-11-16,20.73239751688029,21.01220038557744,20.497724976140418,20.99414825439453,46300
2017-11-17,21.021227857808192,21.57180412336098,21.021227857808192,21.23784828186035,53400
2017-11-20,21.355181361829636,21.445440292358402,21.319078822545677,21.4454402923584,51800
2017-11-21,21.662063404241128,21.996020972536805,21.63498520522922,21.833555221557617,68200
2017-11-22,21.83355466348492,22.0862776282852,21.77037392228485,21.941864013671875,37900
2017-11-24,22.01406811225012,22.059198437230005,21.977965573812074,22.023094177246094,23500
2017-11-27,21.932838076158582,21.968942340796634,21.698167242195602,21.806476593017578,143200
2017-11-28,21.95088977055422,22.176536255402098,21.87868296426474,22.014070510864258,153400
2017-11-29,21.887707540882502,21.887707540882502,21.46349279799101,21.571802139282227,359500
2017-11-30,21.030252030134303,21.120510969802975,20.768502998795853,20.93999481201172,72800
2017-12-01,21.09343473883047,21.129537282191066,20.939995056069204,20.967071533203125,27100
2017-12-04,21.138563275256658,21.301029023682304,21.03025220245753,21.23784828186035,36500
2017-12-05,21.436415703355348,21.571803247698913,21.102458153864927,21.183691024780273,16300
2017-12-06,21.400309343534552,21.45446573320331,21.093431743140883,21.355180740356445,30700
2017-12-07,20.81363136176017,21.066356045535056,20.71434807869002,20.976097106933594,53700
2017-12-08,21.219796342562002,21.598882518489354,20.91291697530909,21.066356658935547,32000
2017-12-11,21.14758910196808,21.264924518087792,20.94901909100938,21.039278030395508,12800
2017-12-12,20.795580522892806,21.43641570282463,20.750450193748716,21.418363571166992,328400
2017-12-13,21.210767653952942,21.445440183518354,20.77752685546875,20.77752685546875,52600
2017-12-14,20.69629749965388,20.759478244951996,20.54285780898152,20.61506462097168,10600
2017-12-15,20.94901768148912,21.066354811260073,20.804604076806378,21.030250549316406,25900
2017-12-18,21.41138304995465,21.505956659959644,21.22223763378624,21.2316951751709,26200
2017-12-19,21.23169544876308,21.307353976973697,20.96688969810512,21.052005767822266,47800
2017-12-20,21.2316949875921,21.364096958124392,21.193864822387695,21.193864822387695,40600
2017-12-21,21.212778916954168,21.45866956780517,21.212778916954168,21.439754486083984,18800
2017-12-22,21.47758202554059,21.487039566040036,21.260064005577526,21.48703956604004,33900
2017-12-26,21.723475502699596,21.78022075310358,21.628903693042904,21.732933044433594,46400
2017-12-27,21.85587782919078,21.88424864866379,21.770761763088718,21.846420288085938,29800
2017-12-28,22.13014022127347,22.13014022127347,21.997738248011935,22.09231185913086,33300
2017-12-29,22.13013958574785,22.300371720104927,22.054481059793762,22.177427291870117,124700
2018-01-02,22.584090916894795,22.76378059387207,22.432773863811263,22.76378059387207,80700
2018-01-03,22.85835366192888,22.934012186679734,22.76378005502994,22.86781120300293,60100
2018-01-04,23.075872337337557,23.085329878674816,22.952927907636298,23.038043975830078,52700
2018-01-05,22.905637308593253,23.066411883342116,22.88672403214853,23.028583526611328,35700
2018-01-08,22.943468810046166,23.04749995385805,22.84889520693004,22.896181106567383,41500
2018-01-09,22.886726742224088,22.886726742224088,22.725952148437496,22.7259521484375,34200
2018-01-10,22.782696501557375,22.7921540431978,22.650294526274656,22.716495513916016,56900
2018-01-11,22.839439930077635,23.05695797611608,22.773238942486945,22.99075698852539,42800
2018-01-12,22.99075734916102,23.085330963134766,22.943471444094975,23.085330963134766,106600
2018-01-16,23.208275923087932,23.293390186746528,22.95292772058748,23.000213623046875,38000
2018-01-17,23.09478759765625,23.142073500864708,23.00021398739775,23.09478759765625,21100
2018-01-18,23.236646009017463,23.236646009017463,22.990755355544504,23.06641387939453,18600
2018-01-19,23.24610328674316,23.28393345016054,23.06641361819357,23.246103286743164,41200
2018-01-22,23.246103920170835,23.265019002394936,23.047500968342344,23.160987854003906,24300
2018-01-23,22.8205236699067,23.000213343987028,22.621920717377016,22.669206619262695,84800
2018-01-24,23.36904738984851,23.96485982861511,23.274475590284307,23.917573928833008,58400
2018-01-25,24.040518633123774,24.48501222936067,23.927029946934848,24.267494201660156,79100
2018-01-26,24.17292043300369,24.466098785400394,24.17292043300369,24.46609878540039,59800
2018-01-29,24.305325732247702,24.314781469774008,23.993234082473947,24.116178512573242,22400
2018-01-30,23.841914858337194,23.860829940782516,23.643311904185975,23.76625633239746,82100
2018-01-31,24.059432424538997,24.239120279259765,23.841912604662138,23.90811538696289,35000
2018-02-01,24.06889297221023,24.314781836113514,24.06889297221023,24.210752487182617,59300
2018-02-02,23.67168214394726,23.841912457287098,23.35959053039551,23.359590530395508,53600
2018-02-05,23.132615779496497,23.179903486178667,22.394945593670325,22.527347564697266,81300
2018-02-06,22.37603050345348,23.19881856103016,21.988280327998257,23.056957244873047,22400
2018-02-07,23.028583655001622,23.056954471747552,22.546259928065957,22.55571746826172,22000
2018-02-08,22.820524235958406,22.820524235958406,22.016653060913082,22.016653060913086,69500
2018-02-09,22.309828616505648,22.63137779347712,21.751846327281115,22.281455993652344,67400
2018-02-12,22.32874253632192,22.66920497363494,22.32874253632192,22.47060203552246,30600
2018-02-13,22.50843148191094,22.631377709980164,22.41385968043183,22.51788902282715,23500
2018-02-14,22.423317036591254,23.085330517794905,22.423317036591254,22.95292854309082,30800
2018-02-15,23.18936011714581,23.265018641025506,23.000212905525817,23.047500610351562,158200
2018-02-16,22.943470356557235,23.19881856103016,22.943470356557235,23.056957244873047,10300
2018-02-20,23.075871252961047,23.47307895125267,23.075871252961047,23.265018463134766,36700
2018-02-21,23.416336242605578,23.529823129188458,23.19881820678711,23.19881820678711,32200
2018-02-22,23.444709403510352,23.520367930913498,23.369049072265625,23.369049072265625,18100
2018-02-23,23.586567925910717,23.64331136811858,23.45416415563703,23.596025466918945,7700
2018-02-26,23.79462987451767,23.832460040868522,23.652770358385208,23.737886428833008,13800
2018-02-27,23.737883590797136,23.78516948924071,23.444707051995877,23.491992950439453,11500
2018-02-28,23.614937343542906,23.614937343542906,23.236644744873047,23.236644744873047,22400
2018-03-01,23.350136254560006,23.406879700272892,23.151531488802473,23.227190017700195,8700
2018-03-02,23.07587069559722,23.170444298399794,22.80160923169534,23.132614135742188,14000
2018-03-05,23.113701047914812,23.265018092103986,23.009669903594208,23.17044448852539,61900
2018-03-06,23.42579423670629,23.510910305209848,23.293390461344334,23.331220626831055,13800
2018-03-07,23.03804279425774,23.03804279425774,22.80160968447707,22.97184181213379,20600
2018-03-08,22.971843904041258,22.971843904041258,22.66920798073593,22.773239135742188,7500
2018-03-09,23.21773294039302,23.331221637929847,23.02858751628718,23.085330963134766,14900
2018-03-12,23.39742161259125,23.42579423670629,23.246104558327502,23.331220626831055,16300
2018-03-13,23.548735924275785,23.633851982866386,23.321760369314635,23.359590530395508,11800
2018-03-14,23.5771090824148,23.5771090824148,23.16098632024847,23.25555992126465,65000
2018-03-15,23.028586152763065,23.056956972586196,22.93401254438903,22.981298446655273,25300
2018-03-16,22.943471444094975,23.142074409982353,22.943471444094975,23.085330963134766,13600
2018-03-19,22.981298999636927,23.07587261028662,22.744865874933495,22.858354568481445,28200
2018-03-20,22.820524499052226,22.820524499052226,22.621921539306637,22.62192153930664,9700
2018-03-21,22.735408059055843,22.86781001955744,22.716492977886638,22.80160903930664,9200
2018-03-22,22.773237502213554,22.839438485617425,22.5651770109669,22.574634552001953,15300
2018-03-23,22.67866251409383,22.67866251409383,22.47060203552246,22.47060203552246,4800
2018-03-26,22.773237777478464,22.981298271239993,22.555719742567565,22.650293350219727,6800
2018-03-27,22.631378724486684,22.650293807167014,22.23417100740756,22.25308609008789,8500
2018-03-28,22.224711722080652,22.234169262678677,21.89370501651542,22.054479598999023,17800
2018-03-29,22.290913992652683,22.66920661926269,22.290913992652683,22.669206619262695,6600
2018-04-02,22.64083699931681,22.64083699931681,22.17742828168515,22.205799102783203,27400
2018-04-03,22.517889479353,22.517889479353,22.06393832922054,22.101768493652344,14900
2018-04-04,21.780217060088884,22.045020968374576,21.62890002568525,22.007192611694336,25100
2018-04-05,22.62191923588128,22.62191923588128,22.243626634045423,22.271997451782227,15900
2018-04-06,22.300371159595098,22.300371159595098,21.884248375385912,22.04502296447754,17300
2018-04-09,22.130138734334025,22.130138734334025,21.43029694522339,21.439754486083984,22400
2018-04-10,21.60053170547015,21.742391227984402,21.496500547166907,21.647817611694336,6600
2018-04-11,21.714016422767422,21.893706095301066,21.714016422767422,21.827505111694336,4200
2018-04-12,22.00719497397818,22.00719497397818,21.81804775874964,21.86533546447754,10600
2018-04-13,21.940993983545958,21.940993983545958,21.581614635482477,21.609987258911133,7400
2018-04-16,21.751845103088574,21.751845103088574,21.354637424704606,21.430295944213867,19200
2018-04-17,21.600529537682025,21.83696265275837,21.600529537682025,21.827505111694336,22600
2018-04-18,22.11122540768094,22.243629186397264,22.03556687863231,22.167970657348633,7700
2018-04-19,22.120681677689692,22.15851184196016,21.969364628290855,22.082853317260742,3400
2018-04-20,22.045023881211602,22.09231158811176,21.836963382375643,22.016653060913086,7300
2018-04-23,21.90316290879187,21.950448808699804,21.770760945976495,21.893705368041992,7700
2018-04-24,21.723473233958764,21.761303396943877,21.60998635268634,21.619443893432617,26700
2018-04-25,21.383011139098528,21.477582940438737,21.203321469637455,21.458669662475586,43000
2018-04-26,21.543786639055853,21.751847136192996,21.543786639055853,21.704561233520508,12600
2018-04-27,22.026110602464893,22.026110602464893,21.751847313966575,21.76130485534668,7000
2018-04-30,21.874789997885387,21.874789997885387,21.534327554589765,21.543785095214844,2500
2018-05-01,21.250608724359058,21.43029840526964,21.11820675097315,21.307353973388672,5200
2018-05-02,21.28843769080495,21.28843769080495,20.995261136038426,21.004716873168945,51500
2018-05-03,21.004718158134285,21.004718158134285,20.739914210084407,20.81557273864746,15700
2018-05-04,20.796656749752962,20.91014543957537,20.796656749752962,20.825029373168945,12600
2018-05-07,20.73991219492271,20.872314156083014,20.531849908709166,20.54130744934082,13500
2018-05-08,20.52239590057644,20.541309179591433,20.229217527824215,20.48456573486328,12000
2018-05-09,20.503477719971706,20.503477719971706,20.32378806766561,20.41836166381836,72400
2018-05-10,20.787200196805838,20.95743233771126,20.787200196805838,20.85340118408203,11900
2018-05-11,20.853400458914045,20.86285800017342,20.389991760253906,20.389991760253906,7800
2018-05-14,20.46564991919941,20.46564991919941,19.973870409428443,20.021156311035156,14500
2018-05-15,19.510460172247843,19.595576239334346,19.20782606875875,19.586118698120117,28600
2018-05-16,19.74689292907715,19.756350470117997,19.671234404591853,19.74689292907715,11800
2018-05-17,19.727977683788815,19.727977683788815,19.122707744415536,19.217281341552734,33700
2018-05-18,18.734957217437277,18.90518932786169,18.583640186802526,18.848445892333984,30800
2018-05-21,19.207826437085632,19.207826437085632,19.028138562094277,19.15108299255371,9900
2018-05-22,19.49154592287087,19.860380992647922,19.463173300641305,19.813095092773438,6700
2018-05-23,19.813096079578482,19.813096079578482,19.586118698120117,19.586118698120117,4300
2018-05-24,19.444258651660775,19.444258651660775,19.283484063133322,19.4158878326416,7300
2018-05-25,19.491547362598862,19.491547362598862,19.15108308606179,19.169998168945312,36900
2018-05-29,18.26209515044128,18.5458159995332,18.120235627816168,18.158065795898438,46600
2018-05-30,18.413410186767578,18.413410186767578,18.233722319695318,18.413410186767578,11700
2018-05-31,18.526899975052146,18.545815058133137,18.441783905029297,18.441783905029297,17700
2018-06-01,18.706589745401935,18.91465024875526,18.564728425462977,18.716047286987305,16500
2018-06-04,19.009222306203377,19.09433836966936,18.933563783549335,19.084880828857422,7600
2018-06-05,19.00922273892968,19.00922273892968,18.43232536315918,18.43232536315918,32400
2018-06-06,18.281007845642414,18.281007845642414,18.01620211519467,18.044574737548828,42000
2018-06-07,17.666281326004896,17.666281326004896,16.39899977965781,17.051555633544922,49900
2018-06-08,17.779769900533093,18.12023417052543,17.31636120184439,18.035118103027344,24000
2018-06-11,18.035117459118556,18.22426466988151,17.84597205219709,17.864885330200195,30400
2018-06-12,17.83651551010426,18.14860716265095,17.81760042720044,17.874343872070312,10100
2018-06-13,17.96891647650397,17.96891647650397,17.789226806663315,17.864885330200195,19300
2018-06-14,17.978373813954256,17.978373813954256,17.278532028198242,17.278532028198242,39500
2018-06-15,17.40147808216634,17.571710225114057,17.19341757625337,17.477136611938477,23900
2018-06-18,17.354190645950794,17.354190645950794,17.183958518026465,17.297447204589844,12500
2018-06-19,17.193416868671772,17.552794419339115,17.127215883325807,17.524423599243164,15700
2018-06-20,17.72302627945336,17.732483820618675,17.44876480102539,17.44876480102539,25800
2018-06-21,17.477134973794293,17.477134973794293,17.231244324121942,17.278532028198242,13800
2018-06-22,17.496049041212625,17.496049041212625,17.18395742776627,17.269073486328125,12500
2018-06-25,17.36364654841923,17.392017364501953,17.174499356608305,17.392017364501953,11200
2018-06-26,17.316360387617813,17.35419055087885,17.20287350551763,17.278532028198242,9000
2018-06-27,17.108302005136792,17.165045453165032,16.739466887190705,16.805667877197266,32600
2018-06-28,16.909696402400122,16.92861148542959,16.79620951190652,16.85295295715332,11600
2018-06-29,17.02318354579728,17.070469445221253,16.909694861801732,16.947525024414062,12900
2018-07-02,16.834036503534875,16.834036503534875,16.720549622281116,16.748920440673828,5000
2018-07-03,16.95698302034985,17.10830006717904,16.95698302034985,17.079927444458008,6500
2018-07-05,17.03264108645036,17.042098627103446,16.919152402454817,16.947525024414062,16200
2018-07-06,16.85295285904096,17.354191733354206,16.85295285904096,17.34473419189453,13900
2018-07-09,17.496051519122414,17.496051519122414,17.26907593209209,17.420392990112305,9300
2018-07-10,17.429848362095154,17.628451299584487,17.40147574080751,17.618993759155273,22100
2018-07-11,17.55279394792537,17.55279394792537,17.13667296440029,17.15558624267578,11000
2018-07-12,17.297447204589844,17.344733105083723,17.174500977159393,17.297447204589844,6600
2018-07-13,17.287989761498835,17.628452215431576,17.269074679657713,17.59062385559082,12100
2018-07-16,17.628452489538127,17.732483637440396,17.552793964838706,17.666282653808594,4500
2018-07-17,17.723026991425936,17.959460118532217,17.723026991425936,17.931087493896484,6300
2018-07-18,17.817599429430203,17.959458935581672,17.817599429430203,17.864885330200195,7500
2018-07-19,17.675739215440082,17.921629858048448,17.61899397217871,17.912172317504883,5300
2018-07-20,18.54581259912284,18.73495799332892,18.54581259912284,18.564725875854492,27000
2018-07-23,18.545814051644438,18.545814051644438,18.347209297755615,18.43232536315918,3000
2018-07-24,18.640386954304333,18.82007663674316,18.640386954304333,18.716047286987305,8700
2018-07-25,18.84844762639681,19.132166633978873,18.84844762639681,19.06596565246582,17000
2018-07-26,18.9051914096979,18.9051914096979,18.574184692293503,18.649843215942383,8700
2018-07-27,18.76333309752162,18.838991625985756,18.687674569057485,18.697132110595703,11200
2018-07-30,18.820077093497503,18.86736480257201,18.593101501464844,18.593101501464844,7200
2018-07-31,18.4228680986264,18.470155804472252,18.233722686767578,18.233722686767578,12700
2018-08-01,18.356666384031396,18.451239988119312,18.24317950219907,18.299922943115234,14300
2018-08-02,18.309381031100045,18.517441523238357,18.309381031100045,18.45124053955078,12500
2018-08-03,18.64984394670676,18.90519215046769,18.60255804401395,18.838991165161133,8500
2018-08-06,18.867362700103055,18.96193450003022,18.791704177856445,18.791704177856445,54500
2018-08-07,18.867364445680558,18.961936254357354,18.451241632904484,18.4796142578125,22700
2018-08-08,18.640385854233724,18.640385854233724,18.42286782213195,18.43232536315918,14300
2018-08-09,18.025660749019522,18.12023435876,17.902716319045993,18.072948455810547,8300
2018-08-10,17.600080842056954,17.940543285264123,17.354190197393123,17.439306259155273,38500
2018-08-13,17.23124549822002,17.420392719730344,17.117758608387096,17.34473419189453,14900
2018-08-14,17.581166326724436,17.883800421023917,17.57170878579739,17.845972061157227,10800
2018-08-15,17.60008267295192,17.60008267295192,17.28799101530502,17.420392990112305,22700
2018-08-16,17.72302710615274,17.72302710615274,17.420392990112305,17.420392990112305,11900
2018-08-17,17.193415870304754,17.29744701485998,17.098842266512868,17.25961685180664,13400
2018-08-20,17.269074931536313,17.306903291928815,17.089385259107768,17.15558624267578,8800
2018-08-21,17.07046998422375,17.127215229933977,16.569232940673828,16.569232940673828,9500
2018-08-22,16.493574865644018,16.739465525553843,16.38008617497735,16.701635360717773,17800
2018-08-23,16.69217575205744,16.70163329209507,16.153108596801758,16.153108596801758,34300
2018-08-24,16.427374062265653,16.427374062265653,16.115282414290938,16.228769302368164,11800
2018-08-27,16.436828359108276,16.692176540664022,16.408457541496354,16.616518020629883,17200
2018-08-28,16.52194550109112,16.52194550109112,16.228768942248777,16.389543533325195,8600
2018-08-29,16.408458079148495,16.493574142456055,16.323342015840936,16.493574142456055,10300
2018-08-30,16.37062743595676,16.37062743595676,15.992334834482813,16.105823516845703,19900
2018-08-31,16.153111575377945,16.455745697021484,16.02070959811931,16.455745697021484,144900
2018-09-04,15.907221085960906,15.96396453346993,15.699160575866701,15.6991605758667,50100
2018-09-05,15.793732643127443,15.831561003145652,15.661328873459972,15.793732643127441,8400
2018-09-06,15.831561361190786,15.907219886779787,15.718074474728056,15.907219886779785,9200
2018-09-07,16.162566956106442,16.21931039536718,16.02070745603389,16.105823516845703,17100
2018-09-10,16.030164438069043,16.124736232261643,15.850474782188677,15.954505920410156,17500
2018-09-11,15.604584903580598,15.604584903580598,15.368151798980891,15.415437698364258,26900
2018-09-12,15.642416091285751,15.651871828708957,15.405982971191406,15.405982971191406,5900
2018-09-13,15.387067790223682,15.4816413984247,15.131719589233398,15.131719589233398,16800
2018-09-14,15.311408902151395,15.311408902151395,15.065518248183333,15.29249382019043,11500
2018-09-17,15.254663302841678,15.453268051147463,15.226292484399035,15.453268051147461,13200
2018-09-18,15.510011852752786,15.632958081669742,15.472183492668607,15.566755294799805,8400
2018-09-19,15.6045867299699,15.784276415572489,15.510013116292663,15.651872634887695,9100
2018-09-20,15.878849029541014,15.94505001379467,15.680244272938511,15.878849029541016,65000
2018-09-21,15.888303778465444,16.238225564119997,15.888303778465444,16.143651962280273,102300
2018-09-24,16.14365263962223,16.19094034444686,15.68970149635475,15.793732643127441,83700
2018-09-25,15.623500513441764,15.793732643127443,15.510011825704145,15.793732643127441,22100
2018-09-26,15.963964426685404,16.07745312478599,15.916678521384462,15.935593605041504,7100
2018-09-27,16.134197680212004,16.27605720970116,16.030168320635575,16.2476863861084,11700
2018-09-28,16.124737701630757,16.257141472480136,16.001793275672238,16.09636688232422,9000
2018-10-01,16.067993971331738,16.067993971331738,15.755902337660114,15.765359878540039,34300
2018-10-02,16.26659973596789,16.61651975112704,16.200396945682222,16.559776306152344,89800
2018-10-03,17.335275733308173,17.458220158096367,16.83403688551308,17.09884262084961,54500
2018-10-04,17.023184011767196,17.07046991248551,16.730007458862378,17.06101417541504,19100
2018-10-05,17.20287350551763,17.401476451113684,17.07992727876072,17.278532028198242,49700
2018-10-08,18.58364130603887,18.9146480069284,18.167518544810854,18.40395164489746,139100
2018-10-09,18.44178363343802,18.75387528431177,18.366125106069887,18.62147331237793,61400
2018-10-10,18.347208359460236,18.347208359460236,17.912172317504883,17.912172317504883,33000
2018-10-11,18.233723608667557,18.233723608667557,17.65682619507083,17.71356964111328,40300
2018-10-12,18.176975876867473,18.460696676023247,18.016201298498284,18.091859817504883,44100
2018-10-15,18.07294632614463,18.07294632614463,17.713567012247378,17.779767990112305,23900
2018-10-16,18.054033281139095,18.30938148498535,18.054033281139095,18.30938148498535,29200
2018-10-17,18.205349799144415,18.716046191821484,18.205349799144415,18.687673568725586,32100
2018-10-18,18.649844228429473,18.67821685277869,18.385040283203125,18.385040283203125,46900
2018-10-19,18.687674662231192,18.763333191072547,18.564728425462977,18.716047286987305,22000
2018-10-22,19.065964834467415,19.27402531084496,19.009221396153794,19.113250732421875,85000
2018-10-23,18.78224575256867,19.09433736761854,18.63092871520154,19.075422286987305,40900
2018-10-24,19.255113874318145,19.255113874318145,18.545814514160156,18.545814514160156,72100
2018-10-25,18.73496072384786,19.13216845456527,18.69713236102991,19.04705238342285,17900
2018-10-26,19.028137056077014,19.50100326538086,18.96193427154767,19.50100326538086,75100
2018-10-29,19.973869633141636,19.983325370022264,18.810617378106357,19.02813720703125,151500
2018-10-30,19.113251399017223,19.54828925150444,19.084880580791637,19.53883171081543,94500
2018-10-31,19.5672048802155,19.633405863048893,19.21728308029993,19.4158878326416,145700
2018-11-01,19.62394976441924,19.93604142345875,19.605034681121907,19.83201026916504,25800
2018-11-02,20.087356567382812,20.18193017101289,19.860381000975494,20.087356567382812,66700
2018-11-05,20.10627127579197,20.10627127579197,19.926581612613223,19.992782592773438,9100
2018-11-06,19.99278441824589,19.99278441824589,19.661779487221885,19.699607849121094,93000
2018-11-07,19.803639365339635,19.803639365339635,19.529376070198783,19.79418182373047,36000
2018-11-08,19.642862552836228,19.642862552836228,19.188911429785183,19.20782470703125,54800
2018-11-09,19.359143219849074,19.359143219849074,19.04705157354418,19.330772399902344,110500
2018-11-12,19.198369442377903,19.264572234032165,19.037594841757958,19.04705238342285,5700
2018-11-13,18.914649237345035,18.914649237345035,18.59310005600285,18.706588745117188,102700
2018-11-14,18.914649142016525,19.084881272909314,18.706588650837286,18.96193504333496,84300
2018-11-15,18.99030821238923,19.519917898515985,18.99030821238923,19.368600845336914,86600
2018-11-16,19.359142139455876,19.623947868510264,19.330771321092463,19.55774688720703,26700
2018-11-19,19.501004714082583,19.501004714082583,19.264571591866382,19.387516021728516,17500
2018-11-20,19.037595037885904,19.217284723686824,18.82007698887732,18.82953453063965,69900
2018-11-21,19.24565605386689,19.24565605386689,18.999765396118164,18.999765396118164,26800
2018-11-23,19.028136929645726,19.028136929645726,18.876818084139803,18.952478408813477,31800
2018-11-26,18.687672073601142,18.75387305168692,18.22426342315934,18.290464401245117,32500
2018-11-27,18.375582464173643,18.848448706468005,18.375582464173643,18.838991165161133,19600
2018-11-28,18.924104813884615,19.22673888165059,18.706586803157986,19.217281341552734,27400
2018-11-29,19.283484964408725,19.321315129991063,19.15108299255371,19.15108299255371,3800
2018-11-30,19.198369166184975,19.29294277763173,19.17945588696891,19.226741790771484,14300
2018-12-03,19.709064377685866,19.709064377685866,19.37805765983108,19.43480110168457,18400
2018-12-04,19.482089353397612,19.482089353397612,18.97139295085368,19.056509017944336,8600
2018-12-06,18.829532468364096,19.302398681640625,18.69713050587593,19.302398681640625,18100
2018-12-07,19.245655135986308,19.387514638426016,18.895733346383018,19.00922203063965,9700
2018-12-10,18.857904592795457,18.857904592795457,18.52689789147041,18.659299850463867,18200
2018-12-11,18.933565046264267,18.94302258770695,18.63093093546486,18.914649963378906,14900
2018-12-12,19.387517478960437,19.406432563081434,19.264573039857382,19.274028778076172,27700
2018-12-13,19.340230579068482,19.368601399950975,19.122710730533584,19.245656967163086,9700
2018-12-14,19.04704928943693,19.160537967139035,18.96193323212069,18.98084831237793,9900
2018-12-17,19.047052485614028,19.09434019419221,18.810619354248047,18.810619354248047,14300
2018-12-18,18.95248039912868,19.122710735997096,18.914650232819067,18.99030876159668,13800
2018-12-19,19.18891270038452,19.255113684732805,18.716046464935022,18.76333236694336,39000
2018-12-20,19.22054725338542,19.239962392695954,19.02640141486886,19.181718826293945,33800
2018-12-21,19.152596637379656,19.17201177721737,18.793425808030157,18.919620513916016,53800
2018-12-24,18.628400629901343,19.123475581467453,18.628400629901343,18.71576690673828,19400
2018-12-26,18.725475965287355,19.11376953125,18.647815400565058,19.11376953125,18700
2018-12-27,18.887776983667145,19.374826431274414,18.790368580502648,19.374826431274414,29800
2018-12-28,19.345603129124797,19.452752735751897,19.277416509104082,19.413789749145508,27200
2018-12-31,19.71576019653359,19.71576019653359,19.345603456747007,19.5014591217041,104600
2019-01-02,19.676798125344785,20.436594062897342,19.608609643048634,20.387889862060547,51600
2019-01-03,20.602190344956945,20.699600601730786,20.465817100241242,20.68985939025879,35200
2019-01-04,20.58270889131747,21.03079535040048,20.563228325402193,20.90416145324707,25600
2019-01-07,21.040535183170096,21.098980592977362,20.59244875345817,20.699600219726562,12000
2019-01-08,20.835974174623782,20.92364322130646,20.71908335101098,20.777528762817383,12000
2019-01-09,21.098981093189014,21.254836761667452,21.0210532589498,21.11846351623535,35500
2019-01-10,21.22561569487297,21.22561569487297,20.94312612509244,21.196392059326172,9400
2019-01-11,21.108722957018703,21.293802265786006,20.98209091919656,21.24509620666504,14800
2019-01-14,21.23535455662725,21.51784411986083,21.176909144834354,21.35224723815918,11300
2019-01-15,21.527584561599387,21.566547548752514,21.264577431017997,21.371728897094727,68700
2019-01-16,21.284060011363266,21.352246632846317,21.128204345703125,21.128204345703125,24800
2019-01-17,21.079499641785553,21.508103678830476,21.050277863815218,21.332765579223633,21700
2019-01-18,21.51784488559625,21.51784488559625,21.235355312309977,21.381471633911133,20300
2019-01-22,21.37173027581094,21.41069326547762,20.865198404520775,21.001571655273438,30500
2019-01-23,21.303543741857126,21.43017578125,21.079499583014034,21.43017578125,44000
2019-01-24,21.517844658660547,21.878260208011913,21.43991682167002,21.6737003326416,34900
2019-01-25,21.965929468384566,22.092563365929927,21.77111080300539,21.90748405456543,15600
2019-01-28,21.459398976729283,21.712664908264113,21.381471140714424,21.53732681274414,59000
2019-01-29,21.878260149024683,21.985411621327582,21.74188689914549,21.77111053466797,6000
2019-01-30,22.024375752654112,22.306863455069333,21.878259437738315,22.267900466918945,30100
2019-01-31,22.56012987279407,22.647798920476774,22.462719613374833,22.638057708740234,22000
2019-02-01,22.638057326635888,22.832877842186022,22.55038828043294,22.647798538208008,26100
2019-02-04,22.530906237584453,22.745209179896012,22.530906237584453,22.638057708740234,11900
2019-02-05,22.677022826003483,22.891323912923415,22.60883434303487,22.774431228637695,21500
2019-02-06,22.40427294551692,22.530904975104008,22.219193648785577,22.238676071166992,34600
2019-02-07,22.12178360340962,22.141266025974737,21.790591709533043,21.897741317749023,18700
2019-02-08,21.888000923405272,21.89774213505141,21.595772005805816,21.82955551147461,36800
2019-02-11,21.741885862394856,21.741885862394856,21.46913937564225,21.605512619018555,6500
2019-02-12,21.75162843333573,22.014635583097117,21.72240479738017,21.858779907226562,7900
2019-02-13,21.839296837166643,21.85877926056065,21.60551333027702,21.634735107421875,4400
2019-02-14,21.410692906386586,22.1412670653593,21.36198870563354,22.112045288085938,19500
2019-02-15,22.160749001025085,22.27764168138393,22.004893332510708,22.219194412231445,65600
2019-02-19,22.11204523478915,22.336087530427026,22.11204523478915,22.160749435424805,14000
2019-02-20,22.160749550821496,22.209453751710768,21.946448465784066,21.96592903137207,17600
2019-02-21,21.810073144873733,21.810073144873733,21.57628963859726,21.732145309448242,30400
2019-02-22,21.87825965539578,22.024375971765227,21.839296666857766,21.926965713500977,7800
2019-02-25,22.258160138158065,22.258160138158065,22.014635414234995,22.053598403930664,46800
2019-02-26,22.014634218986046,22.170489885199185,21.975669373459713,22.13152503967285,12500
2019-02-27,22.15100849368827,22.297122955322266,22.08282186878882,22.297122955322266,6400
2019-02-28,22.32634516630609,22.32634516630609,22.06333803737823,22.141265869140625,66300
2019-03-01,21.9464474255176,21.95618863682295,21.751626915302708,21.849037170410156,13500
2019-03-04,21.888001306777937,21.89774251859469,21.693182644281393,21.819814682006836,9400
2019-03-05,21.790592089648634,21.98541074485998,21.790592089648634,21.88800048828125,8700
2019-03-06,21.829554679333906,21.829554679333906,21.20613202131527,21.371728897094727,13700
2019-03-07,21.303542050365916,21.303542050365916,20.85545562620379,21.0892391204834,37800
2019-03-08,21.079498511975956,21.420433480944176,21.001570678321457,21.313282012939453,11500
2019-03-11,21.58603047080484,21.780850984916867,21.566548047804414,21.741886138916016,3600
2019-03-12,21.810073465805562,21.965929138949935,21.780851688307354,21.868520736694336,6300
2019-03-13,21.76136926467776,21.975670350764734,21.702923851735168,21.868520736694336,8700
2019-03-14,21.81981320685464,21.907482249332286,21.70292238884848,21.761367797851562,9100
2019-03-15,21.771109286967928,22.01463399519364,21.771109286967928,21.897741317749023,68800
2019-03-18,21.849038039853934,22.287381418361413,21.849038039853934,22.209453582763672,15500
2019-03-19,22.297122516684517,22.569870868862893,22.25815952805683,22.404273986816406,18400
2019-03-20,22.394532393329452,22.599094118461842,22.180231314665814,22.41401481628418,42400
2019-03-21,22.024375588084705,22.024375588084705,21.63473456181553,21.93670654296875,7300
2019-03-22,21.254836927480323,21.391210173976297,20.87493896484375,20.87493896484375,43600
2019-03-25,20.952866257348944,21.274318800016246,20.952866257348944,21.128204345703125,28900
2019-03-26,21.381470490524766,21.391209844027564,21.13794577814041,21.361988067626953,10700
2019-03-27,20.865197311053308,21.040535400230024,20.32944369007654,20.358665466308594,26800
2019-03-28,20.14436497728169,20.70934224892158,20.09565891889695,20.63141441345215,24100
2019-03-29,20.797010803731496,21.050276727498,20.767787169392477,20.787269592285156,48800
2019-04-01,21.235355377197266,21.235355377197266,21.09898212509544,21.235355377197266,54500
2019-04-02,21.323024367251453,21.332765579223633,21.108723277702094,21.332765579223633,81400
2019-04-03,21.43991678633111,21.48862098764009,21.06975816777659,21.147686004638672,30400
2019-04-04,21.284059802803796,21.430174255685163,21.254836169049092,21.420433044433594,67600
2019-04-05,21.469140574614737,21.63473560342178,21.43017572693341,21.478879928588867,30300
2019-04-08,21.547068407112583,21.595772608756924,21.4496581458777,21.527585983276367,6600
2019-04-09,21.50810367362643,21.50810367362643,21.293802584128922,21.381471633911133,10600
2019-04-10,21.566548483489004,21.663958742512886,21.42043402392626,21.634735107421875,34700
2019-04-11,21.566547934215677,21.566547934215677,21.274319022532893,21.361988067626953,26200
2019-04-12,21.22561580828625,21.371730270908614,20.93338502509533,21.050277709960938,8200
2019-04-15,21.11846275399812,21.215873007767808,20.96260709114505,21.0892391204834,5400
2019-04-16,21.001570128364577,21.23535362320611,21.001570128364577,21.04053497314453,7700
2019-04-17,21.118464181307463,21.118464181307463,20.660636515031086,20.719083786010742,13800
2019-04-18,20.70934240572256,21.040536173461803,20.689859982221154,20.962608337402344,5900
2019-04-22,21.079499108876448,21.079499108876448,20.933384648880057,21.01131248474121,9300
2019-04-23,21.08923977496295,21.34250569944552,20.943125318746965,21.264577865600586,12700
2019-04-24,21.137946823692417,21.137946823692417,20.76778820210912,20.90416145324707,12100
2019-04-25,20.952866584432712,21.176908875073305,20.787269704840508,21.16716766357422,11900
2019-04-26,21.43991634157069,21.459398764868606,21.245095824483855,21.254837036132812,9900
2019-04-29,21.38147010836953,21.38147010836953,21.235353797193596,21.371728897094727,12700
2019-04-30,21.29380101405536,21.420433044433594,21.157425914479493,21.420433044433594,10100
2019-05-01,21.3814713731711,21.527585835044224,21.147686004638672,21.147686004638672,36500
2019-05-02,21.196391295266128,21.21587371826172,21.01131199270025,21.21587371826172,18100
2019-05-03,21.254837741392393,21.478880042913932,21.245096529420213,21.332765579223633,6200
2019-05-06,20.933383834654904,21.147684910451076,20.913901411960865,21.128204345703125,17800
2019-05-07,20.91390228271484,20.91390228271484,20.66063635098582,20.913902282714844,12800
2019-05-08,21.30354276379576,21.371729386334213,21.21587371826172,21.21587371826172,12500
2019-05-09,20.96260866079828,21.1963921725833,20.83597476403169,21.050277709960938,24100
2019-05-10,21.069757950767745,21.069757950767745,20.748305394779205,20.962608337402344,6500
2019-05-13,20.69960043326931,20.69960043326931,20.222292222702748,20.358665466308594,7300
2019-05-14,20.251517107215825,20.329444945222754,20.19306983525097,20.23203468322754,4700
2019-05-15,19.813171276347905,20.105400195820064,19.735243440625585,19.959285736083984,19200
2019-05-16,19.822911943083668,19.9398027644805,19.637832641601562,19.637832641601562,9800
2019-05-17,19.384566323707165,19.491717789429938,18.975444741247387,19.07285499572754,34300
2019-05-20,19.043631958725825,19.384566931116407,19.033892605124095,19.345603942871094,8900
2019-05-21,19.667055688330905,20.03721242228983,19.608608421432614,19.988508224487305,5800
2019-05-22,20.24177414054175,20.38788859189538,19.988508224487305,19.988508224487305,7700
2019-05-23,19.920323128876788,19.978768542301825,19.832654079766137,19.94954490661621,9400
2019-05-24,19.949544960939797,19.978768596704988,19.832654133771424,19.900840759277344,8300
2019-05-28,20.1541052748208,20.426851757619648,20.124881641115465,20.27099609375,6300
2019-05-29,20.407370987133362,20.66063504490591,20.378147353722966,20.61193084716797,59400
2019-05-30,20.767787929023868,21.011312650251533,20.728824939759456,20.81649398803711,8300
2019-05-31,20.865197162479024,21.235353903036025,20.865197162479024,21.176908493041992,81300
2019-06-03,21.28405985525102,21.420433097216865,21.264577432699877,21.323022842407227,10000
2019-06-04,21.49836109854138,21.722403385803187,21.49836109854138,21.702922821044922,37100
2019-06-05,21.722403876674992,21.78085114610882,21.449657384435003,21.547067642211914,5200
2019-06-06,21.683440835541948,21.702923258639125,21.49836153201102,21.59577178955078,2800
2019-06-07,21.722404094116854,21.926965823290647,21.673699893713938,21.780851364135742,7500
2019-06-10,21.790591431326128,21.82955441801283,21.71266360000667,21.761367797851562,1700
2019-06-11,21.858778655197224,22.08282094418515,21.839296232342768,22.034116744995117,5300
2019-06-12,22.004893551960627,22.141266798784194,21.878259658813477,21.878259658813477,9100
2019-06-13,22.16074981311499,22.306864275458377,22.16074981311499,22.19971466064453,8200
2019-06-14,22.1704895552441,22.1704895552441,21.936706059403704,22.043855667114258,6700
2019-06-17,22.112044961946697,22.170490373577554,21.995152280738846,22.024375915527344,7300
2019-06-18,22.28738162779235,22.491943359375,22.28738162779235,22.491943359375,25700
2019-06-19,22.365308921637364,22.84261899777069,22.31660472184227,22.745208740234375,49700
2019-06-20,23.241999819277183,23.33940822070204,22.82313700454411,23.21277618408203,11100
2019-06-21,22.940026749614223,23.144588470458984,22.920546185013926,23.144588470458984,11500
2019-06-24,23.04717892115743,23.271221213460517,23.02769649801469,23.222517013549805,5000
2019-06-25,23.008215878198584,23.09588306624053,22.696502682493154,22.745208740234375,11900
2019-06-26,22.969250976187933,22.969250976187933,22.77443046158874,22.842618942260742,9300
2019-06-27,22.72572653333286,23.05692029733937,22.59909449789326,22.978992462158203,9900
2019-06-28,23.154329853829545,23.436817551067268,23.154329853829545,23.42707633972168,44500
2019-07-01,23.505004333146594,23.651120646382733,23.125106377803284,23.183551788330078,10300
2019-07-02,23.00821674930974,23.378373512426833,23.00821674930974,23.10562515258789,10400
2019-07-03,23.12510751267532,23.349149812311396,23.12510751267532,23.251741409301758,4300
2019-07-05,23.67060175910561,24.0894645697919,23.602415135588522,24.079723358154297,38500
2019-07-08,24.177134207428317,24.44988256610828,24.05050216893709,24.35247230529785,66700
2019-07-09,24.303766857447673,24.644699965880147,24.303766857447673,24.479103088378906,75400
2019-07-10,24.82003816951147,24.956413271461077,24.68366492550797,24.90770721435547,38900
2019-07-11,24.8979663848877,25.112269323547743,24.829779761839912,24.897966384887695,36100
2019-07-12,24.917448584963466,25.005117630367543,24.71288871765137,24.712888717651367,12800
2019-07-15,24.732368623167964,24.742109834391563,24.53754997253418,24.53754997253418,18000
2019-07-16,24.566771852096633,24.732368727705623,24.391435623168945,24.391435623168945,10300
2019-07-17,24.615478623584334,24.615478623584334,24.469364166259766,24.469364166259766,2800
2019-07-18,24.634961968482468,24.781076431274418,24.557032273184152,24.781076431274414,23000
2019-07-19,24.771333469509358,24.771333469509358,24.430398508447738,24.48884391784668,10500
2019-07-22,24.547292772501546,24.61547939753383,24.40117645263672,24.40117645263672,10500
2019-07-23,24.527810517543678,24.527810517543678,24.167393108248273,24.206357955932617,7900
2019-07-24,24.323247198801752,24.498585286068288,24.18687395668159,24.245319366455078,6700
2019-07-25,24.235578365705525,24.28428442256161,23.87516283470097,23.95309066772461,5900
2019-07-26,24.06998165839847,24.27454338274755,24.060242304904516,24.235578536987305,7700
2019-07-29,24.079724118071187,24.1771343795752,23.95309207867831,24.10894775390625,15500
2019-07-30,24.147912050703464,24.488845171269137,24.147912050703464,24.362213134765625,5500
2019-07-31,24.527809303812827,24.683664970945472,24.157650700913216,24.284284591674805,11400
2019-08-01,24.459622627093566,24.63496071671298,24.274543326056843,24.381694793701172,14300
2019-08-02,24.18687493868504,24.18687493868504,23.70956671393937,23.933609008789062,7500
2019-08-05,23.45629980112127,23.45629980112127,23.076401851169773,23.095882415771484,45400
2019-08-06,23.57319379729822,23.602415574808685,23.154330978817267,23.49526596069336,69100
2019-08-07,23.203033726135843,23.417336656831296,23.03743685148302,23.339406967163086,21200
2019-08-08,23.641380086440822,24.05050168729448,23.641380086440822,23.982315063476562,19100
2019-08-09,24.274543814989613,24.36221286156513,24.06024273333065,24.225839614868164,13100
2019-08-12,23.417337258964903,23.748529158840473,23.417337258964903,23.61215591430664,4200
2019-08-13,23.397854353459703,23.992053376634523,23.378371930943526,23.81671714782715,7700
2019-08-14,23.446559473245227,23.47578310816797,22.891323415336114,22.978992462158203,74000
2019-08-15,22.94976944022406,23.017956065585583,22.28738189451866,22.62831687927246,87500
2019-08-16,22.852358460548935,22.852358460548935,22.569870756084793,22.59909439086914,60400
2019-08-19,22.969251314652595,22.969251314652595,22.28738136145381,22.30686378479004,9500
2019-08-20,22.121784858183,22.40427442756208,21.965929184713914,22.297122955322266,19300
2019-08-21,22.569871353570424,22.86210027736544,22.569871353570424,22.774431228637695,16400
2019-08-22,22.72572571277145,22.745208135349824,22.472459793090824,22.47245979309082,17900
2019-08-23,22.306862955967244,22.39453199977673,21.800331115722656,21.800331115722656,40500
2019-08-26,21.878258877761834,21.926964934135835,21.284059853567598,21.371728897094727,13200
2019-08-27,21.54706808225528,21.60551349493657,21.167168254961467,21.439916610717773,13100
2019-08-28,21.400950519209164,21.566547393798828,21.381469954745604,21.566547393798828,10200
2019-08-29,21.732144337855917,22.170489553743284,21.69318135085819,22.092561721801758,16200
2019-08-30,22.365309464122365,22.599094831058586,22.326346474930446,22.491943359375,4800
2019-09-03,22.394532996756716,22.50168446794882,22.073080441126567,22.112045288085938,27500
2019-09-04,22.44323910499277,22.61857534285845,22.365309410902025,22.540647506713867,94700
2019-09-05,22.832878499753647,22.901065124776075,22.68676403785614,22.774431228637695,15700
2019-09-06,22.920547271225043,22.920547271225043,22.67702255169291,22.686763763427734,22900
2019-09-09,22.68676288579419,22.696502239206087,22.209452818983245,22.22893524169922,7800
2019-09-10,22.09256237829331,22.27764168138393,22.053597532191652,22.219194412231445,11700
2019-09-11,22.550388170361952,22.852358295839192,22.550388170361952,22.842618942260742,8200
2019-09-12,23.008216044206154,23.07640266758971,22.842619162583453,23.02769660949707,10000
2019-09-13,23.017956065585583,23.017956065585583,22.62831687927246,22.62831687927246,2200
2019-09-16,22.365308758897363,22.64779831790254,22.365308758897363,22.41401481628418,18200
2019-09-17,22.375049382104066,22.764690399169925,22.375049382104066,22.764690399169922,5700
2019-09-18,22.79391332309214,22.871841158841583,22.618575228169362,22.7354679107666,7600
2019-09-19,22.85235868198352,22.871841105361867,22.774430846416294,22.78417205810547,3300
2019-09-20,22.667281726876872,22.68676415067908,22.4432394269901,22.62831687927246,7000
2019-09-23,22.521166232351657,22.521166232351657,22.404273552840547,22.462718963623047,5200
2019-09-24,22.501683864350106,22.501683864350106,22.33608698510718,22.36530876159668,17700
2019-09-25,22.08282116385276,22.316604666593463,22.063338740804504,22.267900466918945,11000
2019-09-26,22.43349657908904,22.4529771435244,22.238676071166992,22.238676071166992,7800
2019-09-27,22.375050733729235,22.50168462930912,22.32634653262693,22.394533157348633,5100
2019-09-30,22.414015465621496,22.599094773160935,22.414015465621496,22.589353561401367,2200
2019-10-01,22.482202529907227,22.5309067317119,22.35557049044735,22.482202529907227,5400
2019-10-02,22.21919403034123,22.248417664415193,22.121783774707442,22.22893524169922,30600
2019-10-03,22.287380391932015,22.696501974464887,22.287380391932015,22.618574142456055,5200
2019-10-04,22.715986019133975,23.056921005249023,22.618575757680215,23.056921005249023,20800
2019-10-07,23.008216495736306,23.495265938544094,22.375050733729235,22.394533157348633,382800
2019-10-08,22.384790471087594,22.540646133884426,22.248417230626885,22.33608627319336,42000
2019-10-09,22.569870431679387,22.569870431679387,22.365308707021473,22.462718963623047,14200
2019-10-10,22.267899755585674,22.40427299667487,22.180230712615174,22.189971923828125,9100
2019-10-11,22.55038854769192,22.85235867822195,22.530906124316783,22.83287811279297,18100
2019-10-14,22.68676332889104,22.745208740234375,22.64779848269806,22.745208740234375,6300
2019-10-15,22.550389210361857,22.56987163430951,22.336088120776306,22.43349838256836,6400
2019-10-16,22.189971995380528,22.618574142456055,22.189971995380528,22.618574142456055,10100
2019-10-17,22.754949954844204,22.832877789294514,22.54064701664625,22.696502685546875,7000
2019-10-18,22.72572577993109,22.9692504890422,22.667280369969326,22.94976806640625,6700
2019-10-21,22.706244545485184,22.871841430664066,22.628316708809603,22.871841430664062,8900
2019-10-22,23.06666096492016,23.349148664059225,23.056919753509007,23.232257843017578,11600
2019-10-23,23.20303437665259,23.57319298117005,23.134847754227298,23.514745712280273,18500
2019-10-24,23.543970339056564,23.543970339056564,23.20303535461426,23.203035354614258,7700
2019-10-25,23.40759539233222,23.534227421862642,23.25173972924275,23.485523223876953,14100
2019-10-28,23.573192923818883,23.719307379795612,23.534228077987162,23.66086196899414,1800
2019-10-29,23.55371050349873,23.641379548683656,23.543969292039726,23.61215591430664,4200
2019-10-30,23.446560004423453,23.826457977294925,23.37837337933844,23.826457977294922,3400
2019-10-31,23.86542139910404,23.86542139910404,23.582931845831144,23.71930694580078,52600
2019-11-01,24.001795139508197,24.157650807327382,23.933608517080565,24.13817024230957,21900
2019-11-04,24.186874389648438,24.25506101192912,24.128428978828726,24.186874389648438,6600
2019-11-05,23.982314632036484,23.992053985595703,23.943349786015133,23.992053985595703,7700
2019-11-06,23.602415462967706,23.826457759901782,23.378373166033633,23.641380310058594,36000
2019-11-07,23.855680844726233,23.943349890711502,23.64137976451009,23.89464569091797,9300
2019-11-08,23.44655902778798,23.524486861488615,23.056919859284818,23.086143493652344,11600
2019-11-11,23.134847912054816,23.319927215576172,22.94002739698538,23.319927215576172,29700
2019-11-12,22.89132303478236,23.01795506811678,22.881581823303385,22.988733291625977,10100
2019-11-13,22.949768119840346,22.949768119840346,22.79391245428204,22.852357864379883,3700
2019-11-14,22.891324177412397,22.959510803222656,22.813396339636927,22.959510803222656,17100
2019-11-15,23.241999002744574,23.280961990356445,23.203034157186604,23.280961990356445,48300
2019-11-18,23.095882520283702,23.212775198153313,22.949768066406254,22.94976806640625,30800
2019-11-19,23.07640310457718,23.07640310457718,22.930288643424635,22.96925163269043,8700
2019-11-20,22.98873334667649,23.01795512323727,22.85235824359041,22.89132308959961,30600
2019-11-21,23.056920080641078,23.271221160888675,23.056920080641078,23.271221160888672,2600
2019-11-22,23.397854563631,23.42707633972168,23.397854563631,23.42707633972168,1600
2019-11-25,23.417336604761775,23.446558380376317,23.368630548827444,23.436817169189453,6800
2019-11-26,23.037437709586058,23.280962425031888,22.96925108653261,23.222517013549805,90700
2019-11-27,23.066661018899666,23.134847640991207,22.930287774716575,23.13484764099121,4400
2019-11-29,23.349148992274298,23.41733747311089,23.280962369383833,23.319927215576172,2200
2019-12-02,23.475782669772812,23.641379548683656,23.4465590353958,23.61215591430664,49900
2019-12-03,23.524487948484524,23.729049682617188,23.407597121505457,23.729049682617188,17900
2019-12-04,23.806976644932696,23.962832313807368,23.738790022043293,23.89464569091797,36400
2019-12-05,23.82645715788385,24.060242518629817,23.777752958197016,23.943349838256836,8300
2019-12-06,24.177134091633047,24.55703206323341,24.157651667975035,24.547292709350586,19800
2019-12-09,24.54729156581683,24.615478187497228,24.48884429756555,24.527809143066406,23300
2019-12-10,24.401175685425248,24.557031354297607,24.401175685425248,24.469364166259766,8900
2019-12-11,24.693406947858044,24.878486255045143,24.693406947858044,24.839521408081055,28300
2019-12-12,24.96615354274007,25.326570946786813,24.868745140840137,25.268125534057617,36900
2019-12-13,25.326569694202803,25.540870768908547,25.238900650471802,25.443462371826172,16400
2019-12-16,25.75517366692608,26.057143784956754,25.745432455641726,26.018178939819336,144300
2019-12-17,25.784396360917285,25.90128904254556,25.725950949076218,25.803878784179688,7400
2019-12-18,25.949992317048437,26.096108628357953,25.85258392010353,26.066884994506836,13400
2019-12-19,26.105848478167896,26.437042236328125,26.105848478167896,26.437042236328125,23400
2019-12-20,26.251964188852305,26.26170354215129,26.027920046108097,26.21299934387207,12100
2019-12-23,26.360000610351562,26.65999984741211,26.329999923706055,26.530000686645508,177800
2019-12-24,26.520000457763672,26.729999542236328,26.520000457763672,26.549999237060547,4500
2019-12-26,26.90999984741211,27.149999618530273,26.799999237060547,27.100000381469727,22400
2019-12-27,27.149999618530273,27.280000686645508,27.010000228881836,27.280000686645508,8100
2019-12-30,27.3700008392334,27.5,27.229999542236328,27.360000610351562,11600
2019-12-31,27.520000457763672,27.549999237060547,27.190000534057617,27.43000030517578,7900
2020-01-02,27.68000030517578,28.0,27.610000610351562,27.979999542236328,105100
2020-01-03,27.690000534057617,28.0,27.690000534057617,27.950000762939453,18500
2020-01-06,27.690000534057617,27.969999313354492,27.59000015258789,27.75,50100
2020-01-07,27.670000076293945,27.93000030517578,27.579999923706055,27.84000015258789,38900
2020-01-08,27.610000610351562,27.889999389648438,27.520000457763672,27.709999084472656,7100
2020-01-09,27.610000610351562,27.709999084472656,27.5,27.579999923706055,18000
2020-01-10,27.809999465942383,27.969999313354492,27.479999542236328,27.479999542236328,26400
2020-01-13,27.559999465942383,27.65999984741211,27.479999542236328,27.649999618530273,36600
2020-01-14,27.75,27.8700008392334,27.600000381469727,27.8700008392334,52500
2020-01-15,27.729999542236328,27.799999237060547,27.450000762939453,27.459999084472656,57000
2020-01-16,27.700000762939453,27.780000686645508,27.299999237060547,27.600000381469727,13000
2020-01-17,27.549999237060547,27.899999618530273,27.5,27.799999237060547,75200
2020-01-21,27.850000381469727,27.959999084472656,27.790000915527344,27.790000915527344,11900
2020-01-22,28.0,28.010000228881836,27.899999618530273,27.989999771118164,2300
2020-01-23,27.940000534057617,28.389999389648438,27.899999618530273,28.3799991607666,9400
2020-01-24,28.25,28.389999389648438,27.969999313354492,28.059999465942383,6800
2020-01-27,27.059999465942383,27.260000228881836,27.020000457763672,27.139999389648438,22400
2020-01-28,27.399999618530273,27.780000686645508,27.190000534057617,27.770000457763672,25000
2020-01-29,27.600000381469727,27.649999618530273,27.190000534057617,27.299999237060547,6000
2020-01-30,26.329999923706055,26.729999542236328,26.139999389648438,26.719999313354492,55300
2020-01-31,26.420000076293945,26.459999084472656,26.010000228881836,26.139999389648438,12300
2020-02-03,26.56999969482422,26.860000610351562,26.56999969482422,26.790000915527344,93100
2020-02-04,27.34000015258789,27.440000534057617,27.049999237060547,27.049999237060547,24700
2020-02-05,27.40999984741211,27.459999084472656,27.139999389648438,27.280000686645508,21500
2020-02-06,27.15999984741211,27.15999984741211,26.459999084472656,26.59000015258789,6700
2020-02-07,26.18000030517578,26.18000030517578,25.75,25.760000228881836,14800
2020-02-10,25.59000015258789,25.59000015258789,25.049999237060547,25.049999237060547,14900
2020-02-11,25.510000228881836,25.799999237060547,25.489999771118164,25.690000534057617,26500
2020-02-12,25.719999313354492,26.229999542236328,25.719999313354492,26.059999465942383,13500
2020-02-13,25.979999542236328,26.020000457763672,25.889999389648438,25.969999313354492,2700
2020-02-14,26.229999542236328,26.229999542236328,25.979999542236328,26.149999618530273,3300
2020-02-18,25.989999771118164,26.139999389648438,25.829999923706055,26.09000015258789,2000
2020-02-19,26.190000534057617,26.600000381469727,26.190000534057617,26.489999771118164,5200
2020-02-20,26.229999542236328,26.260000228881836,26.020000457763672,26.110000610351562,11600
2020-02-21,25.889999389648438,26.079999923706055,25.799999237060547,25.920000076293945,57300
2020-02-24,25.1299991607666,25.25,24.6200008392334,24.81999969482422,37100
2020-02-25,25.15999984741211,25.170000076293945,24.239999771118164,24.329999923706055,22400
2020-02-26,24.510000228881836,24.799999237060547,24.020000457763672,24.020000457763672,26100
2020-02-27,23.06999969482422,24.010000228881836,22.8700008392334,23.049999237060547,30000
2020-02-28,22.260000228881836,23.079999923706055,21.959999084472656,23.079999923706055,35900
2020-03-02,23.290000915527344,23.950000762939453,23.229999542236328,23.84000015258789,33800
2020-03-03,23.809999465942383,24.579999923706055,23.3799991607666,23.520000457763672,30100
2020-03-04,23.850000381469727,23.860000610351562,23.40999984741211,23.68000030517578,35500
2020-03-05,22.940000534057617,22.989999771118164,21.700000762939453,22.100000381469727,27400
2020-03-06,20.969999313354492,21.459999084472656,20.829999923706055,21.309999465942383,30500
2020-03-09,18.639999389648438,19.81999969482422,18.149999618530273,18.6200008392334,19900
2020-03-10,19.459999084472656,19.979999542236328,19.1200008392334,19.979999542236328,29200
2020-03-11,19.530000686645508,19.65999984741211,17.170000076293945,18.200000762939453,36600
2020-03-12,15.470000267028809,16.110000610351562,14.420000076293945,15.539999961853027,41100
2020-03-13,17.280000686645508,17.280000686645508,15.350000381469727,16.860000610351562,31400
2020-03-16,14.430000305175781,14.869999885559082,13.960000038146973,14.029999732971191,12200
2020-03-17,14.229999542236328,14.579999923706055,13.729999542236328,14.539999961853027,39400
2020-03-18,13.0,13.109999656677246,10.850000381469727,11.229999542236328,40900
2020-03-19,11.220000267028809,12.5,10.760000228881836,12.329999923706055,40200
2020-03-20,13.260000228881836,13.579999923706055,12.329999923706055,12.670000076293945,45200
2020-03-23,11.920000076293945,12.199999809265137,11.34000015258789,11.579999923706055,62600
2020-03-24,12.350000381469727,12.880000114440918,12.350000381469727,12.800000190734863,76200
2020-03-25,12.850000381469727,14.0600004196167,12.739999771118164,13.9399995803833,34100
2020-03-26,14.319999694824219,15.140000343322754,14.319999694824219,14.869999885559082,41300
2020-03-27,13.859999656677246,14.300000190734863,13.800000190734863,13.869999885559082,21300
2020-03-30,14.0600004196167,14.0600004196167,13.569999694824219,13.630000114440918,12400
2020-03-31,13.619999885559082,13.619999885559082,12.979999542236328,13.100000381469727,10000
2020-04-01,12.390000343322754,12.5,12.300000190734863,12.40999984741211,5100
2020-04-02,12.539999961853027,12.699999809265137,12.140000343322754,12.470000267028809,24900
2020-04-03,12.260000228881836,12.260000228881836,11.770000457763672,12.069999694824219,22800
2020-04-06,12.6899995803833,13.029999732971191,12.539999961853027,12.789999961853027,71000
2020-04-07,13.779999732971191,13.880000114440918,13.420000076293945,13.529999732971191,8100
2020-04-08,13.449999809265137,14.100000381469727,13.210000038146973,14.050000190734863,36200
2020-04-09,14.430000305175781,14.579999923706055,14.100000381469727,14.1899995803833,17100
2020-04-13,14.039999961853027,14.039999961853027,13.520000457763672,14.010000228881836,20800
2020-04-14,14.25,14.449999809265137,14.220000267028809,14.260000228881836,3900
2020-04-15,13.9399995803833,14.15999984741211,13.880000114440918,14.079999923706055,3200
2020-04-16,14.300000190734863,14.300000190734863,13.899999618530273,13.960000038146973,3400
2020-04-17,14.34000015258789,14.420000076293945,14.0600004196167,14.149999618530273,32800
2020-04-20,14.0,14.390000343322754,13.989999771118164,14.3100004196167,12700
2020-04-21,13.859999656677246,14.029999732971191,13.850000381469727,13.970000267028809,6800
2020-04-22,14.270000457763672,14.520000457763672,14.270000457763672,14.520000457763672,248500
2020-04-23,14.640000343322754,14.640000343322754,14.029999732971191,14.130000114440918,17300
2020-04-24,13.619999885559082,13.680000305175781,12.569999694824219,12.880000114440918,25600
2020-04-27,13.34000015258789,13.430000305175781,13.149999618530273,13.430000305175781,25900
2020-04-28,13.970000267028809,14.5,13.949999809265137,14.420000076293945,17900
2020-04-29,14.739999771118164,15.130000114440918,14.739999771118164,15.130000114440918,25500
2020-04-30,14.869999885559082,14.960000038146973,14.399999618530273,14.479999542236328,9000
2020-05-01,14.100000381469727,14.109999656677246,13.739999771118164,13.859999656677246,36400
2020-05-04,13.789999961853027,13.850000381469727,13.5600004196167,13.84000015258789,13300
2020-05-05,14.09000015258789,14.270000457763672,13.720000267028809,13.760000228881836,9400
2020-05-06,13.460000038146973,13.539999961853027,13.329999923706055,13.380000114440918,4000
2020-05-07,13.25,13.25,12.75,12.8100004196167,34800
2020-05-08,13.0,13.09000015258789,12.920000076293945,13.09000015258789,8500
2020-05-11,12.880000114440918,13.0,12.760000228881836,12.760000228881836,13300
2020-05-12,13.010000228881836,13.069999694824219,12.420000076293945,12.420000076293945,8000
2020-05-13,12.380000114440918,12.380000114440918,11.880000114440918,12.0,24800
2020-05-14,11.850000381469727,12.369999885559082,11.670000076293945,12.359999656677246,19200
2020-05-15,12.380000114440918,12.59000015258789,12.109999656677246,12.319999694824219,16200
2020-05-18,12.670000076293945,13.149999618530273,12.670000076293945,13.100000381469727,10100
2020-05-19,13.109999656677246,13.279999732971191,12.979999542236328,12.979999542236328,12800
2020-05-20,13.239999771118164,13.4399995803833,13.229999542236328,13.319999694824219,5600
2020-05-21,13.630000114440918,13.960000038146973,13.619999885559082,13.899999618530273,11000
2020-05-22,13.779999732971191,13.859999656677246,13.630000114440918,13.8100004196167,21000
2020-05-26,15.09000015258789,15.180000305175781,14.829999923706055,14.859999656677246,34600
2020-05-27,15.180000305175781,15.529999732971191,15.09000015258789,15.529999732971191,33700
2020-05-28,15.430000305175781,15.510000228881836,15.130000114440918,15.130000114440918,8900
2020-05-29,14.920000076293945,15.1899995803833,14.819999694824219,15.1899995803833,5000
2020-06-01,15.3100004196167,15.529999732971191,15.3100004196167,15.5,19900
2020-06-02,15.9399995803833,16.450000762939453,15.880000114440918,16.43000030517578,21900
2020-06-03,17.31999969482422,17.75,17.270000457763672,17.5,59000
2020-06-04,17.399999618530273,17.59000015258789,17.170000076293945,17.440000534057617,14600
2020-06-05,18.239999771118164,18.540000915527344,18.040000915527344,18.049999237060547,18300
2020-06-08,18.399999618530273,19.190000534057617,18.399999618530273,19.18000030517578,19000
2020-06-09,18.479999542236328,18.899999618530273,18.479999542236328,18.719999313354492,37200
2020-06-10,18.860000610351562,18.860000610351562,18.040000915527344,18.15999984741211,22900
2020-06-11,17.209999084472656,17.360000610351562,16.399999618530273,16.520000457763672,37600
2020-06-12,17.260000228881836,17.510000228881836,16.829999923706055,17.25,33600
2020-06-15,16.299999237060547,17.079999923706055,16.200000762939453,16.899999618530273,89200
2020-06-16,17.469999313354492,17.65999984741211,16.690000534057617,16.700000762939453,52100
2020-06-17,16.799999237060547,17.200000762939453,16.770000457763672,17.040000915527344,13800
2020-06-18,16.790000915527344,17.1299991607666,16.700000762939453,16.780000686645508,18600
2020-06-19,17.139999389648438,17.18000030517578,16.90999984741211,17.1200008392334,12200
2020-06-22,17.520000457763672,17.579999923706055,17.219999313354492,17.229999542236328,6400
2020-06-23,17.729999542236328,17.850000381469727,17.600000381469727,17.700000762939453,10600
2020-06-24,16.8799991607666,16.920000076293945,16.719999313354492,16.81999969482422,11300
2020-06-25,17.010000228881836,17.059999465942383,16.6299991607666,16.940000534057617,7400
2020-06-26,16.610000610351562,16.610000610351562,16.100000381469727,16.139999389648438,9600
