Date,Open,High,Low,Close,Volume
1994-02-10,0.6369860172271729,0.7721042633056641,0.5983808040618896,0.7141964435577393,2994400
1994-02-11,0.7141964435577393,0.7528016567230225,0.7141964435577393,0.7141964435577393,996000
1994-02-14,0.7334990501403809,0.7528016567230225,0.6948938369750977,0.7141964435577393,808000
1994-02-15,0.7721043260473954,0.7721043260473954,0.7334991097450256,0.7334991097450256,800800
1994-02-16,0.7334991759724088,0.7721043957604302,0.6755913462903764,0.6948939561843872,1128000
1994-02-17,0.714196566078398,0.714196566078398,0.6562887363963658,0.6948939561843872,704000
1994-02-18,0.6948940208980016,0.6948940208980016,0.6562887975147792,0.6755914092063904,260800
1994-02-22,0.6948940894182991,0.6948940894182991,0.6562888622283936,0.6562888622283936,164800
1994-02-23,0.6948938369750977,0.7141964435577393,0.6562886238098145,0.7141964435577393,128000
1994-02-24,0.7141964435577393,0.7141964435577393,0.675591230392456,0.7141964435577393,237600
1994-02-25,0.7141966325896126,0.7141966325896126,0.6562887975147792,0.6755914092063904,115200
1994-02-28,0.6948939561843872,0.6948939561843872,0.6562887363963658,0.6948939561843872,33600
1994-03-01,0.6948940894182991,0.6948940894182991,0.6562888622283936,0.6562888622283936,179200
1994-03-02,0.6562888622283936,0.6948940894182991,0.6562888622283936,0.6562888622283936,376000
1994-03-03,0.6948939561843872,0.6948939561843872,0.6562887363963658,0.6948939561843872,71200
1994-03-04,0.6948939561843872,0.6948939561843872,0.6562887363963658,0.6948939561843872,200000
1994-03-07,0.6562888622283936,0.6948940894182991,0.6562888622283936,0.6562888622283936,65600
1994-03-08,0.6948940894182991,0.6948940894182991,0.6562888622283936,0.6562888622283936,28000
1994-03-09,0.6948940894182991,0.6948940894182991,0.6562888622283936,0.6562888622283936,64800
1994-03-10,0.6948938991712487,0.6948938991712487,0.6562886825506238,0.66593998670578,105600
1994-03-11,0.6948940894182991,0.6948940894182991,0.6562888622283936,0.6562888622283936,939200
1994-03-14,0.6948938991712487,0.6948938991712487,0.6562886825506238,0.66593998670578,87200
1994-03-15,0.6948939561843872,0.6948939561843872,0.6562887363963658,0.6948939561843872,64800
1994-03-16,0.6562888622283936,0.6948940894182991,0.6562888622283936,0.6562888622283936,66400
1994-03-17,0.6562887975147792,0.6948940208980016,0.6562887975147792,0.6755914092063904,45600
1994-03-18,0.6948939561843872,0.6948939561843872,0.6562887363963658,0.6948939561843872,145600
1994-03-21,0.6948940894182991,0.6948940894182991,0.6562888622283936,0.6562888622283936,100000
1994-03-22,0.6948938991712487,0.6948938991712487,0.6562886825506238,0.66593998670578,285600
1994-03-23,0.6562887975147792,0.6948940208980016,0.6562887975147792,0.6755914092063904,238400
1994-03-24,0.6369862486334409,0.6755914758233463,0.6369862486334409,0.6562888622283936,188800
1994-03-25,0.636986185823168,0.6755914092063904,0.636986185823168,0.6755914092063904,12800
1994-03-28,0.6369862016290426,0.6562888137996197,0.6176835894584656,0.6176835894584656,196000
1994-03-29,0.6176836350384881,0.6562888622283936,0.6176836350384881,0.6562888622283936,80000
1994-03-30,0.6466375554309172,0.6562888622283936,0.6176836350384881,0.6562888622283936,20800
1994-03-31,0.6176834693321814,0.6562886861654428,0.6176834693321814,0.6273347735404968,85600
1994-04-04,0.6176836350384881,0.6562888622283936,0.5983810214435353,0.6562888622283936,36800
1994-04-05,0.5983810214435353,0.6562888622283936,0.5983810214435353,0.6562888622283936,31200
1994-04-06,0.6562888137996197,0.6562888137996197,0.6176835894584656,0.6176835894584656,73600
1994-04-07,0.6562886238098145,0.6562886238098145,0.5983808040618896,0.5983808040618896,16000
1994-04-08,0.5983808040618896,0.6562886238098145,0.5983808040618896,0.5983808040618896,398400
1994-04-11,0.6176836350384881,0.6562888622283936,0.6176836350384881,0.6562888622283936,23200
1994-04-12,0.6562888622283936,0.6562888622283936,0.6176836350384881,0.6562888622283936,144000
1994-04-13,0.6369860742403113,0.7238478116367174,0.6369860742403113,0.66593998670578,149600
1994-04-14,0.6562888622283936,0.6755914758233463,0.6562888622283936,0.6562888622283936,49600
1994-04-15,0.6562888622283936,0.6948940894182991,0.6562888622283936,0.6562888622283936,75200
1994-04-18,0.6948940894182991,0.6948940894182991,0.6369862486334409,0.6562888622283936,218400
1994-04-19,0.6369859585121497,0.6755911681189466,0.6369859585121497,0.6466372609138489,184000
1994-04-20,0.6369860768318176,0.6755912936095035,0.6369860768318176,0.6369860768318176,128800
1994-04-21,0.6562887975147792,0.6755914092063904,0.636986185823168,0.6755914092063904,4800
1994-04-22,0.6369860768318176,0.6755912936095035,0.6369860768318176,0.6369860768318176,11200
1994-04-25,0.6755914092063904,0.6755914092063904,0.636986185823168,0.6755914092063904,35200
1994-04-26,0.636986185823168,0.6755914092063904,0.636986185823168,0.6755914092063904,57600
1994-04-28,0.6176835894584656,0.6755914259701967,0.6176835894584656,0.6176835894584656,23200
1994-04-29,0.6562887975147792,0.6755914092063904,0.617683574131557,0.6755914092063904,10400
1994-05-02,0.6562888622283936,0.6755914758233463,0.6176836350384881,0.6562888622283936,53600
1994-05-03,0.6176835894584656,0.6755914259701967,0.6176835894584656,0.6176835894584656,31200
1994-05-04,0.6176834684429746,0.6369860768318176,0.5983808600541317,0.6369860768318176,87200
1994-05-05,0.6369860172271729,0.6369860172271729,0.5983808040618896,0.5983808040618896,14400
1994-05-06,0.6369860768318176,0.6369860768318176,0.6369860768318176,0.6369860768318176,1600
1994-05-09,0.5983808040618896,0.6369860172271729,0.5983808040618896,0.6080321073532104,28800
1994-05-10,0.5983808040618896,0.6369860172271729,0.5983808040618896,0.5983808040618896,9600
1994-05-11,0.608032283373177,0.6369862016290426,0.5983809772878885,0.6176835894584656,113600
1994-05-12,0.579078197479248,0.5983808040618896,0.5597755908966064,0.5983808040618896,132800
1994-05-13,0.5983808040618896,0.5983808040618896,0.5597755908966064,0.5597755908966064,8800
1994-05-16,0.5887295007705688,0.5983808040618896,0.5887295007705688,0.5983808040618896,5600
1994-05-17,0.5983808646436598,0.5983808646436598,0.5597756475698753,0.5887295603752136,44800
1994-05-18,0.5790782561067676,0.5887295603752136,0.5790782561067676,0.5887295603752136,12000
1994-05-19,0.579078197479248,0.579078197479248,0.5597755908966064,0.5597755908966064,7200
1994-05-20,0.5983806808789571,0.5983806808789571,0.5597754756609599,0.5790780782699585,78400
1994-05-23,0.5790780782699585,0.5790780782699585,0.5790780782699585,0.5790780782699585,30400
1994-05-24,0.579078197479248,0.5983808040618896,0.5597755908966064,0.5983808040618896,48800
1994-05-25,0.5887295603752136,0.5983808646436598,0.5790782561067676,0.5887295603752136,60800
1994-05-26,0.6176832834879558,0.6176832834879558,0.5790780782699585,0.5790780782699585,1600
1994-05-27,0.5790783651173115,0.6176835894584656,0.5790783651173115,0.6176835894584656,6400
1994-05-31,0.6176835894584656,0.6176835894584656,0.5790783651173115,0.6176835894584656,55200
1994-06-01,0.6176832834879558,0.6176832834879558,0.5790780782699585,0.5790780782699585,34400
1994-06-02,0.5790780782699585,0.5790780782699585,0.5790780782699585,0.5790780782699585,0
1994-06-03,0.6176834106445312,0.6176834106445312,0.5983808040618896,0.5983808040618896,5600
1994-06-06,0.6176834684429746,0.6369860768318176,0.5790782516652887,0.6369860768318176,68800
1994-06-07,0.6369860768318176,0.6369860768318176,0.5983808600541317,0.6369860768318176,86400
1994-06-08,0.6225091205401854,0.6369860768318176,0.6176834684429746,0.6369860768318176,92000
1994-06-09,0.6369860768318176,0.6369860768318176,0.6176834684429746,0.6369860768318176,36000
1994-06-10,0.6369862486334409,0.6562888622283936,0.6176836350384881,0.6562888622283936,82400
1994-06-13,0.6273348955437541,0.6466375077143312,0.6176835894584656,0.6176835894584656,116800
1994-06-14,0.6369860172271729,0.6369860172271729,0.5983808040618896,0.5983808040618896,58400
1994-06-15,0.6369860768318176,0.6369860768318176,0.6080321642485532,0.6369860768318176,56800
1994-06-16,0.5983808040618896,0.6176834106445312,0.5983808040618896,0.5983808040618896,64800
1994-06-17,0.5983809772878885,0.6176835894584656,0.5790783651173115,0.6176835894584656,48800
1994-06-20,0.579078197479248,0.6080321073532104,0.5597755908966064,0.5983808040618896,127200
1994-06-21,0.5694270730018616,0.6080322982901234,0.5694270730018616,0.5694270730018616,8800
1994-06-22,0.5887295007705688,0.6080321073532104,0.5887295007705688,0.6080321073532104,5600
1994-06-23,0.6080321073532104,0.6080321073532104,0.579078197479248,0.6080321073532104,27200
1994-06-24,0.5790780782699585,0.5790780782699585,0.5790780782699585,0.5790780782699585,6400
1994-06-27,0.6080321073532104,0.6080321073532104,0.6080321073532104,0.6080321073532104,1600
1994-06-28,0.6080319821834564,0.6080319821834564,0.5790780782699585,0.5790780782699585,5600
1994-06-29,0.5790780782699585,0.5790780782699585,0.5790780782699585,0.5790780782699585,10400
1994-06-30,0.5887296712026,0.6369862016290426,0.5790783651173115,0.6176835894584656,223200
1994-07-01,0.6369862016290426,0.6369862016290426,0.5983809772878885,0.6176835894584656,70400
1994-07-05,0.5983808040618896,0.6176834106445312,0.5983808040618896,0.5983808040618896,33600
1994-07-06,0.6080319821834564,0.6176832834879558,0.5790780782699585,0.5790780782699585,104800
1994-07-07,0.5790783651173115,0.6176835894584656,0.5790783651173115,0.6176835894584656,3200
1994-07-08,0.6176835894584656,0.6176835894584656,0.6176835894584656,0.6176835894584656,0
1994-07-11,0.6176832834879558,0.6176832834879558,0.5790780782699585,0.5790780782699585,13600
1994-07-12,0.5790780782699585,0.5790780782699585,0.5790780782699585,0.5790780782699585,800
1994-07-13,0.5790780782699585,0.5790780782699585,0.5790780782699585,0.5790780782699585,0
1994-07-14,0.579078197479248,0.6176834106445312,0.579078197479248,0.5983808040618896,20800
1994-07-15,0.6176834106445312,0.6176834106445312,0.6080321073532104,0.6080321073532104,3200
1994-07-18,0.5887296712026,0.6273348955437541,0.5790783651173115,0.6176835894584656,116000
1994-07-19,0.6080321651238662,0.6369860777488121,0.6080321651238662,0.6273347735404968,112000
1994-07-20,0.6176835894584656,0.6466375077143312,0.6176835894584656,0.6176835894584656,77600
1994-07-21,0.6176836350384881,0.6659401690258699,0.6176836350384881,0.6562888622283936,164000
1994-07-22,0.6369862486334409,0.6562888622283936,0.6369862486334409,0.6562888622283936,108800
1994-07-25,0.6369862486334409,0.6755914758233463,0.6369862486334409,0.6562888622283936,100800
1994-07-26,0.6659401690258699,0.6659401690258699,0.6562888622283936,0.6562888622283936,28000
1994-07-27,0.6659401690258699,0.6755914758233463,0.6562888622283936,0.6562888622283936,243200
1994-07-28,0.6562888622283936,0.6562888622283936,0.6562888622283936,0.6562888622283936,24800
1994-07-29,0.6659401033605847,0.6755914092063904,0.6562887975147792,0.6755914092063904,53600
1994-08-01,0.6948940208980016,0.6948940208980016,0.6562887975147792,0.6755914092063904,124000
1994-08-02,0.6707656938168738,0.6948939561843872,0.6562887363963658,0.6948939561843872,62400
1994-08-03,0.6948940894182991,0.6948940894182991,0.6562888622283936,0.6562888622283936,72000
1994-08-04,0.6562888622283936,0.6562888622283936,0.6562888622283936,0.6562888622283936,0
1994-08-05,0.6755914092063904,0.6755914092063904,0.6755914092063904,0.6755914092063904,2400
1994-08-08,0.6369860768318176,0.6755912936095035,0.6369860768318176,0.6369860768318176,72800
1994-08-09,0.6755914092063904,0.6755914092063904,0.6755914092063904,0.6755914092063904,4800
1994-08-10,0.6466375554309172,0.6562888622283936,0.6369862486334409,0.6562888622283936,49600
1994-08-11,0.6176834106445312,0.6562886238098145,0.60320645570755,0.60320645570755,34400
1994-08-12,0.60320645570755,0.60320645570755,0.60320645570755,0.60320645570755,0
1994-08-15,0.5983809772878885,0.6176835894584656,0.5983809772878885,0.6176835894584656,15200
1994-08-16,0.6176834106445312,0.6176834106445312,0.5983808040618896,0.6080321073532104,104000
1994-08-17,0.6032065121513425,0.6369860768318176,0.5983808600541317,0.6369860768318176,196000
1994-08-18,0.6369860768318176,0.6369860768318176,0.5983808600541317,0.6369860768318176,152000
1994-08-19,0.5983808040618896,0.5983808040618896,0.5983808040618896,0.5983808040618896,4000
1994-08-22,0.60320645570755,0.60320645570755,0.5983808040618896,0.60320645570755,28800
1994-08-23,0.5983809772878885,0.6176835894584656,0.5983809772878885,0.6176835894584656,28000
1994-08-24,0.579078197479248,0.5983808040618896,0.5211703777313232,0.5597755908966064,177600
1994-08-25,0.5597755908966064,0.5597755908966064,0.5018677711486816,0.5018677711486816,282400
1994-08-26,0.540473222732544,0.540473222732544,0.521170607634953,0.540473222732544,54400
1994-08-29,0.5018677711486816,0.5597755908966064,0.5018677711486816,0.5597755908966064,40800
1994-08-30,0.5597758378301348,0.5597758378301348,0.540473222732544,0.540473222732544,20000
1994-08-31,0.5597756549164101,0.5790782637066312,0.521170437335968,0.521170437335968,6400
1994-09-01,0.5501242876052856,0.5597755908966064,0.5404729843139648,0.5597755908966064,104800
1994-09-02,0.5597756549164101,0.5597756549164101,0.521170437335968,0.521170437335968,48000
1994-09-06,0.5501245302813393,0.5790784529277256,0.521170607634953,0.540473222732544,72800
1994-09-07,0.540473222732544,0.540473222732544,0.540473222732544,0.540473222732544,0
1994-09-08,0.5404729843139648,0.579078197479248,0.5404729843139648,0.5597755908966064,73600
1994-09-09,0.5790780782699585,0.5790780782699585,0.5790780782699585,0.5790780782699585,8000
1994-09-12,0.5790780782699585,0.5790780782699585,0.5404728730519612,0.5790780782699585,8000
1994-09-13,0.5790784529277256,0.5790784529277256,0.540473222732544,0.540473222732544,18400
1994-09-14,0.5404728730519612,0.5790780782699585,0.5404728730519612,0.5790780782699585,5600
1994-09-15,0.5404729843139648,0.554949939250946,0.5404729843139648,0.554949939250946,55200
1994-09-16,0.5404729843139648,0.5597755908966064,0.5404729843139648,0.5597755908966064,43200
1994-09-19,0.5790780782699585,0.5790780782699585,0.5790780782699585,0.5790780782699585,13600
1994-09-20,0.5790780782699585,0.5790780782699585,0.5549498250087103,0.5790780782699585,278400
1994-09-21,0.5790784529277256,0.5790784529277256,0.540473222732544,0.540473222732544,45600
1994-09-22,0.5790780782699585,0.5790780782699585,0.5404728730519612,0.5790780782699585,40800
1994-09-23,0.5404728730519612,0.5790780782699585,0.5404728730519612,0.5790780782699585,137600
1994-09-26,0.5404729843139648,0.579078197479248,0.5404729843139648,0.5597755908966064,74400
1994-09-27,0.540473222732544,0.5597758378301348,0.521170607634953,0.540473222732544,41600
1994-09-28,0.5211703777313232,0.5597755908966064,0.5211703777313232,0.5597755908966064,6400
1994-09-29,0.5597755908966064,0.5597755908966064,0.5211703777313232,0.530821681022644,17600
1994-09-30,0.5597756549164101,0.5597756549164101,0.521170437335968,0.521170437335968,21600
1994-10-03,0.5597756549164101,0.5597756549164101,0.521170437335968,0.521170437335968,4000
1994-10-04,0.5597755908966064,0.5597755908966064,0.5597755908966064,0.5597755908966064,10400
1994-10-05,0.5597755908966064,0.5597755908966064,0.5597755908966064,0.5597755908966064,9600
1994-10-06,0.5597755908966064,0.5597755908966064,0.5597755908966064,0.5597755908966064,16000
1994-10-07,0.5597756549164101,0.5597756549164101,0.521170437335968,0.521170437335968,4000
1994-10-10,0.521170437335968,0.521170437335968,0.521170437335968,0.521170437335968,0
1994-10-11,0.521170437335968,0.521170437335968,0.521170437335968,0.521170437335968,0
1994-10-12,0.5597755908966064,0.5597755908966064,0.5597755908966064,0.5597755908966064,3200
1994-10-13,0.540473222732544,0.540473222732544,0.540473222732544,0.540473222732544,38400
1994-10-14,0.5597758378301348,0.5597758378301348,0.540473222732544,0.540473222732544,60800
1994-10-17,0.5597757121972871,0.5597757121972871,0.5501244068145752,0.5501244068145752,54400
1994-10-18,0.5404728730519612,0.5790780782699585,0.5404728730519612,0.5790780782699585,16800
1994-10-19,0.5597755908966064,0.5983808040618896,0.5597755908966064,0.5983808040618896,31200
1994-10-20,0.5597757666797961,0.5983809919680579,0.5597757666797961,0.5694270730018616,17600
1994-10-21,0.5983806808789571,0.5983806808789571,0.5790780782699585,0.5790780782699585,12000
1994-10-24,0.5597755908966064,0.579078197479248,0.5597755908966064,0.5597755908966064,24000
1994-10-25,0.5983808040618896,0.5983808040618896,0.5983808040618896,0.5983808040618896,8000
1994-10-26,0.5983808646436598,0.5983808646436598,0.5887295603752136,0.5887295603752136,3200
1994-10-27,0.5887295603752136,0.5887295603752136,0.5887295603752136,0.5887295603752136,0
1994-10-28,0.5597755908966064,0.5983808040618896,0.5597755908966064,0.5983808040618896,53600
1994-10-31,0.5983808040618896,0.5983808040618896,0.5983808040618896,0.5983808040618896,33600
1994-11-01,0.5597755908966064,0.5597755908966064,0.5597755908966064,0.5597755908966064,32000
1994-11-02,0.5597755908966064,0.5597755908966064,0.5597755908966064,0.5597755908966064,0
1994-11-03,0.5597755908966064,0.5597755908966064,0.5597755908966064,0.5597755908966064,800
1994-11-04,0.6080319821834564,0.6080319821834564,0.5597754756609599,0.5790780782699585,36000
1994-11-07,0.6080321073532104,0.6080321073532104,0.579078197479248,0.6080321073532104,19200
1994-11-08,0.6080321073532104,0.6080321073532104,0.6080321073532104,0.6080321073532104,0
1994-11-09,0.6080321073532104,0.6080321073532104,0.6080321073532104,0.6080321073532104,0
1994-11-10,0.5597758378301348,0.5790784529277256,0.540473222732544,0.540473222732544,261600
1994-11-11,0.530821681022644,0.530821681022644,0.530821681022644,0.530821681022644,4000
1994-11-14,0.5597758378301348,0.5597758378301348,0.521170607634953,0.540473222732544,125600
1994-11-15,0.5115190744400024,0.5404729843139648,0.49221646785736084,0.5018677711486816,213600
1994-11-16,0.5308217417310785,0.5308217417310785,0.501867828545747,0.521170437335968,24800
1994-11-17,0.521170437335968,0.521170437335968,0.4922165241506365,0.521170437335968,16800
1994-11-18,0.5211703777313232,0.5211703777313232,0.49221646785736084,0.5018677711486816,15200
1994-11-21,0.5115190744400024,0.5115190744400024,0.49221646785736084,0.49221646785736084,10400
1994-11-22,0.49221665024757383,0.5115192639827728,0.48256534337997437,0.48256534337997437,90400
1994-11-23,0.48256526174752606,0.48256526174752606,0.443960040807724,0.443960040807724,47200
1994-11-25,0.48256528874238336,0.48256528874238336,0.463262677192688,0.463262677192688,28800
1994-11-28,0.443960040807724,0.443960040807724,0.4053548198679219,0.443960040807724,111200
1994-11-29,0.4439601146039509,0.4439601146039509,0.40535488724708557,0.40535488724708557,184800
1994-11-30,0.44395992024378345,0.44395992024378345,0.40535470978780225,0.42465731501579285,230400
1994-12-01,0.44395992024378345,0.44395992024378345,0.40535470978780225,0.42465731501579285,101600
1994-12-02,0.443960040807724,0.443960040807724,0.4053548198679219,0.443960040807724,193600
1994-12-05,0.443960040807724,0.443960040807724,0.4053548198679219,0.443960040807724,60000
1994-12-06,0.443960040807724,0.443960040807724,0.4053548198679219,0.443960040807724,52000
1994-12-07,0.443960040807724,0.443960040807724,0.4053548198679219,0.443960040807724,29600
1994-12-08,0.44395992024378345,0.44395992024378345,0.40535470978780225,0.42465731501579285,72800
1994-12-09,0.4053548198679219,0.443960040807724,0.4053548198679219,0.443960040807724,29600
1994-12-12,0.4053548198679219,0.443960040807724,0.4053548198679219,0.443960040807724,22400
1994-12-13,0.4439601146039509,0.4439601146039509,0.40535488724708557,0.40535488724708557,32800
1994-12-14,0.42465743033782294,0.443960040807724,0.4053548198679219,0.443960040807724,20000
1994-12-15,0.44395992024378345,0.44395992024378345,0.40535470978780225,0.42465731501579285,78400
1994-12-16,0.44395992024378345,0.44395992024378345,0.40535470978780225,0.42465731501579285,87200
1994-12-19,0.44396005421876905,0.44396005421876905,0.3667496100068092,0.3860522210597992,333600
1994-12-20,0.39570358040786924,0.40535488724708557,0.3667496598902203,0.40535488724708557,72800
1994-12-21,0.3667496598902203,0.40535488724708557,0.3667496598902203,0.40535488724708557,33600
1994-12-22,0.3667496598902203,0.40535488724708557,0.3667496598902203,0.40535488724708557,46400
1994-12-23,0.37640085778658905,0.4246573780156389,0.37640085778658905,0.381226509809494,216000
1994-12-27,0.39570358040786924,0.40535488724708557,0.3764009667294366,0.40535488724708557,156000
1994-12-28,0.38605215937592263,0.4150060713291168,0.38605215937592263,0.4150060713291168,72000
1994-12-29,0.4053548321127891,0.4150061376392841,0.3860522210597992,0.3860522210597992,348800
1994-12-30,0.40535488724708557,0.40535488724708557,0.38605227356865296,0.40535488724708557,236000
1995-01-03,0.40535476605097454,0.4343086779117584,0.3860521581437853,0.4343086779117584,248800
1995-01-04,0.4343087714293907,0.4343087714293907,0.40535485333409804,0.4198318123817444,551200
1995-01-05,0.4343086779117584,0.4343086779117584,0.4150060700045692,0.4343086779117584,471200
1995-01-06,0.42465750092551824,0.4343088077647346,0.40535488724708557,0.40535488724708557,256800
1995-01-09,0.40535488724708557,0.4343088077647346,0.40535488724708557,0.40535488724708557,20000
1995-01-10,0.40535488724708557,0.4343088077647346,0.40535488724708557,0.40535488724708557,45600
1995-01-11,0.4343088077647346,0.4343088077647346,0.40535488724708557,0.40535488724708557,97600
1995-01-12,0.40535488724708557,0.4343088077647346,0.40535488724708557,0.40535488724708557,111200
1995-01-13,0.4343086779117584,0.4343086779117584,0.41018041802777183,0.4343086779117584,38400
1995-01-16,0.4343086779117584,0.4343086779117584,0.40535476605097454,0.4343086779117584,15200
1995-01-17,0.4343088077647346,0.4343088077647346,0.40535488724708557,0.40535488724708557,7200
1995-01-18,0.43430867929791295,0.43430867929791295,0.40535476734471876,0.4150060713291168,106400
1995-01-19,0.40535488724708557,0.4343088077647346,0.40535488724708557,0.40535488724708557,30400
1995-01-20,0.42465750092551824,0.42465750092551824,0.40535488724708557,0.40535488724708557,146400
1995-01-23,0.42465750092551824,0.42465750092551824,0.40535488724708557,0.40535488724708557,8000
1995-01-24,0.40535470978780225,0.42465731501579285,0.40535470978780225,0.42465731501579285,16000
1995-01-25,0.42465731501579285,0.42465731501579285,0.40535470978780225,0.42465731501579285,39200
1995-01-26,0.41018036109479994,0.42465731501579285,0.40535470978780225,0.42465731501579285,284800
1995-01-27,0.42465750092551824,0.42465750092551824,0.40535488724708557,0.40535488724708557,198400
1995-01-30,0.42465740652645334,0.42465740652645334,0.4053547971388873,0.4101804494857788,101600
1995-01-31,0.40535488724708557,0.40535488724708557,0.40535488724708557,0.40535488724708557,2400
1995-02-01,0.40535488724708557,0.42465750092551824,0.40535488724708557,0.40535488724708557,61600
1995-02-02,0.4053547971388873,0.42465740652645334,0.4053547971388873,0.4101804494857788,34400
1995-02-03,0.42465750092551824,0.42465750092551824,0.40535488724708557,0.40535488724708557,317600
1995-02-06,0.4101804193369178,0.4246573753135149,0.40535476734471876,0.4150060713291168,99200
1995-02-07,0.4053547971388873,0.42465740652645334,0.4053547971388873,0.4101804494857788,616800
1995-02-08,0.42465740652645334,0.42465740652645334,0.4053547971388873,0.4101804494857788,326400
1995-02-09,0.40535488724708557,0.42465750092551824,0.40535488724708557,0.40535488724708557,315200
1995-02-10,0.42465745409329736,0.463262677192688,0.41018049543102586,0.463262677192688,105600
1995-02-13,0.42465745409329736,0.463262677192688,0.42465745409329736,0.463262677192688,28800
1995-02-14,0.4632625897725423,0.4632625897725423,0.4343086779117584,0.4343086779117584,22400
1995-02-15,0.4343088090419769,0.48256534337997437,0.4343088090419769,0.48256534337997437,92000
1995-02-16,0.501867879901016,0.5501244068145752,0.4632626583701686,0.5501244068145752,132800
1995-02-17,0.5597758378301348,0.5597758378301348,0.540473222732544,0.540473222732544,132800
1995-02-21,0.5404730461261891,0.5597756549164101,0.521170437335968,0.521170437335968,83200
1995-02-22,0.5211703777313232,0.5404729843139648,0.44395995140075684,0.49221646785736084,156000
1995-02-23,0.5018679002920787,0.5018679002920787,0.463262677192688,0.463262677192688,13600
1995-02-24,0.4970422089099884,0.4970422089099884,0.46326264131416395,0.4970422089099884,80000
1995-02-27,0.463262677192688,0.492216594517231,0.463262677192688,0.463262677192688,47200
1995-02-28,0.463262677192688,0.49704224740465486,0.463262677192688,0.463262677192688,25600
1995-03-01,0.5018679002920787,0.5018679002920787,0.463262677192688,0.463262677192688,67200
1995-03-02,0.4777396358549595,0.492216594517231,0.463262677192688,0.463262677192688,41600
1995-03-03,0.46326255798339844,0.5018677711486816,0.46326255798339844,0.5018677711486816,77600
1995-03-06,0.463262677192688,0.5018679002920787,0.45361137141784036,0.463262677192688,26400
1995-03-07,0.463262677192688,0.463262677192688,0.463262677192688,0.463262677192688,8000
1995-03-08,0.463262677192688,0.463262677192688,0.463262677192688,0.463262677192688,14400
1995-03-09,0.463262677192688,0.5018679002920787,0.463262677192688,0.463262677192688,54400
1995-03-10,0.46326255798339844,0.5018677711486816,0.46326255798339844,0.5018677711486816,34400
1995-03-13,0.48256528874238336,0.48256528874238336,0.463262677192688,0.463262677192688,11200
1995-03-14,0.4439600656429927,0.48256528874238336,0.4439600656429927,0.463262677192688,22400
1995-03-15,0.48256528874238336,0.48256528874238336,0.4439600656429927,0.463262677192688,19200
1995-03-16,0.44396011926689927,0.47291404008865356,0.44396011926689927,0.47291404008865356,38400
1995-03-17,0.48256528874238336,0.48256528874238336,0.463262677192688,0.463262677192688,7200
1995-03-20,0.4439600656429927,0.48256528874238336,0.4439600656429927,0.463262677192688,50400
1995-03-21,0.48256528874238336,0.48256528874238336,0.4439600656429927,0.463262677192688,8000
1995-03-22,0.48256528874238336,0.48256528874238336,0.4439600656429927,0.463262677192688,28000
1995-03-23,0.4729139829675357,0.4729139829675357,0.463262677192688,0.463262677192688,1600
1995-03-24,0.4632627331480688,0.47291404008865356,0.453611426207484,0.47291404008865356,61600
1995-03-27,0.4632627331480688,0.47291404008865356,0.4632627331480688,0.47291404008865356,6400
1995-03-28,0.4632627296447754,0.48256534337997437,0.44878576934337616,0.48256534337997437,160800
1995-03-29,0.443960040807724,0.4536113460426745,0.443960040807724,0.443960040807724,7200
1995-03-30,0.45361142277717587,0.48256534337997437,0.4439601159095764,0.48256534337997437,46400
1995-03-31,0.44396006807367855,0.4536113739013672,0.44396006807367855,0.4536113739013672,28000
1995-04-03,0.48256534337997437,0.48256534337997437,0.48256534337997437,0.48256534337997437,10400
1995-04-04,0.4439601159095764,0.48256534337997437,0.4439601159095764,0.48256534337997437,39200
1995-04-05,0.4536113739013672,0.4825652913844332,0.4536113739013672,0.4536113739013672,50400
1995-04-06,0.48256526174752606,0.48256526174752606,0.443960040807724,0.443960040807724,4800
1995-04-07,0.4439601159095764,0.48256534337997437,0.4439601159095764,0.48256534337997437,61600
1995-04-10,0.48256528874238336,0.48256528874238336,0.4439600656429927,0.463262677192688,48800
1995-04-11,0.443960040807724,0.443960040807724,0.443960040807724,0.443960040807724,20800
1995-04-12,0.45361142277717587,0.48256534337997437,0.4439601159095764,0.48256534337997437,44000
1995-04-13,0.44396011926689927,0.47291404008865356,0.44396011926689927,0.47291404008865356,48800
1995-04-17,0.48256516456604004,0.49221646785736084,0.46326255798339844,0.49221646785736084,49600
1995-04-18,0.47291386127471924,0.530821681022644,0.47291386127471924,0.530821681022644,168800
1995-04-19,0.5597757121972871,0.5790783229627108,0.501867879901016,0.5501244068145752,172800
1995-04-20,0.5501242876052856,0.5501242876052856,0.5018677711486816,0.5018677711486816,20800
1995-04-21,0.5404731014318633,0.5501244068145752,0.5404731014318633,0.5501244068145752,43200
1995-04-24,0.5501244068145752,0.5501244068145752,0.5308217960491515,0.5501244068145752,74400
1995-04-25,0.5501245302813393,0.5501245302813393,0.5308219151837485,0.540473222732544,90400
1995-04-26,0.5501244068145752,0.5501244068145752,0.5501244068145752,0.5501244068145752,6400
1995-04-27,0.5211704906664396,0.5501244068145752,0.5211704906664396,0.5501244068145752,4800
1995-04-28,0.5308217960491515,0.5501244068145752,0.5308217960491515,0.5501244068145752,32000
1995-05-01,0.5501242876052856,0.5501242876052856,0.530821681022644,0.530821681022644,45600
1995-05-02,0.530821681022644,0.5501242876052856,0.530821681022644,0.530821681022644,4800
1995-05-03,0.5501244068145752,0.5501244068145752,0.5501244068145752,0.5501244068145752,4800
1995-05-04,0.530821681022644,0.5501242876052856,0.530821681022644,0.530821681022644,26400
1995-05-05,0.5308217417310785,0.5501243505212996,0.521170437335968,0.521170437335968,102400
1995-05-08,0.501867828545747,0.521170437335968,0.501867828545747,0.521170437335968,17600
1995-05-09,0.530821681022644,0.530821681022644,0.5018677711486816,0.5018677711486816,8000
1995-05-10,0.501867828545747,0.5501243505212996,0.501867828545747,0.521170437335968,20800
1995-05-11,0.5163447260856628,0.5404729843139648,0.5018677711486816,0.5018677711486816,26400
1995-05-12,0.5018677711486816,0.5018677711486816,0.5018677711486816,0.5018677711486816,0
1995-05-15,0.501867828545747,0.521170437335968,0.501867828545747,0.521170437335968,17600
1995-05-16,0.501867828545747,0.5404730461261891,0.501867828545747,0.521170437335968,27200
1995-05-17,0.501867879901016,0.5501244068145752,0.501867879901016,0.5501244068145752,83200
1995-05-18,0.5308217970670852,0.5452987551689148,0.5308217970670852,0.5452987551689148,8800
1995-05-19,0.5404729843139648,0.5597755908966064,0.5404729843139648,0.5597755908966064,28800
1995-05-22,0.530821681022644,0.5404729843139648,0.530821681022644,0.530821681022644,53600
1995-05-23,0.530821681022644,0.5404729843139648,0.530821681022644,0.530821681022644,46400
1995-05-24,0.5308219151837485,0.5597758378301348,0.5308219151837485,0.540473222732544,59200
1995-05-25,0.530821681022644,0.530821681022644,0.530821681022644,0.530821681022644,8000
1995-05-26,0.530821681022644,0.5404729843139648,0.530821681022644,0.530821681022644,24000
1995-05-30,0.530821681022644,0.530821681022644,0.530821681022644,0.530821681022644,800
1995-05-31,0.530821681022644,0.530821681022644,0.530821681022644,0.530821681022644,8000
1995-06-01,0.530821681022644,0.5597755908966064,0.530821681022644,0.530821681022644,14400
1995-06-02,0.5308219151837485,0.5597758378301348,0.5308219151837485,0.540473222732544,122400
1995-06-05,0.5597758378301348,0.5597758378301348,0.5308219151837485,0.540473222732544,70400
1995-06-06,0.530821681022644,0.530821681022644,0.530821681022644,0.530821681022644,33600
1995-06-07,0.5308219151837485,0.540473222732544,0.5308219151837485,0.540473222732544,115200
1995-06-08,0.530821681022644,0.530821681022644,0.530821681022644,0.530821681022644,4800
1995-06-09,0.530821681022644,0.530821681022644,0.530821681022644,0.530821681022644,1600
1995-06-12,0.5404729843139648,0.5597755908966064,0.5404729843139648,0.5597755908966064,13600
1995-06-13,0.530821681022644,0.530821681022644,0.530821681022644,0.530821681022644,8000
1995-06-14,0.530821681022644,0.5597755908966064,0.530821681022644,0.5597755908966064,15200
1995-06-15,0.530821681022644,0.530821681022644,0.530821681022644,0.530821681022644,11200
1995-06-16,0.530821681022644,0.530821681022644,0.530821681022644,0.530821681022644,16000
1995-06-19,0.5597755908966064,0.5597755908966064,0.5597755908966064,0.5597755908966064,8000
1995-06-20,0.530821866584274,0.530821866584274,0.5115192532539368,0.5115192532539368,38400
1995-06-21,0.5115190744400024,0.5211703777313232,0.49221646785736084,0.49221646785736084,89600
1995-06-22,0.48256533325843093,0.5115192532539368,0.4729140265932623,0.5115192532539368,20800
1995-06-23,0.4729139829675357,0.5018679002920787,0.463262677192688,0.463262677192688,34400
1995-06-26,0.46326252547177404,0.46326252547177404,0.42465731501579285,0.42465731501579285,52000
1995-06-27,0.4632625897725423,0.4632625897725423,0.4343086779117584,0.4343086779117584,20800
1995-06-28,0.4343087622459899,0.4632626797290559,0.4343087622459899,0.4536113739013672,40000
1995-06-29,0.463262677192688,0.463262677192688,0.463262677192688,0.463262677192688,8000
1995-06-30,0.443960040807724,0.443960040807724,0.443960040807724,0.443960040807724,14400
1995-07-03,0.47291404008865356,0.47291404008865356,0.47291404008865356,0.47291404008865356,1600
1995-07-05,0.44396011926689927,0.47291404008865356,0.44396011926689927,0.47291404008865356,32800
1995-07-06,0.4729139829675357,0.4729139829675357,0.463262677192688,0.463262677192688,19200
1995-07-07,0.443960040807724,0.47291395651257556,0.443960040807724,0.443960040807724,56800
1995-07-10,0.443960040807724,0.47291395651257556,0.443960040807724,0.443960040807724,15200
1995-07-11,0.443960040807724,0.47291395651257556,0.443960040807724,0.443960040807724,131200
1995-07-12,0.443960040807724,0.443960040807724,0.443960040807724,0.443960040807724,0
1995-07-13,0.443960040807724,0.443960040807724,0.443960040807724,0.443960040807724,0
1995-07-14,0.4343086779117584,0.4632625897725423,0.4343086779117584,0.4343086779117584,101600
1995-07-17,0.4632626797290559,0.4632626797290559,0.4343087622459899,0.4536113739013672,61600
1995-07-18,0.463262651277625,0.463262651277625,0.43430873557277344,0.443960040807724,24000
1995-07-19,0.443960040807724,0.443960040807724,0.443960040807724,0.443960040807724,0
1995-07-20,0.463262677192688,0.463262677192688,0.463262677192688,0.463262677192688,7200
1995-07-21,0.4439600656429927,0.463262677192688,0.434308759868145,0.463262677192688,19200
1995-07-24,0.463262677192688,0.463262677192688,0.463262677192688,0.463262677192688,2400
1995-07-25,0.463262677192688,0.463262677192688,0.463262677192688,0.463262677192688,4000
1995-07-26,0.47291395651257556,0.47291395651257556,0.443960040807724,0.443960040807724,10400
1995-07-27,0.47291395651257556,0.47291395651257556,0.443960040807724,0.443960040807724,10400
1995-07-28,0.443960040807724,0.4536113460426745,0.443960040807724,0.443960040807724,28800
1995-07-31,0.463262651277625,0.463262651277625,0.443960040807724,0.443960040807724,56000
1995-08-01,0.44395998186535307,0.47291389372613696,0.4343086779117584,0.4343086779117584,21600
1995-08-02,0.4343086779117584,0.4343086779117584,0.4343086779117584,0.4343086779117584,4800
1995-08-03,0.47291389372613696,0.47291389372613696,0.4343086779117584,0.4343086779117584,2400
1995-08-04,0.434308759868145,0.4729139829675357,0.434308759868145,0.463262677192688,24800
1995-08-07,0.4343086779117584,0.4343086779117584,0.4343086779117584,0.4343086779117584,11200
1995-08-08,0.4632625897725423,0.4632625897725423,0.4343086779117584,0.4343086779117584,46400
1995-08-09,0.43430860352978484,0.43551501631736755,0.43430860352978484,0.43551501631736755,12000
1995-08-10,0.4343087622459899,0.4536113739013672,0.4343087622459899,0.4536113739013672,39200
1995-08-11,0.4536112858189477,0.4536112858189477,0.4343086779117584,0.4343086779117584,23200
1995-08-14,0.4343087622459899,0.4536113739013672,0.4343087622459899,0.4536113739013672,33600
1995-08-15,0.4536112858189477,0.4536112858189477,0.4343086779117584,0.4343086779117584,15200
1995-08-16,0.4343087622459899,0.4632626797290559,0.4343087622459899,0.4536113739013672,52800
1995-08-17,0.4632627331480688,0.47291404008865356,0.44396011926689927,0.47291404008865356,47200
1995-08-18,0.47291404008865356,0.47291404008865356,0.47291404008865356,0.47291404008865356,0
1995-08-21,0.47291389372613696,0.47291389372613696,0.4343086779117584,0.4343086779117584,1600
1995-08-22,0.4343086779117584,0.4536112858189477,0.4343086779117584,0.4343086779117584,8800
1995-08-23,0.43430873557277344,0.47291395651257556,0.43430873557277344,0.443960040807724,26400
1995-08-24,0.4343086779117584,0.47291389372613696,0.4343086779117584,0.4343086779117584,16800
1995-08-25,0.434308759868145,0.4729139829675357,0.434308759868145,0.463262677192688,27200
1995-08-28,0.4729139829675357,0.4729139829675357,0.463262677192688,0.463262677192688,14400
1995-08-29,0.44396011926689927,0.47291404008865356,0.44396011926689927,0.47291404008865356,23200
1995-08-30,0.4343086779117584,0.4343086779117584,0.4343086779117584,0.4343086779117584,1600
1995-08-31,0.4343086779117584,0.44395998186535307,0.4343086779117584,0.4343086779117584,25600
1995-09-01,0.4343086779117584,0.44395998186535307,0.4343086779117584,0.4343086779117584,4000
1995-09-05,0.443960040807724,0.443960040807724,0.43430873557277344,0.443960040807724,21600
1995-09-06,0.47291404008865356,0.47291404008865356,0.453611426207484,0.47291404008865356,20000
1995-09-07,0.47291404008865356,0.47291404008865356,0.47291404008865356,0.47291404008865356,0
1995-09-08,0.4343086779117584,0.4343086779117584,0.4343086779117584,0.4343086779117584,800
1995-09-11,0.4343086779117584,0.4343086779117584,0.4343086779117584,0.4343086779117584,10400
1995-09-12,0.4343086779117584,0.44395998186535307,0.4246573739581638,0.4343086779117584,32000
1995-09-13,0.42465731501579285,0.42465731501579285,0.42465731501579285,0.42465731501579285,19200
1995-09-14,0.453611359745264,0.453611359745264,0.3764009155333042,0.3860522210597992,223200
1995-09-15,0.38605227356865296,0.40535488724708557,0.3764009667294366,0.40535488724708557,105600
1995-09-18,0.4246574431657791,0.4246574431657791,0.3860522210597992,0.3860522210597992,11200
1995-09-19,0.3860522210597992,0.3860522210597992,0.3860522210597992,0.3860522210597992,0
1995-09-20,0.4246574431657791,0.4246574431657791,0.3764009155333042,0.3860522210597992,232800
1995-09-21,0.3667496100068092,0.3860522210597992,0.3667496100068092,0.3860522210597992,41600
1995-09-22,0.3860521630236977,0.3860521630236977,0.3667495548725128,0.3667495548725128,349600
1995-09-25,0.3860522210597992,0.3860522210597992,0.35709830448031427,0.3860522210597992,40800
1995-09-26,0.3860521630236977,0.3860521630236977,0.35709825079692037,0.3667495548725128,150400
1995-09-27,0.3667496100068092,0.3860522210597992,0.3667496100068092,0.3860522210597992,24000
1995-09-28,0.3860522210597992,0.3860522210597992,0.3860522210597992,0.3860522210597992,10400
1995-09-29,0.3667495548725128,0.3860521630236977,0.3667495548725128,0.3667495548725128,36000
1995-10-02,0.38605219278580105,0.38605219278580105,0.366749583146511,0.376400887966156,24800
1995-10-03,0.37640085894810527,0.37640085894810527,0.3474469467213279,0.3667495548725128,44800
1995-10-04,0.35709822177886963,0.37640082836151123,0.35709822177886963,0.35709822177886963,89600
1995-10-05,0.3860522210597992,0.3860522210597992,0.3667496100068092,0.3860522210597992,20800
1995-10-06,0.38605213165283203,0.38605213165283203,0.35709822177886963,0.35709822177886963,84000
1995-10-09,0.35709822177886963,0.35709822177886963,0.35709822177886963,0.35709822177886963,9600
1995-10-10,0.37640085894810527,0.37640085894810527,0.35709825079692037,0.3667495548725128,48000
1995-10-11,0.35709825079692037,0.3667495548725128,0.35709825079692037,0.3667495548725128,24800
1995-10-12,0.35709830448031427,0.3860522210597992,0.35709830448031427,0.3860522210597992,13600
1995-10-13,0.37157517671585083,0.37640082836151123,0.35709822177886963,0.35709822177886963,33600
1995-10-16,0.35709822177886963,0.38605213165283203,0.35709822177886963,0.35709822177886963,371200
1995-10-17,0.3860522210597992,0.3860522210597992,0.35709830448031427,0.3860522210597992,13600
1995-10-18,0.3860522210597992,0.3860522210597992,0.35709830448031427,0.3860522210597992,135200
1995-10-19,0.3860521630236977,0.3860521630236977,0.3667495548725128,0.3667495548725128,42400
1995-10-20,0.39570358040786924,0.40535488724708557,0.3667496598902203,0.40535488724708557,74400
1995-10-23,0.4053548198679219,0.443960040807724,0.4053548198679219,0.443960040807724,62400
1995-10-24,0.41500612510287244,0.4536113460426745,0.41500612510287244,0.443960040807724,37600
1995-10-25,0.4150060713291168,0.4150060713291168,0.4150060713291168,0.4150060713291168,6400
1995-10-26,0.42465743033782294,0.443960040807724,0.42465743033782294,0.443960040807724,23200
1995-10-27,0.4343086176297882,0.4343086176297882,0.42465731501579285,0.42465731501579285,4000
1995-10-30,0.4246573753135149,0.4246573753135149,0.4150060713291168,0.4150060713291168,8000
1995-10-31,0.4632626797290559,0.4632626797290559,0.4150061505906126,0.4536113739013672,29600
1995-11-01,0.4536112228577787,0.4536112228577787,0.4150060124017976,0.42465731501579285,10400
1995-11-02,0.4150060713291168,0.4150060713291168,0.4150060713291168,0.4150060713291168,800
1995-11-03,0.4150060713291168,0.4150060713291168,0.4150060713291168,0.4150060713291168,25600
1995-11-06,0.4150061127212313,0.4150061127212313,0.3474469780921936,0.3474469780921936,197600
1995-11-07,0.3667495548725128,0.3667495548725128,0.3474469467213279,0.3667495548725128,96800
1995-11-08,0.39570354730233376,0.4246574653976265,0.3474470171435126,0.4198318123817444,140000
1995-11-09,0.3860521630236977,0.40535477117488256,0.3667495548725128,0.3667495548725128,74400
1995-11-10,0.4053548024250911,0.4053548024250911,0.366749583146511,0.376400887966156,15200
1995-11-13,0.3667495548725128,0.3957034670992901,0.3667495548725128,0.3667495548725128,38400
1995-11-14,0.34744699895381925,0.3860522210597992,0.3377956934273243,0.3860522210597992,76800
1995-11-15,0.34744699895381925,0.3860522210597992,0.34744699895381925,0.3860522210597992,16800
1995-11-16,0.33779564160334913,0.38605216183239904,0.33779564160334913,0.381226509809494,67200
1995-11-17,0.3667496221406119,0.3860522338322231,0.3377957046031952,0.3377957046031952,119200
1995-11-20,0.38605213165283203,0.38605213165283203,0.337795615196228,0.35709822177886963,84800
1995-11-21,0.3619239355127017,0.38484578476183945,0.3474469780921936,0.3474469780921936,20000
1995-11-22,0.3619239028347166,0.3667495548725128,0.3474469467213279,0.3667495548725128,18400
1995-11-24,0.34744691848754883,0.35709822177886963,0.34744691848754883,0.35709822177886963,17600
1995-11-27,0.34744691848754883,0.37640082836151123,0.34744691848754883,0.35709822177886963,60000
1995-11-28,0.35709825079692037,0.37640085894810527,0.35709825079692037,0.3667495548725128,39200
1995-11-29,0.37640085894810527,0.37640085894810527,0.35709825079692037,0.3667495548725128,42400
1995-11-30,0.35709822177886963,0.36674952507019043,0.35709822177886963,0.35709822177886963,56000
1995-12-01,0.37640082836151123,0.38605213165283203,0.35709822177886963,0.35709822177886963,60000
1995-12-04,0.38605213165283203,0.38605213165283203,0.35709822177886963,0.35709822177886963,26400
1995-12-05,0.3727816759608686,0.3860522210597992,0.3727816759608686,0.3860522210597992,25600
1995-12-06,0.35709830448031427,0.3860522210597992,0.35709830448031427,0.3860522210597992,33600
1995-12-07,0.3860522210597992,0.3860522210597992,0.3860522210597992,0.3860522210597992,2400
1995-12-08,0.37640082836151123,0.38605213165283203,0.35709822177886963,0.35709822177886963,8000
1995-12-11,0.35709825079692037,0.3860521630236977,0.35709825079692037,0.3667495548725128,74400
1995-12-12,0.366749583146511,0.376400887966156,0.366749583146511,0.376400887966156,10400
1995-12-13,0.3860521630236977,0.3957034670992901,0.3667495548725128,0.3667495548725128,50400
1995-12-14,0.36674952507019043,0.36674952507019043,0.35709822177886963,0.35709822177886963,36000
1995-12-15,0.36674952507019043,0.36674952507019043,0.35709822177886963,0.35709822177886963,37600
1995-12-18,0.35709822177886963,0.37640082836151123,0.35709822177886963,0.35709822177886963,83200
1995-12-19,0.35709822177886963,0.37640082836151123,0.35709822177886963,0.35709822177886963,59200
1995-12-20,0.37640082836151123,0.37640082836151123,0.35709822177886963,0.35709822177886963,80800
1995-12-21,0.35709822177886963,0.36674952507019043,0.3426212668418884,0.35709822177886963,86400
1995-12-22,0.3377956731451882,0.357098283039199,0.3377956731451882,0.3474469780921936,25600
1995-12-26,0.3474469780921936,0.357098283039199,0.3474469780921936,0.3474469780921936,73600
1995-12-27,0.3474470104490008,0.3570983162948063,0.3377957046031952,0.3377957046031952,97600
1995-12-28,0.3474470104490008,0.3570983162948063,0.3377957046031952,0.3377957046031952,140000
1995-12-29,0.3377956731451882,0.357098283039199,0.3377956731451882,0.3474469780921936,176800
1996-01-02,0.3474469780921936,0.3474469780921936,0.3474469780921936,0.3474469780921936,24800
1996-01-03,0.3474469735072209,0.376400887966156,0.3474469735072209,0.376400887966156,92000
1996-01-04,0.376400887966156,0.376400887966156,0.376400887966156,0.376400887966156,800
1996-01-05,0.3474469467213279,0.37640085894810527,0.3474469467213279,0.3667495548725128,30400
1996-01-08,0.3281444311141968,0.3281444311141968,0.3281444311141968,0.3281444311141968,2400
1996-01-09,0.35709822177886963,0.35709822177886963,0.3281443119049072,0.35709822177886963,56000
1996-01-10,0.3281444311141968,0.33779573791167317,0.3281444311141968,0.3281444311141968,108800
1996-01-11,0.33779564680475177,0.33779564680475177,0.3184930384159088,0.3184930384159088,48000
1996-01-12,0.3281443119049072,0.3281443119049072,0.2991904020309448,0.2991904020309448,150400
1996-01-15,0.28953912583264435,0.3184930384159088,0.28953912583264435,0.3184930384159088,59200
1996-01-16,0.289539098739624,0.2991904020309448,0.2605851888656616,0.2798877954483032,200000
1996-01-17,0.27988782745820506,0.27988782745820506,0.2509339142728735,0.260585218667984,555200
1996-01-18,0.2798877954483032,0.2798877954483032,0.2509338855743408,0.2798877954483032,43200
1996-01-19,0.25093383391698204,0.28953903913497925,0.25093383391698204,0.28953903913497925,78400
1996-01-22,0.3088417947292328,0.3088417947292328,0.29919048864394426,0.3088417947292328,46400
1996-01-23,0.3184930384159088,0.32814434261033026,0.3184930384159088,0.3184930384159088,36800
1996-01-24,0.2991904020309448,0.3281443119049072,0.2991904020309448,0.2991904020309448,14400
1996-01-25,0.3281444311141968,0.3281444311141968,0.29919051072176767,0.3281444311141968,25600
1996-01-26,0.3281444311141968,0.3281444311141968,0.3281444311141968,0.3281444311141968,8800
1996-01-29,0.3281443119049072,0.3281443119049072,0.2991904020309448,0.2991904020309448,61600
1996-01-30,0.2991904020309448,0.2991904020309448,0.2991904020309448,0.2991904020309448,2400
1996-01-31,0.3088416417439779,0.3088416417439779,0.28953903913497925,0.28953903913497925,56000
1996-02-01,0.289539098739624,0.2991904020309448,0.289539098739624,0.2991904020309448,9600
1996-02-02,0.28953903913497925,0.3088416417439779,0.28953903913497925,0.28953903913497925,79200
1996-02-05,0.289539098739624,0.289539098739624,0.2798877954483032,0.2798877954483032,44800
1996-02-06,0.289539098739624,0.2991904020309448,0.2798877954483032,0.2798877954483032,46400
1996-02-07,0.28953918255865574,0.3088417947292328,0.28953918255865574,0.3088417947292328,73600
1996-02-08,0.3088416417439779,0.3088416417439779,0.28953903913497925,0.28953903913497925,4800
1996-02-09,0.3088417947292328,0.3088417947292328,0.29919048864394426,0.3088417947292328,18400
1996-02-12,0.2991904020309448,0.3184930086135864,0.2991904020309448,0.2991904020309448,19200
1996-02-13,0.2991904020309448,0.2991904020309448,0.2991904020309448,0.2991904020309448,8000
1996-02-14,0.32814434261033026,0.32814434261033026,0.3184930384159088,0.3184930384159088,24000
1996-02-15,0.33779564680475177,0.33779564680475177,0.3184930384159088,0.3184930384159088,11200
1996-02-16,0.31849303887440605,0.31849303887440605,0.3088417346660907,0.3136673867702484,39200
1996-02-20,0.3088417947292328,0.3088417947292328,0.3088417947292328,0.3088417947292328,4800
1996-02-21,0.3281444311141968,0.3281444311141968,0.3281444311141968,0.3281444311141968,8800
1996-02-22,0.3088417947292328,0.3088417947292328,0.3088417947292328,0.3088417947292328,4000
1996-02-23,0.30884181751924406,0.33779573791167317,0.30884181751924406,0.3281444311141968,74400
1996-02-26,0.33779564680475177,0.33779564680475177,0.3088417342214873,0.3184930384159088,100800
1996-02-27,0.3088416417439779,0.3088416417439779,0.28953903913497925,0.28953903913497925,111200
1996-02-28,0.3088417947292328,0.3088417947292328,0.28953918255865574,0.3088417947292328,66400
1996-02-29,0.3088417947292328,0.3088417947292328,0.29919048864394426,0.3088417947292328,26400
1996-03-01,0.28953903913497925,0.28953903913497925,0.2702364365259806,0.28953903913497925,124800
1996-03-04,0.29919048864394426,0.3088417947292328,0.28953918255865574,0.3088417947292328,176000
1996-03-05,0.3088417947292328,0.3088417947292328,0.28953918255865574,0.3088417947292328,73600
1996-03-06,0.28953918255865574,0.3088417947292328,0.28953918255865574,0.3088417947292328,111200
1996-03-07,0.2895391135789547,0.2991904173649198,0.2895391135789547,0.2907455265522003,200000
1996-03-08,0.2702365703880787,0.3088417947292328,0.2702365703880787,0.3088417947292328,4800
1996-03-11,0.29919034043947856,0.3088416417439779,0.2702364365259806,0.28953903913497925,52800
1996-03-12,0.2702364921569824,0.3088417053222656,0.2702364921569824,0.2798877954483032,68000
1996-03-13,0.3088417947292328,0.3088417947292328,0.2702365703880787,0.3088417947292328,35200
1996-03-14,0.3088417947292328,0.3088417947292328,0.2702365703880787,0.3088417947292328,104800
1996-03-15,0.3088416417439779,0.3088416417439779,0.2702364365259806,0.28953903913497925,46400
1996-03-18,0.3088417947292328,0.3088417947292328,0.3088417947292328,0.3088417947292328,8000
1996-03-19,0.28953903913497925,0.3088416417439779,0.28953903913497925,0.28953903913497925,21600
1996-03-20,0.28953918255865574,0.3088417947292328,0.28953918255865574,0.3088417947292328,19200
1996-03-21,0.3184929430484772,0.3184929430484772,0.28953903913497925,0.28953903913497925,2400
1996-03-22,0.28953912583264435,0.3184930384159088,0.28953912583264435,0.3184930384159088,20800
1996-03-25,0.3184930384159088,0.3184930384159088,0.3184930384159088,0.3184930384159088,0
1996-03-26,0.28953912583264435,0.3184930384159088,0.28953912583264435,0.3184930384159088,173600
1996-03-27,0.29919048864394426,0.3088417947292328,0.29919048864394426,0.3088417947292328,80000
1996-03-28,0.28953918255865574,0.3088417947292328,0.28953918255865574,0.3088417947292328,140000
1996-03-29,0.3184929430484772,0.3184929430484772,0.28953903913497925,0.28953903913497925,76000
1996-04-01,0.3088417053222656,0.3088417053222656,0.2798877954483032,0.2991904020309448,191200
1996-04-02,0.2798877954483032,0.2798877954483032,0.2798877954483032,0.2798877954483032,36000
1996-04-03,0.2798877954483032,0.2991904020309448,0.2798877954483032,0.2991904020309448,30400
1996-04-04,0.270236611366272,0.2895392264638628,0.270236611366272,0.270236611366272,24800
1996-04-08,0.289539098739624,0.2991904020309448,0.289539098739624,0.2991904020309448,20000
1996-04-09,0.2991904020309448,0.2991904020309448,0.2991904020309448,0.2991904020309448,16000
1996-04-10,0.3088417947292328,0.3088417947292328,0.3088417947292328,0.3088417947292328,5600
1996-04-11,0.2798878764733672,0.3184931008145213,0.2798878764733672,0.3088417947292328,14400
1996-04-12,0.3088417947292328,0.3088417947292328,0.3088417947292328,0.3088417947292328,0
1996-04-15,0.2798877954483032,0.2991904020309448,0.2798877954483032,0.2991904020309448,7200
1996-04-16,0.2991904020309448,0.2991904020309448,0.2991904020309448,0.2991904020309448,0
1996-04-17,0.3184930384159088,0.3184930384159088,0.28953912583264435,0.3184930384159088,22400
1996-04-18,0.3184929430484772,0.3184929430484772,0.28953903913497925,0.28953903913497925,17600
1996-04-19,0.28953918255865574,0.3088417947292328,0.28953918255865574,0.3088417947292328,204800
1996-04-22,0.3184930086135864,0.3184930086135864,0.2991904020309448,0.2991904020309448,37600
1996-04-23,0.2991904020309448,0.2991904020309448,0.2991904020309448,0.2991904020309448,8000
1996-04-24,0.2991904020309448,0.3281443119049072,0.2991904020309448,0.2991904020309448,32000
1996-04-25,0.2991904020309448,0.2991904020309448,0.2991904020309448,0.2991904020309448,4800
1996-04-26,0.2991904020309448,0.2991904020309448,0.2991904020309448,0.2991904020309448,8000
1996-04-29,0.32814434261033026,0.3474469509991732,0.3088417342214873,0.3184930384159088,116800
1996-04-30,0.3438277119262652,0.3438277119262652,0.3184930384159088,0.3184930384159088,16000
1996-05-01,0.3184930823743343,0.39570352658629415,0.3184930823743343,0.3860522210597992,127200
1996-05-02,0.3860522210597992,0.3860522210597992,0.35709830448031427,0.3860522210597992,39200
1996-05-03,0.3957034675280253,0.3957034675280253,0.3619239032268524,0.3619239032268524,10400
1996-05-06,0.35709829091278367,0.38605220639219856,0.35709829091278367,0.3848457932472229,83200
1996-05-07,0.39570358040786924,0.40535488724708557,0.3764009667294366,0.40535488724708557,72000
1996-05-08,0.38605219278580105,0.38605219278580105,0.376400887966156,0.376400887966156,32000
1996-05-09,0.376400887966156,0.376400887966156,0.376400887966156,0.376400887966156,800
1996-05-10,0.376400887966156,0.376400887966156,0.376400887966156,0.376400887966156,16000
1996-05-13,0.376400887966156,0.376400887966156,0.376400887966156,0.376400887966156,6400
1996-05-14,0.366749583146511,0.376400887966156,0.366749583146511,0.376400887966156,17600
1996-05-15,0.39570352435112,0.39570352435112,0.39570352435112,0.39570352435112,8000
1996-05-16,0.366749583146511,0.376400887966156,0.366749583146511,0.376400887966156,24000
1996-05-17,0.39570352658629415,0.39570352658629415,0.3667496100068092,0.3860522210597992,96000
1996-05-20,0.3860521630236977,0.3860521630236977,0.3667495548725128,0.3667495548725128,20800
1996-05-21,0.3667495548725128,0.3667495548725128,0.3667495548725128,0.3667495548725128,0
1996-05-22,0.35709825079692037,0.3667495548725128,0.35709825079692037,0.3667495548725128,16000
1996-05-23,0.36674952507019043,0.36674952507019043,0.35709822177886963,0.35709822177886963,20000
1996-05-24,0.35709822177886963,0.35709822177886963,0.35709822177886963,0.35709822177886963,0
1996-05-28,0.3377956731451882,0.357098283039199,0.3377956731451882,0.3474469780921936,26400
1996-05-29,0.337795615196228,0.35709822177886963,0.337795615196228,0.35709822177886963,4800
1996-05-30,0.3377957046031952,0.3474470104490008,0.3377957046031952,0.3377957046031952,65600
1996-05-31,0.3474469780921936,0.3474469780921936,0.3474469780921936,0.3474469780921936,8000
1996-06-03,0.33779572950650566,0.3522726893424988,0.33779572950650566,0.3522726893424988,3200
1996-06-04,0.3667495548725128,0.3667495548725128,0.3667495548725128,0.3667495548725128,2400
1996-06-05,0.3667495548725128,0.3667495548725128,0.3667495548725128,0.3667495548725128,8000
1996-06-06,0.3474469780921936,0.3474469780921936,0.3474469780921936,0.3474469780921936,16000
1996-06-07,0.3474469780921936,0.3474469780921936,0.3474469780921936,0.3474469780921936,1600
1996-06-10,0.376400887966156,0.376400887966156,0.376400887966156,0.376400887966156,2400
1996-06-11,0.35709822177886963,0.35709822177886963,0.35709822177886963,0.35709822177886963,13600
1996-06-12,0.35709822177886963,0.37640082836151123,0.35709822177886963,0.35709822177886963,5600
1996-06-13,0.35709827832686597,0.376400887966156,0.35709827832686597,0.376400887966156,88000
1996-06-14,0.35709822177886963,0.37640082836151123,0.35709822177886963,0.35709822177886963,8800
1996-06-17,0.35709827832686597,0.376400887966156,0.3474469735072209,0.376400887966156,71200
1996-06-18,0.3474469780921936,0.3474469780921936,0.3474469780921936,0.3474469780921936,800
1996-06-19,0.3377957046031952,0.3377957046031952,0.3377957046031952,0.3377957046031952,9600
1996-06-20,0.34744691848754883,0.35709822177886963,0.34744691848754883,0.35709822177886963,16000
1996-06-21,0.3474469467213279,0.3667495548725128,0.3474469467213279,0.3667495548725128,11200
1996-06-24,0.3474469780921936,0.3474469780921936,0.3474469780921936,0.3474469780921936,3200
1996-06-25,0.3667495879862044,0.3667495879862044,0.3474469780921936,0.3474469780921936,10400
1996-06-26,0.3474469780921936,0.3474469780921936,0.3474469780921936,0.3474469780921936,8800
1996-06-27,0.3474469780921936,0.3474469780921936,0.3474469780921936,0.3474469780921936,0
1996-06-28,0.3474469780921936,0.3474469780921936,0.3474469780921936,0.3474469780921936,3200
1996-07-01,0.3474469780921936,0.3474469780921936,0.3474469780921936,0.3474469780921936,0
1996-07-02,0.34744691848754883,0.35709822177886963,0.34744691848754883,0.35709822177886963,120000
1996-07-03,0.3474469780921936,0.3474469780921936,0.3474469780921936,0.3474469780921936,1600
1996-07-05,0.3377957046031952,0.3377957046031952,0.3377957046031952,0.3377957046031952,1600
1996-07-08,0.3377957046031952,0.3377957046031952,0.3377957046031952,0.3377957046031952,11200
1996-07-09,0.3377957046031952,0.3377957046031952,0.3377957046031952,0.3377957046031952,800
1996-07-10,0.3377956731451882,0.3474469780921936,0.3377956731451882,0.3474469780921936,35200
1996-07-11,0.32814434261033026,0.3474469509991732,0.3184930384159088,0.3184930384159088,35200
1996-07-12,0.3184930384159088,0.32814434261033026,0.3184930384159088,0.3184930384159088,16800
1996-07-15,0.3184931402312779,0.32452520728111267,0.30884183295154216,0.32452520728111267,18400
1996-07-16,0.3088417342214873,0.32814434261033026,0.3088417342214873,0.3184930384159088,21600
1996-07-17,0.32814440689980984,0.32814440689980984,0.3088417947292328,0.3088417947292328,46400
1996-07-18,0.32814434261033026,0.32814434261033026,0.3088417342214873,0.3184930384159088,33600
1996-07-19,0.318493092911584,0.3377957046031952,0.318493092911584,0.3377957046031952,60800
1996-07-22,0.31849312431672044,0.33779573791167317,0.31849312431672044,0.3281444311141968,35200
1996-07-23,0.3377956731451882,0.3619239355127017,0.3377956731451882,0.3474469780921936,84800
1996-07-24,0.3474469780921936,0.3474469780921936,0.3474469780921936,0.3474469780921936,10400
1996-07-25,0.366749583146511,0.376400887966156,0.366749583146511,0.376400887966156,16800
1996-07-26,0.35709827832686597,0.376400887966156,0.35709827832686597,0.376400887966156,21600
1996-07-29,0.38605219278580105,0.3957034976054461,0.376400887966156,0.376400887966156,24800
1996-07-30,0.376400887966156,0.376400887966156,0.376400887966156,0.376400887966156,30400
1996-07-31,0.37640082836151123,0.37640082836151123,0.35709822177886963,0.35709822177886963,38400
1996-08-01,0.35709822177886963,0.35709822177886963,0.35709822177886963,0.35709822177886963,10400
1996-08-02,0.3474469780921936,0.3474469780921936,0.3474469780921936,0.3474469780921936,9600
1996-08-05,0.3474470104490008,0.3474470104490008,0.3377957046031952,0.3377957046031952,23200
1996-08-06,0.3184930384159088,0.3184930384159088,0.3184930384159088,0.3184930384159088,9600
1996-08-07,0.3474469780921936,0.3474469780921936,0.3474469780921936,0.3474469780921936,800
1996-08-08,0.3184931008145213,0.3184931008145213,0.3088417947292328,0.3088417947292328,22400
1996-08-09,0.33779564680475177,0.33779564680475177,0.3184930384159088,0.3184930384159088,16000
1996-08-12,0.3184930384159088,0.3184930384159088,0.3184930384159088,0.3184930384159088,0
1996-08-13,0.3088417053222656,0.3184930086135864,0.2991904020309448,0.2991904020309448,72800
1996-08-14,0.31849312431672044,0.3281444311141968,0.31849312431672044,0.3281444311141968,22400
1996-08-15,0.2991904020309448,0.2991904020309448,0.2991904020309448,0.2991904020309448,800
1996-08-16,0.3281444311141968,0.3281444311141968,0.3281444311141968,0.3281444311141968,2400
1996-08-19,0.3184930384159088,0.3184930384159088,0.3184930384159088,0.3184930384159088,15200
1996-08-20,0.3281443879008293,0.4150061376392841,0.3281443879008293,0.3860522210597992,542400
1996-08-21,0.4053548077742259,0.4053548077742259,0.3474469780921936,0.3474469780921936,265600
1996-08-22,0.3474470104490008,0.3667496221406119,0.3377957046031952,0.3377957046031952,20800
1996-08-23,0.337795615196228,0.36674952507019043,0.337795615196228,0.35709822177886963,32800
1996-08-26,0.33779573791167317,0.33779573791167317,0.3281444311141968,0.3281444311141968,62400
1996-08-27,0.3184930384159088,0.3184930384159088,0.3184930384159088,0.3184930384159088,8000
1996-08-28,0.3088417947292328,0.3088417947292328,0.3088417947292328,0.3088417947292328,5600
1996-08-29,0.3088417342214873,0.3184930384159088,0.3088417342214873,0.3184930384159088,8800
1996-08-30,0.30884181751924406,0.33779573791167317,0.30884181751924406,0.3281444311141968,21600
1996-09-03,0.3281444311141968,0.3281444311141968,0.3281444311141968,0.3281444311141968,0
1996-09-04,0.3088417342214873,0.3184930384159088,0.3088417342214873,0.3184930384159088,71200
1996-09-05,0.3184930384159088,0.3184930384159088,0.3184930384159088,0.3184930384159088,0
1996-09-06,0.3088417342214873,0.33779564680475177,0.3088417342214873,0.3184930384159088,83200
1996-09-09,0.33779564680475177,0.33779564680475177,0.3184930384159088,0.3184930384159088,29600
1996-09-10,0.33779571298509836,0.33779571298509836,0.3088417947292328,0.3088417947292328,45600
1996-09-11,0.3088417947292328,0.3088417947292328,0.3088417947292328,0.3088417947292328,16000
1996-09-12,0.3281444311141968,0.3281444311141968,0.3281444311141968,0.3281444311141968,16000
1996-09-13,0.30884164795839697,0.32090577483177185,0.30884164795839697,0.32090577483177185,32000
1996-09-16,0.3088417947292328,0.3233187538571656,0.3088417947292328,0.3088417947292328,13600
1996-09-17,0.30884181751924406,0.33779573791167317,0.30884181751924406,0.3281444311141968,48800
1996-09-18,0.3088417870657785,0.3377957046031952,0.3088417870657785,0.3377957046031952,6400
1996-09-19,0.3088417870657785,0.3377957046031952,0.3088417870657785,0.3377957046031952,9600
1996-09-20,0.3088417947292328,0.3184931008145213,0.3088417947292328,0.3088417947292328,40800
1996-09-23,0.3377957046031952,0.3377957046031952,0.3377957046031952,0.3377957046031952,800
1996-09-24,0.30884164795839697,0.32090577483177185,0.30884164795839697,0.32090577483177185,67200
1996-09-25,0.3088417947292328,0.33779571298509836,0.3088417947292328,0.3088417947292328,69600
1996-09-26,0.3088416768543756,0.3377955840594733,0.3088416768543756,0.32331863045692444,59200
1996-09-27,0.33779571298509836,0.33779571298509836,0.3088417947292328,0.3088417947292328,10400
1996-09-30,0.33779571298509836,0.33779571298509836,0.3088417947292328,0.3088417947292328,139200
1996-10-01,0.3088417947292328,0.3088417947292328,0.3088417947292328,0.3088417947292328,8000
1996-10-02,0.3088417342214873,0.32814434261033026,0.3088417342214873,0.3184930384159088,16800
1996-10-03,0.3281444311141968,0.3281444311141968,0.3281444311141968,0.3281444311141968,20000
1996-10-04,0.3088417947292328,0.3088417947292328,0.3088417947292328,0.3088417947292328,9600
1996-10-07,0.3088417947292328,0.33779571298509836,0.3088417947292328,0.3088417947292328,21600
1996-10-08,0.3088417870657785,0.3377957046031952,0.3088417870657785,0.3377957046031952,20000
1996-10-09,0.3088417947292328,0.3184931008145213,0.3088417947292328,0.3088417947292328,50400
1996-10-10,0.3088417346660907,0.3377956472910367,0.3088417346660907,0.3136673867702484,35200
1996-10-11,0.3088417947292328,0.3088417947292328,0.3088417947292328,0.3088417947292328,10400
1996-10-14,0.3088417947292328,0.3088417947292328,0.3088417947292328,0.3088417947292328,800
1996-10-15,0.3088417947292328,0.3088417947292328,0.3088417947292328,0.3088417947292328,53600
1996-10-16,0.3088417947292328,0.3088417947292328,0.3088417947292328,0.3088417947292328,1600
1996-10-17,0.3088417947292328,0.3088417947292328,0.3088417947292328,0.3088417947292328,0
1996-10-18,0.3088417947292328,0.3088417947292328,0.3088417947292328,0.3088417947292328,7200
1996-10-21,0.3088417795381657,0.3100481927394867,0.3088417795381657,0.3100481927394867,116800
1996-10-22,0.2991904020309448,0.2991904020309448,0.2991904020309448,0.2991904020309448,30400
1996-10-23,0.3184930086135864,0.3184930086135864,0.2991904020309448,0.2991904020309448,103200
1996-10-24,0.2991904020309448,0.3184930086135864,0.2991904020309448,0.2991904020309448,136800
1996-10-25,0.2798877954483032,0.3088417053222656,0.2798877954483032,0.2798877954483032,26400
1996-10-28,0.2847134470939636,0.3088417053222656,0.2798877954483032,0.3040160536766052,312000
1996-10-29,0.3088417947292328,0.3088417947292328,0.29919048864394426,0.3088417947292328,113600
1996-10-30,0.2991904020309448,0.3281443119049072,0.2991904020309448,0.2991904020309448,109600
1996-10-31,0.3281444311141968,0.3281444311141968,0.30884181751924406,0.3281444311141968,92800
1996-11-01,0.3281443119049072,0.3281443119049072,0.2991904020309448,0.2991904020309448,96800
1996-11-04,0.2991904020309448,0.3281443119049072,0.2991904020309448,0.2991904020309448,115200
1996-11-05,0.2991904020309448,0.2991904020309448,0.2991904020309448,0.2991904020309448,0
1996-11-06,0.29919051072176767,0.3281444311141968,0.29919051072176767,0.3281444311141968,98400
1996-11-07,0.29919051072176767,0.3281444311141968,0.29919051072176767,0.3281444311141968,59200
1996-11-08,0.3281443119049072,0.3281443119049072,0.2991904020309448,0.2991904020309448,43200
1996-11-11,0.2991904020309448,0.2991904020309448,0.2991904020309448,0.2991904020309448,4000
1996-11-12,0.29919034645969705,0.32090577483177185,0.29919034645969705,0.32090577483177185,20800
1996-11-13,0.29919051072176767,0.3281444311141968,0.29919051072176767,0.3281444311141968,57600
1996-11-14,0.29919048864394426,0.32814440689980984,0.29919048864394426,0.3088417947292328,166400
1996-11-15,0.33779571298509836,0.33779571298509836,0.3088417947292328,0.3088417947292328,20000
1996-11-18,0.29919045932533206,0.32814437474391256,0.29919045932533206,0.3112545907497406,40800
1996-11-19,0.3281443119049072,0.3281443119049072,0.2991904020309448,0.2991904020309448,26400
1996-11-20,0.2991904020309448,0.3088417053222656,0.2991904020309448,0.2991904020309448,32800
1996-11-21,0.2991904020309448,0.3088417053222656,0.2991904020309448,0.2991904020309448,110400
1996-11-22,0.3112545311450958,0.3184930086135864,0.2991904020309448,0.2991904020309448,52000
1996-11-25,0.3112545311450958,0.3112545311450958,0.2991904020309448,0.2991904020309448,68800
1996-11-26,0.29919045932533206,0.32814437474391256,0.29919045932533206,0.3112545907497406,292000
1996-11-27,0.318493092911584,0.3474470104490008,0.318493092911584,0.3377957046031952,225600
1996-11-29,0.337795615196228,0.35709822177886963,0.337795615196228,0.35709822177886963,48800
1996-12-02,0.3570983162948063,0.3570983162948063,0.3377957046031952,0.3377957046031952,28800
1996-12-03,0.3184930086135864,0.35709822177886963,0.3184930086135864,0.35709822177886963,116800
1996-12-04,0.3377957046031952,0.3377957046031952,0.3377957046031952,0.3377957046031952,22400
1996-12-05,0.32814434261033026,0.32814434261033026,0.3184930384159088,0.3184930384159088,11200
1996-12-06,0.3184930384159088,0.3184930384159088,0.3088417342214873,0.3184930384159088,50400
1996-12-09,0.3088417947292328,0.3184931008145213,0.3088417947292328,0.3088417947292328,9600
1996-12-10,0.3003968149423599,0.3209058344364166,0.2991904020309448,0.2991904020309448,55200
1996-12-11,0.2991904020309448,0.3088417053222656,0.2991904020309448,0.2991904020309448,92800
1996-12-12,0.2991904020309448,0.3112545311450958,0.2991904020309448,0.2991904020309448,80800
1996-12-13,0.2991904020309448,0.3281443119049072,0.2991904020309448,0.2991904020309448,65600
1996-12-16,0.2991904020309448,0.2991904020309448,0.2991904020309448,0.2991904020309448,1600
1996-12-17,0.2991904020309448,0.2991904020309448,0.2991904020309448,0.2991904020309448,9600
1996-12-18,0.2991904020309448,0.2991904020309448,0.2991904020309448,0.2991904020309448,8800
1996-12-19,0.2991904020309448,0.2991904020309448,0.2991904020309448,0.2991904020309448,32800
1996-12-20,0.3184930086135864,0.3184930086135864,0.2991904020309448,0.2991904020309448,33600
1996-12-23,0.3184931008145213,0.3184931008145213,0.29919048864394426,0.3088417947292328,62400
1996-12-24,0.2991904020309448,0.2991904020309448,0.2991904020309448,0.2991904020309448,114400
1996-12-26,0.2991904020309448,0.3088417053222656,0.2991904020309448,0.2991904020309448,44000
1996-12-27,0.2991904020309448,0.2991904020309448,0.2991904020309448,0.2991904020309448,268800
1996-12-30,0.2991904020309448,0.313667356967926,0.2991904020309448,0.2991904020309448,192800
1996-12-31,0.29919048864394426,0.3184931008145213,0.29919048864394426,0.3088417947292328,414400
1997-01-02,0.3184930086135864,0.3184930086135864,0.2991904020309448,0.3040160536766052,42400
1997-01-03,0.29919048864394426,0.3088417947292328,0.29919048864394426,0.3088417947292328,34400
1997-01-06,0.2991904020309448,0.2991904020309448,0.2991904020309448,0.2991904020309448,8000
1997-01-07,0.3088417342214873,0.3184930384159088,0.3088417342214873,0.3184930384159088,40000
1997-01-08,0.29919048864394426,0.3184931008145213,0.29919048864394426,0.3088417947292328,17600
1997-01-09,0.29919048864394426,0.33779571298509836,0.29919048864394426,0.3088417947292328,23200
1997-01-10,0.3088417947292328,0.3088417947292328,0.3088417947292328,0.3088417947292328,800
1997-01-13,0.3088417947292328,0.3088417947292328,0.3088417947292328,0.3088417947292328,9600
1997-01-14,0.3088417947292328,0.33779571298509836,0.3088417947292328,0.3088417947292328,7200
1997-01-15,0.33779564680475177,0.3474469509991732,0.3184930384159088,0.3184930384159088,38400
1997-01-16,0.3184930086135864,0.35709822177886963,0.3184930086135864,0.35709822177886963,121600
1997-01-17,0.32814442294917695,0.35709834262116313,0.32814442294917695,0.3522726893424988,25600
1997-01-20,0.3281444311141968,0.33779573791167317,0.3281444311141968,0.3281444311141968,23200
1997-01-21,0.3281444311141968,0.34744704470914956,0.3281444311141968,0.3281444311141968,70400
1997-01-22,0.32814440689980984,0.3474470190703869,0.3088417947292328,0.3088417947292328,4800
1997-01-23,0.3088417947292328,0.3088417947292328,0.3088417947292328,0.3088417947292328,1600
1997-01-24,0.3088417342214873,0.3184930384159088,0.3088417342214873,0.3184930384159088,3200
1997-01-27,0.3088417947292328,0.3088417947292328,0.3088417947292328,0.3088417947292328,12000
1997-01-28,0.3088417947292328,0.3088417947292328,0.3088417947292328,0.3088417947292328,6400
1997-01-29,0.3088417947292328,0.3088417947292328,0.3088417947292328,0.3088417947292328,800
1997-01-30,0.3088417947292328,0.3088417947292328,0.3088417947292328,0.3088417947292328,0
1997-01-31,0.32814434261033026,0.32814434261033026,0.3184930384159088,0.3184930384159088,31200
1997-02-03,0.3088417947292328,0.3088417947292328,0.3088417947292328,0.3088417947292328,8800
1997-02-04,0.31849312431672044,0.3281444311141968,0.30401616412050586,0.3281444311141968,102400
1997-02-05,0.3281444311141968,0.3281444311141968,0.30884181751924406,0.3281444311141968,36800
1997-02-06,0.3281444311141968,0.3281444311141968,0.3281444311141968,0.3281444311141968,8000
1997-02-07,0.3088417947292328,0.3088417947292328,0.3088417947292328,0.3088417947292328,13600
1997-02-10,0.3088417342214873,0.3184930384159088,0.3088417342214873,0.3184930384159088,44000
1997-02-11,0.32331869051311957,0.32331869051311957,0.3184930384159088,0.3184930384159088,52800
1997-02-12,0.32814440689980984,0.32814440689980984,0.3088417947292328,0.3088417947292328,17600
1997-02-13,0.30884181751924406,0.3281444311141968,0.30884181751924406,0.3281444311141968,4800
1997-02-14,0.3088417947292328,0.3088417947292328,0.3088417947292328,0.3088417947292328,800
1997-02-18,0.33779573791167317,0.34744704470914956,0.30884181751924406,0.3281444311141968,34400
1997-02-19,0.31849312431672044,0.3281444311141968,0.31849312431672044,0.3281444311141968,204000
1997-02-20,0.31849312431672044,0.3281444311141968,0.30884181751924406,0.3281444311141968,59200
1997-02-21,0.3281444311141968,0.3281444311141968,0.3281444311141968,0.3281444311141968,0
1997-02-24,0.3088417947292328,0.3088417947292328,0.3088417947292328,0.3088417947292328,42400
1997-02-25,0.3088417947292328,0.3184931008145213,0.3088417947292328,0.3088417947292328,47200
1997-02-26,0.3184931008145213,0.3184931008145213,0.3088417947292328,0.3088417947292328,12000
1997-02-27,0.3088417947292328,0.3088417947292328,0.3088417947292328,0.3088417947292328,24800
1997-02-28,0.3088417342214873,0.3184930384159088,0.29919043002706586,0.3184930384159088,69600
1997-03-03,0.3184930086135864,0.3184930086135864,0.2991904020309448,0.2991904020309448,4000
1997-03-04,0.29919048864394426,0.3184931008145213,0.29919048864394426,0.3088417947292328,31200
1997-03-05,0.29919043002706586,0.3184930384159088,0.29919043002706586,0.3184930384159088,23200
1997-03-06,0.2991904020309448,0.2991904020309448,0.2991904020309448,0.2991904020309448,800
1997-03-07,0.3281443119049072,0.3281443119049072,0.2991904020309448,0.2991904020309448,1600
1997-03-10,0.29919051072176767,0.3281444311141968,0.29919051072176767,0.3281444311141968,32000
1997-03-11,0.3281444311141968,0.3281444311141968,0.3281444311141968,0.3281444311141968,0
1997-03-12,0.2991904020309448,0.2991904020309448,0.2991904020309448,0.2991904020309448,35200
1997-03-13,0.2991904020309448,0.2991904020309448,0.2991904020309448,0.2991904020309448,16000
1997-03-14,0.3233186602592468,0.3233186602592468,0.2991904020309448,0.2991904020309448,68000
1997-03-17,0.2991904020309448,0.2991904020309448,0.2991904020309448,0.2991904020309448,36800
1997-03-18,0.29919048864394426,0.3088417947292328,0.29919048864394426,0.3088417947292328,19200
1997-03-19,0.3088417947292328,0.32814440689980984,0.29919048864394426,0.3088417947292328,72800
1997-03-20,0.30884181751924406,0.3281444311141968,0.30884181751924406,0.3281444311141968,15200
1997-03-21,0.30884181751924406,0.3281444311141968,0.30884181751924406,0.3281444311141968,63200
1997-03-24,0.3088417342214873,0.3184930384159088,0.3088417342214873,0.3184930384159088,76000
1997-03-25,0.30884181751924406,0.3281444311141968,0.30884181751924406,0.3281444311141968,20800
1997-03-26,0.3281444311141968,0.3281444311141968,0.3281444311141968,0.3281444311141968,0
1997-03-27,0.3281444311141968,0.3281444311141968,0.3281444311141968,0.3281444311141968,2400
1997-03-31,0.2991904020309448,0.2991904020309448,0.2991904020309448,0.2991904020309448,17600
1997-04-01,0.3281444311141968,0.3281444311141968,0.3281444311141968,0.3281444311141968,7200
1997-04-02,0.2991904020309448,0.3184930086135864,0.2991904020309448,0.2991904020309448,38400
1997-04-03,0.2991904020309448,0.2991904020309448,0.2991904020309448,0.2991904020309448,1600
1997-04-04,0.2991904020309448,0.2991904020309448,0.2991904020309448,0.2991904020309448,4000
1997-04-07,0.29919051072176767,0.3281444311141968,0.29919051072176767,0.3281444311141968,164000
1997-04-08,0.2991904020309448,0.2991904020309448,0.2991904020309448,0.2991904020309448,4000
1997-04-09,0.2991904020309448,0.3184930086135864,0.2991904020309448,0.2991904020309448,91200
1997-04-10,0.2991904020309448,0.2991904020309448,0.2991904020309448,0.2991904020309448,10400
1997-04-11,0.31366744777187705,0.3184931008145213,0.29919048864394426,0.3088417947292328,62400
1997-04-14,0.3088417947292328,0.3088417947292328,0.3088417947292328,0.3088417947292328,0
1997-04-15,0.29919043002706586,0.3184930384159088,0.29919043002706586,0.3184930384159088,38400
1997-04-16,0.3184930384159088,0.3184930384159088,0.3184930384159088,0.3184930384159088,0
1997-04-17,0.3184930384159088,0.3184930384159088,0.3184930384159088,0.3184930384159088,0
1997-04-18,0.3281444311141968,0.3281444311141968,0.3281444311141968,0.3281444311141968,8000
1997-04-21,0.3088417053222656,0.3088417053222656,0.2991904020309448,0.2991904020309448,9600
1997-04-22,0.29919043002706586,0.3184930384159088,0.29919043002706586,0.3184930384159088,4000
1997-04-23,0.29919048864394426,0.3088417947292328,0.29919048864394426,0.3088417947292328,107200
1997-04-24,0.3088417947292328,0.3088417947292328,0.3088417947292328,0.3088417947292328,0
1997-04-25,0.2991904020309448,0.2991904020309448,0.2991904020309448,0.2991904020309448,2400
1997-04-28,0.29919043002706586,0.3184930384159088,0.29919043002706586,0.3184930384159088,11200
1997-04-29,0.3088417947292328,0.3088417947292328,0.3088417947292328,0.3088417947292328,28800
1997-04-30,0.3088417947292328,0.3088417947292328,0.3088417947292328,0.3088417947292328,0
1997-05-01,0.3088417947292328,0.3088417947292328,0.3088417947292328,0.3088417947292328,0
1997-05-02,0.3088417947292328,0.3088417947292328,0.29919048864394426,0.3088417947292328,118400
1997-05-05,0.2991904020309448,0.2991904020309448,0.2991904020309448,0.2991904020309448,8800
1997-05-06,0.3088417342214873,0.3184930384159088,0.3088417342214873,0.3184930384159088,13600
1997-05-07,0.29919048864394426,0.3088417947292328,0.28953918255865574,0.3088417947292328,309600
1997-05-08,0.2702364921569824,0.2979839891195297,0.2702364921569824,0.2798877954483032,13600
1997-05-09,0.3088417053222656,0.3088417053222656,0.2991904020309448,0.2991904020309448,8800
1997-05-12,0.289539098739624,0.3088417053222656,0.289539098739624,0.2991904020309448,40800
1997-05-13,0.289539098739624,0.3088417053222656,0.289539098739624,0.2991904020309448,16000
1997-05-14,0.289539098739624,0.2991904020309448,0.289539098739624,0.2991904020309448,51200
1997-05-15,0.289539098739624,0.3040160536766052,0.289539098739624,0.2991904020309448,122400
1997-05-16,0.3184930384159088,0.3184930384159088,0.3184930384159088,0.3184930384159088,16000
1997-05-19,0.3184929430484772,0.3184929430484772,0.28953903913497925,0.28953903913497925,8800
1997-05-20,0.2991904020309448,0.2991904020309448,0.2991904020309448,0.2991904020309448,6400
1997-05-21,0.2991904020309448,0.2991904020309448,0.2991904020309448,0.2991904020309448,0
1997-05-22,0.2991904020309448,0.2991904020309448,0.2991904020309448,0.2991904020309448,0
1997-05-23,0.28953903913497925,0.28953903913497925,0.28953903913497925,0.28953903913497925,2400
1997-05-27,0.3184930086135864,0.3184930086135864,0.2991904020309448,0.2991904020309448,23200
1997-05-28,0.2991904020309448,0.2991904020309448,0.2991904020309448,0.2991904020309448,1600
1997-05-29,0.2991904020309448,0.3184930086135864,0.2991904020309448,0.2991904020309448,36000
1997-05-30,0.2991904020309448,0.2991904020309448,0.2991904020309448,0.2991904020309448,1600
1997-06-02,0.3184930086135864,0.3184930086135864,0.2991904020309448,0.2991904020309448,5600
1997-06-03,0.3184931008145213,0.3184931008145213,0.29919048864394426,0.3088417947292328,166400
1997-06-04,0.3184931008145213,0.3184931008145213,0.3088417947292328,0.3088417947292328,70400
1997-06-05,0.3088417342214873,0.3184930384159088,0.3088417342214873,0.3184930384159088,47200
1997-06-06,0.3184931008145213,0.3184931008145213,0.3088417947292328,0.3088417947292328,8800
1997-06-09,0.3088417342214873,0.3184930384159088,0.3088417342214873,0.3184930384159088,5600
1997-06-10,0.3088417342214873,0.3184930384159088,0.3088417342214873,0.3184930384159088,32000
1997-06-11,0.28953912583264435,0.3184930384159088,0.28953912583264435,0.3184930384159088,160000
1997-06-12,0.3184929430484772,0.3184929430484772,0.28953903913497925,0.28953903913497925,3200
1997-06-13,0.32814438604727025,0.43430874623903415,0.32814438604727025,0.39570352435112,983200
1997-06-16,0.43430873557277344,0.49221656698247657,0.41500612510287244,0.443960040807724,1316800
1997-06-17,0.47291386127471924,0.5115190744400024,0.44395995140075684,0.5018677711486816,803200
1997-06-18,0.5018679609104079,0.5018679609104079,0.453611426207484,0.47291404008865356,531200
1997-06-19,0.45361125469207764,0.49221646785736084,0.45361125469207764,0.49221646785736084,216800
1997-06-20,0.492216594517231,0.492216594517231,0.45361137141784036,0.463262677192688,285600
1997-06-23,0.4632626797290559,0.49221659721212185,0.4536113739013672,0.4536113739013672,160800
1997-06-24,0.46326252547177404,0.46326252547177404,0.42465731501579285,0.42465731501579285,44000
1997-06-25,0.42465750092551824,0.4536114214431672,0.40535488724708557,0.40535488724708557,95200
1997-06-26,0.4053548321127891,0.4246574431657791,0.3860522210597992,0.3860522210597992,59200
1997-06-27,0.4150060713291168,0.4150060713291168,0.38605215937592263,0.4150060713291168,20000
1997-06-30,0.3860522210597992,0.4150061376392841,0.3860522210597992,0.3860522210597992,59200
1997-07-01,0.38605215937592263,0.4246573753135149,0.38605215937592263,0.4150060713291168,67200
1997-07-02,0.3860522210597992,0.4246574431657791,0.3860522210597992,0.3860522210597992,110400
1997-07-03,0.415006075250475,0.415006075250475,0.3667495548725128,0.3667495548725128,118400
1997-07-07,0.3957035028272205,0.3957035028272205,0.3474469780921936,0.3474469780921936,153600
1997-07-08,0.3474469467213279,0.3667495548725128,0.3474469467213279,0.3667495548725128,152000
1997-07-09,0.33779569151924876,0.39570352435112,0.33779569151924876,0.39570352435112,89600
1997-07-10,0.3667495548725128,0.3957034670992901,0.3667495548725128,0.3667495548725128,27200
1997-07-11,0.3667496100068092,0.3860522210597992,0.3667496100068092,0.3860522210597992,300000
1997-07-14,0.3667496100068092,0.3860522210597992,0.3667496100068092,0.3860522210597992,138400
1997-07-15,0.3667496100068092,0.3860522210597992,0.3667496100068092,0.3860522210597992,106400
1997-07-16,0.3667495548725128,0.3957034670992901,0.3667495548725128,0.3667495548725128,41600
1997-07-17,0.366749583146511,0.3957034976054461,0.366749583146511,0.376400887966156,112800
1997-07-18,0.376400887966156,0.376400887966156,0.376400887966156,0.376400887966156,16000
1997-07-21,0.3764009667294366,0.40535488724708557,0.3764009667294366,0.40535488724708557,25600
1997-07-22,0.4053548321127891,0.4053548321127891,0.3764009155333042,0.3860522210597992,45600
1997-07-23,0.376400887966156,0.4053548024250911,0.376400887966156,0.376400887966156,28800
1997-07-24,0.40535488724708557,0.40535488724708557,0.3764009667294366,0.40535488724708557,71200
1997-07-25,0.4053548321127891,0.4053548321127891,0.3860522210597992,0.3860522210597992,27200
1997-07-28,0.38605227356865296,0.40535488724708557,0.38605227356865296,0.40535488724708557,76800
1997-07-29,0.3860521581437853,0.4536112858189477,0.3860521581437853,0.4343086779117584,194400
1997-07-30,0.4536113460426745,0.47291395651257556,0.43430873557277344,0.443960040807724,244800
1997-07-31,0.45361125469207764,0.49221646785736084,0.45361125469207764,0.49221646785736084,44800
1997-08-01,0.4825651976797316,0.4825651976797316,0.4343086779117584,0.4343086779117584,101600
1997-08-04,0.44396006807367855,0.4536113739013672,0.4246574564183012,0.4536113739013672,48000
1997-08-05,0.42465745409329736,0.4729139829675357,0.42465745409329736,0.463262677192688,142400
1997-08-06,0.44395995140075684,0.5211703777313232,0.44395995140075684,0.49221646785736084,420000
1997-08-07,0.48256526174752606,0.5115191774523776,0.443960040807724,0.443960040807724,329600
1997-08-08,0.4825653470292383,0.4825653470292383,0.44396011926689927,0.47291404008865356,52000
1997-08-11,0.47291395651257556,0.48256526174752606,0.443960040807724,0.443960040807724,33600
1997-08-12,0.4729139829675357,0.4729139829675357,0.4439600656429927,0.463262677192688,96800
1997-08-13,0.43430867929791295,0.46326259125110714,0.40535476734471876,0.4150060713291168,108000
1997-08-14,0.4343086779117584,0.4343086779117584,0.4343086779117584,0.4343086779117584,12800
1997-08-15,0.43430867929791295,0.43430867929791295,0.4150060713291168,0.4150060713291168,44800
1997-08-18,0.4150060700045692,0.4343086779117584,0.4150060700045692,0.4343086779117584,19200
1997-08-19,0.4343088090419769,0.48256534337997437,0.4343088090419769,0.48256534337997437,140800
1997-08-20,0.4150060700045692,0.4632625897725423,0.40535476605097454,0.4343086779117584,183200
1997-08-21,0.40535488724708557,0.4150061940863019,0.40535488724708557,0.40535488724708557,293600
1997-08-22,0.40535488724708557,0.417419020796106,0.38605227356865296,0.40535488724708557,232000
1997-08-25,0.39570358040786924,0.40535488724708557,0.39570358040786924,0.40535488724708557,31200
1997-08-26,0.4053548298230985,0.41500613529507707,0.39570352435112,0.39570352435112,42400
1997-08-27,0.41500613529507707,0.4246574407670556,0.39570352435112,0.39570352435112,85600
1997-08-28,0.3957034633603207,0.4150060713291168,0.3957034633603207,0.4150060713291168,72800
1997-08-29,0.3957034633603207,0.4150060713291168,0.3957034633603207,0.4150060713291168,16000
1997-09-02,0.41500613529507707,0.41500613529507707,0.39570352435112,0.39570352435112,92000
1997-09-03,0.39570358040786924,0.42465750092551824,0.39570358040786924,0.40535488724708557,42400
1997-09-04,0.40535476605097454,0.4343086779117584,0.40535476605097454,0.4343086779117584,13600
1997-09-05,0.44396006807367855,0.4536113739013672,0.44396006807367855,0.4536113739013672,23200
1997-09-08,0.4729139829675357,0.4729139829675357,0.4439600656429927,0.463262677192688,46400
1997-09-09,0.443960040807724,0.443960040807724,0.443960040807724,0.443960040807724,6400
1997-09-10,0.47291395651257556,0.47291395651257556,0.42465743033782294,0.443960040807724,189600
1997-09-11,0.4536112228577787,0.4536112228577787,0.42465731501579285,0.42465731501579285,12000
1997-09-12,0.443960040807724,0.443960040807724,0.443960040807724,0.443960040807724,4000
1997-09-15,0.42465731501579285,0.42465731501579285,0.42465731501579285,0.42465731501579285,14400
1997-09-16,0.42465731501579285,0.42465731501579285,0.42465731501579285,0.42465731501579285,2400
1997-09-17,0.443960040807724,0.443960040807724,0.443960040807724,0.443960040807724,3200
1997-09-18,0.44395992024378345,0.44395992024378345,0.42465731501579285,0.42465731501579285,9600
1997-09-19,0.4246573739581638,0.44395998186535307,0.4246573739581638,0.4343086779117584,25600
1997-09-22,0.4536113739013672,0.4536113739013672,0.4246574564183012,0.4536113739013672,57600
1997-09-23,0.4246573739581638,0.4536112858189477,0.4246573739581638,0.4343086779117584,82400
1997-09-24,0.4343086779117584,0.4343086779117584,0.4343086779117584,0.4343086779117584,8800
1997-09-25,0.4343087622459899,0.4536113739013672,0.4343087622459899,0.4536113739013672,100000
1997-09-26,0.4536113739013672,0.4536113739013672,0.4536113739013672,0.4536113739013672,20000
1997-09-29,0.443960040807724,0.443960040807724,0.443960040807724,0.443960040807724,3200
1997-09-30,0.44396006807367855,0.4632626797290559,0.44396006807367855,0.4536113739013672,51200
1997-10-01,0.4536113739013672,0.45843702681521153,0.4536113739013672,0.4536113739013672,54400
1997-10-02,0.45361137141784036,0.463262677192688,0.45361137141784036,0.463262677192688,65600
1997-10-03,0.443960040807724,0.443960040807724,0.443960040807724,0.443960040807724,12000
1997-10-06,0.4536113460426745,0.4536113460426745,0.443960040807724,0.443960040807724,7200
1997-10-07,0.43430873557277344,0.443960040807724,0.42465743033782294,0.443960040807724,306400
1997-10-08,0.4439600656429927,0.463262677192688,0.4439600656429927,0.463262677192688,158400
1997-10-09,0.4536113739013672,0.4632626797290559,0.4536113739013672,0.4536113739013672,116000
1997-10-10,0.4536113739013672,0.4632626797290559,0.4536113739013672,0.4536113739013672,7200
1997-10-13,0.4632626797290559,0.4632626797290559,0.4536113739013672,0.4536113739013672,27200
1997-10-14,0.45361137141784036,0.463262677192688,0.45361137141784036,0.463262677192688,94400
1997-10-15,0.4632626797290559,0.4632626797290559,0.4536113739013672,0.4536113739013672,27200
1997-10-16,0.45361137141784036,0.463262677192688,0.45361137141784036,0.463262677192688,158400
1997-10-17,0.4632626797290559,0.4632626797290559,0.4343087622459899,0.4536113739013672,111200
1997-10-20,0.45361137141784036,0.463262677192688,0.4439600656429927,0.463262677192688,94400
1997-10-21,0.45361137141784036,0.463262677192688,0.434308759868145,0.463262677192688,52000
1997-10-22,0.4536113739013672,0.4536113739013672,0.4536113739013672,0.4536113739013672,4000
1997-10-23,0.45361137141784036,0.463262677192688,0.45361137141784036,0.463262677192688,121600
1997-10-24,0.463262677192688,0.463262677192688,0.463262677192688,0.463262677192688,4800
1997-10-27,0.4536113739013672,0.4632626797290559,0.4536113739013672,0.4536113739013672,36800
1997-10-28,0.4536113460426745,0.48256526174752606,0.443960040807724,0.443960040807724,198400
1997-10-29,0.4439600656429927,0.463262677192688,0.4439600656429927,0.463262677192688,54400
1997-10-30,0.4343087622459899,0.4536113739013672,0.4343087622459899,0.4536113739013672,24800
1997-10-31,0.434308759868145,0.463262677192688,0.434308759868145,0.463262677192688,27200
1997-11-03,0.463262677192688,0.463262677192688,0.463262677192688,0.463262677192688,8000
1997-11-04,0.4729139829675357,0.4729139829675357,0.45361137141784036,0.463262677192688,64800
1997-11-05,0.463262677192688,0.492216594517231,0.463262677192688,0.463262677192688,204800
1997-11-06,0.463262677192688,0.48256528874238336,0.4584370243052642,0.463262677192688,61600
1997-11-07,0.463262677192688,0.463262677192688,0.463262677192688,0.463262677192688,23200
1997-11-10,0.4632626797290559,0.46808833264290023,0.4343087622459899,0.4536113739013672,57600
1997-11-11,0.4536113739013672,0.4536113739013672,0.44396006807367855,0.4536113739013672,36000
1997-11-12,0.4536113739013672,0.4536113739013672,0.4536113739013672,0.4536113739013672,14400
1997-11-13,0.4343086176297882,0.44395992024378345,0.42465731501579285,0.42465731501579285,46400
1997-11-14,0.4536113739013672,0.4536113739013672,0.4536113739013672,0.4536113739013672,62400
1997-11-17,0.463262677192688,0.463262677192688,0.4439600656429927,0.463262677192688,62400
1997-11-18,0.463262677192688,0.463262677192688,0.4439600656429927,0.463262677192688,56800
1997-11-19,0.463262677192688,0.48256528874238336,0.45361137141784036,0.463262677192688,259200
1997-11-20,0.45361125469207764,0.5018677711486816,0.45361125469207764,0.49221646785736084,212800
1997-11-21,0.5018677711486816,0.5018677711486816,0.48256516456604004,0.49221646785736084,167200
1997-11-24,0.47291386127471924,0.49221646785736084,0.47291386127471924,0.49221646785736084,26400
1997-11-25,0.49221646785736084,0.5115190744400024,0.49221646785736084,0.49221646785736084,139200
1997-11-26,0.49221646785736084,0.5018677711486816,0.49221646785736084,0.49221646785736084,16800
1997-11-28,0.49221646785736084,0.5018677711486816,0.49221646785736084,0.5018677711486816,5600
1997-12-01,0.49221646785736084,0.5018677711486816,0.49221646785736084,0.5018677711486816,7200
1997-12-02,0.47291386127471924,0.49221646785736084,0.47291386127471924,0.49221646785736084,16000
1997-12-03,0.4922166539698231,0.4922166539698231,0.47291404008865356,0.47291404008865356,5600
1997-12-04,0.47291386127471924,0.5018677711486816,0.47291386127471924,0.5018677711486816,78400
1997-12-05,0.47291386127471924,0.5018677711486816,0.47291386127471924,0.5018677711486816,44800
1997-12-08,0.5018679609104079,0.5018679609104079,0.47291404008865356,0.47291404008865356,15200
1997-12-09,0.47291404008865356,0.4825653470292383,0.47291404008865356,0.47291404008865356,75200
1997-12-10,0.5018679002920787,0.5018679002920787,0.463262677192688,0.463262677192688,12000
1997-12-11,0.4729139829675357,0.49704224740465486,0.463262677192688,0.463262677192688,41600
1997-12-12,0.4632627331480688,0.47291404008865356,0.4632627331480688,0.47291404008865356,7200
1997-12-15,0.463262677192688,0.463262677192688,0.463262677192688,0.463262677192688,4000
1997-12-16,0.463262651277625,0.47291395651257556,0.443960040807724,0.443960040807724,43200
1997-12-17,0.4439600656429927,0.463262677192688,0.4439600656429927,0.463262677192688,22400
1997-12-18,0.4343086779117584,0.4343086779117584,0.4343086779117584,0.4343086779117584,2400
1997-12-19,0.4343086779117584,0.4343086779117584,0.4343086779117584,0.4343086779117584,4000
1997-12-22,0.4343086779117584,0.4343086779117584,0.4343086779117584,0.4343086779117584,0
1997-12-23,0.4343086176297882,0.4343086176297882,0.42465731501579285,0.42465731501579285,18400
1997-12-24,0.443960040807724,0.443960040807724,0.443960040807724,0.443960040807724,24000
1997-12-26,0.443960040807724,0.443960040807724,0.443960040807724,0.443960040807724,0
1997-12-29,0.42465731501579285,0.42465731501579285,0.42465731501579285,0.42465731501579285,1600
1997-12-30,0.40535488724708557,0.40535488724708557,0.40535488724708557,0.40535488724708557,9600
1997-12-31,0.40535476734471876,0.443959983282311,0.40535476734471876,0.4150060713291168,49600
1998-01-02,0.40535488724708557,0.40535488724708557,0.40535488724708557,0.40535488724708557,2400
1998-01-05,0.40535488724708557,0.40535488724708557,0.40535488724708557,0.40535488724708557,0
1998-01-06,0.4246573753135149,0.4246573753135149,0.4150060713291168,0.4150060713291168,49600
1998-01-07,0.4150060713291168,0.4150060713291168,0.4150060713291168,0.4150060713291168,0
1998-01-08,0.4343086176297882,0.4343086176297882,0.3860521045598117,0.42465731501579285,104800
1998-01-09,0.41500612510287244,0.443960040807724,0.41500612510287244,0.443960040807724,32800
1998-01-12,0.42465743033782294,0.443960040807724,0.42465743033782294,0.443960040807724,70400
1998-01-13,0.40535488724708557,0.40535488724708557,0.40535488724708557,0.40535488724708557,800
1998-01-14,0.40535488724708557,0.42465750092551824,0.40535488724708557,0.40535488724708557,23200
1998-01-15,0.4343086186346117,0.4632625265435858,0.4343086186346117,0.43913426995277405,32000
1998-01-16,0.4632627296447754,0.48256534337997437,0.4439601159095764,0.48256534337997437,32800
1998-01-20,0.49221659721212185,0.49221659721212185,0.4536113739013672,0.4536113739013672,150400
1998-01-21,0.46326270545880815,0.4680883586406708,0.46326270545880815,0.4680883586406708,19200
1998-01-22,0.463262677192688,0.463262677192688,0.463262677192688,0.463262677192688,1600
1998-01-23,0.463262677192688,0.5018679002920787,0.463262677192688,0.463262677192688,14400
1998-01-26,0.5018677711486816,0.5018677711486816,0.5018677711486816,0.5018677711486816,4000
1998-01-27,0.49221646785736084,0.49221646785736084,0.46326255798339844,0.49221646785736084,16800
1998-01-28,0.48256534337997437,0.49221665024757383,0.48256534337997437,0.48256534337997437,46400
1998-01-29,0.48256534337997437,0.48256534337997437,0.48256534337997437,0.48256534337997437,8800
1998-01-30,0.48256522358053977,0.4873908758163452,0.48256522358053977,0.4873908758163452,24800
1998-02-02,0.49221646785736084,0.49221646785736084,0.48256516456604004,0.49221646785736084,26400
1998-02-03,0.48256528874238336,0.48256528874238336,0.45361137141784036,0.463262677192688,30400
1998-02-04,0.49221656698247657,0.49221656698247657,0.443960040807724,0.443960040807724,9600
1998-02-05,0.443960040807724,0.443960040807724,0.443960040807724,0.443960040807724,5600
1998-02-06,0.443960040807724,0.443960040807724,0.443960040807724,0.443960040807724,0
1998-02-09,0.48256534337997437,0.48256534337997437,0.4439601159095764,0.48256534337997437,8000
1998-02-10,0.4439600656429927,0.463262677192688,0.4439600656429927,0.463262677192688,6400
1998-02-11,0.48256526174752606,0.48256526174752606,0.443960040807724,0.443960040807724,4000
1998-02-12,0.45361137141784036,0.463262677192688,0.45361137141784036,0.463262677192688,56000
1998-02-13,0.463262677192688,0.463262677192688,0.463262677192688,0.463262677192688,56000
1998-02-17,0.45361137141784036,0.463262677192688,0.45361137141784036,0.463262677192688,47200
1998-02-18,0.5018677711486816,0.5115190744400024,0.49221646785736084,0.5018677711486816,236800
1998-02-19,0.5018677711486816,0.5115190744400024,0.5018677711486816,0.5018677711486816,60000
1998-02-20,0.5018677711486816,0.5018677711486816,0.48256516456604004,0.5018677711486816,56800
1998-02-23,0.48739081621170044,0.5018677711486816,0.48739081621170044,0.49221646785736084,80000
1998-02-24,0.49221659721212185,0.5018679030398105,0.4536113739013672,0.4536113739013672,133600
1998-02-25,0.463262677192688,0.48256528874238336,0.463262677192688,0.463262677192688,49600
1998-02-26,0.48256534337997437,0.49221665024757383,0.47291403651237485,0.48256534337997437,40000
1998-02-27,0.49221646785736084,0.5018677711486816,0.49221646785736084,0.5018677711486816,136800
1998-03-02,0.5018677711486816,0.5211703777313232,0.5018677711486816,0.5018677711486816,140000
1998-03-03,0.5018677711486816,0.5163447260856628,0.5018677711486816,0.5018677711486816,22400
1998-03-04,0.5163447260856628,0.5163447260856628,0.5018677711486816,0.5018677711486816,41600
1998-03-05,0.5018677711486816,0.5018677711486816,0.5018677711486816,0.5018677711486816,70400
1998-03-06,0.4970422932561838,0.5115192532539368,0.4970422932561838,0.5115192532539368,104000
1998-03-09,0.5115191852837279,0.5887296283454225,0.5115191852837279,0.5501244068145752,443200
1998-03-10,0.5742525458335876,0.5742525458335876,0.5597755908966064,0.5597755908966064,83200
1998-03-11,0.5501241743564605,0.5983806808789571,0.5501241743564605,0.5790780782699585,307200
1998-03-12,0.5790780782699585,0.5983806808789571,0.5404728730519612,0.5790780782699585,239200
1998-03-13,0.579078379323927,0.579078379323927,0.5597757666797961,0.5694270730018616,247200
1998-03-16,0.5790780782699585,0.5790780782699585,0.5597754756609599,0.5790780782699585,64800
1998-03-17,0.5694269088713262,0.5790782124115181,0.5501243017909422,0.5778717994689941,193600
1998-03-18,0.579078197479248,0.579078197479248,0.5597755908966064,0.5597755908966064,65600
1998-03-19,0.5790780782699585,0.5790780782699585,0.5790780782699585,0.5790780782699585,345600
1998-03-20,0.5887295007705688,0.5983808040618896,0.579078197479248,0.5983808040618896,89600
1998-03-23,0.5983808040618896,0.6080321073532104,0.5887295007705688,0.5983808040618896,385600
1998-03-24,0.6080321073532104,0.6080321073532104,0.5983808040618896,0.5983808040618896,116800
1998-03-25,0.6080321073532104,0.6080321073532104,0.5983808040618896,0.5983808040618896,100000
1998-03-26,0.5983808040618896,0.5983808040618896,0.5983808040618896,0.5983808040618896,102400
1998-03-27,0.6080321073532104,0.6080321073532104,0.5983808040618896,0.5983808040618896,71200
1998-03-30,0.608032283373177,0.6369862016290426,0.5983809772878885,0.6176835894584656,214400
1998-03-31,0.6176836350384881,0.6755914758233463,0.6176836350384881,0.6562888622283936,123200
1998-04-01,0.6369862486334409,0.6707658224246081,0.6369862486334409,0.6562888622283936,43200
1998-04-02,0.6562886852206605,0.665939989415082,0.6369860768318176,0.6369860768318176,92800
1998-04-03,0.6369861392087715,0.6369861392087715,0.6176835289297178,0.6225091814994812,53600
1998-04-06,0.6176835894584656,0.6273348955437541,0.6176835894584656,0.6176835894584656,164800
1998-04-07,0.6273348955437541,0.6273348955437541,0.6176835894584656,0.6176835894584656,14400
1998-04-08,0.6176835894584656,0.6176835894584656,0.6176835894584656,0.6176835894584656,3200
1998-04-09,0.6176835894584656,0.6176835894584656,0.6176835894584656,0.6176835894584656,18400
1998-04-13,0.6176834693321814,0.6273347735404968,0.6176834693321814,0.6273347735404968,72000
1998-04-14,0.6369862016290426,0.6369862016290426,0.6176835894584656,0.6176835894584656,4000
1998-04-15,0.6176835894584656,0.6466375077143312,0.6176835894584656,0.6176835894584656,108000
1998-04-16,0.6176835894584656,0.6273348955437541,0.6176835894584656,0.6176835894584656,115200
1998-04-17,0.6176834684429746,0.6369860768318176,0.6176834684429746,0.6369860768318176,29600
1998-04-20,0.6273349418359645,0.6562888622283936,0.6273349418359645,0.6562888622283936,126400
1998-04-21,0.6755914092063904,0.6948940208980016,0.6562887975147792,0.6755914092063904,144000
1998-04-22,0.6659402167293388,0.6852428317070007,0.6562889092405078,0.6852428317070007,127200
1998-04-23,0.6755912908609363,0.6755912908609363,0.6562886825506238,0.66593998670578,63200
1998-04-24,0.6562886825506238,0.6755912908609363,0.6562886825506238,0.66593998670578,328000
1998-04-27,0.6562886852206605,0.6562886852206605,0.6369860768318176,0.6369860768318176,304800
1998-04-28,0.6562888622283936,0.6562888622283936,0.6369862486334409,0.6562888622283936,13600
1998-04-29,0.6369862016290426,0.6369862016290426,0.6176835894584656,0.6176835894584656,100000
1998-04-30,0.6273347726373961,0.6369860768318176,0.6176834684429746,0.6369860768318176,56800
1998-05-01,0.6176834693321814,0.6273347735404968,0.6176834693321814,0.6273347735404968,24000
1998-05-04,0.6369862016290426,0.6466375077143312,0.6176835894584656,0.6176835894584656,121600
1998-05-05,0.6176835894584656,0.6176835894584656,0.6176835894584656,0.6176835894584656,0
1998-05-06,0.6442244353134241,0.6466372609138489,0.6273346561104505,0.6466372609138489,26400
1998-05-07,0.6466373819571275,0.6466373819571275,0.6273347735404968,0.6273347735404968,21600
1998-05-08,0.6273346561104505,0.6466372609138489,0.6273346561104505,0.6466372609138489,8800
1998-05-11,0.6466373819571275,0.6466373819571275,0.6273347735404968,0.6273347735404968,32000
1998-05-12,0.6369860777488121,0.6369860777488121,0.6273347735404968,0.6273347735404968,58400
1998-05-13,0.6369859274802552,0.6369859274802552,0.6273346255487362,0.6345731019973755,16800
1998-05-14,0.6345731019973755,0.6345731019973755,0.6345731019973755,0.6345731019973755,0
1998-05-15,0.6369862016290426,0.6369862016290426,0.6176835894584656,0.6176835894584656,20800
1998-05-18,0.6176835894584656,0.6176835894584656,0.6176835894584656,0.6176835894584656,24000
1998-05-19,0.6176832834879558,0.6369858860969544,0.5790780782699585,0.5790780782699585,348800
1998-05-20,0.5983808040618896,0.5983808040618896,0.5597755908966064,0.5597755908966064,95200
1998-05-21,0.5694267769654592,0.5983806808789571,0.5694267769654592,0.5790780782699585,157600
1998-05-22,0.5790780782699585,0.5790780782699585,0.5790780782699585,0.5790780782699585,0
1998-05-26,0.579078379323927,0.5935553388070252,0.5694270730018616,0.5694270730018616,116800
1998-05-27,0.5694268941879272,0.5694268941879272,0.5597755908966064,0.5597755908966064,4800
1998-05-28,0.5597755908966064,0.5597755908966064,0.5597755908966064,0.5597755908966064,0
1998-05-29,0.6080321073532104,0.6080321073532104,0.579078197479248,0.6080321073532104,28800
1998-06-01,0.6080321073532104,0.6080321073532104,0.6080321073532104,0.6080321073532104,0
1998-06-02,0.6080321073532104,0.6176834106445312,0.6080321073532104,0.6080321073532104,35200
1998-06-03,0.6176835894584656,0.6176835894584656,0.6176835894584656,0.6176835894584656,51200
1998-06-04,0.6176835894584656,0.6176835894584656,0.6176835894584656,0.6176835894584656,0
1998-06-05,0.6273348955437541,0.6273348955437541,0.6176835894584656,0.6176835894584656,32000
1998-06-08,0.6273346561104505,0.6466372609138489,0.6273346561104505,0.6466372609138489,93600
1998-06-09,0.6466374954167944,0.6611144542694092,0.6466374954167944,0.6611144542694092,109600
1998-06-10,0.6611142145163977,0.6611142145163977,0.6466372609138489,0.6466372609138489,46400
1998-06-11,0.6466375554309172,0.6562888622283936,0.6466375554309172,0.6562888622283936,57600
1998-06-12,0.6273348955437541,0.6273348955437541,0.6176835894584656,0.6176835894584656,82400
1998-06-15,0.6176835894584656,0.6176835894584656,0.6176835894584656,0.6176835894584656,0
1998-06-16,0.6128578186035156,0.6128578186035156,0.6128578186035156,0.6128578186035156,9600
1998-06-17,0.6755912832066983,0.791406931756418,0.6562886751150784,0.762453019618988,2677600
1998-06-18,0.7914070531725883,0.7914070531725883,0.7528018310666084,0.7721044421195984,846400
1998-06-19,0.781755627710608,0.781755627710608,0.7552145415846306,0.762453019618988,128800
1998-06-22,0.7624530164067617,0.8107095364325061,0.7334991043913149,0.8058838844299316,484800
1998-06-23,0.805884121074563,0.8493150018510365,0.7914071608157385,0.8107097744941711,320800
1998-06-24,0.8107096048501822,0.8300122144894723,0.7431504711126671,0.752801775932312,338400
1998-06-25,0.7672787331617796,0.7769300379814246,0.752801775932312,0.752801775932312,352000
1998-06-26,0.7672787331617796,0.7817556903912471,0.752801775932312,0.752801775932312,122400
1998-06-29,0.7672786684093361,0.8107095364325061,0.7624530164067617,0.8058838844299316,253600
1998-06-30,0.8107095364325061,0.8107095364325061,0.8010582324273572,0.8058838844299316,188000
1998-07-01,0.8010582843523347,0.8686174167675919,0.8010582843523347,0.8589661121368408,257600
1998-07-02,0.8493149600078149,0.9458280236450667,0.8300123472803647,0.9361767172813416,589600
1998-07-06,0.9458280236450667,0.9940845554636926,0.9168741045538912,0.9361767172813416,828800
1998-07-07,0.9265251159667969,0.9458277225494385,0.9072225093841553,0.9168738126754761,228800
1998-07-08,0.92652530255525,0.92652530255525,0.8782687763804974,0.887920081615448,70400
1998-07-09,0.9072227478027344,0.9168740536304231,0.8782688303196684,0.9072227478027344,142400
1998-07-10,0.9168738126754761,0.9168738126754761,0.8879199028015137,0.9168738126754761,186400
1998-07-13,0.8879200207289829,0.9361765435946885,0.8879200207289829,0.897571325302124,203200
1998-07-14,0.9072227478027344,0.9265253594581118,0.8975714419750458,0.9072227478027344,101600
1998-07-15,0.9168741045538912,0.9554793300087918,0.9168741045538912,0.9361767172813416,88000
1998-07-16,0.9168740986573576,0.9651306301656396,0.9168740986573576,0.9554793238639832,160000
1998-07-17,0.9458280236450667,0.9458280236450667,0.9168741045538912,0.9361767172813416,100800
1998-07-20,0.9458279659350713,0.9458279659350713,0.9168740486105283,0.926525354385376,99200
1998-07-21,0.9265254662961376,0.9458280801773071,0.9265254662961376,0.9458280801773071,176000
1998-07-22,0.972369002421265,0.972369002421265,0.887920081615448,0.887920081615448,260000
1998-07-23,0.9048099163919687,0.926525354385376,0.8879201312859853,0.926525354385376,27200
1998-07-24,0.8975713365218219,0.8975713365218219,0.8058839419308831,0.8203608989715576,232800
1998-07-27,0.8010581731796265,0.8300120830535889,0.7817555665969849,0.7817555665969849,140000
1998-07-28,0.7817558801019346,0.8300124159106961,0.723848037131421,0.7431506514549255,175200
1998-07-29,0.7721042633056641,0.7817555665969849,0.7431503534317017,0.7817555665969849,103200
1998-07-30,0.7817557432302614,0.810709659646197,0.7817557432302614,0.79140704870224,78400
1998-07-31,0.7914068698883057,0.7914068698883057,0.7817555665969849,0.7817555665969849,4000
1998-08-03,0.7721042633056641,0.7817555665969849,0.7721042633056641,0.7817555665969849,16800
1998-08-04,0.7528017858664195,0.7528017858664195,0.6948939561843872,0.6948939561843872,134400
1998-08-05,0.6948938934426558,0.7334991097450256,0.6948938934426558,0.7334991097450256,66400
1998-08-06,0.7528017178962105,0.7721043260473954,0.7334991097450256,0.7334991097450256,24800
1998-08-07,0.7431504138206181,0.7721043260473954,0.7334991097450256,0.7334991097450256,47200
1998-08-10,0.7334991670423938,0.7479761242866516,0.6948939477243731,0.7479761242866516,99200
1998-08-11,0.7166093923151493,0.7334991759724088,0.6948939561843872,0.6948939561843872,15200
1998-08-12,0.7334990501403809,0.7334990501403809,0.7141964435577393,0.7141964435577393,68800
1998-08-13,0.7334991097450256,0.7334991097450256,0.7141965015938407,0.7334991097450256,34400
1998-08-14,0.7238477468490601,0.7334990501403809,0.7141964435577393,0.7141964435577393,124800
1998-08-17,0.6948938934426558,0.7334991097450256,0.6948938934426558,0.7334991097450256,7200
1998-08-18,0.7334990501403809,0.7334990501403809,0.6948938369750977,0.7141964435577393,150400
1998-08-19,0.7431505644458464,0.8686175428587815,0.7334992584140821,0.8396636247634888,440000
1998-08-20,0.8879199637307061,0.8879199637307061,0.8493147479163276,0.8686173558235168,131200
1998-08-21,0.8782686597771114,0.9072225716378954,0.839663443962733,0.8686173558235168,334400
1998-08-24,0.8782685378735716,0.8782685378735716,0.8300120248035951,0.8493146300315857,88000
1998-08-25,0.8493148075060898,0.8855071998714061,0.8493148075060898,0.8589661121368408,88800
1998-08-26,0.8396633274175904,0.8782685378735716,0.8396633274175904,0.8493146300315857,145600
1998-08-27,0.8300122036653407,0.8396635083591236,0.8203608989715576,0.8203608989715576,80000
1998-08-28,0.8227737197715245,0.8589661121368408,0.8107095889830858,0.8589661121368408,132000
1998-08-31,0.8879200318280388,0.8879200318280388,0.8203608989715576,0.8203608989715576,143200
1998-09-01,0.8203609697520733,0.8300122752785682,0.7528018310666084,0.7721044421195984,100000
1998-09-02,0.7721045340649337,0.791407147416557,0.764866054058075,0.764866054058075,8000
1998-09-03,0.7721044421195984,0.7865814004093409,0.7624531365931034,0.7721044421195984,76800
1998-09-04,0.7721042633056641,0.7721042633056641,0.7672786116600037,0.7672786116600037,4800
1998-09-08,0.8010583586990833,0.8010583586990833,0.7721044421195984,0.7721044421195984,2400
1998-09-09,0.7721044421195984,0.7721044421195984,0.7624531365931034,0.7721044421195984,76800
1998-09-10,0.7528019586166779,0.7624532657784301,0.7431506514549255,0.7431506514549255,12800
1998-09-11,0.7431504711126671,0.752801775932312,0.7431504711126671,0.752801775932312,68800
1998-09-14,0.752801775932312,0.752801775932312,0.752801775932312,0.752801775932312,2400
1998-09-15,0.7431504138206181,0.7431504138206181,0.7238478056694332,0.7334991097450256,89600
1998-09-16,0.7334992158703687,0.79140704870224,0.7334992158703687,0.79140704870224,13600
1998-09-17,0.7721043260473954,0.7721043260473954,0.7334991097450256,0.7334991097450256,21600
1998-09-18,0.752801775932312,0.752801775932312,0.752801775932312,0.752801775932312,2400
1998-09-21,0.7334991105397543,0.7334991105397543,0.7238478064537048,0.7238478064537048,8800
1998-09-22,0.79140704870224,0.79140704870224,0.79140704870224,0.79140704870224,3200
1998-09-23,0.7334993442931732,0.7721045729401824,0.7334993442931732,0.7431506514549255,74400
1998-09-24,0.7431506514549255,0.7431506514549255,0.7431506514549255,0.7431506514549255,32000
1998-09-25,0.7334992158703687,0.79140704870224,0.7141966049264117,0.79140704870224,60000
1998-09-28,0.7528019586166779,0.7528019586166779,0.7431506514549255,0.7431506514549255,37600
1998-09-29,0.7383248187028445,0.752801775932312,0.7383248187028445,0.752801775932312,25600
1998-09-30,0.752801775932312,0.752801775932312,0.752801775932312,0.752801775932312,0
1998-10-01,0.733499166293022,0.752801775932312,0.723847861473377,0.752801775932312,120000
1998-10-02,0.7431503012776375,0.8493146300315857,0.7431503012776375,0.8493146300315857,110400
1998-10-05,0.8010581731796265,0.8010581731796265,0.6948938369750977,0.7141964435577393,117600
1998-10-06,0.7334991097450256,0.7334991097450256,0.7238478056694332,0.7334991097450256,65600
1998-10-07,0.7721043268839518,0.7721043268839518,0.7238478064537048,0.7238478064537048,50400
1998-10-08,0.6562888137996197,0.6562888137996197,0.569427059032023,0.6176835894584656,45600
1998-10-09,0.6562888622283936,0.6562888622283936,0.6562888622283936,0.6562888622283936,12800
1998-10-12,0.6948938991712487,0.7141965074815612,0.66593998670578,0.66593998670578,12800
1998-10-13,0.6900683679750987,0.6948940208980016,0.6755914092063904,0.6755914092063904,48000
1998-10-14,0.6755914092063904,0.6755914092063904,0.6755914092063904,0.6755914092063904,0
1998-10-15,0.6948937729223451,0.6948937729223451,0.6466372609138489,0.6466372609138489,2400
1998-10-16,0.6755913462903764,0.6948939561843872,0.6755913462903764,0.6948939561843872,2400
1998-10-19,0.6948939561843872,0.6948939561843872,0.6948939561843872,0.6948939561843872,0
1998-10-20,0.7528019586166779,0.7528019586166779,0.7141967299696687,0.7431506514549255,40000
1998-10-21,0.7721043260473954,0.7721043260473954,0.7334991097450256,0.7334991097450256,13600
1998-10-22,0.733499102814253,0.8300121426582336,0.7141964948454569,0.8300121426582336,74400
1998-10-23,0.8589661177466897,0.8782687271342557,0.8203608989715576,0.8203608989715576,28800
1998-10-26,0.8203610126999603,0.849314930795253,0.8010584006364319,0.8396636247634888,29600
1998-10-27,0.8493150018510365,0.8493150018510365,0.8107097744941711,0.8107097744941711,17600
1998-10-28,0.8493148075060898,0.8589661121368408,0.8203608936138368,0.8589661121368408,68800
1998-10-29,0.8493146300315857,0.8879198404875669,0.8300120248035951,0.8493146300315857,136000
1998-10-30,0.8493148606756459,0.887920081615448,0.8493148606756459,0.887920081615448,54400
1998-11-02,0.8879199028015137,1.0037355422973633,0.8879199028015137,1.0037355422973633,148000
1998-11-03,0.9458277225494385,1.0326894521713257,0.9458277225494385,1.0037355422973633,87200
1998-11-04,1.023038265881715,1.0712947878572676,1.003735657091494,1.042340874671936,266400
1998-11-05,1.0519922094942522,1.0519922094942522,1.0133869907972153,1.0399280786514282,348000
1998-11-06,1.042340874671936,1.042340874671936,1.0278639180792704,1.042340874671936,212000
1998-11-09,1.042340874671936,1.0519921790670466,1.003735657091494,1.042340874671936,151200
1998-11-10,1.0037357697793103,1.0519922971725464,1.0037357697793103,1.0519922971725464,80800
1998-11-11,1.061643362045288,1.0712946653366089,1.0037355422973633,1.061643362045288,150400
1998-11-12,1.0230383895692372,1.0712949173791069,1.0133870840072632,1.0133870840072632,128800
1998-11-13,1.0519920587539673,1.061643362045288,1.0230381488800049,1.061643362045288,166400
1998-11-16,1.0712946653366089,1.2739720344543457,1.061643362045288,1.216064214706421,636800
1998-11-17,1.2257155179977417,1.2257155179977417,1.0809459686279297,1.1871103048324585,244000
1998-11-18,1.1871103048324585,1.1871103048324585,0.8975712060928345,1.0326894521713257,902400
1998-11-19,0.9940841715414446,1.0133867768140938,0.8782685399055481,0.8782685399055481,405600
1998-11-20,0.878268847465515,0.9265253775460379,0.772104481288365,0.8444892764091492,228800
1998-11-23,0.8300121982445877,0.8589661121368408,0.8300121982445877,0.8589661121368408,182400
1998-11-24,0.8396636207224959,0.858966232693128,0.8396636207224959,0.85414057970047,334400
1998-11-25,0.8541402813385833,0.8541402813385833,0.8396633274175904,0.8493146300315857,62400
1998-11-27,0.8493146300315857,0.8493146300315857,0.8396633274175904,0.8493146300315857,86400
1998-11-30,0.8493146896362305,0.8493146896362305,0.8348377346992493,0.8348377346992493,47200
1998-12-01,0.8300123173849923,0.8444892764091492,0.8010583993366786,0.8444892764091492,142400
1998-12-02,0.849314930795253,0.849314930795253,0.7914070946046675,0.8396636247634888,36800
1998-12-03,0.8107097066681961,0.8396636247634888,0.7914070946046675,0.8396636247634888,196800
1998-12-04,0.791406814347614,0.8541402813385833,0.791406814347614,0.8493146300315857,178400
1998-12-07,0.8493146300315857,0.8541402813385833,0.8348376761105928,0.8493146300315857,65600
1998-12-08,0.8589660518699223,0.8782686597771114,0.8493147479163276,0.8686173558235168,48000
1998-12-09,0.8493150018510365,0.8589663086902528,0.8107097744941711,0.8107097744941711,125600
1998-12-10,0.8107097744941711,0.8396636950118201,0.7914071608157385,0.8107097744941711,44000
1998-12-11,0.7817557885729033,0.8396636247634888,0.7817557885729033,0.8396636247634888,86400
1998-12-14,0.8300123173849923,0.858966235433306,0.8300123173849923,0.8444892764091492,51200
1998-12-15,0.8589661070095596,0.897571325302124,0.8396634978632773,0.897571325302124,68000
1998-12-16,0.8782685995101929,1.0037355422973633,0.8782685995101929,1.0037355422973633,86400
1998-12-17,1.0230381488800049,1.0423407554626465,0.9458277225494385,1.0037355422973633,84000
1998-12-18,0.9651306867599487,1.0037359142303466,0.9458280730247497,0.9651306867599487,50400
1998-12-21,0.9458280801773071,0.9940846148802309,0.9265254662961376,0.9458280801773071,19200
1998-12-22,0.9651303291320801,0.9844329357147217,0.9651303291320801,0.9844329357147217,55200
1998-12-23,0.9844332798471991,1.0230385065078735,0.9651306665168619,1.0230385065078735,40800
1998-12-24,0.9844329357147217,1.0182124972343445,0.9844329357147217,1.0037355422973633,20800
1998-12-28,0.984433189034462,0.984433189034462,0.926525354385376,0.926525354385376,44000
1998-12-29,0.926525354385376,0.9747818832596143,0.926525354385376,0.926525354385376,8000
1998-12-30,0.9265254109176163,0.9458280236450667,0.9265254109176163,0.9361767172813416,36000
1998-12-31,0.9265251159667969,0.9361764192581177,0.8493146896362305,0.9168738126754761,100000
1999-01-04,0.8493146896362305,1.0326894521713257,0.8493146896362305,0.9844329357147217,206400
1999-01-05,0.955479271709919,0.9651305774847667,0.926525354385376,0.926525354385376,77600
1999-01-06,0.9554791426894688,0.994084360575912,0.9265252292746364,0.9747817516326904,86400
1999-01-07,0.9651305027378415,0.9940844178199768,0.9651305027378415,0.9940844178199768,60000
1999-01-08,1.0037355422973633,1.0037355422973633,0.9747816324234009,0.9844329357147217,25600
1999-01-11,0.9844333023282151,0.9844333023282151,0.9458280747859322,0.9603050351142883,36000
1999-01-12,0.9651304471610795,0.9747817516326904,0.945827838217858,0.9747817516326904,67200
1999-01-13,0.9699559807777405,0.9844329357147217,0.9458277225494385,0.9844329357147217,118400
1999-01-14,0.9844329357147217,0.9844329357147217,0.9844329357147217,0.9844329357147217,40800
1999-01-15,0.9844329357147217,0.9940842390060425,0.9844329357147217,0.9844329357147217,34400
1999-01-19,0.9940846073627472,0.9940846073627472,0.9651306867599487,0.9651306867599487,21600
1999-01-20,0.9747819936275481,0.9747819936275481,0.9651306867599487,0.9651306867599487,9600
1999-01-21,0.9651303291320801,1.0037355422973633,0.9651303291320801,1.0037355422973633,41600
1999-01-22,0.9651306867599487,0.9651306867599487,0.9651306867599487,0.9651306867599487,7200
1999-01-25,0.9554791426894688,0.9747817516326904,0.9265252292746364,0.9747817516326904,39200
1999-01-26,0.9747817516326904,0.9747817516326904,0.9747817516326904,0.9747817516326904,0
1999-01-27,0.9458280801773071,0.9458280801773071,0.9458280801773071,0.9458280801773071,13600
1999-01-28,0.926525354385376,0.9458279659350713,0.926525354385376,0.926525354385376,64000
1999-01-29,0.9072226352905959,0.9120482876059715,0.8010582843523347,0.8589661121368408,95200
1999-02-01,0.8493146300315857,0.8782685378735716,0.8493146300315857,0.8493146300315857,40800
1999-02-02,0.8686175244919798,0.9072227478027344,0.8686175244919798,0.9072227478027344,77600
1999-02-03,0.86861751973629,0.926525354385376,0.86861751973629,0.926525354385376,3200
1999-02-04,0.9458279659350713,0.9458279659350713,0.926525354385376,0.926525354385376,21600
1999-02-05,0.9023970899482568,0.926525354385376,0.9023970899482568,0.926525354385376,27200
1999-02-08,0.9361766652858005,0.9361766652858005,0.8686175244919798,0.9072227478027344,32000
1999-02-09,0.8879199637307061,0.8879199637307061,0.8686173558235168,0.8686173558235168,36800
1999-02-10,0.8589663086902528,0.8589663086902528,0.8107097744941711,0.8107097744941711,36800
1999-02-11,0.8493146300315857,0.8493146300315857,0.8493146300315857,0.8493146300315857,10400
1999-02-12,0.8589663086902528,0.8589663086902528,0.8107097744941711,0.8107097744941711,151200
1999-02-16,0.8493148130529067,0.8493148130529067,0.8203608989715576,0.8203608989715576,22400
1999-02-17,0.791407187263687,0.8107098015871915,0.6466375798374028,0.7431506514549255,461600
1999-02-18,0.7721043260473954,0.7721043260473954,0.7334991097450256,0.7334991097450256,69600
1999-02-19,0.7334991074815581,0.7721043236647981,0.7334991074815581,0.762453019618988,64000
1999-02-22,0.7721044410089528,0.7914070520341766,0.7721044410089528,0.7769300937652588,83200
1999-02-23,0.7672787850222936,0.8010583541742184,0.7672787850222936,0.79140704870224,24800
1999-02-24,0.7624530807519571,0.7721043855716021,0.733499166293022,0.752801775932312,102400
1999-02-25,0.7334991759724088,0.7334991759724088,0.6948939561843872,0.6948939561843872,40800
1999-02-26,0.7238478064537048,0.7238478064537048,0.7238478064537048,0.7238478064537048,1600
1999-03-01,0.7141966852423263,0.7141966852423263,0.7045453786849976,0.7045453786849976,3200
1999-03-02,0.714196566078398,0.714196566078398,0.6948939561843872,0.6948939561843872,16800
1999-03-03,0.6948939005533855,0.6948939005533855,0.63698607550727,0.6514630317687988,56000
1999-03-04,0.636986185823168,0.6755914092063904,0.636986185823168,0.6755914092063904,50400
1999-03-05,0.6755913462903764,0.6948939561843872,0.6562887363963658,0.6948939561843872,50400
1999-03-08,0.6562888622283936,0.6852427826208227,0.6562888622283936,0.6562888622283936,26400
1999-03-09,0.6562888622283936,0.6755914758233463,0.6562888622283936,0.6562888622283936,11200
1999-03-10,0.6948940208980016,0.6948940208980016,0.6755914092063904,0.6755914092063904,32800
1999-03-11,0.6755914006914411,0.7334992350364218,0.6755914006914411,0.7093709707260132,55200
1999-03-12,0.7093709707260132,0.7093709707260132,0.7093709707260132,0.7093709707260132,0
1999-03-15,0.7334992983569837,0.7334992983569837,0.6948940721276687,0.7045453786849976,24800
1999-03-16,0.7045453786849976,0.7045453786849976,0.7045453786849976,0.7045453786849976,0
1999-03-17,0.7334990501403809,0.7865812182426453,0.7286733984947205,0.7817555665969849,104800
1999-03-18,0.7817556704244306,0.897571325302124,0.7721043658512895,0.897571325302124,62400
1999-03-19,0.8686173558235168,0.8686173558235168,0.8686173558235168,0.8686173558235168,24800
1999-03-22,0.8300122705901541,0.8300122705901541,0.7721044377582829,0.79140704870224,18400
1999-03-23,0.7721044377582829,0.8010583541742184,0.7721044377582829,0.79140704870224,42400
1999-03-24,0.810709539848038,0.810709539848038,0.762453019618988,0.762453019618988,4000
1999-03-25,0.7528018310666084,0.7721044421195984,0.7528018310666084,0.7721044421195984,1600
1999-03-26,0.8203609651181756,0.8203609651181756,0.79140704870224,0.79140704870224,28800
1999-03-29,0.7721042091196234,0.8493146300315857,0.7721042091196234,0.8493146300315857,3200
1999-03-30,0.8493147586521349,0.8686173668033198,0.7334991097450256,0.7334991097450256,29600
1999-03-31,0.7334993197804406,0.8107097744941711,0.7334993197804406,0.8107097744941711,16800
1999-04-01,0.752801775932312,0.752801775932312,0.752801775932312,0.752801775932312,3200
1999-04-05,0.7721044421195984,0.7721044421195984,0.7721044421195984,0.7721044421195984,16800
1999-04-06,0.7721043855716021,0.7865813428010696,0.752801775932312,0.752801775932312,218400
1999-04-07,0.7334991097450256,0.7334991097450256,0.7334991097450256,0.7334991097450256,11200
1999-04-08,0.7721044421195984,0.7721044421195984,0.7431505255401134,0.7721044421195984,72800
1999-04-09,0.7721044377582829,0.79140704870224,0.7721044377582829,0.79140704870224,59200
1999-04-12,0.7914069952108922,0.7914069952108922,0.752801775932312,0.752801775932312,75200
1999-04-13,0.7334991097450256,0.7721043260473954,0.7334991097450256,0.7334991097450256,23200
1999-04-14,0.7528017178962105,0.7721043260473954,0.7334991097450256,0.7334991097450256,53600
1999-04-15,0.7141965012145198,0.738324761390686,0.6948938930735868,0.738324761390686,26400
1999-04-16,0.6997195436696337,0.7576273679733276,0.6997195436696337,0.7576273679733276,51200
1999-04-19,0.7528017858664195,0.7528017858664195,0.6948939561843872,0.6948939561843872,59200
1999-04-20,0.733499166293022,0.752801775932312,0.733499166293022,0.752801775932312,34400
1999-04-21,0.7334990501403809,0.7817555665969849,0.7334990501403809,0.7817555665969849,26400
1999-04-22,0.7528017159480198,0.7576273679733276,0.7528017159480198,0.7576273679733276,20800
1999-04-23,0.7624531365931034,0.7721044421195984,0.7286735672503709,0.7721044421195984,84800
1999-04-26,0.7528016567230225,0.7528016567230225,0.7141964435577393,0.7141964435577393,4000
1999-04-27,0.7166094183921814,0.7166094183921814,0.7166094183921814,0.7166094183921814,52800
1999-04-28,0.7334992200136184,0.7721044421195984,0.7334992200136184,0.7721044421195984,36800
1999-04-29,0.7334991097450256,0.7334991097450256,0.7334991097450256,0.7334991097450256,3200
1999-04-30,0.7334991074815581,0.8300121479396579,0.7334991074815581,0.762453019618988,110400
1999-05-03,0.8300121479396579,0.8300121479396579,0.762453019618988,0.762453019618988,5600
1999-05-04,0.791407212876437,0.8396637502469515,0.791407212876437,0.8251867890357971,56800
1999-05-05,0.8155350708826022,0.8493146300315857,0.8155350708826022,0.8493146300315857,41600
1999-05-06,0.8493146300315857,0.8493146300315857,0.8203607221895999,0.8493146300315857,172000
1999-05-07,0.7914069797215837,0.8589661121368408,0.7914069797215837,0.8589661121368408,10400
1999-05-10,0.8010582327842712,0.8010582327842712,0.8010582327842712,0.8010582327842712,2400
1999-05-11,0.8203608989715576,0.8203608989715576,0.8203608989715576,0.8203608989715576,800
1999-05-12,0.8782687271342557,0.8782687271342557,0.8203608989715576,0.8203608989715576,29600
1999-05-13,0.8203608989715576,0.8203608989715576,0.8203608989715576,0.8203608989715576,0
1999-05-14,0.8300119949275239,0.8493145994607221,0.8300119949275239,0.8420761227607727,50400
1999-05-17,0.8300121426582336,0.8300121426582336,0.8300121426582336,0.8300121426582336,1600
1999-05-18,0.8300121426582336,0.8348377946504327,0.8010582307050395,0.8300121426582336,21600
1999-05-19,0.8203608408031694,0.8203608408031694,0.8010582327842712,0.8010582327842712,17600
1999-05-20,0.8300121426582336,0.8348377946504327,0.8300121426582336,0.8300121426582336,12000
1999-05-21,0.7962327014382292,0.7962327014382292,0.79140704870224,0.79140704870224,40800
1999-05-24,0.8493146896362305,0.8589659929275513,0.7817555665969849,0.7817555665969849,66400
1999-05-25,0.8107096642255782,0.8107096642255782,0.7721044421195984,0.7721044421195984,18400
1999-05-26,0.7721044421195984,0.7721044421195984,0.7721044421195984,0.7721044421195984,8000
1999-05-27,0.7721044421195984,0.7721044421195984,0.7721044421195984,0.7721044421195984,0
1999-05-28,0.7672786687511995,0.8396634488220674,0.7672786687511995,0.8010582327842712,41600
1999-06-01,0.7962325787128404,0.8396634466426317,0.7962325787128404,0.8300121426582336,25600
1999-06-02,0.7962325811386108,0.7962325811386108,0.7962325811386108,0.7962325811386108,800
1999-06-03,0.8251867347529956,0.8300123881726038,0.8107097744941711,0.8107097744941711,22400
1999-06-04,0.8203610087518638,0.85414057970047,0.8203610087518638,0.85414057970047,369600
1999-06-07,0.8541404598214654,0.8589661121368408,0.8493148075060898,0.8589661121368408,179200
1999-06-08,0.8758558337887128,0.8758558337887128,0.8493147479163276,0.8686173558235168,35200
1999-06-09,0.8782689223686855,0.8879202292079018,0.8107097744941711,0.8107097744941711,128800
1999-06-10,0.8107097744941711,0.8107097744941711,0.8107097744941711,0.8107097744941711,30400
1999-06-11,0.8107097744941711,0.8107097744941711,0.8107097744941711,0.8107097744941711,0
1999-06-14,0.8541404653997983,0.8541404653997983,0.8203608989715576,0.8203608989715576,23200
1999-06-15,0.8637918668488662,0.926525354385376,0.8589662139614423,0.926525354385376,488000
1999-06-16,0.9530665034178606,1.023038474554868,0.907222798190166,0.9361767172813416,476000
1999-06-17,0.9651302613995292,0.9651302613995292,0.8300120248035951,0.8493146300315857,100800
1999-06-18,0.8493146300315857,0.8493146300315857,0.8300120248035951,0.8493146300315857,39200
1999-06-21,0.8589661659105964,0.92652530255525,0.8493148606756459,0.887920081615448,147200
1999-06-22,0.8348378560122321,0.8879200318280388,0.8203608989715576,0.8203608989715576,66400
1999-06-23,0.8010582327842712,0.8107095367937203,0.7721043207559242,0.8010582327842712,50400
1999-06-24,0.8203609697520733,0.8203609697520733,0.7528018310666084,0.7721044421195984,58400
1999-06-25,0.8637917066036269,0.873443010588025,0.8058838826972385,0.8300121426582336,39200
1999-06-28,0.8686172962188721,0.9265251159667969,0.8300120830535889,0.9168738126754761,131200
1999-06-29,0.9023970948888901,0.9265253594581118,0.8879201361473571,0.9072227478027344,58400
1999-06-30,0.9096355742596566,0.9651305827688664,0.8975714419750458,0.9072227478027344,364000
1999-07-01,0.9072226203314148,1.0037356650475229,0.8879200113881932,0.9747817516326904,332000
1999-07-02,0.9747818832596143,0.9747818832596143,0.926525354385376,0.926525354385376,60800
1999-07-06,0.9434151394913595,0.9603049245973428,0.926525354385376,0.926525354385376,63200
1999-07-07,0.9265251159667969,0.9844329357147217,0.9168738126754761,0.9844329357147217,98400
1999-07-08,0.9265254662961376,0.9844333079396462,0.9265254662961376,0.9458280801773071,38400
1999-07-09,0.945827971113489,0.9651305827688664,0.9072227478027344,0.9072227478027344,56800
1999-07-12,0.9265254592895508,0.9844333004951477,0.8686176180839538,0.9651306867599487,344800
1999-07-13,0.9651306940584766,0.9651306940584766,0.9265254662961376,0.9458280801773071,47200
1999-07-14,0.9265253594581118,0.945827971113489,0.9072227478027344,0.9072227478027344,31200
1999-07-15,0.9265251159667969,0.9265251159667969,0.9072225093841553,0.9168738126754761,33600
1999-07-16,0.9120484455065294,0.9554793238639832,0.9120484455065294,0.9554793238639832,52800
1999-07-19,0.9072228455543517,0.9651306867599487,0.9072228455543517,0.9651306867599487,10400
1999-07-20,0.9072227428356807,0.926525354385376,0.8879201312859853,0.926525354385376,32000
1999-07-21,0.8975714860540448,0.9554793238639832,0.8975714860540448,0.9554793238639832,50400
1999-07-22,0.9361764797989611,0.9458277837144143,0.9072225680526015,0.9216995239257812,31200
1999-07-23,0.928938180829088,0.955479271709919,0.926525354385376,0.926525354385376,25600
1999-07-26,0.9265252390215474,0.9265252390215474,0.897571325302124,0.897571325302124,27200
1999-07-27,0.9458280730247497,0.9651306867599487,0.9458280730247497,0.9651306867599487,54400
1999-07-28,0.955479271709919,0.9651305774847667,0.926525354385376,0.926525354385376,38400
1999-07-29,0.8879201312859853,0.926525354385376,0.8879201312859853,0.926525354385376,75200
1999-07-30,0.9458279659350713,0.9651305774847667,0.926525354385376,0.926525354385376,25600
1999-08-02,0.9265254592895508,0.9844333004951477,0.9265254592895508,0.9651306867599487,273600
1999-08-03,0.9603052504972559,0.9989104866981506,0.9458282869219203,0.9989104866981506,58400
1999-08-04,1.001322821414832,1.0037356474905303,0.9651304302793561,0.9952907562255859,112000
1999-08-05,0.9554791977104632,0.9940844178199768,0.9554791977104632,0.9940844178199768,20000
1999-08-06,0.9458280801773071,0.9458280801773071,0.9458280801773071,0.9458280801773071,5600
1999-08-09,0.9458280801773071,0.9458280801773071,0.9458280801773071,0.9458280801773071,0
1999-08-10,0.9458282869219203,0.9989104866981506,0.9458282869219203,0.9989104866981506,138400
1999-08-11,1.129202953907622,1.167808183101045,1.051992495520776,1.1485055685043335,1568000
1999-08-12,1.2112385630607605,1.2257155179977417,1.158156394958496,1.2064129114151,535200
1999-08-13,1.225715642092658,1.225715642092658,1.158156512213535,1.1774591207504272,357600
1999-08-16,1.1702206378846656,1.2739721583569144,1.158156507597195,1.2257156372070312,355200
1999-08-17,1.216064102614104,1.302925824229397,1.216064102614104,1.2932745218276978,236000
1999-08-18,1.2474310645350704,1.3415312802350081,1.2208899780556008,1.3029260635375977,426400
1999-08-19,1.3029260681225703,1.3029260681225703,1.2450182428726784,1.2546695470809937,117600
1999-08-20,1.290861933319657,1.3125773677119503,1.27397215101454,1.3029260635375977,113600
1999-08-23,1.348769871267021,1.4235674848793247,1.331880087548114,1.360834002494812,266400
1999-08-24,1.3728982565658432,1.3897880417960031,1.3318802067211695,1.3511828184127808,83200
1999-08-25,1.3174033778555254,1.3222290312542635,1.206413349684547,1.312577724456787,384000
1999-08-26,1.2450183629989624,1.322228804115177,1.2353670578594356,1.2450183629989624,60000
1999-08-27,1.235366881127451,1.2450181848862591,1.18711036233341,1.2305412292480469,180800
1999-08-30,1.1967616081237793,1.2064129114151,1.182284653186798,1.1871103048324585,267200
1999-08-31,1.264320901523937,1.3270543813705444,1.2450182923403654,1.3270543813705444,178400
1999-09-01,1.3897879174415102,1.3897879174415102,1.2836235626369503,1.360834002494812,322400
1999-09-02,1.3029260609460913,1.33187997341156,1.3029260609460913,1.33187997341156,76000
1999-09-03,1.3511825817218726,1.3897877983424973,1.25466954017031,1.33187997341156,296800
1999-09-07,1.3511825817218726,1.3897877983424973,1.33187997341156,1.33187997341156,372800
1999-09-08,1.356008605045431,1.356008605045431,1.2932751108618343,1.312577724456787,120800
1999-09-09,1.3222287386313252,1.3222287386313252,1.2594952583312988,1.2594952583312988,102400
1999-09-10,1.2450179491659534,1.298100109789308,1.2450179491659534,1.269146203994751,175200
1999-09-13,1.2450183629989624,1.264320973278016,1.206413142440855,1.2450183629989624,237600
1999-09-14,1.2257156344560476,1.2691465033934666,1.2257156344560476,1.2546695470809937,71200
1999-09-15,1.2257156344560476,1.293274763914255,1.2257156344560476,1.2546695470809937,65600
1999-09-16,1.2643210971727967,1.2643210971727967,1.2257158728316426,1.2353671789169312,126400
1999-09-17,1.2546692510974724,1.269146203994751,1.2353666472344342,1.269146203994751,32000
1999-09-20,1.2739725532112542,1.3511830109816332,1.2691468996006054,1.3174034357070923,285600
1999-09-21,1.324641500684348,1.3415312830245856,1.2546695452747922,1.2739721536636353,100000
1999-09-22,1.302925824229397,1.302925824229397,1.254669312220901,1.2932745218276978,44000
1999-09-23,1.2353668212890625,1.2739720344543457,1.1774590015411377,1.1871103048324585,108000
1999-09-24,1.1292022526264192,1.1871100604534148,1.0423405408859252,1.158156156539917,216800
1999-09-27,1.2112385630607605,1.2112385630607605,1.158156394958496,1.1967616081237793,81600
1999-09-28,1.1967616081237793,1.216064214706421,1.1871103048324585,1.2064129114151,145600
1999-09-29,1.1871105321618014,1.2546696681384892,1.1678079218827477,1.2450183629989624,64000
1999-09-30,1.2450183629989624,1.2546696681384892,1.206413142440855,1.2450183629989624,101600
1999-10-01,1.2064129114151,1.2064129114151,1.2064129114151,1.2064129114151,2400
1999-10-04,1.2546695498969611,1.2739721583569144,1.1967617245171014,1.2257156372070312,45600
1999-10-05,1.273972278417543,1.273972278417543,1.216064447580382,1.2450183629989624,20000
1999-10-06,1.2498437762260437,1.2739720344543457,1.2112385630607605,1.216064214706421,62400
1999-10-07,1.2112385630607605,1.216064214706421,1.1388537883758545,1.1871103048324585,112800
1999-10-08,1.1581568758026892,1.1871107976977564,1.1436799148551555,1.1485055685043335,78400
1999-10-11,1.1605694577221044,1.1726335892992572,1.1099001050980624,1.167807936668396,119200
1999-10-12,1.167808183101045,1.167808183101045,1.1485055685043335,1.1485055685043335,113600
1999-10-13,1.158156394958496,1.1871103048324585,1.109899878501892,1.109899878501892,99200
1999-10-14,1.109899878501892,1.158156394958496,1.109899878501892,1.109899878501892,16000
1999-10-15,1.109899878501892,1.1774590015411377,1.109899878501892,1.109899878501892,11200
1999-10-18,1.0857718576372197,1.1195514265414888,1.0712948995353901,1.0905975103378296,131200
1999-10-19,1.1002488157390493,1.1002488157390493,1.0664692468347803,1.0905975103378296,40800
1999-10-20,1.0664694841418947,1.0905977530138833,1.0664694841418947,1.080946445465088,25600
1999-10-21,1.0905972719192505,1.109899878501892,1.0809459686279297,1.109899878501892,16800
1999-10-22,1.0954231630384395,1.0954231630384395,1.0712948995353901,1.0905975103378296,54400
1999-10-25,1.071294858039004,1.071294858039004,0.9796074602789092,0.9940844178199768,124800
1999-10-26,1.080946213608488,1.080946213608488,1.0230383807366048,1.0519922971725464,121600
1999-10-27,1.0326894521713257,1.0326894521713257,0.9844329357147217,1.0326894521713257,121600
1999-10-28,1.023038089555194,1.0519919977501524,1.023038089555194,1.0278637409210205,29600
1999-10-29,1.0809459686279297,1.0809459686279297,1.0278638005256653,1.061643362045288,48800
1999-11-01,1.0278640232588117,1.1002488136291504,1.0278640232588117,1.1002488136291504,39200
1999-11-02,1.0809459686279297,1.119551181793213,1.061643362045288,1.119551181793213,44800
1999-11-03,1.1388541460037231,1.1388541460037231,1.124377186520625,1.1388541460037231,24000
1999-11-04,1.1485053261449514,1.1774592419301184,1.1436796735140904,1.167807936668396,47200
1999-11-05,1.158156156539917,1.1678074578444162,1.158156156539917,1.158156156539917,28000
1999-11-08,1.167807698249817,1.2739720344543457,1.1292024850845337,1.2064129114151,216000
1999-11-09,1.3222290312542635,1.3222290312542635,1.2353672700769762,1.312577724456787,85600
1999-11-10,1.3029260662468996,1.3029260662468996,1.2643208494692137,1.2739721536636353,31200
1999-11-11,1.2546697910875082,1.2932750154286623,1.2353671789169312,1.2353671789169312,38400
1999-11-12,1.2353666389130977,1.2353666389130977,1.2112383842468262,1.2112383842468262,73600
1999-11-15,1.2450181245803833,1.2450181245803833,1.1774590015411377,1.216064214706421,40000
1999-11-16,1.2739724972668818,1.312577724456787,1.2739724972668818,1.312577724456787,62400
1999-11-17,1.312577354280572,1.5007777837546248,1.312577354280572,1.4669982194900513,813600
1999-11-18,1.5442090942746118,1.6600247763452076,1.5056038669177465,1.6214195489883423,1264800
1999-11-19,1.6407211997805262,1.6938033562440138,1.5152542845031918,1.6310698986053467,703200
1999-11-22,1.848224707113372,1.8530503590901692,1.698629495832655,1.7372347116470337,628000
1999-11-23,1.717932470866612,1.7661890009471348,1.6745015937941414,1.6889785528182983,507200
1999-11-24,1.7420601218261502,1.7420601218261502,1.6600240496071903,1.6986292600631714,420000
1999-11-26,1.7275829103571423,1.7275829103571423,1.6310698986053467,1.6310698986053467,300800
1999-11-29,1.7034556792229831,1.7275839466340734,1.6793274118118926,1.7227582931518555,485600
1999-11-30,1.7179321092228557,1.7179321092228557,1.6600242853164673,1.6600242853164673,415200
1999-12-01,1.6600242853164673,1.6986295012540595,1.626244721371074,1.6600242853164673,290400
1999-12-02,1.6334831402006342,1.6793268324662354,1.6262446624744866,1.6745011806488037,139200
1999-12-03,1.6793267726898193,1.6793267726898193,1.4669981002807617,1.5345572233200073,495200
1999-12-06,1.5417958176209152,1.5828138597172463,1.5345573396039156,1.57316255569458,304000
1999-12-07,1.568337188412746,1.910958543419838,1.389788031578064,1.853050708770752,1824800
1999-12-08,2.075030143718767,2.1232866586889707,1.853050174855829,1.9350862503051758,2274400
1999-12-09,1.9688658714294434,2.060553252696991,1.9688658714294434,1.9688658714294434,700800
1999-12-10,2.0364259124672324,2.065379835393307,1.8916562978368605,1.9833437204360962,544000
1999-12-13,2.055728827697643,2.065380136747867,1.9302618100447355,1.9978209733963013,944800
1999-12-14,2.0050582587718964,2.036424994468689,1.9592145681381226,1.9688658714294434,272000
1999-12-15,1.9495632044952318,1.9495632044952318,1.9013066895324784,1.925434947013855,248000
1999-12-16,1.9302606582641602,2.0074710845947266,1.9302606582641602,2.0074710845947266,320000
1999-12-17,2.0074715568905783,2.0267741680145264,1.9592150290807089,2.0267741680145264,271200
1999-12-20,2.0171225016519903,2.1425894515155113,2.0074711978163347,2.113635540008545,393600
1999-12-21,2.1136353057911745,2.2584048472837206,2.1039840030250048,2.1908457279205322,468800
1999-12-22,2.214974047024367,2.297010122840084,2.214974047024367,2.263230562210083,516000
1999-12-23,2.2704690368244536,2.2970101201454622,2.113635362654858,2.166717529296875,354400
1999-12-27,2.1908462412149,2.210148851269657,1.882004480338791,1.9881688356399536,501600
1999-12-28,1.9543889164924622,2.0171223878860474,1.9206093549728394,1.9688658714294434,248800
1999-12-29,2.0074713300950457,2.026773939038267,1.9447378510295754,1.9495635032653809,238400
1999-12-30,1.9447383374425036,1.9592152977708597,1.8627022289151522,1.9206100702285767,231200
1999-12-31,1.9133711114968404,1.964040459972797,1.8964813286715214,1.9495635032653809,198400
2000-01-03,1.9640400391950206,2.099158272849715,1.8675270151559533,1.944737434387207,635200
2000-01-04,1.9013071957088652,2.055728084700448,1.8916558901468912,2.0267741680145264,393600
2000-01-05,1.9495632648468018,2.026773691177368,1.891655445098877,1.9688658714294434,244000
2000-01-06,2.0267743996854097,2.075030933011253,1.9785178663595666,2.046077013015747,217600
2000-01-07,2.075031122991017,2.1956724673509598,2.007471970149449,2.161892890930176,775200
2000-01-10,2.3163128954897947,2.6927137410068864,2.18119464325289,2.6155033111572266,1342400
2000-01-11,2.634806892451118,2.818181731119877,2.142590220234975,2.297011137008667,988400
2000-01-12,2.470733133951823,2.5286409417788187,2.2970097104708356,2.316312313079834,385600
2000-01-13,2.4514315364774593,2.4514315364774593,2.161892378625791,2.335615873336792,282000
2000-01-14,2.239102363586426,2.239102363586426,1.9302606582641602,2.219799757003784,517200
2000-01-18,2.248753203948339,2.316312313079834,2.1039836843808493,2.316312313079834,374400
2000-01-19,2.2487539668320067,2.2970104897253973,2.1136357027305124,2.2342770099639893,245600
2000-01-20,2.19084572008518,2.2970100501333603,2.055727481842041,2.055727481842041,394400
2000-01-21,2.0074714456947103,2.0846818859137377,1.9688662255851967,1.9881688356399536,441200
2000-01-24,1.819270912037101,1.9881687420670704,1.7758400414579658,1.795142650604248,709600
2000-01-25,1.7468860156006283,1.7854912314150069,1.5249060246679518,1.7372347116470337,1410400
2000-01-26,1.8530509220295814,1.9688666046564303,1.7758404669450156,1.9206100702285767,450400
2000-01-27,1.9109583954209264,2.0074714456947103,1.9109583954209264,1.9881688356399536,461600
2000-01-28,2.0074722824465248,2.026774900546972,1.9688670462456301,1.9978209733963013,218000
2000-01-31,1.9688668529014417,2.1811956311555187,1.9495642366965256,2.1522417068481445,317600
2000-02-01,2.1425893306732178,2.1618919372558594,1.8530502319335938,2.0074710845947266,197600
2000-02-02,2.0074715568905783,2.065379390262422,1.7951428345271518,2.0267741680145264,175200
2000-02-03,2.0074710845947266,2.084681510925293,1.9302606582641602,2.0074710845947266,172400
2000-02-04,1.9881688356399536,2.0074714456947103,1.930261005475683,1.9881688356399536,184800
2000-02-07,1.857876359181083,1.9785176812058287,1.7951428717282152,1.8627020120620728,179600
2000-02-08,1.8723528385162354,1.8723528385162354,1.6117676496505737,1.8337476253509521,542800
2000-02-09,1.7854915781224028,1.8337481072608461,1.6600246023624503,1.8144454956054688,193600
2000-02-10,1.833747955201899,2.094333190941116,1.698629684818601,1.9881688356399536,395600
2000-02-11,1.9881688175113519,2.123287086662609,1.9881688175113519,2.0943331718444824,293200
2000-02-14,2.0895076153571144,2.268056764937284,2.065379351900335,2.200497627258301,370800
2000-02-15,2.2197996362190415,2.2970100583483997,2.161891819622023,2.1908457279205322,332400
2000-02-16,2.0846816539764403,2.1136355658372246,1.5828138483895196,1.7372347116470337,1150400
2000-02-17,1.8482242100947612,1.8627011621320568,1.7372342444754936,1.7854907512664795,482000
2000-02-18,1.833747994640599,1.872353215580401,1.7468862475260443,1.775840163230896,230400
2000-02-22,1.7661887474274367,1.7758400520581878,1.7082809196429307,1.7179322242736816,276000
2000-02-23,1.698630003702073,1.698630003702073,1.5538604011138282,1.6214195489883423,488400
2000-02-24,1.6600248855456972,1.6986301154421086,1.6117683481751828,1.6503735780715942,157600
2000-02-25,1.602116466291023,1.6503729863600298,1.4766495141116056,1.5924651622772217,528400
2000-02-28,1.5538601809885444,1.6889784575962439,1.5442088755165657,1.58281409740448,144800
2000-02-29,1.6407219302363512,1.6407219302363512,1.5635114864605228,1.58281409740448,150800
2000-03-01,1.5972910556124478,1.621419319292394,1.5635114864605228,1.58281409740448,133600
2000-03-02,1.5635116622872547,1.6021168885165697,1.3801368376980088,1.4090907573699951,482400
2000-03-03,1.4380441904067993,1.5442085266113281,1.409090280532837,1.4283928871154785,576400
2000-03-06,1.4283928871154785,1.6214189529418945,1.3994389772415161,1.5635111331939697,250800
2000-03-07,1.5828139148541351,1.6600243497250684,1.524906088700935,1.6165934801101685,118400
2000-03-08,1.6117679048807194,1.6310705145200095,1.466998332586044,1.505603551864624,58000
2000-03-09,1.5442091458803648,1.553860453042117,1.4766499957480987,1.486301302909851,86400
2000-03-10,1.5297318139137366,1.6214192097003644,1.505603551864624,1.505603551864624,168400
2000-03-13,1.4235671355643056,1.6986292600631714,1.4090901816433126,1.6986292600631714,292400
2000-03-14,1.6986296261058134,1.7565374542685115,1.582813969780417,1.6407217979431152,214800
2000-03-15,1.6600242896252368,1.6600242896252368,1.5828138575496444,1.6021164655685425,42800
2000-03-16,1.6021169353099096,1.6503734695059913,1.5442090942746118,1.6214195489883423,67200
2000-03-17,1.6600241661071777,1.6696754693984985,1.4669981002807617,1.5345572233200073,174800
2000-03-20,1.5635111331939697,1.650372862815857,1.5442085266113281,1.5635111331939697,106000
2000-03-21,1.5249062645726088,1.58281409740448,1.5056036536286517,1.58281409740448,136000
2000-03-22,1.5442088255687942,1.582814046208014,1.5249062152491841,1.5393831729888916,74400
2000-03-23,1.4573467674318008,1.5828137076742739,1.4428698127884387,1.4694108963012695,225200
2000-03-24,1.524906039237976,1.563511255421216,1.4669982149631162,1.524906039237976,158400
2000-03-27,1.5586855996605808,1.6214190758079108,1.5442086436265816,1.57316255569458,177600
2000-03-28,1.5828138575496444,1.6117677695779915,1.5635112495307464,1.6021164655685425,244400
2000-03-29,1.6117680138204156,1.6117680138204156,1.5442088755165657,1.58281409740448,123200
2000-03-30,1.5731630147922606,1.6793273900236403,1.5731630147922606,1.6214195489883423,265200
2000-03-31,1.602116346359253,1.650372862815857,1.5635111331939697,1.5635111331939697,170800
2000-04-03,1.6117680138204156,1.6407219302363512,1.5249062645726088,1.58281409740448,110800
2000-04-04,1.5442086473295962,1.5538599513754061,1.4476956068714963,1.524906039237976,86400
2000-04-05,1.4669981002807617,1.5924650430679321,1.4669981002807617,1.5345572233200073,65200
2000-04-06,1.5056036621332167,1.5442088842391968,1.5056036621332167,1.5442088842391968,42800
2000-04-07,1.5828140883237076,1.5828140883237076,1.4814753814493238,1.4887138605117798,68400
2000-04-10,1.5442085266113281,1.5635111331939697,1.4863007068634033,1.5635111331939697,99200
2000-04-11,1.5635117602038693,1.6021169888508784,1.486301302909851,1.486301302909851,98400
2000-04-12,1.5152547351921661,1.5442086473295962,1.4863008230547363,1.524906039237976,137600
2000-04-13,1.5249062731862069,1.5828141063451766,1.5056036621332167,1.5442088842391968,118000
2000-04-14,1.5152544770667802,1.544208384271878,1.0809458689903146,1.2932745218276978,262400
2000-04-17,1.3125775950295584,1.4476958768708366,1.1967619248798915,1.3511828184127808,194000
2000-04-18,1.3511825720469157,1.4669982210795085,1.3511825720469157,1.4476956129074097,116400
2000-04-19,1.4476957420508068,1.4669983519448175,1.3897879123687744,1.3897879123687744,48000
2000-04-20,1.3897881442553375,1.486301209828625,1.3511829180260226,1.4090907573699951,59200
2000-04-24,1.3897879123687744,1.3897879123687744,1.3511826925807529,1.3897879123687744,50400
2000-04-25,1.409090792431551,1.409090792431551,1.2739724972668818,1.312577724456787,126400
2000-04-26,1.3994393476418086,1.3994393476418086,1.3125775950295584,1.3511828184127808,46800
2000-04-27,1.3029262891837528,1.3897880417960031,1.2932749833379473,1.3511828184127808,97200
2000-04-28,1.3222288888076255,1.3994393348693848,1.3222288888076255,1.3994393348693848,81200
2000-05-01,1.4283933704846525,1.4669985967139674,1.3994394508126664,1.4090907573699951,69200
2000-05-02,1.4090904022430206,1.428393010492925,1.3704851857432119,1.380136489868164,56400
2000-05-03,1.3704856634140015,1.4090908933693254,1.3704856634140015,1.3704856634140015,30000
2000-05-04,1.3704853024747636,1.4476957420508068,1.3704853024747636,1.3897879123687744,18400
2000-05-05,1.3897876739501953,1.4669981002807617,1.3897876739501953,1.4283928871154785,44000
2000-05-08,1.4863008230547363,1.524906039237976,1.4863008230547363,1.524906039237976,24800
2000-05-09,1.5586854815483093,1.6117676496505737,1.553859829902649,1.5635111331939697,95600
2000-05-10,1.582813863512836,1.592465167558646,1.5056034311463562,1.524906039237976,184000
2000-05-11,1.5249060431337045,1.5249060431337045,1.476649522781372,1.476649522781372,106000
2000-05-12,1.4911264788870717,1.5152547390632378,1.4669982187109054,1.476649522781372,53600
2000-05-15,1.4669986885863464,1.486301302909851,1.447696074262842,1.486301302909851,48800
2000-05-16,1.5056036621332167,1.5635114952921867,1.476649745553732,1.5442088842391968,107200
2000-05-17,1.5586856082081795,1.5586856082081795,1.4283930031876815,1.4669982194900513,45200
2000-05-18,1.4959523821837148,1.4959523821837148,1.3897880195771288,1.438044548034668,24800
2000-05-19,1.4187419366516523,1.486301076492207,1.3897880195771288,1.438044548034668,98400
2000-05-22,1.4380444371038013,1.4669983519448175,1.3704853024747636,1.3897879123687744,92800
2000-05-23,1.4476957420508068,1.4476957420508068,1.3704853024747636,1.3897879123687744,7600
2000-05-24,1.4115037202415333,1.4115037202415333,1.3511830484363394,1.3704856634140015,73600
2000-05-25,1.3801369709028324,1.4187422008581565,1.3511830484363394,1.3704856634140015,65200
2000-05-26,1.3704853024747636,1.4476957420508068,1.3704853024747636,1.3897879123687744,29200
2000-05-30,1.3704850673675537,1.4283928871154785,1.3704850673675537,1.4283928871154785,69600
2000-05-31,1.3704853024747636,1.457347046997812,1.3125774727927315,1.3897879123687744,99600
2000-06-01,1.3704853024747636,1.428393132156796,1.3704853024747636,1.3897879123687744,42000
2000-06-02,1.399439661515149,1.438044893556946,1.3897883535046998,1.4018524885177612,120000
2000-06-05,1.3897881442553375,1.4090907573699951,1.37048553114068,1.4090907573699951,9200
2000-06-06,1.3897881442553375,1.4187420639273238,1.37048553114068,1.4090907573699951,58800
2000-06-07,1.4042648697892826,1.4090905222627852,1.3704853024747636,1.3897879123687744,57200
2000-06-08,1.3897880195771288,1.438044548034668,1.3897880195771288,1.438044548034668,26000
2000-06-09,1.466998215693577,1.5828138643009646,1.466998215693577,1.5152547359466553,140000
2000-06-12,1.5200803919058097,1.5345573480191983,1.4669982194900513,1.4669982194900513,87200
2000-06-13,1.505603313446045,1.6117676496505737,1.4863007068634033,1.5345572233200073,66400
2000-06-14,1.4863010510802268,1.5635114952921867,1.438044523447752,1.5442088842391968,169600
2000-06-15,1.495952127845424,1.544208648098502,1.4283929994911144,1.5152547359466553,109200
2000-06-16,1.5056034374237062,1.5056034374237062,1.4476956129074097,1.4476956129074097,69200
2000-06-19,1.495952247044979,1.5345574663235593,1.4283931133074639,1.505603551864624,97200
2000-06-20,1.495952354454846,1.5635114930431293,1.4863010489422341,1.5538601875305176,117600
2000-06-21,1.5345572233200073,1.5635111331939697,1.505603313446045,1.5635111331939697,36000
2000-06-22,1.544208652925807,1.5635112610873796,1.4573469161987305,1.4573469161987305,64000
2000-06-23,1.466998332586044,1.505603551864624,1.466998332586044,1.505603551864624,18800
2000-06-26,1.505603313446045,1.5635111331939697,1.505603313446045,1.5635111331939697,68400
2000-06-27,1.5345573432837862,1.563511255421216,1.5056034311463562,1.524906039237976,39600
2000-06-28,1.5442088842391968,1.5442088842391968,1.5056036621332167,1.5442088842391968,5200
2000-06-29,1.553860453042117,1.5731630673656216,1.4669986885863464,1.486301302909851,54800
2000-06-30,1.5249059200286865,1.5635111331939697,1.505603313446045,1.5345572233200073,51600
2000-07-03,1.5152549676597118,1.5442088842391968,1.5056036621332167,1.5442088842391968,24000
2000-07-05,1.5442087727208291,1.5442087727208291,1.4476957244257773,1.4959522485733032,68400
2000-07-06,1.505603313446045,1.5635111331939697,1.505603313446045,1.5635111331939697,157200
2000-07-07,1.5924651574256807,1.6986295012540595,1.5538599414880885,1.6600242853164673,343600
2000-07-10,1.6889781918790605,1.7565373195542229,1.6214190642038981,1.7372347116470337,172400
2000-07-11,1.7517114244401455,1.8047935888171196,1.6889779574491761,1.6986292600631714,66800
2000-07-12,1.7372347171916518,1.7372347171916518,1.6407216773476712,1.6600242853164673,90000
2000-07-13,1.6407214443791998,1.6986292600631714,1.6407214443791998,1.6986292600631714,56000
2000-07-14,1.6696755839718713,1.7372347116470337,1.6407216721110873,1.7372347116470337,33600
2000-07-17,1.698629263993148,1.766188382447421,1.698629263993148,1.7565370798110962,53200
2000-07-18,1.7661886235078177,1.7758399274614123,1.698629495832655,1.7372347116470337,35600
2000-07-19,1.7179322242736816,1.7565374427966858,1.6793270057506775,1.7179322242736816,18800
2000-07-20,1.7758403098446198,1.7758403098446198,1.6793272495269775,1.6793272495269775,58400
2000-07-21,1.6407214443791998,1.7372344705191527,1.6407214443791998,1.6986292600631714,69600
2000-07-24,1.717931865291162,1.7661883783611385,1.6986292600631714,1.6986292600631714,20000
2000-07-25,1.7179322242736816,1.7179322242736816,1.7179322242736816,1.7179322242736816,2400
2000-07-26,1.717931865291162,1.7758396809751338,1.6793266548351808,1.6986292600631714,81600
2000-07-27,1.698629861590506,1.7565376977810914,1.6407220253999206,1.6793272495269775,39200
2000-07-28,1.6600241352740983,1.6600241352740983,1.6045291423797607,1.6045291423797607,116000
2000-07-31,1.6117675365372137,1.6986292600631714,1.5924649313092232,1.6986292600631714,161600
2000-08-01,1.6986296150121796,1.7372348335351837,1.6696757011199266,1.7179322242736816,169600
2000-08-02,1.6793266548351808,1.717931865291162,1.6793266548351808,1.6986292600631714,32400
2000-08-03,1.6793272495269775,1.698629861590506,1.6407220253999206,1.6793272495269775,21200
2000-08-04,1.6407217872276736,1.7179322242736816,1.6407217872276736,1.7179322242736816,15600
2000-08-07,1.7082809307995965,1.7082809307995965,1.6407217979431152,1.6407217979431152,38800
2000-08-08,1.6407217979431152,1.6889783214120304,1.6407217979431152,1.6407217979431152,32000
2000-08-09,1.6889781972696616,1.6889781972696616,1.6310703733632732,1.6600242853164673,80400
2000-08-10,1.6793272495269775,1.6889785555587418,1.6407220253999206,1.6793272495269775,40400
2000-08-11,1.6600241661071777,1.698629379272461,1.6600241661071777,1.6696754693984985,125600
2000-08-14,1.698629861590506,1.698629861590506,1.660024637463449,1.6793272495269775,58000
2000-08-15,1.6986297213512918,1.795142773700797,1.6696758056464402,1.775840163230896,164800
2000-08-16,1.7854911088943481,1.8723528385162354,1.7854911088943481,1.8337476253509521,397200
2000-08-17,1.853050809918028,1.9302612603312792,1.853050809918028,1.9109586477279663,73200
2000-08-18,1.9206098466339507,1.9206098466339507,1.8627020120620728,1.8627020120620728,86400
2000-08-21,1.8627015352249146,1.8627015352249146,1.746885895729065,1.8337476253509521,120800
2000-08-22,1.814445138615083,1.8240964425438866,1.8047938346862793,1.8047938346862793,44400
2000-08-23,1.804793955177389,1.8144452597505303,1.795142650604248,1.795142650604248,34400
2000-08-24,1.8627021281989578,1.872353434562683,1.7951429836528816,1.872353434562683,98400
2000-08-25,1.8530501157499208,1.9109579318671057,1.8530501157499208,1.9013066291809082,85600
2000-08-28,1.9013074529170988,1.9302613735198975,1.8723535323143004,1.9302613735198975,98800
2000-08-29,1.9109587597846984,1.9302613735198975,1.9109587597846984,1.9302613735198975,151600
2000-08-30,1.978517061056093,2.0846813911615416,1.91095794189808,2.0750300884246826,191200
2000-08-31,2.075031122991017,2.161892890930176,2.055728507893426,2.161892890930176,214800
2000-09-01,2.152241104472,2.2004976314780986,2.152241104472,2.181195020675659,296000
2000-09-05,2.277707576751709,2.4514310359954834,2.2004971504211426,2.432128429412842,825200
2000-09-06,2.432128925954015,2.470734147000904,2.2777080417664584,2.335615873336792,272400
2000-09-07,2.297010304065461,2.3163129116626497,2.200497266079517,2.2680563926696777,372400
2000-09-08,2.2584053089744165,2.393523575323313,2.2584053089744165,2.3838722705841064,193600
2000-09-11,2.383871912956238,2.605851888656616,2.383871912956238,2.3935232162475586,170000
2000-09-12,2.4803851871039924,2.5093390997939222,2.3935234490342028,2.4514312744140625,285600
2000-09-13,2.4514310359954834,2.4514310359954834,2.383871912956238,2.432128429412842,218000
2000-09-14,2.4514310359954834,2.4514310359954834,2.3935232162475586,2.3935232162475586,234800
2000-09-15,2.383872504215164,2.4707342553808984,2.383872504215164,2.403175115585327,250800
2000-09-18,2.4031745195388794,2.4900362491607666,2.335615396499634,2.374220609664917,79200
2000-09-19,2.422477489540934,2.422477489540934,2.2970105279312443,2.3838722705841064,195200
2000-09-20,2.383871912956238,2.4128258228302,2.3549180030822754,2.374220609664917,134000
2000-09-21,2.32596467952339,2.3935238195925344,2.2970107623508995,2.364569902420044,226400
2000-09-22,2.325964093208313,2.335615396499634,2.219799757003784,2.239102363586426,135600
2000-09-25,2.239102871046154,2.239102871046154,2.0943332888664457,2.1039845943450928,222400
2000-09-26,2.041250879565875,2.084681749343872,1.9109582702318828,2.084681749343872,339200
2000-09-27,2.084681749343872,2.123286966924314,2.084681749343872,2.084681749343872,91200
2000-09-28,2.065379140553651,2.2004974020851984,2.04607653176343,2.084681749343872,110800
2000-09-29,2.123286966924314,2.123286966924314,2.0364252273683197,2.084681749343872,198400
2000-10-02,2.123287660734994,2.219800736222948,2.123287660734994,2.161892890930176,64400
2000-10-03,2.161892059186822,2.1715433630224776,2.1039842361728893,2.113635540008545,82400
2000-10-04,2.1039841175079346,2.17154324054718,2.1039841175079346,2.123286724090576,82800
2000-10-05,2.1039841175079346,2.1618919372558594,2.1039841175079346,2.123286724090576,15600
2000-10-06,2.1425900796674333,2.152241386332602,2.0267743996854097,2.046077013015747,71600
2000-10-09,2.046077059740996,2.046077059740996,1.9109587633430059,1.9206100702285767,34000
2000-10-10,1.9881686001867798,1.9881686001867798,1.853050345805154,1.9399120807647705,56400
2000-10-11,1.9447383485278305,2.0074718436416314,1.8820048534140295,1.8916561603546143,16800
2000-10-12,1.872353330571601,1.9302611655377329,1.8144454956054688,1.8144454956054688,46800
2000-10-13,1.8144454956054688,1.9302611655377329,1.7951428839500916,1.8144454956054688,96800
2000-10-16,2.007471828460693,2.06537966966629,1.9302613735198975,1.9302613735198975,90000
2000-10-17,2.0653789043426514,2.084681510925293,1.9302606582641602,1.9688658714294434,19600
2000-10-18,1.9302613735198975,1.9302613735198975,1.9109587597846984,1.9302613735198975,69600
2000-10-19,1.9302606582641602,2.0653789043426514,1.8723528385162354,2.0653789043426514,28000
2000-10-20,1.9109582842277189,2.046076546748871,1.9109582842277189,1.9592148065567017,6000
2000-10-23,1.9688657528016624,1.9881683582212866,1.9495631473820383,1.9785170555114746,53600
2000-10-24,1.988168721151824,1.988168721151824,1.930260894322159,1.9495635032653809,12000
2000-10-25,1.9302612727450341,1.9881691109273851,1.8627021281989578,1.872353434562683,16000
2000-10-26,1.843399041920752,1.9592146885335742,1.8337477380363503,1.9399120807647705,28800
2000-10-27,1.9881688356399536,1.9881688356399536,1.9881688356399536,1.9881688356399536,1200
2000-10-30,1.8530505652566558,1.9881688356399536,1.8530505652566558,1.9881688356399536,9200
2000-10-31,1.9399124012080902,2.1425898162596817,1.930261095729443,2.1039845943450928,51200
2000-11-01,2.084681510925293,2.1039841175079346,2.0653789043426514,2.0653789043426514,8400
2000-11-02,2.0653789043426514,2.123286724090576,2.0653789043426514,2.123286724090576,22000
2000-11-03,2.123286724090576,2.1618919372558594,2.084681510925293,2.123286724090576,16800
2000-11-06,2.132938271319425,2.1618921845047563,2.065379140553651,2.084681749343872,23600
2000-11-07,2.161892306420111,2.161892306420111,2.084681866905107,2.0943331718444824,40400
2000-11-08,2.0943331718444824,2.0943331718444824,2.065379257026356,2.0943331718444824,50400
2000-11-09,2.079856214435419,2.103984476783858,2.065379257026356,2.0943331718444824,26400
2000-11-10,2.099158705936538,2.103984358134093,2.065379140553651,2.084681749343872,66400
2000-11-13,2.084681510925293,2.084681510925293,2.0653789043426514,2.0653789043426514,6400
2000-11-14,2.0943331718444824,2.113635781723233,2.065379257026356,2.0943331718444824,128800
2000-11-15,2.123286724090576,2.239102363586426,2.075030207633972,2.239102363586426,266800
2000-11-16,2.2970107623508995,2.4514316539375147,2.2777081509025727,2.364569902420044,181200
2000-11-17,2.3066622929753,2.335616212970806,1.9302613330337237,2.046077013015747,126800
2000-11-20,2.123287660734994,2.219800736222948,2.084682430539812,2.161892890930176,100400
2000-11-21,2.219799757003784,2.219799757003784,2.123286724090576,2.123286724090576,56800
2000-11-22,2.084681510925293,2.2004971504211426,2.026773691177368,2.123286724090576,72400
2000-11-24,2.200497919658445,2.200497919658445,2.0267743996854097,2.046077013015747,63600
2000-11-27,2.0943329312682692,2.2101485772370215,2.08468162743754,2.1329381465911865,72000
2000-11-28,2.1618921845047563,2.1618921845047563,2.084681749343872,2.084681749343872,65200
2000-11-29,2.0750300884246826,2.0774429141088975,2.0750300884246826,2.0750300884246826,2000
2000-11-30,2.118460949597784,2.1618918118902215,2.0364248763787356,2.055727481842041,99600
2000-12-01,2.075030207633972,2.1039841175079346,2.0460762977600098,2.0653789043426514,52000
2000-12-04,2.0460764234931905,2.0460764234931905,1.9399120807647705,1.9399120807647705,24000
2000-12-05,1.930261005475683,2.103984495968495,1.930261005475683,1.9881688356399536,37600
2000-12-06,1.9688664477018383,2.161892570025548,1.9688664477018383,2.0364255905151367,26800
2000-12-07,2.1618921845047563,2.1618921845047563,2.0171226185780986,2.084681749343872,34000
2000-12-08,2.0460768242677054,2.084682047367096,1.853050708770752,1.853050708770752,84400
2000-12-11,1.9302618100447355,2.026774900546972,1.9302618100447355,1.9978209733963013,44800
2000-12-12,2.0460768966313223,2.0460768966313223,1.9302612232370964,2.0364255905151367,12400
2000-12-13,1.988168478012085,2.1039841175079346,1.9785171747207642,2.0653789043426514,50000
2000-12-14,2.026774150515915,2.1232872053023875,1.978517623122679,2.1039845943450928,11200
2000-12-15,2.017122266350723,2.046076174480159,1.9785170555114746,1.9785170555114746,149600
2000-12-18,2.0846818859137377,2.094333190941116,1.930261005475683,1.9881688356399536,36400
2000-12-19,2.007471828460693,2.06537966966629,1.9302613735198975,1.9302613735198975,62800
2000-12-20,1.9302607830906413,1.9881686065833606,1.8433990478515625,1.8433990478515625,46400
2000-12-21,1.8530501157499208,1.9495631426118958,1.8530501157499208,1.9013066291809082,58400
2000-12-22,1.9302607768803686,1.9399120807647705,1.843399041920752,1.9399120807647705,66400
2000-12-26,1.8530502319335938,1.8530502319335938,1.5249059200286865,1.8337476253509521,142000
2000-12-27,1.7758394499082824,1.8337472580574654,1.7758394499082824,1.7854907512664795,44000
2000-12-28,1.8530504741365947,1.8723530832421844,1.7854913422670315,1.8240965604782104,43600
2000-12-29,1.891655445098877,1.9109580516815186,1.8337476253509521,1.8337476253509521,36000
2001-01-02,1.9302613735198975,1.9495639872550963,1.8530509185791015,1.9302613735198975,68000
2001-01-03,1.9302613881169532,2.0050590169064852,1.8916561603546143,1.8916561603546143,52000
2001-01-04,1.9302613735198975,1.959215294122696,1.8916561460494994,1.9302613735198975,31200
2001-01-05,1.9688658714294434,1.9688658714294434,1.9109580516815186,1.9688658714294434,64400
2001-01-08,1.9688666009902953,2.007471828460693,1.9302613735198975,1.9302613735198975,77600
2001-01-09,1.9302608790221039,2.084681749343872,1.9302608790221039,2.084681749343872,127200
2001-01-10,2.046076179110388,2.0846813900369994,1.968865757257166,2.055727481842041,18400
2001-01-11,2.026773691177368,2.0653789043426514,2.0074710845947266,2.0653789043426514,51200
2001-01-12,2.084682206849794,2.142590045928955,2.026774367770633,2.142590045928955,83200
2001-01-16,2.123286724090576,2.219799757003784,1.988168478012085,2.219799757003784,89600
2001-01-17,2.0895076153571144,2.2198002380237245,2.075030657283047,2.200497627258301,42000
2001-01-18,2.219799757003784,2.3066614866256714,2.1425893306732178,2.239102363586426,106000
2001-01-19,2.2777085224119555,2.3163137516053784,2.258405907815244,2.297011137008667,98800
2001-01-22,2.2873590002668664,2.297010304065461,2.248753785072489,2.2680563926696777,51200
2001-01-23,2.287359829710311,2.3259650589037344,2.2391032932185326,2.297011137008667,149200
2001-01-24,2.297010519758986,2.4417800903320312,2.297010519758986,2.4417800903320312,166000
2001-01-25,2.427303480450064,2.499688276089728,2.335616072639823,2.4707343578338623,262000
2001-01-26,2.412826057494156,2.5286417082538755,2.3549182321142963,2.4514312744140625,318800
2001-01-29,2.4514310359954834,2.470733642578125,2.3549180030822754,2.3935232162475586,51200
2001-01-30,2.4321287856271616,2.4417800903320312,2.2777079103492466,2.4417800903320312,51200
2001-01-31,2.383871912956238,2.422477126121521,2.383871912956238,2.3935232162475586,43200
2001-02-01,2.4321286756484235,2.4321286756484235,2.239102590279501,2.3549182415008545,26000
2001-02-02,2.35491874258397,2.35491874258397,2.2198004540750538,2.2777082920074463,34000
2001-02-05,2.2970105424711975,2.3549183712729924,2.2391027136694026,2.2873592376708984,19600
2001-02-06,2.2777071078618367,2.3549175182978312,2.2777071078618367,2.316312313079834,24400
2001-02-07,2.1232862869898477,2.3935227235158285,2.1232862869898477,2.316312313079834,75200
2001-02-08,2.3549180030822754,2.3549180030822754,2.239102363586426,2.239102363586426,90800
2001-02-09,2.2391033513205394,2.2391033513205394,2.1329389682837894,2.161892890930176,72400
2001-02-12,2.1425893306732178,2.239102363586426,2.1425893306732178,2.239102363586426,24000
2001-02-13,2.258405463885417,2.393523739502493,2.181195020675659,2.181195020675659,54800
2001-02-14,2.2728825380708453,2.3645699440652104,2.2004977438647675,2.210149049758911,38000
2001-02-15,2.2873590973707345,2.5093390941619873,2.219799967912527,2.5093390941619873,265600
2001-02-16,2.504513683707215,2.547944556835086,2.354918454044549,2.490036725997925,230800
2001-02-20,2.5045142933516433,2.7602739418056648,2.4683218902685273,2.740971326828003,792000
2001-02-21,2.7313190673614716,3.0498121034848937,2.7216677632365194,2.760272979736328,794000
2001-02-22,2.866436951525271,2.876088254392359,2.644456985582236,2.7120161056518555,423600
2001-02-23,2.697539021274937,2.7023646724757864,2.393522995621411,2.5865490436553955,449600
2001-02-26,2.625154955167297,2.721668004989624,2.52864190534497,2.721668004989624,215600
2001-02-27,2.7264934152989952,2.7795755879862325,2.702365154986615,2.760272979736328,149600
2001-02-28,2.760273102736726,2.856786148286961,2.6830626662965376,2.7313191890716553,202000
2001-03-01,2.6830625551334326,2.702365163443745,2.625154730202495,2.66375994682312,174800
2001-03-02,2.683061968574125,2.7795749890264316,2.625154156302741,2.769923686981201,272000
2001-03-05,2.7844008829634066,2.8760882603920113,2.7699239286325743,2.8471343517303467,201600
2001-03-06,2.866437077522278,3.204232692718506,2.856785774230957,3.1270222663879395,1507200
2001-03-07,3.0980688471060533,3.2428384194007287,3.011207103729248,3.011207103729248,466000
2001-03-08,3.04016158307669,3.1173720359802246,2.856786757430794,3.1173720359802246,214000
2001-03-09,3.0305099353194236,3.0980690740048886,3.0112073242664334,3.0884177684783936,192800
2001-03-12,3.0835919985576856,3.146325482096418,3.0112072098591485,3.078766345977783,246400
2001-03-13,3.0594630018155673,3.0691143046604115,2.509338739659456,2.5768978595733643,597200
2001-03-14,2.5817243778146803,2.5817243778146803,2.374221296980977,2.4707343578338623,467600
2001-03-15,2.4707339730934117,2.721667892235711,2.4707339730934117,2.6734113693237305,320000
2001-03-16,2.6734107652706887,2.760272486885982,2.4900360196384033,2.5865490436553955,184400
2001-03-19,2.6396315704852453,2.702365044738094,2.596200703694812,2.6155033111572266,172800
2001-03-20,2.6589342930334077,2.721667770001528,2.617916250400406,2.6830625534057617,110800
2001-03-21,2.663760793078077,2.6830634075206716,2.6058529497502927,2.6348068714141846,206000
2001-03-22,2.6541093693060036,2.6637606761034798,2.567247608128716,2.625155448913574,187200
2001-03-23,2.6444578170776367,2.702365652488096,2.6251552052741505,2.6444578170776367,58000
2001-03-26,2.6637603891306907,2.914694338831408,2.625155166099811,2.7988786697387695,230400
2001-03-27,2.866437311993529,2.953299048720606,2.8085294875088116,2.914693832397461,272400
2001-03-28,2.914693832397461,2.9339964405590333,2.8760886160743158,2.914693832397461,244400
2001-03-29,2.9339964389801025,2.9339964389801025,2.8760886145265476,2.9339964389801025,87600
2001-03-30,2.9195194860299427,2.9532990503311156,2.8760886176427207,2.8953912258148193,104800
2001-04-02,2.953298807144165,2.9726014137268066,2.7795753479003906,2.856785774230957,65600
2001-04-03,2.7819882926231436,2.8664372000314784,2.7795754666971915,2.789226770401001,168800
2001-04-04,2.7892276644706726,2.798878971268149,2.3549188585842358,2.625155448913574,301600
2001-04-05,2.6251541465841313,2.702364562660135,2.6251541465841313,2.6927132606506348,59200
2001-04-06,2.740971326828003,2.779576556783327,2.6155043294732,2.740971326828003,61200
2001-04-09,2.632876565139284,2.799651146764902,2.625155636962031,2.740971326828003,69200
2001-04-10,2.71163056917297,2.8073716443272656,2.71163056917297,2.7888410091400146,113200
2001-04-11,2.8336231913476695,2.8645071904574153,2.710086311305329,2.779575824737549,59600
2001-04-12,2.7286174016693594,2.8181815147399902,2.6792027592213565,2.8181815147399902,71600
2001-04-16,2.714719247209516,2.8567864784602706,2.7116307587066903,2.810460329055786,63200
2001-04-17,2.7888400489846443,3.0698859065793447,2.7888400489846443,2.910832643508911,218000
2001-04-18,2.9741459179218155,3.011206890460272,2.932452213365641,2.9803225994110107,268800
2001-04-19,3.0420913892740384,3.0420913892740384,2.9602482185779855,2.988044023513794,147200
2001-04-20,3.060621469905953,3.069886639253766,2.972601624765672,3.042091131210327,138400
2001-04-23,3.028193229921396,3.049812056577767,2.995764695402416,3.042091131210327,83200
2001-04-24,3.0621657341557946,3.1501855798787077,2.933996428280699,3.100770950317383,429600
2001-04-25,3.0961384773254395,3.1084921357491058,3.01120711247954,3.0961384773254395,102000
2001-04-26,3.119301122657031,3.4204215874930552,3.0884168364784936,3.3972585201263428,786400
2001-04-27,3.4667482816836657,3.610359428145546,3.428143068277542,3.598005771636963,390000
2001-04-30,3.66131903637385,3.7709580177140896,3.459027759802883,3.4729256629943848,548800
2001-05-01,3.4574839505051043,3.621170321008601,3.279899969596481,3.505354642868042,281600
2001-05-02,3.5053539591294305,3.630434784653869,3.5053539591294305,3.5856525897979736,132400
2001-05-03,3.5856530254966263,3.7524275779724117,3.400348130820464,3.752427577972412,177600
2001-05-04,3.6968362009263567,3.9917800782095596,3.6489655128080023,3.9840588569641113,367600
2001-05-07,3.968616250713229,4.1307580371618915,3.914568890385536,4.107594966888428,548400
2001-05-08,4.107594990599364,4.130758061006536,3.9686162736219166,4.013398170471191,421200
2001-05-09,3.8250055414230615,3.9377327211843793,3.7369856806632797,3.883685350418091,453200
2001-05-10,3.8450787393839567,4.084431210777301,3.821915672999922,4.075165748596191,230000
2001-05-11,4.076712355413153,4.207970200387184,4.044284102584913,4.102963924407959,329200
2001-05-14,4.121494458107269,4.325330026412303,4.022664868524122,4.323785781860352,212800
2001-05-15,4.367022347727437,4.36856659178504,4.076710944655667,4.163186550140381,345600
2001-05-16,4.141567444038797,4.246573676622608,4.059724576227734,4.223410606384277,284400
2001-05-17,4.169363686496712,4.478205441052024,4.138479393227401,4.416437149047852,478400
2001-05-18,4.416434831844842,4.655786948228812,4.246571897055753,4.526073455810547,451600
2001-05-21,4.632626018813658,4.8426384925842285,4.547694659615847,4.8426384925842285,638000
2001-05-22,4.943011713120482,4.998603319712389,4.8503594281798765,4.87815523147583,617600
2001-05-23,4.910584583486647,4.941468881811769,4.439600948502761,4.510634422302246,581200
2001-05-24,4.524531298826831,4.7716047456731365,4.402538966689647,4.740720748901367,516800
2001-05-25,4.78241372345312,4.848814737536285,4.652700183042843,4.756162166595459,310800
2001-05-29,4.736088535481057,4.794768341947383,4.570858236328167,4.7314558029174805,426800
2001-05-30,4.729910564836346,4.787046409643354,4.646523457955285,4.702115058898926,137600
2001-05-31,4.6573321647699935,4.702114346418915,4.552325954247074,4.648066997528076,196800
2001-06-01,4.5832114303232645,4.586299918385651,4.220322329956987,4.32996129989624,507200
2001-06-04,4.345402699633269,4.547694228684122,4.3284166061239375,4.439599514007568,248400
2001-06-05,4.5523257286179915,4.632624626159668,4.54923724151231,4.632624626159668,230000
2001-06-06,4.63725959512587,4.770061364893049,4.309887167266357,4.346948146820068,228800
2001-06-07,4.3531249855312435,4.356213179494948,3.8914065582945305,3.9840588569641113,446400
2001-06-08,3.9840589386317906,4.5152668952941895,3.783311894686697,4.5152668952941895,696000
2001-06-11,4.556960962742936,4.97235328156308,4.493648414966032,4.85190486907959,913600
2001-06-12,4.859625521255604,5.327520945072662,4.791680538658638,5.065005302429199,1566400
2001-06-13,5.254941427556332,5.292002691385278,4.751529707071313,4.864256858825684,811600
2001-06-14,4.841095463266329,5.026400373793834,4.841095463266329,4.873523712158203,314000
2001-06-15,4.972352122202889,4.989338512121076,4.439600003918852,4.524531364440918,428800
2001-06-18,4.47820622212178,4.524532375571308,4.2697379425299005,4.28518009185791,457200
2001-06-19,4.417981609830601,4.5121781493061155,4.266648918830687,4.445777416229248,293600
2001-06-20,4.183261400579458,4.207968716268186,4.016486872413326,4.169363498687744,540800
2001-06-21,4.195614578584355,4.439599514007568,4.194070334713615,4.439599514007568,221600
2001-06-22,4.473573153160519,4.555416332281376,4.4411449070869295,4.546151161193848,414800
2001-06-25,4.617182934236069,4.694393352181603,4.493646383336962,4.6388020515441895,372400
2001-06-26,4.567769243930105,5.055739455674204,4.56468075589518,5.018678188323975,488600
2001-06-27,5.021766721592328,5.1113305191364296,5.003236382284731,5.0588274002075195,407800
2001-06-28,5.000147365344694,5.358403695765224,4.864256850301761,5.123683929443359,599200
2001-06-29,5.049562231661656,5.2503092315238,4.524531072881744,4.7530741691589355,1034800
2001-07-02,4.657330939939763,4.716011004286485,4.311428410355309,4.527617454528809,609600
2001-07-03,4.431879259759183,4.648068427288655,4.357757015420537,4.623361110687256,189600
2001-07-05,4.450408700001843,4.63262534399099,4.447320212417596,4.462762355804443,150200
2001-07-06,4.354668884999095,4.601742054601907,4.308342444797729,4.434967517852783,374000
2001-07-09,4.595563664494511,4.716012010807026,4.4565849846165895,4.632624626159668,338800
2001-07-10,4.644980456903332,4.771605542235311,4.493648052215576,4.493648052215576,216600
2001-07-11,4.493647615322434,4.583211712912912,3.9717048819747376,4.360845565795898,564400
2001-07-12,4.385553445186014,4.539974343217455,4.024208520229684,4.126126289367676,286400
2001-07-13,3.4127006709524292,3.50535323516371,3.0884168434801382,3.147096633911133,1843000
2001-07-16,2.9865002424038747,3.2150431046982666,2.82899085303835,3.039003372192383,1187200
2001-07-17,3.035913946819604,3.0884170604093146,2.8259014924607615,2.8938467502593994,492200
2001-07-18,2.887671812010147,3.1656293973809873,2.859875994566147,3.1409220695495605,389800
2001-07-19,3.150185320935273,3.1748926336850087,2.915465555278386,2.937084674835205,530600
2001-07-20,2.9062001837550024,3.060621024928249,2.896935015754234,2.903111696243286,268800
2001-07-23,3.1193019081690063,3.1193019081690063,2.65295077773456,2.7116305828094482,328600
2001-07-24,2.6282436883565823,2.856786540943812,2.6220667112158287,2.7486917972564697,268000
2001-07-25,2.816636550116951,2.853697522476255,2.6282432003235487,2.6930999755859375,159200
2001-07-26,2.6992774144299108,2.7116310753493003,2.4707345401539524,2.625155448913574,511400
2001-07-27,2.622065992626148,2.7795753321354106,2.612800823988662,2.770310163497925,135000
2001-07-30,2.779576075454462,2.8938475009901192,2.723984459694339,2.801194906234741,201000
2001-07-31,2.881493115880826,2.88458160365316,2.662215491130003,2.696187973022461,267600
2001-08-01,2.788841265067926,2.8660517121204614,2.7023656468387407,2.7486917972564697,176400
2001-08-02,2.84134361864878,2.84134361864878,2.6560387729201382,2.7950174808502197,163200
2001-08-03,2.785752312197388,2.8506087873016117,2.736337392135349,2.7950174808502197,240800
2001-08-06,2.8197252886612256,2.8536977760422815,2.723984213991773,2.779575824737549,81200
2001-08-07,2.751780019364661,2.8320789472120143,2.736337872542562,2.779575824737549,265000
2001-08-08,2.7579574294790885,2.8969361836575884,2.7579574294790885,2.859875202178955,269400
2001-08-09,2.84752149679227,3.0698873821582673,2.8413445193759674,2.989588737487793,114200
2001-08-10,3.023560510287181,3.134743426516758,2.8104598472135534,3.026648998260498,129000
2001-08-13,3.0729753700306635,3.1193018094991336,2.933996640694146,3.1038596630096436,79200
2001-08-14,3.2273962458566707,3.2335732222662457,3.0884175165201535,3.1038596630096436,374000
2001-08-15,3.119301325241941,3.2304842325436307,3.001941442489624,3.001941442489624,164000
2001-08-16,2.9679701068210185,3.0853300465235733,2.825902842395247,3.008119583129883,194400
2001-08-17,2.872227704729265,3.026648545902512,2.8598740492167805,2.903111696243286,193600
2001-08-20,2.8753174843047975,3.144009833342757,2.872228995405226,3.11930251121521,85800
2001-08-21,3.1347436377683713,3.4127013888756323,3.1162132977485535,3.221219539642334,188800
2001-08-22,3.26136903286249,3.381817127719749,3.1594509836636946,3.2891645431518555,106400
2001-08-23,3.273721260586529,3.316958898498546,3.24283698104853,3.30460524559021,141400
2001-08-24,3.292253007636925,3.5269728083082548,3.292253007636925,3.406524419784546,241800
2001-08-27,3.4590277372993743,3.6165371094220378,3.3972594427025835,3.551680326461792,173400
2001-08-28,3.5516803408573656,3.6134486357045144,3.474469898664814,3.536238193511963,678400
2001-08-29,3.5053529709035463,3.5516791022495795,3.4065234390793235,3.452849864959717,328400
2001-08-30,3.3972585000301567,3.4528500970089246,3.3818163570322346,3.428142786026001,156000
2001-08-31,3.397258769819334,3.459027052181896,3.3046061990082896,3.3818166255950928,92000
2001-09-04,3.36637472977177,3.4497621380150916,3.2737224466584234,3.3540210723876953,93600
2001-09-05,3.3756394386291504,3.397258260581858,3.292252049038376,3.3756394386291504,691400
2001-09-06,3.3972600324173716,3.3972600324173716,3.08841821128852,3.11930251121521,775400
2001-09-07,3.0822403282046777,3.0884173041895817,2.9031121481244364,2.9339964389801025,178000
2001-09-10,2.903112335526485,3.1347436482929956,2.856786190786961,3.13165545463562,70400
2001-09-17,2.9247307679109857,3.0698861442472323,2.779575097040364,2.9401729106903076,131200
2001-09-18,3.0328254742785847,3.1501853585067505,3.011206648998324,3.057532787322998,87400
2001-09-19,3.0884172842090103,3.1347434256583755,2.6807462969444367,2.8876702785491943,114800
2001-09-20,2.856786540943812,2.9278200108555934,2.717807795156144,2.7486917972564697,88800
2001-09-21,2.6869235481732274,2.8413444451318557,2.470734351338046,2.5325026512145996,260400
2001-09-24,2.625154227944109,2.7486907796806714,2.4738218784332275,2.4738218784332275,341800
2001-09-25,2.2452798084668424,2.563386917114258,2.2421914671443535,2.563386917114258,618600
2001-09-26,2.563386917114258,2.563386917114258,2.4861764695778916,2.563386917114258,46000
2001-09-27,2.5633869551595296,2.5633869551595296,2.2391030117869377,2.4707343578338623,83000
2001-09-28,2.563386427368269,2.9031121549015317,2.3008708380855616,2.7178072929382324,268800
2001-10-01,2.625154715091239,2.779575580684841,2.5633864277606833,2.5788285732269287,187600
2001-10-02,2.594270204664557,2.625154492984012,2.4707336404555407,2.6128008365631104,149000
2001-10-03,2.6128014439141,3.0915062569351446,2.551033147451426,3.0884177684783936,61400
2001-10-04,3.085328588131564,3.088417075895717,2.992676016947812,3.057532787322998,56800
2001-10-05,2.9834113366846915,3.0729754347692513,2.615889774071347,2.656039237976074,155000
2001-10-08,2.9092893867880574,2.9092893867880574,2.625154945585463,2.779575824737549,58200
2001-10-09,2.838255164523851,2.838255164523851,2.5788283774322123,2.581916570663452,101400
2001-10-10,2.578828839474547,2.6405971331822844,2.5479445453534493,2.6220664978027344,56600
2001-10-11,2.007471596270887,2.044532575011751,1.85305070425005,1.9148190021514893,3067600
2001-10-12,1.9889409685628805,1.9920293096095287,1.8839347221667344,1.8993768692016602,714200
2001-10-15,1.9611454818783114,2.0846822364550226,1.8839350286762735,2.022913932800293,1315800
2001-10-16,2.069239837256495,2.161892428827421,2.01673685911802,2.1464502811431885,418000
2001-10-17,2.1588034612233233,2.208218234484599,2.069239377975464,2.069239377975464,281600
2001-10-18,2.0939465820416405,2.0939465820416405,2.0105593372456165,2.019824504852295,66800
2001-10-19,2.022913932800293,2.0815937476386597,1.9457034795982553,2.022913932800293,91400
2001-10-22,1.976587416160299,2.022913712489688,1.9395264380036823,1.9518800973892212,64000
2001-10-23,2.007471682073329,2.007471682073329,1.9302612327628166,1.9951180219650269,51800
2001-10-24,1.973498455774461,2.038355225673513,1.9364374864799174,2.0074710845947266,263600
2001-10-25,2.1155657641047,2.1155657641047,2.0105596788727134,2.0167365074157715,49200
2001-10-26,2.0692395966227135,2.2391026123268065,2.007471307603344,2.1865994930267334,133400
2001-10-29,2.239102249439785,2.239102249439785,2.140272855758667,2.140272855758667,46800
2001-10-30,2.1371850052439005,2.1588038342179736,2.010559930622409,2.038355588912964,57400
2001-10-31,2.026001214981079,2.152626244896404,2.0229128750468193,2.026001214981079,57400
2001-11-01,2.044532161346606,2.1433615652602387,2.0383553328062045,2.118654251098633,121000
2001-11-02,2.1001236573462254,2.1001236573462254,2.0229132309330145,2.0970351696014404,82800
2001-11-05,2.1001235320864113,2.161891810625991,2.0877698763784953,2.131007671356201,34600
2001-11-06,2.1155651979153554,2.16189147322358,2.0568852688272266,2.1588029861450195,29400
2001-11-07,2.152626610202814,2.3039591216096187,2.106300472457025,2.1773340702056885,49200
2001-11-08,2.1773339584579245,2.25454438042782,2.0476204259857496,2.090858221054077,45400
2001-11-09,2.118654128824862,2.1773340702056885,2.0846815001797103,2.1773340702056885,59200
2001-11-12,2.177334081428853,2.239102363586426,2.0568857103207847,2.239102363586426,154400
2001-11-13,2.1711570406675653,2.4861755433668358,2.1711570406675653,2.4583797454833984,445600
2001-11-14,2.4707336448115904,2.5788283595858585,2.399700046632569,2.4830873012542725,158600
2001-11-15,2.4676453857414207,2.5850052800897174,2.4552917281539384,2.5479443073272705,158200
2001-11-16,2.5880942367631365,2.5880942367631365,2.504706812047309,2.563386917114258,97200
2001-11-19,2.4954414087188983,2.779575852788972,2.4830877500434365,2.6622159481048584,102200
2001-11-20,2.702364919248248,2.702364919248248,2.563386210879504,2.6128008365631104,103800
2001-11-21,2.612801792501982,2.612801792501982,2.5602986598703676,2.6004481315612793,40000
2001-11-23,2.5479445592764245,2.6097128533216885,2.501618412376091,2.594270706176758,13600
2001-11-26,2.609712825091232,2.609712825091232,2.4522036033460433,2.5016183853149414,65800
2001-11-27,2.439849615097046,2.5170598977552685,2.337931871158231,2.439849615097046,136000
2001-11-28,2.4398502078143878,2.4707343578338623,2.415142887798808,2.4707343578338623,38000
2001-11-29,2.4089655827010596,2.510883331298828,2.4089655827010596,2.510883331298828,49800
2001-11-30,2.510883360796164,2.572651649378872,2.4398497552924407,2.5294137001037598,39800
2001-12-03,2.5788278927338966,2.6251540223738123,2.547943609951053,2.597358226776123,50000
2001-12-04,2.5479440951137233,2.622066034465138,2.5479440951137233,2.6189775466918945,13200
2001-12-05,2.5386795897645964,2.6714813588408597,2.5386795897645964,2.64986252784729,102000
2001-12-06,2.569563360770332,2.6683929247084293,2.47073409136669,2.6375086307525635,82000
2001-12-07,2.5170599864038428,2.6900114851231454,2.5170599864038428,2.6683926582336426,27600
2001-12-10,2.6683922275188574,2.748690840661906,2.6683922275188574,2.6838340759277344,51400
2001-12-11,2.591181995814335,2.6838342711444536,2.5386788827089215,2.6035356521606445,79200
2001-12-12,2.649862542170665,2.649862542170665,2.609713074012384,2.6467740535736084,30200
2001-12-13,2.4985303508562056,2.6560397484793024,2.4985303508562056,2.625155448913574,45800
2001-12-14,2.5325021380108255,2.6683926647359333,2.5325021380108255,2.591182231903076,23400
2001-12-17,2.5170598017115573,2.671480655670166,2.5170598017115573,2.671480655670166,27800
2001-12-18,2.5139718225953014,2.702365174438014,2.5139718225953014,2.5479443073272705,89600
2001-12-19,2.520147801154008,2.581916071861832,2.51705931398503,2.5602972507476807,47800
2001-12-20,2.5170605026118396,2.5572099711652214,2.4799995226859073,2.5325026512145996,40600
2001-12-21,2.6220669600500996,2.6405975986964383,2.5325028447508995,2.625155448913574,288200
2001-12-24,2.566475194757233,2.625155000466619,2.566475194757233,2.594270706176758,39800
2001-12-26,2.625154944346453,2.656039237976074,2.5788287984364726,2.656039237976074,70600
2001-12-27,2.646773302631312,2.680746078491211,2.60044716495705,2.680746078491211,30800
2001-12-28,2.6807468059819906,2.7023656368255615,2.5633868915528573,2.7023656368255615,106200
2001-12-31,2.6282432343950974,2.7023651800745943,2.5479443126417602,2.609712600708008,71200
2002-01-02,2.5479440580793224,2.640596628189087,2.5479440580793224,2.640596628189087,84600
2002-01-03,2.6560397484793024,2.7332502028591135,2.5016188397196806,2.625155448913574,62000
2002-01-04,2.6869222934051495,2.748690564436487,2.594269739590969,2.597358226776123,84400
2002-01-07,2.5973586733043974,2.764133181027438,2.5942701855882815,2.7332491874694824,542800
2002-01-08,2.7826638127897314,2.8197247817799185,2.6900112430470644,2.7332491874694824,147800
2002-01-09,2.7548690358344174,2.761045719026858,2.625155448913574,2.625155448913574,34600
2002-01-10,2.7270729898901704,2.7332499670842827,2.625155222463182,2.6467740535736084,41200
2002-01-11,2.6251544930487434,2.7332492076350996,2.6251544930487434,2.6900112628936768,64200
2002-01-14,2.6838345140108073,2.7178072929382324,2.6807463205455724,2.7178072929382324,36200
2002-01-15,2.6900110509187884,2.702364706366517,2.6838340759277344,2.6838340759277344,80400
2002-01-16,2.4707347657302874,2.547945227159359,2.0692403073922083,2.337932825088501,485800
2002-01-17,2.3935232275436014,2.408965371789473,2.331754945094518,2.3780810832977295,220200
2002-01-18,2.2946943216637954,2.3379322759405103,2.1618924122153427,2.2113070487976074,169800
2002-01-22,2.2113069290899716,2.2607217102644332,2.180422782897949,2.180422782897949,34600
2002-01-23,2.1804227694884357,2.208218574523926,2.1618922818871837,2.208218574523926,26400
2002-01-24,2.2699865000632453,2.294693812876185,2.1711572488114865,2.214395046234131,31800
2002-01-25,2.288517368203641,2.288517368203641,2.1649807834355506,2.180422782897949,21800
2002-01-28,2.2082182155094743,2.2082182155094743,2.100123648442689,2.124830961227417,82600
2002-01-29,2.161892050881443,2.161892050881443,2.0785047919524184,2.118654251098633,117200
2002-01-30,2.115566273577287,2.1557157424096003,1.9765875242558881,2.063063144683838,94600
2002-01-31,2.0074717832529845,2.1557158592915875,2.0074717832529845,2.022913932800293,66400
2002-02-01,2.0846817725415927,2.0846817725415927,1.9920291904106342,1.9982060194015503,53400
2002-02-04,1.880846482976683,2.013648395053418,1.8684928235866258,1.9395264387130737,65000
2002-02-05,1.9395263334782227,1.9734988213239824,1.853050575172588,1.9549683332443237,111000
2002-02-06,1.9395263198492543,2.1279196876355644,1.9395263198492543,2.038355588912964,128000
2002-02-07,2.038355458793898,2.1618921845047563,2.038355458793898,2.084681749343872,53200
2002-02-08,2.121743029250646,2.273075580596924,2.0846820503660535,2.273075580596924,80800
2002-02-11,2.1804219730404233,2.316312313079834,2.1804219730404233,2.316312313079834,50000
2002-02-12,2.28542887453272,2.4151424271405144,2.28542887453272,2.3688161373138428,62400
2002-02-13,2.2576338441421546,2.260722333246057,2.0692402795548333,2.161892890930176,151400
2002-02-14,2.084682430539812,2.1866002146923296,2.022914121134428,2.161892890930176,106000
2002-02-15,2.1557160599896372,2.161892890930176,2.0877709196437144,2.161892890930176,37400
2002-02-19,2.15880344951438,2.1618919372558594,1.8870228607538593,2.0074710845947266,98800
2002-02-20,1.979675290510504,2.044532060623169,1.9395259806094458,2.044532060623169,67800
2002-02-21,2.0105595723362057,2.0507088821050274,1.9611447993429465,2.0074710845947266,57400
2002-02-22,1.9765867123977006,2.0352666472196703,1.8962878077148415,2.019824504852295,97600
2002-02-25,2.0661511405590223,2.131007914045371,1.992029050602963,2.053797483444214,63200
2002-02-26,2.053797873040505,2.075416703458811,1.9765874277928712,1.9920294284820557,49200
2002-02-27,1.9765876666203865,2.0723286126235894,1.9704108361449302,1.9796760082244873,55600
2002-02-28,1.9827635269389425,2.0785044260965724,1.9765866994857788,1.9765866994857788,49800
2002-03-01,1.9765868217010436,2.063062411392249,1.9487910228095604,1.9889404773712158,57000
2002-03-04,2.053797376610922,2.053797376610922,1.9518796370816487,2.044532060623169,23800
2002-03-05,2.0414437156001206,2.1310077984580698,1.9951174302987538,2.0970351696014404,47000
2002-03-06,2.118653818879413,2.2977819572749545,2.0970348497648144,2.2946934700012207,73800
2002-03-07,2.29778253982957,2.316313026368452,2.2916057109832764,2.2916057109832764,29000
2002-03-08,2.2946938287212766,2.31631280121548,2.2946938287212766,2.300870656967163,37800
2002-03-11,2.347197779966916,2.393524081974716,2.291606305917908,2.297783136367798,58600
2002-03-12,2.291605488231934,2.3441086019555706,2.266898175248388,2.300870656967163,20000
2002-03-13,2.2329260925972942,2.3780816655247587,2.168069306513234,2.374993324279785,61400
2002-03-14,2.374992731600287,2.3935232162475586,2.2977823052697204,2.3935232162475586,60000
2002-03-15,2.164981054097475,2.4676458718851166,2.161892565458543,2.4460270404815674,77200
2002-03-18,2.310135948719389,2.4274958314264725,2.307047460995266,2.3966116905212402,13800
2002-03-19,2.3935242874889897,2.439850593474488,2.3935242874889897,2.3997011184692383,8400
2002-03-20,2.393523935912587,2.393523935912587,2.353374466804753,2.3564629554748535,14000
2002-03-21,2.3502860991242898,2.4707343578338623,2.331755609112605,2.4707343578338623,33800
2002-03-22,2.4552921760975663,2.5448562835805006,2.362639727287932,2.5263259410858154,47600
2002-03-25,2.4336724296640777,2.5633859564773838,2.408965119274341,2.5386786460876465,55800
2002-03-26,2.495441451268954,2.5695634045855855,2.4089658390662168,2.4676456451416016,122400
2002-03-27,2.408965838862273,2.532502427712867,2.408965838862273,2.479999303817749,55800
2002-03-28,2.4244078390402333,2.479999304027707,2.4089658390662168,2.4676456451416016,33800
2002-04-01,2.4120538131983844,2.4676452697284996,2.408965472580315,2.439849615097046,42400
2002-04-02,2.479998926735192,2.479998926735192,2.408965472580315,2.439849615097046,123800
2002-04-03,2.4552924633026123,2.4707346135441672,2.412054648800422,2.4552924633026123,109800
2002-04-04,2.4120532343755823,2.45529102352319,2.356461791185801,2.4305837154388428,61400
2002-04-05,2.396611825780542,2.4707337681363732,2.396611825780542,2.4120538234710693,37400
2002-04-08,2.4614680856553433,2.4614680856553433,2.393522981933503,2.4583797454833984,6800
2002-04-09,2.442938542759975,2.5325026512145996,2.442938542759975,2.5325026512145996,57600
2002-04-10,2.4707338506514254,2.6251547163171396,2.4707338506514254,2.591182231903076,141000
2002-04-11,2.6220669600500996,2.751780546970943,2.5788292940994912,2.625155448913574,107000
2002-04-12,2.5973586755238096,2.74560284614563,2.5973586755238096,2.74560284614563,136200
2002-04-15,2.7394260988304375,2.810459849605041,2.736337610854493,2.785752534866333,42200
2002-04-16,2.7795755737706234,2.9339964389801025,2.7795755737706234,2.9339964389801025,83600
2002-04-17,2.8938474568907533,2.964881219783368,2.7919296925733073,2.810460329055786,37600
2002-04-18,2.8413443565368652,2.8413443565368652,2.7950182067075513,2.8413443565368652,13600
2002-04-19,2.8382553779775543,2.9278194681761645,2.8259017205203123,2.8444323539733887,32600
2002-04-22,2.856785762759767,2.9556150138150423,2.7950174808502197,2.7950174808502197,25000
2002-04-23,2.8506095275958323,2.8506095275958323,2.764133910465024,2.8413443565368652,76800
2002-04-24,2.8536980334449726,2.8536980334449726,2.7981067122193295,2.801194906234741,58400
2002-04-25,2.8536975348676434,2.8536975348676434,2.7981062233545106,2.816636562347412,58600
2002-04-26,2.8506087987479987,2.903111912215536,2.810459636246378,2.856785774230957,68600
2002-04-29,2.8104603098344296,2.90311260800973,2.7795760140863477,2.9000244140625,45800
2002-04-30,2.9247319410451866,3.0729758643060374,2.7486919140048087,3.039003372192383,359200
2002-05-01,3.0390024209554762,3.2273957547641774,3.0266487645505515,3.1285665035247803,216200
2002-05-02,3.215042336157176,3.3571095425888924,3.094594250933919,3.3200485706329346,116000
2002-05-03,3.31078315639822,3.31078315639822,3.091505534310006,3.1285665035247803,66400
2002-05-06,3.1131238943882873,3.196511283567039,3.057532301602453,3.072974443435669,25400
2002-05-07,3.0544443166421344,3.0791516274422537,2.887669821474139,2.9092886447906494,58600
2002-05-08,3.0297370156648324,3.0884168053717693,2.9185538221694465,2.9988527297973633,42600
2002-05-09,3.0112077560063066,3.2119548219262555,3.0050307782071637,3.11930251121521,29000
2002-05-10,3.0420914108457535,3.156362825087592,2.995764970779419,2.995764970779419,35600
2002-05-13,2.995764695402416,3.1594507283744195,2.9339964088596244,3.042091131210327,47200
2002-05-14,2.986499554257022,3.2088656824453654,2.986499554257022,3.187246561050415,48800
2002-05-15,3.168716458225988,3.239749920078856,3.103859678278633,3.1501858234405518,27600
2002-05-16,3.1038594177531187,3.150185559026607,2.995764695402416,3.042091131210327,26400
2002-05-17,3.227395232328753,3.239748886733927,2.949437860945168,2.961791515350342,50800
2002-05-20,2.9031128760613165,2.912378342361928,2.75178046089866,2.7981069087982178,52800
2002-05-21,2.896935945393579,2.896935945393579,2.782664521599305,2.810460329055786,36600
2002-05-22,2.7857525522766564,2.8567860089607784,2.7857525522766564,2.8197250366210938,30400
2002-05-23,2.82898999823681,2.869139455622107,2.785752347617571,2.8382551670074463,26400
2002-05-24,2.7826643130088593,2.862963240856213,2.7733988481949283,2.779575824737549,33800
2002-05-28,2.8506095275958323,2.9185548026087065,2.779576058586288,2.8413443565368652,64800
2002-05-29,2.7919294699834745,2.9370851781643466,2.7888409817268824,2.8320789337158203,52400
2002-05-30,2.8722276620679024,2.933995938712877,2.7857520747649374,2.847520351409912,50200
2002-05-31,2.844432592207738,2.881493567683491,2.8166367869673103,2.8320789337158203,21800
2002-06-03,2.810459854786662,2.8413438509997753,2.7888407334496157,2.835167169570923,37600
2002-06-04,2.779576058586288,2.8691401642482446,2.779576058586288,2.8413443565368652,35200
2002-06-05,2.782664547117436,2.856786504658129,2.779576058586288,2.8413443565368652,39000
2002-06-06,2.8104598671697794,2.8691396664073396,2.8104598671697794,2.8197250366210938,40200
2002-06-07,2.779575568988227,2.8845818042755127,2.779575568988227,2.8845818042755127,55200
2002-06-10,2.884581799139444,2.9062006259420654,2.798106197394532,2.835167169570923,30800
2002-06-11,2.9000237442367673,2.9000237442367673,2.7981060041565544,2.8382551670074463,26800
2002-06-12,2.822813503799428,2.9123775932601124,2.822813503799428,2.8876702785491943,62200
2002-06-13,2.887669571709653,2.887669571709653,2.7795748754078304,2.79192852973938,38800
2002-06-14,2.7795753367392324,2.856785762759767,2.7178070548296853,2.7950174808502197,147600
2002-06-17,2.764134115837191,2.9339971687227777,2.764134115837191,2.930908679962158,68400
2002-06-18,2.900024460490772,2.930908462198822,2.832079185477898,2.8413443565368652,39400
2002-06-19,2.8320787113460826,2.8907585109416467,2.8320787113460826,2.8536975383758545,51200
2002-06-20,2.82590197165397,2.9185545580843937,2.8135483130988774,2.8784050941467285,50000
2002-06-21,2.9648809852528473,3.0112071309928017,2.9031123982203053,2.955615520477295,103400
2002-06-24,2.9092889117014744,3.011206651735938,2.8567857978007622,2.992676019668579,47400
2002-06-25,2.995765920768274,3.088418535747611,2.8567871455665403,3.008119583129883,79200
2002-06-26,2.8382560380970525,3.0884180279567253,2.770311053546841,3.035914897918701,60200
2002-06-27,3.0575327894682713,3.0884170780626596,2.9525268562230407,3.0698864459991455,60600
2002-06-28,2.9247319410451866,3.094594990682449,2.7950183609246952,3.039003372192383,98600
2002-07-01,2.825902124381528,3.16562819480896,2.825902124381528,3.16562819480896,178000
2002-07-02,2.961792210100567,3.128566730958036,2.961792210100567,3.0297374725341797,23800
2002-07-03,2.933996665172088,3.0884175422864084,2.918554518553766,3.011207103729248,37400
2002-07-05,2.9370853685112253,3.0884177684783936,2.9370853685112253,3.0884177684783936,14400
2002-07-08,3.0729744049969048,3.0884165466369606,2.8567853056391885,2.961791515350342,34400
2002-07-09,2.872227483206934,3.0884165852688845,2.872227483206934,3.072974443435669,25800
2002-07-10,3.042091149570525,3.0760636337404916,2.918554281204926,2.9494385719299316,13000
2002-07-11,2.918554315174959,3.0112068938939665,2.804282909417473,2.866051197052002,56400
2002-07-12,2.8753166610980028,2.9926762603363937,2.85678602754043,2.866051197052002,33000
2002-07-15,2.8722279184039508,2.927819225078565,2.813547829453455,2.856785774230957,73000
2002-07-16,2.8567860089607784,2.8567860089607784,2.8042828911792856,2.8197250366210938,52200
2002-07-17,2.8567859878933346,2.8938469599597116,2.8289901852099457,2.8876702785491943,27400
2002-07-18,2.816636562347412,2.8876703139120092,2.816636562347412,2.816636562347412,51200
2002-07-19,2.8135486365537847,2.8135486365537847,2.5077953312639782,2.5325026512145996,104800
2002-07-22,2.501618385322556,2.646773801125541,2.501618385322556,2.6375086307525635,66200
2002-07-23,2.7301609776434566,2.7301609776434566,2.5479443073272705,2.5479443073272705,24400
2002-07-24,2.5016180684818163,2.603535813279613,2.269986629486084,2.269986629486084,91800
2002-07-25,2.3008712463866745,2.825902223587036,2.2545450963086493,2.825902223587036,75400
2002-07-26,2.470734296526228,2.7023656368255615,2.470734296526228,2.7023656368255615,22600
2002-07-29,2.714718798601265,3.011206871584842,2.714718798601265,2.9339964389801025,57200
2002-07-30,2.995764707596181,3.026648998260498,2.9123775940576047,3.026648998260498,15400
2002-07-31,3.0297370334142277,3.03591371390328,2.8876698477534655,2.903111696243286,31800
2002-08-01,2.8907589486173917,2.9092895849731355,2.795018161960389,2.9000244140625,23000
2002-08-02,2.822814029573786,2.8567865199953726,2.822814029573786,2.825902223587036,25000
2002-08-05,2.856786264313592,2.88767055795779,2.779575824737549,2.779575824737549,30400
2002-08-06,2.900025111099443,3.011208072353921,2.816637669257676,3.008119583129883,15000
2002-08-07,3.0112068516123838,3.0575329930541892,2.8567859874271333,3.0142953395843506,13200
2002-08-08,2.8475214907132034,3.0420918608939407,2.8475214907132034,3.039003372192383,30600
2002-08-09,2.9309079407263257,3.0173838370056623,2.835167169570923,2.835167169570923,47600
2002-08-12,2.779574861969475,2.7826633491710187,2.609711894831137,2.7147181034088135,34400
2002-08-13,2.6714811184792047,2.8413441461677307,2.6714811184792047,2.6869232654571533,33000
2002-08-14,2.640596872488942,2.856786026389944,2.628243214967011,2.8536975383758545,16200
2002-08-15,2.856786265428561,2.977234657246601,2.856786265428561,2.890758752822876,14400
2002-08-16,2.912377112594404,3.0112063551270607,2.9031116502061853,2.9401729106903076,12600
2002-08-19,2.943262284185546,3.0420918608939407,2.943262284185546,3.039003372192383,23200
2002-08-20,2.9988531820095132,3.042091129837162,2.995764694050162,3.0297374725341797,39400
2002-08-21,3.134743208450773,3.3818166329745627,3.088417070211364,3.2644567489624023,481000
2002-08-22,3.289164523470669,3.289164523470669,3.072975357128815,3.13165545463562,86000
2002-08-23,3.156362794600084,3.1594509882804505,2.8876705051346794,2.96488094329834,49200
2002-08-26,2.8876700858023487,3.08532859029634,2.8876700858023487,3.0698864459991455,50800
2002-08-27,2.95252732692884,2.995764984412849,2.949438838670139,2.9679691791534424,15800
2002-08-28,2.9494390645290367,3.0019421908096757,2.9154662801506976,2.9216432571411133,55600
2002-08-29,3.0420911598938045,3.1069479350088676,2.9494385819387965,3.0482678413391113,48200
2002-08-30,3.0204715531839645,3.0575325195043006,2.9185538221694465,2.9988527297973633,28600
2002-09-03,2.967968682114588,2.9803223385461024,2.856785774230957,2.856785774230957,28400
2002-09-04,2.835166972500847,3.011206651735938,2.835166972500847,2.992676019668579,17400
2002-09-05,3.054444571669592,3.054444571669592,2.8444321177994425,2.856785774230957,23800
2002-09-06,2.9587039954470216,3.0266492641569753,2.8567862396493156,2.995764970779419,46600
2002-09-09,2.924731947289087,3.0081190806677123,2.915466481164633,2.989588737487793,13200
2002-09-10,2.9895883022520833,2.992676495976149,2.8567862524803505,2.955615520477295,27000
2002-09-11,2.9062006181109714,3.042091143592656,2.9062006181109714,3.026648998260498,46400
2002-09-12,2.9463500661681827,3.0482678125973948,2.9339964088596244,3.042091131210327,24600
2002-09-13,3.0050296734700184,3.088417075895717,2.980322360425605,3.057532787322998,34200
2002-09-16,2.983411048933531,3.0575329930541892,2.983411048933531,3.0142953395843506,10600
2002-09-17,3.011206890460272,3.0513563510105404,2.9803225994110107,2.9803225994110107,43600
2002-09-18,2.9648809309806916,3.026649222348113,2.9648809309806916,3.0173840522766113,16400
2002-09-19,2.998853960023293,3.0575337738025685,2.8567867169142835,2.930908679962158,69600
2002-09-20,2.9772343772642973,3.023560518857663,2.9062006263487885,2.9741458892822266,96200
2002-09-23,2.9339962005615234,2.9339962005615234,2.7950174920733843,2.856785774230957,95600
2002-09-24,2.798106212142338,2.91855429871684,2.798106212142338,2.8444323539733887,34600
2002-09-25,2.881493805171115,2.9803230812517914,2.8444328266408614,2.906201124191284,42600
2002-09-26,2.859874929628074,3.0112073298772204,2.859874929628074,2.9772348403930664,34400
2002-09-27,2.9741449401548063,2.9803216196133833,2.903111211908018,2.918553352355957,13200
2002-09-30,2.8876695889193,2.961791515350342,2.8259010223590773,2.961791515350342,61200
2002-10-01,2.9772343675240216,3.0729751383795993,2.8722281327525434,3.0142953395843506,89000
2002-10-02,2.8753166348485246,3.08532881088867,2.8722281468613864,2.8845818042755127,25800
2002-10-03,2.856785085098531,2.9339954928038963,2.8475199186434996,2.918553352355957,27400
2002-10-04,2.9154655545365067,2.9185540422630383,2.779575334447541,2.7826638221740723,29800
2002-10-07,2.7795765430604704,2.8845828151460573,2.7332503851566075,2.7672228813171387,44600
2002-10-08,2.717807321537124,2.866051212667702,2.686923030284372,2.7239840030670166,193800
2002-10-09,2.779575580259332,2.779575580259332,2.7023651474743504,2.7178072929382324,66800
2002-10-10,2.7085419241117967,2.733249237221658,2.6405966657924758,2.696187973022461,130800
2002-10-11,2.6807460767237834,2.7548680147674935,2.6405966199831736,2.74560284614563,121200
2002-10-14,2.7178075319836053,2.8197252886612256,2.7147190437122948,2.779575824737549,25400
2002-10-15,2.7950179204313974,2.96488094329834,2.7950179204313974,2.96488094329834,35200
2002-10-16,2.9617929748788216,2.964881463635666,2.8567867134221108,2.859875202178955,45000
2002-10-17,2.862962736585999,2.9648804753122575,2.8598742488586817,2.937084674835205,28600
2002-10-18,2.937085166803402,2.995764970779419,2.9154660436253326,2.995764970779419,23200
2002-10-21,2.8969352161041613,3.001941442489624,2.887670047462621,3.001941442489624,41200
2002-10-22,2.9772351277679543,3.011207620531272,2.890759209677601,2.930908679962158,13800
2002-10-23,2.872227687902621,3.001941217290986,2.872227687902621,2.9988527297973633,25400
2002-10-24,3.0112068753574417,3.0204720448119793,2.9062006397579307,2.971057415008545,26800
2002-10-25,2.9648809852528473,3.0390029362505553,2.918554544978441,2.955615520477295,41400
2002-10-28,3.020472519504179,3.020472519504179,2.8753170952778233,2.9000244140625,8800
2002-10-29,2.872228866182882,2.986500299515314,2.872228866182882,2.930908679962158,16000
2002-10-30,2.9895884997086197,2.998853670561667,2.8722285889436274,2.9772348403930664,24800
2002-10-31,2.9123773754399735,2.992675994977617,2.856785774230957,2.856785774230957,30000
2002-11-01,2.8506090114831997,3.026648996937794,2.8506090114831997,3.0142953395843506,50600
2002-11-04,3.0266494964675843,3.0266494964675843,2.8722286067961207,2.9000244140625,39200
2002-11-05,2.900024444232221,2.9123781037530776,2.8197255100794156,2.869140148162842,38200
2002-11-06,2.8536975007022876,3.026648998260498,2.8536975007022876,3.026648998260498,30800
2002-11-07,3.0266492641569753,3.0420914108457535,2.995764970779419,2.995764970779419,12800
2002-11-08,2.9988531820095132,3.0729751258274054,2.9988531820095132,3.0297374725341797,13600
2002-11-11,3.0297377385781243,3.0729753956680868,2.9957649571109264,3.011207103729248,28000
2002-11-12,3.011206648998324,3.057532787322998,3.011206648998324,3.057532787322998,13600
2002-11-13,3.0544447885188855,3.088417272483815,3.0112068406717194,3.042091131210327,37400
2002-11-14,3.045179590661997,3.045179590661997,2.9370851534026423,3.011207103729248,38800
2002-11-15,3.0173840939574887,3.0266492641569753,2.9339966785587563,2.995764970779419,35000
2002-11-18,2.9988534726715503,3.026649277930957,2.903112398392977,2.9679691791534424,47200
2002-11-19,2.9679688914848468,3.088417271089739,2.933996407535252,3.0297374725341797,45600
2002-11-20,3.24592704730683,3.551680326461792,3.171805093790681,3.551680326461792,650800
2002-11-21,3.5516798222652706,3.690658539012245,3.440496907774575,3.672128200531006,363600
2002-11-22,3.616536881886481,3.6906588307392245,3.366374936340418,3.573298931121826,159600
2002-11-25,3.551680516479262,3.9315557694739733,3.551680516479262,3.8296380043029785,311600
2002-11-26,3.8697862467276374,4.014941921752948,3.78948763213871,3.9778809547424316,280600
2002-11-27,4.070534454551736,4.169363722614538,3.928467234444233,4.1353912353515625,209800
2002-11-29,4.169363700128955,4.444232968614303,4.153921553443809,4.438055992126465,355800
2002-12-02,4.536886338922238,4.632627435518135,4.2002489926835835,4.228044509887695,414000
2002-12-03,4.240396207505114,4.246573182601766,3.7524263671761706,3.8481674194335938,316800
2002-12-04,3.7369852116299476,4.1631865581806595,3.6258019955432936,4.0612688064575195,457400
2002-12-05,4.15392089189595,4.1693630361218,3.934643268585205,3.934643268585205,179000
2002-12-06,3.841991860286622,3.953175096727399,3.6999246205835683,3.946998119354248,123000
2002-12-09,3.965527313763458,4.011853449064634,3.6906581059158317,3.9222893714904785,214000
2002-12-10,3.845079830911069,4.107595443210413,3.845079830911069,4.058180809020996,283800
2002-12-11,4.070533531972512,4.292899334715,4.0674450444119365,4.262015342712402,474800
2002-12-12,4.3176078552660755,4.3176078552660755,4.169363945255749,4.2249555587768555,170800
2002-12-13,4.1909820819468,4.308341971893375,3.953174108673429,4.132302284240723,202600
2002-12-16,4.135391457146251,4.24657438968001,4.061269207589277,4.2002482414245605,232800
2002-12-17,4.206423757882684,4.317606659600793,4.172451278213525,4.258926868438721,185600
2002-12-18,4.323783634741214,4.323783634741214,4.163185815502892,4.258926868438721,135400
2002-12-19,4.2681936890804595,4.416437909966266,4.2681936890804595,4.299077987670898,335000
2002-12-20,4.4009942781571665,4.4164364222505625,4.200247288546214,4.354668140411377,263000
2002-12-23,4.370109280846757,4.400993564022056,4.246572737214265,4.3392252922058105,402000
2002-12-24,4.33922627011601,4.370110265717131,4.262015839311577,4.308341979980469,179400
2002-12-26,4.317606871176719,4.339225990693211,4.169362994954837,4.175539970397949,136000
2002-12-27,4.160097612190288,4.178627948497004,3.804929494921865,3.9222893714904785,255000
2002-12-30,4.138480201837038,4.138480201837038,3.875964835893323,3.9686174392700195,167200
2002-12-31,3.9717044470924354,4.299076802683872,3.841990900021717,4.132302284240723,421200
2003-01-02,4.132302788941492,4.197159570398164,3.9469976149125814,4.076711177825928,117000
2003-01-03,3.9964119911048424,4.157009837486317,3.9655279937860914,4.119948863983154,140200
2003-01-06,3.87596343615217,4.3206953594043025,3.860521292076982,4.252750396728516,224400
2003-01-07,4.262016270148865,4.456586610788828,4.262016270148865,4.342315196990967,411600
2003-01-08,4.38555236875399,4.447320653898668,4.302165257442278,4.419525146484375,187600
2003-01-09,4.422614213427114,4.8364622474443,4.376288064051537,4.802489757537842,658000
2003-01-10,4.787045684294264,4.787045684294264,4.527618645245723,4.648066997528076,386000
2003-01-13,4.447321111734223,4.725278865301641,4.4102601368321235,4.623361110687256,196200
2003-01-14,4.586300371520222,4.663510813501811,4.512178123371704,4.660422325134277,172600
2003-01-15,4.654243446830757,4.6635089081478025,4.5523257286179915,4.632624626159668,226200
2003-01-16,4.63571617488974,4.725280298366082,4.632627685744289,4.675865650177002,171000
2003-01-17,4.555416077423867,4.709836961404337,4.555416077423867,4.635715007781982,216600
2003-01-21,4.6388025411313665,4.654244390722736,4.323783861289478,4.404082775115967,291600
2003-01-22,4.4164373709337,4.740721288415988,4.400995223523217,4.5060014724731445,362800
2003-01-23,4.570857310755375,4.756162157758321,4.552326678787879,4.706747531890869,189400
2003-01-24,4.660422827642059,4.7252796176811245,4.614096380737302,4.678953170776367,79200
2003-01-27,4.68204137730297,4.719102355872515,4.55541629355674,4.7005720138549805,186600
2003-01-28,4.641891245681247,4.740720802252638,4.614095442099744,4.703659534454346,171200
2003-01-29,4.632626310525281,4.756162894325509,4.518354896876458,4.691306114196777,106600
2003-01-30,4.601741264315327,4.771604260146434,4.543061470245729,4.561592102050781,508600
2003-01-31,4.555415166538196,4.725278163858365,4.5492381910375626,4.706747531890869,216600
2003-02-03,4.787046441526087,4.787046441526087,4.712924502797166,4.759250640869141,304800
2003-02-04,4.7716047456731365,4.7716047456731365,4.543061932517437,4.740720748901367,408600
2003-02-05,4.712924947730412,4.787046893456966,4.712924947730412,4.765428066253662,182800
2003-02-06,4.743809429088387,5.0650048545808115,4.657333816907396,5.009413242340088,446600
2003-02-07,4.966175583516823,5.024855684111912,4.873522994627103,5.009413242340088,329600
2003-02-10,4.913672907016576,5.003237310241161,4.759252009651959,4.941468715667725,313800
2003-02-11,4.938379263165352,4.956909602293065,4.774693226376555,4.817931175231934,500200
2003-02-12,4.753074931915386,4.817931715200042,4.493647798776767,4.533797264099121,377000
2003-02-13,4.555414162220617,4.632624571749781,4.138477832949402,4.320694446563721,377400
2003-02-14,4.320696564834815,4.32378505341839,4.197159966836654,4.314519882202148,188000
2003-02-18,4.308341262453932,4.657332386911871,4.308341262453932,4.6388020515441895,404600
2003-02-19,4.663510319300373,4.94146776316461,4.62644905188634,4.790135383605957,1436000
2003-02-20,4.833373956991258,5.231780153897625,4.787047805717464,5.065005302429199,1667000
2003-02-21,5.2008958002670465,5.203984288860989,4.941468649065586,5.052651882171631,626400
2003-02-24,5.080447758923469,5.126773910319059,4.938380227032155,4.941468715667725,601000
2003-02-25,4.910583452070478,5.052650956005577,4.864257309791002,5.046473979949951,447200
2003-02-26,5.015590661146253,5.018679149772852,4.904407721399084,4.944557189941406,259400
2003-02-27,4.929115048995325,5.136038780212402,4.929115048995325,5.136038780212402,330000
2003-02-28,5.126772439929716,5.25030900457658,4.959997635854845,5.015589237213135,374800
2003-03-03,5.003236770629883,5.083535110218414,4.963087011766706,5.003236770629883,214400
2003-03-04,4.975439163055143,5.05264957544734,4.956908239951553,5.03411865234375,386400
2003-03-05,5.0341200321827,5.132949881951418,4.9661750627187615,5.095888614654541,335000
2003-03-06,5.040297968203533,5.166923056225465,4.966176008561595,5.068093776702881,179400
2003-03-07,5.018677693452065,5.1205954322794165,4.963086092442818,4.997058868408203,126400
2003-03-10,4.978528600954297,5.163833154826942,4.966174649859422,5.160744667053223,225800
2003-03-11,5.117506497888162,5.281192798898824,5.098976162192026,5.197805404663086,419200
2003-03-12,5.108243574068362,5.234868662942798,5.0032373166014175,5.012502193450928,334400
2003-03-13,5.034121539468626,5.1731005971081,4.898231265318885,4.910584926605225,368000
2003-03-14,4.895141919268827,4.9414680645603,4.632626310525281,4.691306114196777,398200
2003-03-17,4.6604204210421205,4.6635089081478025,4.382462766751936,4.632624626159668,615800
2003-03-18,4.629538215279744,5.009413463612381,4.629538215279744,4.830285549163818,632200
2003-03-19,4.864257596381458,4.941468034419259,4.644979940572726,4.672775745391846,209600
2003-03-20,4.6171834443715065,4.879699012204441,4.570857306299532,4.759250640869141,226800
2003-03-21,4.824107882728418,5.089711669752514,4.821019394679032,4.9630866050720215,387000
2003-03-24,4.9599980903258265,5.003236333715635,4.771604738343793,4.817931175231934,156400
2003-03-25,4.787047399259997,4.9260261358154915,4.7808704225295715,4.833373546600342,166800
2003-03-26,4.833373040138917,4.8457266977708375,4.728367097534809,4.814842700958252,85400
2003-03-27,4.802489504346495,4.93529126300448,4.756163062878814,4.867346286773682,87000
2003-03-28,4.82101961142306,5.018678437453635,4.82101961142306,4.92911434173584,176800
2003-03-31,4.756163313627791,4.879700202853452,4.719102335220435,4.802489757537842,179000
2003-04-01,4.808664327564861,4.9044053672924655,4.749984544498123,4.8611674308776855,226200
2003-04-02,4.864256858825684,4.990881910882308,4.8148422330996254,4.864256858825684,141600
2003-04-03,4.879700186878521,4.892053846307197,4.805578230306467,4.830285549163818,106000
2003-04-04,4.833372816103013,4.87352227517936,4.821019159043709,4.824107646942139,63400
2003-04-07,4.8519053739042235,4.956911353301184,4.796313747814718,4.799402236938477,104800
2003-04-08,4.762338859532381,4.833372306500429,4.431878347136984,4.570857048034668,339600
2003-04-09,4.555416584014893,4.570858733037096,4.499824965348758,4.555416584014893,242800
2003-04-10,4.601741291487997,4.607918266970955,4.441143757878308,4.478204727172852,203200
2003-04-11,4.465851306915283,4.475116476095302,4.400994533586319,4.465851306915283,138000
2003-04-14,4.370111580660614,4.68821886335646,4.308343276338196,4.6696882247924805,192400
2003-04-15,4.555414463594445,4.648067020065949,4.490557703517828,4.589386940002441,91600
2003-04-16,4.509089011125858,4.6079182624816895,4.487469891490968,4.6079182624816895,152800
2003-04-17,4.691305118029947,4.725277892261958,4.509088769250629,4.570857048034668,64600
2003-04-21,4.546150671181605,4.604830474457052,4.478205403282842,4.573946475982666,99000
2003-04-22,4.601741277415755,4.6079182528798235,4.385552143258161,4.404082775115967,127800
2003-04-23,4.484383270280509,4.484383270280509,3.9717056128177677,4.092154026031494,741600
2003-04-24,4.092153058539923,4.218778124923951,4.0427384272226865,4.095241546630859,357200
2003-04-25,4.147745116316668,4.302166003214123,4.076711355185916,4.2002482414245605,178400
2003-04-28,4.203336459159191,4.354669153023307,4.203336459159191,4.292900562286377,169200
2003-04-29,4.3392260186847125,4.3392260186847125,4.132302052556042,4.246573448181152,122200
2003-04-30,4.246572737214265,4.434966039887404,4.246572737214265,4.3392252922058105,129600
2003-05-01,4.351581118553945,4.354669607319888,4.246574856787852,4.299077987670898,80400
2003-05-02,4.317607790127296,4.5770349232659155,4.302165937301705,4.533797264099121,210000
2003-05-05,4.447318574125021,4.60173936203956,4.447318574125021,4.527617454528809,120400
2003-05-06,4.555415387088449,4.592476358283344,4.391729357344061,4.518354415893555,218600
2003-05-07,4.527620555005665,4.601742513274517,4.397906980767934,4.5152668952941895,141800
2003-05-08,4.52761935289891,4.561592128986376,4.425701613705314,4.478204727172852,63000
2003-05-09,4.478204251424173,4.530707359313965,4.40099383329617,4.530707359313965,68200
2003-05-12,4.496736104787937,4.539973762201203,4.404083518919657,4.434967517852783,82000
2003-05-13,4.400994287615813,4.570857283939444,4.400994287615813,4.481293201446533,83400
2003-05-14,4.493647615730937,4.570858054851625,4.385552883148193,4.385552883148193,76400
2003-05-15,4.388641576777778,4.57085826875536,4.388641576777778,4.552327632904053,123600
2003-05-16,4.5245306180458496,4.580122216218677,4.472027507445819,4.570857048034668,105200
2003-05-19,4.555415394413909,4.555415394413909,4.456586137735265,4.465851306915283,110800
2003-05-20,4.462762355804443,4.536884290620047,4.416436220178288,4.462762355804443,138600
2003-05-21,4.462763309943428,4.506001261763999,4.39481804123523,4.487470626831055,171200
2003-05-22,4.493648282460573,4.558505072726232,4.465852473127505,4.555416584014893,107800
2003-05-23,4.555415842766183,4.632626280779169,4.52453154974721,4.623361110687256,148400
2003-05-27,4.63262674641996,4.895142379864215,4.617184598358332,4.7963128089904785,215200
2003-05-28,4.7870457165105185,4.926024404212017,4.694393159864734,4.827195167541504,128400
2003-05-29,4.8024895204000595,4.941468256198758,4.6604222962529676,4.7160139083862305,140800
2003-05-30,4.712923582371602,4.9044053672924655,4.691304466897039,4.8611674308776855,92400
2003-06-02,4.864258019000513,5.142215502272467,4.824108552388435,4.93220329284668,203600
2003-06-03,4.941468196191687,5.173099517888172,4.864257755626192,5.148392200469971,252800
2003-06-04,5.327519466476537,5.830931191654768,5.312077616693984,5.778428077697754,1530800
2003-06-05,5.86799245582923,5.985352045755538,5.642538150218621,5.778428077697754,559200
2003-06-06,5.701217574282596,5.815489263976834,5.250308969101059,5.512824535369873,706400
2003-06-09,5.463411916854752,5.466500405718227,5.12368579976978,5.250310897827148,445800
2003-06-10,5.253396559810552,5.488116285509552,5.253396559810552,5.429436206817627,410600
2003-06-11,5.444879033202182,5.481940297218725,5.265750866771309,5.321342468261719,379800
2003-06-12,5.349138722979308,5.404730329187684,5.262663414716374,5.352227210998535,272800
2003-06-13,5.302811136786935,5.358402727856817,5.2503080328952345,5.278103828430176,474000
2003-06-16,5.250308044747625,5.355314252768073,4.947643369426896,5.194716453552246,512200
2003-06-17,5.163834582231686,5.250310496593348,4.941468702676092,5.065005302429199,512800
2003-06-18,5.12677245211409,5.327519443775944,5.061915387352342,5.321342468261719,222600
2003-06-19,5.293547630571659,5.349139242175851,5.200895337277281,5.244132995605469,179600
2003-06-20,5.2348671548965235,5.2348671548965235,4.9414672984250165,5.015589237213135,216800
2003-06-23,5.018678184810585,5.018678184810585,4.666598501505325,4.817931175231934,274600
2003-06-24,4.864258273168998,5.061916833544904,4.833373975843019,5.012502193450928,273400
2003-06-25,5.061914448948002,5.188539478171164,4.984704036540284,5.114417552947998,285800
2003-06-26,5.173099991990536,5.225603119949616,4.97235294593604,5.052651882171631,184600
2003-06-27,5.018680053430845,5.250311440512268,5.006326096700011,5.166923999786377,165400
2003-06-30,5.173099041481079,5.185452993586921,5.003236323507751,5.021766662597656,99200
2003-07-01,5.018678233529584,5.0588274002075195,4.854992195151798,5.0588274002075195,128400
2003-07-02,5.034121411147056,5.080448155225352,4.993972233890756,5.055740833282471,72200
2003-07-03,5.031033531634444,5.173100486111847,4.9847067873692685,5.1700119972229,109000
2003-07-07,5.2132472070744384,5.250308467209696,5.0094117490023855,5.234866619110107,243200
2003-07-08,5.247220965787687,5.590035477449715,5.154568681642258,5.556062698364258,456400
2003-07-09,5.590034538983347,5.590034538983347,5.342960840960011,5.367668151855469,306600
2003-07-10,5.349139185536777,5.466499384140502,5.327520356601593,5.355316162109375,151200
2003-07-11,5.330608789989635,5.441792010875721,5.327520301735143,5.417084693908691,170400
2003-07-14,5.417085273180166,5.509737574446999,5.296636574650524,5.370758533477783,167600
2003-07-15,5.373847891967286,5.481942653656006,5.32752173383471,5.481942653656006,187200
2003-07-16,5.435614105177841,5.657979919868875,5.435614105177841,5.5653276443481445,315800
2003-07-17,5.528266859547614,5.559151150419269,5.281193710712076,5.336785316467285,186400
2003-07-18,5.336786346321615,5.392377373735524,5.176188474053076,5.2719292640686035,165200
2003-07-21,5.250308968163452,5.2873702318348785,4.861168350423081,5.281193256378174,196400
2003-07-22,5.17309948998328,5.333697346869747,5.17309948998328,5.253398418426514,139600
2003-07-23,5.250310417820722,5.250310417820722,5.126773819921086,5.129862308502197,315600
2003-07-24,5.126773357389927,5.265751796587692,5.095889063434119,5.1020660400390625,230600
2003-07-25,5.095888555897466,5.225602106337611,5.068092753012517,5.210160255432129,249400
2003-07-28,5.244131069355712,5.244131069355712,5.0279422680553205,5.114417552947998,152600
2003-07-29,5.2781072540875655,5.2781072540875655,5.043387377823434,5.166923999786377,92600
2003-07-30,5.046474006142588,5.228690677247293,5.037208542011059,5.191629409790039,332200
2003-07-31,5.1113304179075945,5.234867581695249,5.1113304179075945,5.182364463806152,74400
2003-08-01,5.2101597819380405,5.231778606868558,5.055738930641426,5.080446243286133,456600
2003-08-04,5.071180824954354,5.1082420887832996,4.7716042883221235,4.787046432495117,294600
2003-08-05,4.8364612834034615,4.997059119024876,4.783958167491415,4.879699230194092,118000
2003-08-06,4.953821236122167,4.953821236122167,4.787046432495117,4.864256858825684,73200
2003-08-07,4.919850162410705,4.919850162410705,4.709837635871617,4.777782917022705,223200
2003-08-08,4.777781263805082,4.867345346567163,4.740720294510538,4.787046432495117,35200
2003-08-11,4.848815428063438,4.876611232757568,4.787047136817838,4.876611232757568,64000
2003-08-12,4.892053162804674,4.895141650863948,4.678952199265732,4.808665752410889,169200
2003-08-13,4.842639011695979,4.888965159036324,4.759251593042006,4.833373546600342,186200
2003-08-14,4.8766102903408575,4.9877931930965715,4.8735218027418234,4.926024913787842,103800
2003-08-15,4.990882385078518,5.086623157885724,4.9414677546574515,5.018678188323975,41400
2003-08-18,5.10206465623205,5.222512722015381,5.024854236818377,5.222512722015381,256800
2003-08-19,5.250308969101059,5.52826638494559,5.173098543084867,5.512824535369873,285200
2003-08-20,5.265750894274171,5.395464435406349,5.086622726907716,5.237955093383789,336400
2003-08-21,5.237954987557428,5.244131962979117,4.901317779504154,4.9785284996032715,272600
2003-08-22,5.012501233667981,5.105154107904946,4.867345829819591,4.938379287719727,187600
2003-08-25,4.867345298288062,4.993970349088696,4.7746927287035215,4.9785284996032715,183600
2003-08-26,4.987794343179696,5.01867863722254,4.814843121236246,4.975440979003906,118800
2003-08-27,5.018678693651576,5.040297523003971,4.879699957965039,4.987794399261475,40800
2003-08-28,4.987795147283791,4.987795147283791,4.848816390754536,4.873523712158203,77600
2003-08-29,4.919849450176658,5.061916380463487,4.895142132341169,5.006324768066406,168400
2003-09-02,5.065005257073785,5.126773850931708,5.003237252284829,5.098978042602539,118000
2003-09-03,5.095888624154556,5.160745105708925,4.953821708900876,5.0433855056762695,347600
2003-09-04,5.024856558899149,5.234869091006084,5.009414114438919,5.216338157653809,120800
2003-09-05,5.210162221159143,5.234869545370979,5.092801989351111,5.151482105255127,160800
2003-09-08,5.142213763306336,5.234866619110107,5.061914857237232,5.234866619110107,114000
2003-09-09,5.219425190529364,5.237955529643372,4.972352038779718,5.095888614654541,298400
2003-09-10,5.092801036820066,5.203984269512735,5.018679078047941,5.105154991149902,138800
2003-09-11,5.018678677362654,5.1947183890252715,5.003236824752182,5.188541412353516,125000
2003-09-12,5.114418905909171,5.225602117690519,5.037208473076315,5.182364463806152,198200
2003-09-15,5.157656185757334,5.203982318992655,5.129860388002392,5.132948875427246,89200
2003-09-16,5.188542346694419,5.234869091006084,5.071182714141791,5.216338157653809,167200
2003-09-17,5.23486811971738,5.24722148392447,5.114419431551991,5.244132995605469,126800
2003-09-18,5.219425678122374,5.271928801407565,5.185453484751189,5.244132995605469,124800
2003-09-19,5.278105806887222,5.2811942952230995,5.1792765364147995,5.188541412353516,91000
2003-09-22,5.188540395425089,5.244131996437376,5.065003831547121,5.0742692947387695,135600
2003-09-23,5.089711583766019,5.18545294447291,5.083534607771603,5.108242511749268,60800
2003-09-24,5.12986282878116,5.210161772827213,5.00014924056354,5.049563884735107,147200
2003-09-25,5.132949889340726,5.132949889340726,5.006324236184278,5.018678188323975,149000
2003-09-26,5.018677711486816,5.065003849471395,4.821018914048182,4.864256858825684,121400
2003-09-29,4.895142132341169,5.083535209935923,4.879699985060373,5.006324768066406,65800
2003-09-30,4.9877948670633145,5.061916827110053,4.864258266985416,4.941468715667725,139400
2003-10-01,4.941467787636466,5.105154120166715,4.941467787636466,5.086623191833496,60200
2003-10-02,5.136038333969952,5.1483922874221575,4.972352574210686,5.006324768066406,73800
2003-10-03,5.0804467088432474,5.151480165572474,4.975440473213585,5.108242511749268,62400
2003-10-06,5.13912621845305,5.157657146453857,5.031032083792613,5.157657146453857,29600
2003-10-07,5.151481559294469,5.308990955352783,5.095889938442239,5.308990955352783,121600
2003-10-08,5.129860909497834,5.296635123912805,5.129860909497834,5.225601673126221,133000
2003-10-09,5.176189429466964,5.305903028846377,5.105155945991568,5.151482105255127,42400
2003-10-10,5.145303698129958,5.157657651339831,4.987794329117541,5.003236770629883,148600
2003-10-13,5.00323685470028,5.0650048545808115,4.981617436219725,5.009413242340088,78800
2003-10-14,5.031033103096832,5.089712619781494,4.96308753146558,5.089712619781494,72000
2003-10-15,5.11133093028216,5.11133093028216,4.944556684961062,4.975440979003906,64200
2003-10-16,4.966176427602794,5.034121415740461,4.966176427602794,5.031033515930176,53200
2003-10-17,4.975441501590012,5.061916827110053,4.910584418381006,4.941468715667725,56400
2003-10-20,4.941467329909058,5.0032359071604455,4.907494848048319,4.9569091796875,60200
2003-10-21,4.941467773720117,4.972352065119639,4.888964655061586,4.913671970367432,100400
2003-10-22,4.926026670664925,4.926026670664925,4.6665995105086635,4.678953170776367,148200
2003-10-23,4.669686553705581,4.6820402101492045,4.419524937088612,4.580122470855713,218800
2003-10-24,4.611006512203693,4.626448361030144,4.4473202049269505,4.49055814743042,102400
2003-10-27,4.53379701437357,4.759251351994955,4.50908969777217,4.623361110687256,79000
2003-10-28,4.700571993283995,4.81484341700696,4.620273059467486,4.802489757537842,80400
2003-10-29,4.780870616914641,4.845727402548808,4.765428763529652,4.830285549163818,79000
2003-10-30,4.802489757537842,4.907496010292587,4.7746939500987065,4.802489757537842,73200
2003-10-31,4.817930734404542,4.848814728303072,4.722189675889973,4.7839579582214355,176800
2003-11-03,4.783958191820122,4.861168622138204,4.722189906472539,4.746897220611572,59600
2003-11-04,4.719103320075179,4.731456982122449,4.626450707453386,4.675865650177002,121600
2003-11-05,4.6202733581384,4.740721766649377,4.6202733581384,4.678953170776367,86800
2003-11-06,4.6758651425633255,4.805578727245173,4.6758651425633255,4.777782917022705,131800
2003-11-07,4.830285296162568,4.910583930975832,4.824108319504531,4.895142078399658,121600
2003-11-10,4.910583473972027,4.910583473972027,4.783958409611236,4.814842700958252,93400
2003-11-11,4.864257372011276,4.950733270689602,4.515266172833955,4.604830265045166,231600
2003-11-12,4.648068933419534,4.694395083458027,4.558504827353161,4.641891956329346,131200
2003-11-13,4.648068169517199,4.790135379363742,4.611007196670418,4.740720748901367,77400
2003-11-14,4.756163381687513,4.780870700979307,4.641891956329346,4.641891956329346,102400
2003-11-17,4.63571523493918,4.817931934090549,4.63262674641996,4.7963128089904785,88600
2003-11-18,4.753073240038619,4.92911289149156,4.7098353017280905,4.827195167541504,273400
2003-11-19,5.299723629232049,5.667245424408231,5.2503090033845226,5.478851795196533,1610600
2003-11-20,5.528266434648655,5.528266434648655,5.404729869725826,5.475763320922852,463800
2003-11-21,5.512824987354317,5.5529741529842065,5.420172115097199,5.5437092781066895,270200
2003-11-24,5.664157867431641,5.7135725013993115,5.620920209977154,5.664157867431641,483800
2003-11-25,5.710484055874593,5.713572544154297,5.565328641141966,5.7043070793151855,192400
2003-11-26,5.716661497847406,5.750634282621082,5.491207136694179,5.6826887130737305,230000
2003-11-28,5.661068936957903,5.7660751732038165,5.645627085950092,5.732102394104004,68600
2003-12-01,5.670333455669369,6.003882447822346,5.670333455669369,5.994616985321045,510800
2003-12-02,5.843285533201964,6.136685411226821,5.750633250177719,5.849462509155273,326200
2003-12-03,5.871080928313346,6.115065570841533,5.871080928313346,6.013147830963135,309800
2003-12-04,6.115066007797661,6.130508447712267,5.945203292218945,6.099624156951904,377200
2003-12-05,6.084181795726238,6.288017272949219,6.053297507556647,6.288017272949219,435800
2003-12-08,6.22624868329854,6.340520372561079,6.195364395194979,6.2911057472229,283800
2003-12-09,6.16757002810935,6.408466824417325,6.149039686568409,6.210808277130127,282200
2003-12-10,6.365228232794627,6.365228232794627,6.065651378208622,6.099624156951904,200600
2003-12-11,6.0131477862793306,6.355962267445033,6.0131477862793306,6.30654764175415,153000
2003-12-12,6.331255468379782,6.37449312210083,6.229337720988129,6.37449312210083,122400
2003-12-15,7.23925018790724,7.56971073890263,6.494941678917014,7.162039756774902,1246000
2003-12-16,7.402935945145481,7.875463997032196,7.334990977628026,7.690158843994141,1134400
2003-12-17,7.921789128276087,7.95267341469058,7.3473439928690825,7.6963348388671875,644400
2003-12-18,7.745751909378423,7.745751909378423,7.498678718117928,7.612949848175049,581800
2003-12-19,7.721042619178037,7.721042619178037,7.446173690437315,7.492499828338623,455000
2003-12-22,7.7210440495772925,7.7210440495772925,7.36896462941862,7.699425220489502,317600
2003-12-23,7.616036837366544,7.705601219734456,7.520296068234751,7.628390789031982,255000
2003-12-24,7.6747160150976725,7.782810723014016,7.6036825686924745,7.6963348388671875,161400
2003-12-26,7.751924157616584,8.020616015571976,7.646917968119264,7.974289894104004,186400
2003-12-29,8.261517075522583,8.261517075522583,8.029885755648117,8.181218147277832,438400
2003-12-30,8.091651948675757,8.18430421357935,7.8291364126905965,7.872374057769775,432200
2003-12-31,7.924880080371831,8.029886333395597,7.76119372381856,7.767370700836182,232400
2004-01-02,7.9217919814448035,8.153423329376341,7.767371082823778,7.980472087860107,247600
2004-01-05,8.196659133044308,8.570357313322647,8.153420893779677,8.212100982666016,678200
2004-01-06,8.153421905057874,8.363434384746496,8.08856542171991,8.122537612915039,402400
2004-01-07,8.159599766853697,8.32946250847101,8.159599766853697,8.162688255310059,226400
2004-01-08,8.276956543736938,8.276956543736938,8.063856214964884,8.22754192352295,215600
2004-01-09,8.292401313190378,8.320197118512684,8.196660533229608,8.242986679077148,178400
2004-01-12,8.511678254247872,8.524032206694962,8.307842751421875,8.403583526611328,231000
2004-01-13,8.446822278193487,8.446822278193487,8.060770077079242,8.175041198730469,405800
2004-01-14,8.215190886939117,8.338727472420453,8.116361618554048,8.165776252746582,219800
2004-01-15,8.184304190585443,8.307840739799401,8.060767641371484,8.168862342834473,233600
2004-01-16,8.209012040276518,8.381963220549828,8.13797859344072,8.363432884216309,276000
2004-01-20,8.36343386646134,8.490058926237971,8.18739417794597,8.483881950378418,416400
2004-01-21,8.415935982804955,8.477704555920939,8.270780601771792,8.314018249511719,207800
2004-01-22,8.317107678607629,8.338726504924939,8.184305643722626,8.215189933776855,307800
2004-01-23,8.209013445514412,8.258428076908555,7.764281173898262,7.961940288543701,453400
2004-01-26,7.724131075797504,7.76119175034173,7.245426081895634,7.705600738525391,554000
2004-01-27,7.637656246253107,7.7828122440491825,7.412201912782504,7.480146884918213,241000
2004-01-28,7.436909781273332,7.48941290561774,7.0354157168059315,7.143509864807129,539600
2004-01-29,7.174392673259717,7.359697814266838,7.109536197895068,7.334990501403809,436200
2004-01-30,7.38131708609497,7.38131708609497,7.035414685079053,7.063210487365723,260000
2004-02-02,7.004532308192028,7.131157402500185,6.952029177205548,7.010709285736084,464000
2004-02-03,7.103360217788165,7.174393678589514,6.98600061251067,7.094094753265381,216000
2004-02-04,7.03541514895507,7.1929245092752065,6.82540266852822,7.115714073181152,344600
2004-02-05,7.504854649627123,7.67780646205891,7.412202355807102,7.634568214416504,946200
2004-02-06,7.683980888673884,7.751926436599523,7.4894108856794785,7.6963348388671875,369200
2004-02-09,7.538826400053822,7.952674355381718,7.538826400053822,7.9094367027282715,425400
2004-02-10,7.909437616971969,8.385053618342342,7.844580541426201,8.165776252746582,592000
2004-02-11,8.227542338681074,8.320195198059082,8.137978555924645,8.320195198059082,452400
2004-02-12,8.391228683250972,8.493146416688484,8.29239943738051,8.363432884216309,3246200
2004-02-13,8.292402796172006,8.332551972668291,8.168866188796114,8.233722686767578,661800
2004-02-17,8.233721687214608,8.32019759641428,8.196661004035418,8.317109107971191,535000
2004-02-18,8.199750090167148,8.276960545212297,7.566624594424542,7.813697814941406,890800
2004-02-19,7.829137812981125,7.893994292199883,7.30410664710568,7.344256401062012,500800
2004-02-20,7.344255491068351,7.721042135201425,7.103358764385311,7.464703559875488,612600
2004-02-23,7.48941132223316,7.671627974724337,7.356609295258017,7.393670558929443,444200
2004-02-24,7.566621775748824,7.566621775748824,7.257780070616219,7.310283184051514,180200
2004-02-25,7.288666279132189,7.427644729614257,7.263958959775223,7.427644729614258,167200
2004-02-26,7.483235824235258,7.483235824235258,7.137333377329485,7.288665771484375,412800
2004-02-27,7.276313319602884,7.344258898924526,7.211456818325723,7.273224830627441,163400
2004-03-01,7.350433713058614,7.696336746304756,7.257781419921227,7.671629428863525,287600
2004-03-02,7.71486660845085,7.717955096572994,7.427643692849172,7.446174621582031,431000
2004-03-03,7.535740429819804,7.535740429819804,7.2145452373841055,7.477060317993164,156400
2004-03-04,7.467794512355011,7.566623790055726,7.270135956953582,7.350434303283691,164400
2004-03-05,7.350432787843198,7.4492626342371,7.276310844849401,7.344256401062012,99800
2004-03-08,7.48014641334076,7.48014641334076,7.257780582040888,7.276310920715332,195800
2004-03-09,7.331902000062776,7.402935450778628,7.143508371663618,7.260868549346924,219400
2004-03-10,7.180571535800366,7.362788236952645,7.180571535800366,7.257781982421875,269200
2004-03-11,7.121888595775966,7.254690605339518,7.0354133069950295,7.078650951385498,295800
2004-03-12,7.026150208679431,7.2268972396850595,6.948939766825811,7.226897239685059,237600
2004-03-15,7.276312386655625,7.276312386655625,6.80069633773141,6.880995273590088,361400
2004-03-16,6.847021542892954,7.050857048440332,6.834667590280928,6.955116271972656,184000
2004-03-17,6.939674783896886,7.1342454407650875,6.939674783896886,7.1002726554870605,148400
2004-03-18,7.100271164368722,7.217631349372182,6.948938790290653,7.063210487365723,233200
2004-03-19,7.066298471319837,7.186747145702166,6.871728442038916,6.9427618980407715,195000
2004-03-22,6.958202836785931,6.998351993539492,6.624653866354056,6.692598819732666,272400
2004-03-23,6.708041649796678,6.794517539638668,6.640096686465062,6.7636332511901855,203000
2004-03-24,6.748191855417882,6.840844137926784,6.723484540810918,6.819225311279297,266200
2004-03-25,6.819225327400817,7.010707457859108,6.803783476635775,6.967469215393066,185800
2004-03-26,6.979823114665231,7.010707405031439,6.853198054325733,6.877905368804932,99600
2004-03-29,6.887169748466297,6.992175974721483,6.887169748466297,6.933496475219727,179200
2004-03-30,6.8933472066910175,7.0076189041137695,6.865551404319776,7.0076189041137695,132200
2004-03-31,7.00761895612643,7.069386948134106,6.9489388630106195,6.970557689666748,94600
2004-04-01,6.927320967766742,7.103360681714731,6.927320967766742,7.072476387023926,184600
2004-04-02,7.162038401449828,7.245425203600537,7.103358319954439,7.223806381225586,188000
2004-04-05,7.310284098992716,7.418378827131819,7.229985174919922,7.368964195251465,157400
2004-04-06,7.415289465651904,7.415289465651904,7.162039359825021,7.297929286956787,252000
2004-04-07,7.443085216080362,7.443085216080362,7.155862335879647,7.334990501403809,239800
2004-04-08,7.378228201572181,7.402935514602394,7.168215746280969,7.297929286956787,258800
2004-04-12,7.368963277491275,7.4276427773729665,7.196011498381267,7.334990501403809,129600
2004-04-13,7.316463076459266,7.4399996899501435,7.202191340812056,7.322639465332031,609000
2004-04-14,7.25469349386874,7.3473463832559265,7.19910187805022,7.257781982421875,195800
2004-04-15,7.183659064122821,7.353521788357221,7.168216623421315,7.21145486831665,275000
2004-04-16,7.208365883898233,7.25469202467555,7.165128231048584,7.165128231048584,243000
2004-04-19,7.165128299599819,7.291753360501407,7.112625182464854,7.276310920715332,152000
2004-04-20,7.180569657659842,7.375139673064222,7.168215706678584,7.229984283447266,236400
2004-04-21,7.257780540288172,7.257780540288172,6.976734617555712,7.158951282501221,199000
2004-04-22,7.1249775603419225,7.260868066331064,7.1249775603419225,7.236160755157471,98800
2004-04-23,7.2546915919007775,7.282487392522792,7.066297963033527,7.128066539764404,219000
2004-04-26,7.007618969892331,7.149685881951025,6.8779054206319,6.967469215393066,135200
2004-04-27,6.955115855267481,7.100271255348733,6.914966100752788,6.992176532745361,141000
2004-04-28,6.961291300345264,7.001440456961905,6.689510309620234,6.751278877258301,244000
2004-04-29,6.751280396081756,6.899524284880816,6.643185672931623,6.655539035797119,116800
2004-04-30,6.763633748415233,6.763633748415233,6.522737576759086,6.5567097663879395,159600
2004-05-03,6.556711153823503,6.692601708300641,6.494943148384058,6.565976619720459,214600
2004-05-04,6.652451515197754,6.834667604040934,6.572152590264566,6.652451515197754,191400
2004-05-05,6.6061243951688775,6.751280384810872,6.6061243951688775,6.683334827423096,78000
2004-05-06,6.751277941427761,6.751277941427761,6.498027909539714,6.60921049118042,335800
2004-05-07,6.516560538000029,6.677158376935644,6.476410783731703,6.494941711425781,258600
2004-05-10,6.488764732690618,6.544356337610859,6.4424385916133655,6.470234394073486,226200
2004-05-11,6.528913457527774,6.6400966598694655,6.491852782793079,6.53817892074585,209400
2004-05-12,6.562887234321101,6.612301867548125,6.3466977721512015,6.578329086303711,237600
2004-05-13,6.661715934808191,6.661715934808191,6.498030197050944,6.596859455108643,154200
2004-05-14,6.664806392757924,6.695690692297032,6.48567816231392,6.516562461853027,152600
2004-05-17,6.46714638475692,6.544356821956271,6.312725510358218,6.519649505615234,205800
2004-05-18,6.550532757537609,6.640097141265869,6.516560568079344,6.640097141265869,149400
2004-05-19,6.686423714679589,7.010707902953162,6.686423714679589,6.825402736663818,324200
2004-05-20,6.8871693097195354,6.8871693097195354,6.723483594390183,6.7945170402526855,142200
2004-05-21,6.865550020257532,6.918053126477852,6.75127893494013,6.843931198120117,98000
2004-05-24,6.859373027484806,6.927318570101229,6.763632277242881,6.874815464019775,95600
2004-05-25,6.809959387437287,7.412200950274623,6.809959387437287,7.381316661834717,266000
2004-05-26,6.701866135264389,7.010707881791432,6.5412682856937945,6.979823589324951,1021800
2004-05-27,6.939674233562188,7.344257369030098,6.939674233562188,7.316461563110352,404800
2004-05-28,7.257779152996926,7.3319010821690735,7.155861426751634,7.223806381225586,306800
2004-06-01,7.297929233093184,7.310283184051514,7.134243506376937,7.310283184051514,257600
2004-06-02,7.202189380351595,7.347345377126828,7.168216599988221,7.291753768920898,187600
2004-06-03,7.2577810438190085,7.288665336287334,7.180570607182636,7.279399871826172,159600
2004-06-04,7.359698257940848,7.359698257940848,7.1188015012024275,7.165128231048584,141400
2004-06-07,7.103358319954439,7.294840412117365,7.103358319954439,7.223806381225586,145600
2004-06-08,7.22689812541394,7.4122033263874245,7.199102315814468,7.409114837646484,266000
2004-06-09,7.396760106685578,7.396760106685578,7.226896791695941,7.245427131652832,115000
2004-06-10,7.291755239267704,7.3720541796382815,7.214544787650109,7.307197093963623,133600
2004-06-14,7.251602162878051,7.331901066577634,7.174391746520996,7.174391746520996,138800
2004-06-15,7.331902960443993,7.334991448584295,7.118801991314258,7.21145486831665,167000
2004-06-16,7.254691139509019,7.4585266053137085,7.239249290823633,7.43381929397583,151200
2004-06-17,7.458527994633776,7.557357258394483,7.25778097898623,7.368964195251465,188600
2004-06-18,7.3195496499301385,7.368964282394856,7.1033601910953355,7.124979019165039,230600
2004-06-21,7.112626087166155,7.325726481700011,7.112626087166155,7.282488822937012,90000
2004-06-22,7.106448698372823,7.328814545062169,7.106448698372823,7.245427131652832,119200
2004-06-23,7.106450549436857,7.353523776781812,7.106450549436857,7.273224830627441,159600
2004-06-24,7.313371676282259,7.3504323510424,7.1990999861227465,7.334990501403809,159600
2004-06-25,7.334992875070889,7.443087624727838,7.211456270778231,7.409114837646484,252000
2004-06-28,7.4152923672519675,7.4152923672519675,7.248517497237505,7.322639465332031,166000
2004-06-29,7.412202782207636,7.594419481062423,7.27940072144205,7.569712162017822,199800
2004-06-30,7.582063585861166,7.705600738525391,7.504853159980425,7.705600738525391,192000
2004-07-01,7.705600251018911,7.705600251018911,7.5511794090271,7.5511794090271,224400
2004-07-02,7.507941224285654,7.62221290733495,7.480145425410656,7.5913286209106445,96800
2004-07-06,7.535738462156319,7.687070846557617,7.535738462156319,7.687070846557617,171400
2004-07-07,7.616037328744752,7.699424740660008,7.612948840629127,7.650010108947754,214600
2004-07-08,7.597507490717449,7.690159784027733,7.523385538255439,7.619126319885254,256800
2004-07-09,7.690160290517195,7.705602733131922,7.6222153102192545,7.662364482879639,47000
2004-07-12,7.591331461068095,7.680895866300581,7.582065994953669,7.643834590911865,205000
2004-07-13,7.69942429906994,7.69942429906994,7.600595041313652,7.616036891937256,115800
2004-07-14,7.520297619004595,7.616038407879215,7.415291364470255,7.427644729614258,240000
2004-07-15,7.36278582725358,7.640743226307078,7.31028271717146,7.464703559875488,156400
2004-07-16,7.585152603652141,7.612948406037144,7.452350567605754,7.5141191482543945,212600
2004-07-19,7.4492616979968655,7.526472119211694,7.4122004366234915,7.46779203414917,106800
2004-07-20,7.4554390747533805,7.560445308685303,7.399847469840147,7.560445308685303,90600
2004-07-21,7.58206453946865,7.58206453946865,7.421467281130444,7.501766204833984,156600
2004-07-22,7.313372095939792,7.483234807986617,7.288664781659002,7.449262619018555,111000
2004-07-23,7.412201910376968,7.5388269792203975,7.279399865231693,7.430732250213623,173600
2004-07-26,7.526472626950461,7.5542678385196105,7.282487396699259,7.461615562438965,119200
2004-07-27,7.353520385839735,7.690157871031137,7.353520385839735,7.668539047241211,117000
2004-07-28,7.575889994714661,7.924880989270494,7.551182672879461,7.8044328689575195,394800
2004-07-29,7.748839344784748,8.026796794443804,7.748839344784748,7.881641387939453,168200
2004-07-30,7.937233030992826,8.014443466745407,7.810607963484104,7.9990010261535645,87800
2004-08-02,7.946498366273554,8.134892028917328,7.946498366273554,8.125626564025879,171200
2004-08-03,8.091652459811217,8.168862881797702,8.029883886594519,8.076210021972656,128600
2004-08-04,8.002089526690325,8.104007278479141,7.900171774901508,7.971205234527588,80400
2004-08-05,7.983559664724117,8.082388934303316,7.87855341852899,7.897083759307861,108600
2004-08-06,7.866199526703309,7.872376503367457,7.257781462938784,7.316461563110352,251800
2004-08-09,7.257780120351247,7.2948413844114,7.072474978188091,7.196011543273926,154600
2004-08-10,7.199102358156334,7.3442583844893194,7.063212387169664,7.304108619689941,116600
2004-08-11,7.3596959238834,7.61294596294781,7.044677323992653,7.548089504241943,163400
2004-08-12,7.467792993370698,7.495588795703847,7.047768059508753,7.162039756774902,114000
2004-08-13,7.34425650600065,7.402936010207825,6.911877615422182,7.016883850097656,210800
2004-08-16,7.019971325501681,7.180569142319304,6.874815946302347,6.9520263671875,265800
2004-08-17,7.057033038735003,7.10027068869815,6.87481638664917,6.933496475219727,224000
2004-08-18,6.757458926899674,7.217633768281989,6.655541147381554,7.208368301391602,506600
2004-08-19,7.057034061614086,7.208366447488714,6.982912112761342,7.146597862243652,185800
2004-08-20,7.18674706640755,7.263957497488675,7.094094195668897,7.239250183105469,259400
2004-08-23,7.304106662460569,7.341167928569798,7.211454380790757,7.239250183105469,189400
2004-08-24,7.322638926730361,7.325727415474096,7.217633254788372,7.2639594078063965,144800
2004-08-25,7.196011543273926,7.2485146570690056,7.134243555265412,7.196011543273926,117800
2004-08-26,7.1280665835076755,7.341167526561266,7.1280665835076755,7.297929286956787,142400
2004-08-27,7.223809664840062,7.350434758367397,7.196013855132208,7.307197093963623,66000
2004-08-30,7.267048413559318,7.331904914584924,7.118803888658293,7.208368301391602,82000
2004-08-31,7.189837956679862,7.27631329138067,7.05703587659615,7.208368301391602,69600
2004-09-01,7.196010104075078,7.582062160926074,7.196010104075078,7.359696388244629,187000
2004-09-02,7.297928767002129,7.520295157499941,7.297928767002129,7.464703559875488,83800
2004-09-03,7.4770569076909394,7.582063127668607,7.365874301708348,7.46779203414917,54600
2004-09-07,7.412201825664488,7.687070788197506,7.412201825664488,7.650010108947754,96800
2004-09-08,7.57897527436341,7.687069393453287,7.498676365133239,7.535737037658691,80800
2004-09-09,7.60677146382864,7.770457790923875,7.41528992329421,7.683981895446777,116200
2004-09-10,7.650009128381305,7.693246778320172,7.532648951306094,7.656186103820801,53000
2004-09-13,7.603684411470514,7.717955533108727,7.538827335374874,7.68089485168457,78200
2004-09-14,7.628389925372839,7.7117767333984375,7.575886814876618,7.7117767333984375,48600
2004-09-15,7.721041671176229,7.721041671176229,7.446172776184349,7.511029243469238,82600
2004-09-16,7.566621324142414,7.566621324142414,7.4739690537600145,7.535737037658691,92800
2004-09-17,7.801342528963843,7.801342528963843,7.443086152827292,7.541915416717529,167000
2004-09-20,7.551179917183641,7.563533279058548,7.443085202701388,7.492499828338623,35600
2004-09-21,7.575889160512979,7.674718436971421,7.464705929962755,7.662364482879639,101000
2004-09-22,7.65618566401874,7.65618566401874,7.4152889373357,7.464703559875488,80200
2004-09-23,7.359698689542504,7.659274967268397,7.359698689542504,7.603683948516846,121200
2004-09-24,7.554270193855462,7.603685424116895,7.458529400178726,7.473971843719482,47200
2004-09-27,7.464706005205582,7.492501813123314,7.381318581452384,7.402937412261963,63400
2004-09-28,7.359697840757768,7.5017653320331545,7.359697840757768,7.483234405517578,43000
2004-09-29,7.378229519072719,7.597507476806641,7.378229519072719,7.597507476806641,98800
2004-09-30,7.480145374018606,7.643831678594681,7.452349575334578,7.5511794090271,85400
2004-10-01,7.470881941294586,7.995912551879883,7.455439500676006,7.995912551879883,211000
2004-10-04,8.026798202423143,8.181219100328326,7.995913905028311,8.060770988464355,147200
2004-10-05,8.029886234218718,8.060770529856425,7.90326115226617,7.983560085296631,67600
2004-10-06,7.87855710081566,8.045331423910454,7.87855710081566,8.011359214782715,91400
2004-10-07,7.921792457579697,8.026798722078855,7.866200836483787,7.884731769561768,94400
2004-10-08,7.844580217483259,7.909437290350746,7.591330080437289,7.609860420227051,166400
2004-10-11,7.591330514078386,7.6530991023311845,7.504854608338251,7.619126319885254,73400
2004-10-12,7.523385077005329,7.662363508450147,7.421467324984913,7.541915416717529,115400
2004-10-13,7.606771855295211,7.606771855295211,7.461616448447777,7.501766204833984,104200
2004-10-14,7.5326504148236655,7.566623197272657,7.470882415634217,7.495589733123779,71800
2004-10-15,7.504851276036045,7.597504117275552,7.4894094303637875,7.548089504241943,65600
2004-10-18,7.504853252423824,7.653097719633182,7.489411402684986,7.606770992279053,54000
2004-10-19,7.643832722207645,7.736485004425049,7.489411859132743,7.736485004425049,97400
2004-10-20,7.736485987502435,7.736485987502435,7.498678275841117,7.631479740142822,252400
2004-10-21,7.609863675346614,7.717958450317384,7.557360532593334,7.717958450317383,110800
2004-10-22,7.674718418678724,7.721044568274581,7.520297527313232,7.520297527313232,103400
2004-10-25,7.507944034896632,7.535739844177035,7.458529393746802,7.523386478424072,115400
2004-10-26,7.578978096984878,7.616038783312757,7.452352416335826,7.523386478424072,127600
2004-10-27,7.6129488237743335,7.6963362355049725,7.458527952748206,7.603683948516846,127400
2004-10-28,7.628391361755743,7.659275065100347,7.517208144694748,7.582064628601074,85200
2004-10-29,7.582065035147928,7.637656646659223,7.5419158652058345,7.6222147941589355,54800
2004-11-01,7.529563316812499,7.906350714436999,7.529563316812499,7.813697814941406,148400
2004-11-02,7.822960358472397,7.884728935055585,7.612947904972122,7.646920680999756,98000
2004-11-03,7.67780541082395,7.974293181708441,7.67780541082395,7.9094367027282715,119000
2004-11-04,7.8445810052951614,8.079300826123701,7.8445810052951614,8.042240142822266,82200
2004-11-05,7.946496432671957,8.335637027390565,7.946496432671957,8.298576354980469,325400
2004-11-08,8.27386762768552,8.323282241821289,8.261513679617245,8.323282241821289,118400
2004-11-09,8.273871948223235,8.388143082182756,8.267694970963538,8.335639953613281,166800
2004-11-10,8.375788732074295,8.493148340866863,8.273870975546648,8.490059852600098,167200
2004-11-11,8.49314873512704,8.903908268572245,8.412849803670294,8.851405143737793,320600
2004-11-12,8.780369314773104,8.98111629486084,8.7031588925033,8.98111629486084,178200
2004-11-15,9.015089587641944,9.246720867773051,8.786546795267508,9.126272201538086,235200
2004-11-16,9.00273702189903,9.240545314135904,8.885377414430996,9.206572532653809,242600
2004-11-17,8.632126316833265,8.882287945302817,8.122537007152816,8.83905029296875,541000
2004-11-18,8.839049865513516,8.839049865513516,8.14106754079694,8.261515617370605,385000
2004-11-19,8.159598876041386,8.196660144402678,7.798254013061523,7.798254013061523,225200
2004-11-22,7.727220106859167,8.026796368276324,7.597506558695985,8.02061939239502,246400
2004-11-23,7.918700647939963,8.076209978635447,7.779722242551314,7.955761909484863,107800
2004-11-24,7.983559136399933,8.079299911335376,7.924879040569686,8.0576810836792,85200
2004-11-26,7.9990000821903235,8.02988437066047,7.804430066245364,7.816783428192139,64400
2004-11-29,7.782813506638071,8.181219117766785,7.74575223187148,8.032975196838379,156000
2004-11-30,8.002089963246432,8.233721283500348,7.995912986663122,8.005178451538086,175400
2004-12-01,8.11327315777574,8.298578331160117,7.915614031266916,8.110184669494629,150200
2004-12-02,8.08238933796434,8.218279884957015,8.005178893615835,8.134892463684082,110200
2004-12-03,8.032972355040293,8.175039248404236,7.980469244651712,8.054591178894043,112600
2004-12-06,8.039155033476712,8.122541900489514,7.890910470752332,8.011359214782715,109400
2004-12-07,7.943411392244234,8.097832302125825,7.72104549407959,7.72104549407959,114200
2004-12-08,7.721044933809291,7.958853259147173,7.721044933809291,7.8353166580200195,99400
2004-12-09,7.727220050945936,7.94032041568939,7.5975065037213465,7.779723167419434,110000
2004-12-10,7.717954100796611,7.924878065731706,7.717954100796611,7.782811164855957,106400
2004-12-13,7.813694886623743,7.949585401515204,7.7735457242372314,7.829137325286865,105400
2004-12-14,7.804429582804945,7.9773807628280915,7.804429582804945,7.844578742980957,108800
2004-12-15,7.986649174253153,7.986649174253153,7.755017823158284,7.788990020751953,92200
2004-12-16,7.801342073232306,7.912525283148266,7.646921210157404,7.736485004425049,157800
2004-12-17,7.742665275060276,7.9217935288888395,7.727223417809351,7.838406085968018,244000
2004-12-20,7.721043120627589,7.974293240733159,7.6407442014848,7.693247318267822,145400
2004-12-21,7.804429544371102,7.921789125827379,7.643831726320391,7.8013410568237305,109600
2004-12-22,7.714868030528757,7.847670098915875,7.714868030528757,7.795166969299316,71400
2004-12-23,7.792077077035377,7.804431029575854,7.745750933146347,7.764281272888184,134200
2004-12-27,7.721044601041874,7.788989581466219,7.6345686894453815,7.659276008605957,110200
2004-12-28,7.6253027823507775,7.773546677278723,7.622214294239503,7.702513217926025,132800
2004-12-29,7.900172687681191,7.903261176161194,7.755017263534726,7.807520389556885,117200
2004-12-30,7.900171792794117,7.937233061287114,7.79207706451416,7.79207706451416,103000
2004-12-31,7.795165575149652,7.872376011419838,7.680894459348351,7.687070846557617,161200
2005-01-03,7.6870723302126525,7.801344057138022,7.452352487960565,7.507944107055664,308000
2005-01-04,7.582066648197392,7.582066648197392,7.297932142633856,7.322639465332031,164800
2005-01-05,7.288665345542916,7.415290414661852,7.1774821281433105,7.1774821281433105,201800
2005-01-06,7.165129749648211,7.257782050839857,7.1126266218878875,7.121891498565674,126400
2005-01-07,7.19601434553775,7.310286080909722,6.979825419716693,7.208368301391602,210400
2005-01-10,7.146596917239592,7.356609372419913,7.103359266726752,7.196011543273926,222000
2005-01-11,7.109535307526718,7.368962354633371,7.109535307526718,7.220717906951904,188600
2005-01-12,7.205277388329291,7.301018157710057,7.103359643099744,7.2176313400268555,128600
2005-01-13,7.118802070617676,7.2979302612684664,7.050857097980785,7.118802070617676,108400
2005-01-14,7.103361158379826,7.171306140003849,7.013796756673238,7.097184181213379,86000
2005-01-18,7.060120675204535,7.223806381225586,7.060120675204535,7.223806381225586,103400
2005-01-19,7.229984223362155,7.229984223362155,6.98291109647835,6.985999584197998,88600
2005-01-20,7.05703506264109,7.05703506264109,6.936586363234688,6.964382171630859,63000
2005-01-21,6.97982361102687,7.177482140916702,6.970558146537452,7.149686336517334,124600
2005-01-24,7.149686336517334,7.3473454554760504,7.100271704044876,7.149686336517334,180000
2005-01-25,7.270135473956812,7.359699280021988,7.18983654389246,7.205278396606445,165200
2005-01-26,7.294841361085549,7.381316661834717,7.239249759707481,7.381316661834717,75000
2005-01-27,7.418379336053363,7.418379336053363,7.2577814768903135,7.31337308883667,78200
2005-01-28,7.242340530966964,7.563535700435862,7.233075064792951,7.489413738250732,150200
2005-01-31,7.551179458508466,7.745749461502871,7.415288951725954,7.6963348388671875,128800
2005-02-01,7.751929339304215,7.826051301012657,7.597508438477712,7.643834590911865,97600
2005-02-02,7.643832206726074,7.875463485717773,7.643832206726074,7.875463485717773,148800
2005-02-03,7.875465895658028,7.906350193454798,7.708691040996864,7.893996238708496,192600
2005-02-04,7.906346797943115,7.906346797943115,7.736483527545972,7.906346797943115,135400
2005-02-07,7.918702079405211,7.918702079405211,7.745750868758378,7.853845596313477,125000
2005-02-08,7.764281185804617,7.934144496917725,7.7611926977041374,7.934144496917725,88800
2005-02-09,7.776633750387703,7.937231568539072,7.591328620910645,7.5913286209106445,194600
2005-02-10,6.942764161873629,7.297932146761678,6.816139059340229,7.109539031982422,591200
2005-02-11,6.992176477370408,7.146597340132608,6.853198054325733,6.877905368804932,529000
2005-02-14,6.948937897520315,6.948937897520315,6.661715036838473,6.686422348022461,358800
2005-02-15,6.677158832550049,6.751280781177525,6.655539415431762,6.677158832550049,218200
2005-02-16,6.640096646620738,7.016883314038634,6.640096646620738,6.695688247680664,524600
2005-02-17,6.670980948194248,6.819224825270634,6.491852782793079,6.53817892074585,325600
2005-02-18,6.667893926224805,6.7883420291932755,6.6246562665066735,6.732750415802002,206400
2005-02-22,6.5628886506671,6.748193859793857,6.485678195953369,6.485678195953369,206600
2005-02-23,6.5783281405905525,6.81613639697589,6.541267465532647,6.704953193664551,218000
2005-02-24,6.816138671737554,6.850111459435773,6.698779042795807,6.831581115722656,148200
2005-02-25,6.847021571322959,7.019972785127276,6.701866161942233,6.973646640777588,165600
2005-02-28,6.813049276067892,6.930409478457041,6.701866639519505,6.74819278717041,136600
2005-03-01,6.701867129288481,6.914967541869699,6.670982832241227,6.86555290222168,215600
2005-03-02,6.924230567765975,7.053944098401221,6.84702014688949,7.0045294761657715,264800
2005-03-03,6.88408240183759,7.069386967435393,6.88408240183759,7.016883850097656,138000
2005-03-04,7.01070792984737,7.162040315994685,7.007619441672663,7.118802070617676,73200
2005-03-07,7.128067038400766,7.186747131493123,6.757456730227465,6.819225311279297,238400
2005-03-08,6.803783504937212,6.828490819705361,6.692600293946116,6.708042144775391,134600
2005-03-09,6.661717381113912,6.809961300385258,6.593772398715122,6.71730899810791,89400
2005-03-10,6.658627903591517,6.813048777165979,6.655539415431762,6.677158832550049,533000
2005-03-11,6.646275128444613,6.751281378897413,6.6092138563152405,6.627744197845459,69800
2005-03-14,6.587594489075836,6.794518484671777,6.581417512713237,6.7914299964904785,83400
2005-03-15,6.794517985314577,6.8501095903545295,6.593770980834961,6.593770980834961,83000
2005-03-16,6.587593506833968,6.7852520084141785,6.562886194136442,6.701865196228027,79600
2005-03-17,6.60921330645066,6.65245155184914,6.519649505615234,6.519649505615234,115200
2005-03-18,6.606124781878268,6.732749851062057,6.448615420171117,6.652451515197754,330600
2005-03-21,6.58141891397322,6.637010534934927,6.4918550939219255,6.62156867980957,102600
2005-03-22,6.556709245030849,6.7142185850110385,6.507294619437315,6.695688247680664,85800
2005-03-23,6.618480224531712,6.692602189833508,6.519650937462652,6.590684413909912,84600
2005-03-24,6.674070343243442,6.698777659448355,6.569064102105341,6.652451515197754,103000
2005-03-28,6.652452509368385,6.695690171921381,6.485677658260021,6.66789436340332,110200
2005-03-29,6.686422757624073,6.769810158879025,6.677157883530501,6.701865196228027,89400
2005-03-30,6.751278917083628,6.88716882417903,6.686421861774199,6.874815464019775,64000
2005-03-31,6.806871005479573,6.865550501373567,6.640096213186079,6.686422348022461,137600
2005-04-01,6.78834200751552,6.794518984332365,6.498031165950949,6.541268825531006,84200
2005-04-04,6.5103840827941895,6.593771496880229,6.46096944979555,6.5103840827941895,124400
2005-04-05,6.442440548966353,6.516562515023584,6.383760438270161,6.457882404327393,115000
2005-04-06,6.550534684059927,6.56288863954632,6.377583430733561,6.393025875091553,142400
2005-04-07,6.451703498988388,6.640097141265869,6.3899355069295485,6.640097141265869,122800
2005-04-08,6.55362271696083,6.612302823300468,6.485677733720024,6.603037357330322,118200
2005-04-11,6.485677733720024,6.717309081352883,6.485677733720024,6.603037357330322,97000
2005-04-12,6.63701004658235,6.87790685666817,6.4640588078142835,6.86555290222168,157600
2005-04-13,6.797606492979507,6.797606492979507,6.562886709390685,6.640097141265869,82000
2005-04-14,6.674068987891724,6.791428568764776,6.606123440324747,6.6339192390441895,121000
2005-04-15,6.680244362417753,6.680244362417753,6.377579698931737,6.402287006378174,78400
2005-04-18,6.454793464986775,6.476412296611147,6.325079886171564,6.355964183807373,97400
2005-04-19,6.321991819895413,6.485678195953369,6.303461475703443,6.485678195953369,69200
2005-04-20,6.433174129209009,6.467146912852925,6.189189434051514,6.189189434051514,73200
2005-04-21,6.291108063848195,6.590684413909912,6.254046786662789,6.590684413909912,83800
2005-04-22,6.519650954037848,6.556711642248458,6.343611212364903,6.420821666717529,105800
2005-04-25,6.38993594454996,6.454792429013823,6.337432823716359,6.44552755355835,98400
2005-04-26,6.3806705420051255,6.439350639758298,6.1830120094498815,6.207719326019287,77000
2005-04-27,6.207722155604841,6.315816935768268,6.099627375441414,6.281844139099121,77200
2005-04-28,6.278752372203791,6.4146428988812545,6.139773357525835,6.167569160461426,76800
2005-04-29,6.2324256720577145,6.300370634775775,6.059474483004325,6.288017272949219,122400
2005-05-02,6.2571334698532155,6.640097141265869,6.247868005963409,6.640097141265869,104800
2005-05-03,6.640095687958826,6.79142803062406,6.581415607637624,6.698775768280029,268000
2005-05-04,6.661715925310314,6.877905368804932,6.661715925310314,6.877905368804932,138600
2005-05-05,6.785254428568175,6.933498946697758,6.748193740837537,6.914968013763428,203800
2005-05-06,6.8470215808027595,6.945850845970628,6.69568919488085,6.871728897094727,137600
2005-05-09,6.825402303334372,6.967469215393066,6.689511778140386,6.967469215393066,167400
2005-05-10,6.850109096023264,6.939672883959694,6.819224807777707,6.902612209320068,84400
2005-05-11,6.902612670504379,7.0076189041137695,6.803783412770561,7.0076189041137695,64800
2005-05-12,6.979823553019192,7.09718315689871,6.979823553019192,7.087918281555176,161200
2005-05-13,6.992175545462517,7.09100479020748,6.887169325653803,7.026148319244385,44600
2005-05-16,6.964381195290842,7.094094753265381,6.945850855314161,7.094094753265381,59600
2005-05-17,7.010708359751046,7.084830313282583,6.87790630543953,7.029238700866699,69200
2005-05-18,7.0076212637022035,7.248517513275146,7.0076212637022035,7.2485175132751465,135800
2005-05-19,7.196012001034278,7.334991013764727,7.196012001034278,7.276310920715332,47400
2005-05-20,7.304107183139422,7.331902987435579,7.01379577664005,7.180570602416992,40800
2005-05-23,6.91805449845483,7.223807734467726,6.828490704827863,7.165128231048584,396600
2005-05-24,6.961293258728268,7.192924568931525,6.9458508179400535,7.1774821281433105,142600
2005-05-25,7.072474938569152,7.103359226934804,6.99217602444598,7.050856113433838,111400
2005-05-26,7.0045294761657715,7.084828384565568,6.930407542812597,7.0045294761657715,89800
2005-05-27,6.936585390791377,7.131156022287629,6.936585390791377,7.094094753265381,107600
2005-05-31,6.992177358213654,7.223808681536834,6.992177358213654,7.192924976348877,174600
2005-06-01,6.698778221338728,6.8995252559758224,6.627744165856026,6.732750415802002,554600
2005-06-02,6.6709819318084085,6.859374999136782,6.6709819318084085,6.834667682647705,224800
2005-06-03,6.77289921314205,6.77289921314205,6.393024027740828,6.430084705352783,187800
2005-06-06,6.37758340846155,6.547446761392136,6.374494919600738,6.516562461853027,128200
2005-06-07,6.501118632115239,6.624655803945037,6.498030732981497,6.507295608520508,197600
2005-06-08,6.48567683281372,6.488765321041423,6.371405124664307,6.371405124664307,116400
2005-06-09,6.408466352283418,6.426996692459165,6.34360986713386,6.380670547485352,69200
2005-06-10,6.3558438649347755,6.408602359373361,6.272050857543945,6.272050857543945,63400
2005-06-13,6.253429452595926,6.272049920812663,6.076533524701886,6.129292011260986,146400
2005-06-14,6.082741330764861,6.346533797647665,6.036189858240622,6.296878814697266,189400
2005-06-15,6.256532207381345,6.340325192142848,6.169635712969348,6.324807643890381,80400
2005-06-16,6.213083481714834,6.383772347678944,6.185152490275781,6.340324401855469,131200
2005-06-17,6.3868783223678856,6.405498793203731,6.219292900977092,6.3279128074646,292400
2005-06-20,6.284463386779561,6.324807829552389,6.213084438524733,6.241015434265137,202000
2005-06-21,6.2068781899392915,6.405498102598459,6.2068781899392915,6.275153636932373,179600
2005-06-22,6.35584373699206,6.35584373699206,6.216189319419343,6.296878814697266,87400
2005-06-23,6.2596390384387455,6.324810999877973,6.244122073886812,6.299983501434326,173800
2005-06-24,6.237912431807946,6.334118873885358,6.178946925790305,6.234808921813965,349400
2005-06-27,6.225497717612854,6.318601231547213,6.175842746954773,6.2503252029418945,112600
2005-06-28,6.272050296743851,6.362050317064818,6.206878358112017,6.265843868255615,99200
2005-06-29,6.268947400108219,6.284464359283447,6.200671359095496,6.284464359283447,91400
2005-06-30,6.253428917426085,6.3434289246504525,6.19136049803745,6.2099809646606445,267000
2005-07-01,6.265844428500777,6.299981860007556,6.160327439623605,6.272050857543945,173600
2005-07-05,6.256531617351576,6.641357898712158,6.256531617351576,6.641357898712158,145000
2005-07-06,6.656877179390953,6.656877179390953,6.455153162128045,6.514118671417236,107600
2005-07-07,6.439634967702021,6.597910404205321,6.343428538745321,6.597910404205322,52400
2005-07-08,6.548255955939921,6.672393388975935,6.368256530054208,6.6351518630981445,79000
2005-07-11,6.582393295911401,6.731358805584093,6.55135938199964,6.628945350646973,92200
2005-07-12,6.594805062202131,6.594805062202131,6.408598683235554,6.479977607727051,153200
2005-07-13,6.430325668935383,6.50791164724175,6.411705199883386,6.44584321975708,55000
2005-07-14,6.523428083328663,6.818254395351997,6.498600598190552,6.762392997741699,175400
2005-07-15,6.700325244528657,6.72825624453487,6.6227392649411865,6.678601264953613,72200
2005-07-18,6.635151604304448,6.718944590310782,6.538945171445665,6.663082599639893,70400
2005-07-19,6.681704947443393,6.805842399597168,6.669290906260984,6.805842399597168,77200
2005-07-20,6.762394491387964,6.81825590133667,6.722049449168596,6.81825590133667,65400
2005-07-21,6.818254221685397,6.8585992539659175,6.784116800448713,6.796530246734619,91800
2005-07-22,6.759290256788237,6.827565700698985,6.517221805212667,6.821358680725098,110000
2005-07-25,6.793428015061449,6.821359014376118,6.557566571923149,6.594808101654053,63600
2005-07-26,6.653774393407104,6.858601351195064,6.597912388204186,6.787222385406494,64000
2005-07-27,6.737566435822383,6.737566435822383,6.331016053284997,6.355843544006348,344400
2005-07-28,6.430326948366999,6.436533969930679,6.213086521045625,6.362051486968994,105200
2005-07-29,6.362048431468924,6.377565385991641,6.293773002861549,6.352737903594971,172200
2005-08-01,6.3527367255737275,6.430322667667888,6.31239229613562,6.34963321685791,70600
2005-08-02,6.306188050497806,6.43342900410445,6.284464071872382,6.386877536773682,232200
2005-08-03,6.3465331203090996,6.399291608054971,6.3154986112937594,6.380670547485352,102200
2005-08-04,6.352739609529863,6.355843119654582,6.206878185272217,6.206878185272217,109800
2005-08-05,6.197567161879276,6.27825664290102,6.16032622721323,6.1634297370910645,82800
2005-08-08,6.206878265491765,6.206878265491765,5.95860337164571,6.144809246063232,147200
2005-08-09,6.169635009248387,6.464461881143381,6.1386011001511225,6.22860050201416,78600
2005-08-10,6.290668251884527,6.355840158336605,6.054806919704793,6.1882548332214355,75200
2005-08-11,6.157224510840822,6.362051486968994,6.126189994956581,6.362051486968994,56600
2005-08-12,6.34653368996757,6.3775676098344585,6.206878682830258,6.225499153137207,58000
2005-08-15,6.256533842648782,6.3465338702345395,6.228602840427968,6.3279128074646,49200
2005-08-16,6.268947884495409,6.362050830608728,6.182051367371308,6.3279128074646,121600
2005-08-17,6.43963475287402,6.7872201180583795,6.411703759603228,6.569979190826416,362400
2005-08-18,6.523429917820808,6.585498352153748,6.42411994934082,6.42411994934082,100000
2005-08-19,6.421014353386951,6.653772238391015,6.421014353386951,6.507910251617432,55200
2005-08-22,6.492394400632902,6.6289458821421325,6.492394400632902,6.5482563972473145,59000
2005-08-23,6.542050338409071,6.613429303711105,6.452050902144354,6.591705322265625,91200
2005-08-24,6.566877264928761,6.81825567305063,6.520325795563088,6.678601264953613,161600
2005-08-25,6.675496618802573,6.687910065618529,6.5979106524175135,6.619634628295898,87800
2005-08-26,6.604117641804488,6.6506691030373535,6.585496583764186,6.6258416175842285,110200
2005-08-29,6.6227377971823875,6.808944225311279,6.579289847661415,6.808944225311279,96800
2005-08-30,6.765496180684143,6.765496180684143,6.6723932557495935,6.709634780883789,48600
2005-08-31,6.728256869699625,6.787222385406494,6.610325838285888,6.787222385406494,107200
2005-09-01,6.737564678376583,6.905150640982645,6.694116728930827,6.883426666259766,145600
2005-09-02,6.85239345589369,6.85239345589369,6.653773544455447,6.700325012207031,59400
2005-09-06,6.659979624677536,6.936186090512189,6.659979624677536,6.933082580566406,177000
2005-09-07,6.886530425480235,7.215494751641529,6.886530425480235,7.047908782958984,193600
2005-09-08,7.013771817963748,7.044806324401768,6.945495785413307,7.004461288452148,66400
2005-09-09,6.961013273501344,7.168943695296874,6.961013273501344,7.134805679321289,97200
2005-09-12,7.066531425045065,7.1379103868493825,6.954807420875477,7.088255405426025,77400
2005-09-13,7.041703224182129,7.109978668770192,7.001358185885628,7.041703224182129,65200
2005-09-14,7.023081297813489,7.103770772519833,7.023081297813489,7.047908782958984,91800
2005-09-15,7.051011557862903,7.134804533472762,6.976529110187654,7.100666522979736,76200
2005-09-16,7.137907950695947,7.215493906681773,7.128597422881455,7.168942451477051,355200
2005-09-19,7.150324225095695,7.21239265414505,7.091358714354864,7.103772163391113,47000
2005-09-20,7.0758424228549766,7.106876938871759,6.98273946673879,7.001359939575195,100000
2005-09-21,6.982736921280624,7.001357387329202,6.855495984736449,6.8679094314575195,123000
2005-09-22,6.836878286927928,6.998256711247348,6.836878286927928,6.905153751373291,78800
2005-09-23,6.895840421435157,6.929978435777441,6.839979023330431,6.892736911773682,75000
2005-09-26,6.892738511879935,6.976531516389961,6.83067008004346,6.951704025268555,55800
2005-09-27,6.976530622154173,7.417218977023261,6.902048158336948,7.28997802734375,398200
2005-09-28,7.293080761764211,7.5258386584162595,7.293080761764211,7.373770236968994,281600
2005-09-29,7.36445849930984,7.479285969929647,7.327217573440711,7.476182460784912,131400
2005-09-30,7.469976683638677,7.4948041689878195,7.314804752223054,7.44204568862915,119600
2005-10-03,7.355150761326732,7.463770654175869,7.327219762612948,7.342736721038818,137600
2005-10-04,7.333424582580779,7.417217560346079,7.20308014781272,7.209287166595459,115000
2005-10-05,7.172045315710813,7.249631264718731,7.047907323751091,7.05411434173584,87400
2005-10-06,7.023081585409359,7.128598549582128,6.80273771971173,6.895840644836426,167800
2005-10-07,6.9206666065275195,7.057218046307219,6.9206666065275195,7.038597583770752,145600
2005-10-10,7.013773070999408,7.07273858457265,6.861704613412906,6.9020490646362305,56800
2005-10-11,6.889633319932263,6.917564312218698,6.641357898712158,6.641357898712158,150600
2005-10-12,6.610322403386699,6.967218230745203,6.610322403386699,6.926873207092285,355600
2005-10-13,6.892737063586885,7.0541160179343265,6.827565135062317,6.95790958404541,91000
2005-10-14,7.05101235290526,7.05101235290526,6.790323460680772,6.892736911773682,188000
2005-10-17,6.85860039931678,6.973427312356085,6.78101442328816,6.92377233505249,74000
2005-10-18,6.87411596371318,6.945494905120059,6.517220664744883,6.725151062011719,114200
2005-10-19,6.700325502875933,6.998255391850884,6.594808519213787,6.995152473449707,75600
2005-10-20,6.948599156916487,7.0292886352753685,6.709634823549219,6.771703243255615,48400
2005-10-21,6.737565709784128,6.852393211955387,6.712738221738182,6.746876239776611,78800
2005-10-24,6.762393062559617,6.874116450785026,6.7406684949133435,6.8679094314575195,59400
2005-10-25,6.8151516226285915,6.886531168061005,6.694117693484849,6.85239315032959,34800
2005-10-26,6.68170261239242,6.762392076077386,6.68170261239242,6.7065300941467285,44800
2005-10-27,6.734462994219478,6.734462994219478,6.371360600670611,6.405498027801514,90600
2005-10-28,6.479979652029212,6.622738137983374,6.408600705019105,6.619634628295898,163400
2005-10-31,6.628944139672782,6.731357575901037,6.628944139672782,6.7065300941467285,84400
2005-11-01,6.718943539056954,6.79342598431988,6.6010131487074535,6.7065300941467285,53200
2005-11-02,6.740667283498335,6.827563762664795,6.70652986720002,6.827563762664795,37600
2005-11-03,6.81515329848945,6.964118853990392,6.771705332099337,6.8492913246154785,90200
2005-11-04,6.85239216296969,6.926874615705523,6.802737194479135,6.883426666259766,75000
2005-11-07,6.836877266197907,7.047910649867916,6.836877266197907,7.010669708251953,153800
2005-11-08,6.970321289900498,7.07273530960083,6.942390893176725,7.07273530960083,155200
2005-11-09,7.091356468383909,7.231010833464232,6.970321974993655,7.150321960449219,148000
2005-11-10,7.150323881700486,7.206185287581937,6.998254846787678,7.193771839141846,63200
2005-11-11,7.137910764359744,7.289979227003142,7.137910764359744,7.243427753448486,35800
2005-11-14,7.168942900498229,7.367562770843506,7.141011907239186,7.367562770843506,200400
2005-11-15,7.324117247082257,7.336530697121772,7.09446279797729,7.311703205108643,163200
2005-11-16,7.603424539755916,8.307905241217853,7.572390035492574,8.227215766906738,900400
2005-11-17,8.158940438146692,8.733076110850357,8.143422889844413,8.515835762023926,882600
2005-11-18,8.574800269029057,8.574800269029057,8.30790496197652,8.379283905029297,270800
2005-11-21,8.320319020714741,8.53445645757355,8.2892845152095,8.494112014770508,223400
2005-11-22,8.43204263790256,8.438249657121084,8.270663689824538,8.376180648803711,272400
2005-11-23,8.320320125363338,8.478595591712972,8.24583765742246,8.252044677734375,249400
2005-11-25,8.255148187890333,8.26445812642417,8.155838230635826,8.252044677734375,93600
2005-11-28,8.177561529850772,8.286182008541646,7.985148059718312,8.199285507202148,263600
2005-11-29,8.2210093967671,8.348250341552722,8.168250912933988,8.311009407043457,190000
2005-11-30,8.258250897020572,8.44445675284434,8.258250897020572,8.410319328308105,246600
2005-12-01,8.348248779812542,8.80755749906198,8.348248779812542,8.77652359008789,543600
2005-12-02,8.717561510983224,8.776527026603357,8.549975495620986,8.689630508422852,223800
2005-12-05,8.45687031801332,8.484801313207345,8.354456866279873,8.385491371154785,194600
2005-12-06,8.376183654319272,8.590321158723022,8.373080143596418,8.416528701782227,137200
2005-12-07,8.38238651869699,8.45376545412131,8.35755903716097,8.36686897277832,147800
2005-12-08,8.342042777342542,8.717559159394103,8.342042777342542,8.633766174316406,284000
2005-12-09,8.652385841457821,8.841695769835216,8.618248422193457,8.72376537322998,353200
2005-12-12,8.785834596160777,8.826179629835494,8.525145703875015,8.633766174316406,168200
2005-12-13,8.5654942295139,9.058941220227043,8.5654942295139,8.97514820098877,253400
2005-12-14,8.953420401806463,9.211005779697159,8.953420401806463,9.024799346923828,251400
2005-12-15,8.953421680480345,8.972042148836762,8.655491227107593,8.773422241210938,218600
2005-12-16,8.757903884968119,9.052730801159177,8.702042485039861,8.981351852416992,421800
2005-12-19,9.046525815299324,9.052732836220239,8.686526888963627,8.80135440826416,228000
2005-12-20,8.726870530226352,8.900662944537258,8.726870530226352,8.84480094909668,156600
2005-12-21,8.807559026022211,8.882042077887942,8.581008136404709,8.757904052734375,142800
2005-12-22,8.714456787350128,9.11169719696045,8.714456787350128,9.11169719696045,223600
2005-12-23,9.148938267224565,9.558592131139989,9.13962832882087,9.456178665161133,255800
2005-12-27,9.406524139153554,9.45928262973399,8.88204333554493,9.093076705932617,230600
2005-12-28,9.03410998545586,9.338246827250053,8.947213491257259,9.313419342041016,142800
2005-12-29,9.254455370473346,9.254455370473346,9.031007966704019,9.17686939239502,152000
2005-12-30,9.124110903624397,9.310317369399188,9.034111476859236,9.17686939239502,141200
2006-01-03,9.124111579301008,9.195490542354793,8.88514660705929,8.909974098205566,185800
2006-01-04,8.875836403426115,9.428248212957893,8.875836403426115,9.350662231445312,208600
2006-01-05,9.3103155630573,9.657900937862365,9.139626681174818,9.583417892456055,268600
2006-01-06,9.52755588222442,9.921692099120875,9.52755588222442,9.831692695617676,209200
2006-01-09,9.806867795043969,9.98997015961743,9.710661347501839,9.884453773498535,165400
2006-01-10,9.766519771878277,9.84720923585897,9.636175344206983,9.744795799255371,163200
2006-01-11,9.713762216093729,9.806865725754404,9.71065929851223,9.77583122253418,179000
2006-01-12,9.785142499473178,9.785142499473178,9.56169453274482,9.698246002197266,115400
2006-01-13,9.667213227404261,9.754109740237974,9.580317306504616,9.6392822265625,137000
2006-01-17,9.61755801208438,9.67031650217445,9.505834011438573,9.592730522155762,264000
2006-01-18,9.481005328279982,9.617556801668748,9.42824684482982,9.595832824707031,96400
2006-01-19,9.62065780547283,9.974449548255265,9.558588808663991,9.943415641784668,129400
2006-01-20,9.993073836655396,9.993073836655396,9.654798937627659,9.710660934448242,107400
2006-01-23,9.766523188846783,9.828592211142766,9.499627813615808,9.571006774902344,83000
2006-01-24,9.561695728900839,10.073763063489036,9.539971749847707,10.064453125,154600
2006-01-25,10.014795902127085,10.09238186246225,9.69824504189548,9.747900009155273,202600
2006-01-26,9.77583122253418,9.856520694133197,9.744796719313955,9.77583122253418,138400
2006-01-27,9.775831669345145,9.912383134594961,9.710659742344468,9.782038688659668,91000
2006-01-30,9.757213250546398,9.775833720462884,9.574110285887766,9.6392822265625,202600
2006-01-31,9.626864771522568,9.744795154501546,9.391003413630791,9.431347846984863,246000
2006-02-01,9.381694261077586,9.43445273822944,9.217212402612438,9.369280815124512,124000
2006-02-02,9.297900390139327,9.425141898551905,9.13031503826187,9.40652084350586,112400
2006-02-03,9.375487970363807,9.512039438057533,9.235833584891228,9.508935928344727,92800
2006-02-06,9.56790259895512,9.602040618036337,9.344455199716132,9.468592643737793,122600
2006-02-07,9.394111038876927,9.651696480820792,9.332042015206614,9.59893798828125,155000
2006-02-08,9.620659549431881,9.806865981678639,9.583418026208957,9.605142593383789,308200
2006-02-09,9.68893528681438,9.68893528681438,9.502729440696376,9.521349906921387,85800
2006-02-10,9.536867153825833,9.54307417340114,9.397212764985222,9.487212181091309,97200
2006-02-13,9.403418490415826,9.481004453511447,8.655489853528742,8.717558860778809,387800
2006-02-14,8.7144538642997,9.279279484551763,8.599626398059945,9.102383613586426,176200
2006-02-15,9.623765795098624,10.529970137198246,9.521352317036484,10.241350173950195,1086200
2006-02-16,10.241347586196964,10.592036486540659,10.241347586196964,10.520657539367676,327800
2006-02-17,10.53307264047616,10.539279661188935,10.194797706772912,10.272383689880371,325800
2006-02-21,10.362382446814147,11.132035163026654,10.210314601491696,11.0575532913208,656400
2006-02-22,11.03893421448947,11.392726128317303,10.874452299712585,11.132037162780762,795800
2006-02-23,11.035829481760235,11.169277453125869,11.01100140156755,11.069966316223145,233800
2006-02-24,11.029624769744595,11.299623687065253,11.014107808311136,11.2406587600708,254000
2006-02-27,11.249967831363694,11.336863755775031,11.159967804584422,11.1785888671875,172200
2006-02-28,11.141344772807997,11.178585703606654,10.930310858502542,10.99858570098877,127200
2006-03-01,10.955137927773745,11.107206938778386,10.75651804848693,10.939620971679688,250000
2006-03-02,10.961347307461349,11.082381248474121,10.852727407544277,11.082381248474121,163400
2006-03-03,10.964450762206772,10.992380577220631,10.858933786860455,10.86203670501709,147200
2006-03-06,10.865140451619586,10.989278496975142,10.787554469239398,10.886865615844727,237800
2006-03-07,10.86203882142053,10.973762838716924,10.799969791381614,10.889969825744629,177600
2006-03-08,10.86824386897967,11.11031173991328,10.83100293126713,11.088587760925293,189800
2006-03-09,11.175484572411253,11.513759508733251,11.091692751810497,11.488932609558105,707400
2006-03-10,11.516863402356122,11.712380409240723,11.439277420053932,11.712380409240723,232400
2006-03-13,11.746515129611819,11.873756070296604,11.724791153192557,11.87065315246582,302400
2006-03-14,11.879965592871836,12.06617266638568,11.799276689723557,11.917207717895508,391200
2006-03-15,11.88617002607595,12.041341961622289,11.839619155732798,11.982377052307129,229800
2006-03-16,12.00099478854783,12.140649742429257,11.935822871359065,12.053753852844238,254800
2006-03-17,12.084793535599742,12.140655543845995,11.917208694729258,12.0910005569458,372600
2006-03-20,12.05065423878629,12.388927954214195,12.044447218704857,12.246170043945312,272800
2006-03-21,11.67203140258789,12.258581040153619,11.603755382513917,11.67203140258789,377600
2006-03-22,11.578932058029547,12.041343834930396,11.557208078382828,11.945137977600098,372400
2006-03-23,11.948240403782052,12.019619360233985,11.721689494034246,11.923412322998047,140200
2006-03-24,11.973067615514084,12.22754950573858,11.848929588340589,12.212031364440918,165000
2006-03-27,12.218242821778757,12.230656865778405,11.582037865151701,11.768243789672852,247000
2006-03-28,11.675136475169205,11.777550524185932,11.327551659830052,11.386516571044922,222200
2006-03-29,11.380311270955803,11.762035344181395,11.11031238509187,11.560311317443848,593400
2006-03-30,11.613067696909214,11.712378830024276,11.27479399619557,11.364792823791504,366000
2006-03-31,11.420657655322877,11.451692762089756,11.141348797630611,11.327554702758789,148600
2006-04-03,11.299619300984258,11.672032150172178,11.280998244171128,11.544791221618652,381000
2006-04-04,11.532377003474265,12.097202695430845,11.47030799893521,12.066168785095215,503600
2006-04-05,12.10341059180175,12.180996557133811,11.66582579468363,11.914100646972656,271600
2006-04-06,11.94823916959532,12.168583036386828,11.879963138359896,12.122032165527344,239600
2006-04-07,12.18099545083348,12.18099545083348,11.923409501068878,12.038237571716309,337000
2006-04-10,12.08479175587027,12.08479175587027,11.90168879666611,12.044447898864746,227000
2006-04-11,12.103414507276188,12.103414507276188,11.591346496882585,11.727898597717285,308800
2006-04-12,11.870653749428476,11.870653749428476,11.541688801029617,11.75272274017334,163600
2006-04-13,11.74031427830897,12.016520253361247,11.619279121900192,11.886175155639648,88000
2006-04-17,11.852035324591212,11.876863409477,11.547898387949768,11.687553405761719,89200
2006-04-18,11.758929086282668,11.991686989602176,11.60686125241329,11.982377052307129,127400
2006-04-19,12.032032451534425,12.032032451534425,11.575826565992493,11.873756408691406,196200
2006-04-20,11.889273813619873,11.926514745684015,11.547894854116938,11.901686668395996,147800
2006-04-21,12.022724468191125,12.103413369754167,11.777552477342107,12.075482368469238,199600
2006-04-24,12.103414239295494,12.103414239295494,11.709277274567068,11.799277305603027,176000
2006-04-25,11.876859981483175,12.013410857337878,11.681343012978108,11.979272842407227,196600
2006-04-26,12.03823730373897,13.205129569476407,12.010306312023216,12.556510925292969,1094400
2006-04-27,12.565826066056681,12.634100924645375,12.177896159130444,12.196516036987305,391600
2006-04-28,12.196515931725887,12.407549893981894,12.044448072489367,12.1716890335083,120000
2006-05-01,12.084787087800283,12.333063073702668,12.013408156207023,12.21823501586914,255200
2006-05-02,12.19961756597746,12.466512291198125,12.18409942587911,12.426168441772461,250600
2006-05-03,12.463409602826962,12.463409602826962,12.21513474696744,12.404444694519043,97000
2006-05-04,12.447888709180097,13.115127099270621,12.447888709180097,12.959955215454102,234000
2006-05-05,13.034438684674688,13.220644478051588,12.724094906468148,12.866852760314941,257000
2006-05-08,12.832720513361759,13.1492714512336,12.720997697525895,13.018927574157715,127000
2006-05-09,13.01892887016652,14.142373631719945,13.01892887016652,13.360306739807129,513800
2006-05-10,12.724099609298992,13.167891470869348,12.475824731744806,13.080995559692383,521800
2006-05-11,13.037541257625158,13.037541257625158,12.677542531757027,12.863749504089355,328400
2006-05-12,12.879271442557457,12.879271442557457,12.646513524920875,12.727202415466309,256000
2006-05-15,12.646508393681582,12.90409428627555,12.606163372844604,12.7365083694458,294200
2006-05-16,12.804788163116484,13.022029119202072,12.649616220750774,12.913409233093262,181400
2006-05-17,12.817203215813516,12.851341235251402,12.351687351918098,12.413756370544434,320800
2006-05-18,12.444790833242331,12.491342895218965,12.16858493131353,12.1716890335083,270400
2006-05-19,12.177893738364256,12.314444612265687,11.948238758213604,12.252375602722168,293800
2006-05-22,12.196516723198338,12.21824070449901,11.762035913316687,11.929620742797852,322600
2006-05-23,12.131343840164105,12.652721718754846,12.122033901432587,12.568928718566895,420400
2006-05-24,13.099613583551605,13.80409426292049,12.978579671847616,13.766853332519531,1435000
2006-05-25,13.819615380336746,14.021339416503906,13.537202440023636,14.021339416503906,1059600
2006-05-26,14.68236963757305,14.943058548541375,14.14547485814728,14.837541580200195,1382000
2006-05-30,14.899610662014215,15.259609551801395,14.46823281468548,14.502370834350586,1171200
2006-05-31,14.483746263674698,14.84995208501105,14.483746263674698,14.78167724609375,695200
2006-06-01,14.818916705769203,15.135467529296875,14.778571679589922,15.135467529296875,478000
2006-06-02,15.278232439683052,15.73754134131145,15.206853473605822,15.439611434936523,738400
2006-06-05,15.554715955775642,15.722707172913374,15.050743491093092,15.078742027282715,600600
2006-06-06,15.178292373818348,15.280952883780728,14.932527572702263,15.07252025604248,447400
2006-06-07,15.044515091113645,16.435106488413375,15.044515091113645,15.579597473144531,1244600
2006-06-08,15.657371834479344,15.977798484385806,14.823639274017484,15.545377731323242,1026400
2006-06-09,15.592045882902038,15.890697310886287,15.480051745749266,15.56093692779541,450800
2006-06-12,15.707151120706547,15.707151120706547,14.640097618103027,14.640097618103027,828000
2006-06-13,14.621433218540128,14.677430291762352,14.061463673048555,14.260563850402832,759000
2006-06-14,14.22634342239345,14.605878880849593,13.843697542830753,14.590324401855469,564400
2006-06-15,14.730313661677318,15.228065220984703,14.711648764412246,15.159624099731445,706200
2006-06-16,15.159620616360307,15.49249132404618,15.159620616360307,15.464492797851562,877400
2006-06-19,15.557822955380832,15.669817075509949,15.144068219048698,15.392943382263184,421200
2006-06-20,15.392947506064218,15.476943118663645,15.274731326843094,15.371170997619629,248400
2006-06-21,15.299616108224706,16.643543243408203,15.243619045364524,16.643543243408203,1202200
2006-06-22,16.727540206475513,17.051078554646445,16.04313252741564,16.43511199951172,960600
2006-06-23,16.568879204258337,16.886195481118634,15.579600582756736,16.38222312927246,860200
2006-06-26,16.64354098889448,16.79908810094022,15.990243592994474,16.680871963500977,636400
2006-06-27,16.799088919857617,17.04174204672407,16.53776971141284,16.811532974243164,637700
2006-06-28,16.90486098357166,17.551936383164797,16.811532949279325,17.2283992767334,765400
2006-06-29,17.28439550736102,17.72614873567498,17.278173480475296,17.514604568481445,764500
2006-06-30,17.76348221365849,18.199014663196397,17.663932142917904,17.962583541870117,1552700
2006-07-03,18.167907519005446,18.758985974504693,18.105688421918536,18.6905460357666,569200
2006-07-05,18.51010520246246,18.690540411041333,17.570600560702957,18.062129974365234,633200
2006-07-06,18.35456117636087,18.777649556065718,17.788369723147156,18.006135940551758,637500
2006-07-07,18.06835550902343,18.155461523605602,17.564381944491142,17.607934951782227,598300
2006-07-10,17.607933016225186,17.670152099828908,16.64976340095701,17.371501922607422,744100
2006-07-11,17.215958489498814,17.49594383223995,16.767983127843564,17.40261459350586,675000
2006-07-12,17.51461023159836,17.96258681837562,17.290623124940403,17.309288024902344,487300
2006-07-13,16.95463958076685,17.07907777715279,15.62937836689039,15.840921401977539,1664800
2006-07-14,15.84092027927937,16.47555289975409,15.573380193453055,16.208011627197266,795500
2006-07-17,16.05868259895451,16.655984092225836,15.716479446673272,16.002685546875,640600
2006-07-18,16.08357580372093,16.78664841076657,16.08357580372093,16.74309539794922,576900
2006-07-19,16.799086837166815,18.19278871384266,16.799086837166815,18.06835174560547,1214800
2006-07-20,18.20524023623765,18.304790326364568,17.421282386440158,17.614160537719727,1117000
2006-07-21,17.61415920006931,17.71370928263622,16.911086593599197,17.12885284423828,538800
2006-07-24,17.20351549339992,18.16790858817452,17.17862856513892,18.118133544921875,677600
2006-07-25,18.167904287673483,18.951860736650644,18.08079709255241,18.603435516357422,609700
2006-07-26,18.60966015608887,18.709210233004804,17.607936172050447,17.831924438476562,830200
2006-07-27,17.831924279815887,18.34211871615319,16.76798239721939,16.873754501342773,779300
2006-07-28,16.911090037938088,17.371509560267885,16.35734244253469,17.296846389770508,710100
2006-07-31,17.29061778671258,17.601712015159542,17.041741454570772,17.50838279724121,418400
2006-08-01,17.45238770013484,17.49594189385963,16.898640291097273,17.09151840209961,355500
2006-08-02,17.116412273392335,17.775932001407362,17.116412273392335,17.296846389770508,382900
2006-08-03,17.20973739358818,17.950142194829617,17.03552415014001,17.63282585144043,371500
2006-08-04,17.85058637919983,18.161680594029306,17.222175922836655,17.527048110961914,425400
2006-08-07,17.52082998318656,17.71993013510655,17.10396359508013,17.421279907226562,322100
2006-08-08,17.520829096873406,17.881698400655996,17.054187694392624,17.15995979309082,332300
2006-08-09,17.371501763947457,17.831921079641322,17.24706359787655,17.50838279724121,466400
2006-08-10,17.421275044725153,18.62832086225128,17.054183797058602,18.311004638671875,891500
2006-08-11,18.32345379334115,18.32345379334115,17.657711029052734,17.657711029052734,347400
2006-08-14,17.950141628655572,19.262958788252874,17.950141628655572,18.267457962036133,869800
2006-08-15,18.77765192648491,19.374952406130042,18.230125300079642,19.269180297851562,998400
2006-08-16,14.621431799810816,14.789423003177166,13.563710726834408,13.937024116516113,13833500
2006-08-17,14.248114132643712,14.76453045753658,14.086345006122668,14.154786109924316,3292600
2006-08-18,14.086349758234997,14.366335107578074,14.086349758234997,14.229454040527344,1041800
2006-08-21,14.111233738031094,14.154786738117693,13.663257310328362,13.84991455078125,1000400
2006-08-22,13.787697458652172,13.968132698433553,13.775253403481646,13.899691581726074,551700
2006-08-23,13.762808011982019,13.986795030337104,13.582372805278828,13.787694931030273,477900
2006-08-24,13.893470666403108,13.949467732422987,13.576154354533964,13.613485336303711,582300
2006-08-25,13.532596892484603,13.532596892484603,12.661533421808631,12.897964477539062,1271300
2006-08-28,12.848196507572668,13.252618928056886,12.848196507572668,13.065962791442871,692300
2006-08-29,13.171726797401442,13.339717928814748,13.08462081225234,13.31482982635498,494000
2006-08-30,13.289946883590757,13.563708972107806,13.215283740621308,13.25883674621582,577200
2006-08-31,13.252616038303582,13.339723244896268,12.947743782055472,12.985075950622559,671300
2006-09-01,13.003741189946336,13.233951488571806,12.960188178870569,13.028629302978516,350900
2006-09-05,13.165508753163422,13.165508753163422,12.586873250019321,12.841970443725586,484100
2006-09-06,12.754864388045839,13.314833806760308,12.748642360570852,13.25883674621582,819200
2006-09-07,13.146843390736095,13.426828709763534,12.87308128627645,13.003740310668945,576800
2006-09-08,12.997515157381125,13.321053406739695,12.87930021708987,12.929075241088867,412700
2006-09-11,12.848195032070402,12.972633233342963,12.331778514231361,12.561988830566406,379700
2006-09-12,12.505990373207089,12.8793037489371,12.375330157672856,12.860637664794922,336200
2006-09-13,12.910410598869335,12.910410598869335,12.574428259436884,12.761085510253906,337100
2006-09-14,12.667759453046264,12.692646378330084,12.468659303853714,12.499768257141113,344500
2006-09-15,12.59309434053768,12.873079623398056,12.499766308494326,12.761085510253906,678700
2006-09-18,12.692643524856877,13.165506866248535,12.692643524856877,13.072178840637207,466200
2006-09-19,13.11573252244695,13.128176576303886,12.530875045204157,12.586872100830078,620200
2006-09-20,12.73619982186317,12.929079136358828,12.505990711534281,12.593096733093262,473200
2006-09-21,12.555762663597546,12.586871610297223,12.232224396307819,12.257112503051758,605800
2006-09-22,12.22600293178717,12.25089103967549,11.392270305213197,11.647367477416992,1124300
2006-09-25,11.547818658454725,12.188673264581851,11.429603693491126,12.026904106140137,689000
2006-09-26,12.039348765599332,12.219782829284668,11.76558546936485,12.219782829284668,561700
2006-09-27,12.2446684361427,12.78597170319222,12.163783276044565,12.68019962310791,656100
2006-09-28,12.673982071134125,13.451717806834461,12.624207031518525,13.389498710632324,897400
2006-09-29,13.395723644670325,13.470385626923814,12.866862992329729,12.873085021972656,589100
2006-10-02,12.804638485962345,13.265057804912304,12.54331928474963,12.605538368225098,385400
2006-10-03,12.51843434115185,12.717534490344402,12.400218182544839,12.499768257141113,536100
2006-10-04,12.41266289706868,13.090848557941477,12.400218840401338,13.053516387939453,290000
2006-10-05,13.103292759061887,13.53260326385498,12.985077768904187,13.53260326385498,412300
2006-10-06,13.532601356506348,14.073905932928028,13.401942326832796,13.999242782592773,980300
2006-10-09,14.03034987460773,14.123679096825494,13.731699686355878,13.818805694580078,557300
2006-10-10,13.89346777460568,13.937020775393648,13.489045527207054,13.688145637512207,880600
2006-10-11,13.582378107719157,13.831253329011382,13.513936976839796,13.66948413848877,421400
2006-10-12,13.83125211912042,13.924580170599786,13.569932862939861,13.594820976257324,374800
2006-10-13,13.563709097471836,13.719256225592984,13.464159030412736,13.538822174072266,481200
2006-10-16,13.582379667003629,13.868587094394874,13.538826646618848,13.70059585571289,238000
2006-10-17,13.569932510726922,13.569932510726922,13.265060250884442,13.476604461669922,361100
2006-10-18,13.545041640044644,13.700588738749621,13.283722466751074,13.345941543579102,326400
2006-10-19,13.408162169229916,13.98057565671808,13.377053217834101,13.949466705322266,341900
2006-10-20,14.017907007999014,14.02412903526275,13.557487671055823,13.737921714782715,342400
2006-10-23,13.68815179653701,13.905918085191715,13.501495655822009,13.70059585571289,187800
2006-10-24,13.688150227578033,14.067685681823782,13.688150227578033,13.744147300720215,176300
2006-10-25,13.793921955057046,14.117460327014737,13.750368940895555,14.092572212219238,226200
2006-10-26,14.179675507951988,14.571653713791642,14.067681395789142,14.534322738647461,346300
2006-10-27,14.528105018241178,14.982302441779284,14.416110872879857,14.602766990661621,430400
2006-10-30,14.615208448607827,14.621430476324555,14.223230196297544,14.515658378601074,252400
2006-10-31,14.577879356078324,14.913860589159752,14.565435299034041,14.752091407775879,366400
2006-11-01,14.664988162124889,14.93252950564462,14.04279943272303,14.055243492126465,436100
2006-11-02,14.092571776405599,14.602766246629209,13.980577636750546,14.385001182556152,289800
2006-11-03,14.503216924366253,14.739649273085027,14.434776980668214,14.521883010864258,193800
2006-11-06,14.640095291672626,14.895192472315346,14.615207182960974,14.864082336425781,306800
2006-11-07,14.901419074027897,15.156516332982035,14.71476176158026,15.150294303894043,330900
2006-11-08,15.144072148922382,15.349394360196568,14.80808970134788,15.336950302124023,515100
2006-11-09,15.554709907424916,16.487992501870412,15.49249083044918,15.984020233154297,866700
2006-11-10,15.984027948955172,16.394672393798828,15.946695772710651,16.394672393798828,418600
2006-11-13,16.487997139616855,16.78664736902855,16.33244999679028,16.69331932067871,457800
2006-11-14,16.755536316826323,16.79908932148665,16.220453832758583,16.593767166137695,654700
2006-11-15,20.283344331369467,21.84503880942444,19.816704138941418,20.905532836914062,4811600
2006-11-16,20.905537215602955,21.63349915376221,20.75621327213422,20.880651473999023,1077300
2006-11-17,20.52600121100308,20.99264262127923,20.270904001657225,20.917978286743164,698200
2006-11-20,20.83087184142551,22.081472124379143,20.824651000405936,22.013031005859375,991400
2006-11-21,22.013030003362573,23.47517204284668,22.013030003362573,23.47517204284668,1063900
2006-11-22,23.487621506164036,24.1720280708664,23.170306339410374,23.276077270507812,1141700
2006-11-24,23.26985528752783,23.61827939496613,23.05208784691767,23.18274688720703,291400
2006-11-27,23.12052735357258,23.12052735357258,21.9383681116109,22.00680923461914,1022800
2006-11-28,21.907246846697205,22.404996952325117,21.807696825571625,22.37388801574707,500300
2006-11-29,22.660107261292456,23.039642680154905,22.51700417070616,22.927648544311523,439400
2006-11-30,23.039637662970858,23.039637662970858,22.39256347545936,22.510778427124023,446800
2006-12-01,22.52944434728016,22.554332456172713,21.84503796695989,22.32412338256836,542400
2006-12-04,22.479677064020326,24.32135493730062,22.479677064020326,23.854713439941406,1044400
2006-12-05,23.966701051801362,24.004033215853127,23.35073339898133,23.63694190979004,515600
2006-12-06,23.680487264763933,23.92314031906247,23.44405504906742,23.456499099731445,454100
2006-12-07,23.524952526242824,23.63694666747977,23.176526045343298,23.18274688720703,316100
2006-12-08,23.076968326118294,23.92314494729565,22.971195061740904,23.70537757873535,319500
2006-12-11,23.786263912684976,23.829816913857698,22.73476629750547,22.964975357055664,790800
2006-12-12,23.966696389868407,24.165796479161287,23.139184715308385,23.40050506591797,1567800
2006-12-13,23.643163047475753,23.81115422762837,23.020974546226388,23.21385383605957,605500
2006-12-14,23.325849626939437,24.918650785211668,23.276073404012955,24.551559448242188,1175100
2006-12-15,24.77554290839909,24.812875068367127,23.873369216918945,23.873369216918945,1137100
2006-12-18,24.1969119838964,24.54533842136224,23.574723442789427,23.668052673339844,589300
2006-12-19,23.643166308855967,23.76138128595425,23.052086676442347,23.257410049438477,563800
2006-12-20,23.238742069719592,24.084918902110076,23.232521228361293,23.33207130432129,392500
2006-12-21,23.38185166873936,23.518731564005506,22.498342511392554,22.647668838500977,550000
2006-12-22,22.734775397990493,22.734775397990493,22.13125160664075,22.485898971557617,419200
2006-12-26,22.43611721940259,22.915202629038077,22.3987850565292,22.747211456298828,271200
2006-12-27,22.8343199201161,23.394288182712067,22.796987753225334,23.356958389282227,240400
2006-12-28,23.35696203687382,23.35696203687382,22.91520867358651,23.10808563232422,284000
2006-12-29,23.151636815998287,23.294739906584585,22.703662646085867,22.927648544311523,379600
2007-01-03,23.101864322694095,23.10808516462434,21.919704985201935,22.349014282226562,809700
2007-01-04,22.274350511763508,22.274350511763508,21.527723747022502,22.00680923461914,542800
2007-01-05,21.801479553227228,21.944582583658228,21.56504732433857,21.72059440612793,520500
2007-01-08,21.77037624541659,22.18724139322983,21.714379186542793,22.081470489501953,570100
2007-01-09,22.137467933040835,22.243238838606608,21.49039132446897,21.78904151916504,453000
2007-01-10,21.776599274043633,21.907258300057265,21.35973408434463,21.820152282714844,697700
2007-01-11,21.826372531271844,22.828093968042026,21.353507967871398,22.678770065307617,863700
2007-01-12,22.76588169970899,23.269855336332245,22.716105470849854,23.170305252075195,637600
2007-01-16,23.20763601462841,23.23252413009218,22.44234426507743,22.716106414794922,532900
2007-01-17,22.635216824579285,22.716099615434793,22.093911155841326,22.429893493652344,631200
2007-01-18,22.286791083628575,22.392564359048006,21.453058428486425,21.552608489990234,446800
2007-01-19,21.490389519236324,21.602383629522233,21.24151319116529,21.42816925048828,470700
2007-01-22,21.403286967383806,21.41572864967887,20.656660236249778,20.917978286743164,511800
2007-01-23,20.737548517735526,21.845043537816384,20.737548517735526,21.733049392700195,724100
2007-01-24,21.77659986106758,22.622776692565687,21.77659986106758,22.560556411743164,491100
2007-01-25,22.61033661855218,22.672554536871548,21.65838870218948,21.92593002319336,986500
2007-01-26,21.938364164456633,22.16235239092504,21.347287023283553,21.72681999206543,354000
2007-01-29,21.627274260885468,21.96947988283803,21.421953261175037,21.863706588745117,334200
2007-01-30,21.894813877681013,21.894813877681013,21.216628273847483,21.30995750427246,473200
2007-01-31,21.372181443685214,21.79526996041185,20.905539906718623,21.509063720703125,649100
2007-02-01,21.61482768327184,21.72059857995266,21.12951908087938,21.42816925048828,497400
2007-02-02,21.527719260564666,21.894810538273894,21.328619147921753,21.446836471557617,415800
2007-02-05,21.378396429032357,22.137467129753976,20.96775212954343,21.894811630249023,490500
2007-02-06,22.075246991065526,22.927644544308166,22.019249932913194,22.828094482421875,829800
2007-02-07,22.940090754293877,23.46272922167183,22.74099061181284,23.226299285888672,605700
2007-02-08,23.226300118689462,23.587168249827762,22.877873670124032,23.263629913330078,408100
2007-02-09,23.29474283853537,23.33207501300228,22.64766842867211,22.772104263305664,538000
2007-02-12,23.33207262896589,24.57644983584407,23.052087282726067,24.12847328186035,1242700
2007-02-13,24.265347145962494,24.265347145962494,23.58094086815282,23.699155807495117,874400
2007-02-14,17.950135691426226,18.94563737509907,17.576822411707635,18.721649169921875,11317100
2007-02-15,18.839866683831296,18.846088710735827,18.043465041005394,18.242565155029297,2579800
2007-02-16,18.205239950170093,18.541221202386335,18.074579717224964,18.447893142700195,1462800
2007-02-20,18.423005114473824,18.47900218428984,18.14924179389892,18.267457962036133,1446100
2007-02-21,18.21767867711174,18.522550882465218,18.12434945800469,18.335893630981445,922100
2007-02-22,18.398112525383976,18.572325720962418,18.236343383789062,18.236343383789062,1013000
2007-02-23,18.25501592135844,18.25501592135844,17.32795493284023,17.64527130126953,1638300
2007-02-26,17.657707884488115,17.875474081747047,17.390167844877183,17.50838279724121,1038300
2007-02-27,17.327949029805083,17.327949029805083,16.79908859592077,16.923526763916016,1275400
2007-02-28,16.892417358148833,16.929748335467632,16.245341942124696,16.593767166137695,1640800
2007-03-01,16.41955495762909,16.51910502767668,15.772479502319744,16.25778579711914,1297400
2007-03-02,16.208009740883437,16.550214123500027,16.176900790977548,16.282672882080078,1126100
2007-03-05,16.046245665257068,16.208013668040056,15.168958587236357,15.193846702575684,1648000
2007-03-06,15.44271919572454,15.691594371522713,15.20628807539889,15.529825210571289,1588900
2007-03-07,15.697818330831812,16.170681816398098,15.648043289547497,15.834700584411621,1602000
2007-03-08,16.22667882152446,16.27645386261043,15.442721034372463,15.473831176757812,1337300
2007-03-09,15.585821861996097,15.74759101867676,15.461384870747414,15.747591018676758,899600
2007-03-12,15.648042506684758,15.872030774623463,15.448942351508368,15.704039573669434,857900
2007-03-13,15.592048558380592,15.797370782815571,15.156517178501032,15.256067276000977,725200
2007-03-14,15.175176712934002,15.355611942543227,14.801864572707268,15.22495174407959,714100
2007-03-15,15.18762085932638,15.486271048007493,15.094292823704826,15.274726867675781,552500
2007-03-16,15.268505934721036,15.343167888074243,14.92007952997157,15.22495174407959,698800
2007-03-19,15.330728375503497,15.386725450473332,15.243622341875179,15.305841445922852,546100
2007-03-20,15.268506285816166,15.312059290728751,15.038296019767731,15.187621116638184,400700
2007-03-21,15.305834438654808,16.413328999404808,15.305834438654808,16.201786041259766,1374900
2007-03-22,16.2888961427535,16.87375370176469,16.239121107097045,16.506662368774414,1464300
2007-03-23,16.469334207314393,16.799094640442444,16.469334207314393,16.736875534057617,623700
2007-03-26,16.736870089570374,16.92352734800543,16.59998904943562,16.80531120300293,899600
2007-03-27,16.71821027601545,16.848869328577088,16.282677727348553,16.33245277404785,537100
2007-03-28,16.33867305963134,16.599992323598432,16.301342075273357,16.4320011138916,459400
2007-03-29,16.631101258287124,16.87997646490812,16.388448080172974,16.74309539794922,680300
2007-03-30,16.72443040432822,17.110187889823926,16.624880315180427,17.072856903076172,651900
2007-04-02,17.091517306157847,17.28439659152282,16.95463626627689,17.222177505493164,704100
2007-04-03,17.265732068120812,17.39017025141207,17.172404024017606,17.259510040283203,751500
2007-04-04,17.265732510733347,17.52705175295961,17.23462355747828,17.427501678466797,834800
2007-04-05,17.452384240741207,17.495938425832733,17.315503219215582,17.365278244018555,634200
2007-04-09,13.93702271108405,14.123679980467355,13.451716421494403,13.769031524658203,6561900
2007-04-10,13.744143281876564,14.204562603404382,13.625927141284324,14.0614595413208,2161800
2007-04-11,14.123675072563486,14.459656141933065,13.84991188463752,14.316553115844727,1806900
2007-04-12,14.366333447759368,14.621430653585618,14.229452396523234,14.615208625793457,875200
2007-04-13,14.552992284654135,14.901418786473824,14.447220165660779,14.795646667480469,1242600
2007-04-16,14.882752986763922,15.20006934986727,14.752092749377505,15.150294303894043,696200
2007-04-17,15.137844875198759,15.287169960141734,14.96363168273348,15.112957954406738,700100
2007-04-18,15.019632181013675,15.19384541341542,14.75209089746943,14.994745254516602,674100
2007-04-19,14.926302409626368,15.405387853469023,14.752089197302562,15.094293594360352,740600
2007-04-20,15.324502961466388,15.430275058964705,15.137846877283684,15.399166107177734,510800
2007-04-23,15.455162098377095,15.610709219989802,15.243617918045382,15.274726867675781,445400
2007-04-24,15.274726753576626,15.405386951855082,14.976076567126372,15.069404602050781,414400
2007-04-25,15.175176858233801,15.20006496741007,14.640095564978006,14.932523727416992,782600
2007-04-26,14.926301306335871,15.287170572758747,14.739645239359682,15.231173515319824,636800
2007-04-27,15.13785063775294,15.206291772762611,14.85164441267748,14.882753372192383,602700
2007-04-30,14.851640835656493,14.851640835656493,14.161011182841184,14.173455238342285,980800
2007-05-01,14.217007248575854,14.453438352859452,13.72547777133602,13.943243980407715,1110900
2007-05-02,13.881028412940486,14.154791750509656,13.881028412940486,14.030353546142578,919600
2007-05-03,13.97435090951832,13.97435090951832,13.694366841252922,13.812582969665527,973800
2007-05-04,13.756589036787844,14.142345268074104,13.756589036787844,14.11745834350586,679300
2007-05-07,14.123681230154938,14.385000481029197,13.937023944255875,13.993021011352539,466400
2007-05-08,13.893466939591923,13.893466939591923,13.719253760180198,13.812582969665527,471700
2007-05-09,13.731699798650112,14.017907121446433,13.72547777133602,13.943243980407715,365300
2007-05-10,13.806364302312357,13.98057633737933,13.594820099676332,13.725479125976562,791000
2007-05-11,13.874805474626545,13.918359674011734,13.563711170830159,13.868584632873535,661200
2007-05-14,13.831250548135234,14.042794740383753,13.669481390137518,13.713035583496094,438600
2007-05-15,13.694368821495937,14.117457185011142,13.694368821495937,13.943243980407715,693200
2007-05-16,14.042794655995875,14.042794655995875,13.719256341944694,13.899691581726074,381100
2007-05-17,13.893468034104943,13.937021035706385,13.619704783956932,13.681923866271973,467400
2007-05-18,13.744145234684789,14.341445676106963,13.408162846336952,14.266783714294434,705400
2007-05-21,14.335226871635934,14.895196411711881,14.273007770131793,14.602766990661621,893500
2007-05-22,14.814307259152285,15.144067578162753,14.801864391565923,15.044517517089844,740500
2007-05-23,15.025855484227208,15.554716067881303,15.019633455392377,15.193846702575684,976700
2007-05-24,15.150291335462585,15.45516358065563,14.783199998311057,14.870306015014648,707400
2007-05-25,14.870304248896948,15.274726518498912,14.820529218587941,15.231173515319824,421300
2007-05-29,15.330724991862375,15.99024568778204,15.330724991862375,15.635597229003906,1022800
2007-05-30,16.730650029616463,16.985747244750236,15.069406523872106,15.299616813659668,2927000
2007-05-31,15.480049148510524,15.480049148510524,14.783198702502661,14.907635688781738,1409000
2007-06-01,14.907637792281463,15.088073049931925,14.671206654279016,14.845419883728027,827300
2007-06-04,14.939023431301944,14.939023431301944,14.539650241719047,14.68941593170166,657200
2007-06-05,14.63949206577128,14.870379728246558,14.427326600818187,14.552129745483398,781800
2007-06-06,14.402363896709033,14.483485873564167,14.158996775921397,14.471006393432617,497600
2007-06-07,14.371163169081692,14.495966299851549,13.8906680805511,14.05915355682373,747800
2007-06-08,14.21516094613779,14.252601773150287,13.728425434085588,13.809547424316406,914100
2007-06-11,13.67226201314991,13.715943171303376,13.1106449121925,13.360252380371094,1448000
2007-06-12,13.241688619798051,13.403933774526346,12.82983599249635,12.942159652709961,933000
2007-06-13,12.973363284646215,13.110647117682937,12.836078261387,12.998323440551758,654700
2007-06-14,13.054483512749657,13.191767327210869,12.954640522191989,13.166807174682617,506900
2007-06-15,13.372733456024935,13.684743098245873,13.017042654328641,13.066964149475098,920000
2007-06-18,13.129365226164628,13.166806046861124,12.998320568393547,13.042001724243164,395300
2007-06-19,13.085683971590113,13.285371142479514,13.029522140749709,13.254169464111328,852800
2007-06-20,13.266651638347001,13.715945145745305,13.1168871358809,13.173048973083496,695200
2007-06-21,13.135602255012747,13.428892008850706,13.048239957387162,13.316568374633789,605400
2007-06-22,13.310330783500998,13.497536085627413,13.11064481050688,13.247928619384766,1207400
2007-06-25,13.154329310785558,13.204250816718947,12.81111910627132,13.010805130004883,875800
2007-06-26,13.042004089849025,13.1480874262494,12.71127459830031,12.84855842590332,568800
2007-06-27,12.842318139010619,13.079444967640992,12.729994465893222,13.04824447631836,452700
2007-06-28,13.023282122368137,13.528737375829577,13.023282122368137,13.26664924621582,761400
2007-06-29,13.285371666947135,13.659782300367366,13.260410323267186,13.403934478759766,1189400
2007-07-02,13.478817255221278,13.478817255221278,13.104405433366338,13.391453742980957,616500
2007-07-03,13.322812506434708,13.784586653004219,13.297851162728174,13.54745864868164,366400
2007-07-05,13.528737749462634,13.753385063970745,13.229208790266675,13.291609764099121,397600
2007-07-06,13.329050312951919,13.890667347326625,13.31032930872464,13.828265190124512,571600
2007-07-09,13.865705097769963,14.065392225747322,13.647299347238913,14.015469551086426,545900
2007-07-10,14.046671694726195,14.046671694726195,13.765862591433672,13.834505081176758,504800
2007-07-11,13.809549580538858,14.633256234984357,13.809549580538858,14.446049690246582,931400
2007-07-12,14.502209208413959,14.776778049186818,14.502209208413959,14.69565486907959,677400
2007-07-13,14.851658252937067,15.051345420509032,14.552129286912587,14.60205078125,609900
2007-07-16,15.007662811395567,15.201109640044605,14.820457508430623,15.107505798339844,762300
2007-07-17,15.288473860123215,15.375836187024166,14.93278302605798,15.007664680480957,509700
2007-07-18,14.970223339044292,14.982704011093558,14.570851355246955,14.670694351196289,815700
2007-07-19,14.839177056567728,15.232308630249925,14.533407790321093,14.870377540588379,1214900
2007-07-20,14.839184224232794,14.957747072957572,14.595815808474955,14.776782035827637,580200
2007-07-23,14.895345621662187,15.151193515140026,14.627017052838426,14.683178901672363,486000
2007-07-24,14.570852686012133,14.75181768636455,14.158999992550761,14.221402168273926,528900
2007-07-25,14.258846762909036,14.352449456099906,13.884434799922735,14.208925247192383,689500
2007-07-26,13.959312326869744,14.040434312533208,13.597381178866673,13.890669822692871,735400
2007-07-27,13.797064418604855,13.865705718894274,13.478814494717854,13.503774642944336,476800
2007-07-30,13.503777156747871,13.690983659295592,13.235448669585116,13.62234115600586,401400
2007-07-31,13.697222857057472,13.890668489084549,13.260408910960463,13.26664924621582,326500
2007-08-01,13.229208622164547,13.591139740816217,13.023282316556223,13.534977912902832,461500
2007-08-02,13.622343020437436,13.915631700614307,13.329054340260564,13.709705352783203,525800
2007-08-03,13.697225017633516,14.021714170540688,13.528739509829013,13.634822845458984,531800
2007-08-06,13.634822462394377,14.283801940198357,13.160567633503344,14.171478271484375,602000
2007-08-07,14.121554907668177,15.725285357680695,14.052913600472674,15.600481033325195,1058600
2007-08-08,15.594239795296554,16.96708252284085,15.53807797161015,16.51778793334961,2128800
2007-08-09,16.517793060351128,17.903116887647215,16.286906549283476,17.410140991210938,2689400
2007-08-10,16.910924111221078,17.591105277352618,15.906252607257125,16.280664443969727,1427500
2007-08-13,16.38674392271033,17.06692492882198,15.687841912589523,16.368022918701172,561000
2007-08-14,16.75491564866815,16.848518290012677,15.244789146917386,15.475675582885742,651500
2007-08-15,16.530270448569425,16.530270448569425,15.36959421643378,15.531839370727539,843300
2007-08-16,15.413279899940692,15.83761209886706,15.020147005196355,15.681607246398926,931500
2007-08-17,16.236983412736148,16.68003657010843,15.369595726111838,15.550561904907227,623000
2007-08-20,15.612964353250941,16.380507864685683,15.612964353250941,16.17458152770996,527100
2007-08-21,16.45538596145672,16.661312239007504,16.218258011415145,16.417943954467773,470400
2007-08-22,16.586431156728267,16.84851928205806,16.542750000877007,16.748676300048828,379300
2007-08-23,16.848518598337144,16.848518598337144,16.224499390991326,16.573949813842773,276000
2007-08-24,16.548987885105227,16.811075971619456,16.28065946436184,16.68627166748047,188300
2007-08-27,16.692515797141855,16.83603994637981,16.52403030531174,16.54275131225586,222000
2007-08-28,16.467868853522837,16.792359173351453,16.38050653288527,16.524030685424805,356800
2007-08-29,16.686275619529376,17.10436859012924,16.43042780664821,17.085647583007812,386900
2007-08-30,16.848519150136667,17.310293235869302,16.548990206454235,16.72371482849121,304200
2007-08-31,16.99828682505772,17.410139497784257,16.879722816175093,17.160531997680664,218900
2007-09-04,17.054448282123936,17.915594435887883,16.979565438646784,17.17925262451172,502500
2007-09-05,17.166770684170316,18.0029566218236,17.166770684170316,17.815750122070312,399600
2007-09-06,17.64102783407925,17.946797181833688,17.478782655433992,17.765830993652344,217500
2007-09-07,17.516219736509495,17.516219736509495,16.761157033444828,17.035724639892578,323200
2007-09-10,17.035725736923936,17.447578363339428,16.723716099322967,17.017005920410156,223600
2007-09-11,17.123084201150192,17.547417373734532,17.054441720225675,17.279088973999023,208100
2007-09-12,17.22917276254468,17.703427559846983,17.166770596279743,17.4725399017334,552500
2007-09-13,17.572380802791965,17.85943025739942,17.241650194058245,17.304052352905273,270400
2007-09-14,17.453822158698195,17.765831858147216,17.173014143327602,17.410140991210938,280400
2007-09-17,17.254131317138672,17.528700109145216,17.160528671520275,17.254131317138672,165500
2007-09-18,17.31029612214361,17.466300955101165,16.854762295560928,17.322776794433594,412100
2007-09-19,17.39141819900732,18.134000299837624,17.39141819900732,18.04039764404297,466300
2007-09-20,17.84070929125802,17.93431193461988,17.329013730005812,17.44757652282715,369000
2007-09-21,17.616064050987134,17.772068871538327,17.378937247447148,17.4725399017334,492000
2007-09-24,17.472543175390115,17.909357230863886,17.254136147653227,17.266616821289062,207100
2007-09-25,17.123087495351935,17.391415946709447,17.11684716041081,17.185489654541016,293700
2007-09-26,17.254133255420175,17.46005957500272,16.948363943932293,17.166770935058594,485700
2007-09-27,17.17301557633474,17.53494681028816,17.017010713592363,17.316539764404297,267900
2007-09-28,17.372694113115035,17.441336603970626,16.96084154842576,16.985801696777344,209800
2007-10-01,16.91092329415463,17.628545252218153,16.87972161497304,17.622304916381836,500300
2007-10-02,18.09655690046024,18.70809543420178,17.965513439039412,18.277523040771484,564800
2007-10-03,18.146485225638706,20.062225901796758,18.146485225638706,20.031023025512695,1294200
2007-10-04,19.62540893088316,19.71901159484882,18.951468084019,19.444442749023438,765000
2007-10-05,19.55052247920165,20.199501861176067,19.413238676724156,19.899972915649414,368000
2007-10-08,19.60668843451148,19.899977106662966,19.18859541366182,19.45068359375,364400
2007-10-09,19.46939891958301,19.73148702316201,19.257232302865624,19.594202041625977,190800
2007-10-10,19.54428419734779,19.762691189406443,19.163632045194774,19.282196044921875,440600
2007-10-11,19.169870828324722,19.375797132107287,18.533372101320044,18.889062881469727,364000
2007-10-12,18.87658221088357,19.03882735783684,18.714337063930294,18.889062881469727,162700
2007-10-15,18.708096728637216,19.332115975277997,18.701856393344137,18.889062881469727,315700
2007-10-16,18.801703394163493,19.063791581350944,18.433533054998332,18.502174377441406,334500
2007-10-17,18.564576512136796,18.90154754786558,18.252566822857187,18.446012496948242,370400
2007-10-18,18.252568635606632,18.252568635606632,17.815754551144092,17.990480422973633,543000
2007-10-19,18.009192673912683,18.034152820476137,17.247888565063477,17.247888565063477,475600
2007-10-22,17.10436557845379,17.566139627473795,16.88595862804946,17.37269401550293,484600
2007-10-23,17.578620778204122,17.678463754228638,17.210449357780416,17.553659439086914,391100
2007-10-24,17.385179011088056,17.478781673062688,16.898443502508588,17.378938674926758,502900
2007-10-25,17.329017121243602,17.48502195411712,17.0232477916382,17.17925262451172,324800
2007-10-26,17.353977804184378,17.67222781576684,17.197972966559004,17.616065979003906,378400
2007-10-29,17.60982404677546,18.421049843043246,17.60982404677546,18.096559524536133,342400
2007-10-30,18.052876440161302,18.40856720936431,17.971753274070167,18.18391990661621,267900
2007-10-31,18.24008390312989,18.770500547622042,18.096559749391528,18.60825538635254,351000
2007-11-01,18.364888200607922,18.583295193785265,17.366457081956053,17.47878074645996,514100
2007-11-02,17.622305365661664,17.678467199398007,17.17925222198871,17.42885971069336,309400
2007-11-05,17.197974312764302,17.397660330120004,17.023249642689336,17.123092651367188,244800
2007-11-06,17.135568667291672,17.78454928259482,17.054446685489932,17.747108459472656,358200
2007-11-07,17.52246021019176,17.903112327432478,17.435097897469852,17.703426361083984,368600
2007-11-08,17.89687344374233,18.09655942628647,17.541182638557792,17.984235763549805,386800
2007-11-09,17.703427895889224,17.784549880417856,17.23541342535191,17.39765739440918,291700
2007-11-12,17.341495112446786,17.628543389248225,16.91092150702239,17.035724639892578,255000
2007-11-13,18.09656224605959,18.158964422883614,17.22917567789553,17.82823371887207,660300
2007-11-14,13.871947316342352,14.158996783522332,12.330620233489501,12.411742210388184,4118900
2007-11-15,12.673829481248852,13.060721904749498,12.417981707242127,12.524065017700195,1482900
2007-11-16,12.648868841084155,13.129363886859897,12.480383379803502,13.060721397399902,1008900
2007-11-19,12.979602115953458,13.397695131671416,12.792396785426446,13.173048973083496,717700
2007-11-20,13.166804430351968,13.478814008368735,13.048240457443413,13.322809219360352,1028200
2007-11-21,13.272891329968992,13.322812828365985,12.698793503292377,12.811117172241211,675500
2007-11-23,12.97960241084079,13.304092768667434,12.904720753017715,13.185528755187988,264900
2007-11-26,13.18553006194876,13.853231853342095,13.18553006194876,13.647305488586426,616600
2007-11-27,13.715941461108807,14.015470385575867,13.416412536641749,13.541216850280762,587500
2007-11-28,13.641060973733051,14.258839878799032,13.641060973733051,14.127795219421387,532900
2007-11-29,14.246359913044191,14.708134030878194,14.22763890642927,14.402364730834961,426000
2007-11-30,14.639492577567252,14.714375419162156,14.389885089288217,14.558370590209961,360800
2007-12-03,14.396126214307959,14.514690224072252,14.202680549066974,14.290042877197266,532300
2007-12-04,14.29004102460005,14.44604584187783,13.984271725562282,14.115316390991211,336800
2007-12-05,14.49596975161059,14.49596975161059,14.071636387462569,14.396126747131348,244200
2007-12-06,14.39612563547235,14.901580955395401,14.13403747139699,14.882861137390137,145300
2007-12-07,14.895340675454264,14.951501315416557,14.670693354715828,14.801736831665039,339600
2007-12-10,14.826696982864693,15.0887851059288,14.826696982864693,15.07630443572998,363000
2007-12-11,15.163665883508212,15.238548710216316,14.327480071341466,14.371162414550781,312800
2007-12-12,14.739336072728797,14.932781718306492,13.971791445665831,14.0529146194458,468500
2007-12-13,13.953068715841042,14.102833170527486,13.5599359808448,14.084112167358398,345800
2007-12-14,13.978031025993403,14.12779550385285,13.722183227539062,13.722183227539062,284600
2007-12-17,13.647305611235744,13.7845894588991,13.135608673095703,13.135608673095703,325600
2007-12-18,13.26040983983523,14.140276938695921,13.029522180102624,14.0529146194458,694600
2007-12-19,14.052915031883787,14.502208502927974,14.021713352505627,14.134037017822266,373600
2007-12-20,14.421085162065541,14.421085162065541,14.090354533064843,14.38364315032959,253200
2007-12-21,14.639490995205767,15.126226437406142,14.539648010686037,15.082545280456543,571200
2007-12-24,15.226073660892233,15.369597842318953,14.614534912899835,15.063828468322754,221600
2007-12-26,14.864138409028516,15.488157661734816,14.795495910359698,15.194869041442871,223700
2007-12-27,15.226070002627594,15.394555491763795,14.545888900756836,14.545888900756836,178800
2007-12-28,14.84541867002675,14.84541867002675,14.439805201490458,14.795495986938477,258700
2007-12-31,14.595807685092606,14.689411510715956,13.946828381451345,14.084112167358398,433500
2008-01-02,14.115322506762348,14.296287554296027,13.978037446333888,13.996758460998535,322300
2008-01-03,14.021716240772307,14.296285124745411,13.984275408028624,14.046677589416504,274000
2008-01-04,13.884429813102786,13.953072318892662,13.37897449923637,13.485057830810547,328100
2008-01-07,13.634819136711902,14.065392698353067,13.516255160852603,13.834505081176758,323000
2008-01-08,13.871952136393435,14.233883371051158,13.734668285393143,13.7409086227417,374600
2008-01-09,13.759625275108903,14.146517770042243,13.6223414557312,14.102836608886719,378200
2008-01-10,13.934351657216224,14.233880651379954,13.672263489767357,14.165239334106445,464600
2008-01-11,14.414844681647653,14.421085016874152,13.822025927575075,13.8969087600708,455300
2008-01-14,13.990511696703923,14.009232702769705,13.603619236233648,13.722183227539062,426900
2008-01-15,13.503777875300033,13.784587048952632,13.31033221690736,13.341532707214355,363500
2008-01-16,13.2791300017778,13.385213321353826,12.623909078435673,12.82359504699707,546700
2008-01-17,12.967121187326061,13.154326496976003,12.380542725415335,12.467905044555664,414500
2008-01-18,12.424221384745408,13.060721213822239,11.968687683438734,12.130932807922363,583500
2008-01-22,11.65044178131857,12.068534810265739,11.35715310348675,11.86884880065918,616900
2008-01-23,11.612998551920208,12.06229198067584,11.369630236566433,11.99364948272705,517400
2008-01-24,12.074774512988945,12.305661003142903,11.575558324955969,11.65044116973877,601600
2008-01-25,11.856369031347613,12.187099753860075,11.80020718808658,11.956212043762207,346800
2008-01-28,12.14965537402875,12.14965537402875,11.875087738276788,12.06229305267334,436200
2008-01-29,12.137176109676577,12.673831909316892,11.9187691121588,12.573988914489746,456700
2008-01-30,12.511584867562245,12.773672987207714,12.48038438269439,12.486624717712402,332800
2008-01-31,12.324387982176855,12.904726442153018,12.29942662508312,12.786162376403809,321000
2008-02-01,12.86103401509977,13.104401082911378,12.692548572666206,12.967117309570312,301100
2008-02-04,12.904722640041804,13.085687664761695,12.549031737814204,12.598953247070312,305100
2008-02-05,12.492869129331806,12.580231467647138,12.168378743842581,12.199579238891602,296700
2008-02-06,12.324383636573693,12.449187997590059,11.93125192275055,12.012373924255371,184300
2008-02-07,11.862607487014301,12.168376812817383,11.862607487014301,12.09973430633545,253400
2008-02-08,12.093494115233957,12.355582281952831,11.87508830148691,12.081014633178711,407300
2008-02-11,12.11221349734036,12.249497303294287,11.76276305204347,11.90628719329834,511700
2008-02-12,12.012370142649706,12.343100762070192,11.949967981786303,12.15589427947998,461800
2008-02-13,11.357154762099137,11.669164495231282,10.315042205828867,10.94530200958252,3217200
2008-02-14,11.07010185984451,11.1075426832993,10.51472508274624,10.583366394042969,1214200
2008-02-15,10.51472566511835,10.982740150002943,10.51472566511835,10.745612144470215,612600
2008-02-19,10.9515392286045,11.28851025236339,10.845455890408825,10.988981246948242,509300
2008-02-20,10.914095908067754,10.988978737432033,10.620807306020563,10.783052444458008,492000
2008-02-21,10.882898737579303,11.176187428940294,10.67073204502963,10.820496559143066,450900
2008-02-22,10.814255161512015,10.93905950614249,10.489764817650732,10.751852989196777,434200
2008-02-25,10.776813587907368,10.970259237488117,10.589607083925882,10.932818412780762,432500
2008-02-26,10.839215122372314,11.138744082969037,10.832974786915429,10.901616096496582,227100
2008-02-27,10.814255754648427,11.151226789499313,10.720653086152906,11.013941764831543,759200
2008-02-28,10.945297998764683,11.288508103354346,10.739370507744198,10.907855987548828,419200
2008-02-29,10.876655088496712,10.951536727638796,10.670728795522685,10.783052444458008,309400
2008-03-03,10.69568883315379,10.701929168053978,9.878224004783993,10.171512603759766,776900
2008-03-04,9.990551354129817,10.165277225406019,9.859507248228322,10.015511512756348,616000
2008-03-05,10.046709863796863,10.670729095210058,9.91566580139565,10.520964622497559,722400
2008-03-06,10.483523352698992,10.620808355056353,10.077911061653447,10.109112739562988,320200
2008-03-07,9.990549087524414,10.258877575662677,9.921906583985132,9.990549087524414,248300
2008-03-10,10.046711961015484,10.046711961015484,9.441413013559378,9.697260856628418,344700
2008-03-11,9.990547228735037,9.990547228735037,9.472611356212507,9.797101020812988,381200
2008-03-12,9.871985775367895,10.2900787810734,9.865746034247993,9.915667533874512,406700
2008-03-13,9.797102728514712,9.853264559801183,9.578696334203203,9.734701156616211,453700
2008-03-14,9.797102473549332,9.84078422736377,9.316607942479736,9.45389175415039,474400
2008-03-17,9.204282760620117,9.491331602721866,9.123160197079292,9.204282760620117,204900
2008-03-18,9.397728973944394,9.87822342599485,9.32284614975188,9.834542274475098,275400
2008-03-19,10.00926915196495,10.208955117752001,9.734700353896637,9.74094009399414,297400
2008-03-20,9.840786471746197,10.389923033892375,9.772143955144458,10.377442359924316,687900
2008-03-24,10.452323000586501,10.857935296893155,10.339999339099851,10.739371299743652,300400
2008-03-25,10.764334622551413,10.85793729426822,10.433603912914643,10.608329772949219,208900
2008-03-26,10.564645810308232,10.714410283475035,10.396160331662243,10.664488792419434,144300
2008-03-27,10.720650893527466,10.795532536919824,10.458562761209695,10.53344440460205,356300
2008-03-28,10.545924814074459,10.982738753860584,10.42112168143716,10.89537525177002,302200
2008-03-31,10.89537737552558,11.276029563244863,10.745612873034993,11.176186561584473,428000
2008-04-01,11.38211168620052,11.8501261528546,11.269788023767967,11.78148365020752,536600
2008-04-02,11.78772165319164,11.78772165319164,11.52563355612239,11.656678199768066,479800
2008-04-03,11.54435731666375,11.63795997578141,11.188666497883204,11.500676155090332,322400
2008-04-04,11.787724319899473,12.455424787474724,11.694121661961121,12.174616813659668,781800
2008-04-07,12.330622740441438,12.680073250026526,12.299421058196579,12.630151748657227,678900
2008-04-08,12.580227362538169,12.773672987207714,12.336860247946733,12.486624717712402,427000
2008-04-09,12.542789655966462,12.723754655518293,11.80644660418022,11.912529945373535,474700
2008-04-10,11.887565948889087,12.39302238612375,11.825164977576177,12.180855751037598,285900
2008-04-11,12.062297323935107,12.174621028435828,11.719087062603155,11.7565279006958,145100
2008-04-14,11.70660533747078,11.76900752218186,11.50691929857346,11.588041305541992,188500
2008-04-15,11.675399394076557,11.731561220822103,11.313468282950959,11.463233947753906,287300
2008-04-16,11.594277212153788,12.18085561991423,11.563076726833197,12.15589427947998,310300
2008-04-17,11.81892485554432,12.174615635420313,11.81892485554432,11.99364948272705,162200
2008-04-18,12.193336290131356,12.31189908652738,12.012370142649706,12.15589427947998,189900
2008-04-21,12.105971928311963,12.143412746079733,11.937486463023792,12.037330627441406,179000
2008-04-22,12.00613149351492,12.00613149351492,11.563078350590766,11.787724494934082,211500
2008-04-23,9.39773401708202,9.422694773503947,8.661390809968095,8.96716022491455,2963700
2008-04-24,8.917233147806515,9.528772191216563,8.879791738981,9.123159408569336,1399400
2008-04-25,9.12316374539632,9.235487430156537,8.923477723699298,9.229247093200684,693400
2008-04-28,9.204284810317867,9.478853044505545,9.204284810317867,9.372770309448242,522500
2008-04-29,9.37900653865962,9.428928017093542,9.28540391537376,9.297883987426758,319100
2008-04-30,9.354050856761322,9.447654125765267,9.12316374539632,9.229247093200684,306200
2008-05-01,9.235486290775446,9.88446637633744,9.229245954589462,9.759662628173828,341700
2008-05-02,9.878225994298681,9.884466330455698,9.566216327782332,9.703500747680664,232400
2008-05-05,9.622376496981696,9.871983948933954,9.51629318112421,9.67853832244873,256800
2008-05-06,9.659817612627608,10.183993872868385,9.641097201936473,10.102871894836426,432800
2008-05-07,10.177752741819857,10.177752741819857,9.722219014915854,9.772140502929688,286900
2008-05-08,9.790862198337452,9.92190627036619,9.67229879750724,9.859504699707031,284600
2008-05-09,9.815824805013943,9.940629160195996,9.70974205528723,9.8033447265625,238400
2008-05-12,9.797102167336876,10.539684817638761,9.797102167336876,10.502243995666504,346800
2008-05-13,10.496004330786363,10.770573153307696,10.315039354508501,10.633289337158203,290500
2008-05-14,10.652008605414714,10.714410769621152,10.483523119124014,10.527205467224121,176200
2008-05-15,10.496002203827887,10.496002203827887,10.246394774945712,10.45232105255127,287200
2008-05-16,10.520965476391801,10.520965476391801,10.227675652081619,10.408641815185547,202500
2008-05-19,10.471044473812347,10.795533611172585,10.42112297650905,10.645769119262695,300700
2008-05-20,10.60832821511081,10.726892216659605,10.358720730446793,10.489764213562012,263300
2008-05-21,10.539685678701126,10.751852337581116,10.29007819479007,10.389921188354492,211300
2008-05-22,10.389919422071108,10.458561914810831,10.077909822668238,10.371199607849121,358600
2008-05-23,10.302557772297464,10.427360905886356,10.077910465526317,10.177753448486328,284400
2008-05-27,10.17151270605336,10.464802498200891,9.971826748127835,10.32751750946045,499500
2008-05-28,12.012371833662783,12.598950323997418,11.319710011993402,11.600519180297852,2430400
2008-05-29,11.525633103940901,12.02484913079404,11.313466500817176,11.793961524963379,704600
2008-05-30,11.925012277001526,12.754958112273481,11.91877193956668,12.598953247070312,965600
2008-06-02,12.486626960423477,12.567748949783464,11.968690963124562,12.081014633178711,645800
2008-06-03,12.105972384537779,12.917198068225566,12.012369741479775,12.305658340454102,580400
2008-06-04,12.205817741120857,12.511587069482701,12.205817741120857,12.355582237243652,402400
2008-06-05,12.36182091906986,12.767433190566845,12.343101103448651,12.680070877075195,322800
2008-06-06,12.423084399727047,12.692606607868257,12.059543122482872,12.122222900390625,318900
2008-06-09,12.153564367050315,12.655001484551285,12.0658133795826,12.40428352355957,422400
2008-06-10,12.360405860303823,12.360405860303823,12.078348624733431,12.222511291503906,287900
2008-06-11,12.009399539260134,12.479496080292291,12.009399539260134,12.122222900390625,195400
2008-06-12,12.235049038022087,12.836772173244027,12.235049038022087,12.35413932800293,337300
2008-06-13,12.510835904924605,12.598588075943967,12.410548734203086,12.529640197753906,267100
2008-06-16,12.47949891301414,12.698877587729385,12.435623417174611,12.535910606384277,214400
2008-06-17,12.435622215270996,12.554713689266377,12.078348988802338,12.435622215270996,236700
2008-06-18,12.379209260816296,12.47949643007266,12.147294434712606,12.360404968261719,196100
2008-06-19,12.404282828546632,12.52964120425988,12.184904176651607,12.504570007324219,340800
2008-06-20,12.44815718891191,12.44815718891191,12.084615899991372,12.335333824157715,599200
2008-06-23,12.391744629646524,12.567246566385078,12.266385078675603,12.473227500915527,399600
2008-06-24,12.504567986416898,12.692606117356,12.266385078675603,12.473227500915527,440600
2008-06-25,12.604855736072759,13.363277587771117,12.492032374047502,12.855573654174805,552900
2008-06-26,12.67380254912456,12.930788567311037,12.479496309999568,12.761554718017578,679800
2008-06-27,12.811705005640267,13.306873008726656,12.761561395257873,13.03735065460205,926400
2008-06-30,13.018541175627591,13.018541175627591,12.53590841473608,12.642463684082031,582600
2008-07-01,12.535911389287886,13.150170760438751,12.535911389287886,12.811701774597168,496100
2008-07-02,12.811697571226649,12.930787829580016,12.404280823847072,12.473227500915527,384600
2008-07-03,12.485763825541468,12.554711698847429,12.228777819332175,12.3792085647583,206900
2008-07-07,12.429355617701267,12.792896986219581,12.429355617701267,12.611126899719238,325000
2008-07-08,12.654999977808744,13.024809374559977,12.416817046587239,12.962129592895508,461000
2008-07-09,12.993470997045888,13.269261363867361,12.824235917711055,13.006007194519043,752200
2008-07-10,12.980933814325189,13.018542403890182,12.109688479867067,12.398015022277832,1275300
2008-07-11,12.266384639818833,12.266384639818833,11.652125492175797,11.764948844909668,953500
2008-07-14,11.877773063942083,12.034471910719592,10.780881136499522,10.824756622314453,971600
2008-07-15,10.730738987800354,10.98772503522711,10.185426402091457,10.680595397949219,906900
2008-07-16,10.743274310489186,11.232175222823145,10.680595717935555,11.182031631469727,603500
2008-07-17,11.182029113910383,11.426478917282358,10.931311213590762,11.338727951049805,414200
2008-07-18,11.344996047997451,11.664661819223937,11.194565307805679,11.338727951049805,497500
2008-07-21,11.451554971637885,11.501698567756812,10.906242317766619,11.031601905822754,570100
2008-07-22,10.993995117010513,10.993995117010513,10.47375363460289,10.899974822998047,694700
2008-07-23,10.918775145845045,11.48289072696099,10.831024178598664,11.45155143737793,790300
2008-07-24,11.520499515659587,11.6207878846689,11.13188701725782,11.413944244384766,780200
2008-07-25,11.44528460640225,11.451552704115674,11.194566675452275,11.219637870788574,467500
2008-07-28,11.301124183281102,11.319927284627179,10.93758281253947,11.031601905822754,451600
2008-07-29,11.050404204323353,11.388874350173452,10.968921314869188,11.363801956176758,413300
2008-07-30,11.439014916937856,11.45781920746149,11.169492730351905,11.376335144042969,421700
2008-07-31,11.282318258796964,11.520500007121662,11.1444236882424,11.188299179077148,399000
2008-08-01,11.276052222393702,11.28232032159004,10.975190634075544,11.257247924804688,340800
2008-08-04,11.276048177090585,11.514231079032164,10.868631439631544,11.338727951049805,752000
2008-08-05,11.501698522660483,11.934187784689032,11.344999635963521,11.902847290039062,371800
2008-08-06,11.84643455189353,12.08461750818646,11.708539974130668,11.971794128417969,468100
2008-08-07,11.896577905106392,12.391746907390207,11.764951428358037,12.134760856628418,557400
2008-08-08,12.09715204603842,12.63619653072065,11.902845785834295,11.909113883972168,562900
2008-08-11,11.909117205588098,12.172371423216548,11.85897360201686,12.109691619873047,340900
2008-08-12,12.047010225368085,12.047010225368085,11.80882843874306,12.003134727478027,392700
2008-08-13,11.95298726664874,12.197437073312019,11.833895814074488,11.9467191696167,411300
2008-08-14,11.884041491420678,12.028205357556784,11.78375431224968,11.909113883972168,251700
2008-08-15,12.028205357556784,12.115956340452037,11.815094802939042,11.909113883972168,325900
2008-08-18,12.01566915873044,12.128492534153233,11.614520442131596,11.827630996704102,222300
2008-08-19,11.733612011301567,11.808828001699109,11.570645028371565,11.677200317382812,245000
2008-08-20,11.721076011657715,11.971793965783107,11.558109042596834,11.721076011657715,286900
2008-08-21,11.62078758665402,11.75868214778973,11.282317488160851,11.439016342163086,286100
2008-08-22,11.464089959239502,11.76495150418997,11.445285664361032,11.721076011657715,209000
2008-08-25,11.514233834042077,11.802559189517916,11.313658270277429,11.351266860961914,763500
2008-08-26,12.749018598552974,13.256722540472735,10.962651460073985,11.006526947021484,3811400
2008-08-27,11.18203062547001,11.645859102639825,11.000259375968607,11.514232635498047,1167000
2008-08-28,11.533037908297919,11.721077291055265,11.125621038933462,11.169496536254883,531400
2008-08-29,11.156956224763242,11.294851960380395,10.856094757899411,10.987722396850586,306800
2008-09-02,11.156957860917096,11.232173836421982,10.18542545004302,10.417340278625488,804400
2008-09-03,10.45494664532795,10.67432525726808,10.310784001530845,10.36092758178711,674900
2008-09-04,10.273176328942204,10.31705181611004,10.078870087691495,10.179157257080078,491000
2008-09-05,10.147816397523963,10.360926898436794,9.865758029987221,10.129012107849121,321100
2008-09-08,10.30451726123392,10.498823510869313,10.216765087594217,10.44867992401123,451600
2008-09-09,10.454947678274094,10.799684677156186,10.373463605108771,10.498823165893555,581000
2008-09-10,10.699397480986804,10.768345358804247,10.53016243298983,10.62418270111084,288000
2008-09-11,10.505092017872999,10.6805951764714,10.423607938856168,10.536431312561035,243900
2008-09-12,10.436144166057181,10.649254718020178,10.16035382901375,10.329588890075684,291300
2008-09-15,10.191694756612431,10.442412712174374,9.997387892732858,10.047532081604004,258700
2008-09-16,10.016192511690273,10.831027436647835,10.016192511690273,10.655524253845215,599200
2008-09-17,10.60538170795236,10.762080609550049,9.953514301216323,10.266911506652832,512300
2008-09-18,10.417339800056949,11.40767645819091,10.285712147849667,11.26351261138916,1173400
2008-09-19,11.865235548475393,12.498298962447999,11.439014541403367,11.783751487731934,1338200
2008-09-22,11.658393781291455,11.714805458588584,10.968918655284412,10.981454849243164,346000
2008-09-23,11.006526104274043,11.269780201319557,10.774612492303746,10.831024169921875,345100
2008-09-24,10.831025102502029,10.968919662154287,10.429875227620006,10.442411422729492,260500
2008-09-25,10.486287285835177,10.88743717509102,10.486287285835177,10.574039459228516,232700
2008-09-26,10.429875615271207,10.812221211699788,10.310785343856907,10.737005233764648,220000
2008-09-29,10.617916297662314,10.617916297662314,9.991120188515257,10.216766357421875,261300
2008-09-30,10.248105180601907,10.498823105204817,10.0600658405117,10.442411422729492,295000
2008-10-01,10.36092931971467,10.649254655672161,10.135282572953184,10.191694259643555,253900
2008-10-02,10.18542689617252,10.21049929007306,9.2703054403599,9.489684104919434,469100
2008-10-03,9.564898873178054,9.859492309303333,9.389395713806152,9.389395713806152,275300
2008-10-06,9.163747787475586,9.276571139815607,8.098195830375376,9.163747787475586,815700
2008-10-07,9.176287809344519,9.552364811105239,8.693654909886348,8.712458610534668,715100
2008-10-08,8.605903177584631,9.2076269688605,8.518152177409496,8.593367576599121,524300
2008-10-09,8.743799017025921,8.844086223309404,7.872553464119001,7.922697067260742,527700
2008-10-10,7.72838954810969,8.61217123107832,7.258292857359666,8.085662841796875,845100
2008-10-13,8.399058087079037,8.819011051208856,8.19221565373255,8.637240409851074,453500
2008-10-14,8.875423342526865,8.875423342526865,7.521545286583271,7.941498279571533,764200
2008-10-15,7.8349419147207024,8.09819601087601,7.013839739044176,7.063983917236328,595800
2008-10-16,7.1203970383545485,7.421259204972832,6.675372186097464,7.377383708953857,686000
2008-10-17,7.132932442049645,8.900495456768471,7.038912763926233,7.50900936126709,421500
2008-10-20,7.678244536454125,7.960302379465997,7.659440839655665,7.9477667808532715,270600
2008-10-21,7.853743691054705,8.142069507054146,7.747188459201096,7.979102611541748,397200
2008-10-22,7.8662832931439075,7.8662832931439075,6.750587520357468,6.888482093811035,953000
2008-10-23,6.93235661260703,6.93235661260703,6.130058159844761,6.286756992340088,723400
2008-10-24,5.697570347340647,6.242882279897652,5.65369486011749,5.829197406768799,514700
2008-10-27,5.879343073730561,6.130061086311417,5.766519669189729,5.935754776000977,417500
2008-10-28,6.05484474833379,6.34943881598248,5.854270369215771,6.336902618408203,384700
2008-10-29,6.418386697497354,6.499870195920285,6.173936799987417,6.318099498748779,595500
2008-10-30,6.512404308717987,6.731782336273924,6.349437364070492,6.606423377990723,261400
2008-10-31,6.612692141060739,6.700443121813758,6.104987561703556,6.24288272857666,636800
2008-11-03,6.267956223140141,6.5186742329621925,6.205276421805185,6.330636024475098,1103600
2008-11-04,6.443458148166017,6.656568732842748,6.387046452485844,6.618961334228516,333500
2008-11-05,6.537478010109019,6.70044440460375,6.293027521728664,6.343171119689941,265600
2008-11-06,6.280492485222138,6.437191392365298,5.484461750010614,5.5471415519714355,1556000
2008-11-07,5.540871236403813,5.779053551742286,5.540871236403813,5.728909969329834,496600
2008-11-10,5.810394160855535,5.829197857152772,5.440584746377084,5.565943717956543,380000
2008-11-11,5.528335950543925,5.528335950543925,4.901540768490566,5.13972282409668,679900
2008-11-12,5.120918631364836,5.133454228935563,4.914076190498926,5.0080952644348145,470100
2008-11-13,4.970488559050035,5.384173821554963,4.65082298685197,5.327762126922607,408300
2008-11-14,5.334028530034019,5.4280475926915335,4.907807504101562,4.920343399047852,270900
2008-11-17,4.857665905373825,5.064508405781936,4.356229305267334,4.356229305267334,620700
2008-11-18,4.356226388858341,4.525461075791043,4.017757014992935,4.111776351928711,911500
2008-11-19,4.1055106347984385,4.161922026426442,4.061634842306094,4.086706638336182,1027700
2008-11-20,4.061634659319072,4.1117782491201496,3.9488115822666487,3.9801511764526367,655400
2008-11-21,4.055367845946521,4.055367845946521,3.566467391616747,3.9049370288848877,402700
2008-11-24,3.961346396604432,4.381298995804577,3.904934724062631,4.237136363983154,585800
2008-11-25,5.32776198197532,5.453120967881804,4.606947065814545,5.0770440101623535,1400900
2008-11-26,5.0143639875842485,5.72891107100816,4.951684497515322,5.71637487411499,570000
2008-11-28,5.647428129271527,5.804127018999869,5.346565950158523,5.710107326507568,210600
2008-12-01,5.641159137924689,5.779054306446404,5.145990748617204,5.164794445037842,363900
2008-12-02,5.2964206025713185,5.540871004939334,5.108381877500432,5.490727424621582,318500
2008-12-03,5.377904891967773,5.565943645777856,5.058239070266506,5.377904891967773,294300
2008-12-04,5.321492080180893,5.616086045564158,5.083309788781508,5.196133136749268,196500
2008-12-05,5.108382826167719,5.703838999099577,5.083311031352811,5.678767204284668,362400
2008-12-08,5.791590030180235,5.860537914813002,5.578479473603945,5.68503475189209,269600
2008-12-09,5.65996239675645,6.242882320557486,5.641158701789583,5.753982067108154,297400
2008-12-10,5.82919765261795,5.954556619798815,5.697570587638364,5.797857761383057,160700
2008-12-11,5.735178799944018,5.9921654666526045,5.540872522437058,5.616087913513184,357300
2008-12-12,5.434315228599189,5.710104894021697,5.409243440833507,5.641157627105713,249600
2008-12-15,5.678766684637548,5.822929342191686,5.1083823587147785,5.1585259437561035,238200
2008-12-16,5.258813894194601,5.6474269906376815,5.1459905250548115,5.522068023681641,422000
2008-12-17,5.453118673078149,6.036038459435109,5.434314982544921,5.810392379760742,274100
2008-12-18,5.74771554802706,5.8605389443303,5.659963951151335,5.741447448730469,312200
2008-12-19,5.873073748726998,6.261686886033726,5.6035514931115395,5.71637487411499,515300
2008-12-22,5.741446421325788,5.904413387321889,5.509532168681525,5.747714519500732,207100
2008-12-23,5.785321124818822,5.9106806802032805,5.616086681463661,5.722641944885254,254300
2008-12-24,5.716374605654553,5.753982596809094,5.359101379600751,5.484460353851318,324700
2008-12-26,5.522069617427801,5.591016919713098,5.359102614471049,5.5784807205200195,103900
2008-12-29,5.553408371001217,5.678767959506114,5.434317479232148,5.584748268127441,307300
2008-12-30,5.565942099936788,5.678765440439912,5.465654951826702,5.666229248046875,260700
2008-12-31,5.722641017617038,6.0987178295568185,5.6348894626184745,5.8668036460876465,448300
2009-01-02,5.854269207991587,6.230346094241102,5.766517635654027,6.167666912078857,174800
2009-01-05,6.2115428364111285,6.318098111118701,6.010968482965685,6.24288272857666,206500
2009-01-06,6.267954181086709,6.675370963753868,6.261686083443536,6.631495475769043,214300
2009-01-07,6.575086319015234,6.675373528807208,6.199009282295332,6.230348587036133,378900
2009-01-08,6.230345008670927,6.374508238266704,6.230345008670927,6.32436466217041,212900
2009-01-09,6.30556155440294,6.387044424784944,5.9482877944388175,5.97335958480835,235500
2009-01-12,5.9482888438482115,6.004700531571583,5.879341557607835,5.954556941986084,276300
2009-01-13,5.923216819755682,6.167667257840873,5.854269536184395,6.117523670196533,164300
2009-01-14,6.023503296981943,6.0485750878985485,5.810393373070119,5.879340648651123,408000
2009-01-15,5.891875979417351,6.161398167930317,5.753981434476476,5.923215866088867,348900
2009-01-16,5.916949070213089,6.186471317988218,5.841733684318373,5.873073577880859,381100
2009-01-20,5.866803716996856,5.916947292528221,5.641157627105713,5.641157627105713,363700
2009-01-21,5.6913043851655996,6.086185711608274,5.641160781594362,6.054845809936523,227900
2009-01-22,5.9482884197347685,5.9482884197347685,5.440584461941235,5.47819185256958,182400
2009-01-23,5.390442170529888,5.7351792577047345,5.365370371503375,5.628623962402344,200500
2009-01-26,5.609818278436587,5.7351772292309695,5.4029758601862,5.490727424621582,182100
2009-01-27,5.50953184572682,5.703838693449129,5.50953184572682,5.653695106506348,191500
2009-01-28,5.753982272309431,5.891876837329029,5.697570587638364,5.797857761383057,142600
2009-01-29,5.722641860605668,5.8856088019984565,5.453119657360567,5.471923351287842,124800
2009-01-30,5.503264096219151,5.559675784539735,5.35910142407432,5.409245014190674,174500
2009-02-02,5.283886234982356,5.490728701327829,5.2588144389937765,5.453120708465576,210000
2009-02-03,5.478190896055871,5.591014243758898,5.334028260887417,5.540870666503906,172400
2009-02-04,5.559676094243035,5.703839372177266,5.377905420505981,5.434317111968994,197400
2009-02-05,5.415512708382161,5.540871674320908,5.377904719721187,5.4029765129089355,248500
2009-02-06,5.453121438538245,5.578480435264407,5.352834241157315,5.421781539916992,477100
2009-02-09,5.421780500557294,5.565943767475301,5.28388592947244,5.296421527862549,371800
2009-02-10,5.283886559956525,5.5847481303233275,5.070775982067302,5.2024030685424805,407700
2009-02-11,5.2525466109240115,5.384173696079055,5.214938616125942,5.277618408203125,101800
2009-02-12,5.214938198668454,5.409245060346353,5.164794608124238,5.334029674530029,224200
2009-02-13,5.365370019775485,5.440585411924265,5.290154029867905,5.3465657234191895,129400
2009-02-17,5.177330044618862,5.402976168943472,5.164793849943719,5.308957099914551,264000
2009-02-18,5.3152253062903,5.547140156550229,5.296421609535809,5.340297698974609,341600
2009-02-19,5.415513614541338,5.4969971054755495,5.3089583262242,5.3465657234191895,255800
2009-02-20,5.2838863531637665,5.377905440784114,4.920344705439485,5.001828193664551,290300
2009-02-23,5.0143624452087545,5.0519704265615974,4.788716051488159,4.895271301269531,284600
2009-02-24,4.7009677148839195,4.7009677148839195,4.136851529321953,4.5191969871521,1246200
2009-02-25,4.293548449671318,4.381299722382565,3.867327683337357,4.243404865264893,820900
2009-02-26,4.2559407552621105,4.375031917496227,3.9989547361081073,4.074170112609863,1030000
2009-02-27,4.381300756557575,4.5066600460431525,4.224601868860161,4.2998175621032715,676300
2009-03-02,4.237137792732153,4.29981728398098,4.067902718041236,4.105510711669922,442000
2009-03-03,4.149385032564013,4.2622083837822835,3.936274822590413,3.9989542961120605,572200
2009-03-04,4.055366768111172,4.2496736368254355,4.011491274235824,4.049098968505859,440500
2009-03-05,3.9738837822671345,3.998955579723506,3.792113101268739,3.854792594909668,899000
2009-03-06,3.867327985404087,4.099242230837684,3.8171843970810784,3.9237396717071533,316600
2009-03-09,3.8735953753362193,3.923739257241883,3.704360633182679,3.7482364177703857,362200
2009-03-10,3.8171839824144556,4.005222418198832,3.691824726345542,3.9864187240600586,316200
2009-03-11,3.998954666037744,4.074170041221564,3.8485236167907715,3.8485236167907715,336000
2009-03-12,3.9174708310942665,4.017757988728902,3.6980925243288483,3.9989542961120605,563800
2009-03-13,4.055364689991399,4.193259797198332,3.9425416649960083,4.111776351928711,364800
2009-03-16,4.130582180978698,4.2434052562896705,4.0804385919516,4.118046283721924,214000
2009-03-17,4.10551004865184,4.337424278259277,4.086706054874242,4.337424278259277,194300
2009-03-18,4.180726007871012,4.5066596539707335,4.180726007871012,4.387568473815918,329200
2009-03-19,4.47531851402684,4.581873766554981,4.431443032782994,4.494122505187988,316000
2009-03-20,4.53799782052799,4.575605801475384,4.224600171081164,4.237136363983154,360900
2009-03-23,4.349961144656852,4.544267728924654,4.224601855565768,4.537999629974365,258900
2009-03-24,4.494123288238348,4.494123288238348,4.324888533817962,4.3499603271484375,227000
2009-03-25,4.3875687021942875,4.3875687021942875,4.049099140506794,4.287281513214111,291400
2009-03-26,4.324889704560324,4.400105104912468,4.24967430420818,4.356229305267334,330600
2009-03-27,4.2935494631332585,4.625751236558716,4.268477665012025,4.2998175621032715,255600
2009-03-30,4.212065569473512,4.381300340147015,4.118046484894417,4.161921977996826,204800
2009-03-31,4.224601595602998,4.29981728398098,4.105510711669922,4.105510711669922,210100
2009-04-01,4.092974788802774,4.230869668720818,4.086706690275896,4.143118381500244,281700
2009-04-02,4.224601301542144,4.7887172812740735,4.218333502293238,4.619482517242432,564100
2009-04-03,4.625749862728521,5.083310191987051,4.6006780720535145,4.932879447937012,334500
2009-04-06,4.870200192953906,4.945415568402929,4.650821865121256,4.794984817504883,272400
2009-04-07,4.744841586959868,4.964219931117571,4.588142727007316,4.851396560668945,551500
2009-04-08,4.901538771656735,5.070773470609015,4.726035976986583,4.845127105712891,407700
2009-04-09,4.957952105384746,5.409245014190674,4.863933023356269,5.409245014190674,317900
2009-04-13,5.453119151902526,5.453119151902526,4.863931815471827,5.0582380294799805,222900
2009-04-14,4.989291429525829,4.989291429525829,4.675893728168073,4.788716793060303,377300
2009-04-15,4.769912856590996,5.001827072110257,4.6946971849291,4.820056438446045,315500
2009-04-16,4.870200681939656,5.114650826132325,4.744841710271458,5.095847129821777,256000
2009-04-17,5.114650443968839,5.283885491394815,5.014363274127674,5.221205711364746,280700
2009-04-20,5.0895785207865565,5.171061993629332,4.663357761029427,4.794984817504883,213900
2009-04-21,4.763645511892586,5.290153503417969,4.763645511892586,5.290153503417969,315300
2009-04-22,5.177330469372234,5.459388297357969,5.145990577871883,5.3841729164123535,237100
2009-04-23,5.3653698709198805,5.459388959057711,5.202402893572777,5.35910177230835,389800
2009-04-24,5.3904404783501,5.534603128056961,5.3277607015809805,5.471923351287842,235000
2009-04-27,5.5032632396724015,5.628622195451988,5.296420813196421,5.471923351287842,268400
2009-04-28,5.365369721384932,5.63489137882247,5.352833524511258,5.453120708465576,207600
2009-04-29,5.490727014345647,5.797856570282326,5.484458917834632,5.76651668548584,192000
2009-04-30,5.791588183184483,5.916947118322091,5.641157461019353,5.666229248046875,382500
2009-05-01,5.672499606259977,5.92948567520977,5.534604423741016,5.616087913513184,214300
2009-05-04,5.691302901791406,6.092452223565146,5.616087516038596,6.067380428314209,328100
2009-05-05,6.073646804305302,6.192738258017181,5.985895836053011,6.092451095581055,251300
2009-05-06,6.117523627568316,6.1363273233642355,5.923216778481437,5.998432159423828,330400
2009-05-07,6.048575145632593,6.111254922401713,5.434315963433292,5.471923351287842,298700
2009-05-08,5.534604203475412,5.910681741647738,5.490728709866856,5.71637487411499,355200
2009-05-11,5.829196309695335,5.8354644060500185,5.622353912059311,5.779052734375,167600
2009-05-12,5.822928066408523,5.822928066408523,5.490726738854224,5.666229248046875,172100
2009-05-13,5.603549570749156,5.641157550768044,5.11464941705499,5.240008354187012,221800
2009-05-14,5.246280193328857,5.440587132826515,5.152261072843566,5.246280193328857,235300
2009-05-15,5.277617643966387,5.597283461304286,5.277617643966387,5.3841729164123535,265900
2009-05-18,5.471925138607458,5.484461337159497,5.3026906424668505,5.421781539916992,580400
2009-05-19,5.359099912650637,5.578477908098956,5.346563719777751,5.428047180175781,232300
2009-05-20,5.484459802361336,5.722642128366355,5.484459802361336,5.634890556335449,164500
2009-05-21,5.591015451658922,5.591015451658922,5.221206041189663,5.2337422370910645,240400
2009-05-22,5.265082235387983,5.359101923944898,5.214938640594482,5.214938640594482,134700
2009-05-26,5.2274737815492225,5.753982018217299,5.183598294413109,5.634890556335449,254800
2009-05-27,5.678767259385134,5.703839054443311,5.390441317336728,5.409245014190674,171400
2009-05-28,5.4343167723424814,5.4907284602799535,5.196134422028009,5.290153503417969,171400
2009-05-29,5.321494223627502,5.402977719118474,5.133455433860554,5.37163782119751,231300
2009-06-01,5.578477835335091,5.797856425680483,5.515798665063957,5.779052734375,477600
2009-06-02,4.889005111477632,5.265082059893584,4.782449826653417,5.026900291442871,1505400
2009-06-03,4.826324798228907,4.851396592073263,4.406372101896264,4.4753193855285645,982200
2009-06-04,4.487855714031336,4.594410997556558,4.469052016279465,4.5756072998046875,438700
2009-06-05,4.686743075206382,4.762950205822693,4.604185198961936,4.623237133026123,537200
2009-06-08,4.61688535995162,4.724845589042591,4.527977060685002,4.642287731170654,392000
2009-06-09,4.680391810284656,4.959818227695406,4.648638994127639,4.864559173583984,375800
2009-06-10,4.915362700460585,4.940765371023118,4.762948494006044,4.832805156707764,367500
2009-06-11,4.959819629002889,5.112234219207191,4.851859357362398,4.934417247772217,328200
2009-06-12,4.909012644175164,4.928064572883276,4.832805534982981,4.921713829040527,121000
2009-06-15,4.8455074646809395,4.8455074646809395,4.667690546412387,4.71214485168457,294700
2009-06-16,4.731196770076119,4.7756510780691475,4.6359380145227975,4.64863920211792,335000
2009-06-17,4.661341858332786,4.896314054283874,4.616887536333813,4.877262115478516,259300
2009-06-18,4.8709102254704595,4.966169285585072,4.813754728837651,4.8391571044921875,351900
2009-06-19,4.928065862368175,5.004272991500827,4.775651301282661,4.7883524894714355,242200
2009-06-22,4.775650998097541,4.80740411796372,4.623236749508351,4.667690753936768,238700
2009-06-23,4.71214565757802,4.71214565757802,4.527978265813508,4.540679454803467,225500
2009-06-24,4.585131645202637,4.686741419617675,4.496223357557076,4.585131645202637,270200
2009-06-25,4.566080977559952,4.75024833483006,4.566080977559952,4.731196403503418,278800
2009-06-26,4.718495668723039,4.845507849815924,4.566081414795822,4.8391571044921875,573400
2009-06-29,4.820105670817069,4.820105670817069,4.57243204385019,4.756599426269531,246000
2009-06-30,4.731195801976068,4.90901269474299,4.731195801976068,4.889960765838623,333900
2009-07-01,4.915363086552232,5.055076422929866,4.782000796839231,5.029674053192139,341600
2009-07-02,4.940765885397438,5.004271811364985,4.724845434287636,4.762948989868164,215600
2009-07-06,4.737547763907463,4.756599394889865,4.610535881290727,4.680392265319824,181800
2009-07-07,4.667689925757239,4.7057934811438935,4.610534744087326,4.616885185241699,202300
2009-07-08,4.629587154830166,4.642288342111202,4.483523349688164,4.5914835929870605,189300
2009-07-09,4.604184566326058,4.604184566326058,4.477172699417547,4.489873886108398,178100
2009-07-10,4.477172590547992,4.610535198969093,4.445419473182904,4.578782081604004,130800
2009-07-13,4.591483310061744,4.680391615550498,4.4454195139201325,4.654989242553711,132800
2009-07-14,4.648637800782277,4.693091792554416,4.502574036059307,4.686741352081299,101800
2009-07-15,4.769300858598379,4.889961994981637,4.68039223845674,4.7883524894714355,356400
2009-07-16,4.782002940753303,5.156688213777393,4.782002940753303,5.093182563781738,325800
2009-07-17,5.105883369600701,5.182090511757066,4.985221909776323,5.175739765167236,251600
2009-07-20,5.201141298488548,5.366257049079405,5.182089667463582,5.232894420623779,149800
2009-07-21,5.245595455169678,5.29004945890557,5.150336097055137,5.245595455169678,102500
2009-07-22,5.207491817145031,5.290049688843283,5.207491817145031,5.2392449378967285,141100
2009-07-23,5.207490694876942,5.461515000505252,5.194789812697677,5.42976188659668,318800
2009-07-24,5.353555164682413,5.6583836267652385,5.353555164682413,5.556774139404297,141500
2009-07-27,5.53137277540398,5.582177528341296,5.3980101475334195,5.525022029876709,111100
2009-07-28,5.461516210005484,5.486918585629865,5.321802841251188,5.4361138343811035,130100
2009-07-29,5.398010853732675,5.442464866958453,5.2519473213391175,5.270998954772949,99900
2009-07-30,5.3472045552692125,5.480567162206438,5.328152927318276,5.398009300231934,178300
2009-07-31,5.359905875123844,5.404360484816222,5.251946237517622,5.321802616119385,130800
2009-08-03,5.385308265686035,5.410711245951717,5.283698767184847,5.385308265686035,245300
2009-08-04,5.385308343786679,5.569476319541465,5.385308343786679,5.4869184494018555,377300
2009-08-05,5.505969925014329,5.537723044277139,5.302750930756943,5.353555679321289,114200
2009-08-06,5.385308983360037,5.423412853196092,5.309101849328391,5.32815408706665,116500
2009-08-07,5.410711638587962,5.556775151872638,5.359906280010219,5.525022029876709,300200
2009-08-10,5.461517146860113,5.715540946678509,5.461517146860113,5.620282173156738,203300
2009-08-11,5.575826360733511,5.702838233462219,5.448814488004803,5.6139302253723145,229300
2009-08-12,5.6202804833102755,5.836200345415157,5.556774249629803,5.721889972686768,201400
2009-08-13,5.734590303783936,5.829849645130943,5.505968974703608,5.740941047668457,212500
2009-08-14,5.734591787153242,5.734591787153242,5.480568022466665,5.525022029876709,255600
2009-08-17,5.455164844426484,5.5123203344927525,5.232893628755517,5.366256237030029,124100
2009-08-18,5.391658295916946,5.785395353226892,5.245594812596937,5.607578754425049,211800
2009-08-19,5.537722673983385,5.709188537512464,5.505969556843827,5.690136909484863,91100
2009-08-20,5.65838395034155,5.842551308125,5.639332321781979,5.82349967956543,252600
2009-08-21,5.899707818402479,6.033070452633684,5.696488796960817,5.728241920471191,400700
2009-08-24,5.759994643051844,5.988616655939418,5.639333496192663,5.645684242248535,370200
2009-08-25,5.334503516435442,5.45516525013589,5.175738523617239,5.385308265686035,615500
2009-08-26,5.366256815263114,5.366256815263114,5.2392449378967285,5.2392449378967285,383200
2009-08-27,5.22654219640398,5.315450792101008,5.150335088223781,5.264646053314209,236100
2009-08-28,5.309099688820748,5.347203543150658,5.1757371071263885,5.213840961456299,261600
2009-08-31,5.188439475594286,5.188439475594286,5.086829987632247,5.124933242797852,334900
2009-09-01,5.131284562989492,5.213842432632588,4.978870313943956,4.997921943664551,257000
2009-09-02,5.004271479844594,5.086829329543226,4.9153628865598575,4.96616792678833,169500
2009-09-03,4.991572237908203,5.061428627618475,4.972520302556158,5.04237699508667,112000
2009-09-04,5.048727942580187,5.105883451524654,4.997923180327446,5.093182563781738,133200
2009-09-08,5.12493377888856,5.12493377888856,5.004272650722032,5.067778587341309,133800
2009-09-09,5.048726503122339,5.086830366768254,4.997921755354696,5.080479621887207,152600
2009-09-10,5.061427745766994,5.080479677799625,4.985220623276845,5.048726558685303,175600
2009-09-11,5.061428035978354,5.080479969103381,4.978870466623779,4.985220909118652,177100
2009-09-14,4.966168994064401,5.055077303636242,4.94711706203177,5.048726558685303,135500
2009-09-15,5.0360266712139,5.182090511757066,5.0360266712139,5.175739765167236,143800
2009-09-16,5.2011396580398435,5.366255356552916,5.169387151559841,5.347203731536865,159500
2009-09-17,5.347205760823053,5.467866905903081,5.258297134273238,5.2836995124816895,130800
2009-09-18,5.270998001995456,5.277348747205617,5.105882260373625,5.150336265563965,350800
2009-09-21,5.080478894912249,5.1439851233547635,5.048725780690991,5.074128150939941,87600
2009-09-22,5.12493441720436,5.163038286741994,5.048727283769552,5.055078029632568,213900
2009-09-23,5.080479621887207,5.150335998657624,4.959818194528964,5.080479621887207,332100
2009-09-24,5.112232685089111,5.156686687492553,5.0042724458461585,5.112232685089111,621000
2009-09-25,5.112232500654989,5.194790363311768,5.099531011489175,5.194790363311768,316900
2009-09-28,5.207491203801563,5.537722651699583,5.20114045927114,5.398009300231934,210700
2009-09-29,5.417061427928064,5.486918412926636,5.398009798219539,5.410711288452148,67700
2009-09-30,5.417062448878809,5.474217954416838,5.366257689654006,5.442464828491211,170200
2009-10-01,5.4424637438206815,5.4424637438206815,5.283698751474544,5.321802616119385,253900
2009-10-02,5.27734811692142,5.372606861135321,5.2392442558516645,5.30910062789917,188100
2009-10-05,5.372607996625374,5.417062005901751,5.2773492322787225,5.334504127502441,147000
2009-10-06,5.398009534545422,5.518670657659386,5.2773484114314595,5.512320518493652,172800
2009-10-07,5.442463838932593,5.5567748292244215,5.398009834103723,5.4869184494018555,91700
2009-10-08,5.5377223848772585,5.683785868197267,5.4170606671743515,5.607578754425049,178900
2009-10-09,5.6075803070803145,5.6329826853712595,5.4996200479336785,5.544074058532715,150000
2009-10-12,5.531372489994044,5.68378674094166,5.5123208600356906,5.5631256103515625,80800
2009-10-13,5.5694750226323295,5.5694750226323295,5.429761689880482,5.499618053436279,62200
2009-10-14,5.575825339843553,5.632980823516846,5.474215860264487,5.632980823516846,121800
2009-10-15,5.5821768438952155,5.721890200162408,5.556774470541212,5.715539455413818,211400
2009-10-16,5.658383496939861,5.696487356646122,5.5377223848772585,5.607578754425049,86500
2009-10-19,5.639331340789795,5.677434591280669,5.563124234167801,5.639331340789795,102000
2009-10-20,5.664733960495682,5.671084704405451,5.398008772688106,5.42976188659668,138800
2009-10-21,5.436112324345498,5.467864830825501,5.3408529879847695,5.347203731536865,571600
2009-10-22,5.321802203951982,5.347204576534365,5.163037223902007,5.182088851928711,609600
2009-10-23,5.277348691641337,5.321802696363628,5.023324336673007,5.036025524139404,360700
2009-10-26,5.0233234095814066,5.156686004775615,4.928064672574234,4.940765857696533,338500
2009-10-27,4.940765026886435,5.061426113848544,4.915362358093262,4.915362358093262,239800
2009-10-28,4.9217134031686545,4.9915700652935815,4.686741352081299,4.686741352081299,228700
2009-10-29,4.743897953587431,4.870910132249518,4.743897953587431,4.794703006744385,162000
2009-10-30,4.750249077730738,4.8582093322187445,4.674041946146342,4.775651454925537,229700
2009-11-02,4.7883530018034515,4.9217156434648945,4.572432476671546,4.902663707733154,369900
2009-11-03,4.8518588528471795,5.08048056297052,4.8518588528471795,5.04237699508667,231400
2009-11-04,5.061426466389574,5.061426466389574,4.820103972836551,4.832805156707764,133900
2009-11-05,4.85820845009325,5.201140479955414,4.85820845009325,5.182088851928711,272300
2009-11-06,5.124933608708161,5.239244593647198,5.016973671450445,5.188439846038818,136600
2009-11-09,5.226542905727358,5.46151561155609,5.169388021065594,5.378957748413086,176500
2009-11-10,5.366256563642188,5.398009682904998,5.182089198686339,5.353555679321289,184700
2009-11-11,5.410711622687385,5.410711622687385,5.188440375009502,5.27734899520874,85800
2009-11-12,5.251945999355312,5.296400001391433,5.0487264065322845,5.061427593231201,122300
2009-11-13,5.067778626689139,5.169388428889103,5.055077439266668,5.118583679199219,110600
2009-11-16,5.131285563096997,5.270998954772949,5.131285563096997,5.270998954772949,110300
2009-11-17,5.245595455169678,5.321802578277084,5.18208921642665,5.245595455169678,63200
2009-11-18,5.258295309555795,5.315450792101008,5.182088201375596,5.264646053314209,55700
2009-11-19,5.2074929760301325,5.226544610464775,5.067779879835099,5.093182563781738,101600
2009-11-20,5.048726126826322,5.188439475594286,5.048726126826322,5.124933242797852,93000
2009-11-23,5.188440705188401,5.353556465077199,5.150336835352345,5.32815408706665,115400
2009-11-24,4.985220912728407,5.56312571555011,4.95346809459064,5.3154520988464355,470400
2009-11-25,5.353554631165258,5.6710845503444025,5.353554631165258,5.467864990234375,313000
2009-11-27,5.2964002039079485,5.429762820756004,5.245595455169678,5.245595455169678,63600
2009-11-30,5.251945884208597,5.378957748413086,5.1757381600455625,5.378957748413086,202500
2009-12-01,5.436114015056621,5.556775151872638,5.436114015056621,5.525022029876709,146000
2009-12-02,5.531372356688559,5.639332599918056,5.512320727189349,5.6139302253723145,148200
2009-12-03,5.620281456017926,5.696488586239538,5.486918826719996,5.493268966674805,165500
2009-12-04,5.613929574205489,5.6837859446934536,5.525020970787825,5.588527202606201,257400
2009-12-07,5.601228870268268,5.639332735825371,5.518670999594877,5.5631256103515625,156500
2009-12-08,5.53772310173509,5.632981854871525,5.448814488004803,5.6139302253723145,90500
2009-12-09,5.613931426751151,5.715540946678509,5.518672047588868,5.620282173156738,160200
2009-12-10,5.626631203002013,5.709189073052927,5.594878688524301,5.658384323120117,106800
2009-12-11,5.690138963323425,5.715541345075918,5.6583858347226705,5.7028398513793945,96800
2009-12-14,5.70283796591664,5.715539455413818,5.632981590603221,5.715539455413818,107500
2009-12-15,5.715540160510074,5.829851157525213,5.683787038490267,5.709189414978027,127500
2009-12-16,5.728240814093915,5.779045559641682,5.632981461961599,5.76634407043457,111600
2009-12-17,5.715539107168402,5.715539107168402,5.620280364305055,5.664734363555908,74000
2009-12-18,5.728241022125583,5.759993535015834,5.607579292837329,5.696487903594971,543300
2009-12-21,5.709188710665229,5.817148948829829,5.607579217249218,5.715539455413818,171000
2009-12-22,5.715539366588165,5.925109094911837,5.715539366588165,5.842551231384277,226200
2009-12-23,5.855253356014812,5.855253356014812,5.7345916171357105,5.80444860458374,152200
2009-12-24,5.7980973062725525,5.848902052858307,5.7980973062725525,5.82349967956543,34900
2009-12-28,5.810799262800496,5.880656256482113,5.728241988588436,5.7599945068359375,69100
2009-12-29,5.753641844860216,5.861601449737938,5.645681634342294,5.855251312255859,140600
2009-12-30,5.842550703011511,5.874303817749023,5.683785734964241,5.874303817749023,153200
2009-12-31,5.855252015705323,5.893355267736312,5.7282401662015765,5.848901271820068,171500
2010-01-04,5.893357017037094,6.039421141552217,5.779046621373576,6.0076680183410645,155500
2010-01-05,5.982264298827185,6.007666670569199,5.8171485796839395,5.880654811859131,138500
2010-01-06,5.84890197603417,5.880655093643283,5.759993367856718,5.842551231384277,211800
2010-01-07,5.8171485796839395,5.887005556204714,5.72824058140705,5.880654811859131,113400
2010-01-08,5.8806550911374,6.071173191070557,5.874304346490215,6.071173191070557,122000
2010-01-11,6.039418455042995,6.039418455042995,5.912406624337396,5.937808990478516,80700
2010-01-12,5.696487487345751,5.70918837044571,5.499618651353687,5.556774139404297,365300
2010-01-13,5.594879793174899,5.683787820291082,5.525022793994456,5.620282173156738,114200
2010-01-14,5.588529046769311,5.6583854403092415,5.531373540400044,5.620282173156738,70300
2010-01-15,5.645683286386469,5.664734915688005,5.302750930756943,5.353555679321289,294900
2010-01-19,5.353554475088962,5.525020311513891,5.3090998758645265,5.347203731536865,173000
2010-01-20,5.283698385669508,5.302750619493081,5.207491267296237,5.258296012878418,280900
2010-01-21,5.270997448092275,5.334503076599209,5.156686468883325,5.290049076080322,249000
2010-01-22,5.270997712312527,5.33450334400282,5.175738356316541,5.188439846038818,165800
2010-01-25,5.2392448815850425,5.2392448815850425,5.124933890363714,5.150336265563965,114400
2010-01-26,5.150335614788362,5.163037103603777,5.08047924322454,5.124933242797852,146500
2010-01-27,5.099530989625884,5.201140479955414,5.048726244461119,5.182088851928711,96700
2010-01-28,5.182089273256005,5.182089273256005,4.978870276074321,5.067778587341309,155800
2010-01-29,5.074129049554077,5.11223291449573,4.940766733539064,4.959818363189697,209500
2010-02-01,4.972520652789306,5.03602660373535,4.858209941086426,4.909014701843262,195700
2010-02-02,4.928066389648889,4.940767579196634,4.801054191351196,4.902663707733154,200400
2010-02-03,4.889963307075323,4.9534695678796545,4.782003329912605,4.877262115478516,149700
2010-02-04,4.826455533044238,4.8455074646809395,4.71214485168457,4.71214485168457,192700
2010-02-05,4.7375460871466615,4.7756496384456835,4.604183506190031,4.686741352081299,140000
2010-02-08,4.686742725498551,4.724846287963556,4.59783411026001,4.59783411026001,141600
2010-02-09,4.661340634337421,4.7121453873841155,4.623237069552401,4.680392265319824,174900
2010-02-10,4.667689925757239,4.712144225118406,4.591482814983929,4.616885185241699,166600
2010-02-11,4.616886022388324,4.7121450795376685,4.572431714966578,4.705794334411621,275600
2010-02-12,4.648639142378171,4.705794334411621,4.604184834956425,4.705794334411621,271700
2010-02-16,4.731197542661968,4.83280736283563,4.7057951633236135,4.769301414489746,141300
2010-02-17,4.883611552297356,5.016974179689602,4.731196991211841,4.7883524894714355,163300
2010-02-18,4.769300635681685,4.820105386062177,4.610535639332552,4.64863920211792,145300
2010-02-19,4.648638767780018,4.756598700841405,4.629586836757321,4.724845886230469,330400
2010-02-22,4.750248259047286,4.775650631864102,4.705793955207771,4.724845886230469,186800
2010-02-23,4.502575691473522,4.724846640514538,4.483523757409335,4.623237133026123,583100
2010-02-24,4.69309208119598,4.991570372292604,4.654988527553456,4.972518444061279,525900
2010-02-25,4.902663020052035,4.953468073936994,4.813754705688711,4.947117328643799,220800
2010-02-26,4.953467845268778,4.953467845268778,4.762949734750675,4.807404041290283,265000
2010-03-01,4.820105568917331,4.870910321225147,4.762950071160932,4.858209133148193,210800
2010-03-02,4.8772613286376645,4.934416833012639,4.870910885273915,4.902663707733154,149700
2010-03-03,4.928066803874684,4.953469185105356,4.8836124853108736,4.934417247772217,200200
2010-03-04,4.959818765545887,4.9852211423542485,4.883611635120804,4.953468322753906,147600
2010-03-05,4.959819113261541,5.0487274383238585,4.934416734672308,5.04237699508667,114000
2010-03-08,5.023325059734625,5.055078184381286,5.0169746164974365,5.04237699508667,78100
2010-03-09,5.016973313248265,5.2138418475847965,4.959817824859537,5.124933242797852,236300
2010-03-10,5.124933569072797,5.188439805912308,5.061427635053467,5.112232685089111,185600
2010-03-11,5.074128174319859,5.13763440305499,4.978869436857445,5.086829662322998,203400
2010-03-12,5.124933457458504,5.232893694350225,5.099531084404003,5.226542949676514,196300
2010-03-15,5.232893965164921,5.2582963395340565,5.175738471424272,5.245595455169678,115500
2010-03-16,5.245595129303043,5.264646757486275,5.201140522688379,5.258296012878418,93500
2010-03-17,5.258296103041255,5.283698476267914,5.1122326083980525,5.131284236907959,226100
2010-03-18,5.112233531118789,5.118584276981804,5.010623717052149,5.055078029632568,75000
2010-03-19,5.08048056297052,5.08048056297052,4.928066291435119,5.04237699508667,235100
2010-03-22,4.9852212019607895,5.124934276077276,4.940767193424746,5.10588264465332,89100
2010-03-23,5.086831309027948,5.099532195502325,4.997922681145392,5.04237699508667,111500
2010-03-24,5.004273873056613,5.023325507285817,4.921715983876022,4.928066730499268,102100
2010-03-25,4.991571346672608,5.08683040078403,4.845507544453811,4.864559173583984,214300
2010-03-26,4.8963124263205975,5.048726674806438,4.864559306475951,4.959818363189697,129200
2010-03-29,4.953468768744378,5.048727538942342,4.88996251818541,4.902663707733154,144700
2010-03-30,4.9217134438062455,4.959816995419881,4.775649677877256,4.832805156707764,97800
2010-03-31,4.801053541010384,4.97887047341234,4.801053541010384,4.8391571044921875,163300
2010-04-01,4.870909898934545,4.915363901939775,4.775650845205906,4.826455593109131,75500
2010-04-05,4.858210104080201,4.934417247772217,4.832807722849529,4.934417247772217,111100
2010-04-06,4.909013901742139,4.9534682115690645,4.83915721567703,4.896312713623047,101300
2010-04-07,4.902661900332415,4.972518568501982,4.8772595306016875,4.921713829040527,165500
2010-04-08,4.915362358093262,4.972517832942747,4.889959992120176,4.915362358093262,222500
2010-04-09,4.928065835330881,4.928065835330881,4.877260780034304,4.896312713623047,101700
2010-04-12,4.88360955203695,4.921713100996577,4.83280482009078,4.915362358093262,166200
2010-04-13,4.889960765838623,4.91536313583102,4.877259580842424,4.889960765838623,129700
2010-04-14,4.921714559210647,5.10588191849098,4.883610998961632,5.099531173706055,433400
2010-04-15,5.10588191849098,5.226543041202774,5.086830289776562,5.099531173706055,318500
2010-04-16,5.099531234903971,5.23289384878606,5.061427674197686,5.188439846038818,283600
2010-04-19,5.1757371071263885,5.2392433291295,5.1757371071263885,5.213840961456299,244500
2010-04-20,5.226542489523024,5.5313715449797405,5.213841606934153,5.455164432525635,458200
2010-04-21,5.455165251953185,5.505970001220703,5.455165251953185,5.505970001220703,236700
2010-04-22,5.436114274328573,5.728241920471191,5.436114274328573,5.728241920471191,184600
2010-04-23,5.747292876736571,5.899707124901778,5.715539756958724,5.861603260040283,257800
2010-04-26,5.874305440722272,5.874305440722272,5.715540428810859,5.728241920471191,147200
2010-04-27,5.715538366624278,5.7345899916004255,5.518669556403292,5.550422668457031,236700
2010-04-28,5.594879496387617,5.607580382884546,5.455166111078512,5.461516857147217,106500
2010-04-29,5.499620111165865,5.658385128719801,5.442464607943972,5.645684242248535,131200
2010-04-30,5.626631351825642,5.626631351825642,5.296400468527817,5.3154520988464355,355800
2010-05-03,5.321802841251188,5.486918585629865,5.302751210943004,5.4361138343811035,129000
2010-05-04,5.353555756358339,5.353555756358339,5.036025467621574,5.067778587341309,279700
2010-05-05,5.0233234335878665,5.112232032688993,4.953467066491449,5.086829662322998,147100
2010-05-06,5.067777782070376,5.169387567335594,4.635937178858667,5.163036823272705,264700
2010-05-07,5.143984950105626,5.398008644039622,5.036024425953483,5.264646053314209,902400
2010-05-10,5.398009534545422,5.5250214024654785,5.334503297765215,5.512320518493652,269600
2010-05-11,5.461516857147217,5.63933350758759,5.448815365009807,5.461516857147217,190700
2010-05-12,5.486917348032006,5.632980823516846,5.423411120474954,5.632980823516846,96500
2010-05-13,5.594879837940983,5.690138612224944,5.518672091745194,5.575827598571777,105300
2010-05-14,5.518669878772355,5.544072248771159,5.315450918781926,5.42976188659668,104000
2010-05-17,5.480568415625587,5.575827182806515,5.347205778188006,5.544074058532715,133500
2010-05-18,5.613929587905277,5.613929587905277,5.359905265652183,5.3726067543029785,127200
2010-05-19,5.35990544913005,5.3853078216608905,5.169387957968913,5.290049076080322,197900
2010-05-20,5.1376349816247115,5.207491356587936,5.0868302351713925,5.131284236907959,157100
2010-05-21,5.074130323706556,5.226544610464775,4.985221989764262,5.093182563781738,220400
2010-05-24,5.07412887700616,5.175738372541446,4.997921755354696,5.080479621887207,108700
2010-05-25,4.972519898747547,5.194791147583485,4.8582092043789435,5.169388771057129,145300
2010-05-26,5.188440057791665,5.385308311398719,4.997921943664551,4.997921943664551,192600
2010-05-27,5.143987019455617,5.442464828491211,5.1122338935299885,5.442464828491211,242700
2010-05-28,5.398008468673159,5.556773423634134,5.277347369384523,5.347203731536865,277700
2010-06-01,5.315451594211326,5.366256340664644,5.048726372511229,5.131284236907959,242600
2010-06-02,5.239245134469843,5.423412514971044,5.086830875911695,5.156687259674072,290500
2010-06-03,5.309102097255565,5.436114598880068,5.156687822074753,5.201141834259033,356900
2010-06-04,5.074129320652833,5.232894322718119,4.991571749722244,5.004272937774658,325800
2010-06-07,5.0423752886131465,5.0423752886131465,4.877259580842424,4.889960765838623,178500
2010-06-08,4.934415756835156,5.029674809077724,4.737547210371278,4.820105075836182,213900
2010-06-09,4.883611724309272,4.883611724309272,4.743898346491509,4.813755035400391,146200
2010-06-10,4.897416259928034,5.122658729553223,4.852367643255558,5.122658729553223,242700
2010-06-11,5.0647393415267405,5.277110830802327,4.948900431067859,5.270675182342529,172900
2010-06-14,5.315723496035727,5.405820109154781,5.270674575739053,5.341465473175049,247900
2010-06-15,5.412255336985484,5.4637392872699495,5.315723083636387,5.450868606567383,156600
2010-06-16,5.3993846851050895,5.4701749636898365,5.38007774334253,5.437997341156006,102600
2010-06-17,5.450869381577292,5.502353339181798,5.335030170098564,5.483047008514404,153300
2010-06-18,5.515223484192908,5.540965460486311,5.3543359789248575,5.373642921447754,479200
2010-06-21,5.431562944769275,5.495918204657699,5.154836800218435,5.206320762634277,258000
2010-06-22,5.206319522313671,5.315723069818038,5.084044987271646,5.090480327606201,125300
2010-06-23,5.071173999733989,5.161271219366142,4.987512427304938,5.090480327606201,93200
2010-06-24,5.045432212248069,5.148400116377683,4.993948260183261,5.006819248199463,112700
2010-06-25,5.045432691373407,5.187013879865048,4.858803193981456,5.180578231811523,1400800
2010-06-28,5.161272750339271,5.193449768425166,5.03256252991521,5.045433521270752,177200
2010-06-29,4.942464020621258,5.045432232023003,4.839496116088074,4.923157691955566,210900
2010-06-30,4.910286441700616,5.0196899878597225,4.820189223176325,4.826624870300293,236200
2010-07-01,4.852367301294025,4.948899869150038,4.730092756258886,4.910286903381348,252300
2010-07-02,4.948898792266846,4.9875117496333345,4.800882302261051,4.948898792266846,189300
2010-07-06,5.013253673766063,5.038995645100103,4.742962667890142,4.775140285491943,270000
2010-07-07,4.8073196914065885,4.93602991104126,4.800884349202605,4.93602991104126,201500
2010-07-08,4.981077538221782,5.1355297190498455,4.890980611745425,5.122658729553223,134300
2010-07-09,5.122659350138055,5.1870146122860845,5.058304394858659,5.174143314361572,87300
2010-07-12,5.167707560882195,5.257804803319762,5.045433301758662,5.1612725257873535,161000
2010-07-13,5.219190770201041,5.39294958114624,5.219190770201041,5.39294958114624,217900
2010-07-14,5.354336282755175,5.49591746727144,5.174142438476304,5.476611137390137,358000
2010-07-15,5.4573040706264715,5.470175366081671,5.302852207586963,5.412255764007568,293100
2010-07-16,5.3543356266632145,5.412255222947124,5.135528842564582,5.148399829864502,206000
2010-07-19,5.148400826691237,5.219191117112848,5.051868249817056,5.187014102935791,71000
2010-07-20,5.109787378787578,5.43156209345322,5.051867776713475,5.412255764007568,200500
2010-07-21,5.457305267711633,5.457305267711633,5.225627422332764,5.225627422332764,143800
2010-07-22,5.31572311201197,5.457303669181464,5.296416170249409,5.437997341156006,229400
2010-07-23,5.3993856014137265,5.618192121554954,5.3736436217655115,5.592450141906738,245200
2010-07-26,5.605320532144002,5.6310625076293945,5.457303712800162,5.6310625076293945,206500
2010-07-27,5.631063162728302,5.759773055128941,5.57314355771372,5.598885536193848,342200
2010-07-28,5.573143274774676,5.624627229121179,5.380078139106717,5.412255764007568,158000
2010-07-29,5.4444325016285084,5.553836040219604,5.335028963037413,5.521658420562744,151600
2010-07-30,5.425127402775041,5.5345309661189095,5.386514127703069,5.483047008514404,194800
2010-08-02,5.586014468300324,5.663240398410915,5.457303971045536,5.470175266265869,198200
2010-08-03,5.444433134263937,5.540965390714382,5.380077887472228,5.418691158294678,100000
2010-08-04,5.431562063373761,5.515223642157806,5.386513757004331,5.425127029418945,92000
2010-08-05,5.3672070002662915,5.418690950227932,5.328593730926514,5.328593730926514,69400
2010-08-06,5.289981075323832,5.3672070002662915,5.1677062338621145,5.328593730926514,112500
2010-08-09,5.3736432562076955,5.483046815704415,5.3092880045965085,5.46373987197876,133000
2010-08-10,5.3800783060472925,5.463739887890615,5.199884460243227,5.238497734069824,90100
2010-08-11,5.148401420539533,5.148401420539533,4.916723270692035,4.93602991104126,177300
2010-08-12,4.865237541176403,4.961770094177105,4.839495567958687,4.8974151611328125,143800
2010-08-13,4.897416885975561,4.9102878771175105,4.800884298976624,4.807319641113281,123500
2010-08-16,4.7880120815391365,4.858802668123439,4.710786154466382,4.794447422027588,130400
2010-08-17,4.858803513627472,5.051868364905513,4.833061533457067,5.026126384735107,87100
2010-08-18,5.006820516496897,5.045433490326706,4.916723270692035,4.93602991104126,71000
2010-08-19,4.929592522637321,4.961770142909767,4.704350101335788,4.749398708343506,127600
2010-08-20,4.723657348878674,4.981077117044894,4.6979153720620515,4.9553351402282715,174600
2010-08-23,5.0003836782118505,5.199884148987474,4.9231577489184275,5.032561302185059,303700
2010-08-24,5.13552926199618,5.98501541377617,5.13552926199618,5.90135383605957,1386000
2010-08-25,5.836997254777538,5.952836430358736,5.682545429827272,5.927094459533691,819400
2010-08-26,5.965710743466544,6.242436916525956,5.907791126347481,5.978581428527832,664100
2010-08-27,6.068678118226386,6.384017544810351,5.843435319959411,6.3389692306518555,451600
2010-08-30,6.306789222831796,6.429063435340165,6.010756240523253,6.0171918869018555,348400
2010-08-31,6.0043203720088245,6.120159547590022,5.914223167252671,5.927094459533691,356700
2010-09-01,6.030063934611782,6.184515800333269,5.914224728452087,6.133031845092773,247000
2010-09-02,6.113723836828003,6.223127365112305,5.978578337990746,6.223127365112305,186400
2010-09-03,6.274612631295348,6.3840161826835695,6.223128679317022,6.364709854125977,156300
2010-09-07,6.338967878136814,6.396886863809591,6.248870655306185,6.364709854125977,152100
2010-09-08,6.39045087358261,6.744402837019244,6.33896692931048,6.686483860015869,411000
2010-09-09,6.731535042863311,6.840938624764718,6.454808263496543,6.564211845397949,420200
2010-09-10,6.622132096289012,6.622132096289012,6.4097605613377855,6.544906139373779,359100
2010-09-13,6.596388709079956,6.757276238569712,6.493420788404468,6.725098609924316,229100
2010-09-14,6.686485173981496,6.7637111055654096,6.660743196786858,6.692920207977295,177400
2010-09-15,6.654309582453065,6.808761492817731,6.564212327871675,6.744406223297119,296200
2010-09-16,6.712226484953732,6.7830167617784065,6.519161368288064,6.654306888580322,314400
2010-09-17,6.744404202620793,6.789453123283146,6.37758087197352,6.660743236541748,473600
2010-09-20,6.66074465012423,6.860244863478221,6.622131369038497,6.802325248718262,494900
2010-09-21,6.757275783089439,6.911727653691704,6.570646286010742,6.570646286010742,555400
2010-09-22,6.557774066925049,6.615693663683066,6.454806167682836,6.557774066925049,185900
2010-09-23,6.493421545118276,6.641437794904126,6.493421545118276,6.564211845397949,190300
2010-09-24,6.596389261051943,6.763712453019473,6.564211629713991,6.609260559082031,289100
2010-09-27,6.615693017815122,6.680048255427264,6.49341880283649,6.506289482116699,176500
2010-09-28,6.51306067419873,6.634926882403578,6.282869234553711,6.397964954376221,692400
2010-09-29,6.377655263676669,6.472440180797411,6.296411325717215,6.364114284515381,425600
2010-09-30,6.364113014936869,6.695859835844495,6.330261865125472,6.648467063903809,543900
2010-10-01,6.722943247591576,6.7432540729702115,6.560454707554,6.67555046081543,235500
2010-10-04,6.675549336755946,6.675549336755946,6.5333722917069235,6.614616870880127,145900
2010-10-05,6.6823198242218975,6.905740802716445,6.607846379946844,6.892200469970703,174100
2010-10-06,6.8583487889721235,6.939592723868795,6.67554945120256,6.716171741485596,191500
2010-10-07,6.783876231659964,6.824497881592469,6.7026316404559845,6.790646076202393,95100
2010-10-08,6.777104496506719,6.939592357726996,6.7500231863033395,6.878659248352051,240500
2010-10-11,6.892199258432684,6.932820895198668,6.783874032831029,6.81772518157959,114200
2010-10-12,6.783874932732379,6.92605132594272,6.668779203845509,6.919281482696533,200900
2010-10-13,6.93959451179889,7.163015551744703,6.858350555970373,7.12916374206543,183400
2010-10-14,7.169784598290258,7.399976082928271,7.122392461689291,7.251028537750244,289100
2010-10-15,7.305191422923941,7.305191422923941,7.068229440183242,7.081770420074463,251800
2010-10-18,7.095310547188463,7.45413875579834,7.061459389787422,7.45413875579834,213300
2010-10-19,7.318732464826859,7.393205917851212,7.007297027054024,7.0411481857299805,166900
2010-10-20,7.1020796785366604,7.142701963585386,6.946362318133397,7.014065265655518,121800
2010-10-21,7.068227488133289,7.223945485530011,6.946361931115507,7.1223907470703125,142900
2010-10-22,7.1630128667867226,7.230716460767498,7.0208358359625525,7.217175483703613,107800
2010-10-25,7.291652253946713,7.386436545654455,7.278111271891571,7.311963081359863,117700
2010-10-26,7.251026824690526,7.447366460084155,7.251026824690526,7.339041233062744,137900
2010-10-27,7.31873041441355,7.372893027924256,7.244256336584367,7.339041233062744,174800
2010-10-28,7.379662993629743,7.420285277275961,7.230716126821961,7.34581184387207,174500
2010-10-29,7.2984216646421896,7.427058403826736,7.251029521610789,7.393206596374512,114700
2010-11-01,7.4135174636089785,7.535383712843658,7.332273512675701,7.474450588226318,213100
2010-11-02,7.596315384050332,7.664018340706291,7.555693093521233,7.657248497009277,324800
2010-11-03,7.670788531529281,7.711410820477379,7.447367556488186,7.684329509735107,137800
2010-11-04,7.758805133492054,8.171795399801082,7.697872005779176,8.077011108398438,401600
2010-11-05,8.05669671548394,8.090548512574744,7.894208864251266,7.995764255523682,287500
2010-11-08,7.948373185718062,8.158253856150822,7.921291871372171,8.063468933105469,177500
2010-11-09,8.117630063124924,8.293658896709607,7.97545302764027,8.043156623840332,278600
2010-11-10,8.077009136221717,8.178563893833346,7.873898975329055,8.151482582092285,134500
2010-11-11,8.043157522781513,8.043157522781513,7.860358180012439,7.961913585662842,97100
2010-11-12,7.867128559414567,8.04992789962518,7.704640687451406,7.738492488861084,109700
2010-11-15,7.785883376690039,7.9551417109659095,7.691098477054602,7.826505661010742,58600
2010-11-16,7.745261848338203,7.745261848338203,7.521840876940809,7.616625785827637,123800
2010-11-17,7.623397323289843,8.544162645815772,7.623397323289843,8.442607879638672,489600
2010-11-18,8.564473039002436,8.693109758401924,8.476459257101006,8.584784507751465,220200
2010-11-19,8.571244769378103,8.632177893107158,8.476460484172478,8.59155559539795,114800
2010-11-22,8.564471850461011,8.80143378762638,8.489998412391287,8.63217544555664,288500
2010-11-23,9.221193714969342,9.81698311237298,8.754041009578492,8.760810852050781,1102000
2010-11-24,8.936840029010341,9.20765375453751,8.774352181095628,9.194112777709961,478500
2010-11-26,9.133179408988536,9.6477248914956,9.133179408988536,9.437844276428223,176800
2010-11-29,9.343059477764617,9.471695518035352,9.092557239375843,9.356599807739258,274500
2010-11-30,9.22119539859419,9.322750802252159,9.0248557263254,9.126410484313965,214900
2010-12-01,9.3092067554971,9.573249943184836,9.160259266621773,9.417531967163086,277800
2010-12-02,9.417536963399042,9.769594733758032,9.31598218500216,9.728972434997559,168900
2010-12-03,9.661266401952416,9.965931286232285,9.546170678564792,9.89822769165039,196900
2010-12-06,9.911769912791112,10.141960742786663,9.891458444465794,10.087798118591309,214000
2010-12-07,10.155501480635717,10.419544751573229,10.020094923361121,10.317989349365234,339400
2010-12-08,10.317988378501354,10.89346699985588,10.31121788985734,10.758060455322266,432400
2010-12-09,10.812223966492073,11.022104612112493,10.71066856544888,10.771601676940918,310600
2010-12-10,10.832534788432957,11.103347899876026,10.744520365796612,10.771601676940918,343400
2010-12-13,10.615884184631767,10.846075649707105,10.609113695501462,10.67004680633545,370000
2010-12-14,10.73097956020961,10.798682512252423,10.64296514145153,10.676816940307617,220700
2010-12-15,10.703900494188485,10.93409135419372,10.595574586006057,10.852848052978516,313000
2010-12-16,10.866386542898034,10.967942595216156,10.717439646217692,10.900238990783691,170300
2010-12-17,10.89346825819325,10.954401371689277,10.595573180139207,10.947630882263184,382300
2010-12-20,10.981481454710174,11.455405358651007,10.981481454710174,11.306458473205566,214000
2010-12-21,11.401242618141191,11.58404194700579,11.35385048651083,11.516338348388672,252500
2010-12-22,11.536650298650377,11.71267785455452,11.225214248500945,11.299688339233398,176200
2010-12-23,11.265834683351834,11.32676778898418,11.103346832111795,11.16427993774414,88800
2010-12-27,11.171051025390625,11.23875462320619,11.096576938659629,11.171051025390625,117700
2010-12-28,11.171049706178868,11.218441831651518,11.028873329760923,11.116887092590332,156800
2010-12-29,11.130427171895027,11.16427831840806,10.764828591129636,10.846073150634766,199200
2010-12-30,10.798684776052554,11.211675000800485,10.798684776052554,10.852848052978516,154800
2010-12-31,10.798683587655995,11.015334734508869,10.778372764587402,10.778372764587402,114000
2011-01-03,10.927319524642497,11.177822470589467,10.84607623338428,11.049185752868652,138300
2011-01-04,11.130429478465095,11.130429478465095,10.554950829117255,10.595572471618652,509600
2011-01-05,10.561723391432606,10.995024440077557,10.500790270049537,10.981483459472656,222100
2011-01-06,10.961172105639024,11.015334730917226,10.839305875928357,10.900238990783691,130800
2011-01-07,10.954401616061894,10.954401616061894,10.744520958856793,10.900238990783691,104000
2011-01-10,10.785142423223274,11.04918503978003,10.615884070796891,11.001792907714844,149400
2011-01-11,11.04241312288013,11.177820303847874,10.96116984737035,11.096575736999512,179000
2011-01-12,11.225214246644912,11.225214246644912,11.089807043760802,11.17782211303711,151500
2011-01-13,11.171053054453642,11.171053054453642,11.042416324372905,11.089808464050293,200400
2011-01-14,11.083037252167493,11.272605776444614,10.940859567620931,11.171051025390625,191800
2011-01-18,11.171051868790157,11.18459284764334,10.778372521419572,10.825764656066895,205200
2011-01-19,10.785141469146668,10.8189926201019,10.06748583424963,10.250285148620605,462100
2011-01-20,10.135189247663215,10.2909066054361,9.837294217456115,10.223203659057617,267500
2011-01-21,10.290907144161265,10.426313689676018,10.135189778236635,10.243515014648438,278600
2011-01-24,10.223203785999699,10.466935558193414,9.993012344982088,10.324758529663086,164400
2011-01-25,10.229975277052676,10.385693307518412,10.155501829411316,10.372152328491211,111900
2011-01-26,10.419546040799188,10.73098148389983,10.311220135906789,10.615885734558105,105600
2011-01-27,10.602342424883538,10.676816508488729,10.433084083118043,10.575261116027832,85700
2011-01-28,10.554951884157006,10.649736156580847,10.020095469517369,10.02686595916748,232900
2011-01-31,10.053946614932196,10.3924633272778,9.884688258759393,10.338300704956055,171100
2011-02-01,10.4330851991565,10.588803225986135,10.338300930857018,10.541410446166992,179000
2011-02-02,10.473706594783955,10.676816738410324,10.351840379474265,10.40600299835205,85900
2011-02-03,10.399232115120565,10.642964536494905,10.141959362375053,10.609112739562988,130200
2011-02-04,10.60911544978745,10.670048570697123,10.365383611818242,10.399234771728516,93700
2011-02-07,10.39246414382098,10.70389956947541,10.39246414382098,10.548181533813477,52300
2011-02-08,10.500788932444651,10.521099755095289,10.14196074015671,10.392463684082031,138200
2011-02-09,10.311218860985464,10.466936886116908,10.223205083001329,10.378922462463379,109400
2011-02-10,10.270596987018758,10.703898606317596,10.270596987018758,10.67004680633545,93600
2011-02-11,10.615883886105191,10.83930485576746,10.534639955834308,10.791912078857422,166900
2011-02-14,10.778372041415594,10.967941862901402,10.778372041415594,10.920548439025879,107600
2011-02-15,10.84607583090664,10.981481741758616,10.69035780665502,10.697128295898438,191400
2011-02-16,10.717440794372012,11.049187071158178,10.609115532210774,10.981483459472656,140500
2011-02-17,10.940859906401103,11.049185149724776,10.846075641327579,10.920548439025879,208900
2011-02-18,11.028875463638876,11.137200711774828,10.879927278947829,11.008563995361328,183600
2011-02-22,9.546170906725326,9.559711238563732,7.988994005148021,8.043156623840332,1868000
2011-02-23,8.253036893008748,8.259807381994912,7.447367428066938,7.494759559631348,851500
2011-02-24,7.487989954444037,7.6978699543346725,7.278109308884014,7.325501441955566,550500
2011-02-25,7.4473675025654575,7.9145202709045845,7.4473675025654575,7.880669116973877,480700
2011-02-28,7.948369495040921,7.975450796812115,7.677556477328978,7.752029895782471,292900
2011-03-01,7.7520319564972375,7.826506040417265,7.325500855964726,7.440596580505371,265200
2011-03-02,7.420285934608258,7.548921993822912,7.244257099329805,7.406744956970215,210100
2011-03-03,7.481217525924782,7.65724632551577,7.399973613575685,7.582772254943848,309800
2011-03-04,7.562462991490457,7.745261670402731,7.359352846067323,7.650477409362793,189500
2011-03-07,7.684328249850719,7.711409556152875,7.21040442105908,7.332270622253418,214400
2011-03-08,7.311960190644584,7.711409963978647,7.305189702293662,7.603084087371826,197300
2011-03-09,7.603084087371826,7.691098498925883,7.467677548699934,7.603084087371826,145100
2011-03-10,7.4676784868396116,7.582774220587142,7.28487979808549,7.325501441955566,178700
2011-03-11,7.284879562621554,7.35258251543983,7.176554321576817,7.278109073638916,145500
2011-03-14,7.190094057368865,7.325500597441202,7.108850133325464,7.176553726196289,130200
2011-03-15,6.858349246657946,7.142703360607118,6.838038422995703,7.054688930511475,272400
2011-03-16,6.980217186391676,7.122394278123638,6.8312696032273355,6.885432243347168,137700
2011-03-17,7.034378128990569,7.095310600169087,6.831267954720503,6.838038444519043,193200
2011-03-18,6.946363262957784,7.345813096646791,6.939592773583875,7.318731784820557,265300
2011-03-21,7.447369130745005,7.70464196001472,7.447369130745005,7.589546203613281,149600
2011-03-22,7.630164222903484,7.630164222903484,7.447364954996025,7.515068531036377,107500
2011-03-23,7.467679732991482,7.711412219561792,7.440598417335836,7.542153835296631,179600
2011-03-24,7.609855476833788,7.609855476833788,7.427056789398193,7.427056789398193,186600
2011-03-25,7.460910655618609,7.515073292500052,7.291652253946713,7.311963081359863,253100
2011-03-28,7.352583173959161,7.4812198934728995,7.311961527763872,7.366124153137207,272000
2011-03-29,7.345814688725622,7.481221277203838,7.345814688725622,7.379665851593018,122800
2011-03-30,7.4405944849367645,7.569231150567951,7.386431882250735,7.41351318359375,130400
2011-03-31,7.372893982387744,7.379663825701014,7.251027763377731,7.278109073638916,185400
2011-04-01,7.3593534767893,7.454138391621984,7.28488003020824,7.433826923370361,224500
2011-04-04,7.447366602221924,7.548921343075413,7.386433499442111,7.501529216766357,219800
2011-04-05,7.481216659206605,7.62339365076326,7.460905844889695,7.467675685882568,114200
2011-04-06,7.548924048497774,7.616627663776936,7.393206637293041,7.474450588226318,133200
2011-04-07,7.48799155113708,7.48799155113708,7.271340370178222,7.271340370178223,165600
2011-04-08,7.332272855787749,7.332272855787749,7.129162673816145,7.149474143981934,97000
2011-04-11,7.135931053588657,7.298418892846219,6.986983544767921,7.000524520874023,107800
2011-04-12,6.9802163829870985,7.020838035566727,6.838039307619344,6.973445892333984,196000
2011-04-13,7.047917847728375,7.068228669681682,6.8177263800262615,6.892200469970703,178600
2011-04-14,6.831269181118073,6.980216755078832,6.7094029255438565,6.905742645263672,219900
2011-04-15,6.8718884185502045,7.020835940115938,6.810955957866769,7.007295608520508,189000
2011-04-18,6.831265864520795,6.912509780236287,6.790643583828425,6.84480619430542,123800
2011-04-19,6.892202308905182,6.939594454664239,6.770336053330965,6.905742645263672,164200
2011-04-20,7.061458247426839,7.359352645782721,7.047917270121449,7.284879207611084,179700
2011-04-21,7.352584605027944,7.352584605027944,7.061460598400765,7.102082252502441,83800
2011-04-25,7.1020822525024405,7.156244888417709,7.007297962485497,7.102082252502441,106600
2011-04-26,7.122391939051991,7.386434561504283,7.108850960634238,7.291650295257568,190300
2011-04-27,7.298420548585826,7.427057268099565,7.196865787428179,7.366124153137207,144000
2011-04-28,7.325500848188582,7.37966346607147,7.257797898669641,7.284879207611084,139000
2011-04-29,7.318729861386339,7.413514105033224,7.25102627677922,7.257796764373779,71000
2011-05-02,7.2984201910122,7.386434614349109,7.027607077413552,7.068228721618652,105000
2011-05-03,7.0546879673144645,7.129161407687575,6.790644713078127,6.932821750640869,115000
2011-05-04,6.905741469594263,6.919282449317027,6.729712607215034,6.736483097076416,103200
2011-05-05,6.662009595034593,6.932822730739477,6.607846967893616,6.655239105224609,175900
2011-05-06,6.750022471017201,6.838036881268818,6.722941163683572,6.770333290100098,113000
2011-05-09,6.7635655623169395,6.926053472636188,6.67555111614329,6.905742645263672,88000
2011-05-10,6.959902616411236,7.1833235689479205,6.851577384353368,7.176553726196289,131800
2011-05-11,7.12239419224371,7.2104079971249915,6.75002556165758,6.783877372741699,141200
2011-05-12,6.743253524347827,6.892201071568468,6.722942700621654,6.838038444519043,134300
2011-05-13,6.844806819363932,6.892199592111083,6.5604527655582565,6.59430456161499,128000
2011-05-16,6.499520534200157,6.736481823525263,6.479209068455951,6.4859795570373535,118800
2011-05-17,6.418275622334761,6.65523754476805,6.38442447256083,6.553682804107666,132400
2011-05-18,6.594304511864007,6.709400230186975,6.567223204356797,6.634926795959473,153300
2011-05-19,6.716170126531451,6.763562249074697,6.662007516290814,6.689088821411133,174300
2011-05-20,6.65523766538325,6.695859949785192,6.53337145784673,6.59430456161499,240900
2011-05-23,6.438587311071905,6.567223363429681,6.397965025992477,6.445357799530029,87800
2011-05-24,6.51306170087154,6.70940137522377,6.431817764484694,6.540143013000488,203400
2011-05-25,6.560454057590412,6.99375571197964,6.540143234224029,6.831267833709717,289200
2011-05-26,6.8041856338260684,6.926051203810174,6.668779086249646,6.912510871887207,127500
2011-05-27,6.959904032545526,6.980215501941144,6.770334837872539,6.838038444519043,99000
2011-05-31,6.966673682800615,7.298419894917462,6.898970084312972,7.278109073638916,347500
2011-06-01,8.286889578353325,8.293660068063428,7.6166265931194745,7.948372840881348,1275000
2011-06-02,8.002535119383868,8.2394970835822,7.691099708619772,7.738492488861084,546900
2011-06-03,7.58954428106769,7.596314769886711,7.332271516969032,7.406744956970215,307800
2011-06-06,7.393204190312027,7.4270559867474395,7.156242260933453,7.176553726196289,199400
2011-06-07,7.237487634810547,7.278109927804476,7.041147950957018,7.054688930511475,195900
2011-06-08,7.0005280150192135,7.1020828038265,6.8312696032273355,6.885432243347168,183800
2011-06-09,6.947029367661889,6.981251319039075,6.81014221488258,6.844364166259766,134700
2011-06-10,6.80329668572856,6.919650911528195,6.673254073044497,6.7553863525390625,124600
2011-06-13,6.775917366892516,6.830672204597288,6.604808335882815,6.618497371673584,273300
2011-06-14,6.721164048387078,6.823829881836172,6.6184988676672845,6.707475662231445,379700
2011-06-15,6.6116570029898405,6.7827661413807965,6.604812480799107,6.6732563972473145,247500
2011-06-16,6.68009823606795,6.837518266842412,6.611654347113393,6.700631141662598,332800
2011-06-17,6.762232129257807,6.892274766113198,6.639033360752048,6.74169921875,549000
2011-06-20,6.6937871574737295,6.8580523735538765,6.673254250237218,6.79645299911499,474500
2011-06-21,6.844363844571669,7.152360087031513,6.823830935802186,7.10444974899292,329100
2011-06-22,7.0702276939474125,7.166049021327206,6.919651508844706,6.940185070037842,288500
2011-06-23,6.823831104267791,7.166049304945001,6.755387203040582,7.138671875,118100
2011-06-24,7.186580586817183,7.186580586817183,6.988094101480927,7.09075927734375,282300
2011-06-27,7.104447367171027,7.186579627442872,6.981248650398668,7.111291885375977,127100
2011-06-28,7.138671098507353,7.23449176652747,7.029161390639021,7.152359485626221,133200
2011-06-29,7.207114104163935,7.316623808455496,7.124981825945265,7.282402515411377,139500
2011-06-30,7.316623573571494,7.426133927076792,7.282402281625974,7.385067462921143,151000
2011-07-01,7.357691040526792,7.494578185153504,7.227648416313762,7.474045276641846,159200
2011-07-05,7.446666734227805,7.686219038322315,7.323467996120786,7.679375171661377,147100
2011-07-06,7.651998944499788,7.6656873326934285,7.521955666648515,7.563022136688232,91100
2011-07-07,7.6588422073092435,7.78204095496832,7.563021539333824,7.610931873321533,103500
2011-07-08,7.467200161882473,7.549332442121249,7.357690454897438,7.5424885749816895,78600
2011-07-11,7.398759228554234,7.487735403678222,7.302937878697459,7.453514099121094,99500
2011-07-12,7.419289409778051,7.597242999956031,7.289246150521332,7.398756504058838,110200
2011-07-13,7.4535120688695855,7.631465023374755,7.316624277009563,7.487733364105225,79000
2011-07-14,7.515111740243713,7.56302273453223,7.166049654595647,7.193427085876465,77700
2011-07-15,7.22764730211431,7.2687131128070055,7.083915659231292,7.213958263397217,109900
2011-07-18,7.172892817246615,7.172892817246615,6.871741102782949,7.0770721435546875,117600
2011-07-19,7.152359311512127,7.3919122811895335,7.0839160721252465,7.364534854888916,93800
2011-07-20,7.364536416856078,7.432979670759297,7.13867243878946,7.296092510223389,65100
2011-07-21,7.316623168956851,7.4945767492415305,7.241335417019149,7.467199325561523,95400
2011-07-22,7.460356536690799,7.487733966720274,7.323469386543425,7.4466681480407715,65300
2011-07-25,7.316623213756223,7.432977428291002,7.2618683660609475,7.330312252044678,45700
2011-07-26,7.323467780853091,7.323467780853091,7.166047755880736,7.20026969909668,53600
2011-07-27,7.1318267051928865,7.186581560099102,6.85120791061619,6.871740818023682,132100
2011-07-28,6.837519293205614,6.919651580642178,6.721165056154798,6.789608955383301,113100
2011-07-29,6.673254250237218,6.844363333576633,6.632187783034843,6.79645299911499,155600
2011-08-01,6.905963856475525,7.172893653128584,6.728010223553844,7.124983310699463,215600
2011-08-02,7.083916185391186,7.220803319082989,6.823830305012091,6.837518692016602,190200
2011-08-03,6.864896702477513,7.036005797324018,6.632188229049564,7.001783847808838,169200
2011-08-04,6.871742971671642,6.9264978437383835,6.63903443902321,6.6732563972473145,231400
2011-08-05,6.7964523883252665,6.926494992775521,6.365257458733431,6.611654281616211,188000
2011-08-08,6.399481633085356,6.864898016283358,6.03672981262207,6.03672981262207,275900
2011-08-09,6.242059980025164,6.433701992034912,5.701355242307738,6.433701992034912,262600
2011-08-10,6.200993728101457,6.331036349705287,5.954596219987746,5.988818168640137,234400
2011-08-11,6.029884276801511,6.228370783834695,6.016195237067816,6.153082370758057,236000
2011-08-12,6.228370235171748,6.228370235171748,5.988817282769264,6.077794075012207,122200
2011-08-15,6.153084444371312,6.248905796611317,6.043574700513912,6.194150924682617,106100
2011-08-16,6.098326536290635,6.139392996156329,5.899840061186457,5.927217483520508,176600
2011-08-17,5.954595387404753,6.064105085597044,5.886152152399216,5.940907001495361,154900
2011-08-18,5.7629527247467225,5.76979724324559,5.537088836117747,5.667131423950195,273700
2011-08-19,5.523400788844601,5.8450860359120895,5.502867882397965,5.756109237670898,173800
2011-08-22,5.954596468562943,5.954596468562943,5.756109941368492,5.886153221130371,178900
2011-08-23,5.886152509996741,6.310502942636791,5.475490464097683,6.207837104797363,334500
2011-08-24,6.173615450692268,6.324190959687721,5.920373457129582,6.146237373352051,253300
2011-08-25,6.207837959286552,6.235215389266283,5.9135307501867915,6.050417900085449,193400
2011-08-26,5.98197334731935,6.3105031240278215,5.9135301061883725,6.235214710235596,156500
2011-08-29,6.324192242736702,6.67325496689066,6.20783800135205,6.666410446166992,135400
2011-08-30,6.618499880358299,6.707476688536726,6.406324314282143,6.570589542388916,151600
2011-08-31,6.639032486598518,6.74169833107858,6.495300826509929,6.59796667098999,150300
2011-09-01,6.584276906846532,6.6869427400408785,6.331035562667354,6.467922687530518,192300
2011-09-02,6.276279157037403,6.461076566615106,6.153080448832844,6.296812057495117,249500
2011-09-06,6.064104634260366,6.276280148263184,6.023038826859331,6.1667704582214355,151900
2011-09-07,6.296814200258206,6.433701337773292,6.262592252697095,6.413168430328369,135800
2011-09-08,6.358413275324262,6.5021449261159985,6.153082252374732,6.207837104797363,127600
2011-09-09,6.125705254523846,6.180460110775393,5.8108645047127645,5.913530349731445,166100
2011-09-12,5.7834868401662085,6.269436659080776,5.68082165207371,6.255748271942139,220800
2011-09-13,6.2968147921393305,6.413169033146432,6.105172781604453,6.365258693695068,158800
2011-09-14,6.447389962062995,6.64587646184076,6.262591848789223,6.502144813537598,102400
2011-09-15,6.591121913490913,6.6800987144115025,6.365257977588397,6.481612205505371,83800
2011-09-16,6.536366759847752,6.645876462812978,6.358413166164602,6.508989334106445,261000
2011-09-19,6.39947916375322,6.5842766108279696,6.365257220893668,6.515833377838135,114000
2011-09-20,6.515835417150297,6.625345146391567,6.43370246748987,6.447391510009766,122800
2011-09-21,6.420013072140459,6.591122160461699,6.276281411841443,6.351569175720215,227800
2011-09-22,6.105172582193798,6.31050362742495,5.892997016484747,6.023040294647217,207700
2011-09-23,6.03672890749518,6.214682530165643,5.920374665959065,6.132550239562988,124900
2011-09-26,6.200994363661402,6.269437615251775,5.988818782453521,6.248904705047607,109800
2011-09-27,6.426857717106362,6.6116551966618875,6.19414924803472,6.303658962249756,191400
2011-09-28,6.324190871235033,6.420012182397727,5.845085620880127,5.845085620880127,157400
2011-09-29,6.03672890749518,6.159927669763873,5.865619805557295,6.132550239562988,119700
2011-09-30,5.995662939192192,6.2283714164670965,5.851931271035893,5.872464179992676,163900
2011-10-03,5.82455362725147,6.146238249081886,5.537090301513672,5.537090301513672,182200
2011-10-04,5.496023531286248,6.07095015126496,5.482335144144985,6.016195297241211,235700
2011-10-05,6.043571366654451,6.159925568500009,5.9272171648088925,6.105170726776123,112800
2011-10-06,6.105171092647348,6.200992397771137,6.050416247642109,6.159925937652588,126600
2011-10-07,6.194149880138738,6.194149880138738,5.892997482585843,6.029885292053223,138300
2011-10-10,6.187303967495017,6.351568518634786,6.070949747255355,6.324191093444824,116600
2011-10-11,6.242059980025164,6.467923943076152,6.187305119450952,6.433701992034912,100800
2011-10-12,6.47476774270026,6.59796649163564,6.426857408216214,6.5569000244140625,133100
2011-10-13,6.502144813537598,6.577432571132848,6.392635110588392,6.502144813537598,51600
2011-10-14,6.597966670206425,6.597966670206425,6.4610788775826,6.584277629852295,78700
2011-10-17,6.481613375798729,6.508990807738271,6.276282309887436,6.2831268310546875,112300
2011-10-18,6.324191566526947,6.59796649163564,6.173616043082985,6.5569000244140625,144500
2011-10-19,6.529522108734187,6.543211147693819,6.235214298395124,6.324191093444824,80600
2011-10-20,6.310502656003485,6.502144630778001,6.153081972891729,6.46107816696167,105900
2011-10-21,6.5842766108279696,6.618498553687521,6.344724316269645,6.515833377838135,118100
2011-10-24,6.550055736924287,6.728009346652211,6.49530088050483,6.680099010467529,115000
2011-10-25,6.62534348935624,6.62534348935624,6.365257621092412,6.406323432922363,108800
2011-10-26,6.522677554754888,6.748541474559765,6.3036581543936245,6.714320182800293,105500
2011-10-27,6.844364391327909,7.344002678584709,6.79645404946204,7.261870384216309,259100
2011-10-28,7.193428040893195,7.344003606563742,7.124984127239649,7.186583518981934,109200
2011-10-31,7.008630070589436,7.11129594407157,6.878587414120863,6.912809371948242,90600
2011-11-01,6.686943958487029,6.7964536783316225,6.529523246663363,6.591122627258301,120300
2011-11-02,6.728010176591824,6.789609560844704,6.597967539736433,6.74169921875,92200
2011-11-03,6.858051151186976,7.083915048719076,6.618498216117545,7.0496931076049805,114600
2011-11-04,6.940184825701818,7.049694537292248,6.803297033484413,7.03600549697876,87600
2011-11-07,7.008628315826787,7.008628315826787,6.714321118748477,6.940185070037842,86500
2011-11-08,7.001783972873111,7.001783972873111,6.714321288907435,6.967562675476074,180300
2011-11-09,6.728009107833489,6.892273671261093,6.550055504422241,6.5569000244140625,150000
2011-11-10,6.700632476633512,6.700632476633512,6.5021459423958685,6.522678852081299,78100
2011-11-11,6.625343388221205,6.775918899604923,6.625343388221205,6.714320182800293,100900
2011-11-14,6.645877536725413,6.748542736662731,6.584278155671253,6.666410446166992,86000
2011-11-15,6.645877461204873,6.851208511475648,6.563745171642445,6.803297519683838,73900
2011-11-16,6.700632572508112,6.926496540467867,6.68009966252889,6.693788051605225,86600
2011-11-17,6.700631141662598,6.823829880689081,6.597965960960061,6.700631141662598,72800
2011-11-18,6.700632320837355,6.8375194701065185,6.666410370337711,6.8101420402526855,94800
2011-11-21,6.632188395407998,6.69378777553457,6.461079296269481,6.495301246643066,108100
2011-11-22,6.180460800727788,6.447391244299746,6.112017549137416,6.248904705047607,191300
2011-11-23,6.180459797496105,6.2489036907058955,6.139393983753703,6.153082370758057,124300
2011-11-25,6.112016618147446,6.296814087295262,6.009350777305906,6.016195297241211,62000
2011-11-28,6.194148601918351,6.351568636499514,6.125704711308696,6.269436359405518,145900
2011-11-29,6.262592819246015,6.27628186060059,6.002507560803274,6.050417900085449,74600
2011-11-30,6.358414221927725,6.488456852609126,6.289970319845246,6.433701992034912,306600
2011-12-01,6.399479502264196,6.5226775892543705,6.324191093444824,6.324191093444824,102400
2011-12-02,6.467922590203881,6.830673628815063,6.296813523517381,6.748541355133057,213000
2011-12-05,6.926494342246886,6.9470272457097,6.7348523868924115,6.8169846534729,135300
2011-12-06,7.0983222196599485,7.257024735875968,6.853054882223203,6.946833610534668,100000
2011-12-07,6.867483010638177,7.148818520489513,6.802559219762921,7.083894729614258,106400
2011-12-08,6.990116033349131,7.177673499529071,6.946833964511349,7.040612697601318,157800
2011-12-09,7.040613786438403,7.21374346447635,6.9901171143768615,7.1704607009887695,112300
2011-12-12,7.0333982213001205,7.127176946805512,6.946833402669611,7.069467067718506,113900
2011-12-13,7.112749046541959,7.192100645288441,6.83141356140375,6.889123439788818,88500
2011-12-14,6.816987598567484,6.86748427183073,6.7015678104621275,6.708781719207764,121600
2011-12-15,6.809770192522228,6.889121772059152,6.679923341567364,6.780915260314941,74100
2011-12-16,6.845840140419712,6.97568770039652,6.67992442529909,6.853054046630859,445800
2011-12-19,6.932404403495347,7.069465858856826,6.730419861229697,6.752060890197754,158200
2011-12-20,6.889123012155416,7.2137412299101795,6.889123012155416,7.177672386169434,136600
2011-12-21,7.177671378890526,7.177671378890526,6.759274501307963,7.098320484161377,131000
2011-12-22,7.177673462216729,7.285880009660847,7.076681510149512,7.083894729614258,122900
2011-12-23,7.127176711071149,7.199313713565933,6.946833172900186,7.02618408203125,75300
2011-12-27,7.011759495794066,7.083896524410916,6.925194648680097,7.033400535583496,68800
2011-12-28,7.033397158069694,7.228168486512004,6.982901193490986,7.141602993011475,163200
2011-12-29,7.1632472067425565,7.23538422585805,7.112750536609934,7.134392261505127,83000
2011-12-30,7.119963998202849,7.1560328494757215,6.88912445078625,6.9035515785217285,161900
2012-01-03,7.076681044211936,7.235382869284457,7.069467137266085,7.105535984039307,135500
2012-01-04,7.047828354080616,7.134393201194586,6.954049597718086,7.033400535583496,60400
2012-01-05,6.997330471366896,7.156033007702941,6.954048399247331,7.05504035949707,50900
2012-01-06,7.069467639478534,7.0838947664391005,6.997329940807456,7.040612697601318,92100
2012-01-09,7.076681797692372,7.076681797692372,6.9756891535655,6.997330188751221,101400
2012-01-10,7.083894891079767,7.2353835105896,7.004543971510271,7.2353835105896,378200
2012-01-11,7.206526770192631,7.235381705378306,7.148816899821281,7.228168487548828,128000
2012-01-12,7.242598434152087,7.278667289181922,7.1416057776597865,7.271453380584717,339800
2012-01-13,7.1776746095627315,7.21374346447635,7.091109770543757,7.1704607009887695,273500
2012-01-17,7.228170126206415,7.314734951388063,7.0333987535806495,7.083894729614258,173400
2012-01-18,7.062252923697252,7.45179493843196,7.033397985122681,7.444581031799316,256200
2012-01-19,7.4662207717446485,7.574426590715398,7.437365840822061,7.495075702667236,132900
2012-01-20,7.473436217705104,7.6682075754963615,7.329161520057521,7.632138729095459,181200
2012-01-23,7.610499955774322,7.783629644348612,7.53836224155692,7.560003280639648,130900
2012-01-24,7.509503326020224,7.704274638731369,7.350800851361794,7.682632923126221,223700
2012-01-25,7.675422286070601,7.834124126122795,7.516719758062311,7.790842056274414,201500
2012-01-26,7.8629796710731235,7.899048524014149,7.769201616565065,7.841338634490967,234000
2012-01-27,7.790842117571689,8.12988821118003,7.790842117571689,8.115460395812988,170800
2012-01-30,8.043321817735002,8.086604571159874,7.884619993741205,7.920688152313232,92600
2012-01-31,7.949544833903354,7.992826905110819,7.819697244368721,7.891834259033203,121300
2012-02-01,7.956755955183832,8.281374155445334,7.9423288312385765,8.223664283752441,180300
2012-02-02,8.230880800388064,8.331873451861618,8.108247112154519,8.266949653625488,104300
2012-02-03,8.40400782160111,8.61320627889551,8.324656919853558,8.519428253173828,125800
2012-02-06,8.447291302886713,8.497787273114474,8.28858879765604,8.411222457885742,67700
2012-02-07,8.382367448094904,8.432863417892658,8.266947695439468,8.375153541564941,78600
2012-02-08,8.38958384285723,8.505003629744547,8.23088129190907,8.346301078796387,64400
2012-02-09,8.353513659682411,8.360727567205274,8.165956191824511,8.339086532592773,116700
2012-02-10,8.259734581279583,8.259734581279583,8.00004011289193,8.014467239379883,129800
2012-02-13,8.079392105233477,8.238094645488113,8.079392105233477,8.230880737304688,71300
2012-02-14,8.202025550382043,8.230880494307726,8.043323014812719,8.129888534545898,86200
2012-02-15,8.20202499109687,8.20202499109687,7.884620629557731,7.927902698516846,101000
2012-02-16,7.956759034171213,8.2380952835083,7.942331904643164,8.2380952835083,93200
2012-02-17,8.25973543823341,8.25973543823341,8.057750830753625,8.129888534545898,98000
2012-02-21,7.444579684385894,7.639351000479093,7.091106578834397,7.098320484161377,284900
2012-02-22,7.112750163718122,7.20652890281238,6.542864509188493,6.629429340362549,448000
2012-02-23,6.629428000790857,6.629428000790857,6.441871248457016,6.6005730628967285,231100
2012-02-24,6.600572261904745,6.708778781843648,6.586145138686431,6.672709941864014,138900
2012-02-27,6.593359044273539,6.708778781843648,6.586145138686431,6.672709941864014,140100
2012-02-28,6.715994769741975,6.809772819626884,6.643857067416229,6.679925918579102,142000
2012-02-29,6.7376345855690385,6.752061710648832,6.492367267608643,6.492367267608643,221000
2012-03-01,6.528436745114492,6.607787660635677,6.477940082550049,6.477940082550049,137800
2012-03-02,6.49958281240635,6.542864886511365,6.2398876159516,6.268742561340332,137700
2012-03-05,6.239886504852328,6.268741445103034,6.10282571065049,6.138894557952881,133100
2012-03-06,6.066755364491563,6.297594829465855,6.066755364491563,6.167747974395752,216100
2012-03-07,6.196604533072439,6.196604533072439,6.095611896674859,6.110039710998535,163800
2012-03-08,6.131679447279845,6.2038171277243235,6.073969578106625,6.160534381866455,110300
2012-03-09,6.146106530775848,6.384159884915887,6.146106530775848,6.247098445892334,79800
2012-03-12,6.247101145447583,6.268742181187722,6.167750222429655,6.239887237548828,59900
2012-03-13,6.297596532398414,6.369734228687565,6.2471005577696435,6.355307102203369,110600
2012-03-14,6.333665976364264,6.362520920003158,6.225460109707442,6.239887237548828,71300
2012-03-15,6.239887484266701,6.3697350797538075,6.167750466295314,6.362521171569824,80900
2012-03-16,6.384162196713586,6.42744426516348,6.268741742283027,6.340879440307617,161500
2012-03-19,6.340879820749254,6.441872466451846,6.203819011826416,6.369734764099121,128800
2012-03-20,6.290384286349004,6.369735214178975,6.203819450182809,6.268742561340332,95800
2012-03-21,6.268740353699829,6.369732970972253,6.203817265406044,6.21103048324585,85900
2012-03-22,6.153322038789088,6.275955713912427,6.1316810043426395,6.232673645019531,109400
2012-03-23,6.211030170342846,6.261526820413068,6.1533203027962085,6.2182440757751465,167300
2012-03-26,6.319239098378222,6.434658877497361,6.312025190194238,6.362521171569824,105100
2012-03-27,6.362519761134535,6.427443544485866,6.283168852569573,6.297595977783203,169200
2012-03-28,6.290381882862277,6.355305657169294,6.26874016612267,6.3336639404296875,365600
2012-03-29,6.283169405914219,6.376948135907691,6.239886650549517,6.355307102203369,77100
2012-03-30,6.4202304925382325,6.427444400083336,6.275955781416626,6.413017272949219,134400
2012-04-02,6.362519101102864,6.456297813109088,6.348091977385867,6.44187068939209,160600
2012-04-03,6.413015641593136,6.4779387291155235,6.23988534433236,6.261527061462402,125700
2012-04-04,6.174963876388446,6.261528703745226,6.088398361075573,6.117253303527832,128000
2012-04-05,6.081183970957237,6.167748781652505,6.023474097160391,6.095611095428467,98200
2012-04-09,5.994620638644533,6.073971562695587,5.936910062659248,5.9874067306518555,128600
2012-04-10,5.980191761182219,6.037901638967938,5.857558098898563,5.871985912322998,111400
2012-04-11,5.944123209250054,5.987405963705758,5.864772295363314,5.929696083068848,109300
2012-04-12,5.951335671881884,6.059541499824658,5.951335671881884,5.9946184158325195,90000
2012-04-13,5.987405501839063,6.059542503092551,5.843130811376096,5.864771842956543,96200
2012-04-16,5.915268421173096,5.994620025058155,5.843131412498387,5.915268421173096,59600
2012-04-17,5.980192822659179,6.06675765470291,5.980192822659179,5.9874067306518555,81100
2012-04-18,5.980192634506119,5.9874065422718274,5.843131826738216,5.90084171295166,96800
2012-04-19,5.922480995392528,5.951335929958941,5.807061257126875,5.821488380432129,107200
2012-04-20,6.045114809103942,6.045114809103942,5.821488543965356,5.828702449798584,92200
2012-04-23,5.770994979543148,5.814277744590455,5.6483612811913595,5.7637810707092285,229200
2012-04-24,5.749351836394553,5.871985841170216,5.749351836394553,5.835916996002197,130100
2012-04-25,5.936910159366952,6.0090478645565275,5.879200270397748,5.95855188369751,161800
2012-04-26,5.936909302181429,6.001833089886963,5.922482176000224,5.929696083068848,41600
2012-04-27,5.965764848980297,6.10282564163208,5.879199341251131,6.10282564163208,94700
2012-04-30,6.081184391285232,6.0956115167536575,5.857558098898563,5.871985912322998,88000
2012-05-01,5.893626599660711,6.088397253802253,5.893626599660711,5.922481536865234,93000
2012-05-02,5.893626982498971,5.958550767415462,5.8142760720210465,5.951336860656738,70900
2012-05-03,5.9296954346839374,5.9296954346839374,5.698855593399551,5.713283061981201,118700
2012-05-04,5.698855671904797,5.727710609465592,5.576222015282425,5.612290859222412,157400
2012-05-07,5.605078409732752,5.662788299854477,5.569009556417635,5.619505882263184,73000
2012-05-08,5.5834351160902544,5.5834351160902544,5.5112977781520005,5.547366619110107,82700
2012-05-09,5.48244310708726,5.6483591643270445,5.460802076652231,5.59786319732666,184000
2012-05-10,5.662786359811314,5.662786359811314,5.525725245739651,5.547366619110107,40000
2012-05-11,5.504085087063174,5.612291283077161,5.410306360919185,5.43916130065918,80800
2012-05-14,5.374237233587868,5.504084799614622,5.352596201902073,5.453588485717773,86300
2012-05-15,5.446374433064294,5.59064911124723,5.42473305934787,5.518511772155762,67000
2012-05-16,5.554581281398335,5.590650129502465,5.381451636045776,5.388665199279785,65000
2012-05-17,5.417520934691399,5.4463758779831775,5.352597140295868,5.3814520835876465,68500
2012-05-18,5.3742374375259745,5.453588692667051,5.309313996026921,5.3309550285339355,109700
2012-05-21,5.3309550359183895,5.417520198000387,5.273245157182397,5.403092384338379,99400
2012-05-22,5.41752057180005,5.41752057180005,5.10732943622442,5.143398284912109,125000
2012-05-23,5.100114666694528,5.316526675705032,4.9919084902002995,5.22996187210083,100000
2012-05-24,5.229963043127,5.367024184844934,5.071260867651411,5.179466724395752,69200
2012-05-25,5.186680409731763,5.186680409731763,5.071260650687523,5.157825469970703,54300
2012-05-29,5.215534790886477,5.294886038719537,5.121756074718131,5.258817195892334,124300
2012-05-30,5.049620312072131,5.1722540032589475,4.696147055336563,4.739429473876953,293200
2012-05-31,4.753856276771161,4.782711218398279,4.703359956934686,4.725001335144043,399200
2012-06-01,4.624009420402092,4.732215640456878,4.559085963551694,4.60958194732666,231300
2012-06-04,4.652862344400359,4.739427489209484,4.652862344400359,4.7033586502075195,219100
2012-06-05,4.674503984459466,4.782710163687937,4.674503984459466,4.753855228424072,163600
2012-06-06,4.78992412625561,4.905344220945449,4.78992412625561,4.8548479080200195,187300
2012-06-07,4.934199745116058,5.100115828474582,4.926985837850108,4.970268249511719,177000
2012-06-08,4.984695720065589,5.020764568439279,4.905344804008318,4.970268249511719,124900
2012-06-11,5.049619733164226,5.049619733164226,4.7754974365234375,4.7754974365234375,128100
2012-06-12,4.786507580945764,4.88194416608619,4.749801094335138,4.852579116821289,104200
2012-06-13,4.830556628844138,4.918651803520292,4.779167951979268,4.815874099731445,87400
2012-06-14,4.837897300720215,4.940674988199611,4.779167193589131,4.837897300720215,90000
2012-06-15,4.823216435391537,4.940676690115256,4.757144867079859,4.911311626434326,181500
2012-06-18,4.881945109894166,4.940675219778036,4.779167417597392,4.793849945068359,120100
2012-06-19,4.801192752250941,4.918653014060884,4.793851660917416,4.889287948608398,118100
2012-06-20,4.903969052362659,5.006747101556964,4.874603995466884,4.918651580810547,104100
2012-06-21,4.903969078379206,4.903969078379206,4.735119825303173,4.764484882354736,93000
2012-06-22,4.77916750039921,4.918651338760507,4.77916750039921,4.903968811035156,400900
2012-06-25,4.867262684878691,4.889286301519204,4.7424610237188665,4.749802112579346,74400
2012-06-26,4.779167210767512,4.801190825991305,4.676389172859635,4.713095664978027,106800
2012-06-27,4.713094956450803,4.808531541564243,4.698412431822504,4.727777481079102,140200
2012-06-28,4.67639104904828,4.903970481334641,4.67639104904828,4.889287948608398,259600
2012-06-29,5.014088165767444,5.109524775232723,4.984723109017987,5.072818279266357,136300
2012-07-02,5.080160384692908,5.153573036193848,4.970041232411932,5.153573036193848,134200
2012-07-03,5.160914199267738,5.315080584112464,5.131548790184949,5.293056964874268,45100
2012-07-05,5.300396610397856,5.329762011479434,5.219642895115334,5.26369047164917,42300
2012-07-06,5.234326328237292,5.35178655269464,5.234326328237292,5.329762935638428,102700
2012-07-09,5.3003976079667465,5.469246858154475,5.263691462309728,5.439881801605225,183200
2012-07-10,5.498611141314747,5.630754227259307,5.4105159840577315,5.616071701049805,143100
2012-07-11,5.645437248321202,5.704167358307217,5.542659555845677,5.674802303314209,117300
2012-07-12,5.645436595063289,5.69682561038414,5.513293862885564,5.682142734527588,182500
2012-07-13,5.689485976812402,5.836311281351647,5.645438385450628,5.7849225997924805,86700
2012-07-16,5.792263689989873,5.799605130246405,5.667462006101946,5.7849225997924805,108400
2012-07-17,5.806947406554547,5.858336448669434,5.755558714498871,5.858336448669434,120800
2012-07-18,5.865676204708446,6.17400968706953,5.850993674598829,6.159327507019043,129000
2012-07-19,6.166667285090976,6.166667285090976,6.019842006897029,6.1299614906311035,92900
2012-07-20,6.056549012999324,6.159327066474595,5.953770959524052,6.034525394439697,114300
2012-07-23,5.931746995007565,5.931746995007565,5.799604241179447,5.836310386657715,92900
2012-07-24,5.8436520301410075,5.8436520301410075,5.608731220616766,5.645437717437744,86000
2012-07-25,5.70416685830682,5.755555875069597,5.5426590700022915,5.616071701049805,107200
2012-07-26,5.682144102129778,5.718850600487777,5.564683867478757,5.630755424499512,52800
2012-07-27,5.638094635007487,5.836308889947543,5.623412110569668,5.8142852783203125,81000
2012-07-30,5.8363110331103405,5.968454151634233,5.645438145327898,5.711509704589844,163700
2012-07-31,5.682143392032927,5.748214940796728,5.601389665831691,5.674802303314209,123300
2012-08-01,5.718849594449467,5.770238613098683,5.513294219970703,5.513294219970703,188500
2012-08-02,5.491271003340324,5.579366175839583,5.373810773341311,5.4031758308410645,73700
2012-08-03,5.505953099819183,5.660119814618846,5.432540461833408,5.608730792999268,61300
2012-08-06,5.616071058681033,5.726190167686347,5.564682047796154,5.652777194976807,85700
2012-08-07,5.682143924135116,5.7555569185514335,5.630755248114614,5.667461395263672,72300
2012-08-08,5.616072719243171,5.74087438967999,5.616072719243171,5.667461395263672,58900
2012-08-09,5.674801646658339,5.7261906619791905,5.616071543468239,5.682142734527588,81900
2012-08-10,5.682143399723732,5.755556387364684,5.660119783478702,5.704167366027832,52900
2012-08-13,5.70416761405247,5.748215198516846,5.652778590481156,5.748215198516846,70300
2012-08-14,5.762897507798931,5.814286529418508,5.550000682610648,5.608730792999268,89600
2012-08-15,5.564683421552404,5.762897726671638,5.564683421552404,5.748215198516846,105900
2012-08-16,5.755558714498871,5.858336448669434,5.67480460547811,5.858336448669434,77200
2012-08-17,5.836309811978345,5.89503991900791,5.726191036327435,5.88035774230957,80800
2012-08-20,5.873016259909604,5.931746366499253,5.76289713502449,5.917064189910889,102000
2012-08-21,7.062302499340798,7.407342426577293,6.695238955507379,6.922818660736084,895900
2012-08-22,6.974206405675471,7.128373101595125,6.878769812952061,7.010912895202637,414600
2012-08-23,7.010914799411505,7.128375037706936,6.92281962068993,6.9815497398376465,281900
2012-08-24,6.952184680263788,7.076986358482246,6.790676502548446,6.9815497398376465,204700
2012-08-27,7.010913823768163,7.2458342676673455,6.981548768280765,7.135715484619141,364700
2012-08-28,7.135716554171175,7.223811733837702,7.113692234165854,7.1797637939453125,239500
2012-08-29,7.209128743381048,7.2384938028199795,7.172422944171065,7.194446563720703,217900
2012-08-30,7.157737599129031,7.209126260418351,6.96686442845727,6.988888740539551,183800
2012-08-31,7.069645346612297,7.143057649932789,6.9888916029242685,7.018256664276123,164400
2012-09-04,7.010913970435325,7.121032755787197,6.798017138668388,7.054961204528809,250000
2012-09-05,7.084326634969195,7.187104686815095,7.054961577315824,7.0990095138549805,224900
2012-09-06,7.121030755390157,7.245832383793443,7.018253437964838,7.1283721923828125,401300
2012-09-07,7.1724225281649705,7.275199880180944,7.069644476030795,7.216469764709473,293300
2012-09-10,7.231150757731228,7.341269520491392,7.128372732401862,7.275197982788086,372300
2012-09-11,7.282541420777257,7.333930097498879,7.0696445742071194,7.143056869506836,142100
2012-09-12,7.143057649932789,7.143057649932789,6.937502220469807,7.018256664276123,170800
2012-09-13,7.018255888430553,7.238493474163763,6.952184332663306,7.08432674407959,313300
2012-09-14,7.143056860290874,7.157739739402801,7.003573009318627,7.08432674407959,329600
2012-09-17,7.0255945271073506,7.076983888514671,6.9595229910965095,6.988888740539551,246400
2012-09-18,7.003572457065753,7.025596073878804,6.878770794928211,6.974207401275635,233900
2012-09-19,7.010913479345857,7.069643587435443,6.893453263166687,6.996230602264404,321500
2012-09-20,6.966865593251265,7.069643633131422,6.915476923370247,6.959524154663086,312700
2012-09-21,6.981548768280765,7.267857884253357,6.981548768280765,7.135715484619141,334100
2012-09-24,7.0843265805830775,7.209128249681358,7.062302962541673,7.106350898742676,123500
2012-09-25,7.143056841392811,7.209128396985256,6.966866493225098,6.966866493225098,193700
2012-09-26,7.003573041282038,7.0549617181718896,6.878771368733927,6.930160045623779,197300
2012-09-27,6.9815483980838176,7.157738721665703,6.944841905641397,7.091667175292969,191400
2012-09-28,7.040279858985362,7.128375037706936,6.9815497398376465,6.9815497398376465,120400
2012-10-01,7.010914480871506,7.018255920460975,6.842064870904799,6.930160045623779,116800
2012-10-02,6.944841394187842,6.952182832159287,6.731944593842341,6.820039749145508,176700
2012-10-03,6.812700269099873,6.915478329883676,6.709922908434328,6.783335208892822,103500
2012-10-04,6.7980190431756835,6.893455677272948,6.651193721533107,6.812701225280762,110000
2012-10-05,6.827381655526551,6.95952404748823,6.775992286318797,6.790675163269043,107700
2012-10-08,6.775992286318797,6.856746709308936,6.658532071189256,6.790675163269043,67100
2012-10-09,6.805359421604113,6.83472448134716,6.7466286019997685,6.827383041381836,139100
2012-10-10,6.8200426074462825,6.922820681766946,6.812701166398017,6.878772735595703,92300
2012-10-11,6.930159995660605,7.106351043946527,6.930159995660605,6.966866493225098,97500
2012-10-12,6.952183309131215,6.952183309131215,6.709921440397011,6.790675163269043,75500
2012-10-15,6.790675539422652,6.878770705649632,6.70258037319567,6.834723472595215,69600
2012-10-16,6.864088147784059,6.930158993705845,6.731945055704273,6.790675163269043,88400
2012-10-17,6.798017546740653,6.871429841342649,6.695239494156013,6.731945991516113,62100
2012-10-18,6.739287894198798,6.805359453964394,6.585121154785156,6.585121154785156,91600
2012-10-19,6.519049133256379,6.629167924986838,6.210715676269252,6.313493728637695,179200
2012-10-22,6.313492777486327,6.570436819520547,6.313492777486327,6.4970245361328125,83400
2012-10-23,6.452977563105875,6.563096354579252,6.445636123642795,6.555755615234375,81200
2012-10-24,6.5924596400283,6.5924596400283,6.4309522159686505,6.504364490509033,58100
2012-10-25,6.577780246734619,6.5924624278041914,6.497026500556196,6.577780246734619,62800
2012-10-26,6.555756736401447,6.599803980476487,6.386907100464934,6.5337324142456055,95800
2012-10-31,6.519048615051327,6.541072231623101,6.357540459915974,6.438294887542725,61800
2012-11-01,6.460317615125937,6.7466266915151465,6.386904636498008,6.6144843101501465,152500
2012-11-02,6.614486254062707,6.614486254062707,6.335517833456613,6.401589393615723,97700
2012-11-05,6.372223404968811,6.533730861690747,6.372223404968811,6.489683628082275,37500
2012-11-06,6.526390197224912,6.665874038732499,6.4382950288856735,6.570437431335449,69700
2012-11-07,6.475001257306789,6.475001257306789,6.174009236972949,6.335517406463623,120800
2012-11-08,6.291470472089488,6.4015899825244365,6.115280095535556,6.122621536254883,71000
2012-11-09,6.063891044767598,6.115279726464827,5.557343217657589,6.049208164215088,178200
2012-11-12,6.078572111125316,6.129961483522216,5.880358160822894,6.1005964279174805,87600
2012-11-13,6.093255519866943,6.159327075763676,6.034525403540561,6.093255519866943,84000
2012-11-14,6.093255613051397,6.093255613051397,5.931747440624789,5.9611124992370605,79300
2012-11-15,5.939089888047979,6.012502196976097,5.86567687900152,5.8950419425964355,165800
2012-11-16,5.8730171762846695,6.093255460418986,5.762898034217511,6.071231842041016,128600
2012-11-19,6.115278631865961,6.203373799057671,5.86567530809704,5.975794792175293,141500
2012-11-20,6.607143325056985,6.9375003512862135,6.328174967318184,6.893453121185303,591200
2012-11-21,6.695240289287435,7.054962465877225,6.695240289287435,7.018256664276123,160000
2012-11-23,7.032937905113736,7.2238111284544235,6.996231408299266,7.106350898742676,81400
2012-11-26,7.062303557157194,7.216470296663586,7.047621377266147,7.2091288566589355,119300
2012-11-27,7.187104770788285,7.33393006077063,7.1724225918491555,7.267858505249023,98500
2012-11-28,7.26051664352417,7.458730579331317,6.878770248461369,7.26051664352417,268100
2012-11-29,7.289882165933085,7.488096114491158,7.289882165933085,7.444048881530762,128900
2012-11-30,7.576191809134728,7.70099347809373,7.466073018932404,7.678969860076904,304400
2012-12-03,7.730359503801018,7.847819748094862,7.590875638731648,7.825796127319336,223800
2012-12-04,7.833135214401775,7.833135214401775,7.56884974413676,7.605555534362793,187400
2012-12-05,7.649606229460926,7.7303599773300045,7.341272719243244,7.355955600738525,374500
2012-12-06,7.375508536958925,7.727467956625459,7.359865531422851,7.719646453857422,132900
2012-12-07,7.78221467095735,7.844785182703592,7.672716648351095,7.758750915527344,98200
2012-12-10,7.750928569397281,7.93081933046474,7.735286316117082,7.907354831695557,129900
2012-12-11,7.985568451462384,7.985568451462384,7.7196434287538604,7.86824893951416,127100
2012-12-12,7.883895296670757,7.92300206964207,7.688362177713844,7.696183681488037,88400
2012-12-13,7.6883589033379875,7.81349992683047,7.6883589033379875,7.758750915527344,53500
2012-12-14,7.711822658767994,7.876070438576712,7.641431392477974,7.758750915527344,80100
2012-12-17,7.813498975858571,8.11070924342977,7.664894215022594,8.06378173828125,254100
2012-12-18,8.063784047640844,8.204567349304103,8.040319542447419,8.165460586547852,151200
2012-12-19,8.149815414943497,8.149815414943497,7.9933891657496,8.024674415588379,105900
2012-12-20,8.087246388863292,8.204565910661,7.844785099008883,8.110710144042969,198500
2012-12-21,8.009033081985846,8.26713663326415,7.790036287607149,8.220209121704102,633700
2012-12-24,8.204566362236527,8.251494621078116,8.024676319459068,8.134174346923828,69300
2012-12-26,8.134173849074285,8.587810424547698,8.087246339004249,8.4939546585083,298800
2012-12-27,8.595631559617074,8.595631559617074,8.126352749360494,8.454848289489746,158000
2012-12-28,8.45485005485052,8.517420575949368,8.16546046239404,8.40792179107666,90600
2012-12-31,8.392275808665845,8.68166529839152,8.204564312005283,8.666022300720215,276000
2013-01-02,8.861560982924342,8.994523564859454,8.814633451594103,8.971059799194336,268300
2013-01-03,8.955413908997086,9.104019450810249,8.814630614420757,8.93977165222168,129100
2013-01-04,8.986698568381069,9.01016307082652,8.88502129548223,8.978877067565918,98300
2013-01-07,8.900664386080333,8.99452015910217,8.900664386080333,8.963234901428223,136100
2013-01-08,8.978876414260997,9.072732925415039,8.877199894659537,9.072732925415039,203300
2013-01-09,9.072734783850859,9.072734783850859,8.892843970839778,9.010164260864258,233600
2013-01-10,9.057089924922925,9.09619668025389,8.939770404829352,9.072732925415039,73000
2013-01-11,9.057094041032082,9.111843075837221,8.971059736924055,9.049272537231445,77200
2013-01-14,8.994519475531396,9.174409507010347,8.900663709642464,9.135303497314453,119500
2013-01-15,9.049269286173098,9.166589563334956,8.947592010992578,9.08837604522705,219700
2013-01-16,9.033626889071805,9.088375903353047,8.924128114609944,8.931949615478516,90400
2013-01-17,8.99452132965464,9.174411398215984,8.99452132965464,9.104020118713379,133300
2013-01-18,9.07273554054431,9.080556297145307,8.783345915220973,8.869380950927734,318400
2013-01-22,8.916306078336445,8.994519590526847,8.798986555950176,8.924127578735352,372500
2013-01-23,8.947592901113243,9.088376949353135,8.90848688406835,9.025806427001953,415700
2013-01-24,9.072734285167357,9.190053822843891,9.057091282330791,9.174410820007324,251100
2013-01-25,9.229163428870107,9.260448698287307,9.041451812366903,9.11184310913086,137200
2013-01-28,9.111839588074417,9.260445119805746,9.07273357583926,9.205696105957031,165500
2013-01-29,9.21351572110487,9.21351572110487,9.041447200037709,9.127481460571289,107300
2013-01-30,9.143126087517617,9.26044637785944,8.955414518050068,9.041449546813965,117900
2013-01-31,9.049269449400372,9.385586539071578,8.99452043327693,9.276087760925293,210000
2013-02-01,9.34648201050802,9.463802317792803,9.338660507509116,9.432517051696777,150600
2013-02-04,9.36994353680808,9.36994353680808,9.166589728678408,9.276087760925293,192000
2013-02-05,9.354300379907942,9.5341904132238,9.268266113439399,9.33865737915039,153000
2013-02-06,9.283911478315966,9.463802317792803,9.236983952121715,9.432517051696777,105900
2013-02-07,9.40123038362555,9.40123038362555,8.9710574795308,9.119662284851074,153600
2013-02-08,9.14312522528316,9.401229541335079,9.135304470050812,9.276087760925293,86600
2013-02-11,9.260445504561195,9.354301280443984,9.2135172436701,9.276087760925293,106600
2013-02-12,9.268268693332297,9.448158776721925,9.10402086915503,9.424695014953613,113000
2013-02-13,9.409051545548138,9.565477859450532,9.37776628276766,9.51072883605957,132200
2013-02-14,9.46380078246529,9.549835063796989,9.46380078246529,9.502906799316406,66100
2013-02-15,9.542015173905723,9.753191280891059,9.424695611735816,9.698441505432129,249200
2013-02-19,9.236982221995154,9.42469378341213,7.735288238860468,8.8224515914917,902200
2013-02-20,8.392280636226134,8.775526094739513,8.274961069801385,8.314067840576172,428300
2013-02-21,8.298421798893392,8.34535005583981,8.071603506434268,8.12635326385498,348000
2013-02-22,8.12635488961928,8.196746170272428,7.829144525230083,7.891715049743652,432000
2013-02-25,7.883893358451171,7.883893358451171,7.743109308725427,7.7822160720825195,520000
2013-02-26,7.8135015445174245,7.98557086039404,7.73528876159132,7.923000335693359,172500
2013-02-27,7.938643027832192,8.071605586563528,7.836966479060729,7.8604302406311035,204000
2013-02-28,7.829143192426787,8.095068249289138,7.790036434788318,7.985569477081299,207500
2013-03-01,7.930820256512771,8.196744560521058,7.836964488174668,8.157638549804688,321200
2013-03-04,8.134175325522744,8.23585261032921,8.009034281422311,8.165460586547852,356900
2013-03-05,8.22803335315602,8.290603886602868,8.126356049829994,8.173283576965332,198300
2013-03-06,8.173280449531772,8.290600714277744,8.134173694616447,8.22803020477295,97900
2013-03-07,8.204567490443878,8.251495755738558,8.14981846918298,8.21238899230957,114100
2013-03-08,8.243675765376969,8.345353070575404,8.149819963478322,8.251497268676758,142100
2013-03-11,8.243672994480665,8.384457022957548,8.243672994480665,8.34535026550293,88800
2013-03-12,8.345350440663495,8.493955227030881,8.274958424947595,8.423563957214355,343400
2013-03-13,8.454849767298636,8.74423860401347,8.33752948480381,8.572169303894043,219200
2013-03-14,8.611276930102703,8.759881741117322,8.486135879585234,8.587812423706055,324200
2013-03-15,8.55652679302753,8.712953845345334,8.55652679302753,8.658204078674316,296000
2013-03-18,8.548704083709112,8.548704083709112,8.43138382127903,8.486133575439453,115500
2013-03-19,8.501779386851055,8.666027226257913,8.337531547444199,8.392280578613281,76400
2013-03-20,8.415742456379395,8.470491470425372,8.329707438993573,8.423563957214355,112600
2013-03-21,8.400102081894467,8.517422393413426,8.345353050725384,8.392280578613281,74700
2013-03-22,8.400102101874712,8.478315643073389,8.21239049807742,8.251497268676758,106600
2013-03-25,8.298420893171789,8.384455897200143,8.134173130634965,8.188922882080078,130600
2013-03-26,8.204566237026047,8.376635522286753,8.204566237026047,8.34535026550293,132800
2013-03-27,8.282779878339387,8.314065135600655,8.063783077510498,8.134174346923828,198000
2013-03-28,8.188925232611966,8.337530038562754,8.16546072701489,8.21238899230957,275300
2013-04-01,8.439206075529064,8.439206075529064,7.907355961804362,7.985569477081299,195200
2013-04-02,8.048139960616107,8.282779759663386,7.993390947668173,8.009033203125,119500
2013-04-03,8.048138840713632,8.063781839893087,7.8917125784153574,7.907354831695557,78100
2013-04-04,7.8917125784153574,7.94646158374494,7.821320573906319,7.907354831695557,69600
2013-04-05,7.829144954681396,7.938643005636683,7.805680447277095,7.8291449546813965,165700
2013-04-08,7.860430147872983,7.9308221776529635,7.821323381784158,7.876072406768799,78600
2013-04-09,7.9151782208863555,8.024677003585566,7.821322441101074,7.821322441101074,104800
2013-04-10,7.86824939325922,8.032497166998109,7.813499638080051,8.001211166381836,148800
2013-04-11,7.9699261211662575,8.134173899222644,7.9699261211662575,8.110710144042969,178500
2013-04-12,8.0559604354023,8.196743700183038,7.938640177869211,7.9464616775512695,97500
2013-04-15,7.876072678101717,7.923000948204904,7.6257905599501825,7.649254322052002,146800
2013-04-16,7.727467444464187,7.923000525308222,7.696182181365122,7.743109703063965,210300
2013-04-17,7.735288771256059,7.852608318741544,7.563219455164455,7.578861713409424,132700
2013-04-18,7.610145994144091,7.719644771332273,7.453719702374826,7.492826461791992,138100
2013-04-19,7.500650328588988,7.641434408534859,7.500650328588988,7.547577857971191,106600
2013-04-22,7.602325238980174,7.9464630808725545,7.383327684603809,7.492826461791992,96700
2013-04-23,7.563216746883324,7.649251001171728,7.500646244510079,7.571038246154785,83900
2013-04-24,7.539756476977178,7.797860104938989,7.539756476977178,7.735289573669434,94600
2013-04-25,7.782214611254448,7.969926145053105,7.743107855238228,7.750929355621338,70800
2013-04-26,7.743107974471247,7.8604282443264735,7.477183670444621,7.485004425048828,167200
2013-04-29,7.5241133192211835,7.657075881958008,7.5241133192211835,7.657075881958008,84600
2013-04-30,7.657075984595717,7.813502311706543,7.617969216343119,7.813502311706543,104200
2013-05-01,7.766573612635998,7.813501130726554,7.531933784484863,7.531933784484863,177900
2013-05-02,7.586682383039024,7.610146140781681,7.5162903639116445,7.539754867553711,81400
2013-05-03,7.641431392477974,7.852606683146706,7.641431392477974,7.758750915527344,105700
2013-05-06,7.735286428159898,7.930819445339782,7.735286428159898,7.86824893951416,71000
2013-05-07,7.860430362143433,7.96210765838623,7.860430362143433,7.9621076583862305,49300
2013-05-08,7.930821223800286,7.993391743657139,7.774394178258717,7.821322441101074,102200
2013-05-09,7.836963890403263,7.9229981516760155,7.758750383137645,7.805677890777588,48100
2013-05-10,7.836966386579497,7.891715411564139,7.758752854401846,7.876072406768799,52500
2013-05-13,7.883893759959514,7.938642783908,7.704003683614766,7.743109703063965,73700
2013-05-14,7.766572098518425,7.96992588043213,7.75092909827159,7.969925880432129,93700
2013-05-15,7.915176911349664,8.22803020477295,7.915176911349664,8.22803020477295,127300
2013-05-16,8.228029268856815,8.345348774358701,8.134172769376237,8.33752727508545,110200
2013-05-17,8.376633751443023,8.486132499987743,8.368812252425714,8.470489501953125,128800
2013-05-20,8.423561999647674,8.486132499987743,8.407919001613058,8.470489501953125,85800
2013-05-21,8.49395609667778,8.49395609667778,8.40792181638278,8.439207077026367,60200
2013-05-22,8.423563390164361,8.564346666219663,8.329706878261728,8.384456634521484,101300
2013-05-23,8.314064626740954,8.579989670135575,8.243672615736577,8.4939546585083,110700
2013-05-24,8.423566190622669,8.493957479102606,8.368816416161065,8.431386947631836,71100
2013-05-28,8.525242542110131,8.681669612966838,8.407922984867156,8.61127758026123,204000
2013-05-29,8.4861332212251,8.603452732858925,7.899534171257446,7.9464616775512695,331300
2013-05-30,7.993953950738902,8.175994117064192,7.993953950738902,8.081016540527344,224200
2013-05-31,8.009780350760808,8.183906223877074,8.009780350760808,8.12850284576416,154700
2013-06-03,8.152248522307152,8.42135198737428,8.12058933552364,8.302629470825195,295500
2013-06-04,8.334288453688682,8.36594763969757,8.073099980411724,8.183907508850098,144200
2013-06-05,8.21556816440081,8.326375712659644,8.16016476767873,8.191823959350586,120100
2013-06-06,8.199739316705042,8.302631892465921,8.104761728652255,8.263057708740234,90700
2013-06-07,8.326372956330655,8.326372956330655,8.223480428754582,8.294713020324707,69100
2013-06-10,8.310543839519779,8.429265592444262,8.231395501027125,8.405521392822266,60600
2013-06-11,8.326371886984445,8.326371886984445,8.112671875276055,8.160161018371582,79900
2013-06-12,8.191822736954185,8.310544499304136,8.041441032842053,8.057271003723145,70200
2013-06-13,8.033525750793267,8.223481620280149,8.033525750793267,8.215566635131836,111000
2013-06-14,8.231397514673683,8.231397514673683,8.009783169421036,8.081016540527344,109700
2013-06-17,8.175991239913968,8.207650420951978,8.081013696799936,8.12850284576416,90100
2013-06-18,8.120587861801052,8.22348038887819,8.049354515761925,8.12850284576416,108200
2013-06-19,8.152247042839063,8.22348038887819,8.081013696799936,8.12850284576416,91800
2013-06-20,8.041441209185724,8.223482104237519,7.8594010689485,7.914804458618164,162800
2013-06-21,7.946463025283868,8.03352559579192,7.883144654948102,8.017696380615234,264800
2013-06-24,7.946463118605723,8.08892983094156,7.91480393306604,7.99395227432251,96300
2013-06-25,8.05727291389921,8.05727291389921,7.9148061614523515,8.009783744812012,94800
2013-06-26,8.057270187069225,8.057270187069225,7.930633452114142,7.9543776512146,79800
2013-06-27,8.033527180604722,8.278886480169922,8.009782975748305,8.175993919372559,102800
2013-06-28,8.136417516583363,8.223480835274776,7.993951571586019,8.120588302612305,287100
2013-07-01,8.128503025709236,8.342202313742979,8.128503025709236,8.326373100280762,59500
2013-07-02,8.326375646451362,8.381779042732896,8.104760551695898,8.223483085632324,115600
2013-07-03,8.160164882317984,8.413438419250987,8.160164882317984,8.389694213867188,50300
2013-07-05,8.50841515944436,8.540074348449707,8.389693389377953,8.540074348449707,63100
2013-07-08,8.532158420283157,8.587562561035156,8.421351648408201,8.587562561035156,98700
2013-07-09,8.611307844995213,8.753774575120003,8.587563641579289,8.737944602966309,96200
2013-07-10,8.706285293625907,8.888325441999802,8.642966915511979,8.84875202178955,64700
2013-07-11,8.912070336904456,8.927899553913738,8.737944420914737,8.880411148071289,126400
2013-07-12,8.832920035008915,8.9437275488397,8.80126085317361,8.912068367004395,73100
2013-07-15,8.896241696275823,9.022878470557872,8.856667515609002,8.951645851135254,81100
2013-07-16,8.935813964321037,9.014962308713763,8.896239792124673,8.904154777526855,74900
2013-07-17,8.975387955459059,9.022876357285082,8.896239612662974,8.99913215637207,84800
2013-07-18,8.999132476742783,9.141599196921764,8.935814102177584,9.054535865783691,59200
2013-07-19,9.007045691074376,9.070364053188321,8.95955654208171,9.038704872131348,51000
2013-07-22,8.991218065885233,9.102025605863792,8.991218065885233,9.07828140258789,67100
2013-07-23,9.094109898291936,9.094109898291936,8.880410576134858,8.904154777526855,59300
2013-07-24,8.967473728658847,9.054536309246407,8.722115203905453,8.880411148071289,42900
2013-07-25,8.880411152856228,9.102025474807808,8.864581181023814,9.094110488891602,67400
2013-07-26,8.991217413829364,9.094109960315837,8.801262291768746,8.872495651245117,40100
2013-07-29,8.84875349023624,8.85666772270289,8.745860920022478,8.761690139770508,50700
2013-07-30,8.825007831840985,8.825007831840985,8.55590507884668,8.635052680969238,74100
2013-07-31,8.690454734048247,8.706284704913623,8.516329583416455,8.611307144165039,51300
2013-08-01,8.682543245683984,8.74586163951456,8.555906458022836,8.674628257751465,50900
2013-08-02,8.642966787964944,8.912070268385198,8.642966787964944,8.864581108093262,48900
2013-08-05,8.817091793287135,9.13368364653382,8.817091793287135,9.125768661499023,78000
2013-08-06,9.094110803270809,9.094110803270809,8.840837283713455,8.888325691223145,81900
2013-08-07,8.832922753224592,8.856666958204428,8.666711808736402,8.714200973510742,53200
2013-08-08,8.78543258761458,8.78543258761458,8.555903305838715,8.571732521057129,90800
2013-08-09,8.571733664307844,8.611307839853838,8.468841109814107,8.47675609588623,117500
2013-08-12,8.381776742864472,8.666709387463081,8.381776742864472,8.658794403076172,40500
2013-08-13,8.66670955885216,8.66670955885216,8.516328626599307,8.563817024230957,39200
2013-08-14,8.540072000474057,8.69045291820064,8.532157016695185,8.54798698425293,65100
2013-08-15,8.405522917381756,8.50841547415864,8.310545346852626,8.33428955078125,65600
2013-08-16,8.286801270957858,8.389693829324466,8.270971298217773,8.270971298217773,84300
2013-08-19,8.23931104631449,8.468840337779412,8.23931104631449,8.3817777633667,134100
2013-08-20,8.706285537744954,8.919985635982442,8.547989588021608,8.888325691223145,198000
2013-08-21,8.832925005571477,8.872499193838847,8.484673809411303,8.49258804321289,145900
2013-08-22,8.5400731161947,8.785432361693992,8.500498946944557,8.745858192443848,72600
2013-08-23,8.737943563987871,8.777517734851957,8.53215847934625,8.555903434753418,75100
2013-08-26,8.516329030654811,8.769602509545376,8.508414045735854,8.682539939880371,152800
2013-08-27,8.563817826627304,8.6904545719297,8.365947723388672,8.365947723388672,150000
2013-08-28,8.350122022191158,8.65879903008396,8.350122022191158,8.49258804321289,76700
2013-08-29,8.484670286780073,8.722114562988281,8.46092533078907,8.722114562988281,82100
2013-08-30,8.706284357144533,8.706284357144533,8.413436701163779,8.460925102233887,129900
2013-09-03,8.587562443447231,8.706284198777482,8.524244073295828,8.650880813598633,134100
2013-09-04,8.634917540691513,8.778567063457736,8.634917540691513,8.762605667114258,114600
2013-09-05,8.754629245547905,8.77857058859578,8.626941067850472,8.730687141418457,69800
2013-09-06,8.754626319500336,8.76260625712812,8.57905475330664,8.714723587036133,44400
2013-09-09,8.722708395799545,8.762610385983853,8.666844239594495,8.746649742126465,51200
2013-09-10,8.778569575272153,8.858375057661766,8.738666834077346,8.770588874816895,72800
2013-09-11,8.722707084837676,8.83443385829267,8.706745682297498,8.810492515563965,55000
2013-09-12,8.770589887219298,8.77857058859578,8.626941067850472,8.730687141418457,62000
2013-09-13,8.778569575272153,8.810491616011701,8.642900711858701,8.770588874816895,42400
2013-09-16,8.858373641967773,8.866353580066239,8.81847090714999,8.858373641967773,85300
2013-09-17,8.834431552689708,8.954139757255,8.802509517021903,8.914237022399902,80100
2013-09-18,8.91423569220074,9.049904513814495,8.794528266579784,9.017982482910156,55800
2013-09-19,9.01798464394075,9.153653498065596,8.922218528278757,9.145672798156738,69800
2013-09-20,9.145671835368551,9.177593870562035,8.978080960332425,9.089808464050293,161700
2013-09-23,9.049907084984461,9.137692504641805,9.03394568445687,9.097789764404297,62900
2013-09-24,9.049908335022682,9.145674468171727,8.882317411741463,9.07384967803955,69200
2013-09-25,9.049905864258415,9.089808599113512,8.90625632321261,8.914237022399902,41200
2013-09-26,8.906257575999323,8.946160316467285,8.810491455525096,8.946160316467285,71600
2013-09-27,8.866351981788599,8.954138134779376,8.786547287620253,8.890294075012207,41700
2013-09-30,8.770589409676607,8.954141725933754,8.658862640815459,8.93019962310791,115400
2013-10-01,8.946161024991806,8.96212166579417,8.850394896933024,8.93019962310791,71100
2013-10-02,8.866353636096886,8.94615910623678,8.76260682934757,8.874334335327148,79300
2013-10-03,8.83443326210542,8.83443326210542,8.658862412501152,8.690784454345703,71600
2013-10-04,8.66684422512968,8.81847452747102,8.658864283755143,8.802513122558594,39900
2013-10-07,8.706744794527761,8.738666835271673,8.658862113952637,8.658862113952637,87600
2013-10-08,8.634918905268304,8.658861003567091,8.467328022583734,8.507230758666992,83400
2013-10-09,8.563095583699235,8.66684241066484,8.411466074184283,8.59501838684082,101100
2013-10-10,8.682805630042106,8.842415873757982,8.634922176386505,8.802513122558594,69700
2013-10-11,8.754628024232535,9.041926383972168,8.730685923443131,9.041926383972168,66600
2013-10-14,9.097789315824945,9.321244345704637,9.057887338636329,9.29730224609375,187100
2013-10-15,9.241439412134701,9.329224832621392,9.145673291308817,9.289322853088379,122600
2013-10-16,9.32922518619916,9.377108628967623,9.26538110322888,9.33720588684082,81000
2013-10-17,9.313263151451132,9.480854034423828,9.297301752557834,9.480854034423828,129800
2013-10-18,9.560660607276077,9.576622009277344,9.432972435592092,9.576622009277344,147500
2013-10-21,9.552679319591249,9.768152888636916,9.552679319591249,9.736230850219727,111800
2013-10-22,9.76017279025492,9.87988101250774,9.584601948681149,9.80007553100586,95300
2013-10-23,9.776134489291909,9.855939973228933,9.696329005354885,9.831997871398926,90600
2013-10-24,9.831997763544933,9.895841845561604,9.792095783095634,9.855939865112305,57000
2013-10-25,9.89583941594767,9.89583941594767,9.704307216922405,9.76815128326416,49200
2013-10-28,9.744212750070277,9.831998176257748,9.69632930600705,9.752193450927734,72700
2013-10-29,9.752192249969037,9.855939065095257,9.696328111927883,9.736230850219727,63800
2013-10-30,9.768153042081218,9.768153042081218,9.520757430732118,9.560659408569336,76700
2013-10-31,9.592582153855528,9.736230947629346,9.472873937782333,9.544698715209961,94700
2013-11-01,9.5367152170907,9.584598641686805,9.233455557531947,9.409027099609375,133500
2013-11-04,9.41701149856268,9.64046579198333,9.409030797812992,9.600563049316406,157800
2013-11-05,9.520757422841688,9.648445578410426,9.361146467299324,9.39306926727295,96400
2013-11-06,9.488837607761573,9.488837607761573,9.32922661481264,9.424993515014648,43000
2013-11-07,9.504796489487832,9.568640570406593,9.265380805501742,9.361146926879883,79100
2013-11-08,9.369126147451682,9.680366563582655,9.369126147451682,9.640463829040527,95400
2013-11-11,9.592581403594505,9.704308149893317,9.584600704264195,9.656425476074219,79900
2013-11-12,9.592584118440175,9.792097091674805,9.584603416851207,9.792097091674805,74300
2013-11-13,9.728248519962724,9.871898049306191,9.664404453828139,9.863917350769043,83000
2013-11-14,9.863919558299346,9.975647079579971,9.816036878522986,9.895841598510742,118700
2013-11-15,9.935742627371859,9.95968396313556,9.83997652323571,9.951704025268555,79400
2013-11-18,9.959683330170494,10.063430126661599,9.879878629002848,10.039488792419434,167700
2013-11-19,10.454478971948344,11.26849141900016,10.215063277727864,10.438517570495605,721900
2013-11-20,10.6140895416641,11.39617997346217,10.6140895416641,11.228589057922363,461100
2013-11-21,11.332333912783092,12.30595719344217,11.15676232684228,12.29797649383545,591200
2013-11-22,12.24211171579353,12.28999438578364,11.827124516778886,11.962793350219727,304700
2013-11-25,11.970775604248049,12.090483055857963,11.922892166955233,11.970775604248047,327900
2013-11-26,11.970775604248049,11.994716942353747,11.827126053451018,11.970775604248047,408900
2013-11-27,11.954816113876053,12.369803433079136,11.835108643149837,12.313940048217773,312500
2013-11-29,12.40970659942237,12.457589284910092,12.1782715900142,12.210193634033203,147600
2013-12-02,12.21018890843984,12.25807157539599,11.978753988601728,12.170286178588867,249200
2013-12-03,12.130386002878996,12.43364574808615,12.058561226240272,12.194230079650879,314800
2013-12-04,12.178174034125776,12.218313191768905,11.9052286808614,12.081840515136719,304900
2013-12-05,12.097895773697259,12.40295230134126,11.937339907987456,12.322674751281738,407200
2013-12-06,12.410981207567579,12.860538430526413,12.346758856515004,12.683926582336426,616100
2013-12-09,12.740121901561007,12.916733762968356,12.210287082929835,12.547454833984375,487900
2013-12-10,12.547452901108475,12.619703231717606,12.057757321722109,12.113951683044434,312400
2013-12-11,12.186204956268211,12.35478884653405,11.865092383309454,11.953398704528809,308100
2013-12-12,12.001563117339602,12.049730263311766,11.90522959098609,12.009591102600098,444400
2013-12-13,12.001562174336819,12.146062835308596,11.849034294326085,11.945367813110352,198600
2013-12-16,11.824951299593865,12.194230201015571,11.800868109342028,11.881146430969238,259100
2013-12-17,11.897201613218488,12.009591110163777,11.800868086804305,11.977479934692383,176600
2013-12-18,11.969451926931924,12.089869408916456,11.897201590859368,12.073813438415527,318800
2013-12-19,12.073812483637605,12.121979625740599,11.760727973945022,11.77678394317627,163300
2013-12-20,11.832981127582412,12.491261476901062,11.824953141051358,12.146065711975098,991700
2013-12-23,12.170147024687804,12.226341390536655,11.921285605422186,12.218314170837402,317500
2013-12-24,12.242397226611246,12.483231423531596,11.832979168405732,12.394925117492676,129600
2013-12-26,12.46717549036799,12.523370621358108,12.04170222607864,12.234369277954102,256600
2013-12-27,12.298590716461819,12.563508084540851,12.146062836436917,12.539424896240234,268100
2013-12-30,12.571538930561635,12.587594903477026,12.242399141705416,12.435066223144531,203800
2013-12-31,12.435063478275072,12.619703298090716,12.24239643936456,12.587592124938965,352200
2014-01-02,12.5073155802894,12.5073155802894,12.162119845835576,12.22634220123291,190200
2014-01-03,12.226341330465415,12.555481835423752,12.226341330465415,12.475203514099121,225200
2014-01-06,12.443094323305676,12.443094323305676,12.138037725444043,12.146065711975098,225800
2014-01-07,12.234370296285158,12.330703830241237,12.154092734117196,12.178175926208496,149500
2014-01-08,12.194230154809247,12.282536461382733,11.993535117092506,12.073813438415527,193800
2014-01-09,12.11395064111139,12.11395064111139,11.96944999232177,12.033672332763672,126600
2014-01-10,12.033674277754017,12.105924613826573,11.88114638594925,12.073813438415527,139000
2014-01-13,11.97747995041972,12.033674316170746,11.624256254179757,11.712562561035156,231600
2014-01-14,11.72861584895187,11.881144481903549,11.712560646614723,11.808894157409668,209400
2014-01-15,11.905229666396624,11.993535208048987,11.800868154121565,11.889174461364746,251600
2014-01-16,11.824952184493075,11.94536967594512,11.760729828621667,11.937341690063477,202700
2014-01-17,11.889174333253592,11.961423903504741,11.824951217045665,11.832979202270508,99900
2014-01-21,11.897201650408348,12.025646352695437,11.897201650408348,12.017619132995605,158900
2014-01-22,12.017622027843068,12.033677236700981,11.841010136860016,11.849038124084473,146600
2014-01-23,11.768755003180768,11.945366822433513,11.632282338156925,11.808894157409668,161100
2014-01-24,11.70453460757084,11.752701753767498,11.287089324759997,11.3834228515625,184800
2014-01-27,11.407504988130944,11.921284515876241,11.383421800052634,11.728616714477539,244100
2014-01-28,11.760728858194657,11.905229529777406,11.63228415705035,11.664395332336426,157500
2014-01-29,11.56003485105326,11.808897055882674,11.407506946254562,11.54397964477539,159600
2014-01-30,11.680451385521597,11.816924072851926,11.58411785898092,11.712562561035156,133600
2014-01-31,11.576088835860592,11.7767838562249,11.576088835860592,11.728616714477539,182200
2014-02-03,11.688480368040045,11.688480368040045,11.238923106903902,11.279062271118164,217500
2014-02-04,11.335256705130096,11.359339897557144,11.022172141214941,11.086395263671875,122600
2014-02-05,10.990060915898619,11.206811943590044,10.789365860150653,10.94189453125,124600
2014-02-06,11.00611391803355,11.110475410733265,10.813446900245161,10.89372444152832,176900
2014-02-07,10.909780409139357,11.06230827349083,10.813446900245161,10.89372444152832,126800
2014-02-10,10.917814137912567,11.062314094494583,10.781341403769328,11.038230895996094,172100
2014-02-11,11.046256013981223,11.230895097148407,10.990060877963964,11.206811904907227,122200
2014-02-12,11.222868058060808,11.42356313004837,11.222868058060808,11.34328556060791,113500
2014-02-13,11.263005353728188,11.487784348222728,11.238922163457636,11.44764518737793,125800
2014-02-14,11.455674027873375,11.584118739692947,11.271034180439587,11.463701248168945,120800
2014-02-18,11.062309355906848,12.001562116516846,10.957947852995654,11.704533576965332,271000
2014-02-19,11.648341203825783,11.71256356033225,11.238923106903902,11.279062271118164,166800
2014-02-20,11.319201397749094,11.648341165149604,11.254979041455867,11.54397964477539,137600
2014-02-21,11.60819908393623,11.680449408007373,11.415532063473636,11.439615249633789,85800
2014-02-24,11.447647032750664,11.447647032750664,11.271035155918025,11.367368698120117,113500
2014-02-25,11.335256641663602,11.407506984131096,11.238923106903902,11.279062271118164,112600
2014-02-26,11.295115593240704,11.519894569107432,11.238921232069396,11.415533065795898,159300
2014-02-27,11.359337979475693,11.503838640820081,11.29511563345391,11.455672264099121,117300
2014-02-28,11.479756332853666,11.66439540042876,11.35933885063482,11.375394821166992,112000
2014-03-03,11.271036234163823,11.327230614426488,10.998090789017713,11.287092208862305,110300
2014-03-04,11.455673156926684,11.961423979867535,11.455673156926684,11.712562561035156,219800
2014-03-05,11.664394402758642,11.704533560065105,11.447644178248934,11.503838539123535,97500
2014-03-06,11.576546726318725,11.616939576803633,11.269562141234788,11.37458324432373,179800
2014-03-07,11.479603870041261,11.479603870041261,11.23724754763958,11.358426094055176,71200
2014-03-10,11.309955298388495,11.447290531503292,11.14838466249743,11.326112747192383,109000
2014-03-11,11.301878882257734,11.398821283591678,11.075679945811862,11.107994079589844,69100
2014-03-12,11.067598438498736,11.277640640487371,11.059519714476975,11.261483192443848,108000
2014-03-13,11.30995482063573,11.30995482063573,10.938341988569087,11.05951976776123,115700
2014-03-14,11.051441038016295,11.253404502772852,11.011048190979087,11.091833114624023,59700
2014-03-17,11.132228719585019,11.301878102827033,11.059521730991346,11.180700302124023,79700
2014-03-18,11.221089897213098,11.568466517780339,11.180697051911014,11.560388565063477,159000
2014-03-19,11.511920275907439,11.544234407268238,11.36650629956901,11.495762825012207,98500
2014-03-20,11.447287920965449,11.54423028039252,11.35842428409798,11.511916160583496,84400
2014-03-21,11.519997191039915,11.705803224558522,11.479604340579051,11.657332420349121,267200
2014-03-24,11.64117682038533,11.867375740280787,11.374585043615411,11.536155700683594,123100
2014-03-25,11.616939064048866,11.899687464104032,11.544232090471121,11.633095741271973,85300
2014-03-26,11.721963062486388,11.956240718402428,11.503842087790575,11.673491477966309,199800
2014-03-27,11.689648402720616,11.689648402720616,11.439213306442683,11.536155700683594,109100
2014-03-28,11.519997872965297,11.794668347842807,11.390741360182842,11.463447570800781,148600
2014-03-31,11.503839570245843,11.673488923294856,11.390740515166188,11.625018119812012,182500
2014-04-01,11.60886076477194,11.835059647174326,11.592704086957966,11.818902969360352,167800
2014-04-02,11.810824528423517,11.851217379571244,11.65733261857762,11.730039596557617,117700
2014-04-03,11.76235428915588,11.794668417542452,11.503840491633717,11.584626197814941,132900
2014-04-04,11.608859736994981,11.633095136785057,11.099911718826583,11.140304565429688,154500
2014-04-07,11.116070022014812,11.229169076701226,10.841399568468617,10.946420669555664,180700
2014-04-08,10.994890743992414,11.140304685154568,10.922184543840814,11.091833114624023,127700
2014-04-09,11.164543831535717,11.390743542674976,11.002973159600344,11.334193229675293,160600
2014-04-10,11.358426322841801,11.358426322841801,10.865634944265468,10.906027793884277,141900
2014-04-11,10.801008032523445,10.95450072602426,10.704065643673802,10.728301048278809,99100
2014-04-14,10.833322354678163,10.954500920716113,10.647516298688133,10.801008224487305,171800
2014-04-15,10.81716386676249,10.873713392537113,10.485943124631039,10.679828643798828,108100
2014-04-16,10.801007753394678,10.817165203000208,10.590965531100398,10.78485107421875,85100
2014-04-17,10.744456872932847,10.962577022240984,10.736378149143414,10.922184944152832,73900
2014-04-21,10.897949417411906,11.067598774877432,10.833321164132617,10.970656394958496,70100
2014-04-22,10.962579611833503,11.164543131700322,10.946422930867595,11.051444053649902,76800
2014-04-23,11.051441744340183,11.124148719568135,10.881792392284801,10.906027793884277,88500
2014-04-24,10.994893691046341,11.02720782325164,10.841401755678591,10.930265426635742,128100
2014-04-25,10.849479230031676,10.865635909056083,10.477866367315212,10.550573348999023,131500
2014-04-28,10.58288740908757,10.76869345403027,10.251666631287367,10.429394721984863,95100
2014-04-29,10.494021896370114,10.631357119961091,10.397079521558162,10.477865219116211,140100
2014-04-30,10.453630022132716,10.582887304361531,10.219352401889212,10.518259048461914,134900
2014-05-01,10.461709343188096,10.639437442259764,10.292059969171872,10.485944747924805,221300
2014-05-02,10.906027297720291,11.358425806096182,10.906027297720291,11.16454029083252,321900
2014-05-05,11.140305290993066,11.156462738858423,10.946420539185892,11.027205467224121,163200
2014-05-06,10.986815735817279,11.12415099029722,10.914108745747935,10.930265426635742,150100
2014-05-07,10.978737063229097,11.051444053649902,10.825244356689689,11.051444053649902,277600
2014-05-08,10.986813213312598,11.309954461174348,10.93026291711466,10.994891166687012,176400
2014-05-09,10.946420982962374,11.277640973334925,10.914106856351138,11.253405570983887,102300
2014-05-12,11.309956447305229,11.608862346675311,11.285721042067017,11.471527099609375,194900
2014-05-13,11.479605756852651,11.544234017391597,11.245328119791562,11.277642250061035,177400
2014-05-14,11.277640288021793,11.390740109503108,10.849477943833856,10.881792068481445,145300
2014-05-15,10.865636484869023,10.93026474525074,10.647516298688133,10.801008224487305,149300
2014-05-16,10.776772277999022,11.019128627468682,10.712144020864393,10.986814498901367,102200
2014-05-19,11.002970657836645,11.326112698663785,11.002970657836645,11.24532699584961,115800
2014-05-20,11.245327303355309,11.245327303355309,10.809086191174696,10.873714447021484,182900
2014-05-21,10.938341566509122,11.019127263139758,10.760613496179424,10.841399192810059,93200
2014-05-22,10.92218351204185,11.04336127127655,10.881790668820482,10.938340187072754,69500
2014-05-23,10.962578902111444,11.277642250061035,10.93834349701675,11.277642250061035,99800
2014-05-27,11.350347078651053,11.697723720421848,11.301875507244006,11.689645767211914,219500
2014-05-28,10.994893004470553,11.019129179933364,9.51652020014312,9.53267765045166,1257500
2014-05-29,9.638594703949483,10.591862380341356,9.402314728083983,10.461501121520996,1006900
2014-05-30,10.591863275223494,10.591863275223494,10.103007736330472,10.11115550994873,407000
2014-06-02,10.11930196939023,10.160040055176472,9.67933235233041,9.752660751342773,397800
2014-06-03,9.752663025142342,9.825991441250972,9.491939681532267,9.557120323181152,253900
2014-06-04,9.548970689872247,9.557117685068585,9.20677202716763,9.312690734863281,445100
2014-06-05,9.377871573269076,9.646741846263382,9.328985715899956,9.606003761291504,281400
2014-06-06,9.687480064572364,9.736365145599988,9.548971039970171,9.630446434020996,304400
2014-06-09,9.63044603476347,9.7282169697797,9.483790020746284,9.663036346435547,239900
2014-06-10,9.638596419014112,9.679334513897894,9.573415778005872,9.654891967773438,140900
2014-06-11,9.630444975169077,9.760806207514326,9.573412130271588,9.679330825805664,188800
2014-06-12,9.646741846263382,9.785250868959155,9.573413448716872,9.606003761291504,205800
2014-06-13,9.589709544218277,9.728217797853803,9.581561771353133,9.638594627380371,135800
2014-06-16,9.63859587250545,9.744514602391876,9.581563009110639,9.62230110168457,157800
2014-06-17,9.581562987177438,9.834137761931565,9.516382350014148,9.728219032287598,159500
2014-06-18,9.703775405883789,9.76080826279035,9.548971604131236,9.703775405883789,182800
2014-06-19,9.711922202450822,9.768955053623378,9.589708727934115,9.663036346435547,156500
2014-06-20,9.736365756323249,9.842284474546098,9.638594811120864,9.78525161743164,261200
2014-06-23,9.87487754547029,9.87487754547029,9.548974303843398,9.720073699951172,200900
2014-06-24,9.68748282523017,10.005238273504082,9.622302180609132,9.646744728088379,284100
2014-06-25,9.61415373130012,9.801547877185385,9.483792451203499,9.777105331420898,177200
2014-06-26,9.777104898667307,9.777104898667307,9.614153305759082,9.728219032287598,125000
2014-06-27,9.679333942922373,9.793400446465373,9.630448076542661,9.728219032287598,668300
2014-06-30,9.728216458366793,9.768954540068867,9.630445528490386,9.711921691894531,164600
2014-07-01,9.744513676116847,9.940055569466892,9.744513676116847,9.850432395935059,195300
2014-07-02,9.84228462279187,9.980793658168421,9.80154653409034,9.850432395935059,128500
2014-07-03,9.842284785366852,10.021531912405738,9.78525192645129,9.956351280212402,73500
2014-07-07,9.940054858139383,9.940054858139383,9.728217433662413,9.752660751342773,170200
2014-07-08,9.736363670703152,9.768953978789463,9.573412130271588,9.679330825805664,399100
2014-07-09,9.711923029137902,9.76895588516514,9.614152085799324,9.638594627380371,154200
2014-07-10,9.573415181756284,9.638595818704955,9.410463589384605,9.459348678588867,193600
2014-07-11,9.434902871678704,9.491935715034913,9.296393871801437,9.386017799377441,160500
2014-07-14,9.459344053531616,9.459344053531616,9.345278383150019,9.418606758117676,149900
2014-07-15,9.44305064273365,9.467493178884283,9.328984179007016,9.386017799377441,159700
2014-07-16,9.434907658002691,9.483793532117947,9.296398587859843,9.345284461975098,243200
2014-07-17,9.312691502306714,9.443052760362884,9.11714883820807,9.166034698486328,204000
2014-07-18,9.141591926710394,9.353428577211385,9.125296381356426,9.304543495178223,227100
2014-07-21,9.280105173842731,9.353432830234699,9.182334188305385,9.271957397460938,219600
2014-07-22,9.345282425144473,9.61415273164082,9.288248788271549,9.467495918273926,190500
2014-07-23,9.459346682005725,9.646741556440604,9.45119968686759,9.516380310058594,247300
2014-07-24,9.548972650650635,9.622301061575152,9.337135191760801,9.500086784362793,340000
2014-07-25,9.394166733716935,9.622299708289459,9.369724192517868,9.573413848876953,231100
2014-07-28,9.58156127418015,9.58156127418015,9.337133540009507,9.361576080322266,182300
2014-07-29,9.386019397649374,9.443052250717264,9.214920061431359,9.361576080322266,174000
2014-07-30,9.443054162228709,9.459348933397571,9.288249562544744,9.320839881896973,168000
2014-07-31,9.288249287920717,9.288249287920717,9.011231970124548,9.043822288513184,299900
2014-08-01,9.04382035893823,9.068262898261066,8.921606108295418,9.003082275390625,207100
2014-08-04,9.003084054161802,9.100855007784414,8.929755644691223,8.978641510009766,247600
2014-08-05,8.929754294171119,9.117148399353027,8.831983355335208,9.117148399353027,180700
2014-08-06,9.060116256707392,9.337134326981381,9.060116256707392,9.255658149719238,81900
2014-08-07,9.28010257780925,9.304545123102303,9.125297977919411,9.17418384552002,63100
2014-08-08,9.166033481383131,9.328985032315973,9.117147627596134,9.223066329956055,155900
2014-08-11,9.223068012536864,9.500086088166743,9.223068012536864,9.402315139770508,167200
2014-08-12,9.573410500927316,9.858576230909517,9.312688080610405,9.418606758117676,185800
2014-08-13,9.614151244845102,9.614151244845102,9.418609375272087,9.516380310058594,130000
2014-08-14,9.491937319537435,9.825988996129976,9.491937319537435,9.687479972839355,208600
2014-08-15,9.825991441250972,9.842286213155923,9.443054588802875,9.557120323181152,195800
2014-08-18,9.638593300233657,9.736364230110064,9.581560452059321,9.711921691894531,100700
2014-08-19,9.752661415172199,9.817842046061058,9.695627780383637,9.768956184387207,155200
2014-08-20,9.76895571292559,9.850431886111732,9.39416671489521,9.532675743103027,134000
2014-08-21,9.516382332130235,9.55711964751987,9.37787328416492,9.500086784362793,91400
2014-08-22,9.524529908742426,9.687482288277556,9.459349267734188,9.654891967773438,131400
2014-08-25,9.768956184387207,9.793399503731338,9.589709837950048,9.768956184387207,214500
2014-08-26,10.062271290547699,10.76296356487737,9.940057006771267,10.665192604064941,587600
2014-08-27,10.6977812666817,10.76296189712338,10.437058744914978,10.56742000579834,353200
2014-08-28,10.485944374179184,10.68148627566627,10.437059287314636,10.600010871887207,177600
2014-08-29,10.616305512598299,10.730372008917719,10.526682336428035,10.722224235534668,143700
2014-09-02,10.77111093051772,10.885176658630371,10.624454106356314,10.885176658630371,205900
2014-09-03,10.958503945468903,10.982946487981161,10.730371735654197,10.779256820678711,181400
2014-09-04,10.819994281075216,10.974798854361506,10.76296142618783,10.844437599182129,176300
2014-09-05,10.811846382174403,11.064421098730968,10.730370215986559,11.031830787658691,179800
2014-09-08,11.03998198818644,11.202933594153029,11.03998198818644,11.14590072631836,129200
2014-09-09,11.121456003967419,11.129603777494676,10.885176010778089,10.909619331359863,121700
2014-09-10,10.868880731085866,11.145898801907393,10.803700099953085,11.1051607131958,478900
2014-09-11,11.055913652370103,11.146199226379395,11.006666477519488,11.146199226379395,164400
2014-09-12,11.170823376586588,11.170823376586588,10.826095471459071,10.9163818359375,126400
2014-09-15,10.941004749861127,10.941004749861127,10.71939440675465,10.842511177062988,189800
2014-09-16,10.801471320390139,10.941004068858541,10.768640131500943,10.817887306213379,100500
2014-09-17,10.785057457819915,10.932797434805542,10.744018270918259,10.834303855895996,108300
2014-09-18,10.883551034825839,10.94921342075405,10.84251184793136,10.8999662399292,76400
2014-09-19,10.941004745432545,10.982043929771159,10.571653651899698,10.711186408996582,298200
2014-09-22,10.629108711812517,10.670147898743778,10.481368734720318,10.571654319763184,102300
2014-09-23,10.555238449659127,10.604485631077598,10.37466727755865,10.382874488830566,125300
2014-09-24,10.391081141091256,10.49778270142207,10.276172370548297,10.432120323181152,82400
2014-09-25,10.36645889336006,10.37466688708044,10.120224561050174,10.202302932739258,123300
2014-09-26,10.243340398670547,10.46495151230161,10.038145270978358,10.432120323181152,183700
2014-09-29,10.341834058120861,10.366457252627448,10.177677340724308,10.276171684265137,101800
2014-09-30,10.24333882838451,10.309001979316674,10.087390899658203,10.087390899658203,190400
2014-10-01,10.07097788169456,10.194094653016696,9.956068321105182,9.99710750579834,228200
2014-10-02,9.997104767264922,10.128429496103028,9.939649611330404,10.038143157958984,211200
2014-10-03,10.226927214690807,10.251550415703427,10.02994004107496,10.046355247497559,303900
2014-10-06,10.062767961180732,10.095599146096607,9.857572859767213,9.964274406433105,180200
2014-10-07,9.873988818349245,10.013521560635546,9.791911241141408,9.8329496383667,291600
2014-10-08,9.791910242870749,10.153053267833194,9.783702251159582,10.087390899658203,225800
2014-10-09,10.062769018081617,10.08739221366542,9.783703525607603,9.808326721191406,165200
2014-10-10,9.783703230110321,9.988898346878143,9.652378480620076,9.701624870300293,152100
2014-10-13,9.677001584040282,9.964275057904223,9.64417039697788,9.824742317199707,181600
2014-10-14,9.91502695592387,10.136638034876368,9.7344550526393,9.956066131591797,116300
2014-10-15,9.849367030757277,10.136640548923976,9.816535838631715,10.070978164672852,220500
2014-10-16,9.915028481970523,10.251548365279222,9.906820489022191,10.136639595031738,225600
2014-10-17,10.267965712958945,10.267965712958945,10.04635457050668,10.153056144714355,161000
2014-10-20,10.038146303865734,10.12022467649108,9.77549676387642,9.78370475769043,211700
2014-10-21,9.865783413463152,9.873990624755335,9.644172270668912,9.791913032531738,226500
2014-10-22,9.800118437093344,9.988898351643572,9.726248852537777,9.734456062316895,103700
2014-10-23,9.849365920372666,10.029937848084868,9.816534731948382,9.972482681274414,136800
2014-10-24,9.997106952707432,10.128431710254114,9.96427576332076,10.112015724182129,100500
2014-10-27,10.005315106137315,10.18588705616427,9.939652721174308,10.144847869873047,103700
2014-10-28,10.185886944057776,10.629108429058638,10.161263745656997,10.596277236938477,173600
2014-10-29,10.571653645280657,10.629108033664341,10.456744085755952,10.514199256896973,167400
2014-10-30,10.48136807469481,10.809679983955894,10.48136807469481,10.776848793029785,152200
2014-10-31,10.883549974209338,11.023082726398481,10.78505640491535,10.924589157104492,201000
2014-11-03,10.98204202297721,11.023081200190257,10.842509290107165,10.94100284576416,205200
2014-11-04,10.875339565325278,11.080534651463491,10.875339565325278,11.07232666015625,114900
2014-11-05,11.113365833935319,11.220067372658047,10.965625121433524,11.07232666015625,130300
2014-11-06,11.047707159892788,11.220071121143821,11.006667972403038,11.19544792175293,88500
2014-11-07,11.220069313292582,11.220069313292582,10.941003822636022,11.137990951538086,179500
2014-11-10,11.0805368573897,11.2446928024292,10.916380912350197,11.2446928024292,94500
2014-11-11,11.18724088490835,11.277526478904917,11.080539301408338,11.162617683410645,117600
2014-11-12,11.121576326492239,11.408849042039275,11.121576326492239,11.384225845336914,109200
2014-11-13,11.359602633229157,11.36781062637125,11.113368318267552,11.154407501220703,123500
2014-11-14,11.179032890156627,11.236487287903763,11.023084903661202,11.162617683410645,117800
2014-11-17,11.113368987118642,11.121576980754726,10.973836226334617,10.982044219970703,83600
2014-11-18,10.99845876471851,11.318563452507437,10.965627574900976,11.187238693237305,107900
2014-11-19,11.146200178436724,11.146200178436724,10.875342650516156,10.9163818359375,91300
2014-11-20,10.87533985212695,11.137989318828105,10.87533985212695,11.11336612701416,89900
2014-11-21,11.18724073258525,11.252903124190066,10.94100637268847,10.99846076965332,193900
2014-11-24,10.9984587690172,11.302148253394709,10.99025155862759,11.252901077270508,201400
2014-11-25,10.563446046105023,11.080537909128573,10.136640548490936,10.202302932739258,544700
2014-11-26,10.22692359514007,10.32541714708879,9.890403763625983,9.956066131591797,372400
2014-11-28,9.956068999736326,10.054562580059079,9.767289050383004,9.791913032531738,171200
2014-12-01,9.742664040814377,9.81653440802075,9.63596248626709,9.63596248626709,241700
2014-12-02,9.66058852635996,10.112017252987505,9.644172537806092,9.931446075439453,196500
2014-12-03,9.906819893477088,10.013521447119203,9.816534324744797,9.824742317199707,263900
2014-12-04,9.82474260334504,9.947859362725504,9.791911415326432,9.865781784057617,133300
2014-12-05,9.865781803720415,10.136639301103077,9.865781803720415,10.029937744140625,145700
2014-12-08,10.021731664213478,10.144848447337823,9.931446075439453,9.931446075439453,177600
2014-12-09,9.882196765516053,10.309002982962928,9.832949593211701,10.284379005432129,192600
2014-12-10,10.210507636244927,10.267962795420614,10.021728523579997,10.054559707641602,185700
2014-12-11,10.087662309452874,10.327647689734205,10.013184741117069,10.038010597229004,146700
2014-12-12,9.897327306519271,10.071109840406631,9.88077621319687,9.955254554748535,141000
2014-12-15,9.971809608927845,10.087664151404429,9.880780137896382,9.897331237792969,205200
2014-12-16,9.880779702491571,10.137316215185,9.872504942107792,9.889055252075195,287900
2014-12-17,9.889053364757553,10.145589828491211,9.855951961940278,10.145589828491211,218400
2014-12-18,10.2200702128001,10.30282334168602,10.178693253757215,10.186968803405762,169100
2014-12-19,10.162141262796842,10.344199393091186,10.104213998739462,10.269721031188965,844800
2014-12-22,10.236619636302352,10.460054722262283,10.095938461260866,10.426953315734863,195500
2014-12-23,10.426955095926804,10.50970823177389,10.261447245832793,10.32765007019043,131200
2014-12-24,10.319374759595352,10.501432122285335,10.26972224937089,10.435229301452637,57000
2014-12-26,10.501430948213542,10.575909310623533,10.435228134782392,10.509706497192383,70700
2014-12-29,10.517984329860289,10.625564122343828,10.294549194117565,10.377303123474121,148300
2014-12-30,10.311097886986257,10.451779060509164,10.302822338143786,10.385576248168945,143500
2014-12-31,10.402125924283311,10.551082637593247,10.344198664307104,10.352474212646484,137700
2015-01-02,10.385575205761286,10.501429721128382,9.955256179541522,10.046285629272461,129900
2015-01-05,9.96353182576972,10.079387131478565,9.781473713712883,9.83112621307373,154100
2015-01-06,9.7897480722704,9.955255068029912,9.764922220206376,9.847675323486328,251900
2015-01-07,9.922156039779683,10.021460260964158,9.8559532256567,10.013185501098633,187500
2015-01-08,10.129041329189423,10.162142740492662,9.946983961621566,9.980085372924805,407800
2015-01-09,9.946983228214657,10.021460806255668,9.889055170805197,9.905606269836426,157100
2015-01-12,9.905603607298163,9.94698055455464,9.665618260250154,9.731821060180664,164800
2015-01-13,9.756648500739383,9.980083578768411,9.582865925338945,9.764924049377441,174400
2015-01-14,9.607691248696348,9.798024910806804,9.516662586330302,9.615966796875,98600
2015-01-15,9.657345778895175,9.715273049924749,9.40080925582158,9.500113487243652,180200
2015-01-16,9.450460193543435,9.740098078894315,9.442184645002039,9.723546981811523,147400
2015-01-20,9.748373144375488,9.822851505187488,9.607691971552772,9.789750099182129,149300
2015-01-21,9.7897498730019,9.971807996425026,9.715271513910631,9.963532447814941,180100
2015-01-22,9.980083844002493,10.335923763698592,9.872504076447932,10.286272048950195,202800
2015-01-23,10.294547792037473,10.319374440983117,10.0793890255742,10.186968803405762,133800
2015-01-26,10.211795951681358,10.25317291594521,10.021462231747613,10.153868675231934,160500
2015-01-27,10.054562613602876,10.451780324896747,10.029736753271969,10.294548034667969,210800
2015-01-28,10.344199882928258,10.402127149728715,10.04628721041186,10.079388618469238,128600
2015-01-29,10.104213261476652,10.559358159402572,10.087662164839475,10.551082611083984,201900
2015-01-30,10.443505360921613,10.517983735292356,10.2200710270093,10.24489688873291,196200
2015-02-02,10.335923216256226,10.551082739969422,10.038010575945465,10.493155479431152,186200
2015-02-03,10.57591031776414,10.882098556341365,10.517983047795436,10.749692916870117,221300
2015-02-04,10.708314823049687,10.815894591025584,10.451779121045439,10.468329429626465,119200
2015-02-05,10.484879790131696,10.666937906919701,10.435227289480524,10.650386810302734,89700
2015-02-06,10.700039310953908,10.749691022405356,10.534531501583146,10.650386810302734,112500
2015-02-09,10.559358941844547,10.683489019022431,10.41040221787126,10.426953315734863,86200
2015-02-10,10.501428013931138,10.592457448863597,10.344196573265314,10.526254653930664,107400
2015-02-11,10.468326889315652,10.757964716596152,10.426950733303798,10.534529685974121,75500
2015-02-12,10.609009149274485,10.658661646608852,10.51798049156109,10.633835792541504,92900
2015-02-13,10.64211087232129,10.683487823148916,10.592459162687895,10.60073471069336,74900
2015-02-17,10.617285841979793,10.683488652765034,10.468329123113124,10.658662796020508,134500
2015-02-18,10.609010388195859,10.815894371049598,10.609010388195859,10.799344062805176,88400
2015-02-19,10.799343393860415,10.898647604775027,10.625560827459912,10.708313941955566,125000
2015-02-20,10.650386953406343,10.708314213944613,10.451778526532502,10.493155479431152,171700
2015-02-23,10.44350499795376,10.724867385042195,10.36902662617154,10.716591835021973,122000
2015-02-24,9.946981205371683,10.01318400963375,8.705677441658391,9.111169815063477,1503800
2015-02-25,9.235299875754935,9.30977822784968,8.763604698087782,9.111169815063477,559700
2015-02-26,9.11117058344494,9.152547536898137,8.41604029087043,8.473967552185059,668200
2015-02-27,8.507070434454683,8.64775162710655,8.440867613112612,8.465693473815918,417200
2015-03-02,8.432591684198375,8.564998110132272,8.341563006243677,8.416041374206543,359100
2015-03-03,8.3829387867969,8.407764642895287,8.109852002115439,8.33328628540039,271300
2015-03-04,8.349836669344008,8.391213618774982,8.200879967072366,8.31673526763916,267000
2015-03-05,8.300183852177366,8.473966401727624,8.24225659872716,8.449140548706055,151200
2015-03-06,8.39948845592197,8.432589857936652,8.20088004383389,8.30018424987793,168900
2015-03-09,8.308461733363949,8.391215652280266,8.283635873368997,8.358114242553711,157800
2015-03-10,8.308461299538273,8.382939664834105,8.134678710247938,8.349838256835938,212700
2015-03-11,8.374662594905761,8.416039544690408,8.225705891360901,8.39948844909668,234000
2015-03-12,8.491424923281846,8.77558691274682,8.466352040991572,8.750514030456543,281300
2015-03-13,8.775586018056773,8.976170650034048,8.63350503780975,8.87587833404541,462600
2015-03-16,8.892594056062983,8.967812694736386,8.809016728133686,8.859163284301758,186800
2015-03-17,8.817377060419147,8.942742289953644,8.783946279406436,8.926027297973633,185800
2015-03-18,8.90095121165735,9.26033260832031,8.875878331929288,9.201828956604004,280000
2015-03-19,9.185111312487408,9.185111312487408,9.051388251607698,9.109891891479492,132300
2015-03-20,9.15168400359939,9.293765008707132,9.134969013202804,9.277050018310547,348400
2015-03-23,9.235261114393264,9.44420366993586,9.201830337388552,9.36898422241211,194000
2015-03-24,9.377339599642141,9.377339599642141,8.800657854739994,8.97616958618164,318400
2015-03-25,8.976172554877765,9.118253565275959,8.917668890732383,8.984530448913574,166300
2015-03-26,8.942741775787168,9.02631912203998,8.850807332551192,8.984530448913574,128400
2015-03-27,8.992886435308492,9.017959315044624,8.641862930792744,8.767228126525879,144500
2015-03-30,8.750513527067188,8.825732966663432,8.717082753585801,8.809017181396484,125600
2015-03-31,8.76722675945435,9.076461551489322,8.600072925523602,9.034673690795898,305400
2015-04-01,8.959455945310143,9.118251918040414,8.75051341447676,8.909309387207031,147900
2015-04-02,8.90095110392002,9.001244215723272,8.80901668132825,8.867520332336426,82900
2015-04-06,8.8591631296095,9.101536419909353,8.842447345494532,8.967812538146973,120700
2015-04-07,8.951098814410473,9.168399256259335,8.934383027936299,9.101537704467773,158800
2015-04-08,9.126609798232796,9.343910221298456,9.126609798232796,9.235260009765625,197200
2015-04-09,9.21854643025069,9.310481675802018,9.093181200747757,9.160042762756348,89700
2015-04-10,9.360624131002698,9.360624131002698,9.134966638468919,9.226901054382324,121100
2015-04-13,9.226902117250985,9.385698089766661,9.201829236759563,9.235260009765625,93900
2015-04-14,9.243616908842043,9.38569708105867,9.185112464579698,9.352266311645508,143800
2015-04-15,9.360623267279609,9.48598923783275,9.31047751670022,9.460915565490723,111500
2015-04-16,9.419130769541537,9.527780196822416,9.318837641654797,9.47763442993164,94800
2015-04-17,9.402415573330892,9.536138689512063,9.235261678104425,9.32719612121582,208200
2015-04-20,9.360625545981843,9.477633654238158,9.343910557403815,9.39405632019043,66300
2015-04-21,9.410773491489172,9.410773491489172,9.12661147034913,9.218545913696289,86900
2015-04-22,9.201828848205807,9.410771369934082,9.193470956044084,9.410771369934082,105200
2015-04-23,9.377340312890585,9.544494165774497,9.260332217345624,9.26869010925293,214800
2015-04-24,9.302120556051971,9.352266311645508,9.21018613942888,9.352266311645508,105800
2015-04-27,9.368983446789928,9.51942232938317,9.235260349841504,9.285406112670898,80600
2015-04-28,9.310480815599663,9.511065483093262,9.310480815599663,9.511065483093262,141700
2015-04-29,9.47763331332271,9.511064086328773,9.218544224736345,9.235260009765625,83000
2015-04-30,9.193470841384311,9.201828733441797,8.942739659026975,8.967812538146973,161000
2015-05-01,8.984530448913574,9.01796122800417,8.800660765388974,8.984530448913574,87400
2015-05-04,8.98452832226194,9.151682178149347,8.926024671964463,8.967812538146973,86100
2015-05-05,8.951097595225994,9.05974780135172,8.650220653144917,8.742155075073242,188000
2015-05-06,8.750514466389918,8.775587349929275,8.457994569237902,8.466352462768555,194100
2015-05-07,8.449635668051338,8.717082649769775,8.441278572569903,8.692008972167969,130600
2015-05-08,8.800660283296832,8.984529956749219,8.775587399615516,8.934383392333984,174400
2015-05-11,8.81737714805162,9.001246843975288,8.81737714805162,8.834092140197754,92700
2015-05-12,8.800659008283697,8.859163457800951,8.56664360137213,8.775586128234863,83800
2015-05-13,8.825733354317897,8.900952000165475,8.758871007365807,8.85080623626709,80000
2015-05-14,8.86751875808902,8.984526836385434,8.809015117466975,8.892592430114746,134200
2015-05-15,8.850804999710272,8.926024432101396,8.775585567319146,8.817374229431152,109800
2015-05-18,8.809017844173074,8.94274094815973,8.767229174914101,8.884237289428711,187600
2015-05-19,8.892593439774465,8.892593439774465,8.76722745656883,8.800658226013184,168500
2015-05-20,8.809018389704095,8.976172280039039,8.775587611637105,8.951099395751953,134500
2015-05-21,8.942741775787168,9.034677016075792,8.909310996696572,8.984530448913574,66600
2015-05-22,8.984530173818941,9.05139172995292,8.917668617684964,8.951099395751953,82100
2015-05-26,8.951099861080372,8.951099861080372,8.717084402446014,8.90095329284668,161300
2015-05-27,8.90095324187196,9.143326593332668,8.90095324187196,9.118253707885742,122400
2015-05-28,9.109891891479492,9.134965563183673,9.051388251607698,9.109891891479492,103200
2015-05-29,9.084821030699715,9.118251803330388,8.967812927966113,9.009601593017578,135000
2015-06-01,9.017962455749512,9.093181918207225,8.834092747192075,9.017962455749512,177500
2015-06-02,8.441276982552479,9.193469633767021,8.441276982552479,9.034673690795898,473400
2015-06-03,9.03467381430856,9.611354748516511,8.926023621505133,9.485989570617676,420600
2015-06-04,9.410771083467367,9.569567044443973,9.243617230583453,9.26869010925293,240400
2015-06-05,9.235261948549562,9.47763530298875,9.101538828452446,9.360627174377441,206500
2015-06-08,9.310480561917014,9.485992340454898,9.201830337388552,9.36898422241211,238500
2015-06-09,9.343910941471725,9.519422712544088,9.26033360398867,9.435845375061035,93000
2015-06-10,9.5033029127168,9.806868631165473,9.478005166381275,9.663517951965332,191600
2015-06-11,9.69724719187036,9.69724719187036,9.553896516873907,9.570761680603027,145600
2015-06-12,9.511734775255047,9.806868718392227,9.410546201538804,9.7647066116333,184300
2015-06-15,9.65508536985349,9.78157168900524,9.444275642109199,9.663517951965332,167900
2015-06-16,9.663521536852377,9.688818488397047,9.478008682448415,9.60449504852295,127600
2015-06-17,9.646655586376305,9.705682874108577,9.537035203821068,9.562332153320312,89800
2015-06-18,9.596058549118156,9.756273582451273,9.579193385517163,9.714112281799316,136800
2015-06-19,9.747840947671383,9.865893865796561,9.638219806430008,9.815299987792969,172300
2015-06-22,9.823734800928401,9.899626445565044,9.730978793136636,9.773140907287598,100800
2015-06-23,9.798433981655188,9.92492027411925,9.730974947344405,9.916487693786621,70700
2015-06-24,9.916490800478927,9.983949855923653,9.874328689782132,9.975517272949219,166400
2015-06-25,10.000814151534012,10.152597427368164,9.95865284529152,10.152597427368164,148500
2015-06-26,10.152596806718321,10.329677016307754,10.076705173440661,10.312811851501465,759500
2015-06-29,10.203192265667843,10.346542960620022,10.059841570715662,10.076705932617188,210500
2015-06-30,10.085138661116211,10.16946288436621,9.899625852471447,10.000814437866211,167000
2015-07-01,10.051406733129841,10.30437853831377,9.967082530010131,10.127298355102539,203700
2015-07-02,10.161030651371336,10.177895014097272,9.933355723255533,9.992383003234863,113300
2015-07-06,9.908058901756167,9.967085378302833,9.756275614435681,9.88276195526123,148400
2015-07-07,9.916490990169258,9.916490990169258,9.663519125324813,9.68881607055664,190800
2015-07-08,9.621357233736285,9.688816292013325,9.300926304832636,9.435844421386719,367100
2015-07-09,9.570763317600068,9.688816267194786,9.402114868164062,9.402114868164062,160000
2015-07-10,9.511736696067135,9.655087405490725,9.410548101916742,9.553898811340332,139900
2015-07-13,9.621357874107261,9.663519989380458,9.503304916352866,9.553898811340332,149600
2015-07-14,9.545465906058782,9.671952247619629,9.461142482526984,9.671952247619629,90800
2015-07-15,9.68038336105402,9.68881594407968,9.44427666556317,9.52016830444336,127600
2015-07-16,9.5791965182613,9.714115458666834,9.486440500647053,9.562332153320312,82300
2015-07-17,9.604493620961058,9.604493620961058,9.351521730588004,9.410548210144043,111500
2015-07-20,9.45271039471711,9.45271039471711,9.149144606564793,9.199738502502441,193100
2015-07-21,8.432388216968269,9.393680763205724,8.432388216968269,9.1744384765625,122900
2015-07-22,9.090116476313415,9.351520928245174,9.090116476313415,9.33465576171875,136500
2015-07-23,9.317791399367728,9.38525045712262,9.258764120700647,9.33465576171875,91200
2015-07-24,9.292494380250965,9.351520854275751,9.157575461632971,9.233467102050781,138800
2015-07-27,9.149142573985294,9.29249325425421,9.149142573985294,9.275628089904785,96100
2015-07-28,9.292493925244713,9.44427639447292,9.20816970575932,9.427412033081055,128800
2015-07-29,9.427411438910287,9.528600013410045,9.300925117654108,9.376816749572754,164500
2015-07-30,9.300927679818745,9.806871495867263,9.300927679818745,9.596061706542969,369800
2015-07-31,9.646653519298633,9.688815628879928,9.469573302397484,9.638221740722656,110000
2015-08-03,9.638222717371823,9.730978724509429,9.49487201277479,9.671952247619629,161400
2015-08-04,9.705683110747428,9.739412645627304,9.579196751816228,9.621358871459961,109100
2015-08-05,9.688817067003308,9.992383657707112,9.629790587333334,9.75627613067627,192700
2015-08-06,9.773139193820146,9.781571776006992,9.66351803791706,9.7647066116333,120800
2015-08-07,9.747844393290677,9.84060040520099,9.596061097277914,9.823735237121582,103900
2015-08-10,9.874328497250774,10.144164713768358,9.823733804566048,9.983949661254883,175500
2015-08-11,9.924923552478242,10.11043555602288,9.76470768993696,9.933355331420898,186500
2015-08-12,9.87432861328125,10.000814140216324,9.773140030898118,9.87432861328125,117700
2015-08-13,9.899626927642812,10.01768069217923,9.832167863386426,9.891194343566895,137500
2015-08-14,9.832166351155223,10.211623730279028,9.832166351155223,10.194759368896484,170200
2015-08-17,10.177896379637255,10.414003922881626,10.034545658444433,10.321247100830078,191000
2015-08-18,10.33811024588191,10.380272356361681,9.908058166503906,9.908058166503906,144400
2015-08-19,9.865896764937048,9.950220991955698,9.7394112285845,9.849032402038574,113500
2015-08-20,9.78157261380722,10.16102999878781,9.773140030898118,9.87432861328125,290400
2015-08-21,9.730978112470167,9.933355281228295,9.655086473142024,9.865896224975586,204100
2015-08-24,9.469574425429347,9.882762183317064,9.317791938781738,9.317791938781738,285200
2015-08-25,9.233468742726341,9.233468742726341,7.420504850455267,7.4289374351501465,1244700
2015-08-26,7.55542012978372,7.766229842328828,6.897694051812045,6.914558410644531,868600
2015-08-27,7.032614060609265,7.277153361807109,6.965154998497822,7.192829132080078,733200
2015-08-28,7.218126346351052,7.437367879810183,7.167531651444856,7.285585403442383,613900
2015-08-31,7.260288754490395,7.445801591701187,7.218127440548614,7.327747821807861,300400
2015-09-01,7.251856612284568,7.294017924122178,7.007317304419241,7.066343784332275,310700
2015-09-02,7.184396681682977,7.268720099361773,7.057910348901714,7.201261043548584,213900
2015-09-03,7.201261301260153,7.2855855261320395,7.116937076388267,7.17596435546875,194100
2015-09-04,7.074775633426909,7.218126330474533,7.007316576483956,7.091639995574951,296100
2015-09-08,7.192829132080078,7.268720777999315,7.049478424049399,7.192829132080078,238900
2015-09-09,7.268720469486693,7.268720469486693,7.100072821366145,7.1506667137146,232300
2015-09-10,7.159198971514485,7.278660645575252,7.099467320712479,7.27012825012207,257600
2015-09-11,7.210398616229421,7.329861137478142,7.167733371942602,7.27866268157959,188700
2015-09-14,7.295728248668444,7.295728248668444,7.0909360766497604,7.142133712768555,181300
2015-09-15,7.167732588404971,7.253063067650743,7.125068162553846,7.159200191497803,416900
2015-09-16,7.176266782340521,7.53465354224233,7.176266782340521,7.44079065322876,301100
2015-09-17,7.415191470889503,7.526120790379117,7.3213285761391775,7.38959264755249,135400
2015-09-18,7.312793881720049,7.389591149938867,7.082402890835354,7.108001708984375,408700
2015-09-21,7.133600390160689,7.201864446428504,6.997072277625057,7.014138698577881,143100
2015-09-22,6.9714752696845785,7.090937806050265,6.937343232690375,7.031206130981445,211200
2015-09-23,7.218930930888395,7.5517188184504365,7.125068056137344,7.210397720336914,384200
2015-09-24,7.0909374567964205,7.287196456403647,6.988540537085271,7.261597633361816,285800
2015-09-25,7.355458690407086,7.474921191059606,7.218930583245181,7.423722743988037,229800
2015-09-28,7.372525686211698,7.4749217745765,7.2359967546201895,7.287195205688477,202000
2015-09-29,7.321327024546432,7.423723109965825,7.2530629676001706,7.2957282066345215,196500
2015-09-30,7.321326007473874,7.440788497420076,7.235995541259211,7.398123264312744,230200
2015-10-01,7.398124394105499,7.398124394105499,7.065336501573102,7.159200191497803,262400
2015-10-02,7.125069574268882,7.398125859922136,7.065337901453292,7.38959264755249,145200
2015-10-05,7.46638880724833,8.063699749073837,7.432256776680353,8.02956771850586,349100
2015-10-06,8.029567299119444,8.131963385475203,7.824775126407928,8.04663372039795,210000
2015-10-07,7.978371771885903,8.277026899262506,7.978371771885903,8.23436164855957,247100
2015-10-08,8.174628476289401,8.26849135029953,8.097831209475777,8.251425743103027,132900
2015-10-09,8.268492851557989,8.311158097953324,8.063700645386644,8.097832679748535,179900
2015-10-12,8.157563954892046,8.183162775979962,8.02103501028884,8.080766677856445,123400
2015-10-13,8.055167588710347,8.106366048126574,7.893040625807454,7.927172660827637,159000
2015-10-14,7.935703550076517,8.021033205763217,7.824774265289306,7.824774265289307,158600
2015-10-15,7.79917720457381,8.089299075704517,7.705313504298364,8.080766677856445,187300
2015-10-16,8.097833969843974,8.097833969843974,7.910108157832236,8.038103103637695,102700
2015-10-19,8.02956705620213,8.072232294335889,7.918637762563047,8.003968238830566,148400
2015-10-20,8.021032367217416,8.259957331214155,7.952768324295941,8.225825309753418,132000
2015-10-21,8.234360262024365,8.234360262024365,7.9271719734784,7.935705184936523,134900
2015-10-22,7.995435270334192,8.234359471830961,7.995435270334192,8.04663372039795,133600
2015-10-23,8.166095918927843,8.27702522277832,7.935704913832087,8.27702522277832,186800
2015-10-26,8.285557526076639,8.285557526076639,8.114897390303161,8.208760261535645,171300
2015-10-27,8.20876075743516,8.20876075743516,7.978369763665741,8.089298248291016,185600
2015-10-28,8.149031479071429,8.353823693809737,8.055167770320763,8.31969165802002,230000
2015-10-29,8.27702480320232,8.302623621632689,7.961303329988543,8.29409122467041,159100
2015-10-30,8.311157253672944,8.336756887172767,7.92717170266548,8.27702522277832,220700
2015-11-02,8.225827018952742,8.515948854766036,7.961303187339394,8.498883247375488,280600
2015-11-03,8.456219518827357,8.771941042783348,8.277026133471589,8.626879692077637,200400
2015-11-04,8.652476769545329,8.73780642404947,8.533014276713542,8.567146301269531,93200
2015-11-05,8.567148770711643,8.609814017147608,8.481818277839714,8.55008316040039,67300
2015-11-06,8.533014437047447,8.746339797973633,8.47328359639505,8.746339797973633,85400
2015-11-09,8.74634065782654,8.763407078988838,8.405020372298107,8.498883247375488,110500
2015-11-10,8.447683151040978,8.643942887293765,8.447683151040978,8.541546821594238,120600
2015-11-11,8.541548935482144,8.626878604463592,8.447685241699219,8.447685241699219,109200
2015-11-12,8.387953831080155,8.396487041539169,8.277024536428193,8.285557746887207,90100
2015-11-13,8.225825668724076,8.422084597245052,8.14902841364313,8.311155319213867,264900
2015-11-16,8.319690464839551,8.319690464839551,8.080766248577188,8.27702522277832,360500
2015-11-17,8.302623571234797,8.533015377024915,8.277024752959816,8.36235523223877,234300
2015-11-18,8.396485525077013,8.57567884349408,8.285556250459628,8.541546821594238,269500
2015-11-19,8.498881590776538,8.61834407431178,8.345287085341454,8.541546821594238,167000
2015-11-20,8.5842124912699,8.592744886852374,8.447683582919057,8.490348815917969,192000
2015-11-23,8.5074182709959,8.695144061157421,8.49035184619653,8.60128116607666,250600
2015-11-24,6.962940457745443,7.253063112446798,6.109638915104643,7.005605697631836,1322600
2015-11-25,7.031205469120097,7.440790688267415,7.031205469120097,7.321328163146973,504600
2015-11-27,7.261596297008289,7.406657623836177,6.988539250982505,7.039737701416016,251100
2015-11-30,7.048269817621568,7.423722078668489,7.048269817621568,7.398123264312744,340900
2015-12-01,7.389590671813841,7.5858504349825155,7.329859828740277,7.4919867515563965,262000
2015-12-02,7.4493236107274114,7.71384750148062,7.440791212010417,7.568786144256592,240600
2015-12-03,7.594382325239735,7.696779211930676,7.3895901794011545,7.645580768585205,270800
2015-12-04,7.637050494103212,7.884507968869507,7.440791482358754,7.773578643798828,273500
2015-12-07,7.730912704123326,7.9101060691988545,7.5261197056285765,7.875973224639893,313600
2015-12-08,7.799176158346696,7.833308186475865,7.645581624879564,7.78210973739624,214100
2015-12-09,7.722379124971606,7.9442377214013025,7.688247095811018,7.739444732666016,202000
2015-12-10,7.739444082942926,7.884505398140525,7.594382767745327,7.79917573928833,243000
2015-12-11,7.645580519453523,7.696778961130689,7.500519217435113,7.602915287017822,245700
2015-12-14,7.611449761399019,7.705312637341712,7.415189985082057,7.457855224609375,194600
2015-12-15,7.4919871544963925,7.63704847870974,7.4151898871161785,7.594383239746094,205500
2015-12-16,7.628516341854487,7.884506997894568,7.457856175751721,7.858908176422119,193300
2015-12-17,7.8589050643481855,7.919292382869057,7.582851571810385,7.643238067626953,358700
2015-12-18,7.660493861136132,7.764013948390125,7.410320111262854,7.513840198516846,500600
2015-12-21,7.582853750859891,7.660494023623348,7.384440451757312,7.556973934173584,177400
2015-12-22,7.574224694492502,7.651864944944834,7.462077757472945,7.643238067626953,159700
2015-12-23,7.660492409001726,7.729505787422109,7.505211896203684,7.677745342254639,226000
2015-12-24,7.651864902107602,7.971051956743613,7.513838156611412,7.8847856521606445,93100
2015-12-28,7.781267570409411,7.89341371259535,7.677746662276302,7.789893627166748,170500
2015-12-29,7.815776477911757,7.893415946931713,7.6346160714557145,7.876163005828857,210700
2015-12-30,7.893413302497139,7.936546874860867,7.764013408110418,7.781267166137695,158400
2015-12-31,7.764013516364428,7.833026904026865,7.522466659545899,7.522466659545898,155800
2016-01-04,7.418946475782341,7.418946475782341,7.039372026166882,7.047998905181885,214100
2016-01-05,7.082505598295244,7.203279436387754,6.970358639217442,7.194652557373047,210500
2016-01-06,7.0652518872503896,7.099758580834227,6.858211725747364,6.927225112915039,172000
2016-01-07,6.81507858073201,6.81507858073201,6.478638111809369,6.616664886474609,238300
2016-01-08,6.633918505970633,6.677051669150233,6.409624576568603,6.4096245765686035,321800
2016-01-11,6.444131271653184,6.556278236354199,6.3319847183044216,6.4096245765686035,207000
2016-01-12,6.487264470455076,6.633918121746773,6.383744391197019,6.590784549713135,202000
2016-01-13,6.642544981398259,6.702931903539062,6.3751178885214195,6.400998115539551,192300
2016-01-14,6.435505883263723,6.642546088507011,6.400999182389841,6.59941291809082,148800
2016-01-15,6.392372301495209,6.702933020712464,6.340612250184387,6.59941291809082,303600
2016-01-19,6.7029319496985345,6.7029319496985345,6.3233578893829625,6.426877975463867,199100
2016-01-20,6.366490998345122,6.44413085154781,6.090437044312712,6.418251037597656,280800
2016-01-21,6.495891512342723,6.608038062009205,6.40962436611156,6.487264633178711,148400
2016-01-22,6.590784756952112,6.70293171868411,6.530398247828914,6.6597981452941895,113200
2016-01-25,6.633919340304764,6.642545809484716,6.349238864377177,6.357865333557129,96600
2016-01-26,6.409625835548083,6.56490640528118,6.366492663896261,6.4958930015563965,107400
2016-01-27,6.461385490018902,6.530399300841548,6.349238921555756,6.36649227142334,85800
2016-01-28,6.426878334833664,6.590785352636363,6.392371637543862,6.53902530670166,97100
2016-01-29,6.573531298004586,6.944478871059193,6.573531298004586,6.927225112915039,218400
2016-02-01,6.884092554811948,6.9703592963304395,6.702932191946981,6.797825813293457,148800
2016-02-02,6.702931676052142,6.797825290095078,6.470011286202926,6.487264633178711,96600
2016-02-03,6.556278755583506,6.625292151218234,6.400998615405366,6.5735321044921875,108000
2016-02-04,6.582158192808299,6.702931620640384,6.521771273216138,6.616664886474609,176900
2016-02-05,6.564904687822616,6.6425445410253054,6.4009976911801445,6.418251037597656,142300
2016-02-08,6.375117672159989,6.504517980154496,6.237090896353711,6.487264633178711,119500
2016-02-09,6.366491565185382,6.573531740629331,6.366491565185382,6.4613847732543945,91300
2016-02-10,6.521772293981801,6.6166659220927,6.366492148179485,6.478639125823975,85100
2016-02-11,6.314731774317948,6.556278655346561,6.306104894319358,6.53902530670166,106200
2016-02-12,6.616665514584591,6.754692302352504,6.452758498434057,6.668425559997559,226700
2016-02-16,6.737439260186815,7.108386474853654,6.539025538073788,7.0825066566467285,145900
2016-02-17,7.108386474853654,7.16014693397209,6.86683958527832,7.0825066566467285,166100
2016-02-18,7.0825066566467285,7.16014693397209,6.9962394990175305,7.0825066566467285,121200
2016-02-19,7.073878296787053,7.272292388752548,6.909971718819397,7.220531940460205,130400
2016-02-22,7.280918661434257,7.539719265196385,7.229159034304495,7.436199188232422,415200
2016-02-23,6.3147316627925125,6.720185554463042,5.6591036031608635,6.651172161102295,1181000
2016-02-24,6.530398954350578,6.599412350159192,5.866144402664235,6.107691287994385,473400
2016-02-25,6.0990643586321145,6.1939575650270875,5.831637264391974,5.952410697937012,363800
2016-02-26,5.95241069082785,5.97829050659475,5.7539969874218455,5.9610371589660645,369700
2016-02-29,5.95241115500903,6.124944644750393,5.866144410138349,6.099064826965332,444700
2016-03-01,6.124944300317072,6.340611356041985,6.1076909523131695,6.30610466003418,242000
2016-03-02,6.271598584996088,6.452758962650426,6.038678158205125,6.357865333557129,250600
2016-03-03,6.357864584743264,6.556278288741125,6.28885119402266,6.426877975463867,274300
2016-03-04,6.4268792808867525,6.564906501716201,6.314732703862773,6.530399799346924,398500
2016-03-07,6.521771793174318,6.728812383031041,6.461384868767718,6.633918762207031,330100
2016-03-08,6.633918619126934,6.633918619126934,6.349238174147153,6.435504913330078,404800
2016-03-09,6.444248823270693,6.51419989819739,6.278114811849142,6.452992916107178,145900
2016-03-10,6.461736669909154,6.540431838621134,6.409273363081601,6.4967122077941895,188400
2016-03-11,6.575407630524513,6.662846478615002,6.505456552052122,6.654102802276611,133300
2016-03-14,6.680334340002636,6.986370520994106,6.636615123827466,6.837724685668945,230000
2016-03-15,6.8726996220916705,6.951394371075582,6.61912677293413,6.724053382873535,140200
2016-03-16,6.680334302595664,6.907675726422289,6.62787099331444,6.767773151397705,139800
2016-03-17,6.794004621647587,7.161247765380425,6.794004621647587,7.021345615386963,290800
2016-03-18,7.082553618591892,7.082553618591892,6.83772443269193,6.890187740325928,289300
2016-03-21,6.898930451932682,7.003857469472308,6.828979384867097,6.960137844085693,172300
2016-03-22,6.951394087618955,7.065064785555477,6.881443017178409,6.916418552398682,107900
2016-03-23,6.93390682527589,6.93390682527589,6.77651690531581,6.811492443084717,170100
2016-03-24,6.759029474988161,6.811492784269385,6.6541028564257125,6.767773151397705,112700
2016-03-28,6.82023641496413,6.951394470799321,6.697821618004059,6.94265079498291,125400
2016-03-29,6.951394479846358,7.231199611278881,6.863955636862001,7.1525044441223145,243300
2016-03-30,7.187479849141052,7.196223107866765,7.056320961664541,7.0738091468811035,134300
2016-03-31,7.047577831970811,7.082553369161723,6.863955636306583,6.907675266265869,327600
2016-04-01,6.837724251991191,7.04757789392268,6.776516852898404,7.021345615386963,129400
2016-04-04,6.995113632537523,7.012601816882479,6.863955168539191,6.87269926071167,94300
2016-04-05,6.828979645959465,6.863955180829477,6.724053041349428,6.802748203277588,126700
2016-04-06,6.802747798398594,6.960137695946277,6.750284082274794,6.9513936042785645,94500
2016-04-07,6.890187350818014,6.977626191931687,6.776516648899596,6.89893102645874,240300
2016-04-08,6.977626053623182,7.161247407851565,6.890187214242696,7.135015964508057,242800
2016-04-11,7.152503695457301,7.231198854376708,6.951393752231871,6.960137844085693,107300
2016-04-12,6.951394531739485,7.126272219013684,6.951394531739485,7.056321144104004,107800
2016-04-13,7.082553050424526,7.3011503565008065,7.03883342243276,7.274918079376221,158100
2016-04-14,7.257430535526795,7.414820024676445,7.257430535526795,7.362357139587402,121700
2016-04-15,7.309893432584125,7.397332686385721,7.012601804200251,7.29240608215332,86300
2016-04-18,7.274917724430975,7.467283577879632,7.213710748558336,7.4585394859313965,154700
2016-04-19,7.51974726227064,7.58095423787129,7.458539452787488,7.484771728515625,116200
2016-04-20,7.476027340464373,7.528490222077475,7.371100743355703,7.467283248901367,121600
2016-04-21,7.449796563613644,7.476028006758046,7.292406236982146,7.414820194244385,122600
2016-04-22,7.38858869113966,7.6946252495767755,7.3623572482081325,7.580954551696777,197400
2016-04-25,7.458540650012814,7.685882072853906,7.143760795690049,7.257431507110596,172200
2016-04-26,7.274917250799489,7.60718521825768,7.248685810545077,7.563465595245361,121700
2016-04-27,7.537235063654925,7.650905763637734,7.414820271239003,7.624674320220947,95500
2016-04-28,7.615930574703052,7.668394297808964,7.5022598695423985,7.5459794998168945,121200
2016-04-29,7.53723382671231,7.659648599038627,7.467282766492247,7.607184886932373,154300
2016-05-02,7.598441922133074,7.598441922133074,7.397332802663721,7.476027965545654,153100
2016-05-03,7.406077588097088,7.493516017574011,7.274918693057779,7.318638324737549,67100
2016-05-04,7.283661853085505,7.371101105243503,7.178735250825412,7.213710784912109,101700
2016-05-05,7.231199611278881,7.292406592897285,7.091296628621328,7.1525044441223145,89700
2016-05-06,7.135015482996096,7.187479200025107,7.038832974639148,7.1699910163879395,161000
2016-05-09,7.1350167235258946,7.257431528622247,6.995114565634428,7.187480449676514,85200
2016-05-10,7.213710296076758,7.362356514342875,7.161246581560648,7.353612422943115,64500
2016-05-11,7.309892962174271,7.344868494667643,7.204966364694159,7.22245454788208,79700
2016-05-12,7.231198968896712,7.336125571156805,7.082552740557619,7.213710784912109,132200
2016-05-13,7.204967057642917,7.24868668593505,6.9863697500648,7.030089378356934,93600
2016-05-16,7.021345554233843,7.257431055703543,6.995114109809181,7.1525044441223145,116600
2016-05-17,7.143760413572537,7.266175211758112,6.951394540390232,7.021345615386963,116600
2016-05-18,7.003858037201999,7.169991626478856,6.925162871903596,6.968882083892822,173400
2016-05-19,6.933907048222871,6.968882587116351,6.199420314518465,6.365554332733154,501300
2016-05-20,6.418017962685846,6.715310058177997,6.418017962685846,6.566664218902588,247800
2016-05-23,6.4180166506292196,6.7240527771895815,6.4180166506292196,6.575406551361084,181400
2016-05-24,6.645357838308859,6.776516301730608,6.6103823036552285,6.697821140289307,219300
2016-05-25,6.724052420429553,6.881442312810736,6.724052420429553,6.828979015350342,285500
2016-05-26,6.811491632455818,6.9076745583443255,6.7940038656525665,6.85521125793457,175000
2016-05-27,6.846467383207902,6.977625846862793,6.8114918484921,6.977625846862793,175600
2016-05-31,6.995113944639384,7.126271997548347,6.898931011157034,6.968882083892822,242800
2016-06-01,6.356810996758293,6.435506177113399,5.561116766737065,5.6048359870910645,2400000
2016-06-02,5.674786739895917,5.727250468345383,5.386238318130544,5.438701629638672,1646100
2016-06-03,5.42995629546696,5.5348828864563675,5.21135902243509,5.246334552764893,1378900
2016-06-06,5.333773761103061,5.4474444512974625,5.176383863331672,5.342517852783203,2127200
2016-06-07,5.421212561409187,5.6398098488360295,5.30754228882257,5.622322082519531,709200
2016-06-08,5.622323140730687,5.797201253751762,5.622323140730687,5.770969390869141,567400
2016-06-09,5.770970027632044,5.83217743648418,5.683531169944251,5.744738578796387,326600
2016-06-10,5.6835299482119455,5.735993251547104,5.639810320295345,5.6572980880737305,373800
2016-06-13,5.648554199403494,5.657297874491947,5.491164295340012,5.499907970428467,275300
2016-06-14,5.4736762046813965,5.604834241844456,5.386236957317715,5.4736762046813965,203100
2016-06-15,5.499908117971312,5.613578815759388,5.447444815209416,5.508652210235596,225100
2016-06-16,5.447444581892153,5.526139741135071,5.394981281377291,5.491164207458496,217300
2016-06-17,5.508653068647622,5.875896245208309,5.499908975020749,5.78845739364624,666400
2016-06-20,5.867151227891739,5.867151227891739,5.613578407831901,5.622322082519531,379600
2016-06-21,5.65729860473884,5.753481544774715,5.604835296612357,5.727250099182129,287300
2016-06-22,5.762226733396855,5.762226733396855,5.604836362154425,5.631068229675293,310900
2016-06-23,5.693240209132819,5.826467446987496,5.684358619151954,5.71988582611084,504400
2016-06-24,5.3734947241404845,5.5955399536749235,5.3734947241404845,5.542248725891113,654200
2016-06-27,5.471193330045918,5.56889333194462,5.373493751664804,5.488956928253174,510400
2016-06-28,5.577775796872125,5.604420984593296,5.417902976474607,5.45343017578125,253800
2016-06-29,5.551129733737365,5.56889333194462,5.4001389372168935,5.488956928253174,361100
2016-06-30,5.480075424055539,5.595539025913386,5.417902617628024,5.5511298179626465,531100
2016-07-01,5.719885769354033,5.773176579263571,5.62218573942769,5.631067752838135,1007600
2016-07-05,5.6310667940678645,5.728766383841734,5.595539593510523,5.657711982727051,375200
2016-07-06,5.631066822505625,5.746530013141272,5.631066822505625,5.693239212036133,352200
2016-07-07,5.728767416091705,5.790940240028611,5.675476605653376,5.71988582611084,377500
2016-07-08,5.782058251383027,5.817585455892362,5.711003418846672,5.799821853637695,580500
2016-07-11,5.808702987091548,5.9774574070245015,5.808702987091548,5.861993789672852,237300
2016-07-12,5.888640030914345,6.075158071605221,5.8708764281589145,6.004103660583496,402200
2016-07-13,6.021867356605941,6.217266989942043,5.933048917935463,6.146212577819824,460500
2016-07-14,6.19950223571926,6.19950223571926,5.959693427578273,5.9863386154174805,183300
2016-07-15,6.021867160912304,6.021867160912304,5.9064035332070866,5.933048725128174,186300
2016-07-18,5.941930770874023,5.995221578527702,5.8708763606691186,5.941930770874023,153800
2016-07-19,5.91528546569621,5.924167479196758,5.746531020845232,5.764294624328613,262000
2016-07-20,5.6754767022307435,5.879758357479372,5.595540696971868,5.8353495597839355,206100
2016-07-21,5.853112568203729,5.879757759407173,5.728766930862058,5.746530532836914,124700
2016-07-22,5.728766557939189,5.879757376655325,5.66659416683324,5.8442301750183105,324500
2016-07-25,5.8531121593027615,5.897520949378645,5.773175744241462,5.8087029457092285,102000
2016-07-26,5.799821882381232,5.9064034964374486,5.799821882381232,5.879757881164551,103700
2016-07-27,5.906402572800935,6.012984170190043,5.817584574976678,5.888638973236084,228800
2016-07-28,5.879757362692742,5.888639374839729,5.782057770181784,5.8264665603637695,127100
2016-07-29,5.79982176227916,5.835348966228873,5.693239726912346,5.746530532836914,245200
2016-08-01,5.74653004180219,5.782057666233784,5.631066850590669,5.728766441345215,265600
2016-08-02,5.773175688214047,5.8175849013765975,5.728766475051496,5.7376484870910645,167800
2016-08-03,5.746530131381814,5.808702945709229,5.72876653064793,5.8087029457092285,147700
2016-08-04,5.799821398420156,5.9330481931145895,5.790939386231114,5.861993789672852,197800
2016-08-05,5.879757451402461,5.977457468905099,5.879757451402461,5.906403064727783,185400
2016-08-08,5.9152856194392,6.039631270572426,5.888640425280456,5.968576431274414,216000
2016-08-09,5.959693994893244,6.039630413055419,5.9508119824229295,6.03963041305542,178700
2016-08-10,6.039630796664614,6.110685206869519,5.9152851552883385,5.941930770874023,213900
2016-08-11,5.950812420105229,6.084039652335163,5.933048817375751,6.0307488441467285,186900
2016-08-12,6.021866379587891,6.110684380330384,5.995220767606326,6.092920780181885,185100
2016-08-15,6.075157246211627,6.217266048947643,6.075157246211627,6.208384037017822,291600
2016-08-16,6.235030115132244,6.288320920139808,6.1018028908545014,6.1906208992004395,232800
2016-08-17,6.2083836101413326,6.261674831020776,6.110684026736776,6.235029220581055,146400
2016-08-18,6.208384622654563,6.350493862313379,6.208384622654563,6.323848247528076,198300
2016-08-19,6.306084602117176,6.323848204012584,6.208384579933596,6.22614860534668,167600
2016-08-22,6.235030088824255,6.235030088824255,6.0662756619201765,6.155093669891357,190100
2016-08-23,7.149856225625009,8.055800279246448,6.954456195614388,7.354137420654297,2836300
2016-08-24,7.460720032778762,8.046920202056517,7.4074296473214964,8.02027416229248,1796600
2016-08-25,7.789347127457206,8.384427568594019,7.496246642609954,8.304491996765137,1125200
2016-08-26,8.12685572469093,8.677528684221224,7.958101709182575,8.455483436584473,783700
2016-08-29,8.508775476623041,8.872929618049149,8.455485081165133,8.8551664352417,676100
2016-08-30,8.81075598069207,8.943982797819363,8.491011111365301,8.57094669342041,647700
2016-08-31,8.624235919075831,8.686408306311225,8.215672702167701,8.464363098144531,616300
2016-09-01,8.508772339099968,8.579826738200303,8.30449115344532,8.499890327453613,544100
2016-09-02,8.570947682110555,8.659766135131248,8.491012090834586,8.64200210571289,240900
2016-09-06,8.65088144873486,8.75746305122233,8.615354247905703,8.748581886291504,312700
2016-09-07,8.721933729163773,8.775224940964389,8.544297768220176,8.588706970214844,378700
2016-09-08,8.597654779990702,8.776586889971934,8.463456550716312,8.767640113830566,260100
2016-09-09,8.687121633768921,8.776587696986011,8.436617851257324,8.436617851257324,249700
2016-09-12,8.436617429268846,8.561868887653924,8.382937623381261,8.535029411315918,469400
2016-09-13,8.43661932260729,8.6334433308725,8.418725765558584,8.579764366149902,413900
2016-09-14,8.62449683018587,8.731855605680504,8.50819127676376,8.660283088684082,235800
2016-09-15,8.63344042075408,8.749745942731689,8.63344042075408,8.713959693908691,219200
2016-09-16,8.696069482341565,8.758695222383873,8.606603408099653,8.678175926208496,471900
2016-09-19,8.794480323791504,8.928678564277693,8.749747292558906,8.794480323791504,413800
2016-09-20,8.857106071875831,8.94657213450553,8.776587639363031,8.839213371276855,257700
2016-09-21,8.83026661044436,8.92867859694687,8.767640878416543,8.883946418762207,226200
2016-09-22,8.866053445516634,8.928679181645524,8.687122161425759,8.848160743713379,298800
2016-09-23,8.83921299544167,8.883946024854513,8.713960683728027,8.803426742553711,243600
2016-09-26,8.713960918238536,8.794480202706275,8.54397642574899,8.552923202514648,214700
2016-09-27,8.5529237837488,8.5529237837488,8.454510939061866,8.51713752746582,156900
2016-09-28,8.508190155029297,8.624495693117485,8.418724093973278,8.508190155029297,119100
2016-09-29,8.47240312704797,8.517136153488313,8.382937074167284,8.391883850097656,211000
2016-09-30,8.40977709971927,8.57081566417045,8.391884399897787,8.535029411315918,222900
2016-10-03,8.463457480979693,8.624496056378792,8.427671225692299,8.49924373626709,154200
2016-10-04,8.490295583035069,8.606601107171212,8.347150585086428,8.373990058898926,150000
2016-10-05,8.391885545736592,8.54397735443806,8.34715251025763,8.463458061218262,132300
2016-10-06,8.48134963385369,8.48134963385369,8.347151398502318,8.356098175048828,128300
2016-10-07,8.338205032476335,8.347151809463329,8.186113236543903,8.212953567504883,173600
2016-10-10,8.24874033188458,8.373991804594617,8.23084677680505,8.266633033752441,89100
2016-10-11,8.275579448253309,8.275579448253309,7.953503149855853,7.962449073791504,149100
2016-10-12,7.962448160302301,8.12348671763175,7.926661909030372,8.05191421508789,67300
2016-10-13,8.025073643022761,8.096646135783672,7.702996572387245,7.998233318328857,189400
2016-10-14,8.016127883446195,8.195059138011876,7.890875578644457,7.908769130706787,145900
2016-10-17,7.881930421367668,7.9356093763452495,7.747731327500502,7.756678104400635,81800
2016-10-18,7.819301742255102,7.819301742255102,7.685103537538066,7.694050312042236,62000
2016-10-19,7.676157050679895,7.8371955849439825,7.631424029694158,7.765623092651367,100600
2016-10-20,7.711943795952265,7.738783268996225,7.577745577520998,7.595638275146484,124600
2016-10-21,7.541960700779094,7.595639656630063,7.443547859699618,7.497227668762207,129900
2016-10-24,7.586691883955123,7.953502015786472,7.586691883955123,7.85508918762207,120300
2016-10-25,7.792465414527816,7.828251673765131,7.667213080591354,7.676159858703613,124800
2016-10-26,7.622477822431633,7.846142065767611,7.622477822431633,7.694050312042236,195500
2016-10-27,7.702997095330098,7.738783344140019,7.506173153481271,7.5151190757751465,88000
2016-10-28,7.506174207849697,7.515120131400178,7.461441177250921,7.479333877563477,101200
2016-10-31,7.524066889655653,7.524066889655653,7.425654905149679,7.470387935638428,258800
2016-11-01,7.4793342180032045,7.524067250638111,7.3361891961408086,7.461441516876221,224300
2016-11-02,7.416707992553711,7.559853004926367,7.371974962884362,7.416707992553711,86600
2016-11-03,7.4256547330193134,7.434601509551991,7.300402421196548,7.327241897583008,89800
2016-11-04,7.318296597095903,7.497227876919789,7.318296597095903,7.425655364990234,133900
2016-11-07,7.541960578067096,7.837197390078613,7.524067024266831,7.756678104400635,183000
2016-11-08,7.75667687486439,7.810355821333147,7.3093483393045595,7.506173133850098,89400
2016-11-09,7.389869628154644,7.908770802701899,7.309350333274604,7.8908772468566895,171500
2016-11-10,7.962449470813007,8.23084682613279,7.855090699327427,8.087701797485352,234500
2016-11-11,8.087699950301971,8.409776191198379,7.533012664374642,8.400830268859863,344700
2016-11-14,8.40083213721391,8.579763421950869,8.204007297397423,8.266633033752441,148400
2016-11-15,8.266632660360274,8.311365692826902,8.096648160841042,8.230846405029297,115700
2016-11-16,8.23084678967732,8.347152338241152,8.23084678967732,8.311366081237793,124400
2016-11-17,8.284524110006894,8.4992415874453,8.284524110006894,8.481348037719727,111400
2016-11-18,8.48134963385369,8.48134963385369,8.195059610057923,8.356098175048828,165300
2016-11-21,8.347152498353315,8.490297529112505,8.28452676069909,8.41872501373291,139700
2016-11-22,8.946572662443005,9.018145175485618,8.588710097229947,8.937625885009766,568300
2016-11-23,8.919732634967954,9.358114463705059,8.89289230431838,9.33127498626709,335500
2016-11-25,9.358115014442351,9.644405065860171,9.223916766143162,9.519153594970703,140300
2016-11-28,9.429688629595658,9.671246528625488,9.304436290852957,9.671246528625488,320900
2016-11-29,9.581778714261228,9.662297999347627,9.376007113128027,9.465473175048828,249500
2016-11-30,9.554940846327824,9.590727106481378,9.206024169921875,9.206024169921875,170500
2016-12-01,9.2149684263901,9.393899678189504,9.080769347631916,9.376006126403809,254100
2016-12-02,9.349166930783118,9.402846734529737,9.214968701233875,9.2597017288208,97800
2016-12-05,9.170236914888065,9.510206776069314,9.170236914888065,9.384954452514648,187300
2016-12-06,9.39390145335042,9.438634488056326,9.23286286969382,9.358115196228027,132700
2016-12-07,9.295489103487158,9.393901093500977,9.286542326246364,9.367061614990234,171300
2016-12-08,9.367061813950759,9.727333950767008,9.358055676220076,9.62825870513916,274900
2016-12-09,9.583224333698704,9.628257594018633,9.448121975875766,9.565210342407227,166000
2016-12-12,9.511171003436322,9.637265518816212,9.249974117207953,9.267987251281738,185400
2016-12-13,9.267987251281738,9.439115890277789,9.213946131151454,9.267987251281738,198400
2016-12-14,9.168912429739873,9.286000801982743,9.105864316098684,9.159905433654785,140600
2016-12-15,9.15089699090227,9.177917115931491,9.033808637169926,9.16891098022461,204500
2016-12-16,9.2139436101022,9.249971586301,9.114869252418194,9.195930480957031,636100
2016-12-19,9.249973606812139,9.484149490576756,9.231959614777866,9.376068115234375,208300
2016-12-20,9.439113582481998,9.53818880200526,9.376066340206654,9.457127571105957,223000
2016-12-21,9.42110213149424,9.682299000402741,9.367061014947401,9.610244750976562,164400
2016-12-22,9.646271983067537,9.646271983067537,9.340040990120247,9.376068115234375,110700
2016-12-23,9.394080911264822,9.56520951903115,9.24997242915543,9.547196388244629,117800
2016-12-27,9.511170075092771,9.808394059412446,9.43911496896722,9.664284706115723,294300
2016-12-28,9.682299736116764,9.745346994416744,9.340041595858565,9.44812297821045,169400
2016-12-29,9.475142147189933,9.556202524160735,9.412094042051343,9.547196388244629,170800
2016-12-30,9.529182884613414,9.736339482429019,9.32202714575216,9.637264251708984,268300
2017-01-03,9.69130528435473,10.015549382952173,9.565209927645217,9.772366523742676,416300
2017-01-04,9.781373429151989,9.907468795776367,9.655278921482022,9.907468795776367,296900
2017-01-05,9.880447461771642,9.925481577141648,9.673290874651334,9.745345115661621,121100
2017-01-06,9.745346292184522,9.772367280041262,9.565210667911634,9.592230796813965,98800
2017-01-09,9.565210221061541,9.655278458467546,9.475142842609907,9.484148979187012,100000
2017-01-10,9.466135152319518,9.655277749826674,9.457128157449105,9.547196388244629,107500
2017-01-11,9.547199002876946,9.718327657509217,9.457130747414986,9.70031452178955,89500
2017-01-12,9.664284217585227,9.673291212764914,9.33103312652584,9.574216842651367,128100
2017-01-13,9.619250629299325,9.781372242195237,9.529182398503801,9.547196388244629,104700
2017-01-17,9.457129121355482,9.502163241343291,9.195932256171458,9.213945388793945,196900
2017-01-18,9.204937447418352,9.376066039078601,9.141889348213647,9.313018798828125,175400
2017-01-19,9.322027872732951,9.322027872732951,9.177918513079435,9.276993751525879,141800
2017-01-20,9.276993751525879,9.313020876700653,9.168912376001554,9.276993751525879,128200
2017-01-23,9.231960510207358,9.304014767424324,9.114872127491163,9.177919387817383,89400
2017-01-24,9.195932169681804,9.385074784688163,9.105863930553294,9.349047660827637,128700
2017-01-25,9.358055477450845,9.457129862019828,9.31302135393605,9.367061614990234,96900
2017-01-26,9.367059542180478,9.367059542180478,9.159903822389557,9.304012298583984,114100
2017-01-27,9.27699481276558,9.403089335824635,9.213946692281535,9.35805606842041,123700
2017-01-30,9.276993527320085,9.276993527320085,8.952748549629026,9.015796661376953,152400
2017-01-31,8.970762361819151,9.177918107685308,8.94374223387017,9.150897979736328,114100
2017-02-01,9.231958391774098,9.267985512115533,9.060829784890862,9.13288402557373,91900
2017-02-02,9.096859340235275,9.123879472985392,8.961756958575622,9.105865478515625,81600
2017-02-03,9.168912429739873,9.168912429739873,9.03381006532683,9.159905433654785,81100
2017-02-06,9.096858978271484,9.141892244744964,8.98877673366254,9.096858978271484,104500
2017-02-07,9.114870369283384,9.132884359590076,8.862680517670023,9.060830116271973,149700
2017-02-08,9.01579603549567,9.096857274291121,8.880693684518473,9.042816162109375,111600
2017-02-09,9.015797789211291,9.16891330139624,8.952749669576338,8.97977066040039,133100
2017-02-10,8.997783278026743,9.141891784985233,8.979770144134159,9.087851524353027,94300
2017-02-13,9.105864080576625,9.15990519673496,8.925728458306175,8.997782707214355,188200
2017-02-14,8.943741791889567,9.078843283912427,8.898707674897167,9.042816162109375,115100
2017-02-15,9.024803657191573,9.042816789866409,8.916721425324953,9.015796661376953,70400
2017-02-16,9.042817521243556,9.114871775679404,8.826654757936014,8.85367488861084,115200
2017-02-17,8.880695701370737,9.105865478515625,8.772614311415735,9.105865478515625,257200
2017-02-21,7.23245284002164,8.574465334668673,7.06132419114961,8.547444343566895,970200
2017-02-22,8.493402639495846,8.556449890136719,8.286246037604686,8.556449890136719,351000
2017-02-23,8.574465822423758,8.862682872268401,8.556451827331186,8.75460147857666,255600
2017-02-24,8.64652008488492,8.77261461471467,8.583471961015482,8.75460147857666,177000
2017-02-27,8.781618577770672,8.817645696552074,8.592475989429749,8.79062557220459,169300
2017-02-28,8.691551435183719,8.790626668403037,8.421348440105804,8.439361572265625,329800
2017-03-01,8.583468729076445,8.70055707622712,8.457374246725132,8.529428482055664,121000
2017-03-02,8.511416492010662,8.583470744257706,8.394328117370605,8.394328117370605,96900
2017-03-03,8.376315748470637,8.511417269028824,8.286247495462165,8.349295616149902,131400
2017-03-06,8.3312812047095,8.430355590893244,8.24121295621193,8.322274208068848,122400
2017-03-07,8.322273041309682,8.547442772030967,8.313266045931785,8.475388526916504,163200
2017-03-08,8.484393945520804,8.55644817724442,8.34929247577757,8.50240707397461,208400
2017-03-09,8.475186215268016,8.529630180832346,8.35722313605033,8.393519401550293,136600
2017-03-10,8.466111762876396,8.538704292421457,8.402593515867272,8.502408027648926,71300
2017-03-13,8.466111834062833,8.60222261176149,8.466111834062833,8.49333381652832,80200
2017-03-14,8.493335459537652,8.538706016004404,8.357224655508782,8.429817199707031,111200
2017-03-15,8.429815498103865,8.547778574957393,8.402593515867272,8.502408027648926,94000
2017-03-16,8.547778646830515,8.620371176985962,8.420741286372873,8.49333381652832,99200
2017-03-17,8.466112764436708,8.647594109769015,8.357223957237325,8.59315013885498,352500
2017-03-20,8.556853543463497,8.602223229037863,8.330001654106532,8.43889045715332,144500
2017-03-21,8.466111797394158,8.502408062314673,8.20296366037761,8.31185245513916,163400
2017-03-22,8.239261174752247,8.330002283499706,8.166668633902818,8.284631729125977,140000
2017-03-23,8.275557211984246,8.429816573285322,8.257409509968937,8.302779197692871,81900
2017-03-24,8.34814937178232,8.438890473853187,8.239260568520049,8.339075088500977,112200
2017-03-27,8.166668403778427,8.357224034481442,8.166668403778427,8.302779197692871,96900
2017-03-28,8.27555683627414,8.375371356255066,8.257409135082735,8.339075088500977,89700
2017-03-29,8.311852383764753,8.366297213363614,8.257408419537102,8.320926666259766,85600
2017-03-30,8.320928383409656,8.484262040541411,8.320928383409656,8.429817199707031,155800
2017-03-31,8.411668935738883,8.674817107262603,8.330002112615773,8.57500171661377,331000
2017-04-03,8.538703897617475,8.692963232111044,8.139445003580173,8.166666984558105,145700
2017-04-04,8.17574112484037,8.293704194193195,8.121296298457851,8.184815406799316,132900
2017-04-05,8.212037387304996,8.266481348316358,8.121296298457851,8.184815406799316,186400
2017-04-06,8.184817694294132,8.330002784729004,8.166669125304075,8.330002784729004,101500
2017-04-07,8.311853981709145,8.41166937760125,8.230187154296104,8.348150253295898,145900
2017-04-10,8.348150488347663,8.429817318060127,8.266483658635199,8.330002784729004,127000
2017-04-11,8.311853104028229,8.38444563953641,8.257409135082735,8.339075088500977,172200
2017-04-12,8.320926386678307,8.357222650067598,8.221111878700553,8.257408142089844,71800
2017-04-13,8.22111307944153,8.230186497585693,8.103149989854352,8.139446258544922,69800
2017-04-17,8.157592192137502,8.221111297607422,8.103148233587419,8.221111297607422,74300
2017-04-18,8.13944751188967,8.293706893920898,8.094076952697291,8.293706893920898,63300
2017-04-19,8.33000255018821,8.384446524882653,8.27555771012239,8.348150253295898,71900
2017-04-20,8.357224537535432,8.42981708070894,8.293706278601455,8.348150253295898,120400
2017-04-21,8.348148720059676,8.384444984980192,8.257408490443995,8.31185245513916,100300
2017-04-24,8.375371356255066,8.475186741607278,8.330001670590917,8.339075088500977,137800
2017-04-25,8.38444491298243,8.511482271798966,8.311852383764753,8.320926666259766,138000
2017-04-26,8.302779120951977,8.620372124311997,8.293705702713847,8.59315013885498,111700
2017-04-27,8.593147862861471,8.683888078808383,8.547777322202474,8.629444122314453,97500
2017-04-28,8.629445522078518,8.683889487403688,8.529630143363663,8.584074974060059,180800
2017-05-01,8.60222381448381,8.629446666126688,8.447965315364204,8.475187301635742,54900
2017-05-02,8.457038695529379,8.638520910840358,8.457038695529379,8.565927505493164,137500
2017-05-03,8.529631583726584,8.58407642361685,8.384446497847703,8.447965621948242,113100
2017-05-04,8.484259956368291,8.565925899501401,8.402593147864007,8.538703918457031,105300
2017-05-05,8.547778742544311,8.774630618163064,8.493333911632469,8.765556335449219,224600
2017-05-08,8.729261213694723,8.847224308316843,8.729261213694723,8.838150024414062,83000
2017-05-09,8.79277958280684,8.892594976272239,8.674817352046311,8.738335609436035,120300
2017-05-10,8.71111280034001,9.037779205838532,8.683889950853345,8.820001602172852,241400
2017-05-11,8.774632601206465,8.8835214222675,8.66574378014543,8.756484031677246,129000
2017-05-12,8.692964883136582,8.692964883136582,8.556854087024684,8.565927505493164,117700
2017-05-15,8.529628982610236,8.620370066298666,8.466110743251,8.511481285095215,79100
2017-05-16,8.502408579251338,8.556853412627904,8.31185296049026,8.357223510742188,89300
2017-05-17,8.30277828117701,8.30277828117701,8.112222671508789,8.112222671508789,137700
2017-05-18,8.094075850643286,8.221113226010807,8.085001566966037,8.121297836303711,111800
2017-05-19,8.130371368790472,8.284630715565914,8.130371368790472,8.193889617919922,83600
2017-05-22,8.175743786169287,8.311854598374987,8.103151237610055,8.293706893920898,82000
2017-05-23,8.33907546709481,8.411668871270015,8.248335226275623,8.302779197692871,65800
2017-05-24,8.330002283499706,8.43889109477385,8.266483161227946,8.284631729125977,84200
2017-05-25,8.293704245581646,8.40259303365021,8.166666893482741,8.266481399536133,123500
2017-05-26,8.248336334728519,8.330003168200514,8.130373226976907,8.293706893920898,78200
2017-05-30,8.293706467820169,8.520558386755793,8.293706467820169,8.420742988586426,193500
2017-05-31,8.166667883169618,9.182964227008396,8.166667883169618,9.010557174682617,421800
2017-06-01,9.065001189953925,9.074075473116146,8.575001149020505,8.820001602172852,182600
2017-06-02,8.81092620728146,9.065000046166686,8.420740734250778,8.829073905944824,198200
2017-06-05,8.883519547889032,9.155741975789752,8.747408766624291,8.847223281860352,277700
2017-06-06,8.83815086381588,8.92889198071912,8.729262042754844,8.756484031677246,118000
2017-06-07,8.756482284465056,8.883519649707091,8.729260300974353,8.747408866882324,95500
2017-06-08,8.783705799292244,8.992409130829909,8.747409530095636,8.9561128616333,144800
2017-06-09,8.946973602937435,9.129751235323553,8.864723450475555,8.974390029907227,167400
2017-06-12,8.946974942915938,9.09319707072436,8.910419410963833,9.065780639648438,125800
2017-06-13,9.093196798507623,9.303391754604242,8.93783557447396,8.965252876281738,155700
2017-06-14,9.020082969420116,9.029222067218823,8.855582695252735,8.937832832336426,122200
2017-06-15,8.837306545799601,8.97438954479096,8.837306545799601,8.901278495788574,82500
2017-06-16,8.855584380971193,8.956112732788528,8.75505690070636,8.819028854370117,200700
2017-06-19,8.84644600940839,9.01094544066717,8.819028711238188,9.00180721282959,96900
2017-06-20,8.983528803795142,9.084056280075636,8.873862228338476,8.883001327514648,78100
2017-06-21,8.90127851765123,8.9926677649049,8.727639993732202,8.745917320251465,77300
2017-06-22,8.745918509580468,8.91955792866461,8.745918509580468,8.855585098266602,82700
2017-06-23,8.864724320222408,9.001808211626118,8.773335930839187,8.846446990966797,870200
2017-06-26,8.901279850286214,8.974390910413824,8.846446990966797,8.846446990966797,94600
2017-06-27,8.837309128629895,8.928698402368928,8.727642523074682,8.800753593444824,95500
2017-06-28,8.828168981900657,8.992669306536913,8.764197020787714,8.965252876281738,155000
2017-06-29,8.974390910413824,8.99266911122202,8.691085770307478,8.846446990966797,184400
2017-06-30,8.883003765499412,8.89214199563115,8.709364319705793,8.800753593444824,208500
2017-07-03,8.800753107555478,8.965253442582593,8.755058473208761,8.87386417388916,108600
2017-07-05,8.864723719102246,8.864723719102246,8.691085180961808,8.78247356414795,126500
2017-07-06,8.563140669720164,8.66366815587306,8.499168712309462,8.590557098388672,150800
2017-07-07,8.627111999015618,8.727640349401888,8.58141824507912,8.700223922729492,98300
2017-07-10,8.709362189100299,8.782473241584997,8.654529335513022,8.691084861755371,149100
2017-07-11,8.681944615913666,8.764194756986491,8.617972671324747,8.718500137329102,83800
2017-07-12,8.78247380275441,8.901279488521437,8.74591827417629,8.89214038848877,105600
2017-07-13,8.883002521030603,9.01094644047763,8.764196830435088,8.846446990966797,89900
2017-07-14,8.773335219968464,8.873862701610415,8.727640593203027,8.809890747070312,87300
2017-07-17,8.800752360498894,8.873863420626506,8.681946669903379,8.846446990966797,84600
2017-07-18,8.782473327769042,8.846446152985301,8.72764047364368,8.819028854370117,73400
2017-07-19,8.79161238890285,8.901278968227018,8.79161238890285,8.828167915344238,66100
2017-07-20,8.828167886131416,9.001807289817808,8.80075145927922,8.983529090881348,82500
2017-07-21,9.038362366332384,9.038362366332384,8.873862070300794,8.901278495788574,116500
2017-07-24,8.883002080578715,8.89214030897712,8.718501767671828,8.764196395874023,122600
2017-07-25,8.79161238890285,8.864723441785628,8.617973856194375,8.828167915344238,96700
2017-07-26,8.828168391727884,8.828168391727884,8.718501806485913,8.755057334899902,52000
2017-07-27,8.80075192412527,8.855584780725872,8.691085339371527,8.764196395874023,76300
2017-07-28,8.718501374105285,8.846446152985301,8.718501374105285,8.819028854370117,78300
2017-07-31,8.819027175610243,8.95611102793384,8.791610753766458,8.937832832336426,172600
2017-08-01,8.956113063223299,9.093196075146869,8.946973963347718,9.074918746948242,130600
2017-08-02,9.084056972459358,9.084056972459358,8.855584704955776,8.928696632385254,62300
2017-08-03,8.919557569203524,8.919557569203524,8.7367799287593,8.773335456848145,63100
2017-08-04,8.79161262512207,8.864723679969249,8.70022424233936,8.79161262512207,73800
2017-08-07,8.782472965654605,8.809890263139334,8.66366729121152,8.73677921295166,95300
2017-08-08,8.681946833660279,8.782474325343724,8.663668632507324,8.663668632507324,77700
2017-08-09,8.63625096651097,8.654529165048373,8.480889765152947,8.563139915466309,101500
2017-08-10,8.526584663832285,8.645390343484216,8.508307336260259,8.51744556427002,88800
2017-08-11,8.480890512162087,8.627112627130865,8.471752283640955,8.590557098388672,197900
2017-08-14,8.645390553592474,8.78247356414795,8.645390553592474,8.78247356414795,148200
2017-08-15,8.78247356414795,8.91955744625595,8.718501608762399,8.78247356414795,181900
2017-08-16,8.773335335916103,8.901279246687206,8.755057136347359,8.78247356414795,57500
2017-08-17,8.709361801501817,8.80075104881678,8.389501179004352,8.444334030151367,240300
2017-08-18,8.380362287854657,8.681945591302002,8.334667663063625,8.563139915466309,133400
2017-08-21,8.544862785697896,8.663667592723142,8.490029060372592,8.535723686218262,154000
2017-08-22,9.138890003580203,9.367362253669707,8.809890277210203,8.883001327514648,391600
2017-08-23,8.782473802242745,8.86472395942686,8.517446002178676,8.599696159362793,177500
2017-08-24,8.672806624504606,8.745917676665988,8.544862718998429,8.700223922729492,93700
2017-08-25,8.718501884762627,8.718501884762627,8.517446040904282,8.590557098388672,132300
2017-08-28,8.608835298536045,8.636251727204552,8.544863341125343,8.590557098388672,123100
2017-08-29,8.517444826548823,8.663666920670316,8.517444826548823,8.636250495910645,113800
2017-08-30,8.672806178159545,8.681945277097498,8.56313960556145,8.617973327636719,84500
2017-08-31,8.700226089574056,8.837309128629895,8.65453145270454,8.800753593444824,148600
2017-09-01,8.809891063297162,8.809891063297162,8.691085378063557,8.755057334899902,127100
2017-09-05,8.75505681479136,8.84644606617348,8.67280666285795,8.691084861755371,148400
2017-09-06,8.718501806485913,8.837307491719518,8.654529849649565,8.755057334899902,152500
2017-09-07,8.73678000646918,8.855584820150241,8.70022447805519,8.755057334899902,90300
2017-09-08,8.755057538570568,8.91156231393269,8.736644798896084,8.828706741333008,106000
2017-09-11,8.874735611219661,8.976003021548301,8.837911018557651,8.893147468566895,80200
2017-09-12,8.88394375683037,9.114097749266055,8.88394375683037,8.957592964172363,139100
2017-09-13,8.920767890418256,9.141716378769086,8.920767890418256,9.104891777038574,179100
2017-09-14,9.077271347608283,9.270600698079129,9.068065856989772,9.141715049743652,169600
2017-09-15,9.160127639770508,9.27980780703591,9.07727207182002,9.160127639770508,559200
2017-09-18,9.169334618429934,9.463931432526394,9.169334618429934,9.381075859069824,241100
2017-09-19,9.371868019344666,9.436310836792662,9.215363281570214,9.23377513885498,160600
2017-09-20,9.233777421464413,9.335045734450766,9.18774644992223,9.196952819824219,145500
2017-09-21,9.21536546982631,9.519168649889354,9.196952730201762,9.44551944732666,142400
2017-09-22,9.381076135515022,9.58361189015862,9.381076135515022,9.454726219177246,164800
2017-09-25,9.454725235534992,9.60202363159937,9.132509335668393,9.40869426727295,148100
2017-09-26,9.39948664652514,9.703289767449744,9.298219232206131,9.629640579223633,136300
2017-09-27,9.666466769939396,9.822971540261547,9.454725538308088,9.758528709411621,185900
2017-09-28,9.740116119384766,9.804558951220871,9.694085148944232,9.740116119384766,90800
2017-09-29,9.69408569836256,9.767734904054432,9.675673835923485,9.730910301208496,144300
2017-10-02,9.730908976082302,9.84138276957612,9.703290747200764,9.767733573913574,150200
2017-10-03,9.804559357617224,9.896621302314232,9.74011652310998,9.887414932250977,154000
2017-10-04,9.896620199566096,9.997887625074688,9.878207461491256,9.905826568603516,114300
2017-10-05,9.942652477023284,9.951858847273915,9.776941324383095,9.822972297668457,105300
2017-10-06,9.776939024098471,9.859794580924595,9.694083467272348,9.813763618469238,90800
2017-10-09,9.822971540261547,9.896620740652239,9.721704109216276,9.758528709411621,80300
2017-10-10,9.832178115844727,9.87820820857772,9.758528913910647,9.832178115844727,150400
2017-10-11,9.859795718640491,9.896620317260426,9.767733783106808,9.84138298034668,144700
2017-10-12,9.795352680762779,9.83217727859405,9.749321713981772,9.767733573913574,123900
2017-10-13,9.758528662420547,9.887414323499762,9.71249769290609,9.804558753967285,111100
2017-10-16,9.813765376377336,9.87820820857772,9.7677344056766,9.832178115844727,99300
2017-10-17,9.822972451465915,9.850590684682434,9.611230322225136,9.666467666625977,107900
2017-10-18,9.67567403702075,9.721705011026815,9.592818459403393,9.666467666625977,87600
2017-10-19,9.574405112827497,9.602024222264319,9.39948847623304,9.44551944732666,96100
2017-10-20,9.528375374197278,9.546787236539075,9.381076085623992,9.50075626373291,105300
2017-10-23,9.509961468933362,9.592817034241238,9.399487674512088,9.427105903625488,106900
2017-10-24,9.436311353627165,9.537578769158735,9.26139474898762,9.473135948181152,97100
2017-10-25,9.473137907579142,9.59281808412582,9.454726045477683,9.565199851989746,84300
2017-10-26,9.583611488342285,9.666467060766553,9.55599325685678,9.583611488342285,43300
2017-10-27,9.638846947243792,9.712496135469904,9.528373164904623,9.629640579223633,112600
2017-10-30,9.629641448906781,9.629641448906781,9.344250160280334,9.399487495422363,84800
2017-10-31,9.408695246126275,9.611230122802088,9.362664273075303,9.454726219177246,151000
2017-11-01,9.546786049107736,9.583610647178862,9.279807493600163,9.289013862609863,97200
2017-11-02,9.233776855219983,9.289014193276826,9.049653858310016,9.068066596984863,206500
2017-11-03,9.068065390203794,9.09568361657292,8.939178870535223,8.948385238647461,201100
2017-11-06,8.929973826930146,9.104891335136346,8.883942857509162,8.911561965942383,98000
2017-11-07,8.939180030924486,9.077272058663345,8.911561800970256,9.022035598754883,141100
2017-11-08,8.957593641125033,9.27980960607296,8.948388147987451,9.224573135375977,190200
2017-11-09,9.178540957988,9.344251226384996,9.095685384805622,9.196952819824219,79700
2017-11-10,9.160127236835606,9.307425627615922,9.150920867919922,9.150920867919922,88800
2017-11-13,9.114096671134936,9.335045144992135,9.07727207182002,9.160127639770508,85400
2017-11-14,9.09568463297105,9.169333830163717,9.022035435778385,9.132509231567383,93600
2017-11-15,9.049655317484063,9.095686293625555,8.948387872347059,8.96679973602295,44500
2017-11-16,8.966798840081063,9.279808393006595,8.966798840081063,9.196952819824219,91000
2017-11-17,9.123302639140528,9.289013767752214,9.095684410361134,9.150920867919922,127700
2017-11-20,9.16012733037709,9.298220231619561,9.068066274183115,9.289013862609863,147200
2017-11-21,8.929972173685368,9.289012615137064,8.929972173685368,9.031240463256836,178100
2017-11-22,8.994417677293418,9.09568510924403,8.662995394604632,8.755057334899902,171600
2017-11-24,8.745851516559641,8.920768160585007,8.552522132127505,8.883943557739258,75100
2017-11-27,8.865530759194224,8.874737128425512,8.727437854627967,8.791881561279297,79200
2017-11-28,8.801087737620069,8.91156153207124,8.745850401410646,8.856324195861816,130300
2017-11-29,8.837913462657909,8.929974530788392,8.755057886763025,8.883943557739258,100700
2017-11-30,8.911562871352151,8.920768363797446,8.699820741689825,8.819500923156738,180500
2017-12-01,8.791882259513432,8.801088629475874,8.478872704532542,8.626171112060547,194600
2017-12-04,8.653789722299976,8.773469903140509,8.552522282189281,8.589346885681152,128400
2017-12-05,8.598552853698825,8.662995687302212,8.46966630852429,8.580140113830566,135100
2017-12-06,8.570935607721204,8.644584819730094,8.451255418714792,8.488080024719238,87400
2017-12-07,8.469667434692383,8.589347625846047,8.414430963678615,8.469667434692383,120500
2017-12-08,8.534602893575006,8.553156803166477,8.321238241467706,8.386175155639648,122600
2017-12-11,8.35834458557618,8.478942335305247,8.349067631435704,8.441835403442383,128400
2017-12-12,8.441835403442383,8.553156199030974,8.423281495161431,8.441835403442383,92800
2017-12-13,8.432559616944495,8.747969023802577,8.432559616944495,8.590264320373535,119600
2017-12-14,8.56243202210576,8.683029768364872,8.4511112297202,8.46038818359375,79600
2017-12-15,8.46039049874113,8.692309100849272,8.46039049874113,8.636649131774902,575300
2017-12-18,8.692308248723588,8.794352105155859,8.636648285105684,8.710862159729004,107400
2017-12-19,8.683031612621525,8.720138551298144,8.59026470827958,8.599541664123535,104700
2017-12-20,8.636648075165605,8.738691929117389,8.59026418347874,8.68303108215332,85200
2017-12-21,8.683031470211516,8.766522302039379,8.645924532143487,8.69230842590332,73300
2017-12-22,8.673755541476773,8.738692462986053,8.580987752435625,8.599541664123535,65700
2017-12-26,8.488219895838991,8.599541595682071,8.386176036465232,8.478943824768066,124200
2017-12-27,8.46966644690528,8.608817237725642,8.423282555065441,8.516050338745117,193300
2017-12-28,8.516049705227895,8.580986618153457,8.441835837684657,8.525325775146484,101400
2017-12-29,8.534604360022028,8.571711300881718,8.44183745022243,8.469667434692383,118900
2018-01-02,8.488218841374865,8.627370506542752,8.423281928449304,8.525325775146484,155300
2018-01-03,8.543880497724286,8.562433524026725,8.432559685812143,8.497496604919434,134600
2018-01-04,8.506773073835788,8.766521620106595,8.506773073835788,8.627370834350586,193700
2018-01-05,8.683032096587539,8.83146074426618,8.618095171458869,8.803629875183105,167200
2018-01-08,8.785075719353326,8.85001263614555,8.645924045899667,8.822182655334473,114500
2018-01-09,8.831460355242614,8.859290338400534,8.692308670054594,8.794352531433105,133500
2018-01-10,8.747969311813023,8.747969311813023,8.56243373600045,8.64592456817627,238800
2018-01-11,8.645924672464162,8.794352427145213,8.608817733793899,8.720138549804688,126100
2018-01-12,8.729414260563793,8.757244239422278,8.60881650591159,8.664477348327637,61900
2018-01-16,8.673755185027021,8.81290597817111,8.534603507183768,8.543880462646484,107100
2018-01-17,8.580987053922147,8.785075642379836,8.543880118266125,8.701584815979004,135900
2018-01-18,8.627370055115103,8.78507473656735,8.580986169152848,8.608816146850586,106200
2018-01-19,8.590264223168095,8.859289734555905,8.58098726784803,8.85001277923584,133100
2018-01-22,8.859290728650002,8.859290728650002,8.618095171458869,8.803629875183105,175500
2018-01-23,8.747969906415461,8.850013772288978,8.627372127819894,8.803629875183105,144700
2018-01-24,8.822180945337625,8.831457898709552,8.664476276810742,8.757243156433105,140100
2018-01-25,8.785076141357422,8.812906123505352,8.62737143468718,8.785076141357422,175200
2018-01-26,8.81290615946042,8.84073614172189,8.655201452146772,8.738692283630371,104000
2018-01-29,8.673755011575267,8.747968884394592,8.636648075165605,8.68303108215332,110700
2018-01-30,8.618093911945294,8.720137762905349,8.534603086296556,8.580986976623535,280500
2018-01-31,8.608817346524454,8.673755149800577,8.478943509370536,8.590264320373535,325300
2018-02-01,8.553155344958057,8.775796913903427,8.516048416800494,8.729413032531738,153500
2018-02-02,8.66447788032298,8.794351712769494,8.543880118266125,8.701584815979004,351900
2018-02-05,8.608817342897291,8.720138153853389,8.367622694841996,8.376898765563965,365500
2018-02-06,8.21919437139981,8.51605076314936,7.959445802730752,8.478943824768066,254100
2018-02-07,8.460389183684079,8.692307749743508,8.41400529353237,8.627370834350586,223700
2018-02-08,8.618094946408837,8.636648858646376,8.42328329141082,8.48822021484375,404200
2018-02-09,8.590263511644675,8.692307357615734,8.414004913959388,8.618093490600586,232500
2018-02-12,8.627370055115103,8.683030010510578,8.534602283190592,8.608816146850586,211100
2018-02-13,8.562433525783195,8.7572451678442,8.562433525783195,8.710862159729004,222200
2018-02-14,8.627371329602976,8.775799078849616,8.61809437410027,8.710862159729004,200900
2018-02-15,8.720138549804688,8.747969417331788,8.562433839281269,8.720138549804688,213300
2018-02-16,8.720138513213742,8.99844099442252,8.720138513213742,8.766522407531738,2591900
2018-02-20,8.618093749943867,8.729414553816554,8.117149690167226,8.339791297912598,713500
2018-02-21,8.386175155639648,8.599540692446052,8.36762213074728,8.386175155639648,197700
2018-02-22,8.423282657970462,8.478943505798092,8.330514873157467,8.376898765563965,185300
2018-02-23,8.404728499887053,8.423281523531452,8.321237681739648,8.395451545715332,163200
2018-02-26,8.38617473698531,8.460388602248088,8.330513895688698,8.4232816696167,138500
2018-02-27,8.423281828934703,8.478942671284084,8.284131050109863,8.284131050109863,237900
2018-02-28,8.302685208359577,8.441836890888023,8.256301314183428,8.265578269958496,197300
2018-03-01,8.25630120852616,8.386175933617508,8.163534306060212,8.191364288330078,319000
2018-03-02,8.126427056715317,8.4047295228465,8.042936228406047,8.302684783935547,175400
2018-03-05,8.274854594215807,8.469666227128702,8.274854594215807,8.367622375488281,134400
2018-03-06,8.404728347961862,8.571709096539259,8.321237531323652,8.534602165222168,239200
2018-03-07,8.46966617065826,8.627370866950514,8.42328228033128,8.580986976623535,157600
2018-03-08,8.580987435028334,8.608817416831576,8.460389667615386,8.497496604919434,108900
2018-03-09,8.553584433999868,8.675110882268578,8.450754773854927,8.656414985656738,96500
2018-03-12,8.647067949346651,8.74055012162009,8.534889877525764,8.684460639953613,116600
2018-03-13,8.721853487674482,8.768594574653187,8.553585931155975,8.590978622436523,130500
2018-03-14,8.637717995560344,8.637717995560344,8.450754576253997,8.478798866271973,127100
2018-03-15,8.497494509905902,8.619020938971401,8.497494509905902,8.609672546386719,100800
2018-03-16,8.600326863209933,8.69380903548337,8.506845582448559,8.684460639953613,325900
2018-03-19,8.619022919616063,8.656415607035811,8.441406985738261,8.572281837463379,116200
2018-03-20,8.600326130150194,8.71250419240944,8.506844857356816,8.572281837463379,138600
2018-03-21,8.553585931155975,8.619023809530997,8.534890031271743,8.590978622436523,227700
2018-03-22,8.525541122384693,8.637719189473858,8.366621971130371,8.366621971130371,199900
2018-03-23,8.375970327499079,8.572282166874526,8.132917404174805,8.132917404174805,228200
2018-03-26,8.226398740105834,8.469451638849256,8.207701951812371,8.329228401184082,105400
2018-03-27,8.366620741125951,8.460102895713149,8.245094296767352,8.26379108428955,125500
2018-03-28,8.273140023338383,8.338577000955274,8.132916782215386,8.235747337341309,216400
2018-03-29,8.291835920580942,8.43205916170394,8.235747337341309,8.235747337341309,163900
2018-04-02,8.226399377439074,8.35727333958493,7.983346459865337,7.992694854736328,165400
2018-04-03,8.030088369328599,8.310534003743474,8.011391577661962,8.301185607910156,251500
2018-04-04,8.170310980225711,8.441408226752262,8.114222386606215,8.422712326049805,165900
2018-04-05,8.469453262289905,8.525541854897593,8.394666986292812,8.49749755859375,112500
2018-04-06,8.422712807041535,8.553586793968861,8.310534721884324,8.41336441040039,126800
2018-04-09,8.441406664569241,8.441406664569241,8.217050548586792,8.235747337341309,204400
2018-04-10,8.319879736983602,8.525539943976536,8.310532234652214,8.478798866271973,141100
2018-04-11,8.432060570047412,8.534890250836243,8.394666986292812,8.49749755859375,102500
2018-04-12,8.54423823888604,8.590978433323773,8.460104462478819,8.469452857971191,123200
2018-04-13,8.469451908211827,8.553584783672372,8.413362433059499,8.45075511932373,65900
2018-04-16,8.497497339991197,8.647068105113386,8.48814894429304,8.590978622436523,84900
2018-04-17,8.628369738509978,8.721851895401157,8.609673842038893,8.675110816955566,135500
2018-04-18,8.684460708349475,8.759246090152384,8.64706801744802,8.665764808654785,96700
2018-04-19,8.637718817569942,8.693808294455561,8.562933442730444,8.572281837463379,165700
2018-04-20,8.534887791438193,8.581628866150512,8.469450821748055,8.52553939819336,70100
2018-04-23,8.52554049185219,8.572281572560469,8.422710827503547,8.45075511932373,87600
2018-04-24,8.460105502093938,8.57228358725115,8.310534721884324,8.41336441040039,107900
2018-04-25,8.39466428712089,8.469450539071643,8.357271606901422,8.404012680053711,170300
2018-04-26,8.432059221947595,8.52554049185219,8.36662135235122,8.45075511932373,81100
2018-04-27,8.469453415074131,8.469453415074131,8.33857854410844,8.422712326049805,73800
2018-04-30,8.450756622859553,8.50684610799117,8.34792694021573,8.422712326049805,123900
2018-05-01,8.385319155338195,8.441407745761769,8.273141082978977,8.432060241699219,107500
2018-05-02,8.41336141677012,8.581628930389318,8.41336141677012,8.506843566894531,92600
2018-05-03,8.469452857971191,8.534889843393668,8.375970686071598,8.469452857971191,185600
2018-05-04,8.469452174385601,8.609674529405314,8.441406990172066,8.553585052490234,59600
2018-05-07,8.600326930943185,8.712505003647546,8.497497253842203,8.665764808654785,91100
2018-05-08,8.647067074201445,8.684459761024,8.338577185037378,8.62837028503418,168300
2018-05-09,8.66576371515836,8.759244984859949,8.581629948368555,8.740549087524414,136700
2018-05-10,8.731200693100668,8.740549087524414,8.488147787155006,8.740549087524414,106300
2018-05-11,8.731200693100668,8.81533445989047,8.712503904253174,8.740549087524414,103200
2018-05-14,8.749896660722712,8.805986136203792,8.6938080767536,8.703156471252441,72900
2018-05-15,8.70315491403871,8.796636167765067,8.675109735560174,8.76859188079834,86500
2018-05-16,8.787288464262922,8.98360027145342,8.787288464262922,8.918163299560547,127800
2018-05-17,8.927513166264557,9.189261988539558,8.927513166264557,9.142520904541016,266800
2018-05-18,9.179912971900494,9.451010170922649,9.170565468943291,9.226654052734375,302000
2018-05-21,9.236003072538098,9.366877929431611,9.03034283785173,9.142520904541016,136900
2018-05-22,9.1518692221832,9.273395682946019,9.077083845023314,9.198610305786133,139400
2018-05-23,9.170566490627454,9.18926239013672,9.095780218054196,9.189262390136719,68600
2018-05-24,9.198609283957616,9.292090549267087,9.161216599531445,9.236001968383789,146200
2018-05-25,9.245350365373328,9.32013573424998,9.18926089295988,9.217305183410645,137000
2018-05-29,9.21730631494918,9.422966550363276,9.179913625920438,9.394922256469727,176300
2018-05-30,8.189006803165729,8.478799916093987,7.33832202560249,7.6561598777771,1159700
2018-05-31,7.7496419197694735,7.7496419197694735,7.478544709703213,7.487893104553223,523100
2018-06-01,7.506589079852407,7.515937474798448,7.366366721709844,7.4318037033081055,433600
2018-06-04,7.469195837445171,7.730945527443189,7.43180315194716,7.497241020202637,416200
2018-06-05,7.497241409054925,7.80573130329165,7.450499881124155,7.77768611907959,347200
2018-06-06,7.7776858479788125,7.805731031213322,7.646811892265605,7.684204578399658,239700
2018-06-07,7.684205203732631,7.730946288081931,7.581374639861766,7.600071430206299,179400
2018-06-08,7.637788772583008,7.816946376719287,7.543494728771505,7.637788772583008,237800
2018-06-11,7.666077156470957,7.9018113830564545,7.647217986701856,7.8829522132873535,198000
2018-06-12,7.864094079452673,8.062110869196255,7.798088782623053,8.033823013305664,231100
2018-06-13,8.043250488882608,8.11868535941046,7.873522479822236,7.986674785614014,183800
2018-06-14,8.005533720773196,8.11868603599471,7.901810989967139,8.099827766418457,283900
2018-06-15,8.014962995552068,8.156403159301135,8.014962995552068,8.118685722351074,393800
2018-06-18,8.080968791002583,8.17526283890474,7.647217789311103,8.024393081665039,298600
2018-06-19,7.996103634560086,8.080968090464197,7.9206687624796785,8.005533218383789,187200
2018-06-20,8.052681922912598,8.080969781047074,7.901812147189005,8.052681922912598,278600
2018-06-21,8.090397100443152,8.099826683598023,7.986674383503203,8.04325008392334,138200
2018-06-22,8.080968664129438,8.18469229504426,8.024392955680145,8.156403541564941,985100
2018-06-25,8.109257350833916,8.13754520482563,7.986675451196942,8.099827766418457,158900
2018-06-26,8.10925779416421,8.269557140971866,8.024393328294897,8.194121360778809,158500
2018-06-27,8.184692193595962,8.269556654472687,8.014963271842511,8.071539878845215,144900
2018-06-28,8.062110869196255,8.090398725086844,7.99610467311191,8.033823013305664,155800
2018-06-29,8.043251351692659,8.128115814953661,8.014963497023887,8.024393081665039,245700
2018-07-02,7.977244785307844,8.2035493850708,7.977244785307844,8.2035493850708,106900
2018-07-03,8.203551080142418,8.269557276486154,8.043251730707915,8.062110900878906,180900
2018-07-05,8.080967844954085,8.260126335142946,8.080967844954085,8.212979316711426,264600
2018-07-06,8.231839086831684,8.297845284383694,8.137545932014842,8.14697551727295,189100
2018-07-09,8.1752626432328,8.231838351216226,8.062110328011284,8.099827766418457,129800
2018-07-10,8.109257317095464,8.137545170969485,7.996104103090056,8.071539878845215,184600
2018-07-11,8.014962416766519,8.08096770184902,7.948957131684021,7.967815399169922,100100
2018-07-12,7.986675642355114,8.024393081665039,7.911240763735264,8.024393081665039,77300
2018-07-13,8.024393081665039,8.080968791002583,7.99610432774158,8.024393081665039,192900
2018-07-16,8.014962920915847,8.090397794113509,7.85466359055716,7.873522758483887,133000
2018-07-17,7.864092806904528,8.043250397560394,7.864092806904528,7.958385944366455,100400
2018-07-18,7.958387863457954,8.080969781047074,7.920670419527055,8.052681922912598,100500
2018-07-19,8.043250488882608,8.090397507776164,7.977245201984385,7.986674785614014,246600
2018-07-20,7.958387822129419,7.9772469936243295,7.901812106154272,7.930099964141846,116300
2018-07-23,7.920669044477289,7.996103919243386,7.845234169711192,7.892381191253662,109400
2018-07-24,7.939527383225985,8.062109266726452,7.892380366609721,7.9489569664001465,96200
2018-07-25,7.939528047718185,8.005533336952483,7.816946153958329,7.873522758483887,111200
2018-07-26,7.835804666073843,7.9678152334939245,7.807515916551357,7.9489569664001465,162600
2018-07-27,7.920668789574785,7.996103661913241,7.8075164810671005,7.845233917236328,124200
2018-07-30,7.864093683852619,7.939528561935956,7.826376244810951,7.901811122894287,152200
2018-07-31,7.930098843958851,8.146974789241089,7.920669259543392,8.099827766418457,150700
2018-08-01,8.043251125716532,8.109257317095464,7.930098810965786,8.071539878845215,119700
2018-08-02,8.05267966707821,8.16583196717303,7.977244800348332,8.04325008392334,179400
2018-08-03,8.014962802207492,8.099827258111603,7.9206687624796785,8.005533218383789,140300
2018-08-06,7.9961045550485705,8.052681165249117,7.9206696742843175,7.977246284484863,234600
2018-08-07,7.98667541796849,8.109257317095464,7.967816249216035,8.071539878845215,135200
2018-08-08,8.052680743595825,8.11868603599471,7.94895801278977,8.099827766418457,186400
2018-08-09,8.0621100165533,8.146974474504592,8.014962995552068,8.118685722351074,141900
2018-08-10,8.071538833387955,8.15640238401816,8.024391816868143,8.04325008392334,139700
2018-08-13,8.043250100378128,8.05267968355229,7.892380366609721,7.9489569664001465,285200
2018-08-14,7.977244982540154,8.062109434363117,7.8923805307171895,7.967815399169922,270700
2018-08-15,7.958386697950564,8.156403474401882,7.873523135975426,8.099827766418457,278100
2018-08-16,8.118685846345553,8.439284514944793,8.052680555488525,8.363849639892578,336900
2018-08-17,8.28841473079172,8.42042621121812,8.099827543935893,8.335561752319336,1666800
2018-08-20,8.382709372474803,8.580726157627899,8.250697882621171,8.51471996307373,346300
2018-08-21,7.779228811389706,8.29784424533328,7.449201012347122,7.4869184494018555,707600
2018-08-22,7.515205515606999,7.515205515606999,7.081455034887201,7.3171892166137695,818500
2018-08-23,7.326619476864586,7.364336915771361,7.034309100523419,7.053167819976807,468500
2018-08-24,7.081455740085296,7.090884874487167,6.958873845469768,7.0154500007629395,365200
2018-08-27,7.053167311782079,7.288901512777967,7.024879009826557,7.119173049926758,249900
2018-08-28,7.128602410611695,7.345477900402397,7.081455838691215,7.260613441467285,237900
2018-08-29,7.251184991218576,7.420913475478524,7.204037965221575,7.373766899108887,226400
2018-08-30,7.383195083779473,7.515206110093378,7.307760211600099,7.468059539794922,313700
2018-08-31,7.468059673883044,7.684934710479058,7.468059673883044,7.647217273712158,244200
2018-09-04,7.63778884238603,7.666076696086149,7.37376632663006,7.4114837646484375,320000
2018-09-05,7.392624950723971,7.496347679129131,7.373766231956913,7.4492011070251465,135400
2018-09-06,7.458629793941649,7.4963472292120334,7.2983304692288655,7.383194923400879,213100
2018-09-07,7.364336455656883,7.402053892207118,7.270042864281293,7.336048603057861,171800
2018-09-10,7.345477488130494,7.534064664482418,7.345477488130494,7.383194923400879,80200
2018-09-11,7.354907356262419,7.411483511356461,7.2794720331763845,7.3643364906311035,96900
2018-09-12,7.34547758102417,7.40205373464523,7.279471843652616,7.34547758102417,125000
2018-09-13,7.354908178635559,7.420913475478524,7.288902432165231,7.373766899108887,141100
2018-09-14,7.383280699908821,7.487940276994778,7.307164025180218,7.37376594543457,130600
2018-09-17,7.354736719307694,7.411823883761536,7.326192910236546,7.335707664489746,116200
2018-09-18,7.354737309723382,7.478426402813647,7.288135385669742,7.468911647796631,106000
2018-09-19,7.449882644884133,7.564056983776279,7.4023102305233195,7.478426456451416,150500
2018-09-20,7.506969146433951,7.602114420378982,7.392794817699914,7.545027256011963,126000
2018-09-21,7.535512899627887,7.6592019816841885,7.535512899627887,7.6306586265563965,561300
2018-09-24,7.554542010250693,7.56405631080097,7.487940091644945,7.545027256011963,160300
2018-09-25,7.56405695737833,7.678231295872017,7.506969788131488,7.583086013793945,118200
2018-09-26,7.573571114263738,7.583085414875852,7.430852975574376,7.4498820304870605,132200
2018-09-27,7.506969249925974,7.535513059347219,7.3927949196179155,7.459396839141846,106000
2018-09-28,7.430853029720602,7.525998304977318,7.4023096739878165,7.459396839141846,103100
2018-10-01,7.449882792083331,7.468911848941342,7.259592223503215,7.297650337219238,132400
2018-10-02,7.2691062750464885,7.421339178362603,7.126388126676345,7.1359028816223145,153900
2018-10-03,7.135903305315595,7.250077649315401,7.069301377804784,7.1263885498046875,156500
2018-10-04,7.107358558693139,7.107358558693139,6.9265827646217035,7.021728038787842,297200
2018-10-05,7.00269932121689,7.050271733746904,6.907554042468388,6.993184566497803,106800
2018-10-08,6.974155120761819,7.031242284818675,6.840951737962487,7.012213230133057,154100
2018-10-09,7.0026994052810885,7.173960909084308,7.0026994052810885,7.116873741149902,175900
2018-10-10,7.10735850356115,7.202504230677695,7.002698929634472,7.012213230133057,142100
2018-10-11,6.983670319351498,7.04075748704107,6.859981229179852,6.8980393409729,131400
2018-10-12,6.974155392591937,6.983670147149827,6.812408194615568,6.859981060028076,125800
2018-10-15,6.850466390162403,6.907554010838575,6.793379223174705,6.879010200500488,96200
2018-10-16,6.917068344192961,7.107358901709056,6.8314373664664805,7.09784460067749,139400
2018-10-17,7.069300820827046,7.126387988329152,6.993184597490905,7.107358932495117,128100
2018-10-18,7.069300843945274,7.116873710530175,6.964641263360058,7.002699375152588,78200
2018-10-19,7.002699684518787,7.05027209951687,6.898039645621407,6.964641571044922,105400
2018-10-22,6.9741549892252275,7.097844069193127,6.926582580252649,7.088329315185547,101000
2018-10-23,6.98367018258575,7.154931682300541,6.955126372455716,7.078815460205078,126700
2018-10-24,7.059786854729586,7.088330212990735,6.945612514307989,6.964641571044922,95400
2018-10-25,6.993184788369586,7.069301013783316,6.945612374330249,7.040757656097412,140800
2018-10-26,6.983670433766171,7.107359072275749,6.907554208933049,7.031242847442627,111100
2018-10-29,7.0978450533079025,7.135903167238092,6.936097842260344,6.983670711517334,100100
2018-10-30,6.983670846649186,7.135903305315595,6.983670846649186,7.1263885498046875,82300
2018-10-31,7.135903026846193,7.212019253209059,6.945612460939025,6.955126762390137,87800
2018-11-01,6.983670431994688,7.173960994029222,6.983670431994688,7.1359028816223145,101300
2018-11-02,7.116873552464625,7.326193162674554,7.116873552464625,7.288135051727295,151600
2018-11-05,7.278621285808946,7.278621285808946,7.0978450186782815,7.192990303039551,105800
2018-11-06,7.173960855245303,7.316679000854491,7.145417498336552,7.316679000854492,108900
2018-11-07,7.316678863989497,7.392795085906982,7.154931665570608,7.392795085906982,142100
2018-11-08,7.364251056535752,7.487940140312429,7.326192946710383,7.4498820304870605,56200
2018-11-09,7.392795621509296,7.459397547356588,7.250077468229958,7.297650337219238,230600
2018-11-12,7.278621339747414,7.278621339747414,7.040757900237293,7.202505111694336,114600
2018-11-13,7.21201910465961,7.3261934418522054,7.126388124920919,7.240562915802002,126300
2018-11-14,7.297649944523948,7.297649944523948,7.069300820827046,7.107358932495117,73000
2018-11-15,7.107358631232423,7.278620580167865,7.0883295762049805,7.250076770782471,79900
2018-11-16,7.20250505292918,7.307164638803993,7.135903127081888,7.297650337219238,129600
2018-11-19,7.269106080809745,7.316678946891434,7.221533668416531,7.307164192199707,72700
2018-11-20,7.250077025114765,7.411824225366337,7.250077025114765,7.307164192199707,76600
2018-11-21,7.611629968590026,8.220560692732947,7.288135549744629,8.144444465637207,387900
2018-11-23,8.020755628404237,8.496482516781674,7.992211361790129,8.420366287231445,175500
2018-11-26,8.420365052784732,8.515509872085532,8.039783053450844,8.363277435302734,211700
2018-11-27,8.296677317911536,8.334735433285474,8.09687198535411,8.23958969116211,221400
2018-11-28,8.277646528940476,8.610655667597623,8.230073665221326,8.582112312316895,412500
2018-11-29,8.505997082335643,8.696288579637365,8.486968477031736,8.591628074645996,206800
2018-11-30,8.525025313992792,8.648714405701769,8.344249507573196,8.515510559082031,300300
2018-12-03,8.54405431747684,8.59162718688664,8.249104160414703,8.39182186126709,297100
2018-12-04,8.344248919090488,8.582112330822232,7.925608806311552,7.963666915893555,173800
2018-12-06,7.878036833143737,8.06832740256711,7.8494934745744835,7.954153060913086,276700
2018-12-07,7.9829377176634315,8.17483599802323,7.915773868560792,7.915773868560791,219500
2018-12-10,7.90617766393848,8.021316067001038,7.8198236328818895,7.973342418670654,202900
2018-12-11,8.069290508563302,8.146049442779656,7.944557011702058,7.9541521072387695,186000
2018-12-12,7.9925331049109785,8.270784523489867,7.9925331049109785,8.021317481994629,109000
2018-12-13,8.01172228209897,8.02131646321574,7.733470898860494,7.781444549560547,224600
2018-12-14,7.723876409610098,7.944558148294395,7.675901840101701,7.848609924316406,154000
2018-12-17,7.810230017104686,7.963747898957763,7.618332207268963,7.675901412963867,326400
2018-12-18,7.714280804435339,7.858203588439186,7.647116503052671,7.752660274505615,200900
2018-12-19,7.7718506721369005,7.7718506721369005,7.320891200632582,7.37846040725708,162100
2018-12-20,7.416839274990481,7.484003572681699,7.253726307397055,7.311295509338379,189600
2018-12-21,7.330485680269789,7.359270511715913,7.052234292207882,7.119398593902588,549100
2018-12-24,7.109803354591412,7.186562293544832,6.956285476684569,6.95628547668457,121900
2018-12-26,6.99466575826045,7.282512270274885,6.965881381570658,7.253727436065674,135600
2018-12-27,7.21534748867273,7.340080999528787,7.013855034988143,7.205752849578857,110700
2018-12-28,7.224942009467439,7.330485318685309,7.119398242730217,7.234536647796631,206200
2018-12-31,7.26332222213042,7.282511958274621,6.91790651401542,7.1002092361450195,258600
2019-01-02,6.994664791261861,7.2441317948553055,6.994664791261861,7.061829090118408,401300
2019-01-03,6.994665244910781,7.224942529125793,6.9179063026789045,7.01385498046875,245500
2019-01-04,7.100208724943594,7.340080638235476,6.965880581605562,7.3208909034729,227200
2019-01-07,7.311296184832332,7.359270752975502,7.205752866948384,7.301701545715332,273500
2019-01-08,7.320890554283323,7.46481378689752,7.244131618894243,7.436028957366943,81300
2019-01-09,7.4264344370381785,7.484004100559477,7.378460327462936,7.455219268798828,98000
2019-01-10,7.416840025473733,7.416840025473733,7.128993529121618,7.176968097686768,141200
2019-01-11,7.119399348218079,7.196158296848017,7.042640399588141,7.128993988037109,101700
2019-01-14,7.109803695188237,7.224942566653488,7.071424223872949,7.157778263092041,96800
2019-01-15,7.148183265043799,7.215347569531131,7.0810194180758605,7.176968097686768,76100
2019-01-16,7.176968362442742,7.244132669407743,7.0330451089574035,7.090614318847656,152400
2019-01-17,7.052233996806629,7.215346967290378,7.052233996806629,7.109803199768066,139000
2019-01-18,7.100208561367505,7.17696749864942,7.042639358406068,7.109803199768066,254700
2019-01-22,7.109803758376244,7.16737296586082,6.994665343407093,7.033044815063477,177100
2019-01-23,7.061830136745625,7.176968559690533,7.033045302249687,7.128993988037109,95600
2019-01-24,7.138589085375563,7.176968559690533,7.090614513722141,7.128993988037109,81800
2019-01-25,7.12899365841311,7.3592709511749925,7.12899365841311,7.340081214904785,133500
2019-01-28,7.292106130013053,7.33048559984054,7.148182889400292,7.196157455444336,134300
2019-01-29,7.215347066809229,7.263321632031801,6.985070251787352,7.081018924713135,196100
2019-01-30,7.138588466163875,7.311296085600322,7.042639788699183,7.2825117111206055,125700
2019-01-31,7.272916795338341,7.311296267277905,7.14818328277506,7.224942684173584,162700
2019-02-01,7.224942795067419,7.426434797083084,7.205753058803099,7.388055324554443,146400
2019-02-04,7.407244351310342,7.618331887518093,7.3592702440044775,7.570357322692871,106700
2019-02-05,7.560763457276313,7.618332666441027,7.522383984499837,7.579953193664551,62100
2019-02-06,7.599142649546583,7.723876160225561,7.493598874547495,7.666306495666504,105500
2019-02-07,7.627926447167236,7.637521543040897,7.455218839115525,7.599142074584961,80600
2019-02-08,7.55116844177246,7.685497055458455,7.484004592448873,7.551168441772461,92700
2019-02-11,7.579953275425004,7.579953275425004,7.455219758796328,7.551168441772461,61100
2019-02-12,7.589547057119088,7.666305994823959,7.551167588266653,7.570357322692871,99000
2019-02-13,7.579952384008371,7.733470716235549,7.560762649669893,7.695091247558594,141600
2019-02-14,7.704686194660421,7.934963944661406,7.704686194660421,7.896583557128906,173600
2019-02-15,7.9637488294885985,8.059697059338545,7.89658406205089,7.992533206939697,105200
2019-02-19,7.934963818240035,8.126861177651174,7.867799056167044,8.050102233886719,242200
2019-02-20,7.579952451611274,8.289973543506084,7.579952451611274,7.934963226318359,509300
2019-02-21,7.8390146278476,8.107670929201056,7.771850781268931,7.9061784744262695,127200
2019-02-22,7.982937734099807,8.059696680386242,7.848610035617955,7.963748455047607,136300
2019-02-25,7.963748240375509,8.06929155991461,7.829419630475822,7.877394199371338,191300
2019-02-26,7.886989396915363,7.982937620893351,7.829419730497526,7.848609924316406,136000
2019-02-27,7.819824238154403,7.9349635651677,7.819824238154403,7.867798805236816,134300
2019-02-28,7.829419893932334,7.839014991042067,7.752660947132121,7.791040420532227,75200
2019-03-01,7.839014074928296,7.906177916769611,7.733470764172128,7.886988639831543,125400
2019-03-04,7.906177916769611,7.93496320473479,7.810229702001835,7.886988639831543,78300
2019-03-05,7.8869887954362605,7.954152638602671,7.685496350898296,7.733470916748047,97000
2019-03-06,7.762255714610439,7.7718508113127065,7.512788690584183,7.589547634124756,119800
2019-03-07,7.589547635436551,7.589547635436551,7.484004316809717,7.541573524475098,89500
2019-03-08,7.522210784390371,7.628702958475005,7.512529929453903,7.5512542724609375,76000
2019-03-11,7.551254351503391,7.619021721659762,7.522210863128813,7.5899786949157715,92600
2019-03-12,7.580297404150999,7.580297404150999,7.46412437351687,7.493167400360107,90100
2019-03-13,7.522210236168293,7.57061589221455,7.415718069844856,7.464123725891113,82800
2019-03-14,7.473805149472668,7.483486466071656,7.3673134366672945,7.454442977905273,58700
2019-03-15,7.464124567415254,7.502848911965921,7.164010666332289,7.289865016937256,481200
2019-03-18,7.309226802970652,7.3866754879793595,7.241458972772746,7.2801833152771,255200
2019-03-19,7.309226593966721,7.406037447459344,7.270502252569672,7.3479509353637695,159200
2019-03-20,7.347951658984364,7.5318925295499835,7.318908169261116,7.415719032287598,92400
2019-03-21,7.435080517682608,7.5512540042073,7.396356176051232,7.483486175537109,230300
2019-03-22,7.473805027798867,7.551254174438149,7.260821144024923,7.2801833152771,153300
2019-03-25,7.270502273192114,7.328588785452447,7.1930531285477715,7.2511396408081055,67700
2019-03-26,7.260821250707636,7.3673134249745775,7.260821250707636,7.27050256729126,236600
2019-03-27,7.260821541972795,7.32858937588489,7.096242846493848,7.241459369659424,95700
2019-03-28,7.154329009709207,7.328589013544366,7.144648154846464,7.183372497558594,91000
2019-03-29,7.2027343639004835,7.357631728189562,7.134966536208733,7.2124152183532715,79300
2019-04-01,7.222096684903586,7.347951026825822,7.202734513964056,7.3382697105407715,73200
2019-04-02,7.328588703200639,7.338269557653427,7.183372193364349,7.2124152183532715,122300
2019-04-03,7.260821275766582,7.270502592383617,7.125286074542169,7.173691272735596,110700
2019-04-04,7.183372589352632,7.299545618973557,7.164010417749144,7.173691272735596,57900
2019-04-05,7.193053752206116,7.3189081038307195,7.125286379508718,7.144648551940918,119000
2019-04-08,7.144648048688784,7.270502391448504,7.1349667323393104,7.193053245544434,60700
2019-04-09,7.164010326202528,7.260821182982851,7.154329009709207,7.183372497558594,208200
2019-04-10,7.183372691960947,7.444762243157046,7.183372691960947,7.396356582641602,161400
2019-04-11,7.386675276760819,7.502848300951966,7.34795093536377,7.3479509353637695,59100
2019-04-12,7.376994279927619,7.376994279927619,7.251139934124013,7.27050256729126,76900
2019-04-15,7.270502951587209,7.289865124147296,7.212415972276339,7.231778144836426,45000
2019-04-16,7.241459461931774,7.270502951587209,7.212415972276339,7.231778144836426,85200
2019-04-17,7.280183869118774,7.33827038729425,7.212416033765414,7.318908214569092,70400
2019-04-18,7.280183777373896,7.357632467298522,7.270502921948621,7.32858943939209,69800
2019-04-22,7.280183807051948,7.318908152172123,7.1156051094759025,7.231778144836426,91900
2019-04-23,7.231778144836427,7.376994669852385,7.222097289371686,7.231778144836426,83700
2019-04-24,7.1930533524213365,7.260821182982851,7.164010326202528,7.183372497558594,55800
2019-04-25,7.1446480865687905,7.173691112510049,7.009112426741004,7.096242427825928,65400
2019-04-26,7.096242255429779,7.144647912996674,7.018793572627196,7.067199230194092,48500
2019-04-29,7.067199908890988,7.241459461931774,7.067199908890988,7.231778144836426,62600
2019-04-30,7.222096684903586,7.347951026825822,7.183372343024525,7.3382697105407715,137100
2019-05-01,7.347951905714165,7.376994934782013,7.251140577806341,7.299546241760254,226400
2019-05-02,7.29954541723578,7.338269759372529,7.154328903407685,7.193053245544434,80900
2019-05-03,7.202735253601512,7.42540047308654,7.202735253601512,7.357632637023926,73000
2019-05-06,7.260821604892739,7.376994639779678,7.212415942874546,7.32858943939209,79300
2019-05-07,7.27050313664719,7.357632684570034,7.20273530014665,7.26082181930542,46600
2019-05-08,7.260821397753105,7.270502714532793,7.05751836168557,7.115604877471924,72200
2019-05-09,7.115604666997078,7.231777695133465,7.028475126710077,7.183372497558594,83800
2019-05-10,7.164010771691424,7.32858946926747,7.086562081451075,7.231778144836426,144200
2019-05-13,7.144648612226706,7.183372957417857,6.980069914349005,6.99943208694458,63100
2019-05-14,6.989749825954353,7.038155481722026,6.902620291855303,6.951025485992432,234400
2019-05-15,6.9123016991630255,7.0284751899757065,6.8929395276326755,6.989750385284424,52700
2019-05-16,7.009112942427064,7.0575186047313085,6.951026424640336,6.99943208694458,45400
2019-05-17,6.951026135781997,7.096242655029473,6.951026135781997,7.028475284576416,110300
2019-05-20,6.960707255970598,7.134966797169333,6.92198291348199,7.047837257385254,97100
2019-05-21,7.096242613961274,7.202734789010531,7.076880442282372,7.125286102294922,143600
2019-05-22,7.115604984781175,7.202734990589995,7.067199785044519,7.105924129486084,38100
2019-05-23,7.047837023677323,7.047837023677323,6.815490514819765,6.88325834274292,101400
2019-05-24,6.921982461836264,7.018793311741066,6.863895951893383,6.951025485992432,107200
2019-05-28,6.9316632025994345,7.096241875560126,6.8929388632711,7.0091118812561035,300700
2019-05-29,6.805810581488821,6.844534927934594,6.302393616063135,6.515377521514893,659000
2019-05-30,6.699317206605476,7.057517578345287,6.534738532662713,6.583144187927246,191600
2019-05-31,6.534739122469135,6.544420439048065,5.982916541495843,6.011960029602051,349700
2019-06-03,6.13781421685853,6.215262900967819,6.060365532749242,6.1668572425842285,244100
2019-06-04,6.253987500112081,6.253987500112081,5.905467945662731,6.002278804779053,238600
2019-06-05,6.00227838754762,6.0410027285023356,5.702164514333295,5.857062339782715,370600
2019-06-06,5.84738135385532,5.934511356737822,5.721527007831836,5.731208324432373,224400
2019-06-07,5.7604989895187195,5.926479540684862,5.711681016035961,5.897188663482666,439900
2019-06-10,5.926479199741004,6.111986836515658,5.906952104583812,6.082695960998535,305800
2019-06-11,6.102223407334661,6.16080469617755,5.946006637086957,5.96553373336792,428800
2019-06-12,5.955770015716554,6.024115086207329,5.8581345332745185,5.955770015716553,204700
2019-06-13,5.946006490760641,6.1022232571639785,5.946006490760641,6.053405284881592,710100
2019-06-14,6.053405286663919,6.20962251867594,6.033878190857752,6.121750354766846,165900
2019-06-17,6.131514003080334,6.170568193849542,5.975296774440828,6.004587650299072,143500
2019-06-18,6.053405284881591,6.121750352964395,6.02411487396231,6.053405284881592,284200
2019-06-19,6.04364170370543,6.07293211333527,5.965533323942301,6.024114608764648,153500
2019-06-20,6.092459552346373,6.19009549812692,6.0729324563028015,6.111987113952637,146200
2019-06-21,6.072932176545372,6.121750147186782,5.985060481178572,6.014350891113281,215600
2019-06-24,6.0045876551688036,6.014350970087685,5.8678979873657235,5.867897987365723,145800
2019-06-25,5.926479476338602,5.965533668475702,5.83860731124878,5.838607311248779,242100
2019-06-26,5.85813440731733,5.89718859945443,5.81908021518023,5.838607311248779,246500
2019-06-27,5.858134398901318,6.043642044067384,5.8483706180997235,6.043642044067383,340700
2019-06-28,6.0241146087646475,6.092459208276052,5.965533323942301,6.024114608764648,666200
2019-07-01,6.102223385751345,6.365839417393295,5.96553371226807,6.238913059234619,539900
2019-07-02,6.2291494784975585,6.277966984165928,6.151041096978026,6.209622383117676,210500
2019-07-03,6.209622584857417,6.414657325788749,6.209622584857417,6.248676776885986,285400
2019-07-05,6.229149671929322,6.414657316580059,6.1998587951685975,6.385366439819336,192100
2019-07-08,6.356076037745896,6.356076037745896,6.170568392828849,6.248676776885986,104700
2019-07-09,6.209622658679381,6.238913070267675,6.131514273693667,6.170568466186523,100000
2019-07-10,6.209622520463888,6.297494218835595,6.180331643964861,6.1900954246521,79000
2019-07-11,6.199858461569089,6.199858461569089,6.092459206642254,6.160804271697998,96300
2019-07-12,6.16080461204036,6.297494284140351,6.16080461204036,6.248676776885986,120100
2019-07-15,6.248676499434092,6.277966909373628,6.151041023697852,6.219385623931885,83900
2019-07-16,6.219385623931884,6.37560285067254,6.180331433637388,6.219385623931885,361700
2019-07-17,6.219385631197665,6.268203601904152,6.121750155347362,6.151041030883789,142400
2019-07-18,6.121750556103838,6.180331845449006,6.06316926675867,6.092459678649902,103700
2019-07-19,6.072932720184327,6.151041573315294,6.0436423076275885,6.072932720184326,137700
2019-07-22,6.0729324563028015,6.170568402083348,6.0338782642156605,6.111987113952637,138000
2019-07-23,6.121750556103838,6.180331845449006,6.092459678649902,6.092459678649902,83600
2019-07-24,6.082696289539449,6.268203936333813,6.082696289539449,6.238913059234619,147500
2019-07-25,6.248676498404313,6.258439813194991,6.014350891113281,6.014350891113281,182100
2019-07-26,6.0534050894708145,6.199858536027604,6.0534050894708145,6.151041030883789,156800
2019-07-29,6.219386038345784,6.219386038345784,6.092459678649902,6.092459678649902,142600
2019-07-30,6.131513998329025,6.229149475176385,6.014350960549515,6.141277313232422,140300
2019-07-31,6.17056832884031,6.346312191146413,6.131514137216731,6.1900954246521,217400
2019-08-01,6.160804888979969,6.287731251559739,6.053405623292263,6.072932720184326,124400
2019-08-02,6.024115210735524,6.082696501411715,5.94600682316727,6.072932720184326,93800
2019-08-05,5.946006573276846,6.063169149705282,5.819080216031359,5.906952381134033,116400
2019-08-06,5.926479540805994,6.043642118491772,5.838607374760311,5.96553373336792,505200
2019-08-07,5.877661629762925,6.004587989718923,5.877661629762925,5.955770015716553,98100
2019-08-08,5.9948240806740145,6.0143511767454205,5.8971886003169836,5.906952381134033,114100
2019-08-09,5.8971885341283246,5.926479410688027,5.780025959014893,5.780025959014893,111300
2019-08-12,5.770262241363525,5.86789818725435,5.7409718300464325,5.770262241363525,84500
2019-08-13,5.760498853654301,5.946006496725711,5.71168088132294,5.848370552062988,69700
2019-08-14,5.7897887261767655,5.7897887261767655,5.6921532561564225,5.721444129943848,126200
2019-08-15,5.721444334309037,5.770261838281607,5.643335955502797,5.760498523712158,128300
2019-08-16,5.780025951168137,5.926479402642451,5.780025951168137,5.916715621948242,84200
2019-08-19,5.994824208693367,6.121750568649364,5.936242919228146,5.955770015716553,84800
2019-08-20,5.955769750245283,5.965533530835629,5.887425148363589,5.926479339599609,140900
2019-08-21,5.97529711220496,5.994824208693367,5.916715822739739,5.955770015716553,135700
2019-08-22,5.975297235724009,6.072932720184327,5.936243041939882,6.072932720184326,101000
2019-08-23,6.0143513837188625,6.043642261615313,5.7897895383884395,5.809316635131836,146900
2019-08-26,5.877660886897616,5.926478854729984,5.789788731024411,5.858133792877197,144500
2019-08-27,5.897188458418943,5.975296840825125,5.760498789208124,5.789789199829102,249100
2019-08-28,6.443947990620346,6.961416753707096,6.404893797054861,6.551347255706787,605800
2019-08-29,6.570873994705145,7.1176331404135915,6.561110214064056,7.078578948974609,409300
2019-08-30,7.156687471004883,7.205505444034156,6.990706921380591,7.059051990509033,199100
2019-09-03,6.980943332005177,7.068815028219807,6.902834950675427,7.029760837554932,533400
2019-09-04,7.029761187791511,7.1371604502520976,6.951652802570248,6.98094367980957,184200
2019-09-05,7.117633528389513,7.361722470969572,7.0590522380378244,7.29337739944458,432800
2019-09-06,7.35195915535898,7.381249567753469,7.2347961090928905,7.29337739944458,214500
2019-09-09,7.332431655966762,7.351958751678468,7.215268616133849,7.351958751678467,181500
2019-09-10,7.332431381729178,7.537465646252324,7.332431381729178,7.527702331542969,233800
2019-09-11,7.537466261088663,7.58628423530556,7.391013269563382,7.576520919799805,288800
2019-09-12,7.527702860024595,7.752264700857129,7.410540281910934,7.722973823547363,260000
2019-09-13,7.781927846639551,7.811404583401088,7.614891443243233,7.644368648529053,211800
2019-09-16,7.6247172409631405,7.76227643738588,7.526460203565478,7.673845291137695,371500
2019-09-17,7.614891615590426,7.644368821543401,7.496983728827114,7.585414409637451,171700
2019-09-18,7.555937752392086,7.555937752392086,7.43802986437754,7.457681179046631,692200
2019-09-19,7.47733237019904,7.4969836845435145,7.329947278353336,7.339772701263428,140000
2019-09-20,7.339772883707823,7.35942419854077,7.182562365044253,7.280818939208984,1518100
2019-09-23,7.2513421181464865,7.408552635008969,7.2415162265804325,7.359424114227295,188000
2019-09-24,7.388900949740031,7.447854890606062,7.320121117800857,7.379075527191162,269100
2019-09-25,7.310295988159546,7.506809132253502,7.280818782283307,7.438029766082764,219500
2019-09-26,7.457681155790644,7.457681155790644,7.349598691185538,7.359424114227295,84600
2019-09-27,7.398727038970572,7.44785509007924,7.329947205189293,7.4183783531188965,101200
2019-09-30,7.418378511308364,7.438029825875733,7.241516211677748,7.261167526245117,133000
2019-10-01,7.280818405671182,7.359423659242781,7.015525440604904,7.035176753997803,130800
2019-10-02,6.97622299194336,7.005700197047487,6.877966422470072,6.976222991943359,129800
2019-10-03,6.936920544293884,6.97622317310382,6.868140709614349,6.917269229888916,105900
2019-10-04,6.927095035174228,7.005700291816181,6.887792406853252,6.946746349334717,86600
2019-10-07,6.927095315199025,6.986049260063677,6.887792685289257,6.907444000244141,114400
2019-10-08,6.838664227936696,6.838664227936696,6.71093044526685,6.730581760406494,98500
2019-10-09,6.828838163287291,6.946746519665563,6.779710110943618,6.8386640548706055,95900
2019-10-10,6.838664163639894,6.927095315199025,6.799361533730126,6.907444000244141,123900
2019-10-11,6.917269339493099,7.074479857223846,6.917269339493099,6.986049175262451,166600
2019-10-14,6.917269131049223,6.986048964745974,6.887792394125105,6.897617816925049,53800
2019-10-15,6.91726897126988,7.0744794806319256,6.91726897126988,7.05482816696167,135900
2019-10-16,7.064654338257407,7.123608281606407,6.9860490804587405,7.015525817871094,108500
2019-10-17,7.054828364448688,7.103956884261727,7.035177050228329,7.094130992889404,112600
2019-10-18,7.045002843268571,7.113782207817679,7.035176952033394,7.074479579925537,72600
2019-10-21,7.162910446217999,7.212038963419885,7.094130615840211,7.113781929016113,73900
2019-10-22,7.084305300870754,7.172736445764539,7.035176782924369,7.133433818817139,66500
2019-10-23,7.153085599153791,7.153085599153791,7.074479871604334,7.084305763244629,83400
2019-10-24,7.133434269897177,7.1727368993298635,6.9762232836421285,6.986049175262451,67400
2019-10-25,6.9860490645684505,7.025351693378387,6.897617915483948,6.917269229888916,88800
2019-10-28,6.946746268624346,7.035176947056972,6.91726906346395,7.025351524353027,88000
2019-10-29,7.005700228438933,7.162910740300629,6.917269081254587,7.123608112335205,94300
2019-10-30,7.10395678008171,7.143259407946051,6.9663975825565165,7.025351524353027,70500
2019-10-31,6.97622324207962,6.986049133641402,6.7109302607273795,6.740407466888428,172100
2019-11-01,6.7404075512510015,6.75023297441146,6.661802291870118,6.661802291870117,107500
2019-11-04,6.6912789607909895,6.8386640548706055,6.651976331506332,6.8386640548706055,103000
2019-11-05,6.8288381747302,6.986049160656563,6.8288381747302,6.887792587280273,77500
2019-11-06,6.86814059860272,6.887792381214344,6.7993612335591775,6.848489284515381,74100
2019-11-07,6.868140792571949,6.897617998797592,6.819012740228277,6.8386640548706055,69400
2019-11-08,6.838664142026121,6.887792663520211,6.760058882455019,6.809186935424805,96800
2019-11-11,6.740407455153543,6.77971008428365,6.671627619913707,6.69127893447876,58600
2019-11-12,6.720756041465086,6.720756041465086,6.60284768728948,6.671627521514893,79100
2019-11-13,6.59302254221782,6.68145369444459,6.563545335300795,6.632325172424316,68300
2019-11-14,6.602847674866977,6.710930137439483,6.583196360628729,6.622498989105225,109400
2019-11-15,6.651976194724741,6.651976194724741,6.534068309295254,6.622498989105225,64100
2019-11-18,6.61267336791289,6.61267336791289,6.534068113317524,6.58319616317749,77900
2019-11-19,6.5930222644140155,6.710930150065332,6.563545058739042,6.671627521514893,92400
2019-11-20,6.632324681561731,6.710929936157098,6.563544849528649,6.58319616317749,151400
2019-11-21,6.602847769494373,6.612673661016459,6.534068402936953,6.593022346496582,70200
2019-11-22,6.612673759460449,6.661802280753673,6.534068500210734,6.612673759460449,45400
2019-11-25,6.602847796169267,6.7698842045251775,6.563545166970735,6.740407466888428,157200
2019-11-26,6.710929885005361,6.838663657011362,6.661801835519856,6.760058403015137,237100
2019-11-27,6.534068429478694,6.534068429478694,5.993656575200462,6.17051887512207,587300
2019-11-29,6.10173891711276,6.150867436886653,5.924877089270465,6.052610397338867,532400
2019-12-02,6.08208768244143,6.180344254749794,5.797143388485026,5.924877166748047,323600
2019-12-03,5.856097331870044,5.983831110133066,5.76766618253037,5.924877166748047,177500
2019-12-04,5.964179480380082,6.02313342064855,5.806968504473231,5.816794395446777,150600
2019-12-05,5.8266201259153885,5.974005218640082,5.748014868068696,5.924877166748047,276100
2019-12-06,5.974005222320556,6.032959165741895,5.875748649951658,5.974005222320557,268000
2019-12-09,5.9347024582566075,6.258949373953934,5.885573938928528,6.229472637176514,312100
2019-12-10,6.249124410543703,6.258949834016964,6.082087994779392,6.131216049194336,128800
2019-12-11,6.131215765731408,6.170518863380319,6.072261822044487,6.121390342712402,97800
2019-12-12,6.1017388488277255,6.298251988675526,6.091912957573194,6.180344104766846,167700
2019-12-13,6.1704397488074765,6.219961925920445,6.05158709047053,6.091204643249512,119400
2019-12-16,6.140726348083999,6.239770702309936,6.05158709047053,6.091204643249512,187400
2019-12-17,6.120917488558516,6.368527426203288,6.09120456051709,6.328909873962402,228400
2019-12-18,6.279388451079424,6.457667444149235,6.219962120056152,6.219962120056152,133100
2019-12-19,6.2496750764679785,6.269483853561439,6.111013636813756,6.140726566314697,108500
2019-12-20,6.160535375391911,6.190248777325614,6.031778559755199,6.0614914894104,917400
2019-12-23,6.061491207453947,6.190248489379883,5.962447326079564,6.190248489379883,194900
2019-12-24,6.19024878549183,6.249675117159132,5.992161013267493,6.041682720184326,96400
2019-12-26,6.10110881704228,6.200153171621096,5.9921607826511565,6.031778335571289,218500
2019-12-27,6.021873740475006,6.031778364892429,5.922829857693211,5.952543258666992,199100
2019-12-30,5.952543021239156,6.002064724515549,5.893116221661936,5.942638397216797,256000
2019-12-31,5.903021052441615,6.04168248766208,5.903021052441615,6.031778335571289,223200
2020-01-02,6.081300047899629,6.10110882438353,5.912925211647222,6.011969566345215,141900
2020-01-03,5.932734002550488,6.041682509615986,5.932734002550488,5.972352027893066,134200
2020-01-06,5.942638803018333,6.210057530263018,5.903021248780491,6.120917797088623,260800
2020-01-07,6.091204657670138,6.10110880974909,5.992160775488202,6.051587104797363,130400
2020-01-08,6.041682502249634,6.120917608281212,5.972352020611246,5.992160797119141,133800
2020-01-09,5.982255948749298,6.0119693485379075,5.912924997428187,5.942638397216797,109100
2020-01-10,5.932733995316972,6.002064949233844,5.912925218809077,5.992160797119141,106800
2020-01-13,5.9822561727259504,6.021873725741739,5.932733995316972,5.992160797119141,87000
2020-01-14,5.9525432513610195,6.041682509615986,5.942638626955754,5.972352027893066,103200
2020-01-15,5.972351999051814,6.061491256876315,5.9327339739005565,6.051587104797363,125700
2020-01-16,6.1011090199697025,6.180344128445387,6.081300242850781,6.120917797088623,101000
2020-01-17,6.1704397343880615,6.1704397343880615,6.051587076328857,6.13082218170166,93100
2020-01-21,6.120917812977156,6.120917812977156,6.051587329020215,6.081300258636475,110300
2020-01-22,6.091204932055816,6.091204932055816,5.952543490754933,5.962447643280029,147400
2020-01-23,5.942638780250505,6.210057506470638,5.922830003207476,6.180344104766846,199500
2020-01-24,6.180344160741362,6.19024878549183,6.002065165739459,6.041682720184326,130700
2020-01-27,5.962447420992432,6.002064974172835,5.912925243377685,5.9129252433776855,105500
2020-01-28,5.932734002550488,6.0119695809571585,5.893116449486395,5.972352027893066,98900
2020-01-29,5.9624474359442186,6.021873765863844,5.863403552744844,5.873307704925537,121100
2020-01-30,5.833690137016879,5.932734019967886,5.803977208270822,5.9129252433776855,126100
2020-01-31,5.893116254639943,5.94263843047193,5.813881151131539,5.843594551086426,160800
2020-02-03,5.853498709570702,5.962447213158416,5.774263605971807,5.823785781860352,171000
2020-02-04,5.893116268146294,5.92282966816928,5.784168236711777,5.803977012634277,89800
2020-02-05,5.853498920921702,5.903021098598332,5.813881367691792,5.893116474151611,116400
2020-02-06,5.903020865370887,5.932733792980121,5.873307465483182,5.883212089538574,107100
2020-02-07,5.863403313706261,5.903020865370887,5.784168210377009,5.883212089538574,213800
2020-02-10,5.873307452381178,5.962447179566971,5.86340330062635,5.922829627990723,113500
2020-02-11,5.922829828901682,6.051587112031355,5.903021052441615,6.031778335571289,117900
2020-02-12,6.05158731331165,6.160535351326466,6.05158731331165,6.120917797088623,123700
2020-02-13,6.101108760003699,6.200153113656561,6.031778279180871,6.190248489379883,92700
2020-02-14,6.160535327723817,6.2892926146427515,6.111013621255495,6.180344104766846,123000
2020-02-18,6.15063093683013,6.2199618899314375,6.120917536278576,6.190248489379883,106900
2020-02-19,6.180343893618294,6.239770694995588,6.071395859743045,6.111013412475586,119700
2020-02-20,6.09120445160291,6.160534930645554,5.942638397216797,5.942638397216797,115400
2020-02-21,5.962447428443196,6.011969606119826,5.8733076975366565,5.893116474151611,220800
2020-02-24,5.794072613092942,5.873307719853835,5.764359684196852,5.833690166473389,140700
2020-02-25,5.823786132038173,5.843594909128977,5.496941073900669,5.536558628082275,169500
2020-02-26,5.4870363354305365,5.4870363354305365,4.8630591615919885,5.18990421295166,640100
2020-02-27,5.1304777273887625,5.209713303985446,4.922485342414228,4.962103366851807,294600
2020-02-28,4.9125814596641435,5.001721193045152,4.773920019510297,4.872963905334473,331100
2020-03-02,4.872963561282328,5.308757100418309,4.872963561282328,5.199808597564697,231900
2020-03-03,5.328566137414277,5.437514173330533,5.0710515675500565,5.150286674499512,290100
2020-03-04,5.249330933169791,5.447418696871923,5.13047780267003,5.427609920501709,246900
2020-03-05,5.308757107121053,5.387992210286097,5.08095594938232,5.179999828338623,234100
2020-03-06,4.980000019073486,5.170000076293945,4.980000019073486,5.130000114440918,147700
2020-03-09,4.929999828338623,5.119999885559082,4.869999885559082,4.920000076293945,220900
2020-03-10,5.059999942779541,5.090000152587891,4.690000057220459,4.909999847412109,171300
2020-03-11,4.760000228881836,4.789999961853027,4.579999923706055,4.710000038146973,235000
2020-03-12,4.46999979019165,4.75,4.329999923706055,4.340000152587891,323600
2020-03-13,4.539999961853027,4.690000057220459,4.289999961853027,4.619999885559082,343600
2020-03-16,4.369999885559082,4.75,4.28000020980835,4.550000190734863,280800
2020-03-17,4.570000171661377,5.289999961853027,4.53000020980835,5.260000228881836,354400
2020-03-18,5.150000095367432,5.289999961853027,4.429999828338623,4.579999923706055,255000
2020-03-19,4.659999847412109,4.880000114440918,4.349999904632568,4.449999809265137,338700
2020-03-20,4.46999979019165,4.670000076293945,4.329999923706055,4.570000171661377,365700
2020-03-23,4.630000114440918,4.820000171661377,4.460000038146973,4.670000076293945,370500
2020-03-24,4.940000057220459,4.980000019073486,4.46999979019165,4.659999847412109,678900
2020-03-25,4.630000114440918,4.690000057220459,4.300000190734863,4.349999904632568,245600
2020-03-26,4.400000095367432,4.690000057220459,4.400000095367432,4.619999885559082,238200
2020-03-27,4.550000190734863,4.599999904632568,4.340000152587891,4.369999885559082,574300
2020-03-30,4.420000076293945,4.699999809265137,4.329999923706055,4.690000057220459,179300
2020-03-31,4.699999809265137,4.929999828338623,4.619999885559082,4.929999828338623,202600
2020-04-01,4.800000190734863,4.849999904632568,4.389999866485596,4.420000076293945,682000
2020-04-02,4.380000114440918,4.550000190734863,4.320000171661377,4.380000114440918,271400
2020-04-03,4.309999942779541,4.320000171661377,4.099999904632568,4.199999809265137,308700
2020-04-06,4.210000038146973,4.539999961853027,4.199999809265137,4.449999809265137,222000
2020-04-07,4.550000190734863,4.599999904632568,4.090000152587891,4.159999847412109,720700
2020-04-08,4.239999771118164,4.71999979019165,4.170000076293945,4.71999979019165,280200
2020-04-09,4.75,5.050000190734863,4.579999923706055,4.78000020980835,391400
2020-04-13,4.730000019073486,4.929999828338623,4.710000038146973,4.900000095367432,216400
2020-04-14,4.980000019073486,5.079999923706055,4.670000076293945,4.699999809265137,286100
2020-04-15,4.670000076293945,4.800000190734863,4.639999866485596,4.690000057220459,145600
2020-04-16,4.699999809265137,4.960000038146973,4.619999885559082,4.809999942779541,178200
2020-04-17,4.949999809265137,4.949999809265137,4.599999904632568,4.630000114440918,167800
2020-04-20,4.559999942779541,4.570000171661377,4.329999923706055,4.489999771118164,190300
2020-04-21,4.360000133514404,4.46999979019165,4.329999923706055,4.400000095367432,176100
2020-04-22,4.5,4.53000020980835,4.420000076293945,4.460000038146973,87700
2020-04-23,4.460000038146973,4.619999885559082,4.420000076293945,4.53000020980835,147400
2020-04-24,4.53000020980835,4.539999961853027,4.309999942779541,4.309999942779541,123100
2020-04-27,4.340000152587891,4.5,4.329999923706055,4.429999828338623,241100
2020-04-28,4.559999942779541,4.670000076293945,4.5,4.630000114440918,129100
2020-04-29,4.75,4.869999885559082,4.699999809265137,4.730000019073486,227500
2020-04-30,4.619999885559082,4.619999885559082,4.429999828338623,4.519999980926514,124800
2020-05-01,4.429999828338623,4.5,4.369999885559082,4.449999809265137,156200
2020-05-04,4.409999847412109,4.409999847412109,4.269999980926514,4.369999885559082,84200
2020-05-05,4.400000095367432,4.449999809265137,4.25,4.260000228881836,226400
2020-05-06,4.260000228881836,4.349999904632568,4.25,4.289999961853027,164000
2020-05-07,4.329999923706055,4.369999885559082,4.150000095367432,4.179999828338623,136200
2020-05-08,4.28000020980835,4.349999904632568,4.190000057220459,4.349999904632568,124200
2020-05-11,4.300000190734863,4.340000152587891,4.150000095367432,4.150000095367432,335000
2020-05-12,4.159999847412109,4.179999828338623,4.010000228881836,4.090000152587891,303700
2020-05-13,4.070000171661377,4.119999885559082,3.7899999618530273,3.940000057220459,255400
2020-05-14,3.859999895095825,3.859999895095825,3.690000057220459,3.7899999618530273,179700
2020-05-15,3.799999952316284,3.8499999046325684,3.7200000286102295,3.7899999618530273,150100
2020-05-18,3.940000057220459,4.079999923706055,3.819999933242798,4.050000190734863,373800
2020-05-19,4.059999942779541,4.329999923706055,3.990000009536743,4.210000038146973,277800
2020-05-20,4.28000020980835,4.599999904632568,4.25,4.380000114440918,266100
2020-05-21,4.369999885559082,4.389999866485596,4.150000095367432,4.300000190734863,198500
2020-05-22,4.320000171661377,4.320000171661377,4.110000133514404,4.28000020980835,142000
2020-05-26,4.429999828338623,4.5,4.150000095367432,4.190000057220459,132300
2020-05-27,4.25,4.570000171661377,4.210000038146973,4.550000190734863,158900
2020-05-28,4.610000133514404,4.610000133514404,4.389999866485596,4.420000076293945,133800
2020-05-29,4.369999885559082,4.429999828338623,4.050000190734863,4.239999771118164,748000
2020-06-01,4.25,4.369999885559082,4.21999979019165,4.289999961853027,163500
2020-06-02,4.329999923706055,4.389999866485596,4.239999771118164,4.309999942779541,246000
2020-06-03,4.340000152587891,4.619999885559082,4.329999923706055,4.559999942779541,261600
2020-06-04,4.510000228881836,4.989999771118164,4.449999809265137,4.889999866485596,281000
2020-06-05,5.039999961853027,5.090000152587891,4.909999847412109,5.019999980926514,263900
2020-06-08,5.099999904632568,5.099999904632568,4.900000095367432,4.920000076293945,225600
2020-06-09,4.849999904632568,4.960000038146973,4.71999979019165,4.829999923706055,213900
2020-06-10,5.099999904632568,5.400000095367432,5.019999980926514,5.050000190734863,325800
2020-06-11,4.829999923706055,4.920000076293945,4.389999866485596,4.409999847412109,268600
2020-06-12,4.550000190734863,4.730000019073486,4.429999828338623,4.579999923706055,148300
