Date,Open,High,Low,Close,Volume
2007-09-13,30.54080581665039,30.54080581665039,30.51329094837056,30.54080581665039,21000
2007-09-14,30.56831959153843,30.582077026367188,30.56831959153843,30.582077026367188,16700
2007-09-17,30.582077026367188,30.595834461195945,30.554562156709675,30.582077026367188,46500
2007-09-18,30.582075495107873,30.609590363387703,30.458261211810896,30.54080581665039,91400
2007-09-19,30.416977724883353,30.430735152777775,30.265648642005782,30.361948013305664,16200
2007-09-20,30.3344613919273,30.3344613919273,30.031805568430226,30.0593204498291,15400
2007-09-21,30.16936453942985,30.306936264038086,30.16936453942985,30.306936264038086,9000
2007-09-24,30.26566860029666,30.26566860029666,30.19688403942656,30.251911163330078,19400
2007-09-25,30.320693698895152,30.334448509789816,30.306936264038086,30.306936264038086,39200
2007-09-26,30.334444046020508,30.36195891168577,30.306931804317255,30.334444046020508,23600
2007-09-27,30.348201478853138,30.36195891168577,30.265659505819357,30.334444046020508,8500
2007-09-28,30.334439239674634,30.361954100980302,30.2794121410249,30.3206844329834,23700
2007-10-01,30.34272529133819,30.397842407226562,30.34272529133819,30.397842407226562,28100
2007-10-02,30.370309182773777,30.411646395319448,30.342749288905907,30.356529235839844,32100
2007-10-03,30.411638866537267,30.439198753582343,30.328961833657523,30.384078979492188,25800
2007-10-04,30.439220428466797,30.453000381801637,30.41166052179711,30.439220428466797,55100
2007-10-05,30.43918221533339,30.43918221533339,30.094691699205356,30.397842407226562,17800
2007-10-08,30.315181890134987,30.411638866537267,30.315181890134987,30.384078979492188,45800
2007-10-09,30.439217879426977,30.45299783160786,30.38409807070345,30.425437927246094,17100
2007-10-10,30.397835438827403,30.4253953045808,30.397835438827403,30.4116153717041,29000
2007-10-11,30.370298385620117,30.370298385620117,30.27383879137558,30.370298385620117,24100
2007-10-12,30.384078979492188,30.439198753582343,30.37030166422514,30.384078979492188,31900
2007-10-15,30.37031552692766,30.37031552692766,30.31519572767776,30.328975677490234,15000
2007-10-16,30.425419955915327,30.53565687999179,30.08092923964443,30.342742919921875,35700
2007-10-17,30.43920901413998,30.494326178553738,30.356531953391162,30.480548858642578,18700
2007-10-18,30.521895720955133,30.521895720955133,30.508115768432617,30.508115768432617,118300
2007-10-19,30.53564661711709,30.618323625323224,30.53564661711709,30.604543685913086,20400
2007-10-22,30.687226544433813,30.701006485290804,30.576989645832885,30.63210678100586,26000
2007-10-23,30.7285637387498,30.7285637387498,30.61832684014887,30.63210678100586,6200
2007-10-24,30.83880063735073,30.83880063735073,30.61832684014887,30.63210678100586,13000
2007-10-25,30.57699962610327,30.618336833911634,30.535659790039062,30.535659790039062,15000
2007-10-26,30.56321144104004,30.590771324319483,30.508091674481147,30.56321144104004,14600
2007-10-29,30.549431499400313,30.56321144104004,30.52187161612087,30.56321144104004,10700
2007-10-30,30.56321144104004,30.56321144104004,30.52187161612087,30.56321144104004,21900
2007-10-31,30.453000381801637,30.82505123707031,30.41166052179711,30.439220428466797,16500
2007-11-01,30.538735518659422,30.621682907026035,30.511085510253906,30.511085510253906,12700
2007-11-02,30.46962283651873,30.621692657470703,30.46962283651873,30.621692657470703,8300
2007-11-05,30.6216741713442,30.6216741713442,30.497251805864245,30.538726806640625,20500
2007-11-06,30.580201807417,30.580201807417,30.37282944038429,30.538726806640625,11700
2007-11-07,30.580204312317207,30.732274053921977,30.359006926906876,30.455781936645508,14800
2007-11-08,30.414306932471806,30.455781936645508,30.345184562365038,30.455781936645508,10100
2007-11-09,30.41431182194775,30.441961829175295,30.359011807492656,30.428136825561523,14200
2007-11-12,30.41432217377997,30.41432217377997,30.303724744076614,30.35902214050293,6400
2007-11-13,30.359041458660457,30.801434095829215,30.27609399281424,30.400516510009766,23600
2007-11-14,30.400511842145928,30.746129306431605,30.400511842145928,30.469636917114258,16700
2007-11-15,30.469613134495564,30.511085510253906,30.44196312609005,30.511085510253906,14000
2007-11-16,30.552560806274418,30.690808212734474,30.48343578461941,30.552560806274414,32600
2007-11-19,30.538709946814016,30.649307250976562,30.441937635277757,30.649307250976562,9300
2007-11-20,30.538726806640625,30.925818903339284,30.414304441160667,30.538726806640625,17000
2007-11-21,30.663167683285298,30.663167683285298,30.607867648865838,30.621692657470703,16800
2007-11-23,30.621657265723996,30.649307250976562,30.621657265723996,30.649307250976562,2800
2007-11-26,30.74611681050921,30.856714248657227,30.69081940986066,30.856714248657227,17400
2007-11-27,30.87053498012394,30.87053498012394,30.64934013448015,30.70463752746582,26100
2007-11-28,30.759929725374455,32.68156044644858,30.5525599399891,30.690807342529297,18800
2007-11-29,30.82906422990749,31.16085918120247,30.69081940986066,30.856714248657227,27700
2007-11-30,30.718459075191635,30.732284081093617,30.676986694335938,30.676986694335938,7700
2007-12-03,30.91553500712237,30.91553500712237,30.721357581344858,30.804574966430664,14100
2007-12-04,30.846184744968294,30.860054749948315,30.72135734558106,30.721357345581055,17900
2007-12-05,31.026501032452515,31.026501032452515,30.749106144431362,30.79071617126465,6500
2007-12-06,30.91554572915334,30.91554572915334,30.707498226134994,30.87393569946289,26800
2007-12-07,31.2622810764772,31.2622810764772,30.582663970090042,30.735231399536133,43100
2007-12-10,30.72138000971921,30.749120040143954,30.554945118040553,30.707509994506836,12900
2007-12-11,30.735236135486936,30.846193561608654,30.735236135486936,30.79071617126465,21700
2007-12-12,30.776855430170738,30.887812889705135,30.69363535144406,30.846202850341797,100500
2007-12-13,30.665884010933347,32.718597400602135,30.65201400412613,30.735231399536133,45900
2007-12-14,30.665879971093926,32.51054830650948,30.51331256174665,30.721357345581055,22800
2007-12-17,30.929410969841516,30.929410969841516,30.527191292187926,30.79071617126465,17900
2007-12-18,30.776854978507945,31.08198732639097,30.6242874818492,30.818462371826172,53600
2007-12-19,30.846213493839187,30.94330097375254,30.735255996018864,30.915563583374023,26100
2007-12-20,30.887805709359707,31.012633152997157,30.832325669772445,30.87393569946289,15600
2007-12-21,30.73523756001233,30.846194991276732,30.73523756001233,30.832324981689453,5800
2007-12-24,30.74910825582544,30.901675719256524,30.735238245928624,30.87393569946289,7100
2007-12-26,30.776847588774167,30.873935010451294,30.610410119160644,30.832324981689453,14900
2007-12-27,30.83235064971647,30.901700755387047,30.818480628582357,30.88783073425293,13400
2007-12-28,33.48141894305043,33.48141894305043,30.87808340676444,31.00337791442871,22100
2007-12-31,30.864140772402276,31.045120131192846,30.864140772402276,30.98943519592285,14700
2008-01-02,31.991790973798945,31.991790973798945,30.989438145558893,31.12865447998047,53500
2008-01-03,31.045123027876866,31.198261260986328,30.975516188462045,31.198261260986328,19400
2008-01-04,31.156495081598088,31.365320907269755,31.100810141994803,31.240026473999023,42600
2008-01-07,31.184329792517513,31.28178039992593,31.114722974462904,31.267858505249023,14600
2008-01-08,31.26788246241704,31.337491989135742,31.19827559103028,31.337491989135742,18700
2008-01-09,32.103165576628776,32.103165576628776,31.18434142776816,31.476696014404297,29800
2008-01-10,31.476713690597418,31.476713690597418,31.323575361346695,31.434947967529297,17300
2008-01-11,31.434930314790307,31.532380958558722,31.40708651504765,31.476696014404297,16500
2008-01-14,31.42100841491898,31.476696014404297,31.323557771150565,31.476696014404297,34300
2008-01-15,31.476692091019405,31.629827659854794,31.476692091019405,31.61590576171875,18200
2008-01-16,31.560216428109115,31.699432734745933,31.50452884332231,31.60198211669922,59000
2008-01-17,31.518459636722305,31.782970428466797,31.212185799928804,31.782970428466797,535900
2008-01-18,31.671593354262935,31.685515252398982,31.53237702823303,31.61590576171875,28700
2008-01-22,31.504514746997675,31.810791015625,31.448829842456618,31.810791015625,56000
2008-01-23,31.810781620010186,31.894310279815294,31.713331074349522,31.727252960205078,31400
2008-01-24,31.769055153088715,31.810820862178,31.615916875092818,31.643760681152344,42000
2008-01-25,31.574124310401583,31.671574885195696,31.393142395501933,31.42098617553711,22400
2008-01-28,31.574150249233046,31.574150249233046,31.44885579147171,31.56022834777832,17800
2008-01-29,31.407082654443162,31.6298277143425,31.407082654443162,31.54629898071289,51700
2008-01-30,31.462761708848294,31.67158481391805,31.128644209670718,31.393152236938477,76200
2008-01-31,31.351379380778177,31.4349080655547,31.26784804067264,31.42098617553711,49300
2008-02-01,31.43078397188223,31.472652761062257,31.263300828999377,31.458698272705078,18900
2008-02-04,31.388900487893054,31.40285763295409,31.053936992587932,31.33307456970215,35500
2008-02-05,31.374940186460915,31.598249160865745,31.374940186460915,31.542423248291016,16800
2008-02-06,31.514513847221053,31.542428138862935,31.416816488527836,31.528470993041992,20100
2008-02-07,31.5005261081012,31.54239750489854,31.263260183684523,31.444700241088867,21800
2008-02-08,31.388897091424944,31.584291777030078,31.33307117927474,31.570337295532227,45900
2008-02-11,31.598248920580865,31.65407749478401,31.44472566562809,31.570337295532227,46800
2008-02-12,31.444725904745525,31.598249160865745,31.137674068399168,31.542423248291016,48000
2008-02-13,31.388912520647956,31.472652761062257,31.34704106941368,31.458698272705078,13900
2008-02-14,31.291215129822227,31.458698272705078,31.277257979410802,31.458698272705078,39900
2008-02-15,31.15163075612544,31.291199528598987,30.984150358799514,31.221416473388672,40300
2008-02-19,31.17955531255723,31.20746960865658,30.495671030445916,31.137683868408203,41100
2008-02-20,31.053948023210413,31.13768826126862,30.900422035058554,31.0958194732666,22600
2008-02-21,31.02601488073873,31.137669351025433,30.63522556576155,30.984146118164062,32200
2008-02-22,30.928323504511503,31.05393514051604,30.87249758965008,30.95623779296875,50500
2008-02-25,30.830625355634353,30.900408412910643,30.411921687870628,30.565444946289062,44400
2008-02-26,30.537534812413064,31.123721624249903,30.425880308351445,30.635234832763672,11400
2008-02-27,30.495657870141805,30.858535576673255,30.27234892182286,30.300260543823242,57500
2008-02-28,30.202583079448292,30.244454533071572,30.021145437856216,30.063016891479492,57100
2008-02-29,29.9932181466246,30.0211324369516,28.597535574913525,29.741994857788086,105000
2008-03-03,29.92404743475995,30.722208278741014,29.728006008099037,30.4981632232666,106800
2008-03-04,30.45612859017458,31.00223762747216,29.994035711501503,30.176071166992188,122700
2008-03-05,30.35812133984171,30.848220689476506,30.302108764648438,30.302108764648438,67600
2008-03-06,30.484150356908703,31.548365366617475,30.30211213809138,30.722198486328125,1223700
2008-03-07,30.680190168104712,30.932241452064996,30.54016138025711,30.862228393554688,167400
2008-03-10,31.128277601444815,31.646383272771615,30.106072074337813,30.988248825073242,63900
2008-03-11,31.254304128489864,31.254304128489864,30.176085991614045,30.596172332763672,140900
2008-03-12,30.792220107091353,31.310325946112194,30.414143089764867,30.54016876220703,76100
2008-03-13,30.526144595601295,30.722185879329366,30.414122149539164,30.652170181274414,103800
2008-03-14,30.52615348702167,30.80621101916287,30.246098625707038,30.56816291809082,42100
2008-03-17,30.666182946284835,30.666182946284835,30.274105597416337,30.470144271850586,73000
2008-03-18,30.792197525338207,30.974235661289754,30.680175084300977,30.890216827392578,87500
2008-03-19,30.63815689994773,30.96022366273972,30.41411208198586,30.526134490966797,55200
2008-03-20,30.582166061780537,30.80621101916287,29.573963753560044,30.56816291809082,75200
2008-03-24,30.42813847142948,30.932241032512607,30.42813847142948,30.62417984008789,73900
2008-03-25,30.470155686773662,30.62418765772022,30.470155686773662,30.54016876220703,43400
2008-03-26,31.12827973034407,31.12827973034407,30.26010606495307,30.62417984008789,63600
2008-03-27,30.91825274431757,30.91825274431757,30.344136849787642,30.638195037841797,54400
2008-03-28,31.058253217515755,31.058253217515755,30.484137847594116,30.652170181274414,45700
2008-03-31,30.862220981215597,30.862220981215597,30.49814728858409,30.666179656982422,216000
2008-04-01,30.910545258468062,30.910545258468062,30.362835414799633,30.64371109008789,233800
2008-04-02,30.629667644554072,30.685844388161684,30.152176038507633,30.58753776550293,60100
2008-04-03,30.812231283727133,31.275678582056017,30.447090582217427,30.531352996826172,83100
2008-04-04,30.742007836160262,30.812228741418526,30.629657066400682,30.756052017211914,364000
2008-04-07,30.854380031085256,30.910556794300803,30.67181090794574,30.8122501373291,56300
2008-04-08,30.868402786971497,30.8964911490748,30.573483020847714,30.756052017211914,77300
2008-04-09,30.896500822603453,31.03693999843709,30.812238388565063,31.02289581298828,56200
2008-04-10,30.910549209884863,31.2335574831523,30.910549209884863,31.107162475585938,75900
2008-04-11,30.896487603697018,31.13523329687172,30.896487603697018,31.12118911743164,36800
2008-04-14,31.121213907243845,31.289741516113278,31.02290725150979,31.28974151611328,89900
2008-04-15,31.191434472597617,31.24761123923186,31.07908361798481,31.177392959594727,30100
2008-04-16,31.205471419232857,31.303780738018144,31.079076402306818,31.19142723083496,36400
2008-04-17,31.373989768419936,31.373989768419936,31.06502575055516,31.149288177490234,45900
2008-04-18,31.05098156629027,31.163332361755124,30.98076064496583,31.149288177490234,43100
2008-04-21,31.121184933165946,31.135229110717773,31.022878368956103,31.135229110717773,47200
2008-04-22,31.12119980896046,31.163332361755124,31.093111440430683,31.149288177490234,48900
2008-04-23,31.261640486238967,31.261640486238967,31.065027254321574,31.09311294555664,52800
2008-04-24,31.093114061577857,31.135246617924295,30.910545008052264,31.02289581298828,58500
2008-04-25,31.02290725681423,31.02290725681423,30.770117182794593,30.8262939453125,66500
2008-04-28,30.994809317290944,31.388038497684782,30.840325946662176,30.924591064453125,40600
2008-04-29,31.107141314938296,31.107141314938296,30.8262657948103,30.9105281829834,69100
2008-04-30,31.03693999843709,31.065028369334716,30.910545008052264,31.02289581298828,45100
2008-05-01,31.052494195345858,31.094759934061297,30.798889013882658,30.925691604614258,166800
2008-05-02,30.96794712909902,31.122928619384766,30.798878855416167,31.122928619384766,53500
2008-05-05,31.22155075637484,31.22155075637484,30.9538562004784,31.038393020629883,54900
2008-05-06,31.066568929633252,31.122926809110638,30.967945327839434,30.996124267578125,53500
2008-05-07,30.96794745254368,31.01021586505174,30.798879177094992,30.883413314819336,66700
2008-05-08,31.066572978801844,31.080662450507592,30.99612830756507,31.024307250976562,73900
2008-05-09,31.165200739191828,31.221555941360133,31.03839817519804,31.108842849731445,55200
2008-05-12,31.23563821603997,31.334261812577548,31.066567273910223,31.165193557739258,78900
2008-05-13,31.193357829580048,31.23562622070313,31.108823734624313,31.235626220703125,36000
2008-05-14,31.235641137749422,31.235641137749422,31.13701753198682,31.19337272644043,53400
2008-05-15,31.20746074714871,31.24972915649414,31.165195025094864,31.24972915649414,40900
2008-05-16,31.292002280423276,32.038728231741835,31.23564707525724,31.362449645996094,49100
2008-05-19,31.432876825073784,31.54558985994886,31.30607432492798,31.461055755615234,52700
2008-05-20,31.658320519525272,31.658320519525272,31.23564707525724,31.362449645996094,86500
2008-05-21,31.32017775446042,31.39062511222336,31.193375197779048,31.263822555541992,67700
2008-05-22,31.26382546580706,31.306091197107303,31.08066500586542,31.292001724243164,50300
2008-05-23,31.19336715771351,31.404706489237867,31.19336715771351,31.34834861755371,28000
2008-05-27,31.26382546580706,31.292001724243164,31.151112370186116,31.292001724243164,57500
2008-05-28,31.27790809605776,31.27790809605776,31.13701608553124,31.24972915649414,54100
2008-05-29,31.080663905001252,31.15111126682673,31.024308702832943,31.108842849731445,46400
2008-05-30,31.038391022964813,31.16519355773926,30.99612261560951,31.165193557739258,32200
2008-06-02,31.1920392885107,31.319238578692463,31.16377218053702,31.220306396484375,22900
2008-06-03,31.262716871578725,31.305114851147867,31.192049079462436,31.29098129272461,37500
2008-06-04,31.319265479305056,31.319265479305056,31.206199645996097,31.206199645996094,60200
2008-06-05,31.206176451056358,31.31924220032576,31.14964492427171,31.248577117919922,42500
2008-06-06,31.078983307777005,31.347515526417638,31.078983307777005,31.29098129272461,40700
2008-06-09,31.06484552316171,31.19204483596567,31.036578410160775,31.135513305664062,14500
2008-06-10,31.14964908293769,31.24858128979395,30.994182646049016,31.093114852905273,58500
2008-06-11,31.14966661718307,31.163797486945022,31.036598093471618,31.050731658935547,46700
2008-06-12,31.00828970540273,31.09308828228621,30.85282340136789,30.95175552368164,54300
2008-06-13,30.994174974048054,30.994174974048054,30.768043501293743,30.8811092376709,23800
2008-06-16,30.711516976356737,30.980049178388565,30.654985441860834,30.86698341369629,66400
2008-06-17,30.86700666177522,30.909407366357406,30.697406539148986,30.72567367553711,42200
2008-06-18,30.810445335381385,30.852846002732964,30.65498161315918,30.65498161315918,30200
2008-06-19,30.753919706565974,30.838718361833436,30.598453258825085,30.73978614807129,39200
2008-06-20,30.598466873168945,30.640867567518576,30.38646879282449,30.598466873168945,49200
2008-06-23,30.570190591917388,30.570190591917388,29.60913273568409,29.821130752563477,205700
2008-06-24,30.315773701159678,30.400572310343993,30.132040236277955,30.329904556274414,24900
2008-06-25,30.273384368940935,30.386450122032116,30.174452171948676,30.34404945373535,22700
2008-06-26,30.20273195210949,30.527795791625977,30.20273195210949,30.527795791625977,29200
2008-06-27,30.541914291268785,30.541914291268785,30.372314326288166,30.499513626098633,23100
2008-06-30,30.471257457130374,30.73978970822841,30.471257457130374,30.669124603271484,48100
2008-07-01,30.598236145100575,30.810920286235458,30.48480442286693,30.740026473999023,40000
2008-07-02,30.924334673357297,30.924334673357297,30.697471356061733,30.754188537597656,40900
2008-07-03,30.95268798916908,30.95268798916908,30.711645417568,30.825077056884766,26300
2008-07-07,31.10866937626336,31.10866937626336,30.924341201782227,30.924341201782227,40000
2008-07-08,31.00943030528373,31.051965514252778,30.839281356130144,30.938533782958984,14000
2008-07-09,31.06611614807977,31.108654022216797,30.938505230091994,31.108654022216797,17000
2008-07-10,31.10866369105942,31.10866369105942,30.881800367330793,31.080305099487305,32600
2008-07-11,31.10866937626336,31.10866937626336,30.796730220810563,30.924341201782227,19800
2008-07-14,31.122829737322668,31.775060839270456,30.669100578601565,31.05193328857422,79900
2008-07-15,30.995234258016577,31.193739004447274,30.995234258016577,31.1795597076416,44300
2008-07-16,31.122865676879883,31.165400890824085,31.03778984013925,31.122865676879883,20100
2008-07-17,31.151200388145956,31.151200388145956,30.867622571913504,30.9952335357666,19400
2008-07-18,31.051960960558617,31.051960960558617,30.697486514195102,30.768383026123047,19200
2008-07-21,30.72582512573243,30.952688407431555,30.72582512573243,30.9101505279541,11200
2008-07-22,30.96688438445769,30.96688438445769,30.59823067697306,30.853452682495117,35800
2008-07-23,30.740016692854763,30.782551884892147,30.612405707893164,30.626585006713867,27800
2008-07-24,30.65493834126638,30.75419071154612,30.470610192668925,30.697473526000977,19000
2008-07-25,30.683300087667615,30.7400172840412,30.498974608303016,30.66912078857422,12200
2008-07-28,30.68329422961469,30.768370007932408,30.555683266562383,30.697473526000977,24900
2008-07-29,30.768372176159573,30.8109073638916,30.654940501500093,30.8109073638916,20700
2008-07-30,30.740025071929818,30.839277486304102,30.626593354869858,30.79673957824707,53500
2008-07-31,30.82508666127709,30.82508666127709,30.71165498661761,30.8109073638916,24400
2008-08-01,28.50780209329156,30.911901104625684,28.50780209329156,30.88344955444336,14600
2008-08-04,30.812323392276706,30.954578429899172,30.556264867214097,30.88344955444336,31100
2008-08-05,30.983043343654668,30.983043343654668,30.76965933853982,30.869239807128906,43200
2008-08-06,30.883450659509226,30.96880531311035,30.798098719197366,30.96880531311035,64300
2008-08-07,30.897686363851268,30.968815264708947,30.82656017628372,30.926137924194336,42700
2008-08-08,30.96880186993168,31.039928026735396,30.84077261705383,30.99725341796875,21000
2008-08-11,31.03993493525563,31.05416071244038,30.88345409951296,30.940357208251953,29900
2008-08-12,30.968835410691405,31.082639012805576,30.89770646356261,31.02573585510254,83200
2008-08-13,30.983050471913497,31.239106453039412,30.84079534020513,31.08262825012207,60500
2008-08-14,31.054180864339973,31.167984442378625,31.054180864339973,31.125307083129883,25700
2008-08-15,31.139519813748947,31.253323344073443,31.08261940523179,31.22487449645996,41800
2008-08-18,31.367128072046675,31.381353853041674,31.167972564697262,31.167972564697266,44400
2008-08-19,31.367124865480438,31.466705322265625,31.21064671711231,31.466705322265625,87100
2008-08-20,31.38135564158863,31.42403298700598,31.253326318627032,31.409807205200195,22500
2008-08-21,31.381342667905496,31.395568443830054,31.295990725647467,31.352893829345703,16900
2008-08-22,31.35291207676833,31.46671563710925,31.3102347241564,31.452489852905273,137300
2008-08-25,31.39557606457708,31.43825340270996,31.310224101601303,31.43825340270996,44600
2008-08-26,31.409801843954707,31.45247918208759,31.310224101601303,31.43825340270996,65300
2008-08-27,31.33866805342114,31.367116891980938,31.310216501572025,31.352893829345703,23800
2008-08-28,31.32444917774542,31.352900735861937,31.281771840570645,31.295997619628906,46900
2008-08-29,31.367123801630274,31.409801138805047,31.25332028245413,31.295997619628906,42800
2008-09-02,31.311695098876953,31.397323400515646,31.011991960029587,31.311695098876953,33400
2008-09-03,31.38303994886784,31.48294005082065,31.297411678918802,31.45439910888672,33900
2008-09-04,31.468666020830675,31.568568837879216,30.969165545955136,31.354494094848633,95300
2008-09-05,31.383040615185124,31.61138448794644,31.383040615185124,31.59711265563965,56600
2008-09-08,31.554335230930143,31.68277914351256,31.183275341478353,31.582876205444336,21200
2008-09-09,31.568578108181633,31.754106521606445,31.468675261796022,31.754106521606445,32700
2008-09-10,31.639935592987168,31.754107556216432,31.425863502191582,31.62566375732422,49900
2008-09-11,31.554302252425828,31.76837430897009,31.554302252425828,31.668474197387695,35100
2008-09-12,31.711312239511642,31.75412777376072,31.482968167668663,31.611412048339844,57100
2008-09-15,31.126146614111907,31.953893661499023,31.111874784768823,31.953893661499023,67200
2008-09-16,31.126155957871543,31.468671798706055,31.126155957871543,31.468671798706055,58800
2008-09-17,31.268893485630716,31.397337356217673,29.156709625874274,29.27088165283203,116200
2008-09-18,29.54206072514479,30.826497556221167,29.54206072514479,30.469709396362305,88700
2008-09-19,30.783653901332762,31.96818940207413,29.470674562504666,30.82646942138672,107800
2008-09-22,31.854025129276625,31.854025129276625,29.91309796931721,30.070085525512695,57800
2008-09-23,30.12717166242515,30.769388260165638,29.770383756321873,29.998727798461914,36400
2008-09-24,30.070071109115293,30.62665912758218,28.89980772563389,29.970170974731445,42700
2008-09-25,29.927343004450645,30.38403342046329,29.613370895385742,29.613370895385742,50100
2008-09-26,29.12815903004177,30.455410229927608,29.11388718979754,30.312694549560547,40000
2008-09-29,29.727551683843895,29.89881098117858,27.544009933716097,29.342220306396484,125300
2008-09-30,29.170962908196756,29.627650725440102,28.942618999575085,29.442119598388672,34400
2008-10-01,29.286031505606303,29.687012080965506,29.214425880381224,29.414918899536133,57000
2008-10-02,30.331440855271463,30.93291428727166,29.515156068587174,29.90181541442871,56100
2008-10-03,30.173927559369506,30.918609874066185,29.672698973266893,30.045040130615234,110100
2008-10-06,29.30037074783308,30.66084854892814,29.30037074783308,30.57492446899414,162700
2008-10-07,30.059352504501415,30.1309581282181,29.51516342163086,29.51516342163086,75300
2008-10-08,30.145283362320495,30.288491910776767,28.99962043762207,28.99962043762207,71800
2008-10-09,29.801571802529235,29.801571802529235,28.52702199976623,28.92800521850586,66700
2008-10-10,28.541346757539188,28.928008903636897,27.581853319893977,28.269250869750977,48800
2008-10-13,27.725056365396206,28.35516929626465,24.345348313662917,28.35516929626465,90700
2008-10-14,28.54134703690831,28.94232757917892,27.682098725439012,27.925552368164062,64500
2008-10-15,28.269251146456764,28.269251146456764,26.579396771244667,27.925552368164062,62300
2008-10-16,27.82530724271556,28.283572280605817,26.994701178670695,27.12358856201172,26300
2008-10-17,27.925561941069752,27.925561941069752,27.023352680207715,27.624826431274414,59500
2008-10-20,27.982837000332296,28.11172165278105,27.69641998461816,28.011476516723633,49500
2008-10-21,27.810992986390453,28.641599255542147,27.810992986390453,28.612957000732422,133900
2008-10-22,28.913690729228914,29.343313558844066,28.598631438134156,28.713197708129883,42100
2008-10-23,29.629737058388674,29.644058186694338,29.099866236982816,29.572452545166016,149000
2008-10-24,29.55813002359614,29.973434530456647,29.200110027258102,29.6870174407959,43100
2008-10-27,29.701355544028047,30.002093933204335,28.77050356782239,29.357656478881836,75600
2008-10-28,29.85886323775658,29.85886323775658,28.928011949545656,29.085538864135742,88100
2008-10-29,29.687002533941556,29.687002533941556,28.74183043673028,29.429227828979492,99100
2008-10-30,29.572440761231235,29.644046374226374,29.09985464136269,29.61540412902832,54900
2008-10-31,29.672697109558854,29.815905658232843,29.042583865754708,29.74430274963379,296900
2008-11-03,30.005841720927126,30.005841720927126,29.474130522015432,29.876508712768555,33300
2008-11-04,29.890861339704013,29.97708695484913,29.488486099596454,29.54596710205078,79600
2008-11-05,29.660950944909555,30.020216349730564,29.660950944909555,29.890880584716797,48400
2008-11-06,30.034582040772523,30.135175897968722,29.6896876413954,30.092065811157227,56700
2008-11-07,29.804648797022896,30.350733585000572,29.804648797022896,30.005836486816406,88700
2008-11-10,30.235765852338037,30.3938407042076,30.048946380615234,30.048946380615234,42300
2008-11-11,30.25015409899555,30.40823179660705,30.22141494204839,30.37948989868164,55300
2008-11-12,30.25015501761707,30.436974618827225,29.962744252569788,30.393861770629883,108800
2008-11-13,30.379483509003638,30.408225400883804,30.10644375907511,30.29326057434082,52700
2008-11-14,30.1639357175675,30.609424239012498,30.1639357175675,30.45134925842285,154500
2008-11-17,30.451329017957722,30.551922868100526,30.207028492906552,30.50881004333496,73900
2008-11-18,30.48007377306697,30.580670382711496,30.30762792420248,30.566299438476562,30500
2008-11-19,30.523185346181126,30.537556289823016,30.336368560791016,30.336368560791016,40400
2008-11-20,30.55191613330325,30.55191613330325,30.106428006168898,30.12079620361328,83500
2008-11-21,30.336372686791357,30.465708456181886,30.235778808593746,30.23577880859375,62700
2008-11-24,29.977111225688645,30.336376690077138,29.890885540731272,30.14955711364746,100000
2008-11-25,30.192669956126146,30.221411851111938,29.977111225688645,30.14955711364746,57600
2008-11-26,30.35075859593452,30.365126807637193,29.761560499903357,30.034603118896484,73600
2008-11-28,30.135192677150044,30.494458219161277,29.517258247312714,30.221418380737305,11100
2008-12-01,30.13632349493247,30.208421614096828,29.90561501413058,30.049808502197266,62500
2008-12-02,30.150746520712243,30.150746520712243,29.84794263684228,29.96329689025879,70800
2008-12-03,30.06424361904913,30.121919393840667,29.530728263344304,30.00656509399414,102600
2008-12-04,29.819123857056287,29.905638918946558,29.199093287936833,29.732608795166016,92400
2008-12-05,29.73259757383301,29.73259757383301,29.227921527790993,29.68933868408203,61000
2008-12-08,29.58840485040504,29.602824480724326,29.083728790283203,29.083728790283203,73900
2008-12-09,29.415351148081417,29.415351148081417,28.997193166822264,29.19906234741211,55300
2008-12-10,29.285589147899266,29.343267651517053,29.126978763475204,29.30000877380371,78800
2008-12-11,29.112566865343776,29.343275440530412,29.112566865343776,29.271177291870117,118300
2008-12-12,29.17022769638522,29.18464731873321,28.853004255514612,28.896263122558594,96200
2008-12-15,29.054865834422706,29.15580041407887,28.69438362121582,28.69438362121582,103100
2008-12-16,28.766502380371094,29.06930633687923,28.679984606857623,28.766502380371094,230400
2008-12-17,28.982798532852783,29.646085126760443,28.824185325499347,29.602828979492188,185700
2008-12-18,29.790268123906007,30.10749167571191,29.300011793675154,30.093074798583984,268500
2008-12-19,30.179586761554845,30.36703639815685,29.948878247154337,30.280521392822266,124000
2008-12-22,30.280525544712344,30.51123409074627,30.078656254498362,30.381460189819336,157000
2008-12-23,30.439136777365537,30.55449104309082,30.049815099194213,30.55449104309082,129500
2008-12-24,30.424709717473696,30.90054629112431,30.424709717473696,30.69867706298828,103900
2008-12-26,31.07360578333105,31.07360578333105,30.424738612257936,30.900575637817383,128900
2008-12-29,30.90634980894534,31.065509841548113,30.64590260676766,31.03657341003418,113800
2008-12-30,30.93526986818113,31.0220873961549,30.761640331817034,30.949739456176758,92400
2008-12-31,30.877411959383384,31.03657475869559,30.645903938452882,30.993165969848633,128400
2009-01-02,30.93527008629435,31.16678073606498,30.747170960608404,30.761640548706055,62800
2009-01-05,31.051018479332736,31.181241989135742,30.790574219517968,31.181241989135742,100500
2009-01-06,31.10893381536097,31.10893381536097,30.848486486037334,30.891895294189453,85500
2009-01-07,31.06548075053796,31.47062077006805,30.993135599810365,31.0799503326416,108600
2009-01-08,31.253589141043403,31.542972564697262,31.210180385589293,31.542972564697266,52800
2009-01-09,31.658730697581245,31.774484634399414,31.45616199809733,31.774484634399414,134100
2009-01-12,31.832349452055304,31.933633758745387,31.528496531985066,31.68765640258789,283400
2009-01-13,31.68766096802313,32.06386184692383,31.6442549787824,32.06386184692383,57500
2009-01-14,32.17961472978376,32.33877737805641,31.89023135813156,32.28089904785156,106800
2009-01-15,32.39666648815707,32.39666648815707,32.00599863516347,32.33879089355469,42700
2009-01-16,32.29538672792964,32.29538672792964,32.03493961564114,32.22304153442383,105400
2009-01-20,32.266427526093985,32.266427526093985,31.875759859853044,32.03491973876953,110000
2009-01-21,31.919202552891257,31.919202552891257,31.571940472545553,31.600879669189453,144200
2009-01-22,31.673200312845555,31.84683259812311,31.60085513719164,31.745548248291016,213100
2009-01-23,31.65873181606675,31.71661016641642,31.29700040575625,31.52851104736328,124000
2009-01-26,31.55744528486384,31.586384458041486,31.21018348610643,31.38381576538086,79200
2009-01-27,31.441688228428855,31.542972564697262,31.296995136706336,31.542972564697266,71200
2009-01-28,31.687656402587887,31.78894070927797,31.34039473974031,31.68765640258789,92800
2009-01-29,31.673210716052065,31.745558675260533,31.514050725378343,31.71661949157715,54000
2009-01-30,31.83236122131348,31.861300393864607,31.60085336048724,31.832361221313477,191800
2009-02-02,31.90057445826377,31.94411582123309,31.508710496205698,31.798980712890625,129900
2009-02-03,31.784462709856935,31.886056441756327,31.566761460326585,31.842517852783203,95200
2009-02-04,31.784478788539776,32.06023532049221,31.755451202392575,31.755451202392578,58400
2009-02-05,31.973160481244527,32.263428084810556,31.85705288617343,32.20537567138672,115900
2009-02-06,32.365041697766806,32.365041697766806,32.00220489501953,32.00220489501953,42200
2009-02-09,32.19084858418963,32.21987616302761,31.958633489930374,32.13279342651367,62500
2009-02-10,32.17633015901229,32.219871520996094,32.13278879702848,32.219871520996094,53800
2009-02-11,32.27793502807617,32.33599019739914,32.13279987299157,32.27793502807617,42500
2009-02-12,32.27794872138348,32.36502874408715,32.24892112440759,32.306976318359375,90600
2009-02-13,32.350490660337876,32.379515464817416,32.26340794223416,32.3650016784668,45400
2009-02-17,32.36498938425735,32.37950316509474,32.1908295506499,32.292423248291016,58200
2009-02-18,32.27794188022237,32.27794188022237,32.14732048973946,32.20537567138672,126600
2009-02-19,32.20535700430827,32.32146453208036,32.103763263535406,32.16181564331055,165300
2009-02-20,32.16179455732664,32.2053358897777,31.915065876543988,32.07471466064453,111500
2009-02-23,32.04570000314039,32.07472756979051,31.813485006381633,31.958620071411133,90800
2009-02-24,31.929616144145847,31.973157526357298,31.79899476573467,31.8570499420166,76700
2009-02-25,31.842532772655307,31.973154137220693,31.842532772655307,31.900585174560547,92300
2009-02-26,31.9296085835556,31.944122374189373,31.740934841761586,31.871553421020508,97400
2009-02-27,31.900603498081782,31.9441449006878,31.769982058488203,31.82803726196289,74100
2009-03-02,31.90374018590632,31.932863390494873,31.612513694704084,31.656198501586914,153900
2009-03-03,31.641638705786765,31.84549837220381,31.539710261249148,31.627077102661133,255300
2009-03-04,31.72900879978878,31.72900879978878,31.423220684253916,31.437782287597656,77500
2009-03-05,31.379528728044974,31.65619357388643,31.379528728044974,31.61250877380371,77100
2009-03-06,31.641638705786765,31.67076191203803,31.4669050229628,31.627077102661133,50400
2009-03-09,31.597947670577373,31.65619128914279,31.466896057128906,31.466896057128906,100100
2009-03-10,31.554286133393,31.59797096252441,31.423234423341828,31.597970962524414,91900
2009-03-11,31.656188355064618,31.714434745572444,31.394085152460924,31.45233154296875,111500
2009-03-12,31.52514913031825,31.583395543693218,31.379535874222693,31.437782287597656,93200
2009-03-13,31.55428695678711,31.612530619805764,31.394112023135307,31.55428695678711,88100
2009-03-16,31.56883420546722,31.56883420546722,31.452344155080848,31.539710998535156,70500
2009-03-17,31.43778202186292,31.583395276727654,31.233925131457394,31.335853576660156,84600
2009-03-18,31.2775882181005,31.45232457356403,31.117416234377423,31.3795166015625,92700
2009-03-19,31.554258712106027,32.32600669203803,31.481453504165934,31.96197509765625,97800
2009-03-20,31.903723541416266,31.903723541416266,31.758110371782987,31.86003875732422,69500
2009-03-23,31.845488165528213,31.86004698664584,31.61250536753233,31.74355697631836,113000
2009-03-24,31.816353857676468,31.845477044423145,31.64161751453636,31.830915451049805,117900
2009-03-25,31.874599127474994,31.874599127474994,31.685303958362148,31.77267074584961,116500
2009-03-26,31.758110967410218,31.77267256238067,31.568815787474847,31.72899055480957,108000
2009-03-27,31.714427146638002,31.80179393412546,31.641619175948367,31.77267074584961,95100
2009-03-30,31.801816035512665,31.830939244028347,31.68532597879197,31.816377639770508,98900
2009-03-31,31.845473496646218,32.180381774902344,31.77266553789077,32.180381774902344,102300
2009-04-01,31.96271486988616,32.02114896068025,31.816635215482542,31.991931915283203,67300
2009-04-02,32.0357729102104,32.05038143994366,31.816650536795752,31.889690399169922,79400
2009-04-03,32.006544395811694,32.03576144482163,31.8458534125482,31.977327346801758,191800
2009-04-06,31.977330568152023,32.050373198035075,31.875073672607186,31.948116302490234,51000
2009-04-07,32.00657272338867,32.021181260823,31.845881597904697,32.00657272338867,50400
2009-04-08,31.99197149682253,32.07961995516447,31.948148660798683,32.035797119140625,86600
2009-04-09,32.03576467205846,32.03576467205846,31.84585662065397,31.948116302490234,62300
2009-04-13,32.06497452877582,32.12340583327911,31.93350061077992,31.991931915283203,121600
2009-04-14,31.918896035073036,32.13801833006525,31.918896035073036,31.977327346801758,106000
2009-04-15,32.06497174618277,32.26948547363281,32.035754703321174,32.26948547363281,98400
2009-04-16,32.2402866088719,32.54706015930623,32.2402866088719,32.53245162963867,199400
2009-04-17,32.488626040636014,32.576274432349194,32.43019470825794,32.53245162963867,115000
2009-04-20,32.649300083872596,32.70773138583207,32.43017782551587,32.69312286376953,118900
2009-04-21,32.766206676756376,32.85385513305664,32.54708414285862,32.85385513305664,72600
2009-04-22,32.64932380110027,32.8538376859581,32.64932380110027,32.795406341552734,88000
2009-04-23,32.75159143913347,32.868456952401374,32.430211974220136,32.517860412597656,155500
2009-04-24,32.48863740808,32.76619399629345,32.444811803743214,32.707759857177734,76800
2009-04-27,32.73697121495644,32.73697121495644,32.57628014671788,32.6201057434082,144200
2009-04-28,32.6639289855957,32.67853751677279,32.48862939776309,32.6639289855957,68700
2009-04-29,32.620096351510384,32.649313407558495,32.45940532953758,32.60548782348633,67500
2009-04-30,32.60551411729975,32.66394827651858,32.459431505546725,32.56169128417969,85000
2009-05-01,32.54847944224174,32.56313465420011,32.416588125008154,32.5045166015625,55100
2009-05-04,32.54848069551619,32.65106718317486,32.41658937320415,32.46055221557617,83800
2009-05-05,32.4751994123464,32.56312787058331,32.46054420344103,32.5191650390625,107100
2009-05-06,32.48987393876703,32.607112884521484,32.37263499301259,32.607112884521484,74800
2009-05-07,32.563136655887256,32.695030776424375,32.44589774820938,32.62175750732422,71000
2009-05-08,32.6217550393479,33.413116907504616,32.38727724173141,32.43124008178711,110700
2009-05-11,32.709668592691955,32.724323797756846,32.533811722302396,32.65105056762695,75600
2009-05-12,32.753658294677734,32.753658294677734,32.680382215466615,32.753658294677734,60300
2009-05-13,32.76829684410232,32.82691488246064,32.60709234702536,32.812259674072266,69100
2009-05-14,32.82692593108219,32.88554678436583,32.709687019711026,32.87089157104492,60100
2009-05-15,32.885552303750664,32.90020751953125,32.76831337270257,32.90020751953125,90200
2009-05-18,32.97348094191786,32.97348094191786,32.4019415000542,32.753658294677734,111600
2009-05-19,32.91485567314676,32.944166100908234,32.76830912473189,32.826927185058594,148800
2009-05-20,32.87087109231552,33.09069356478634,32.812250275552955,33.0760383605957,122000
2009-05-21,33.00276513483689,33.149314381548905,33.00276513483689,33.0760383605957,97000
2009-05-22,33.12002135971286,33.20794983582087,32.900198771844906,33.04674530029297,58100
2009-05-26,33.09071973428568,33.09071973428568,32.90020751953125,32.90020751953125,42200
2009-05-27,32.84155913925183,32.95879797206831,32.72432030643535,32.88552474975586,65600
2009-05-28,32.90018346334096,32.90018346334096,32.60708495243228,32.65105056762695,63500
2009-05-29,32.70968838807306,32.72434360200705,32.50452098338968,32.68037796020508,100000
2009-06-01,32.70979706847857,32.768602543959595,32.415775299072266,32.415775299072266,72100
2009-06-02,32.66567714826638,32.66567714826638,32.35695696344205,32.37165832519531,103800
2009-06-03,32.53336241740884,32.606869214247446,32.41575434646466,32.47455978393555,82900
2009-06-04,32.562770361971204,32.57747172369827,32.44516227215272,32.54806900024414,65500
2009-06-05,32.562767068646686,32.562767068646686,32.34225227303916,32.386356353759766,102600
2009-06-08,32.401061963206644,32.47456597004952,32.34225651453385,32.43046188354492,48600
2009-06-09,32.386362542517666,32.4304638276679,32.16584490077333,32.34225845336914,105900
2009-06-10,32.26875355159279,32.31285483552595,31.98943326935717,32.136444091796875,112000
2009-06-11,31.98943472841638,32.121744194247015,31.930629275159056,32.033538818359375,76700
2009-06-12,32.04821824787309,32.136426375107035,31.93061021555783,31.974714279174805,84200
2009-06-15,32.10703562408156,32.15113970412481,31.989427547963956,32.077632904052734,48100
2009-06-16,32.10704893258369,32.16585159301758,31.98944080771704,32.16585159301758,47300
2009-06-17,32.151151605888124,32.239356994628906,32.077644778605176,32.239356994628906,63500
2009-06-18,32.12174411773067,32.239352219966825,32.04823730133411,32.2099494934082,151200
2009-06-19,32.26875020531747,32.79798518562114,32.0923366758843,32.15114212036133,56700
2009-06-22,32.19525242088997,32.239356516605795,32.07764430297982,32.22465515136719,56800
2009-06-23,32.136443114919004,32.28345112889177,32.136443114919004,32.254051208496094,64200
2009-06-24,32.22464848410229,32.312853853285574,32.03353638353882,32.254051208496094,70400
2009-06-25,32.13642456725912,32.31283520380962,32.06291779869932,32.298133850097656,78300
2009-06-26,32.298133850097656,32.31283520380962,32.209928531822406,32.298133850097656,51500
2009-06-29,32.31283520380962,32.37164061865746,32.209928531822406,32.298133850097656,149700
2009-06-30,32.28345015467575,32.37165832519531,32.209946149907495,32.37165832519531,51600
2009-07-01,32.374586366213855,32.4188322904722,32.138598726187425,32.300838470458984,541200
2009-07-02,32.300841540035336,32.40408579070897,32.24184603101963,32.256595611572266,59600
2009-07-06,32.212367098932056,32.50735326884327,32.212367098932056,32.40410614013672,426100
2009-07-07,32.41885338912955,32.52209769718468,32.241863950519736,32.50735092163086,94500
2009-07-08,32.55161299215537,32.62536097242173,32.40411984482045,32.52211380004883,40500
2009-07-09,32.78759186919208,32.86133982913989,32.64009876249347,32.80234146118164,60300
2009-07-10,32.83184614110645,32.89084170574335,32.65485382080078,32.65485382080078,63100
2009-07-13,32.62533692302114,32.86132465952219,32.62533692302114,32.7728271484375,49700
2009-07-14,32.90558935134686,32.90558935134686,32.669601480380834,32.86134338378906,82400
2009-07-15,32.8465883914986,32.8465883914986,32.713844884248424,32.78759002685547,66200
2009-07-16,32.65484259603545,32.86133403427901,32.65484259603545,32.81708526611328,115200
2009-07-17,32.69909839029523,32.78759313244514,32.684348797737385,32.74334716796875,52900
2009-07-20,32.74334590642041,32.817091053171204,32.654848354483036,32.80234146118164,65600
2009-07-21,32.80234272500298,32.80234272500298,32.71384798285307,32.74334716796875,67700
2009-07-22,32.81708526611328,32.83183485550185,32.72859054297834,32.81708526611328,93600
2009-07-23,32.86134109523434,32.87609068779218,32.74334716796875,32.74334716796875,64900
2009-07-24,32.80234146118164,32.84659023715032,32.74334590642041,32.80234146118164,131000
2009-07-27,32.80234272500298,32.80234272500298,32.669599205179544,32.74334716796875,65900
2009-07-28,32.65482689664027,32.80231990641961,32.59583138064564,32.71382522583008,110800
2009-07-29,32.728605477810625,32.77285145297031,32.625361118174276,32.684356689453125,85500
2009-07-30,32.75809268521295,32.86133982913989,32.6695979464726,32.80234146118164,84400
2009-07-31,32.817085016917126,32.890830150103504,32.75808665981082,32.87608337402344,104600
2009-08-03,32.86278010537037,32.9071702903718,32.77400255755486,32.78879928588867,92600
2009-08-04,32.89234924316406,32.89234924316406,32.80357176098596,32.89234924316406,69500
2009-08-05,32.87756161869381,32.93674850463867,32.773987390476364,32.93674850463867,76400
2009-08-06,32.84797617893284,33.01073449658055,32.83317945511278,32.862770080566406,58100
2009-08-07,32.83318852469132,32.92196606994841,32.80359506887654,32.907169342041016,153700
2009-08-10,32.95152282714844,32.95152282714844,32.86274255858002,32.95152282714844,98400
2009-08-11,32.84796670367457,32.95154091835171,32.84796670367457,32.92194747924805,47400
2009-08-12,32.99593736581133,32.99593736581133,32.84797577380855,32.966346740722656,82400
2009-08-13,32.89235549874746,32.99592971801758,32.84796816030931,32.99592971801758,60400
2009-08-14,33.01072311401367,33.040316551449564,32.907148905173585,33.01072311401367,102800
2009-08-17,33.055117102001724,33.084710542868166,32.981136322021484,32.981136322021484,108600
2009-08-18,33.069920542683796,33.14390133769792,32.99593692548324,33.12910461425781,71900
2009-08-19,33.158696684549874,33.203086853027344,33.06991916978125,33.203086853027344,81700
2009-08-20,33.188284356311385,33.20308107656297,33.14389419555664,33.14389419555664,74100
2009-08-21,33.11430651607241,33.232677476492675,33.08471589260707,33.203086853027344,282700
2009-08-24,33.217883575853165,33.217883575853165,33.12910323889823,33.203086853027344,89700
2009-08-25,33.21787877901064,33.21787877901064,33.14389517556517,33.17348861694336,89100
2009-08-26,33.143892836102836,33.23267033178514,33.143892836102836,33.21787643432617,74500
2009-08-27,33.129092795743546,33.26226043701172,33.129092795743546,33.26226043701172,86300
2009-08-28,33.20307454853386,33.41022294695709,33.17348111384904,33.32144546508789,96400
2009-08-31,33.35104937575395,33.35104937575395,33.29186248779297,33.29186248779297,80700
2009-09-01,33.351231232938595,33.46997159945709,33.27701956548715,33.45513153076172,87700
2009-09-02,33.410605451363224,33.588714599609375,33.36607674880475,33.588714599609375,110200
2009-09-03,33.57385955606254,33.662914090467964,33.49964508489751,33.63322830200195,89200
2009-09-04,33.648082820853965,33.662925720214844,33.54418535632141,33.662925720214844,83000
2009-09-08,33.633239921493086,33.67776861957572,33.573871155043165,33.662925720214844,129700
2009-09-09,33.58871511548791,33.677772521972656,33.58871511548791,33.677772521972656,91400
2009-09-10,33.6777533147863,33.82617940994954,33.61838174432409,33.811336517333984,82300
2009-09-11,33.811355296724905,33.93009567260742,33.73714079242716,33.93009567260742,114400
2009-09-14,33.9152519615102,33.98946363304115,33.8558803594904,33.95977783203125,86000
2009-09-15,33.85588116830968,33.94493857346697,33.85588116830968,33.93009567260742,92700
2009-09-16,33.9746208190918,33.9746208190918,33.85588044574349,33.9746208190918,115800
2009-09-17,33.9004087712688,34.09336081419645,33.88556587089071,34.07851791381836,114400
2009-09-18,34.10819262686266,34.13787841796875,33.989452293431185,34.13787841796875,101300
2009-09-21,34.18240719621492,34.212090156407676,34.13787850943648,34.1527214050293,56600
2009-09-22,34.18242605189462,34.28632354736328,34.152740244333735,34.28632354736328,82200
2009-09-23,34.30116199165285,34.34568786621094,34.21210458054854,34.34568786621094,66200
2009-09-24,34.27148064358284,34.375378139051506,34.2566377398024,34.28632354736328,57500
2009-09-25,34.39020166024919,34.40504455566406,34.28630422333792,34.40504455566406,75800
2009-09-28,34.449558451653495,34.49408712243985,34.375346831334745,34.479244232177734,67100
2009-09-29,34.464405250045054,34.50893392588079,34.301139100631694,34.49409103393555,160800
2009-09-30,34.4792481419903,34.62767423045059,34.419879405201485,34.49409103393555,239700
2009-10-01,34.555145263671875,34.599810413432216,34.40626711047489,34.555145263671875,429900
2009-10-02,34.54025153443889,34.61469059339616,34.45092125608846,34.49558639526367,45100
2009-10-05,34.55512787859438,34.58490463012025,34.4360237121582,34.4360237121582,100400
2009-10-06,34.465810019019585,34.57002583858572,34.45092163912898,34.510475158691406,67700
2009-10-07,34.51048912744379,34.51048912744379,34.287169018028,34.42116165161133,83100
2009-10-08,34.36161602437389,34.39139280306794,34.09363069546721,34.24251174926758,100700
2009-10-09,34.09361040861877,34.24249137382994,33.6469703526535,33.92984390258789,148700
2009-10-12,33.97450964216672,34.07872547645937,33.82562866189071,33.91495895385742,67900
2009-10-13,33.84051725706831,33.98939823828221,33.70652465794265,33.73630142211914,84800
2009-10-14,33.67675468285235,33.840521225691575,33.200334919162366,33.28966522216797,243400
2009-10-15,33.215219407704744,33.73630142211914,32.977010973629916,33.73630142211914,204400
2009-10-16,33.72141308497105,33.780966613403386,33.51298141479492,33.51298141479492,152200
2009-10-19,33.6618537902832,33.751181220425906,33.49808446863175,33.6618537902832,133000
2009-10-20,33.54276609557248,33.840525289003914,33.51298932432858,33.751197814941406,162700
2009-10-21,33.73627393229588,33.75116230225242,33.58739307239676,33.70649719238281,106300
2009-10-22,33.60230084055342,33.721405029296875,33.60230084055342,33.721405029296875,109500
2009-10-23,33.73629704937396,33.73629704937396,33.57252770729885,33.6767463684082,91700
2009-10-26,33.73632268162843,33.751211073098844,33.453448923031225,33.63210678100586,129600
2009-10-27,33.69163190889852,33.69163190889852,33.45342350569918,33.6767463684082,96000
2009-10-28,33.691657507217194,33.721434290158015,33.48322570597205,33.63210678100586,119300
2009-10-29,33.52789088038329,33.646995172476274,33.43856053156082,33.63210678100586,89700
2009-10-30,33.587421797974265,33.66186371142324,33.43854081074497,33.60231018066406,119200
2009-11-02,33.61724902699707,33.61724902699707,33.33349535290861,33.572444915771484,122200
2009-11-03,33.37830688310967,33.61725649908372,33.37830688310967,33.58738708496094,82700
2009-11-04,33.497774166460715,33.587379540196814,33.36336468160482,33.40816879272461,93200
2009-11-05,33.60231018066406,33.632179584465405,33.438031308259816,33.60231018066406,86800
2009-11-06,33.57244409785602,33.676984172998715,33.45296931933532,33.647117614746094,85700
2009-11-09,33.617248207990066,33.647117614746094,33.51270813284737,33.647117614746094,56500
2009-11-10,33.617244882564734,33.632179584465405,33.438031308259816,33.60231018066406,109600
2009-11-11,33.4977773918507,33.66205629993765,33.4977773918507,33.63218688964844,52200
2009-11-12,33.61725997924805,33.64712939646301,33.587390562033086,33.61725997924805,98100
2009-11-13,33.662044525146484,33.87112462702849,33.5873710255438,33.662044525146484,89100
2009-11-16,33.676984172998715,33.72178828313276,33.60231350461205,33.647117614746094,88900
2009-11-17,33.72177934850728,33.766583446770426,33.6471086999047,33.67697525024414,78400
2009-11-18,33.64711914913642,33.76659393310547,33.64711914913642,33.76659393310547,92200
2009-11-19,33.766580572689165,33.85618591308594,33.691907081939846,33.85618591308594,75500
2009-11-20,33.8860521196733,33.90098681641736,33.78151209096708,33.796443939208984,59000
2009-11-23,33.8711285678651,33.90099797118142,33.81138976123247,33.826324462890625,63200
2009-11-24,33.85620448692747,33.91594046379625,33.826335074241086,33.90100860595703,76000
2009-11-25,33.915933157847455,33.96073726722561,33.871131896972656,33.871131896972656,65400
2009-11-27,33.87113011804484,33.96073548359168,33.87113011804484,33.94580078125,30500
2009-11-30,33.960742619070096,34.0204814409885,33.9159385026313,33.9906120300293,62600
2009-12-01,33.992088946294714,34.08197467282797,33.947144654320226,34.02204895019531,88500
2009-12-02,34.03704609701667,34.1868576153561,34.03704609701667,34.06700897216797,140600
2009-12-03,34.18683783188508,34.23178211860336,34.11193354477001,34.216800689697266,86900
2009-12-04,34.14192573020521,34.24679296521252,34.14192573020521,34.2318115234375,66200
2009-12-07,34.23179084112183,34.29171371459961,34.18684654295141,34.29171371459961,93600
2009-12-08,34.201838776548854,34.30670598131391,34.186857339094274,34.26176452636719,90900
2009-12-09,34.246788634882655,34.29173009710726,34.186862875359864,34.27674865722656,56100
2009-12-10,34.231802772259975,34.29172566662325,34.20183989636978,34.24678421020508,92500
2009-12-11,34.23180074823716,34.261763622355744,34.171875,34.171875,76600
2009-12-14,34.1418964025822,34.26174497641554,34.12691497367611,34.216800689697266,85400
2009-12-15,34.21680563665111,34.23178706772317,34.1119384765625,34.1119384765625,89900
2009-12-16,34.126917678793106,34.20182197184556,34.126917678793106,34.14189910888672,106900
2009-12-17,34.20183787411858,34.24678218529645,34.15689356294071,34.171875,91900
2009-12-18,34.21681931117787,34.24678218529645,34.14191498329836,34.171875,121000
2009-12-21,34.15689468383789,34.201838996490665,34.12693466615308,34.15689468383789,71300
2009-12-22,34.23180074823716,34.23180074823716,34.081989235061194,34.171875,70200
2009-12-23,34.156877681564715,34.171859111658335,34.08197338851225,34.14189910888672,86900
2009-12-24,34.09697179105123,34.15689468383789,34.09697179105123,34.15689468383789,35400
2009-12-28,34.1568821470834,34.1568821470834,34.08197784423828,34.08197784423828,65200
2009-12-29,34.10302175076826,34.133079528808594,34.04290046120583,34.133079528808594,100500
2009-12-30,34.04289204460667,34.133071089914004,34.04289204460667,34.05792236328125,144400
2009-12-31,34.11806954078678,34.11806954078678,33.99782976684294,34.088008880615234,79500
2010-01-04,33.997803145464985,34.072951870307634,33.98277282714844,33.98277282714844,476700
2010-01-05,34.07296371459961,34.10302436168225,33.99781496363409,34.07296371459961,136100
2010-01-06,34.148107397462546,34.148107397462546,34.072958657650254,34.11804962158203,136100
2010-01-07,34.11805207315886,34.1481098511992,34.05793078359643,34.133079528808594,124400
2010-01-08,34.16317028925349,34.16317028925349,34.05796080651541,34.14813995361328,175900
2010-01-11,34.0880058251003,34.16315460205078,34.07297549636179,34.16315460205078,123200
2010-01-12,34.11804962158203,34.19319836139432,34.103019300271434,34.11804962158203,129200
2010-01-13,34.17817306518555,34.193203388705996,34.10302431432439,34.17817306518555,123200
2010-01-14,34.178200624893705,34.178200624893705,34.14813995361328,34.14813995361328,83600
2010-01-15,34.11805207315886,34.19320081837102,34.11805207315886,34.133079528808594,126800
2010-01-19,34.208231140761626,34.208231140761626,34.11805207315886,34.133079528808594,156700
2010-01-20,34.1631461370808,34.193206787109375,34.13308548705223,34.193206787109375,118100
2010-01-21,34.148129780602815,34.238311767578125,34.148129780602815,34.238311767578125,100100
2010-01-22,34.16314017358981,34.223261463152234,34.133079528808594,34.133079528808594,179700
2010-01-25,34.268379771991576,34.268379771991576,34.14813995361328,34.14813995361328,89100
2010-01-26,34.19319836139432,34.19319836139432,34.11804962158203,34.11804962158203,137800
2010-01-27,34.133079528808594,34.26834956358318,34.11805207315886,34.133079528808594,217200
2010-01-28,34.148107397462546,34.17816804008373,34.11804962158203,34.11804962158203,90600
2010-01-29,34.148107397462546,34.17816804008373,34.11804962158203,34.11804962158203,89300
2010-02-01,34.158788123013075,34.173862955398626,34.09849166870117,34.09849166870117,136700
2010-02-02,34.15875288778754,34.24919891357422,34.14367807095188,34.24919891357422,78900
2010-02-03,34.21904875631781,34.24919551176749,34.158749494964376,34.173824310302734,125100
2010-02-04,34.264278056586974,34.39994855001028,34.24920323784797,34.32457733154297,92800
2010-02-05,34.399967193603516,34.43011684742158,34.30952110737855,34.399967193603516,169400
2010-02-08,34.44518107764833,34.44518107764833,34.38488178856261,34.41503143310547,87800
2010-02-09,34.39995784264396,34.49040390428292,34.35473624943871,34.369808197021484,105900
2010-02-10,34.44518747351343,34.47533712365455,34.369813348160626,34.460262298583984,102700
2010-02-11,34.44518280029297,34.49040439414049,34.384883508191606,34.44518280029297,98200
2010-02-12,34.46025934370254,34.47533416748047,34.384885224812884,34.47533416748047,45300
2010-02-16,34.415030986528926,34.505477043755505,34.39995616445311,34.49040222167969,63100
2010-02-17,34.43010330200195,34.50547453166549,34.3999536600453,34.43010330200195,78600
2010-02-18,34.46025589991976,34.47533072219119,34.39995661083404,34.41503143310547,77000
2010-02-19,34.460257623318306,34.47533244634365,34.43010797726763,34.44518280029297,70200
2010-02-22,34.41504202051255,34.47534132814869,34.399967193603516,34.399967193603516,168800
2010-02-23,34.44518063068056,34.505477043755505,34.44518063068056,34.49040222167969,85800
2010-02-24,34.52055576358562,34.580855058697345,34.46025934370254,34.47533416748047,155100
2010-02-25,34.490406519876224,34.58085546360287,34.47533457115046,34.56578063964844,95700
2010-02-26,34.56576833054909,34.59591796772149,34.52054387479049,34.55069351196289,62000
2010-03-01,34.59908970969526,34.62933436257037,34.553725614671436,34.61421203613281,81700
2010-03-02,34.59909439086914,34.64446137631985,34.538607961224095,34.59909439086914,219200
2010-03-03,34.62934406947001,34.644466400146484,34.568857631053774,34.644466400146484,134700
2010-03-04,34.59909092284173,34.67470255768068,34.583971480162894,34.65958023071289,62400
2010-03-05,34.674701341883036,34.70494599475815,34.61421203613281,34.61421203613281,169900
2010-03-08,34.644457903745106,34.68982488464847,34.614213249809524,34.65958023071289,67600
2010-03-09,34.67467373640767,34.68979605080593,34.61418447881463,34.62930679321289,61800
2010-03-10,34.68982783362443,34.70495016187777,34.629338520611086,34.674705505371094,228600
2010-03-11,34.70495016187777,34.73519193409524,34.65958317711776,34.674705505371094,74400
2010-03-12,34.720061100746896,34.720061100746896,34.64445236229067,34.6898193359375,81000
2010-03-15,34.720054626464844,34.720054626464844,34.67469054556559,34.720054626464844,81400
2010-03-16,34.67467373640767,34.720037795315896,34.62930679321289,34.62930679321289,110600
2010-03-17,34.68979605080593,34.704918365204186,34.62930679321289,34.62930679321289,104500
2010-03-18,34.65956822383652,34.720054626464844,34.65956822383652,34.720054626464844,81300
2010-03-19,34.73517990112305,34.7503022241377,34.68981581636727,34.73517990112305,83600
2010-03-22,34.67469054556559,34.75029926992298,34.67469054556559,34.720054626464844,82800
2010-03-23,34.67469054556559,34.75029926992298,34.67469054556559,34.720054626464844,150800
2010-03-24,34.68982366832059,34.70494599475815,34.523480961796324,34.61421203613281,118000
2010-03-25,34.61421634661377,34.61421634661377,34.35714253373982,34.37226486206055,115600
2010-03-26,34.387373153555885,34.478104202154896,34.35712850926021,34.41761779785156,137600
2010-03-29,34.44786834716797,34.46299067190806,34.38737904820759,34.44786834716797,91200
2010-03-30,34.341994382269114,34.44785060091659,34.29663031570723,34.35711669921875,157600
2010-03-31,34.29667688746278,34.372285690593785,34.29667688746278,34.342041015625,69800
2010-04-01,34.38905790155507,34.38905790155507,34.207023680348875,34.252532958984375,575800
2010-04-05,34.23736319943921,34.37388814200991,34.23736319943921,34.252532958984375,157500
2010-04-06,34.252510160834724,34.32835601474247,34.2373404113864,34.29801940917969,95600
2010-04-07,34.2828738281036,34.343549975337844,34.26770406796106,34.31321334838867,70500
2010-04-08,34.28285263782833,34.358698498324685,34.267682887062236,34.343528747558594,89800
2010-04-09,34.2828738281036,34.43456853619307,34.2828738281036,34.31321334838867,56600
2010-04-12,34.28284632266448,34.373861917161165,34.28284632266448,34.35869216918945,78700
2010-04-13,34.38904319860078,34.404212951660156,34.32836418636329,34.404212951660156,93200
2010-04-14,34.404210353436866,34.44971671584377,34.26768547954749,34.373870849609375,107800
2010-04-15,34.32833242695725,34.44968744582415,34.32833242695725,34.38901138305664,61200
2010-04-16,34.37388021783097,34.525574884976805,34.37388021783097,34.44972610473633,283000
2010-04-19,34.51040275281139,34.555912017822266,34.464893487800516,34.555912017822266,101900
2010-04-20,34.495243072509766,34.57109186968034,34.46490355364154,34.495243072509766,157100
2010-04-21,34.49522083258692,34.646915435791016,34.49522083258692,34.646915435791016,150700
2010-04-22,34.646917950217606,34.662087700972315,34.571072089778156,34.63174819946289,9300
2010-04-23,34.662095260794736,34.662095260794736,34.54074012162352,34.586246490478516,95500
2010-04-26,34.63174819946289,34.646917950217606,34.60140869795347,34.63174819946289,47300
2010-04-27,34.63177660542575,34.72279229127355,34.5862673158336,34.70762252807617,66300
2010-04-28,34.66208908614533,34.72276519825482,34.66208908614533,34.69242858886719,89800
2010-04-29,34.67727956176239,34.72278594970703,34.631770280481796,34.72278594970703,118500
2010-04-30,34.737955710133896,34.737955710133896,34.67727956176239,34.72278594970703,70400
2010-05-03,34.69386634141149,34.769951125582445,34.69386634141149,34.73951721191406,81800
2010-05-04,34.724300255079875,34.80038503925083,34.69386634141149,34.73951721191406,120700
2010-05-05,34.75472043344486,34.78515433508556,34.663421630859375,34.663421630859375,135800
2010-05-06,34.75472640991211,34.83080827476038,34.49604400615605,34.75472640991211,128100
2010-05-07,34.84601721016589,34.84601721016589,34.69385061314562,34.80036926269531,65500
2010-05-10,34.709079231796345,34.800380962104754,34.66343126897955,34.76994705200195,132700
2010-05-11,34.785160064697266,34.800377018024065,34.70907529806328,34.785160064697266,127900
2010-05-12,34.754726158043674,34.785160064697266,34.739509204716875,34.785160064697266,135900
2010-05-13,34.72428451301696,34.80036926269531,34.72428451301696,34.80036926269531,59000
2010-05-14,34.800380962104754,34.81559501481875,34.73951314189915,34.76994705200195,102300
2010-05-17,34.80037179408203,34.84601974487305,34.78515484303947,34.84601974487305,70600
2010-05-18,34.84602305918109,34.906890869140625,34.81558915420132,34.906890869140625,70800
2010-05-19,34.861242658037796,34.96775843121583,34.861242658037796,34.93732452392578,102300
2010-05-20,34.96775577676324,34.99818968174301,34.906890869140625,34.906890869140625,66600
2010-05-21,34.96775258569255,35.07426834106445,34.92210463472554,35.07426834106445,75800
2010-05-24,35.08947360572455,35.10469055175781,35.02860872392718,35.10469055175781,79100
2010-05-25,35.028620390097444,35.180786998773016,35.028620390097444,35.07426834106445,78500
2010-05-26,35.13513730826878,35.16557121147844,35.04383850097656,35.04383850097656,73200
2010-05-27,35.05905429229989,35.16557004767179,35.028620390097444,35.07426834106445,67400
2010-05-28,35.028620390097444,35.07426834106445,34.998186487895,35.07426834106445,62200
2010-06-01,34.982697638154406,35.104801177978516,34.96743433177914,35.104801177978516,134900
2010-06-02,35.08953787160325,35.104801177978516,35.01322425090494,35.104801177978516,74200
2010-06-03,35.10478731236312,35.10478731236312,35.04373411097672,35.07426071166992,139600
2010-06-04,35.028499603271484,35.0895499385892,34.93691973352638,35.028499603271484,303900
2010-06-07,35.04375689417534,35.04375689417534,34.99796987454463,35.01323318481445,88800
2010-06-08,35.043758392333984,35.043758392333984,34.99797137074584,35.043758392333984,82900
2010-06-09,34.982688903808594,35.02847881150174,34.967425601244216,34.982688903808594,75000
2010-06-10,35.01322907902102,35.01322907902102,34.87586221387957,34.936912536621094,98000
2010-06-11,34.93691875114516,34.967445373535156,34.875868417544105,34.967445373535156,172200
2010-06-14,34.92162691336932,34.92162691336932,34.83005003218507,34.86057662963867,116500
2010-06-15,34.753760674651275,34.84533761966875,34.753760674651275,34.830074310302734,124100
2010-06-16,34.75375446465072,34.830068086666024,34.75375446465072,34.79954147338867,62200
2010-06-17,34.830074310302734,34.830074310302734,34.76902398401729,34.830074310302734,53800
2010-06-18,34.76902398401729,34.84533761966875,34.76902398401729,34.830074310302734,76200
2010-06-21,34.84532305372528,34.860586356710975,34.78427275295991,34.814796447753906,74200
2010-06-22,34.8758659362793,34.8758659362793,34.79954938573388,34.8758659362793,123500
2010-06-23,34.845340728759766,34.906393971671314,34.799550796576106,34.845340728759766,111800
2010-06-24,34.906393971671314,34.906393971671314,34.845340728759766,34.845340728759766,84200
2010-06-25,34.9063720703125,34.936895761437896,34.830055564556446,34.9063720703125,72300
2010-06-28,34.96744749862366,34.96744749862366,34.92165756225586,34.92165756225586,129200
2010-06-29,35.04373920288883,35.04373920288883,34.95216229867983,34.982688903808594,85800
2010-06-30,35.04375689417534,35.074283514714985,34.98270656427481,35.01323318481445,90500
2010-07-01,35.089762001839546,35.120382041129204,35.01321482370307,35.105072021484375,193800
2010-07-02,35.15101009256825,35.181630141380985,35.074462890625,35.074462890625,152600
2010-07-06,35.19693904520931,35.19693904520931,35.10508182178419,35.120391845703125,57800
2010-07-07,35.19694631659713,35.21225634367898,35.12039910127694,35.15101623535156,109800
2010-07-08,35.181636289515275,35.273496452006405,35.15101623535156,35.15101623535156,91200
2010-07-09,35.25815909292717,35.25815909292717,35.15098898643207,35.2275390625,60800
2010-07-12,35.181617736816406,35.2581678318577,35.181617736816406,35.181617736816406,125400
2010-07-13,35.27349037970304,35.27349037970304,35.166320208579315,35.24287033081055,101500
2010-07-14,35.27346910814076,35.288776203267524,35.2275390625,35.2275390625,105400
2010-07-15,35.242883559491204,35.33474082055941,35.242883559491204,35.28881072998047,59700
2010-07-16,35.350030633008984,35.350030633008984,35.27348344591339,35.334720611572266,52800
2010-07-19,35.365360774666996,35.39598083496094,35.30412065407911,35.39598083496094,55600
2010-07-20,35.38064920539137,35.4265763477047,35.350029163790566,35.4112663269043,45900
2010-07-21,35.42658434873081,35.48782444576339,35.38065719604492,35.38065719604492,45400
2010-07-22,35.45719856520839,35.47250858694832,35.39596139833671,35.426578521728516,49900
2010-07-23,35.503125342949254,35.503125342949254,35.4112652210156,35.45719528198242,95900
2010-07-26,35.50312645170673,35.50312645170673,35.4112663269043,35.4112663269043,64300
2010-07-27,35.503125342949254,35.503125342949254,35.42657524133787,35.45719528198242,55000
2010-07-28,35.42658339095121,35.51844353401658,35.42658339095121,35.487823486328125,43900
2010-07-29,35.44190216064453,35.51845229875563,35.44190216064453,35.44190216064453,74400
2010-07-30,35.51842627160361,35.53373336791992,35.50311625520025,35.53373336791992,55000
2010-08-02,35.5798157929697,35.59517212876303,35.456968035544556,35.47232437133789,126800
2010-08-03,35.54908805529884,35.610513372439485,35.518375396728516,35.518375396728516,72100
2010-08-04,35.625891006437186,35.64124441598354,35.51839663715812,35.61053466796875,165500
2010-08-05,35.64124298095703,35.64124298095703,35.54910788277813,35.64124298095703,81800
2010-08-06,35.70267923781592,35.70267923781592,35.59518776895338,35.671966552734375,110800
2010-08-09,35.840854378525115,35.840854378525115,35.67193767623786,35.687294006347656,133300
2010-08-10,35.73337500646001,35.76408767700195,35.6873060006471,35.76408767700195,83300
2010-08-11,35.81014797018775,35.84086063576928,35.77943530460622,35.825504302978516,89100
2010-08-12,35.871575481380454,35.90228521990732,35.79479381276035,35.810150146484375,61200
2010-08-13,35.840861948190835,35.96370968609441,35.840861948190835,35.917640686035156,87200
2010-08-16,35.97908675732573,36.02515285501578,35.93301773071289,35.93301773071289,76200
2010-08-17,36.025144104716,36.04050044319032,35.96372167974082,35.99443435668945,99000
2010-08-18,36.086578926461634,36.101935268964915,36.0405098989518,36.05586624145508,72600
2010-08-19,36.0865478515625,36.147973168680956,36.0865478515625,36.0865478515625,124500
2010-08-20,36.178688049316406,36.22475704371439,36.13262198383916,36.178688049316406,65600
2010-08-23,36.27083914968546,36.28619255778082,36.178701127582436,36.19405746459961,60900
2010-08-24,36.28619929367712,36.39369367275176,36.24013320299605,36.30155563354492,89500
2010-08-25,36.34761374549666,36.48581783391053,36.34761374549666,36.378326416015625,125200
2010-08-26,36.43975067138672,36.53188868760428,36.39368459219955,36.43975067138672,60600
2010-08-27,36.393685136356964,36.45510755249878,36.36297246382523,36.40903854370117,115400
2010-08-30,36.45510755249878,36.47046388876465,36.393685136356964,36.40903854370117,60500
2010-08-31,36.42439107528096,36.51652908325195,36.42439107528096,36.51652908325195,63800
2010-09-01,36.51652908325195,36.51652908325195,36.42412198381434,36.51652908325195,75800
2010-09-02,36.439525270861445,36.501131964928085,36.408721923828125,36.408721923828125,70800
2010-09-03,36.3470818072316,36.454890476432084,36.33168014912212,36.39328384399414,83300
2010-09-07,36.45490558357389,36.45490558357389,36.3008918762207,36.3008918762207,64500
2010-09-08,36.30090941465683,36.347114430456436,36.239305664492576,36.25470733642578,95300
2010-09-09,36.17770132169557,36.22390634049005,36.00828585701787,36.03908920288086,129900
2010-09-10,36.20850533867062,36.20850533867062,36.1006965637207,36.1006965637207,52400
2010-09-13,36.2393143746592,36.2393143746592,36.116103907148336,36.17770767211914,75200
2010-09-14,36.223882497754985,36.23928416054903,36.14687418378475,36.20848083496094,192200
2010-09-15,36.2393143746592,36.2393143746592,36.116103907148336,36.17770767211914,305300
2010-09-16,36.223904723524655,36.223904723524655,36.14689636230469,36.14689636230469,92900
2010-09-17,36.22391891479492,36.27012101205867,36.162312201683584,36.22391891479492,103400
2010-09-20,36.254714304554035,36.2855147167717,36.19310760498047,36.19310760498047,76000
2010-09-21,36.27012101205867,36.2855226903365,36.19311555823925,36.22391891479492,130700
2010-09-22,36.33171095255488,36.42411804199219,36.23930386311757,36.42411804199219,70800
2010-09-23,36.47030969082088,36.47030969082088,36.316295973151966,36.34709930419922,54100
2010-09-24,36.42408716021311,36.4394888183226,36.30087683290315,36.39328384399414,58800
2010-09-27,36.43950635977364,36.43950635977364,36.316295973151966,36.34709930419922,53400
2010-09-28,36.42410469425001,36.42410469425001,36.34709930419922,36.34709930419922,63200
2010-09-29,36.40868550210363,36.4394888183226,36.3470818072316,36.39328384399414,99600
2010-09-30,36.3317101378789,36.39331388359961,36.270103454589844,36.270103454589844,81200
2010-10-01,36.26856896759394,36.33035670148894,35.91329833630164,35.92874526977539,1532500
2010-10-04,36.03686020000092,36.2531113122746,36.03686020000092,36.05230712890625,74000
2010-10-05,36.16044553191697,36.16044553191697,36.00597913418623,36.083213806152344,101100
2010-10-06,36.1604531866782,36.25313186645508,36.08322144456447,36.25313186645508,99600
2010-10-07,36.22223786042329,36.23768185057245,36.12955624231716,36.206790924072266,76400
2010-10-08,36.2222512559799,36.36127078834883,36.2222512559799,36.3149299621582,92600
2010-10-11,36.42303330001796,36.42303330001796,36.345801583210324,36.39213943481445,68100
2010-10-12,36.345801583210324,36.42303330001796,36.345801583210324,36.39213943481445,65100
2010-10-13,36.43848023261972,36.43848023261972,36.314907718006815,36.39213943481445,65500
2010-10-14,36.40758036816003,36.40758036816003,36.20677616982808,36.237667083740234,110200
2010-10-15,36.20677616982808,36.268560943853046,36.17588230971528,36.237667083740234,85000
2010-10-18,36.29946959597654,36.29946959597654,36.19134398772125,36.206790924072266,38200
2010-10-19,36.206793999667696,36.28402574178141,36.1604531866782,36.25313186645508,51900
2010-10-20,36.22224093733086,36.28402574178141,36.206793999667696,36.25313186645508,46500
2010-10-21,36.29946454340678,36.29946454340678,36.16044508179974,36.222232818603516,74600
2010-10-22,36.28401760920584,36.28401760920584,36.222232818603516,36.222232818603516,67300
2010-10-25,36.28402574178141,36.28402574178141,36.17590012434136,36.25313186645508,61200
2010-10-26,36.175874020022604,36.28399955943984,36.067748480605374,36.16042709350586,76800
2010-10-27,36.12954510005612,36.12954510005612,35.928740881824076,36.021419525146484,65000
2010-10-28,36.005982671994964,36.0523234797279,35.91330400273086,35.990535736083984,45200
2010-10-29,36.052319937365894,36.083213806152344,35.97508821160127,36.083213806152344,60100
2010-11-01,36.0661559312653,36.0661559312653,35.911231994628906,35.911231994628906,66900
2010-11-02,35.94222453824369,36.03517773678499,35.94222453824369,36.00419235229492,58000
2010-11-03,36.004180145561676,36.05065820653902,35.9112269785349,35.926719665527344,76800
2010-11-04,36.05068709638044,36.05068709638044,35.973223599341495,36.035194396972656,104800
2010-11-05,36.05066540336389,36.066158093449154,35.97320195293756,36.01968002319336,64500
2010-11-08,36.004183313723146,36.050661378790295,35.957705248656005,35.97319793701172,69900
2010-11-09,36.004201592550274,36.004201592550274,35.245077207292454,35.539432525634766,336400
2010-11-10,35.47745038547313,35.55491384178507,35.2915440001819,35.353511810302734,210000
2010-11-11,35.26057462461216,35.27606732290764,34.73383470228599,34.76482009887695,301400
2010-11-12,34.78030166851214,35.477455139160156,34.78030166851214,35.477455139160156,249800
2010-11-15,35.19861088039557,35.46198089430182,34.42399354007491,34.454978942871094,257400
2010-11-16,34.74933085907475,34.81129870349409,33.3085422784283,34.31554412841797,504100
2010-11-17,34.145123818136454,34.62538560164217,34.02118224311068,34.48595428466797,290000
2010-11-18,34.47047699972104,34.64089378664593,34.12964638080237,34.532447814941406,242100
2010-11-19,34.470456990862594,34.904243580814324,34.470456990862594,34.71833419799805,287000
2010-11-22,34.8577623049962,35.074654102649966,34.8577623049962,34.9817008972168,95100
2010-11-23,35.105657578359164,35.121150279735815,34.95073351952328,35.0436897277832,123900
2010-11-24,35.02818922275461,35.152127851225885,34.98171112897914,34.9972038269043,127100
2010-11-26,34.99719143991371,35.18309783935547,34.99719143991371,35.18309783935547,26800
2010-11-29,35.12114055763921,35.136633254727236,34.950723844600766,35.05916976928711,86800
2010-11-30,35.105631375719746,35.2140772494823,34.981692812144196,35.07464599609375,144500
2010-12-01,35.043596958570035,35.230000378088455,34.950396730201746,35.19893264770508,397500
2010-12-02,35.21445665100713,35.21445665100713,34.99698852478963,35.028053283691406,95900
2010-12-03,35.0125292252806,35.16786193847656,34.888258314273294,35.16786193847656,153200
2010-12-06,35.028083828335575,35.167885735035,34.84168326125874,34.919349670410156,133400
2010-12-07,34.96594280820106,34.96594280820106,34.360136668040134,34.62420654296875,170900
2010-12-08,34.68632266902741,34.68632266902741,33.86304569210832,34.08051681518555,211300
2010-12-09,34.04943146909573,34.26689951685842,34.01836375862108,34.251365661621094,195600
2010-12-10,34.0960385864058,34.42224071116284,34.049437013106036,34.32904052734375,238000
2010-12-13,34.40672340346266,34.40672340346266,34.09605498703679,34.28245544433594,99800
2010-12-14,34.20476942144819,34.23583713406891,33.58342998293463,33.598960876464844,226000
2010-12-15,33.49024158851132,33.63004339406946,33.459176824995076,33.505775451660156,451100
2010-12-16,33.47469788784996,33.9717724741888,33.44363313346301,33.9251708984375,299300
2010-12-17,33.894119403156814,34.37565739859768,33.894119403156814,34.36012649536133,267400
2010-12-20,34.31351358815715,34.32904744905581,33.73877258603102,33.87857437133789,276100
2010-12-21,33.8008957976169,33.971765242886136,33.75429423178531,33.909629821777344,176500
2010-12-22,33.8319635081713,33.98729613538338,33.76982808706251,33.909629821777344,137900
2010-12-23,33.80091732538634,33.92518528397011,33.785383460215634,33.84751892089844,135400
2010-12-27,33.7232442972458,34.15818358593036,33.7232442972458,34.06498336791992,242300
2010-12-28,34.14265516009342,34.14265516009342,33.769851265896655,33.78538513183594,153200
2010-12-29,33.90764038701026,34.09575621968426,33.75088068144827,33.923316955566406,217700
2010-12-30,33.89197047607954,34.04873019860531,33.797911054564025,33.954673767089844,86300
2010-12-31,33.87629221556105,34.06440506920606,33.87629221556105,33.90764236450195,185300
2011-01-03,33.923332446688335,34.09577178955078,33.923332446688335,34.09577178955078,237700
2011-01-04,34.03304718521843,34.346572550913464,34.03304718521843,34.17413330078125,153900
2011-01-05,34.08010913928017,34.236871970482476,34.06443255715971,34.189842224121094,71500
2011-01-06,34.2055006999719,34.2055006999719,34.04873795175007,34.15847396850586,68100
2011-01-07,34.15845884665519,34.15845884665519,33.9389899003026,34.127105712890625,118500
2011-01-10,34.142797394683605,34.2055006999719,33.87630161970671,34.15847396850586,222300
2011-01-11,34.09576599286831,34.20549901421538,34.01738611762057,34.11144256591797,111200
2011-01-12,34.08010179953109,34.15848469325227,33.86063567711514,33.876312255859375,205100
2011-01-13,33.750879830303724,33.86061281742971,33.12382906387012,33.32762145996094,185100
2011-01-14,33.07683131931832,33.202240984443605,32.66924916016058,32.967098236083984,393200
2011-01-18,32.700580608946154,33.296275375216375,32.700580608946154,33.2178955078125,205100
2011-01-19,33.09249801293711,33.4216971642731,33.04546828131709,33.296287536621094,110800
2011-01-20,33.39033181410109,33.39033181410109,33.108162497446955,33.2178955078125,131600
2011-01-21,33.18655718870097,33.641166004709724,33.17088061021768,33.56278610229492,214400
2011-01-24,33.60978896218799,33.65681567003203,33.34329332107458,33.594112396240234,272400
2011-01-25,33.62546552813574,33.65681567003203,33.50005599055292,33.594112396240234,95200
2011-01-26,33.625476722690415,34.00170546069252,33.59412358035685,33.93899917602539,102900
2011-01-27,33.970369061137404,33.970369061137404,33.656843463276665,33.81360626220703,56300
2011-01-28,33.65682601663048,33.891971588134766,33.65682601663048,33.891971588134766,162600
2011-01-31,34.017392263850766,34.017392263850766,33.641160422682766,33.75089645385742,120800
2011-02-01,33.76503170868199,33.859302713410955,33.65504837036133,33.65504837036133,71700
2011-02-02,33.670738220214844,33.81214613129333,33.670738220214844,33.670738220214844,53900
2011-02-03,33.52935149578871,33.87501383194387,33.49792682973249,33.57648849487305,95500
2011-02-04,33.639320477267084,33.749303764716174,33.387929249720656,33.466487884521484,101800
2011-02-07,33.403649600280524,33.71788721178991,33.35651260998487,33.45078659057617,210100
2011-02-08,33.40364591697306,33.51362921871489,33.26223795849923,33.277950286865234,98500
2011-02-09,33.1994046700771,33.56078240328844,33.1994046700771,33.309391021728516,108600
2011-02-10,33.38794868005832,33.529356702449,33.26225299313567,33.48221969604492,106400
2011-02-11,33.4664969928919,33.890720928642345,33.4664969928919,33.702178955078125,251700
2011-02-14,33.73360102370344,33.79645034685842,33.57648370945733,33.74931335449219,89000
2011-02-15,33.68646945468699,33.922148439853444,33.68646945468699,33.8750114440918,89100
2011-02-16,33.81216197030285,34.09497792494247,33.78073730938276,34.07926559448242,101300
2011-02-17,33.984998623242454,34.33066397103724,33.984998623242454,34.26781463623047,106600
2011-02-18,34.393516555439234,34.44065356510515,34.23639918352971,34.36209487915039,97200
2011-02-22,34.26779257694677,34.47204978676059,34.22065860300458,34.299217224121094,241200
2011-02-23,34.252097111372954,34.51920075017777,34.252097111372954,34.39350509643555,109200
2011-02-24,34.424930809382616,34.69203445633677,34.33065981540493,34.6448974609375,91000
2011-02-25,34.566323153358276,34.70773107873121,34.53489850398218,34.597747802734375,91800
2011-02-28,34.67634267380808,34.770613723650975,34.519222259521484,34.519222259521484,72900
2011-03-01,34.53023346536105,34.7823937631264,34.372632527760736,34.5775146484375,91900
2011-03-02,34.5617402691615,34.75085891296741,34.5617402691615,34.65629959106445,43000
2011-03-03,34.62478468729361,34.81390636916027,34.498704568044886,34.735107421875,74900
2011-03-04,34.67207341958152,34.78239317223124,34.59327445511396,34.70359420776367,64600
2011-03-07,34.6405569385404,34.65631733459109,34.482955984021665,34.51447677612305,78500
2011-03-08,34.48295862417912,34.62479919350706,34.467201232910156,34.467201232910156,139400
2011-03-09,34.43568474181904,34.60904312133789,34.43568474181904,34.60904312133789,44900
2011-03-10,34.48296105640962,34.62480163574219,34.3726412738151,34.62480163574219,126100
2011-03-11,34.64055257612596,34.70359415238967,34.467194253376384,34.67207336425781,75900
2011-03-14,34.62477881510125,34.71934114299085,34.5932610451247,34.65629959106445,30700
2011-03-15,34.64057097867447,34.86121360682441,34.624810576235944,34.79817199707031,53800
2011-03-16,34.71935959364527,34.98728031973833,34.71935959364527,34.750877380371094,71600
2011-03-17,34.813900464893806,34.829660852875406,34.62477881510125,34.65629959106445,90000
2011-03-18,34.67207840457418,34.79815856944219,34.62479721550308,34.750877380371094,95700
2011-03-21,34.829679362156256,34.829679362156256,34.71935959364527,34.750877380371094,68100
2011-03-22,34.76662519719682,34.7823855878513,34.70358664056603,34.735107421875,49800
2011-03-23,34.750877380371094,34.782398173085156,34.7351199900023,34.750877380371094,67200
2011-03-24,34.81391143798828,34.81391143798828,34.75086986619163,34.81391143798828,84000
2011-03-25,34.78241159463179,34.79817199707031,34.73513339330562,34.79817199707031,117700
2011-03-28,34.750890789754735,34.79817199707031,34.750890789754735,34.79817199707031,51500
2011-03-29,34.81391390486335,34.81391390486335,34.67207336425781,34.67207336425781,29300
2011-03-30,34.687820367027655,34.70358075500925,34.60901842711965,34.65629959106445,40300
2011-03-31,34.672059979046054,34.672059979046054,34.60901842711965,34.65629959106445,70200
2011-04-01,34.69741359871665,34.71321842265617,34.60256656485757,34.64999008178711,191400
2011-04-04,34.68161313272422,34.697420975061334,34.63418960571289,34.63418960571289,86200
2011-04-05,34.65000456091624,34.69742809766256,34.55516050246186,34.60258102416992,129500
2011-04-06,34.55514606296503,34.64999008178711,34.523530385012,34.64999008178711,72400
2011-04-07,34.57095390194154,34.64999008178711,34.55514606296503,34.64999008178711,53400
2011-04-08,34.61837582678228,34.71321984950281,34.44449562096748,34.46030044555664,144300
2011-04-11,34.460297699268445,34.618373067896385,34.460297699268445,34.523529052734375,90500
2011-04-12,34.58676582571903,34.68161287904795,34.53934531409219,34.570960998535156,75900
2011-04-13,34.61837742475572,34.61837742475572,34.52353339765722,34.55514907836914,49700
2011-04-14,34.58676528930664,34.68161234116456,34.570960462367886,34.58676528930664,67300
2011-04-15,34.634198271812345,34.74485018082159,34.58677473293479,34.69742965698242,147000
2011-04-18,34.665795979296185,34.83967918326246,34.665795979296185,34.80806350708008,78400
2011-04-19,34.76066738816918,34.90293502807617,34.74485953761961,34.90293502807617,73400
2011-04-20,34.93451964549752,34.93451964549752,34.87128829956055,34.87128829956055,101700
2011-04-21,34.88709747853412,34.96613666399684,34.88709747853412,34.9503288269043,52500
2011-04-25,34.93451745695146,35.076784961360474,34.93451745695146,35.013553619384766,73000
2011-04-26,35.0293701508911,35.14002201178149,35.01356231147289,35.12421417236328,79900
2011-04-27,35.17162377459062,35.23485510724531,35.1242002750996,35.20323944091797,40200
2011-04-28,35.23487117137667,35.37713570463858,35.203255490635236,35.298099517822266,123600
2011-04-29,35.32971244605032,35.42455646584812,35.28228892863291,35.408748626708984,94500
2011-05-02,35.46109359845677,35.52452868495735,35.39765548706055,35.39765548706055,123000
2011-05-03,35.42936722404751,35.476945797766284,35.413507699474586,35.46108627319336,76900
2011-05-04,35.476964373775076,35.603837611895244,35.44524530802089,35.524539947509766,72000
2011-05-05,35.57209548759506,35.6989686434735,35.57209548759506,35.651390075683594,60200
2011-05-06,35.73068785145394,35.73068785145394,35.635530715440595,35.683109283447266,53400
2011-05-09,35.746532264352275,35.762388755424105,35.683094200491475,35.714813232421875,72900
2011-05-10,35.683113415650006,35.809986586798736,35.683113415650006,35.746551513671875,67100
2011-05-11,35.85756636042267,35.85756636042267,35.714833659991385,35.76240921020508,86800
2011-05-12,35.825853118955735,35.873431701778664,35.76241500852517,35.77827453613281,175500
2011-05-13,35.85756089050169,36.0002935691597,35.85756089050169,35.96857452392578,56900
2011-05-16,36.00030119452684,36.127174377441406,35.93686309062192,36.127174377441406,250400
2011-05-17,36.14302809837164,36.17474412033481,35.873422249868526,36.11130905151367,303500
2011-05-18,36.12718517806058,36.22233933747006,36.00031195721587,36.15890121459961,151000
2011-05-19,36.11132401477785,36.14304307477908,36.0003103296696,36.04788589477539,203500
2011-05-20,36.0954704284668,36.14304902630321,36.047891830630384,36.0954704284668,129800
2011-05-23,36.09544355943525,36.2223167009929,36.063724517822266,36.063724517822266,127000
2011-05-24,36.14302062988281,36.17473664529228,36.07958254927554,36.14302062988281,113000
2011-05-25,36.111307039265064,36.190601627096605,35.920995793616875,35.93685531616211,939300
2011-05-26,35.905159062017695,36.11132996107894,35.87344302168997,36.0954704284668,102600
2011-05-27,36.04787674756025,36.19060945645104,35.968582142574384,36.127174377441406,83200
2011-05-31,36.19061281844741,36.19061281844741,36.00030453884416,36.032020568847656,67500
2011-06-01,36.04155349731445,36.10517640758049,36.009742042181436,36.04155349731445,74100
2011-06-02,36.07337436798044,36.200617188016906,36.02565717282622,36.18471145629883,119100
2011-06-03,36.23244166284822,36.23244166284822,36.12110150083845,36.20063018798828,83900
2011-06-06,36.20062553134714,36.2642454391741,36.12109685442742,36.15290832519531,66000
2011-06-07,36.16881406057926,36.2642454391741,36.10519415275231,36.15290832519531,58700
2011-06-08,36.15289081162791,36.18470226698536,36.08927093462038,36.16879653930664,59100
2011-06-09,36.15291077277073,36.26424789428711,36.08929086063667,36.26424789428711,69400
2011-06-10,36.248327357015306,36.31194723784778,36.0733673757378,36.10517883300781,92400
2011-06-13,36.12108986511477,36.12108986511477,35.977944341775114,36.0733757019043,84400
2011-06-14,36.04156290454429,36.18471145629883,35.93022581622591,36.18471145629883,109800
2011-06-15,36.13698725657028,36.184704442475294,36.0574616471028,36.10517883300781,91500
2011-06-16,36.12108852942654,36.200617188016906,36.10518583141659,36.18471145629883,46800
2011-06-17,36.16879653930664,36.18470226698536,36.10517666229911,36.16879653930664,23900
2011-06-20,36.20063018798828,36.20063018798828,36.1051987971177,36.20063018798828,57000
2011-06-21,36.21652425895219,36.2801441544689,36.04156423729182,36.0733757019043,43200
2011-06-22,36.089289127012734,36.26424615225875,36.05747765561932,36.121097564697266,39000
2011-06-23,36.121091489878694,36.21652588800885,36.121091489878694,36.13699722290039,43100
2011-06-24,36.16879871384029,36.184704442475294,36.08927310437281,36.10517883300781,53000
2011-06-27,36.16881406057926,36.21653126673109,36.10519415275231,36.15290832519531,81000
2011-06-28,36.16879019603502,36.1846959209242,36.02564170573921,36.05745315551758,40000
2011-06-29,36.13699857010002,36.13699857010002,35.96204156775569,36.02566146850586,49500
2011-06-30,36.02566754660095,36.05747901919737,35.85071051473862,36.009761810302734,72100
2011-07-01,36.067164539485276,36.09906595429728,35.907645295119195,36.051212310791016,66300
2011-07-05,36.03528085249695,36.13099123725257,35.98742413883001,36.09908676147461,65200
2011-07-06,36.09907907472707,36.11503130921927,36.05122541382811,36.0831298828125,20300
2011-07-07,36.1150471066807,36.1150471066807,35.89172181125814,36.01933670043945,146200
2011-07-08,36.035267791013595,36.16288260529141,35.85979628041516,35.891700744628906,424800
2011-07-11,35.79599990733014,36.1788444519043,35.748143198291636,36.1788444519043,185200
2011-07-12,36.16289209083622,36.37026507746528,36.11503538196277,36.33836364746094,119700
2011-07-13,36.32239699271913,36.35430145263672,36.21073442558433,36.35430145263672,137400
2011-07-14,36.32239699271913,36.35430145263672,36.25858807288395,36.35430145263672,53100
2011-07-15,36.35432439264173,36.37027359008789,36.274563192517505,36.37027359008789,34300
2011-07-18,36.22669799342287,36.33836364746094,36.13098761825392,36.33836364746094,78000
2011-07-19,36.32241991259204,36.386225830112735,36.242658712467815,36.37027359008789,56200
2011-07-20,36.35431887339937,36.450029256439194,36.27455768538434,36.32241439819336,50800
2011-07-21,36.48193410365058,36.48193410365058,36.30646253080644,36.41812515258789,98000
2011-07-22,36.434080690815044,36.49788660507948,36.37027173397208,36.481937408447266,133700
2011-07-25,36.51383853426889,36.51383853426889,36.32241775052232,36.40217590332031,48100
2011-07-26,36.46598703023696,36.46598703023696,36.35432439264173,36.37027359008789,103800
2011-07-27,36.32239699271913,36.402155099936344,36.25858807288395,36.35430145263672,65800
2011-07-28,36.561675257159536,36.561675257159536,36.30644565668815,36.38620376586914,129200
2011-07-29,36.30646253080644,36.434077390353565,36.24265357974375,36.41812515258789,53700
2011-08-01,36.42770453789331,36.5556893216101,36.363710620335944,36.491695404052734,68400
2011-08-02,36.53970544224443,36.6836887628814,36.49170998489905,36.66769027709961,71700
2011-08-03,36.71569681170398,36.90767259620696,36.66770133987819,36.85968017578125,140600
2011-08-04,36.97165191644078,36.97165191644078,36.84366709365902,36.92365646362305,189300
2011-08-05,36.92365788539672,37.083639682883856,36.84366851235265,36.98765182495117,224700
2011-08-08,36.795666672771304,36.811665154883805,36.13974416315117,36.15574264526367,432500
2011-08-09,36.331721883661956,36.475705179352445,35.70779630326892,36.07575225830078,600700
2011-08-10,35.88378582404429,36.76368125683723,35.88378582404429,36.63569641113281,292700
2011-08-11,36.68369187254675,36.795678231113186,36.47571459115244,36.63569641113281,64900
2011-08-12,36.79566192626953,36.923646715261505,36.52369386823683,36.79566192626953,158300
2011-08-15,36.73167735128066,37.195624236536865,36.49170619229245,37.14762878417969,92600
2011-08-16,37.13164003913624,37.16363701576668,36.85967489197634,37.03565216064453,68400
2011-08-17,37.16361726198163,37.2596081408504,36.95564312722864,37.211612701416016,36100
2011-08-18,37.179633741463014,37.355614053187935,37.16363525390625,37.16363525390625,101000
2011-08-19,37.323619490788225,37.41960737093427,37.0676497761323,37.307621002197266,74300
2011-08-22,37.38759263431321,37.435585021972656,37.259607848224675,37.435585021972656,68000
2011-08-23,37.40360541196556,37.41960389907214,37.2596251308051,37.32361602783203,72000
2011-08-24,37.27561192687291,37.387601310662426,37.21162104467761,37.24361801147461,55500
2011-08-25,37.19562256127911,37.24361801147461,37.131628627685096,37.24361801147461,44600
2011-08-26,37.35560811721134,37.35560811721134,37.0356445197187,37.27561569213867,69800
2011-08-29,37.291612804424176,37.291612804424176,37.16362798041813,37.17962646484375,139700
2011-08-30,37.22762328849409,37.30761266216774,37.13163237840689,37.27561569213867,68300
2011-08-31,37.22763442993164,37.30762382754442,37.22763442993164,37.22763442993164,58200
2011-09-01,37.34795080802478,37.49233745632481,37.26773430344322,37.46025085449219,238100
2011-09-02,37.44419743393868,37.508367560314596,37.39606754419729,37.47628402709961,102300
2011-09-06,37.55650760004329,37.5725509009596,37.44420755357588,37.46025085449219,72400
2011-09-07,37.55649933796159,37.62067252750933,37.39606942403834,37.50836944580078,132100
2011-09-08,37.55649933796159,37.62067252750933,37.50836944580078,37.50836944580078,35500
2011-09-09,37.524409222495855,37.620668997785984,37.492325690678285,37.6046257019043,70400
2011-09-12,37.572566569077225,37.71695327758789,37.54047995386418,37.71695327758789,77300
2011-09-13,37.7490105218041,37.7490105218041,37.604623925634876,37.684837341308594,53600
2011-09-14,37.66881561279297,37.716945525720526,37.620688759812836,37.66881561279297,64000
2011-09-15,37.62066385788738,37.66879067901134,37.52440409574868,37.58857727050781,28900
2011-09-16,37.572550411302934,37.636720554185125,37.42816376488459,37.5565071105957,75400
2011-09-19,37.65275105663754,37.716924237653856,37.54045104980469,37.54045104980469,53400
2011-09-20,37.63672200407374,37.668808606724276,37.54046525606896,37.62068176269531,42900
2011-09-21,37.62067995926532,37.73298000321201,37.572550057596715,37.70089340209961,74300
2011-09-22,37.973617694663425,38.08591772176229,37.861317667564556,38.02174758911133,109600
2011-09-23,38.005694468289484,38.05382129035264,37.86130788220911,37.893394470214844,105100
2011-09-26,37.94151199408759,37.957555284158786,37.73295534305142,37.78108215332031,112900
2011-09-27,37.84526384965357,37.84526384965357,37.57253397681803,37.58857727050781,83400
2011-09-28,37.604627339797375,37.74901394907561,37.460240730519146,37.47628402709961,135600
2011-09-29,37.60463631611696,37.68484975822048,37.44420637196324,37.49233627319336,95700
2011-09-30,37.49233696771351,37.652763854892356,37.42816376488459,37.5565071105957,172000
2011-10-03,37.693226538924634,37.72540245764204,37.484086135725946,37.51626205444336,381500
2011-10-04,37.628892791866235,37.628892791866235,37.43584332368076,37.48410415649414,97900
2011-10-05,37.43585772182074,37.564558439599075,37.16236831298338,37.29106903076172,74200
2011-10-06,37.08191444424134,37.242791047833144,36.9532137750611,36.985389709472656,258100
2011-10-07,37.01757962192436,37.3071570040424,36.84061498430397,37.29106903076172,833400
2011-10-10,37.017574813697216,37.29106418701093,37.017574813697216,37.258888244628906,123500
2011-10-11,37.25888005882315,37.30714396179257,37.0175666809082,37.0175666809082,37100
2011-10-12,37.21061955999978,37.21061955999978,37.04974600564997,37.146270751953125,97900
2011-10-13,37.17843519041363,37.27495990686038,37.06582250981486,37.2266960144043,67400
2011-10-14,37.178441423237444,37.24279022216797,37.130177522690104,37.24279022216797,63500
2011-10-17,37.24278929811412,37.274965231014,36.93712407249688,37.049739837646484,138600
2011-10-18,37.065838727270254,37.29106418701093,37.065838727270254,37.258888244628906,119200
2011-10-19,37.30714445450557,37.339317321777344,37.25888055089873,37.339317321777344,43700
2011-10-20,37.24279078702931,37.48410415649414,37.24279078702931,37.48410415649414,67300
2011-10-21,37.419755356587636,37.532368057773496,37.419755356587636,37.48410415649414,108800
2011-10-24,37.484101784870376,37.516277717020834,37.37148909080953,37.387577056884766,126800
2011-10-25,37.38759055631139,37.451942443847656,37.38759055631139,37.451942443847656,105800
2011-10-26,37.45193377934181,37.484106647199866,37.41975784301758,37.41975784301758,54300
2011-10-27,37.45194569510142,37.46803366838211,37.29106903076172,37.29106903076172,59600
2011-10-28,37.29104269843214,37.35539147764912,37.14625410961271,37.1623420715332,166100
2011-10-31,37.194544259544756,37.3071570040424,37.194544259544756,37.29106903076172,97600
2011-11-01,37.39106236090389,37.52010818043706,37.39106236090389,37.42332458496094,189700
2011-11-02,37.42332508944909,37.47171534949196,37.37493175271114,37.439453125,73300
2011-11-03,37.487860684127725,37.600775435992865,37.4555984473959,37.58464431762695,114900
2011-11-04,37.58464000270872,37.61690223573666,37.53624972986268,37.568511962890625,83800
2011-11-07,37.60077111922269,37.633033352250635,37.50398749683474,37.568511962890625,92900
2011-11-08,37.536254039225454,37.58464431762695,37.536254039225454,37.58464431762695,50800
2011-11-09,37.58464153648363,37.71368739716571,37.58464153648363,37.69755935668945,76400
2011-11-10,37.72982120036636,37.74595231868701,37.63303756713867,37.63303756713867,197900
2011-11-11,37.63303241499234,37.72981603496988,37.584639066655676,37.6652946472168,137500
2011-11-14,37.63303756713867,37.69756204042128,37.58464421217671,37.63303756713867,116100
2011-11-15,37.60076987940475,37.60076987940475,37.503986260208066,37.5523796081543,69000
2011-11-16,37.58464144470473,37.58464144470473,37.37494307536943,37.487857818603516,225700
2011-11-17,37.47172526380679,37.58464000270872,37.439463030778846,37.568511962890625,144300
2011-11-18,37.568511125937086,37.63303251385968,37.520117777473274,37.61690139770508,64500
2011-11-21,37.778199151626424,37.778199151626424,37.56850085235289,37.68141555786133,132000
2011-11-22,37.6814249272184,37.72981519778554,37.61690046420124,37.71368408203125,162300
2011-11-23,37.697533096312384,37.762054443359375,37.61687756663631,37.762054443359375,89100
2011-11-25,37.71368491885766,37.79434049941878,37.64916353110457,37.6652946472168,74300
2011-11-28,37.64916269570982,37.71368408203125,37.61690046420124,37.71368408203125,170100
2011-11-29,37.729801177978516,37.729801177978516,37.616886486351554,37.729801177978516,210800
2011-11-30,37.68141555786133,37.72980581639639,37.64915333437464,37.68141555786133,96900
2011-12-01,37.70406388892814,37.78494103978684,37.63936525338903,37.75259017944336,267200
2011-12-02,37.655540683560766,37.7687656096151,37.655540683560766,37.75259017944336,70900
2011-12-05,37.75258414238837,37.801110425143705,37.75258414238837,37.784934997558594,101100
2011-12-06,37.849641948288344,37.99521774342833,37.817291086002115,37.930519104003906,105600
2011-12-07,37.84963567187716,38.04373772825954,37.84963567187716,38.01138687133789,139300
2011-12-08,38.05993019740488,38.18933059788078,38.05993019740488,38.140804290771484,94600
2011-12-09,38.12461853027344,38.22166803306048,38.0922676676284,38.12461853027344,54800
2011-12-12,38.173155162177686,38.22167838413808,38.10845341936528,38.140804290771484,93500
2011-12-13,38.108420451143814,38.14077129456277,38.05989727116162,38.076072692871094,303800
2011-12-14,38.124616774114855,38.20549392700195,38.124616774114855,38.20549392700195,53400
2011-12-15,38.28636799474113,38.28636799474113,38.156967635269694,38.20549392700195,125600
2011-12-16,38.2216635696179,38.31871614621943,38.124614078164086,38.18931579589844,127100
2011-12-19,38.20550063715742,38.39959966788084,38.18932520373906,38.3187255859375,155000
2011-12-20,38.35106254950931,38.35106254950931,38.23783763266786,38.25401306152344,73600
2011-12-21,38.27018849037902,38.33489020580133,38.23783763266786,38.25401306152344,210600
2011-12-22,38.30254141349359,38.36724004725708,38.20549192027449,38.33489227294922,104300
2011-12-23,38.302542742801286,38.43194309996692,38.237841021644535,38.415767669677734,96900
2011-12-27,38.367227245820835,38.43192894314401,38.351051821490046,38.39957809448242,123900
2011-12-28,38.51181236556813,38.528076171875,38.430493334033784,38.528076171875,124900
2011-12-29,38.56060028076172,38.59312789303659,38.51181196435326,38.56060028076172,98200
2011-12-30,38.56059503232044,38.62565024801558,38.463015310781145,38.6093864440918,96000
2012-01-03,38.59313377321506,38.62566139044594,38.56060615598417,38.57686996459961,288200
2012-01-04,38.625655595691086,38.625655595691086,38.495548248291016,38.495548248291016,106100
2012-01-05,38.544334330400076,38.64191405193937,38.49554291862872,38.6093864440918,75700
2012-01-06,38.64191674522834,38.77202408368351,38.593125330056296,38.69070816040039,87900
2012-01-09,38.72324842876806,38.85335582017658,38.706984617091386,38.820831298828125,137800
2012-01-10,38.85335582017658,38.86961963185326,38.77203986379809,38.820831298828125,92200
2012-01-11,38.83708334887055,39.06477355957031,38.83708334887055,39.06477355957031,72000
2012-01-12,39.048515016726746,39.1298309659384,38.98345977575372,39.015987396240234,70400
2012-01-13,39.11356209121281,39.194881131899784,39.097301385079646,39.162353515625,78600
2012-01-17,39.227418150754836,39.34126173300001,39.12983527854043,39.14609909057617,137000
2012-01-18,39.16234826108939,39.30871941268264,39.16234826108939,39.21113967895508,113800
2012-01-19,39.25994267282134,39.32499792096428,39.09731075647393,39.14609909057617,118500
2012-01-20,39.19489052668337,39.19489052668337,39.0810469444382,39.14609909057617,516000
2012-01-23,39.1786221987539,39.1786221987539,38.88587981986335,38.91840744018555,167800
2012-01-24,38.853349838288246,38.983457209665346,38.837086029115554,38.86961364746094,98800
2012-01-25,38.85334880178528,39.1623549638141,38.85334880178528,39.113563537597656,107500
2012-01-26,39.04850996066746,39.27619707058253,39.04850996066746,39.162353515625,141800
2012-01-27,39.21114174128507,39.25993005971299,39.146086514042544,39.2274055480957,101700
2012-01-30,39.30872458139278,39.52014788260322,39.30872458139278,39.50388717651367,154500
2012-01-31,39.568931579589844,39.568931579589844,39.37376902258165,39.568931579589844,156700
2012-02-01,39.58686938410464,39.619475643608865,39.2607819106574,39.39121627807617,360400
2012-02-02,39.40752210185536,39.48904241767332,39.342303361360436,39.45643615722656,153800
2012-02-03,39.3260006492671,39.42382564738102,39.3260006492671,39.39121627807617,74000
2012-02-06,39.30968653396276,39.391206827867,39.277077172481114,39.34229278564453,104300
2012-02-07,39.35860243109967,39.440125845087195,39.32599617530492,39.40751647949219,289900
2012-02-08,39.39121718175463,39.39121718175463,39.277087496370015,39.293392181396484,128300
2012-02-09,39.35860781170168,39.39121718175463,39.24447812631707,39.293392181396484,133600
2012-02-10,39.293399560716196,39.391224579445925,39.2770948726277,39.37491989135742,89300
2012-02-13,39.40751647949219,39.42382116228969,39.32599617530492,39.40751647949219,49600
2012-02-14,39.40752210185536,39.52165178792078,39.342303361360436,39.45643615722656,220700
2012-02-15,39.48905944824219,39.53797352470871,39.40753909726671,39.48905944824219,188600
2012-02-16,39.48904127619009,39.521650645494944,39.39121627807617,39.39121627807617,193400
2012-02-17,39.44013147210283,39.48904241767332,39.40752210185536,39.45643615722656,94100
2012-02-21,39.44013147210283,39.50534710279705,39.391217416731635,39.45643615722656,59600
2012-02-22,39.42382116228969,39.4564305278847,39.37490711389717,39.40751647949219,160700
2012-02-23,39.4564305278847,39.50534146647695,39.32599617530492,39.40751647949219,352200
2012-02-24,39.44014425950188,39.456448949911966,39.37492549786153,39.4238395690918,191500
2012-02-27,39.47275026905403,39.537969030262374,39.42383930794948,39.5053596496582,163300
2012-02-28,39.50534146647695,39.50534146647695,39.39121179669468,39.40751647949219,118100
2012-02-29,39.48905495935612,39.5053596496582,39.40753461764739,39.5053596496582,120100
2012-03-01,39.47592769217366,39.47592769217366,39.31246566772461,39.31246566772461,241200
2012-03-02,39.32881331256704,39.39419937133789,39.27977688626779,39.39419937133789,103600
2012-03-05,39.361515045166016,39.41055460008727,39.34516852685893,39.361515045166016,136100
2012-03-06,39.31246308531181,39.37784913790777,39.24708015049443,39.296119689941406,139500
2012-03-07,39.328818313074684,39.328818313074684,39.1980492966851,39.26343536376953,99800
2012-03-08,39.26343698275534,39.27978350020048,39.19805091297478,39.21439743041992,88400
2012-03-09,39.2470904653102,39.26343698275534,39.21439743041992,39.21439743041992,79700
2012-03-12,39.27977575705784,39.31246566772461,39.23073621438949,39.31246566772461,63100
2012-03-13,39.29612839731175,39.29612839731175,39.21439581345621,39.26343536376953,73400
2012-03-14,39.18170188798738,39.23074143718437,38.90381734476282,38.98554992675781,312900
2012-03-15,38.903811534634876,38.969197590465726,38.740352630615234,38.740352630615234,164000
2012-03-16,38.74035256895742,38.82208202083716,38.31535256006954,38.62592697143555,329500
2012-03-19,38.59322906354507,38.67495849848774,38.1191896110989,38.44611358642578,370000
2012-03-20,38.44611244599528,38.576881408691406,38.315343483299166,38.576881408691406,168300
2012-03-21,38.560541385709676,38.57688789851893,38.33169644193716,38.495155334472656,154400
2012-03-22,38.51148223876953,38.5768682567146,38.397059825142605,38.51148223876953,84400
2012-03-23,38.5605423352882,38.82208031111977,38.5278493088646,38.773040771484375,158900
2012-03-26,38.756706808159464,38.87113243769445,38.724016888929086,38.85478591918945,144200
2012-03-27,38.85477226533291,38.920155198597236,38.773039701529356,38.80573272705078,293700
2012-03-28,38.90382945155902,39.001908580475046,38.87113952636719,38.87113952636719,148200
2012-03-29,38.95286191243982,38.98555494944982,38.756706808159464,38.85478591918945,180100
2012-03-30,38.903821690771494,39.03459071879269,38.903821690771494,38.969207763671875,351100
2012-04-02,38.98557244107902,39.08389583056641,38.90363367846936,38.952796936035156,94400
2012-04-03,38.8708684589392,39.03474290187668,38.723381772859966,38.78893280029297,203300
2012-04-04,38.73976952971822,38.9364194863722,38.625058357355485,38.78893280029297,310600
2012-04-05,38.77255701507122,38.85449269901638,38.723393729316534,38.83810806274414,67800
2012-04-09,38.93642142569202,39.19861929719337,38.90364591034306,39.14945602416992,157400
2012-04-10,39.280559359851914,39.29694711936204,39.13307264990634,39.2641716003418,89000
2012-04-11,39.231388141249916,39.32971154493174,39.21500038636216,39.29693603515625,87500
2012-04-12,39.37888205381124,39.37888205381124,39.13306881091941,39.1986198425293,116000
2012-04-13,39.198623687946835,39.29694711936204,39.13307264990634,39.2641716003418,153600
2012-04-16,39.296940032751806,39.395266572080835,39.21500437562258,39.31332778930664,159600
2012-04-17,39.32971154493174,39.41164719372582,39.280548280268505,39.29693603515625,79700
2012-04-18,39.34610403340055,39.4444274489113,39.31332851968196,39.37887954711914,108100
2012-04-19,39.44442404355438,39.559135206021054,39.34610063653219,39.47719955444336,108800
2012-04-20,39.52638591211654,39.52638591211654,39.41167155698891,39.49361038208008,82900
2012-04-23,39.50998615981373,39.55914631430671,39.41165959953649,39.444435119628906,135500
2012-04-24,39.460823596409824,39.52637463778526,39.460823596409824,39.509986877441406,70400
2012-04-25,39.54275927248344,39.55914703282729,39.477211356753685,39.509986877441406,110100
2012-04-26,39.57551587529458,39.59190362780477,39.44441698085725,39.5263557434082,114800
2012-04-27,39.52637829772419,39.591926219523344,39.428051726556504,39.55915069580078,128100
2012-04-30,39.57553845766206,39.591926219523344,39.46082725027907,39.55915069580078,110200
2012-05-01,39.57558359045326,39.592012187029844,39.46058654785156,39.46058654785156,355900
2012-05-02,39.55915460991853,39.60844039916992,39.49344335768438,39.60844039916992,102400
2012-05-03,39.624851857353875,39.64127731323242,39.59199467873074,39.64127731323242,111400
2012-05-04,39.65769340881766,39.75626491363317,39.60841078984193,39.72340774536133,73000
2012-05-07,39.690568440277325,39.78913685602263,39.65771125721774,39.756282806396484,85500
2012-05-08,39.85485698426257,39.88771417207256,39.756288554266476,39.78914260864258,99700
2012-05-09,39.83842468261719,39.871281867369184,39.674141892290805,39.83842468261719,164000
2012-05-10,39.73984984022173,39.83841824511642,39.706992660779136,39.80556106567383,126400
2012-05-11,39.85485327499318,39.88771045974518,39.7562848541708,39.83842468261719,59000
2012-05-14,39.805571202547576,39.871285578167566,39.756288554266476,39.78914260864258,100600
2012-05-15,39.80556237653456,39.88770532784615,39.756279739180805,39.821990966796875,53300
2012-05-16,39.8384213177705,39.88770709073571,39.72342431428504,39.73985290527344,75400
2012-05-17,39.706998114130975,39.821995124540635,39.54271532778853,39.67414093017578,179400
2012-05-18,39.60842731079957,39.90413568172411,39.60842731079957,39.73985290527344,163700
2012-05-21,39.69055003321393,39.821975571068336,39.657692865392335,39.77268981933594,66500
2012-05-22,39.706995723296636,39.73985290527344,39.64128135934303,39.73985290527344,36400
2012-05-23,39.72342431428504,39.73985290527344,39.65770995033144,39.73985290527344,51400
2012-05-24,39.70698415871337,39.75626991732419,39.657698400102554,39.690555572509766,78900
2012-05-25,39.72342431428504,39.75628149626184,39.674138541319834,39.73985290527344,40400
2012-05-29,39.72341274491698,39.75626991732419,39.59198718872055,39.690555572509766,90000
2012-05-30,39.7398562617948,39.83842468261719,39.69057048466681,39.83842468261719,103500
2012-05-31,39.789146050158635,39.95342886998417,39.789146050158635,39.9370002746582,141400
2012-06-01,39.98145480341615,40.030853271484375,39.83325311761585,40.030853271484375,261900
2012-06-04,39.96499252319336,40.047325407313714,39.932058113225935,39.96499252319336,69200
2012-06-05,39.89912033081055,39.964989145177874,39.849721860832986,39.89912033081055,82800
2012-06-06,39.91560225728119,39.91560225728119,39.73446609175686,39.80033493041992,161900
2012-06-07,39.75092697143555,39.78386138552256,39.66859407701661,39.75092697143555,108600
2012-06-08,39.75092893932039,39.78386335503783,39.685063248684244,39.70153045654297,110700
2012-06-11,39.717979431152344,39.783845091551676,39.66857783025486,39.717979431152344,83300
2012-06-12,39.68504503055402,39.73444349065419,39.63564342965654,39.717979431152344,49400
2012-06-13,39.71798452349115,39.71798452349115,39.602714106617924,39.668582916259766,104600
2012-06-14,39.63565697596849,39.71799300560434,39.58625849898536,39.68505859375,76600
2012-06-15,39.652125751752386,39.71799457806887,39.53685844649705,39.55332565307617,108600
2012-06-18,39.685050118670226,39.71798452349115,39.55331564018426,39.668582916259766,77600
2012-06-19,39.65211868286133,39.70152029379173,39.63565147921786,39.65211868286133,46100
2012-06-20,39.685056064095384,39.701523268972885,39.61918724458539,39.63565444946289,71800
2012-06-21,39.652115713849305,39.701517321080686,39.635648511438845,39.668582916259766,59000
2012-06-22,39.65211868286133,39.800320374854586,39.6191842755744,39.65211868286133,52900
2012-06-25,39.71799300560434,39.71799300560434,39.63565697596849,39.68505859375,118600
2012-06-26,39.685063248684244,39.71799766440169,39.61919441724935,39.70153045654297,60700
2012-06-27,39.6521106299557,39.73444349065419,39.6521106299557,39.717979431152344,62300
2012-06-28,39.76739076000769,39.88265805860509,39.71799228392214,39.83325958251953,71000
2012-06-29,39.81678348900885,39.833250690961,39.63564740833272,39.73444747924805,48100
2012-07-02,39.8466976703689,39.89621831332217,39.764166413812404,39.79718017578125,84800
2012-07-03,39.84668934816385,39.86319622570072,39.79717186391821,39.81367874145508,38800
2012-07-05,39.84668976630834,39.879703521728516,39.830182888598245,39.879703521728516,79400
2012-07-06,39.87970215757434,39.92922278901067,39.78066404306657,39.912715911865234,103000
2012-07-09,39.912725194306596,39.929232075291026,39.78067329479683,39.79718017578125,149900
2012-07-10,39.87971671620814,39.99526175004264,39.87971671620814,39.929237365722656,94600
2012-07-11,39.92922293077455,40.12729916049334,39.92922293077455,40.077781677246094,211900
2012-07-12,40.14381299353628,40.14381299353628,40.044774861516245,40.094295501708984,75800
2012-07-13,40.09430871329703,40.16033310694445,40.07780182779356,40.1273193359375,67000
2012-07-16,40.22632778323611,40.27584525092328,40.176807167185025,40.25933837890625,64100
2012-07-17,40.27585983276367,40.34188734473699,40.25935295477034,40.27585983276367,63500
2012-07-18,40.32539298870708,40.35840675494527,40.29237922246888,40.34189987182617,67700
2012-07-19,40.358394622802734,40.39140523075157,40.275860232017926,40.358394622802734,204100
2012-07-20,40.35839572055514,40.40791320800781,40.32538196334323,40.40791320800781,169500
2012-07-23,40.39141326958627,40.506961439681795,40.34189577362533,40.4244270324707,192400
2012-07-24,40.4739363643248,40.63900198424539,40.44092261066772,40.589481353759766,290400
2012-07-25,40.62249510741685,40.63900198424539,40.57297447693122,40.589481353759766,86300
2012-07-26,40.53998220420483,40.65552725486368,40.52347531862978,40.62251663208008,125100
2012-07-27,40.63900292989856,40.67201353595895,40.47393730613696,40.49044418334961,132000
2012-07-30,40.53996658325195,40.556473462466535,40.4904490939735,40.53996658325195,60900
2012-07-31,40.53997108392801,40.5729848460223,40.44093294601077,40.52346420288086,89300
2012-08-01,40.602874190251605,40.61941700101693,40.52014435732279,40.56978225708008,251200
2012-08-02,40.53669032390856,40.602874190251605,40.487052424151265,40.56978225708008,87800
2012-08-03,40.536692445246,40.569784380149265,40.453965763808434,40.47050857543945,131100
2012-08-06,40.53670120239257,40.53670120239257,40.47051731828832,40.53670120239258,66300
2012-08-07,40.50359727641519,40.50359727641519,40.35468673706055,40.35468673706055,89900
2012-08-08,40.40434864683928,40.437440598766194,40.33816474298547,40.420894622802734,58400
2012-08-09,40.42086792696227,40.42086792696227,40.27195739746094,40.27195739746094,112000
2012-08-10,40.321597486070864,40.37123222805802,40.27195958826339,40.28850555419922,91200
2012-08-13,40.338148495851264,40.37124043444962,40.32160568237305,40.32160568237305,54600
2012-08-14,40.35470426082953,40.371250234145066,40.18925083931761,40.22233963012695,100000
2012-08-15,40.27195414917013,40.27195414917013,40.10649766797861,40.15613555908203,95000
2012-08-16,40.12306050517064,40.205787202646626,40.1065145345112,40.13960647583008,167400
2012-08-17,40.222330373265834,40.27196828178866,40.18924159007161,40.23887634277344,100700
2012-08-20,40.255413622327566,40.28850555419922,40.15614098253294,40.28850555419922,91000
2012-08-21,40.238865467389495,40.30504932753238,40.20577353731805,40.27195739746094,125500
2012-08-22,40.30506886351907,40.338157653808594,40.22233899824105,40.338157653808594,54000
2012-08-23,40.32161756844157,40.45398220603267,40.288525620088315,40.38779830932617,89300
2012-08-24,40.43742977147351,40.470518558718524,40.3050651550293,40.3050651550293,645600
2012-08-27,40.38778189400189,40.50360051034273,40.38778189400189,40.47050857543945,248800
2012-08-28,40.503610333036534,40.503610333036534,40.42088363153658,40.487064361572266,45200
2012-08-29,40.53670120239257,40.53670120239257,40.487063289314385,40.53670120239258,48000
2012-08-30,40.503610333036534,40.520156304500794,40.437429603000844,40.487064361572266,48600
2012-08-31,40.52015523136651,40.53670120239257,40.45397450308356,40.53670120239258,106800
2012-09-04,40.61464134663126,40.61464134663126,40.564887686376146,40.59805679321289,73400
2012-09-05,40.54830835885544,40.58147430419922,40.5317238045934,40.58147430419922,48100
2012-09-06,40.56489647139669,40.631234699436845,40.41564178466797,40.41564178466797,115400
2012-09-07,40.48197937011719,40.53173304424519,40.44881025403185,40.48197937011719,176200
2012-09-10,40.51514848620252,40.51514848620252,40.43222569598918,40.48197937011719,92500
2012-09-11,40.48197684952731,40.48197684952731,40.39905722765793,40.41564178466797,56800
2012-09-12,40.41564178466797,40.43222317849719,40.33271899961777,40.41564178466797,73800
2012-09-13,40.38248476726647,40.4156538912224,40.31614651935462,40.34931564331055,121500
2012-09-14,40.36586596705385,40.36586596705385,40.13368862265817,40.20002365112305,180500
2012-09-17,40.216613462093115,40.24978256225586,40.15027526176763,40.24978256225586,110700
2012-09-18,40.26637443127917,40.36587858667409,40.21662077199167,40.282958984375,766000
2012-09-19,40.33270294481095,40.39904114644457,40.28295245676529,40.29953384399414,217000
2012-09-20,40.34928911328259,40.46537780761719,40.34928911328259,40.46537780761719,81500
2012-09-21,40.39906876515782,40.531742095947266,40.39906876515782,40.531742095947266,55500
2012-09-24,40.531717145240144,40.59805218820917,40.48196349062855,40.548301696777344,138900
2012-09-25,40.564906415122095,40.63124465942383,40.49857133400195,40.63124465942383,103600
2012-09-26,40.58149792685572,40.7307558389174,40.58149792685572,40.69758987426758,166300
2012-09-27,40.66439279023265,40.780481494653,40.647808237718316,40.76389694213867,124100
2012-09-28,40.780481494653,40.830235152195996,40.71414328459568,40.76389694213867,109200
2012-10-01,40.758922374873926,40.89190404777184,40.69242995315839,40.85865783691406,357500
2012-10-02,40.891912815611185,40.891912815611185,40.74230800520688,40.82542037963867,154200
2012-10-03,40.875302697491335,40.92517204032006,40.792190296644996,40.89192581176758,149900
2012-10-04,40.908548926043814,40.908548926043814,40.792190296644996,40.89192581176758,84000
2012-10-05,40.85865783691406,40.85865783691406,40.792168585731694,40.85865783691406,73700
2012-10-08,40.8420299888399,40.89189929933564,40.79216384887695,40.79216384887695,52700
2012-10-09,40.875276900003094,40.891900003788045,40.77554144782624,40.80878448486328,56800
2012-10-10,40.842031111451625,40.842031111451625,40.75891876220703,40.75891876220703,55600
2012-10-11,40.75891741492946,40.80878355461475,40.74229431152344,40.74229431152344,64100
2012-10-12,40.792164551611194,40.84203069243319,40.75891834404129,40.80878448486328,62900
2012-10-15,40.82540800749613,40.89190042331811,40.742295658251535,40.75891876220703,166500
2012-10-16,40.8420295715332,40.8420295715332,40.74229412209357,40.8420295715332,100400
2012-10-17,40.82540758864824,40.84203069243319,40.74229524025634,40.80878448486328,69400
2012-10-18,40.79217733218626,40.82542037963867,40.72568489621375,40.82542037963867,89500
2012-10-19,40.80878378184273,40.80878378184273,40.72567143488262,40.79216384887695,76800
2012-10-22,40.75890104267553,40.79214723613307,40.725654849217996,40.7755241394043,52300
2012-10-23,40.77554074537837,40.82540688534131,40.7422945383812,40.79216384887695,87100
2012-10-24,40.80878336487574,40.8420295715332,40.7589172254223,40.8420295715332,114300
2012-10-25,40.82539765936517,40.82539765936517,40.69241603196133,40.72566223144531,78100
2012-10-26,40.77554074537837,40.80878378184273,40.7422945383812,40.79216384887695,43900
2012-10-31,40.77555422319313,40.875289706618055,40.7589311142,40.82542037963867,105700
2012-11-01,40.72567213647138,40.80878448486328,40.72567213647138,40.80878448486328,106900
2012-11-02,40.72567213647138,40.80878448486328,40.72567213647138,40.80878448486328,51700
2012-11-05,40.875280942342954,40.875280942342954,40.74229926944504,40.85865783691406,77300
2012-11-06,40.792164551611194,40.891900003788045,40.77554144782624,40.80878448486328,90900
2012-11-07,40.858659400690776,41.00826418474337,40.858659400690776,40.92515182495117,125300
2012-11-08,40.95839197381161,41.09137364240711,40.94176886892054,40.99163818359375,117200
2012-11-09,41.12462347100847,41.15786968371616,41.008264897064905,41.09137725830078,620500
2012-11-12,41.141233121234734,41.207725524902344,41.09136381848403,41.207725524902344,81700
2012-11-13,41.22433853149414,41.25758472774411,41.15784930952598,41.22433853149414,165700
2012-11-14,41.27422869512459,41.27422869512459,41.14124701341771,41.19111633300781,175600
2012-11-15,41.32406850482195,41.32406850482195,41.091348350122445,41.157840728759766,152800
2012-11-16,41.20772775883476,41.274216995574534,41.1412353515625,41.1412353515625,103200
2012-11-19,41.24095806077742,41.324073544209845,41.19109194124948,41.27420425415039,166200
2012-11-20,41.290844190578795,41.35733343390969,41.25759798364695,41.34071350097656,121100
2012-11-21,41.37395136923175,41.390574470621225,41.27421593142726,41.3240852355957,106100
2012-11-23,41.3739614802782,41.39058458573006,41.274226018100165,41.307472229003906,49400
2012-11-26,41.30745791531996,41.42381644262979,41.27421171593655,41.37394714355469,211100
2012-11-27,41.40722027328605,41.44046649429207,41.324107891305154,41.42384338378906,129300
2012-11-28,41.457093623725356,41.54020601376333,41.440470511610876,41.473716735839844,110400
2012-11-29,41.49031224767561,41.55680465698242,41.49031224767561,41.55680465698242,103100
2012-11-30,41.573449316374976,41.573449316374976,41.49033376164358,41.54020309448242,107700
2012-12-03,41.58182121148497,41.598480976897264,41.498525561948846,41.53184509277344,113700
2012-12-04,41.56517890565818,41.581835499268436,41.481880049974684,41.548519134521484,134100
2012-12-05,41.54850485818573,41.648460273134155,41.465206031124254,41.53184509277344,130500
2012-12-06,41.498525561948846,41.54850485818573,41.481865796536546,41.53184509277344,115000
2012-12-07,41.54852592191655,41.5651856957748,41.448567278767044,41.4985466003418,102900
2012-12-10,41.48188117661847,41.54852026297518,41.44856163344012,41.4652214050293,100400
2012-12-11,41.481881955176064,41.49854172707792,41.315287413684075,41.39858627319336,274400
2012-12-12,41.31527404158965,41.348593574609176,41.0487241324846,41.24863815307617,322600
2012-12-13,41.09869666350489,41.2153118323424,40.93210220336914,40.93210220336914,208700
2012-12-14,40.89878637148828,41.04872108140618,40.74885166157037,40.81549072265625,274800
2012-12-17,40.78218276020906,40.9321175126568,40.648907777758424,40.748863220214844,269700
2012-12-18,40.698871484885046,40.84880617985181,40.48229773547749,40.58225631713867,949100
2012-12-19,40.56561210529911,40.81550230020328,40.56561210529911,40.748863220214844,454300
2012-12-20,40.748841115420205,40.93209530845329,40.715524771025144,40.86545944213867,354500
2012-12-21,40.81549746376174,40.96543219844293,40.81549746376174,40.94877243041992,190000
2012-12-24,40.915452894373914,40.99875173448894,40.83215723178474,40.94877243041992,72600
2012-12-26,40.96544929484847,40.98210906982422,40.898810194945476,40.98210906982422,161300
2012-12-27,40.519639249425374,40.58641903315701,40.43616053927684,40.53633499145508,352100
2012-12-28,40.31930686986348,40.51965265612097,40.26922281159029,40.28591537475586,219500
2012-12-31,40.33599213977495,40.46955490112305,40.23582086486073,40.46955490112305,277400
2013-01-02,40.502933502197266,40.519629240102724,40.33597930752909,40.502933502197266,518000
2013-01-03,40.45284628848089,40.502933502197266,40.38606652124546,40.502933502197266,411800
2013-01-04,40.502952838213844,40.502952838213844,40.38608580146999,40.45286560058594,119800
2013-01-07,40.48625946044922,40.50295520730175,40.41947647303909,40.48625946044922,127700
2013-01-08,40.486246886239556,40.60311389352264,40.486246886239556,40.58641815185547,174600
2013-01-09,40.619796519198815,40.71996775246978,40.60310078292263,40.669883728027344,130800
2013-01-10,40.65318156129391,40.703265577814136,40.619790094023365,40.68657302856445,226700
2013-01-11,40.66989779893731,40.71998184070775,40.61981057277968,40.653202056884766,191600
2013-01-14,40.65318799175117,40.75335922502213,40.586405046646455,40.669883728027344,180600
2013-01-15,40.71998477523816,40.71998477523816,40.619813500091134,40.70328903198242,137400
2013-01-16,40.686591223533455,40.83684652467362,40.686591223533455,40.73667526245117,688800
2013-01-17,40.78676480891793,40.78676480891793,40.653202056884766,40.653202056884766,135800
2013-01-18,40.73668407706314,40.80346705591996,40.71998833234893,40.753379821777344,111600
2013-01-22,40.70326830499022,40.80344271351367,40.70326830499022,40.786746978759766,166300
2013-01-23,40.77006674465432,40.80345822685748,40.73667526245117,40.73667526245117,90400
2013-01-24,40.786771311205754,40.82016280063416,40.73668407706314,40.753379821777344,147900
2013-01-25,40.75335277871995,40.770048512355224,40.65318156129391,40.68657302856445,124300
2013-01-28,40.586429332245814,40.636516571044915,40.536345277834705,40.63651657104492,121600
2013-01-29,40.586409091746596,40.636496305567135,40.569713353806414,40.61980056762695,141800
2013-01-30,40.56972066325072,40.58641640419897,40.5029408838447,40.55302810668945,95800
2013-01-31,40.50294262790673,40.58641815185547,40.486246886239556,40.58641815185547,88300
2013-02-01,40.606483722756145,40.62321524824667,40.52282609530353,40.589752197265625,214400
2013-02-04,40.539565506962504,40.623223150689064,40.539565506962504,40.573028564453125,84100
2013-02-05,40.53958102588486,40.62323870163634,40.506117955584266,40.556312561035156,153800
2013-02-06,40.58974812096516,40.60647964477539,40.53955354953447,40.60647964477539,112600
2013-02-07,40.62324523925781,40.63997677710076,40.57305062572895,40.62324523925781,176600
2013-02-08,40.62321116858562,40.65667102499421,40.5562850733447,40.60647964477539,110000
2013-02-11,40.606483722756145,40.656675108015534,40.55628914628458,40.589752197265625,138900
2013-02-12,40.60650716648604,40.62323870163634,40.556312561035156,40.556312561035156,149400
2013-02-13,40.57304253813356,40.58977407264135,40.45592498779297,40.45592498779297,144300
2013-02-14,40.45592498779297,40.50611640010242,40.422461918777394,40.45592498779297,109700
2013-02-15,40.45591381137965,40.53956826959416,40.422450751608636,40.43918228149414,112300
2013-02-19,40.48937687115067,40.50610520982315,40.43918228149414,40.43918228149414,109300
2013-02-20,40.47264534126516,40.50610520982315,40.38898769183762,40.43918228149414,145600
2013-02-21,40.405719221723125,40.45591381137965,40.35552782327963,40.43918228149414,94400
2013-02-22,40.439189369666316,40.472652435302734,40.405726304029905,40.472652435302734,90200
2013-02-25,40.422447470910384,40.47264205649309,40.38898441385524,40.40571594238281,103100
2013-02-26,40.42245101928711,40.472645609276015,40.3889879592945,40.42245101928711,76600
2013-02-27,40.43918254928341,40.48937713927232,40.42245101928711,40.42245101928711,125600
2013-02-28,40.48937687115067,40.53956826959416,40.422450751608636,40.43918228149414,97800
2013-03-01,40.53139523189563,40.56493459705406,40.44755001748945,40.514625549316406,153000
2013-03-04,40.53139195993614,40.56493132238706,40.481082916259766,40.481082916259766,121100
2013-03-05,40.53141756404033,40.56495694767842,40.41403291979871,40.548187255859375,160800
2013-03-06,40.48111165510155,40.497881348232355,40.34695730854705,40.39726638793945,137500
2013-03-07,40.34695171046033,40.38049109206839,40.26310645493166,40.31341552734375,78600
2013-03-08,40.17925733676197,40.27987547992297,39.96125775689599,40.16249084472656,1633700
2013-03-11,40.112179363169446,40.212794301793984,40.04510060509227,40.07863998413086,201700
2013-03-12,40.09540967365015,40.14571874220804,40.07863998413086,40.07863998413086,139500
2013-03-13,40.09542904367891,40.14573813654103,40.0451199508168,40.0618896484375,106600
2013-03-14,40.07865934605821,40.112198741299615,39.97804435882675,40.0618896484375,246900
2013-03-15,40.02833411406421,40.112179363169446,39.994794735025614,40.07863998413086,182800
2013-03-18,40.0954009338633,40.179246164692394,40.078631247999375,40.14570999145508,76300
2013-03-19,40.09542407937016,40.1625028615478,40.061884688281346,40.128963470458984,125300
2013-03-20,40.162491971997895,40.229567537496465,40.09541320800781,40.09541320800781,211200
2013-03-21,40.12894030559115,40.179246164692394,40.11217061972722,40.14570999145508,148200
2013-03-22,40.12894030559115,40.19601585055632,40.12894030559115,40.14570999145508,188400
2013-03-25,40.1624820437808,40.19601821899414,40.12894267007673,40.19601821899414,119800
2013-03-26,40.17924853214211,40.19601821899414,40.14571235692877,40.19601821899414,82800
2013-03-27,40.179281684543724,40.26313018798828,40.12897578097035,40.26313018798828,163700
2013-03-28,40.26311317530038,40.3301887512207,40.17926470728497,40.3301887512207,116100
2013-04-01,40.29994186848434,40.35035996485249,40.21591491329363,40.24952697753906,93300
2013-04-02,40.24950504979762,40.36714400514461,40.23269902683075,40.350337982177734,93600
2013-04-03,40.28311086929465,40.400753021240234,40.28311086929465,40.400753021240234,78100
2013-04-04,40.40077986998122,40.484806828933856,40.36716780423097,40.451194763183594,97000
2013-04-05,40.535202981952274,40.63603591918945,40.535202981952274,40.63603591918945,172800
2013-04-08,40.53522124491957,40.6696662902832,40.53522124491957,40.6696662902832,104300
2013-04-09,40.66965957919089,40.7032684309188,40.61924149346573,40.68646240234375,133300
2013-04-10,40.652847290039055,40.669653316025965,40.602429212078334,40.65284729003906,106000
2013-04-11,40.63603591918945,40.652841942965864,40.56881182408382,40.63603591918945,85400
2013-04-12,40.65286025893491,40.72008117890536,40.63605422758661,40.6696662902832,132100
2013-04-15,40.68646240234375,40.72007445949385,40.60243546489068,40.68646240234375,168200
2013-04-16,40.669653316025965,40.703262162578085,40.63604126405215,40.65284729003906,119200
2013-04-17,40.70327682141921,40.753694917537466,40.669667962763235,40.73688888549805,78300
2013-04-18,40.77048339296646,40.80409544257125,40.72006531855927,40.75367736816406,89300
2013-04-19,40.73688202223935,40.83771499206489,40.7032699638234,40.78730010986328,96900
2013-04-22,40.80410613907126,40.80410613907126,40.73688202223935,40.78730010986328,136100
2013-04-23,40.78728713348032,40.8040931573415,40.73686906189678,40.77048110961914,113600
2013-04-24,40.75368576652121,40.80410385131836,40.70326768172406,40.80410385131836,95600
2013-04-25,40.770492545219014,40.804104602369115,40.68646240234375,40.68646240234375,154500
2013-04-26,40.75367508575796,40.8040931573415,40.720063038035605,40.77048110961914,91200
2013-04-29,40.770500949576885,40.854527904351116,40.72008285345863,40.73688888549805,192200
2013-04-30,40.787297812997465,40.804103841259035,40.72007369995117,40.72007369995117,89200
2013-05-01,40.82448874452124,40.891857430211665,40.82448874452124,40.87501525878906,98000
2013-05-02,40.84134558454698,40.908714294433594,40.84134558454698,40.908714294433594,171200
2013-05-03,40.85818539058591,40.85818539058591,40.75713554393786,40.824501037597656,67900
2013-05-06,40.790811377228714,40.875022248742475,40.70660371803123,40.723445892333984,159900
2013-05-07,40.68976478131534,40.807656798498705,40.65608043002965,40.75713348388672,133800
2013-05-08,40.757132308047474,40.807655621201874,40.68976360741968,40.79081344604492,99700
2013-05-09,40.75713348388672,40.824498974141555,40.68976478131534,40.75713348388672,177700
2013-05-10,40.773962982351144,40.82448949755096,40.622389861383304,40.63922882080078,69100
2013-05-13,40.622393105434774,40.672916412353516,40.58870875927825,40.672916412353516,105800
2013-05-14,40.6223954185963,40.723445250503914,40.55502672244707,40.571868896484375,141000
2013-05-15,40.622389861383304,40.63922882080078,40.555021174450225,40.63922882080078,97100
2013-05-16,40.622393105434774,40.70660075851005,40.58870875927825,40.672916412353516,78800
2013-05-17,40.689757646823494,40.723441992203014,40.53818130493164,40.53818130493164,72100
2013-05-20,40.622389800998526,40.67291310380744,40.45397129623197,40.48765563964844,832000
2013-05-21,40.53819451039738,40.555036688573544,40.43714465365745,40.470829010009766,191200
2013-05-22,40.521336770749116,40.521336770749116,40.4202869528155,40.48765563964844,127300
2013-05-23,40.45397857034253,40.487662919815854,40.319244384765625,40.319244384765625,144000
2013-05-24,40.33607282385128,40.43712262554436,40.31923065484989,40.42028045654297,143900
2013-05-28,40.437136970378226,40.437136970378226,40.2013529453463,40.285560607910156,115200
2013-05-29,40.20136847594411,40.235049626591504,40.016107691953955,40.083473205566406,318700
2013-05-30,39.99924383815321,40.11713583233722,39.982401665796075,40.04977035522461,112200
2013-05-31,39.99923524979748,40.08344288118675,39.8813432809264,39.9150276184082,145500
2013-06-03,39.899847470946305,40.00111843981981,39.84921520575327,39.96736145019531,266700
2013-06-04,39.96735300303175,39.96735300303175,39.88296054680697,39.916717529296875,205300
2013-06-05,39.89984130859376,39.950476785210085,39.84920905122064,39.89984130859375,142600
2013-06-06,39.89984130859376,39.93359829300464,39.79857357460431,39.89984130859375,128100
2013-06-07,39.84923475243834,39.89986704246732,39.781720740072636,39.79859924316406,166600
2013-06-10,39.83234225055355,39.83234225055355,39.68043899536133,39.68043899536133,162400
2013-06-11,39.59604168821416,39.61292018331857,39.51165243193585,39.579166412353516,339500
2013-06-12,39.562271010012964,39.562271010012964,39.393489350342705,39.47787857055664,270400
2013-06-13,39.342862808232674,39.4610090310205,39.275352060600966,39.44413375854492,177600
2013-06-14,39.39350106968643,39.629793531975025,39.359744083861386,39.6129150390625,176900
2013-06-17,39.477898446379776,39.54541243193591,39.4272661764567,39.528533935546875,189600
2013-06-18,39.41038667127933,39.44414366319332,39.393508175322346,39.42726516723633,137700
2013-06-19,39.46102478133836,39.477903279793885,39.25848923836088,39.275367736816406,153200
2013-06-20,38.95467783848701,38.9715563348341,38.58336057658312,38.73526382446289,775600
2013-06-21,38.54961088194516,38.701514158582654,37.823851497842625,38.077022552490234,462600
2013-06-24,37.65504682423986,37.891342454902095,37.064312576448266,37.63816833496094,491300
2013-06-25,37.48627995766183,38.060135942845896,37.351255209338746,37.891357421875,378900
2013-06-26,38.279555539215224,38.68462980924599,38.178287776518566,38.66775131225586,383300
2013-06-27,39.05593975461666,39.07281824843875,38.735258029727525,38.88716125488281,295300
2013-06-28,38.87027137832415,38.87027137832415,38.330169391910836,38.583343505859375,332600
2013-07-01,38.58673979208864,38.82357423944787,38.56982281537845,38.60365676879883,202400
2013-07-02,38.63748022489047,38.78972974733444,38.50214767456055,38.50214767456055,290700
2013-07-03,38.23148257390071,38.77281277522039,38.23148257390071,38.50214767456055,115500
2013-07-05,38.53598871088811,38.53598871088811,37.740907008114625,37.9269905090332,301000
2013-07-08,37.94391273804527,38.24841188113424,37.94391273804527,38.23149490356445,199400
2013-07-09,38.113079287159536,38.26532885870402,38.113079287159536,38.23149490356445,140000
2013-07-10,38.24841307539237,38.366828695494675,37.74091341220354,38.079246520996094,242200
2013-07-11,38.26531886204619,38.40065142066582,38.26531886204619,38.366817474365234,124100
2013-07-12,38.36682630908705,38.48524192182393,38.31607537794977,38.38374328613281,147900
2013-07-15,38.41758024536549,38.43449722515536,38.2314999208449,38.248416900634766,392900
2013-07-16,38.29914723577442,38.50214767456055,38.21456560178666,38.50214767456055,207200
2013-07-17,38.485240739123526,38.60365634822134,38.485240739123526,38.53599166870117,75600
2013-07-18,38.603656744268406,38.65440767436672,38.36682552364306,38.43449020385742,138500
2013-07-19,38.40065092305806,38.48523256113078,38.09615186346402,38.12998580932617,172700
2013-07-22,37.8085586581624,38.11305762821021,37.74089078633767,37.85930633544922,164300
2013-07-23,37.943898639834046,38.02848026967275,37.808566096142705,37.910064697265625,170100
2013-07-24,37.79166934885807,37.91008498463466,37.724001427509116,37.757835388183594,150700
2013-07-25,37.80856971483727,37.960819244384766,37.723984850320505,37.960819244384766,135900
2013-07-26,38.079226782064936,38.316057899504614,38.011558904749606,38.29914093017578,154600
2013-07-29,38.34990184396085,38.34990184396085,38.12998763847261,38.163818359375,102000
2013-07-30,38.197652062984055,38.26531995752244,38.04540252685547,38.04540252685547,97200
2013-07-31,38.02848555322087,38.06231950049007,37.82548832277129,38.04540252685547,496100
2013-08-01,38.02843294887712,38.02843294887712,37.84193492042525,37.92670822143555,148200
2013-08-02,38.02845623357664,38.2149543762207,37.99454689240994,38.2149543762207,216000
2013-08-05,38.096263784431684,38.23189788720751,38.01149368286133,38.01149368286133,169800
2013-08-06,38.07930696206441,38.09626162817326,37.90976676851972,38.028446197509766,319500
2013-08-07,37.94368172577858,38.16408920288086,37.909775619416635,38.16408920288086,251900
2013-08-08,38.11323490437941,38.18105360192963,38.04541944060268,38.062374114990234,179300
2013-08-09,38.113228343181746,38.18104702905696,38.06236756254826,38.07931900024414,189400
2013-08-12,38.13018964321075,38.19800834087558,38.09628029437833,38.14714431762695,177800
2013-08-13,38.11322868612975,38.147138029372485,37.825005736112466,37.87586975097656,176000
2013-08-14,37.90975356123349,37.994523628473,37.79107417358986,37.92670822143555,107100
2013-08-15,37.77412855983173,37.909762640160125,37.72326456704425,37.824989318847656,300600
2013-08-16,37.84192322594057,37.892787190827995,37.67237991008561,37.808013916015625,256500
2013-08-19,37.68937135852584,37.841960168380034,37.43505775335984,37.67241668701172,158900
2013-08-20,37.65546101967127,37.740234375,37.60460024024688,37.740234375,160400
2013-08-21,37.62156079869314,37.740240280952605,37.62156079869314,37.63851547241211,208000
2013-08-22,37.638510577756406,37.70632603003997,37.60460123472816,37.67241668701172,164300
2013-08-23,37.655460357666016,37.791097723807404,37.655460357666016,37.655460357666016,264500
2013-08-26,37.72327670583313,37.72327670583313,37.401144448731486,37.502872467041016,134100
2013-08-27,37.50287130127484,37.63850542103213,37.45200729370117,37.45200729370117,174900
2013-08-28,37.519822645871116,37.570686653321665,37.36723709106445,37.36723709106445,143800
2013-08-29,37.3163765616187,37.5706901550293,37.3163765616187,37.5706901550293,149000
2013-08-30,37.46897196899572,37.63851547241211,37.46897196899572,37.63851547241211,135900
2013-09-03,37.62321375187464,37.62321375187464,37.41929570360188,37.5042610168457,161300
2013-09-04,37.45328008163943,37.58922651651284,37.43628637212792,37.5212516784668,92700
2013-09-05,37.521252215704585,37.58922705472391,37.317330939865336,37.351318359375,148500
2013-09-06,37.48727398370499,37.5212614115444,37.38531494140625,37.38531494140625,182600
2013-09-09,37.504256986813154,37.538244404946134,37.35131684643335,37.40229797363281,148200
2013-09-10,37.419275127295904,37.487246692270624,37.38528772419997,37.470252990722656,127500
2013-09-11,37.48726296429048,37.674190521240234,37.419291369811475,37.674190521240234,281100
2013-09-12,37.606231689453125,37.81015304210914,37.52126634989142,37.606231689453125,157900
2013-09-13,37.67417937093318,37.87810057645341,37.67417937093318,37.861106872558594,217000
2013-09-16,37.92908047540772,38.20097326983075,37.92908047540772,38.09901428222656,256400
2013-09-17,38.26894533209899,38.30293273925781,38.16698311062252,38.30293273925781,88300
2013-09-18,38.20097579134041,38.64280242174567,38.04803567923021,38.62580871582031,200800
2013-09-19,38.50686036263273,38.57483519400789,38.38790764894457,38.54084777832031,241700
2013-09-20,38.5918213039696,38.67678983359638,38.54084342741153,38.62580871582031,117600
2013-09-23,38.67680206922077,38.7447736732074,38.64281464661794,38.727783203125,132200
2013-09-24,38.65979158384317,38.744756862265675,38.608810472059105,38.69377899169922,132900
2013-09-25,38.74476395920944,38.829732494413385,38.676792372264494,38.778751373291016,114600
2013-09-26,38.744756862265675,38.812731677977766,38.676785287771196,38.69377899169922,130400
2013-09-27,38.778751373291016,38.778751373291016,38.710779786346066,38.778751373291016,93100
2013-09-30,38.76174396403804,38.829718768172214,38.65978499905384,38.81272506713867,160200
2013-10-01,38.74631301647608,38.88256365758417,38.67818607168628,38.86553192138672,95300
2013-10-02,38.848500185189266,38.91662712997907,38.74631301647608,38.86553192138672,95100
2013-10-03,38.8314866274114,38.89961360409391,38.763362899201944,38.84851837158203,115600
2013-10-04,38.84851482643211,38.84851482643211,38.66117215459741,38.69523239135742,207000
2013-10-07,38.76335433875923,38.76335433875923,38.62710366395667,38.66116714477539,195500
2013-10-08,38.71224881228931,38.72928054816481,38.61006164550781,38.61006164550781,189800
2013-10-09,38.64415478665023,38.729310282935124,38.59305953979492,38.59305953979492,310200
2013-10-10,38.62709045410156,38.661153923271115,38.54193178117768,38.62709045410156,123400
2013-10-11,38.61007866411337,38.74632936270263,38.61007866411337,38.644142150878906,225400
2013-10-14,38.66115507438521,38.69521529609767,38.49084097193766,38.57599639892578,136500
2013-10-15,38.55897988945025,38.62710685671879,38.4908561706543,38.4908561706543,310000
2013-10-16,38.576001937284154,38.610065412358416,38.49084649807026,38.52490997314453,126800
2013-10-17,38.644107912669746,38.7633267622498,38.524889063089695,38.72926330566406,148200
2013-10-18,38.67818221264006,38.814436088625186,38.66115372661312,38.780372619628906,78800
2013-10-21,38.7633526041956,38.81444782313731,38.695225645606676,38.712257385253906,144900
2013-10-22,38.81445813171382,38.91664534826453,38.780394643372574,38.84851837158203,142300
2013-10-23,38.96772561491903,39.052884310165396,38.899601907194004,39.00178909301758,84500
2013-10-24,39.06990935018818,39.13803304623255,39.03584587793025,39.10396957397461,93900
2013-10-25,39.13804330007385,39.20617026243842,39.0528878455905,39.06991958618164,130500
2013-10-28,39.08694578408284,39.1721012264908,39.06991404590688,39.12100601196289,118100
2013-10-29,39.13803951959893,39.17210299749091,39.12100778065294,39.15507125854492,116100
2013-10-30,39.257251950663814,39.291315422921755,39.10396957397461,39.10396957397461,117200
2013-10-31,39.13804128598294,39.240231724270956,39.10397780655361,39.18913650512695,129700
2013-11-01,39.238630783259666,39.30690312649568,39.11915743800113,39.15329360961914,56900
2013-11-04,39.20448966239278,39.20448966239278,39.136220583179686,39.17035675048828,107600
2013-11-05,39.153288934755466,39.187421846893535,38.99967943621974,39.050880432128906,148800
2013-11-06,39.11915276721328,39.11915276721328,38.99967943621974,39.050880432128906,221700
2013-11-07,39.03380348803649,39.170344860419966,39.03380348803649,39.119140625,158900
2013-11-08,39.01672856742355,39.17033799134274,38.84605106802417,38.99966049194336,446100
2013-11-11,38.948486472172995,39.03382691576011,38.89728546142578,38.89728546142578,180200
2013-11-12,38.91433615669921,38.982608486764754,38.846067082037536,38.88020324707031,166500
2013-11-13,38.914351283407534,38.965555550860714,38.880218360510554,38.931419372558594,128600
2013-11-14,38.93138819002259,39.03379664290374,38.9143201145424,38.99966049194336,145400
2013-11-15,38.982616847426016,39.03382110595703,38.982616847426016,39.03382110595703,114800
2013-11-18,39.05087860978523,39.1362190246582,39.033813782214594,39.1362190246582,295400
2013-11-19,39.085014775734415,39.1532871076328,39.05087860978523,39.1362190246582,163900
2013-11-20,39.119158281437485,39.170362539968494,38.99968493360302,39.03382110595703,160600
2013-11-21,38.99967306144995,39.050874048989954,38.96553689948756,38.98260498046875,157300
2013-11-22,38.96554989037584,39.033822237062225,38.94848180370424,39.016754150390625,161200
2013-11-25,38.96554594812828,39.06795120239258,38.914341693293956,39.06795120239258,100700
2013-11-26,39.01674751999084,39.11915276721328,39.01674751999084,39.050880432128906,90800
2013-11-27,39.03381828790737,39.10208737228212,38.98261403307305,39.06795120239258,121500
2013-11-29,39.102088928222656,39.119157013846596,39.05088467135083,39.102088928222656,42500
2013-12-02,39.11919710687589,39.11919710687589,38.94814618908291,38.982357025146484,100500
2013-12-03,38.94814269141449,39.03366651136822,38.94814269141449,38.965248107910156,119500
2013-12-04,38.94814044254958,38.94814044254958,38.84550794950158,38.87971878051758,140100
2013-12-05,38.845525027378116,38.89684129646257,38.7942120208195,38.811317443847656,258300
2013-12-06,38.828405796518,38.87971878051758,38.67446031947042,38.87971878051758,130300
2013-12-09,38.81129626241944,38.91392548205218,38.74287460764823,38.896820068359375,167200
2013-12-10,38.89681913612804,38.99944835330109,38.89681913612804,38.94813537597656,158100
2013-12-11,38.99945567837688,39.01656109487255,38.93103727491882,38.965248107910156,187600
2013-12-12,38.999459180653375,38.999459180653375,38.93104077105112,38.982357025146484,146300
2013-12-13,38.94814269141449,39.03366651136822,38.94814269141449,38.965248107910156,174100
2013-12-16,38.98237457687869,39.033687591552734,38.931058299678284,39.033687591552734,164200
2013-12-17,38.982347598154114,39.084976819001405,38.982347598154114,39.05076599121094,170700
2013-12-18,39.016582165819266,39.10210929448661,38.98237457687869,39.033687591552734,175400
2013-12-19,39.05077456594196,39.05077456594196,38.93103990490821,38.99945831298828,202900
2013-12-20,38.98234620254224,39.03365917986677,38.91392454941088,38.94813537597656,275300
2013-12-23,38.98235127356558,38.98235127356558,38.828405796518,38.87971878051758,279700
2013-12-24,38.84551113265424,38.98235446793171,38.84551113265424,38.91393280029297,132500
2013-12-26,38.89682738338329,38.96524905102203,38.89682738338329,38.91393280029297,155100
2013-12-27,38.896687134402676,39.03467968910114,38.87944094381713,38.913936614990234,184800
2013-12-30,38.91392867470228,39.03467172417587,38.896679197634434,39.017425537109375,216300
2013-12-31,38.931166424212044,39.017413783570284,38.862171826725806,38.89666748046875,245700
2014-01-02,38.91391168660237,38.98290956475233,38.91391168660237,38.965660095214844,167100
2014-01-03,38.98292599926466,39.03467113969205,38.94842704564552,39.00017547607422,106200
2014-01-06,39.034662915169335,39.051912388344476,38.9656683124694,38.98291778564453,249200
2014-01-07,39.06914639201667,39.15539372374256,39.05189692567149,39.10364532470703,162100
2014-01-08,39.15542989414848,39.189925568705426,39.034683518190995,39.17267608642578,174600
2014-01-09,39.22442915315053,39.31067657470703,39.18993018452793,39.31067657470703,153800
2014-01-10,39.39691399471081,39.500407592944995,39.362415031965355,39.483158111572266,207300
2014-01-13,39.48312556094651,39.552123429554285,39.46587609379457,39.534873962402344,250600
2014-01-14,39.55215512107753,39.58665408302402,39.51765615913104,39.56940460205078,75300
2014-01-15,39.55213928222656,39.58663823035778,39.51764033409535,39.55213928222656,152300
2014-01-16,39.55215512107753,39.62114975496842,39.534905640104284,39.56940460205078,176400
2014-01-17,39.63839192038405,39.70738983154297,39.56939729922663,39.70738983154297,101100
2014-01-21,39.67289733886719,39.75914145186392,39.62114889706794,39.67289733886719,119700
2014-01-22,39.67289999500338,39.690149476757995,39.58665587623253,39.63840103149414,350900
2014-01-23,39.70739105498913,39.81088463491481,39.70739105498913,39.75913619995117,269000
2014-01-24,39.75913710146372,39.93162859858538,39.75913710146372,39.91437911987305,150300
2014-01-27,39.98337963499916,40.000629114833295,39.82813760649384,39.86263656616211,158300
2014-01-28,39.86263656616211,39.93163119549676,39.82813760649384,39.86263656616211,100200
2014-01-29,39.93163443599182,39.93163443599182,39.759142913654486,39.84539031982422,92900
2014-01-30,39.79363922676965,39.87988662719727,39.741894076515,39.879886627197266,117000
2014-01-31,39.87988287037894,39.94887749421959,39.67289241885378,39.89712905883789,203900
2014-02-03,39.96454790942671,39.99911681068837,39.791690215173254,39.947261810302734,160300
2014-02-04,39.94725859432385,39.94725859432385,39.705256523057024,39.79168701171875,201900
2014-02-05,39.80897510613513,39.87811620354638,39.79168900753577,39.843544006347656,78900
2014-02-06,39.84353096490154,39.878103150784206,39.82624816894531,39.82624816894531,85500
2014-02-07,39.860827102395305,39.92997149158438,39.84354100509804,39.91268539428711,103200
2014-02-10,39.92997319704772,39.96454539311888,39.791687709749155,39.89540100097656,97700
2014-02-11,39.89540100097656,39.947259295083306,39.84354270686981,39.89540100097656,229800
2014-02-12,39.91268880521508,39.94726100276415,39.86083050889148,39.878116607666016,153700
2014-02-13,39.912689612054784,39.98183071156439,39.89540351293081,39.947261810302734,149000
2014-02-14,39.98182819416838,39.98182819416838,39.89540100097656,39.89540100097656,157600
2014-02-18,39.92997571117876,39.96454790942671,39.912689612054784,39.947261810302734,165900
2014-02-19,39.96454790942671,39.98183071156439,39.89540351293081,39.947261810302734,281300
2014-02-20,39.94725829012807,40.03368548114564,39.92997219252736,40.01639938354492,88300
2014-02-21,39.99911328594421,40.050971578746356,39.981827188343495,40.01639938354492,51400
2014-02-24,40.03369732623978,40.05098342895508,39.9991251208092,40.05098342895508,187500
2014-02-25,40.06825456631423,40.12010955810547,40.03368237379624,40.12010955810547,115500
2014-02-26,40.12011758937968,40.1719758885377,40.06826258720807,40.15468978881836,135600
2014-02-27,40.189263191825376,40.27569039602395,40.189263191825376,40.25840759277344,103800
2014-02-28,40.31026259649798,40.37940699744604,40.24112149253642,40.25840759277344,306400
2014-03-03,40.291308840091475,40.42988586509176,40.291308840091475,40.41256332397461,130400
2014-03-04,40.41255619645619,40.42987873451818,40.32594681008254,40.34326934814453,60500
2014-03-05,40.36060768188112,40.4472204131783,40.273998254521814,40.29132080078125,143600
2014-03-06,40.25666809892606,40.27399064191118,40.08344597301211,40.2047004699707,118300
2014-03-07,40.18738175903254,40.18738175903254,40.06612395654324,40.10076904296875,144700
2014-03-10,40.10076141284128,40.10076141284128,40.048797097027744,40.06611633300781,93000
2014-03-11,40.04880851788671,40.13541793823242,40.04880851788671,40.13541793823242,97200
2014-03-12,40.13542555190787,40.22203498868336,40.13542555190787,40.17007064819336,152700
2014-03-13,40.18737741469935,40.308631900143524,40.17005487335919,40.25666427612305,340000
2014-03-14,40.27400533402751,40.37793732591578,40.256682784723054,40.36061477661133,130900
2014-03-17,40.377922055635324,40.39524459838867,40.34328027406583,40.39524459838867,123200
2014-03-18,40.41257532065943,40.41257532065943,40.273998254521814,40.29132080078125,95400
2014-03-19,40.274002633111586,40.34329282568256,40.11810300376513,40.17007064819336,115900
2014-03-20,40.22202735857813,40.22202735857813,40.11809539337576,40.13541793823242,112200
2014-03-21,40.17005539068434,40.17005539068434,40.08344268286812,40.152732849121094,245900
2014-03-24,40.15274049683318,40.239349917208536,40.066127772520225,40.08345031738281,183200
2014-03-25,40.03148598673264,40.118095407107994,40.03148598673264,40.08345031738281,146500
2014-03-26,40.06612343002699,40.2047004699707,40.06612343002699,40.2047004699707,137100
2014-03-27,40.204719499852615,40.29133225577416,40.170077701422805,40.274009704589844,95300
2014-03-28,40.29130935880337,40.308631900143524,40.22201919344273,40.25666427612305,112000
2014-03-31,40.274009704589844,40.36061915657258,40.23936460222123,40.274009704589844,235600
2014-04-01,40.28787734208201,40.339952483461964,40.23580551147461,40.23580551147461,193500
2014-04-02,40.253176855108,40.253176855108,40.183743310907616,40.21846008300781,86000
2014-04-03,40.21846008300781,40.235818469057904,40.183743310907616,40.21846008300781,72900
2014-04-04,40.25314755940172,40.37465286254883,40.235789185984814,40.37465286254883,79500
2014-04-07,40.39201817152153,40.426734924316406,40.3399430423292,40.426734924316406,135000
2014-04-08,40.40937805175781,40.44409149507278,40.392019674714376,40.40937805175781,90900
2014-04-09,40.42673903857494,40.46145248413086,40.392022282246906,40.46145248413086,197500
2014-04-10,40.513532624865874,40.617679595947266,40.49617424455689,40.617679595947266,183300
2014-04-11,40.70446195113535,40.73917539283951,40.6523868224215,40.72181701660156,211700
2014-04-14,40.7391727739453,40.7391727739453,40.669742584228516,40.669742584228516,100500
2014-04-15,40.791265090201186,40.791265090201186,40.66975972391149,40.77390670776367,76900
2014-04-16,40.77388300445858,40.77388300445858,40.70445282584367,40.739166259765625,202400
2014-04-17,40.75655257118081,40.7912693396725,40.66976396072486,40.6871223449707,186200
2014-04-21,40.721813320779084,40.8086051940918,40.721813320779084,40.8086051940918,125000
2014-04-22,40.77390519852727,40.96484408749947,40.73918843493726,40.791263580322266,95200
2014-04-23,40.8086051940918,40.84332194341688,40.77388844476671,40.8086051940918,126800
2014-04-24,40.808618944927844,40.84333570595106,40.79126056441624,40.82597732543945,104800
2014-04-25,40.825959066271224,40.878030873744684,40.825959066271224,40.86067581176758,38500
2014-04-28,40.878030873744684,40.89538924649286,40.80860069352305,40.86067581176758,72400
2014-04-29,40.808621962117265,40.91276894211447,40.791263580322266,40.791263580322266,54800
2014-04-30,40.825989841903045,40.89542007446289,40.791273070236336,40.89542007446289,153000
2014-05-01,40.87626601383214,40.87626601383214,40.80668779834735,40.85887145996094,92700
2014-05-02,40.841476906089746,40.911055121574535,40.771902008276875,40.85887145996094,96100
2014-05-05,40.85887145996094,40.92844967544573,40.841476906089746,40.85887145996094,109700
2014-05-06,40.876278843984565,40.928462521977444,40.876278843984565,40.911067962646484,92000
2014-05-07,40.91104982498427,40.945838928222656,40.89365527336508,40.945838928222656,68400
2014-05-08,41.01543670521831,41.01543670521831,40.91107265493549,40.963253021240234,66800
2014-05-09,40.98065185546875,41.13719960605232,40.945866046863046,40.98065185546875,79500
2014-05-12,40.998046418608446,41.01544098174814,40.945866046863046,40.98065185546875,84600
2014-05-13,40.99803635223319,41.08500914657697,40.99803635223319,41.0328254699707,84200
2014-05-14,41.084997101560575,41.206755660272655,41.084997101560575,41.171966552734375,82600
2014-05-15,41.22415678096532,41.328520802533234,41.20676222442527,41.293731689453125,97400
2014-05-16,41.328527977996714,41.328527977996714,41.276344299316406,41.276344299316406,59000
2014-05-19,41.32852126571938,41.51985807213197,41.29373215224937,41.311126708984375,99400
2014-05-20,41.32852126571938,41.32852126571938,41.27633759551436,41.311126708984375,49500
2014-05-21,41.258929297556314,41.27632384849809,41.18935441146056,41.206748962402344,81400
2014-05-22,41.22416683184338,41.24155807495117,41.171983149500285,41.24155807495117,96200
2014-05-23,41.24153946806294,41.258934020996094,41.224148232801525,41.258934020996094,33000
2014-05-27,41.276347196513235,41.276347196513235,41.20677227106235,41.24155807495117,102500
2014-05-28,41.27633136763125,41.363304138183594,41.25893681352078,41.363304138183594,72800
2014-05-29,41.36331222959622,41.43288714197624,41.328523114569904,41.380706787109375,119700
2014-05-30,41.36329222366059,41.4154725532897,41.32850312546051,41.34589767456055,98300
2014-06-02,41.32324963582608,41.37553668396479,41.23610787983981,41.288394927978516,159900
2014-06-03,41.2709718725937,41.49754246542796,41.148972066894835,41.201255798339844,110500
2014-06-04,41.148963928222656,41.201247649326696,41.07924786775763,41.148963928222656,83300
2014-06-05,41.096676882873886,41.148963928222656,41.07924786775763,41.148963928222656,67000
2014-06-06,41.18382211663834,41.21868014981838,41.11410937452327,41.13153839111328,123200
2014-06-09,41.13153805575456,41.21867981374916,41.07925100641081,41.11410903930664,96600
2014-06-10,41.11411133815079,41.218682118440256,41.00954055786133,41.00954055786133,106300
2014-06-11,41.02696890566196,41.07925263283076,40.97468185424805,40.97468185424805,125500
2014-06-12,40.97468252301645,41.04439526846104,40.97468252301645,41.00954055786133,163300
2014-06-13,40.97468185424805,40.99211087138602,40.922394802834134,40.97468185424805,49500
2014-06-16,41.04439111408759,41.04439111408759,40.99210739135742,40.99210739135742,70700
2014-06-17,41.026969575283765,41.04439526846104,40.97468252301645,41.00954055786133,94800
2014-06-18,41.009537079026764,41.07924981855763,40.992108063082824,41.0269660949707,96000
2014-06-19,41.04439163208008,41.114107695593255,41.00953692456837,41.04439163208008,65500
2014-06-20,41.06182894568756,41.07925796508789,41.02697423113244,41.07925796508789,54500
2014-06-23,41.07924685811485,41.13153390217851,41.06181784342696,41.096675872802734,80700
2014-06-24,41.14898333018149,41.183838052603456,41.114125283513225,41.166412353515625,59400
2014-06-25,41.18382711273774,41.25354318755523,41.18382711273774,41.218685150146484,83700
2014-06-26,41.27097752238394,41.35811930288515,41.2012614385863,41.32326126098633,111700
2014-06-27,41.28840654333335,41.32326126098633,41.27097752238394,41.32326126098633,42600
2014-06-30,41.340663030981354,41.3580920404419,41.27095031738281,41.27095031738281,94300
2014-07-01,41.31986416380516,41.33732858061282,41.180152160340775,41.19761657714844,186400
2014-07-02,41.180140124250606,41.197604535953786,41.040428161621094,41.040428161621094,141100
2014-07-03,41.07537533869625,41.092839758203034,41.005517660669085,41.05791091918945,66600
2014-07-07,41.127771429998454,41.127771429998454,41.05791707249971,41.09284591674805,70500
2014-07-08,41.14523007518968,41.19762333420598,41.12776565551758,41.12776565551758,94200
2014-07-09,41.14522968572598,41.14522968572598,41.02298208017588,41.05791091918945,116600
2014-07-10,41.09284517901945,41.145235113453474,41.05791633539818,41.11030960083008,67600
2014-07-11,41.110304566842935,41.18015891453388,41.05791130782663,41.12776565551758,49300
2014-07-14,41.12775890991779,41.19761657714844,41.09283340729937,41.19761657714844,170500
2014-07-15,41.21511003377768,41.25003889200358,41.16271674643882,41.232574462890625,89300
2014-07-16,41.26746295472451,41.31985619504317,41.21507304540212,41.28492736816406,79400
2014-07-17,41.28492753571932,41.40717509929607,41.28492753571932,41.372249603271484,171800
2014-07-18,41.38973495357512,41.424660467266605,41.35480610888567,41.407196044921875,74800
2014-07-21,41.47704153653823,41.47704153653823,41.389722781491685,41.42464828491211,142600
2014-07-22,41.442112702120816,41.47704153653823,41.4071838677034,41.42464828491211,52700
2014-07-23,41.459578733966616,41.51197198763319,41.44211431607776,41.47704315185547,215800
2014-07-24,41.45958931195605,41.494518156645505,41.38973495357512,41.407196044921875,100400
2014-07-25,41.45958562374982,41.529443306914246,41.45958562374982,41.49451446533203,87300
2014-07-28,41.54690772770535,41.54690772770535,41.45958562374982,41.49451446533203,40200
2014-07-29,41.529447502244686,41.66915955168966,41.529447502244686,41.56437301635742,56100
2014-07-30,41.477043490605624,41.51197232666861,41.38972473144531,41.38972473144531,77400
2014-07-31,41.42465678216761,41.49451446533203,41.337338009209745,41.49451446533203,218600
2014-08-01,41.54175364254937,41.576751708984375,41.47176084727867,41.576751708984375,70000
2014-08-04,41.54177019185524,41.54177019185524,41.45427832851225,41.48927307128906,80700
2014-08-05,41.45426866776665,41.541760510720025,41.45426866776665,41.524261474609375,91500
2014-08-06,41.52425460933186,41.62924880863689,41.50675557611436,41.576751708984375,66800
2014-08-07,41.59424417775149,41.68173599243164,41.5767451472957,41.68173599243164,197400
2014-08-08,41.66424357171982,41.75173873787926,41.66424357171982,41.699241638183594,67600
2014-08-11,41.769231144710574,41.82172489847915,41.646737931520065,41.68173599243164,80200
2014-08-12,41.78673346674372,41.78673346674372,41.64674453848793,41.699241638183594,80800
2014-08-13,41.68174260495171,41.76923777111115,41.68174260495171,41.699241638183594,206600
2014-08-14,41.82172847747002,41.82172847747002,41.716737623349246,41.75173568725586,115900
2014-08-15,41.73425775003775,41.89174577962135,41.6642615868447,41.83924865722656,96300
2014-08-18,41.96171080834242,41.96171080834242,41.80422288308421,41.856719970703125,37500
2014-08-19,41.891718029115744,41.891718029115744,41.83922094149682,41.856719970703125,60000
2014-08-20,41.856717878278,41.97920773900031,41.75172704588722,41.76922607421875,115600
2014-08-21,41.78672176495189,41.83921884994647,41.76922607421875,41.76922607421875,114500
2014-08-22,41.80422079328342,41.891715934941054,41.76922607421875,41.76922607421875,162700
2014-08-25,41.80422288308421,41.87421899990943,41.80422288308421,41.856719970703125,115100
2014-08-26,41.891718029115744,41.90921705832205,41.83922094149682,41.856719970703125,151300
2014-08-27,41.90922778413918,41.96172154759427,41.891728750454355,41.92672348022461,117200
2014-08-28,41.9792205812791,41.99671961496393,41.92672348022461,41.92672348022461,72500
2014-08-29,41.996726989746094,42.15421498296564,41.96172891623064,41.996726989746094,84500
2014-09-02,41.99147062312425,41.99147062312425,41.92133712768555,41.92133712768555,141700
2014-09-03,41.973926812961814,41.973926812961814,41.8687265959605,41.90379333496094,81300
2014-09-04,41.90379407552167,41.90379407552167,41.79859720080952,41.83366394042969,80300
2014-09-05,41.921324929271314,41.95639166678682,41.833661429630695,41.86872482299805,69400
2014-09-08,41.868724822998054,41.973925035544575,41.833661429630695,41.86872482299805,102100
2014-09-09,41.868727335901504,41.868727335901504,41.79859720080952,41.83366394042969,168300
2014-09-10,41.83365274758508,41.8862494987944,41.763519287109375,41.763519287109375,196100
2014-09-11,41.833676410925406,41.85120978596213,41.798609660851945,41.81614303588867,107500
2014-09-12,41.781068941174745,41.781068941174745,41.6934054255507,41.746002197265625,79700
2014-09-15,41.74598562705361,41.83365245202887,41.693388876215884,41.71092224121094,83400
2014-09-16,41.745991772117,41.79859187484496,41.71092838111296,41.728458404541016,97500
2014-09-17,41.798585722038766,41.83365245202887,41.71092224121094,41.71092224121094,81200
2014-09-18,41.79859187484496,41.79859187484496,41.71092838111296,41.728458404541016,53900
2014-09-19,41.76352869033353,41.833662166600064,41.745995321266896,41.7985954284668,96000
2014-09-22,41.83365148038289,41.868714865411164,41.79858475120726,41.8511848449707,180600
2014-09-23,41.886259965460724,41.93886007396137,41.816129831608144,41.90379333496094,155100
2014-09-24,41.92132744533175,41.93886081514184,41.83366394042969,41.83366394042969,151300
2014-09-25,41.9037816416676,42.026511849772845,41.86871491245257,41.973915100097656,168400
2014-09-26,41.97390848391411,42.008971863454875,41.93884176022651,41.95637512207031,219800
2014-09-29,42.026532984595484,42.06159973144531,42.026532984595484,42.06159973144531,66500
2014-09-30,42.06159489397245,42.07912826538086,41.97393138107903,42.07912826538086,132500
2014-10-01,42.128315457672066,42.2512916579135,42.07561328662582,42.233726501464844,187700
2014-10-02,42.16344468744655,42.23371870366673,42.14587618339151,42.19858169555664,108000
2014-10-03,42.21615019961169,42.251283856872256,42.14587618339151,42.19858169555664,95500
2014-10-06,42.18102097956845,42.26886016521229,42.18102097956845,42.233726501464844,91600
2014-10-07,42.181015051363765,42.30399123432188,42.181015051363765,42.28642272949219,144000
2014-10-08,42.21616546799481,42.3391416900076,42.21616546799481,42.30400466918945,70500
2014-10-09,42.32156206074473,42.42696974465541,42.32156206074473,42.374267578125,178000
2014-10-10,42.42696994011063,42.51481246948242,42.40940143423627,42.51481246948242,51200
2014-10-13,42.53236623438671,42.65534574257344,42.51480108406615,42.620208740234375,115400
2014-10-14,42.62020328619503,42.77831642563836,42.62020328619503,42.672908782958984,128700
2014-10-15,42.86618804931641,43.19998308004252,42.813485863468294,42.866188049316406,279300
2014-10-16,42.971582280399126,42.971582280399126,42.72562988805818,42.74319839477539,243300
2014-10-17,42.76077238793619,42.795909405878895,42.65536468495854,42.69049835205078,372100
2014-10-20,42.67291823425775,42.795894403095495,42.602644223008014,42.65534973144531,196900
2014-10-21,42.549944138182624,42.58508114828622,42.49724197387695,42.49724197387695,184700
2014-10-22,42.444545904440204,42.47968292236328,42.33913820152144,42.47968292236328,177900
2014-10-23,42.35669509105615,42.479671269201226,42.32155808277198,42.33912658691406,188500
2014-10-24,42.39184021916193,42.4621142547455,42.37427506111648,42.44454574584961,60300
2014-10-27,42.46210466682731,42.56751234555123,42.4093991520405,42.53237533569336,200200
2014-10-28,42.46210263751209,42.51480814978004,42.356694963825724,42.40939712524414,218000
2014-10-29,42.44453977831069,42.49724529758818,42.37426910345735,42.3918342590332,128200
2014-10-30,42.39183273306857,42.44453825044883,42.374267578125,42.374267578125,55600
2014-10-31,42.321565384801154,42.391836062644245,42.26885986328125,42.26885986328125,140800
2014-11-03,42.27942046717583,42.36742790790998,42.27942046717583,42.31462478637695,150700
2014-11-04,42.279425426225465,42.314629749555785,42.20901677956483,42.297027587890625,150500
2014-11-05,42.244216543993986,42.36742830508431,42.156209102434815,42.191410064697266,110700
2014-11-06,42.19142924466483,42.19142924466483,42.06821742756316,42.13862609863281,114500
2014-11-07,42.085800463372514,42.22661438422841,42.06819830360694,42.191410064697266,83100
2014-11-10,42.15621415040683,42.1914151168844,42.08580550291349,42.121009826660156,123600
2014-11-11,42.10339386911963,42.226605604592116,42.10339386911963,42.20900344848633,95100
2014-11-12,42.22661438422841,42.261818703759566,42.17380790493169,42.191410064697266,200300
2014-11-13,42.1914151168844,42.1914151168844,42.10340766478682,42.121009826660156,147400
2014-11-14,42.15620033743698,42.226605604592116,42.12099602522541,42.20900344848633,173600
2014-11-17,42.17378849847429,42.17378849847429,42.08578109741211,42.08578109741211,79200
2014-11-18,42.15620613565161,42.15620613565161,42.06819534301758,42.06819534301758,163600
2014-11-19,42.10338324907798,42.10338324907798,42.032974642414516,42.08578109741211,126200
2014-11-20,42.191410064697266,42.20901222446284,42.13860694266924,42.191410064697266,56500
2014-11-21,42.15620033743698,42.20900344848633,42.12099602522541,42.20900344848633,134400
2014-11-24,42.15620681309429,42.22661209106445,42.15620681309429,42.22661209106445,117400
2014-11-25,42.20901411778922,42.2970249205649,42.13860883283752,42.279422760009766,96600
2014-11-26,42.26182059945463,42.33222588440633,42.244218438899495,42.279422760009766,120300
2014-11-28,42.2970134012141,42.36741866699133,42.27941124545281,42.33221435546875,33800
2014-12-01,42.37985104759577,42.45039420033099,42.3093045310175,42.34457778930664,312200
2014-12-02,42.34457782571161,42.34457782571161,42.25639467991296,42.29166793823242,218000
2014-12-03,42.34456762466683,42.379840874488764,42.30929437484489,42.32693099975586,174300
2014-12-04,42.379873889913924,42.450417080671194,42.34460061261285,42.39751052856445,97300
2014-12-05,42.43275249439274,42.43275249439274,42.29166284195968,42.30929946899414,118700
2014-12-08,42.36220500531096,42.468021392822266,42.32693175485976,42.468021392822266,71600
2014-12-09,42.52091471220794,42.573821203442336,42.36218851082277,42.538551330566406,132600
2014-12-10,42.4856689013349,42.62675857543946,42.4856689013349,42.62675857543945,83800
2014-12-11,42.5914578218008,42.5914578218008,42.50327809384948,42.538551330566406,101100
2014-12-12,42.6443977355957,42.67967099717567,42.556214581645804,42.6443977355957,208300
2014-12-15,42.573829650878906,42.6091028945947,42.52092314914688,42.573829650878906,135200
2014-12-16,42.64438373242462,42.73256349357549,42.62674710742599,42.679656982421875,121200
2014-12-17,42.64438808233461,42.679661335929886,42.50329843179611,42.52093505859375,127600
2014-12-18,42.538569176149785,42.55620243806467,42.415112795848685,42.45038604736328,199400
2014-12-19,42.52093505859375,42.57384157514406,42.397482034852885,42.52093505859375,245200
2014-12-22,42.52093255039248,42.55620243806467,42.43274942160598,42.45038604736328,175300
2014-12-23,42.48566568477542,42.50330231318363,42.41511917114258,42.41511917114258,91200
2014-12-24,42.397488436220954,42.48566821968033,42.397488436220954,42.43275833129883,86300
2014-12-26,42.415133089682136,42.503316260660526,42.36222655093913,42.485679626464844,109100
2014-12-29,42.53337717318989,42.586390490046,42.42735390989645,42.551048278808594,116000
2014-12-30,42.55103399081552,42.604047289870564,42.55103399081552,42.58637619018555,103000
2014-12-31,42.58640148350712,42.71009588435033,42.58640148350712,42.69242477416992,137900
2015-01-02,42.69241428856366,42.79843755318629,42.65707207688318,42.72775650024414,290900
2015-01-05,42.833788874470265,42.833788874470265,42.745436696897734,42.79844665527344,207900
2015-01-06,42.904449462890625,43.04581489067537,42.904449462890625,42.904449462890625,354400
2015-01-07,42.9397873966869,42.99280069490743,42.88677746888397,42.95745849609375,170400
2015-01-08,42.97512959550058,43.02814289372111,42.9397873966869,42.95745849609375,93800
2015-01-09,42.93979837239116,43.028153892009634,42.92213063888592,43.01048278808594,143200
2015-01-12,43.09883356582808,43.13417577255083,43.01048141943953,43.11650466918945,247100
2015-01-13,43.13417531074547,43.187188620262035,43.063494268475026,43.169517517089844,331100
2015-01-14,43.31088923904621,43.31088923904621,43.22253371040041,43.27554702758789,1935300
2015-01-15,43.204844188771276,43.452232803394644,43.204844188771276,43.39921951293945,237000
2015-01-16,43.43458504255966,43.43458504255966,43.24020624354101,43.257877349853516,147100
2015-01-20,43.36389736080054,43.45224950844207,43.36389736080054,43.38156509399414,401200
2015-01-21,43.39924139727322,43.48759692591902,43.24020481612958,43.27554702758789,137700
2015-01-22,43.24019713217283,43.27553933735069,43.15184498964635,43.18718719482422,109000
2015-01-23,43.222511291503906,43.257853484630736,43.169501372230705,43.222511291503906,595800
2015-01-26,43.27554076570466,43.310882972049036,43.169517517089844,43.169517517089844,243500
2015-01-27,43.32856512012791,43.3992461804157,43.24020958174422,43.31089401245117,158400
2015-01-28,43.363890248801106,43.505255684093605,43.310876946659725,43.469913482666016,300900
2015-01-29,43.41690160234666,43.48758600751661,43.38155939976169,43.45224380493164,136200
2015-01-30,43.48758561980943,43.611279957336116,43.45224341753955,43.59360885620117,289900
2015-02-02,43.64140473728031,43.64140473728031,43.46435982088518,43.535179138183594,242300
2015-02-03,43.48208261506095,43.48208261506095,43.3227424621582,43.3227424621582,167800
2015-02-04,43.287322270166605,43.393547879051766,43.234207777298415,43.3758430480957,205100
2015-02-05,43.3227424621582,43.340447298797656,43.251926492452704,43.3227424621582,169900
2015-02-06,43.251909995606496,43.251909995606496,43.02175058393176,43.03945541381836,234200
2015-02-09,43.07486333363367,43.07486333363367,42.9863425646274,43.00404739379883,167800
2015-02-10,42.986346573440095,43.03945768905653,42.82700647288839,42.84471130371094,160100
2015-02-11,42.86240758217528,42.86240758217528,42.77388681560237,42.79159164428711,191600
2015-02-12,42.791597922802424,42.80930275408487,42.720778597672634,42.73848342895508,180600
2015-02-13,42.68537057837215,42.756186523774595,42.68537057837215,42.70307540893555,179700
2015-02-17,42.738490153673176,42.738490153673176,42.61455969204741,42.68537902832031,323300
2015-02-18,42.72078921169418,42.77390371873788,42.63226841014015,42.75619888305664,166500
2015-02-19,42.70307869660239,42.73848498360393,42.632259368896484,42.632259368896484,223600
2015-02-20,42.756189815530405,42.756189815530405,42.632259368896484,42.632259368896484,226800
2015-02-23,42.75620187084523,42.809316381600546,42.70309073694227,42.77390670776367,188900
2015-02-24,42.791599363058715,42.88012014559905,42.72078003554533,42.8624153137207,184700
2015-02-25,42.86240305282483,42.88010787963867,42.75617746879224,42.88010787963867,196800
2015-02-26,42.809316381600546,42.862427515503505,42.77390670776367,42.77390670776367,131500
2015-02-27,42.88012530512719,42.91553497314453,42.827014179952975,42.91553497314453,192200
2015-03-02,42.91552515271888,42.91552515271888,42.63166912442413,42.66714859008789,208200
2015-03-03,42.68490425777896,42.72038711911329,42.61394191894221,42.631683349609375,136500
2015-03-04,42.64942478027654,42.72038711911329,42.631683349609375,42.631683349609375,200400
2015-03-05,42.70264113798119,42.70264113798119,42.59619594915308,42.61393737792969,71000
2015-03-06,42.54296155510236,42.56070297966381,42.33007122802644,42.34781265258789,214900
2015-03-09,42.38330061088196,42.507487223866576,42.38330061088196,42.472007751464844,171600
2015-03-10,42.472003206003,42.542965527043314,42.454261779785156,42.454261779785156,222800
2015-03-11,42.54297244297737,42.54297244297737,42.41878582309531,42.436527252197266,95100
2015-03-12,42.57844323584689,42.596184659921505,42.52521896362305,42.52521896362305,86900
2015-03-13,42.507476658321394,42.631666624269094,42.507476658321394,42.59618377685547,95200
2015-03-16,42.63167263629124,42.667152104877694,42.59618978387373,42.6494140625,96800
2015-03-17,42.64942478027654,42.702645688446125,42.57845905760788,42.631683349609375,267400
2015-03-18,42.720365987199585,42.89777682228188,42.649403683464804,42.880035400390625,239500
2015-03-19,42.84455255660812,42.91551824417313,42.84455255660812,42.880035400390625,131900
2015-03-20,42.933280944824226,43.004243283729636,42.915539514139894,42.93328094482422,139300
2015-03-23,42.986492886981,43.02197574094869,42.986492886981,43.004234313964844,119000
2015-03-24,43.00423885678654,43.057463143360515,42.93327652518614,43.02198028564453,188300
2015-03-25,42.986499058925666,43.057464777050214,42.9155367246328,42.96875762939453,102700
2015-03-26,42.933280218225875,42.96875969516217,42.88005592707365,42.9155387878418,170000
2015-03-27,42.89779982787738,42.98650360107422,42.84457553366004,42.98650360107422,166400
2015-03-30,43.039707328262196,43.09293159704569,42.897779328669984,42.95100021362305,84900
2015-03-31,42.897795295101666,43.021981917987944,42.897795295101666,42.96875762939453,168900
2015-04-01,43.01496244714284,43.050509425158545,42.97941207885742,42.97941207885742,253100
2015-04-02,42.961646945518794,43.05051949675421,42.872774394283375,42.908321380615234,151300
2015-04-06,43.01496244714284,43.050509425158545,42.96163689471471,42.97941207885742,166500
2015-04-07,43.01496616888179,43.01496616888179,42.90831505479786,42.926090240478516,189800
2015-04-08,42.961646945518794,42.97942213381998,42.908321380615234,42.908321380615234,98500
2015-04-09,42.92609820816343,42.97942377510337,42.85500084251416,42.87277603149414,126000
2015-04-10,42.94387175721761,42.97942213381998,42.85499920598219,42.908321380615234,175000
2015-04-13,42.961646945518794,42.961646945518794,42.89054619231405,42.908321380615234,116200
2015-04-14,42.96163177490235,43.01495732097558,42.92608141085352,42.961631774902344,104000
2015-04-15,42.943856592877935,43.01495732097558,42.943856592877935,42.961631774902344,129700
2015-04-16,42.97940695692676,42.997182138951175,42.890531046804696,42.961631774902344,145800
2015-04-17,42.97942863591401,43.03275081861384,42.908327871952864,42.9972038269043,420300
2015-04-20,42.997187263000136,43.01496244714284,42.92608652642929,42.97941207885742,203000
2015-04-21,43.01496616888179,43.01496616888179,42.890539869117205,42.926090240478516,150200
2015-04-22,42.890545136814445,42.943870700405704,42.783897399902344,42.783897399902344,147200
2015-04-23,42.819449077564364,42.83722426596858,42.766123512351726,42.801673889160156,128100
2015-04-24,42.83722054068065,42.92609308470248,42.80167016696382,42.85499572753906,138900
2015-04-27,42.89054644091068,42.89054644091068,42.766123512351726,42.801673889160156,281400
2015-04-28,42.80166616227535,42.81944134747065,42.712793626568775,42.74834060668945,136400
2015-04-29,42.69503151102358,42.74835369266235,42.60615555784069,42.712806701660156,169800
2015-04-30,42.623921835329476,42.695022583007805,42.57059966484098,42.69502258300781,216600
2015-05-01,42.56501419673606,42.65406438316282,42.44034733265586,42.47596740722656,372600
2015-05-04,42.5472041594507,42.5472041594507,42.44034733265586,42.47596740722656,225300
2015-05-05,42.4937629699707,42.51157300118947,42.40471281387686,42.4937629699707,163100
2015-05-06,42.45815836221486,42.47596839991644,42.29787141981795,42.31568145751953,355700
2015-05-07,42.31568036221274,42.38691711425781,42.31568036221274,42.38691711425781,128500
2015-05-08,42.44034194946289,42.4937720545418,42.42253191443658,42.44034194946289,154800
2015-05-11,42.38691821140852,42.42253828681169,42.26225134441478,42.31568145751953,280700
2015-05-12,42.33349149522112,42.351301532922704,42.26225134441478,42.31568145751953,193400
2015-05-13,42.33349149522112,42.38691821140852,42.26225134441478,42.31568145751953,168500
2015-05-14,42.315689867206174,42.38692663525253,42.315689867206174,42.333499908447266,307300
2015-05-15,42.3513038834291,42.38692056389164,42.31568380604901,42.36911392211914,315100
2015-05-18,42.31569550334506,42.369125634184854,42.173218551357444,42.1910285949707,244900
2015-05-19,42.19100794821332,42.226624621091844,42.08414773882727,42.15538787841797,213900
2015-05-20,42.17319791331565,42.24443465598952,42.1375778435203,42.15538787841797,127500
2015-05-21,42.173204448495554,42.26225123986584,42.15539441083803,42.22663116455078,114200
2015-05-22,42.17319791331565,42.20881798311099,42.1375778435203,42.15538787841797,105300
2015-05-26,42.208825307025386,42.333492176024,42.17320523104938,42.244441986083984,341500
2015-05-27,42.17320523104938,42.297872100048,42.17320523104938,42.244441986083984,137700
2015-05-28,42.280066755423064,42.3513069152832,42.26225671545803,42.3513069152832,185300
2015-05-29,42.3513038834291,42.45816071865183,42.3513038834291,42.36911392211914,163600
2015-06-01,42.37980910277129,42.43334271847608,42.3262754870665,42.344120025634766,210100
2015-06-02,42.32626713700439,42.32626713700439,42.183514260118095,42.201358795166016,232900
2015-06-03,42.20137460740377,42.20137460740377,42.09431076049805,42.09431076049805,315900
2015-06-04,42.129990240165796,42.21920952499941,42.11214570249957,42.14783477783203,227500
2015-06-05,42.058615408715404,42.058615408715404,42.005085194989725,42.022926330566406,220900
2015-06-08,42.05862045288086,42.09430953531012,42.02293137045161,42.05862045288086,382800
2015-06-09,42.02293137045161,42.129998617739375,41.98724569152058,42.05862045288086,317000
2015-06-10,42.07646499409549,42.09430953531012,42.005090232735206,42.05862045288086,199200
2015-06-11,42.11214570249957,42.20136498733317,42.09430116483333,42.14783477783203,165700
2015-06-12,42.129984675924476,42.2548930195935,42.129984675924476,42.21920394897461,93300
2015-06-15,42.25490508728072,42.34412438581122,42.23706054687501,42.237060546875,167400
2015-06-16,42.30843156296108,42.39765425709821,42.29059042763143,42.36196517944336,132500
2015-06-17,42.361971584271494,42.379816125796886,42.25490773861742,42.3262825012207,99400
2015-06-18,42.36196456420303,42.39765364133955,42.2905898134277,42.344120025634766,126800
2015-06-19,42.41550567973659,42.451194763183594,42.36197205456609,42.451194763183594,133700
2015-06-22,42.34413268953366,42.3976663212488,42.219224285697074,42.37982177734375,280000
2015-06-23,42.361971584271494,42.361971584271494,42.23706319709203,42.3262825012207,125700
2015-06-24,42.29059682166821,42.361971584271494,42.27275228014282,42.3262825012207,102300
2015-06-25,42.3084373474121,42.34412642994641,42.14784328300424,42.30843734741211,128800
2015-06-26,42.27274962768644,42.29059416809215,42.18352692565786,42.237060546875,123300
2015-06-29,42.41550567973659,42.451194763183594,42.290597291170414,42.451194763183594,214300
2015-06-30,42.379816125796886,42.39766066732228,42.219218655566635,42.3262825012207,144700
2015-07-01,42.26904555290437,42.35844913603875,42.251164836277496,42.28692626953125,227900
2015-07-02,42.251164836277496,42.35844913603875,42.251164836277496,42.28692626953125,144800
2015-07-06,42.32270277793706,42.41210298251739,42.32270277793706,42.394222259521484,142300
2015-07-07,42.465735039771396,42.53725791472434,42.42997360229493,42.42997360229492,272200
2015-07-08,42.51940504229738,42.62668601458761,42.465762850951954,42.57304382324219,136000
2015-07-09,42.48361341191093,42.716055921872176,42.48361341191093,42.51937484741211,179000
2015-07-10,42.5372744548366,42.5372744548366,42.358470608326876,42.412109375,235100
2015-07-13,42.37634400995407,42.41210204475605,42.269059674350764,42.358463287353516,236700
2015-07-14,42.37634124244115,42.465741439206234,42.37634124244115,42.44786071777344,131100
2015-07-15,42.44786071777344,42.465741439206234,42.358460521008354,42.44786071777344,114700
2015-07-16,42.429986385001776,42.48362855737704,42.41210566087669,42.46574783325195,129900
2015-07-17,42.48363720710127,42.55515670776367,42.44787575157001,42.55515670776367,130300
2015-07-20,42.48363720710127,42.60879889106055,42.46575647933564,42.55515670776367,132700
2015-07-21,42.51940504229738,42.64456674503609,42.51940504229738,42.57304382324219,96800
2015-07-22,42.5551454713044,42.71606856830406,42.5551454713044,42.66242980957031,157400
2015-07-23,42.71607208251953,42.76971425606558,42.519390933649646,42.71607208251953,146300
2015-07-24,42.68031918780046,42.78760013742277,42.66243846113009,42.75183868408203,124700
2015-07-27,42.7875913677096,42.91275301834925,42.769710644704055,42.8233528137207,236700
2015-07-28,42.91276315114075,42.91276315114075,42.78760147094726,42.787601470947266,134000
2015-07-29,42.8412439750086,42.8770054325798,42.73396301269531,42.73396301269531,151000
2015-07-30,42.85912096945783,42.85912096945783,42.71607856203669,42.787601470947266,212400
2015-07-31,42.82334736008052,42.85910539113856,42.751824477166906,42.841224670410156,220600
2015-08-03,42.88781868531897,42.905733806184806,42.85198844358729,42.869903564453125,573300
2015-08-04,42.869893978207834,42.88780909506763,42.72657646028865,42.74449157714844,203700
2015-08-05,42.76240165528168,42.83405869731829,42.69074119628631,42.708656311035156,95800
2015-08-06,42.79824196365985,42.81615708405798,42.65492441743464,42.78032684326172,210600
2015-08-07,42.798239846966865,42.816154966478955,42.70866766636606,42.762413024902344,168000
2015-08-10,42.79822846782061,42.81614358256945,42.708656311035156,42.708656311035156,123100
2015-08-11,42.780325362724994,42.94155802376841,42.780325362724994,42.905731201171875,217400
2015-08-12,42.905737721879106,42.905737721879106,42.816162109375,42.816162109375,115600
2015-08-13,42.83407332272145,42.88781868531897,42.83407332272145,42.869903564453125,218200
2015-08-14,42.88781438365567,42.94155632390293,42.83406902644884,42.923641204833984,821100
2015-08-17,42.88781438365567,42.959471442971875,42.88781438365567,42.923641204833984,158800
2015-08-18,42.90573641555586,42.9236481205511,42.834075927734375,42.834075927734375,108600
2015-08-19,42.83406902644884,42.923641204833984,42.81615390737989,42.923641204833984,287700
2015-08-20,42.88781608139375,42.95947314354653,42.83407072205937,42.905731201171875,397700
2015-08-21,42.92364994184229,43.04905580085098,42.92364994184229,43.01322555541992,488700
2015-08-24,43.0311533229478,43.19238605780591,42.99532306698794,43.049068450927734,247000
2015-08-25,43.08487818092334,43.08487818092334,42.869903564453125,42.869903564453125,330700
2015-08-26,42.92364942741969,42.92364942741969,42.816162109375,42.816162109375,165600
2015-08-27,42.8519860211804,42.90573138073971,42.72658359916841,42.798240661621094,275800
2015-08-28,42.92364308363308,42.92364308363308,42.72658359916841,42.798240661621094,177100
2015-08-31,42.851987324854235,42.90573268604862,42.74450001942529,42.78032684326172,295600
2015-09-01,43.04237419808557,43.04237419808557,42.75518598142948,42.86288070678711,308000
2015-09-02,42.8449344388555,42.880830398272316,42.773135672914684,42.86288070678711,234300
2015-09-03,42.880830398272316,42.93467947272793,42.86288070678711,42.86288070678711,259700
2015-09-04,42.880841748501865,42.952640533447266,42.73724760216555,42.952640533447266,124500
2015-09-08,42.88083113096201,42.91673051454581,42.79108609555613,42.898780822753906,202000
2015-09-09,42.84493517093185,42.97057958992153,42.82698547913994,42.898780822753906,285900
2015-09-10,42.862894914525036,42.862894914525036,42.75520015346988,42.791099548339844,168600
2015-09-11,42.80904615347099,42.898791210608444,42.80904615347099,42.826995849609375,156400
2015-09-14,42.82700121205778,42.82700121205778,42.75520241851417,42.809051513671875,147300
2015-09-15,42.77314434556351,42.77314434556351,42.593650817871094,42.593650817871094,165000
2015-09-16,42.64750599327614,42.70135508633976,42.59365690021252,42.61160659790039,154400
2015-09-17,42.593653223364825,42.84494554574776,42.593653223364825,42.826995849609375,171300
2015-09-18,42.70135163324735,42.952640533447266,42.70135163324735,42.952640533447266,155100
2015-09-21,42.91672978124273,42.93467947272793,42.86288070678711,42.86288070678711,187300
2015-09-22,42.970587474284514,43.0423828310717,42.916738389028424,43.02443313598633,147400
2015-09-23,43.006483440900965,43.0423828310717,42.970587474284514,43.02443313598633,102700
2015-09-24,43.07828140258789,43.22187553698768,43.02443231835514,43.07828140258789,127500
2015-09-25,43.0423828310717,43.150081001583885,43.006483440900965,43.02443313598633,101700
2015-09-28,43.15008351258083,43.16802978515625,43.02443563967155,43.16802978515625,215500
2015-09-29,43.13212991503741,43.27572404753364,43.13212991503741,43.257774353027344,247900
2015-09-30,43.16802434046647,43.293672197528046,43.16802434046647,43.27572250366211,140500
2015-10-01,43.34226908542537,43.34226908542537,43.252345308609655,43.28831481933594,746900
2015-10-02,43.4681479989849,43.4681479989849,43.36024292421406,43.43217849731445,225800
2015-10-05,43.43219024572001,43.43219024572001,43.28831563036066,43.34226989746094,159000
2015-10-06,43.4501750014201,43.4501750014201,43.324285141760846,43.34226989746094,313900
2015-10-07,43.32427905932352,43.37823331884899,43.28830955297321,43.36024856567383,189200
2015-10-08,43.342274446816305,43.39622528933805,43.28832017405279,43.306304931640625,176100
2015-10-09,43.306310284134625,43.37824932337737,43.288325524323945,43.32429504394531,179300
2015-10-12,43.37822767504928,43.45016324814968,43.36024292421406,43.43217849731445,128800
2015-10-13,43.45016324814968,43.4681479989849,43.37822767504928,43.43217849731445,122300
2015-10-14,43.43219910903792,43.48615338714878,43.39622959029734,43.4501838684082,199200
2015-10-15,43.39620855429859,43.45016280625552,43.36024248323441,43.37822723388672,166600
2015-10-16,43.342258173378845,43.4681479989849,43.342258173378845,43.43217849731445,146200
2015-10-19,43.37822723388672,43.45016280625552,43.37822723388672,43.37822723388672,293100
2015-10-20,43.39621464178322,43.486138407659,43.34226381249868,43.36024856567383,161800
2015-10-21,43.45017777977099,43.50413205032129,43.39622350922069,43.468162536621094,164800
2015-10-22,43.4501838684082,43.468168627778496,43.39622959029734,43.4501838684082,170700
2015-10-23,43.432188398734105,43.432188398734105,43.37823756416953,43.41420364379883,129600
2015-10-26,43.46816253662109,43.48614729347119,43.43219302292089,43.468162536621094,180200
2015-10-27,43.45017777977099,43.540098133779864,43.45017777977099,43.468162536621094,173700
2015-10-28,43.504138146519075,43.540104235017544,43.4501838684082,43.4501838684082,178300
2015-10-29,43.486132749820115,43.50411750065533,43.414193746479235,43.43217849731445,339400
2015-10-30,43.48615338714878,43.48615338714878,43.414214349667624,43.4501838684082,147900
2015-11-02,43.46099159072791,43.46099159072791,43.37089626564154,43.42495346069336,434000
2015-11-03,43.47900721895994,43.47900721895994,43.38891533065882,43.42495346069336,142600
2015-11-04,43.44297252571064,43.44297252571064,43.35287720062427,43.42495346069336,118000
2015-11-05,43.406920489501225,43.406920489501225,43.316828630062616,43.35286331176758,203400
2015-11-06,43.26276688882839,43.334839681419965,43.15465598154913,43.208709716796875,174300
2015-11-09,43.24474955294028,43.24474955294028,43.100600525235166,43.13663864135742,277000
2015-11-10,43.13663639941834,43.190690134008484,43.06456017091985,43.15465545654297,180300
2015-11-11,43.17267107688386,43.190690134008484,43.1005982851691,43.15465545654297,167400
2015-11-12,43.17267107688386,43.20870919113311,43.1005982851691,43.15465545654297,194200
2015-11-13,43.19069514564125,43.20871420485672,43.136641404778985,43.17267608642578,151300
2015-11-16,43.19069065945303,43.244747831484545,43.1726716021092,43.208709716796875,136800
2015-11-17,43.226739544123724,43.26277766779033,43.17268235862381,43.24475860595703,291000
2015-11-18,43.20872031571704,43.37088843480698,43.20872031571704,43.3348503112793,140300
2015-11-19,43.37089626564154,43.47900721895994,43.37089626564154,43.42495346069336,171400
2015-11-20,43.479000091552734,43.479000091552734,43.460984466273956,43.479000091552734,111700
2015-11-23,43.515039784148485,43.55107790957435,43.44296697008154,43.49702072143555,133000
2015-11-24,43.51504448176765,43.60513980505848,43.49702541710949,43.551082611083984,180100
2015-11-25,43.605129022937035,43.605129022937035,43.47899560151855,43.51503372192383,114200
2015-11-27,43.55107811585851,43.69522718145998,43.53305905306022,43.58711624145508,33000
2015-11-30,43.60512924194336,43.659182986038445,43.5330530007708,43.60512924194336,126300
2015-12-01,43.65386964118559,43.762190932820516,43.58165315111445,43.744136810302734,320600
2015-12-02,43.708022624968315,43.78023910522461,43.708022624968315,43.78023910522461,135800
2015-12-03,43.72609461512964,43.79831112489956,43.545560227650256,43.5816650390625,198300
2015-12-04,43.671932220458984,43.726091155028044,43.61776984241748,43.671932220458984,106300
2015-12-07,43.72608184814453,43.72608184814453,43.617760558589616,43.72608184814453,158400
2015-12-08,43.744136810302734,43.85246154540943,43.744136810302734,43.744136810302734,129800
2015-12-09,43.79829322528868,43.79829322528868,43.72607674503239,43.78023910522461,275300
2015-12-10,43.76218498516054,43.8524555854809,43.744130865096466,43.78023910522461,101500
2015-12-11,43.87052238087089,43.94273888766078,43.85247169764598,43.88857650756836,127700
2015-12-14,43.92467581716823,44.032997111824486,43.79830039949062,43.85246276855469,176300
2015-12-15,43.78023910522461,43.834401465416825,43.744130865096466,43.78023910522461,185800
2015-12-16,43.7802450553383,43.7802450553383,43.68997788622116,43.744136810302734,116000
2015-12-17,43.78026363134715,43.94274735947743,43.74415537099081,43.906639099121094,450500
2015-12-18,43.92468131312386,44.014948496053194,43.834414130194524,43.978843688964844,250000
2015-12-21,44.01496887207031,44.03302300570851,43.96080991462962,44.01496887207031,239500
2015-12-22,44.032997962117385,44.032997962117385,43.96078491210938,43.960784912109375,168800
2015-12-23,43.99689315884935,43.99689315884935,43.92467666536941,43.960784912109375,150800
2015-12-24,43.942755780991426,44.01496887207031,43.942755780991426,44.01496887207031,93300
2015-12-28,43.99691818190601,44.0510771393467,43.99691818190601,44.01496887207031,99200
2015-12-29,44.04935236838602,44.139875755905,43.95882898086704,44.01314163208008,146400
2015-12-30,43.958825730516594,44.13987249216782,43.958825730516594,44.0855598449707,166800
2015-12-31,44.08557990621278,44.139892578125,43.99505303094708,44.139892578125,173100
2016-01-04,44.13988258718107,44.157987958136104,44.03125381469726,44.031253814697266,416100
2016-01-05,44.17608235959833,44.26660919189454,44.049348247629204,44.26660919189453,250800
2016-01-06,44.42955861539537,44.42955861539537,44.35713714209514,44.41145324707031,205100
2016-01-07,44.48386001586914,44.50196537961483,44.429547377877114,44.48386001586914,507000
2016-01-08,44.52007512709737,44.57439122368275,44.42955175270045,44.5562858581543,191700
2016-01-11,44.50197082200077,44.52007618796066,44.429552811406666,44.447654724121094,160600
2016-01-12,44.39333665038574,44.59248874509823,44.39333665038574,44.48386001586914,220400
2016-01-13,44.48386545604088,44.55628691988044,44.411447445446775,44.447654724121094,506100
2016-01-14,44.50197963993375,44.520085009481164,44.37524550634799,44.429561614990234,322600
2016-01-15,44.52007919358766,44.55628992795209,44.39334507655785,44.465763092041016,301000
2016-01-19,44.50196757237392,44.556283666287314,44.44765147846052,44.52007293701172,830500
2016-01-20,44.6468154388395,44.75544419386521,44.62871007079424,44.664920806884766,341500
2016-01-21,44.62869343502678,44.73732214956011,44.59248271243415,44.61058807373047,219200
2016-01-22,44.664932896345704,44.664932896345704,44.52009336602575,44.57440948486328,287800
2016-01-25,44.5562858581543,44.59249313596583,44.48386439604045,44.5562858581543,707400
2016-01-26,44.501969761568915,44.610598501494295,44.501969761568915,44.5562858581543,212600
2016-01-27,44.610598501494295,44.610598501494295,44.501969761568915,44.5562858581543,171800
2016-01-28,44.5562858581543,44.57439122368275,44.501969761568915,44.5562858581543,293500
2016-01-29,44.59248271243415,44.66490415761942,44.57438080438241,44.61058807373047,306000
2016-02-01,44.65594706546442,44.69222059017108,44.58339309692383,44.58339309692383,162800
2016-02-02,44.6377961315872,44.746623594501344,44.6377961315872,44.728485107421875,206400
2016-02-03,44.72851639646022,44.837343935502744,44.71037789669229,44.764793395996094,669200
2016-02-04,44.782916238561526,44.782916238561526,44.728500758282706,44.746639251708984,187100
2016-02-05,44.837343935502744,44.837343935502744,44.72851639646022,44.764793395996094,301400
2016-02-08,44.855485930372936,44.98245197907648,44.855485930372936,44.9461784362793,150700
2016-02-09,44.90988739129156,45.05499189580445,44.90988739129156,45.018714904785156,369400
2016-02-10,45.054980047414276,45.054980047414276,44.964291053279375,45.00056457519531,481800
2016-02-11,45.12753213174929,45.18194760587457,44.982427660312034,45.0731201171875,227700
2016-02-12,45.12755652896129,45.12755652896129,44.92803993509803,44.9461784362793,539500
2016-02-16,45.018703065934965,45.018703065934965,44.89173709032077,45.00056457519531,205500
2016-02-17,44.928019692316404,44.94615818532519,44.85546572028126,44.89174270629883,160200
2016-02-18,44.87360382080078,44.94615779220133,44.81918834225037,44.87360382080078,280700
2016-02-19,44.87362443155421,44.964316937460566,44.855485930372936,44.9461784362793,919800
2016-02-22,44.96432265911985,44.96432265911985,44.819214631204844,44.855491638183594,329200
2016-02-23,44.83733367919922,44.90988766167462,44.76478315628812,44.83733367919922,730000
2016-02-24,44.85547900074843,44.89175599750662,44.76478996841779,44.782928466796875,225800
2016-02-25,44.81920200399024,44.81920200399024,44.76478996841779,44.782928466796875,151900
2016-02-26,44.81919280378046,44.81919280378046,44.692226800754426,44.710365295410156,199400
2016-02-29,44.69220813326294,44.746623594501344,44.65593461866667,44.728485107421875,405000
2016-03-01,44.72306018891157,44.759402990688116,44.59585171726642,44.63219451904297,233100
2016-03-02,44.541343688964844,44.65037905447842,44.468651134507944,44.541343688964844,610500
2016-03-03,44.63218306963189,44.63218306963189,44.523147759931085,44.55949401855469,209800
2016-03-04,44.50497809288378,44.52315122360936,44.43228903615174,44.4868049621582,204400
2016-03-07,44.34142693495714,44.43229259586478,44.34142693495714,44.35960006713867,269400
2016-03-08,44.48680150130748,44.55949401855469,44.45045524268389,44.55949401855469,315200
2016-03-09,44.52314749443781,44.54132062364124,44.45045497762408,44.504974365234375,213700
2016-03-10,44.48680123603094,44.54132062364124,44.46862810682751,44.504974365234375,174300
2016-03-11,44.52314722829327,44.52314722829327,44.45045471191406,44.45045471191406,230400
2016-03-14,44.52314749443781,44.54132062364124,44.48680123603094,44.504974365234375,126700
2016-03-15,44.423194885253906,44.63218066181022,44.27781332477256,44.423194885253906,152400
2016-03-16,44.40503513853697,44.504985641395166,44.38686200472903,44.4686393737793,317000
2016-03-17,44.441370146107346,44.52314749443781,44.441370146107346,44.504974365234375,169700
2016-03-18,44.51406292836019,44.577667147866485,44.51406292836019,44.55949401855469,131100
2016-03-21,44.55948648069604,44.604917563205234,44.52314022822091,44.577659606933594,351700
2016-03-22,44.59583451238639,44.632177300142054,44.568573088857704,44.58674621582031,204200
2016-03-23,44.58673886784317,44.641258239746094,44.56856574387553,44.641258239746094,142200
2016-03-24,44.604932916657255,44.65945231413605,44.58675978416432,44.595848083496094,198300
2016-03-28,44.641275101207874,44.65035993353864,44.59584400721347,44.614013671875,225100
2016-03-29,44.67760476757501,44.71395101855781,44.63217368693116,44.695777893066406,251700
2016-03-30,44.69579544632981,44.74123001098633,44.64127951461499,44.74123001098633,258200
2016-03-31,44.686703085394775,44.83208465576172,44.686703085394775,44.83208465576172,245200
2016-04-01,44.84846602448511,45.157954255659966,44.82115936279297,44.82115936279297,227600
2016-04-04,44.85756887102671,44.91218566894531,44.85756887102671,44.91218566894531,321300
2016-04-05,45.03052779643903,45.03052779643903,44.94860432215586,44.98501205444336,304700
2016-04-06,45.01231269582376,45.05782495585205,44.99410709733987,45.00320816040039,887900
2016-04-07,44.96681765534951,45.20348358154297,44.96681765534951,45.20348358154297,210700
2016-04-08,45.29449471540572,45.29449471540572,45.15795792349229,45.185264587402344,173000
2016-04-11,45.30360422446592,45.30360422446592,45.176168482413196,45.194374084472656,140600
2016-04-12,45.17617984980449,45.239897736863774,45.14886970366164,45.15797424316406,255300
2016-04-13,45.15797424316406,45.19438545644491,45.139768636523634,45.15797424316406,347200
2016-04-14,45.15797130408625,45.21258464808864,45.14886676517639,45.20348358154297,296600
2016-04-15,45.20347302370059,45.26719089173072,45.185267422497205,45.248985290527344,130700
2016-04-18,45.19438266370641,45.27630615234375,45.19438266370641,45.27630615234375,161700
2016-04-19,45.27627438502755,45.27627438502755,45.20345201406039,45.23075866699219,139800
2016-04-20,45.203477899030354,45.303606980266466,45.203477899030354,45.221683502197266,165600
2016-04-21,45.239897736863774,45.239897736863774,45.15797424316406,45.15797424316406,192100
2016-04-22,45.14885834314222,45.23988635343956,45.14885834314222,45.194374084472656,995500
2016-04-25,45.221692130223346,45.221692130223346,45.14886970366164,45.15797424316406,160900
2016-04-26,45.19437205274653,45.221678718426375,45.121549647782416,45.13975524902344,239600
2016-04-27,45.18526954726116,45.19437408447266,45.1306562134463,45.194374084472656,143700
2016-04-28,45.14885622009045,45.276295428514096,45.130654091250456,45.248985290527344,493900
2016-04-29,45.0578165869018,45.294482378508775,45.0578165869018,45.28538131713867,370700
2016-05-02,45.276293028572255,45.30364919131551,45.20333862304688,45.203338623046875,168900
2016-05-03,45.32208597582681,45.46825664204965,45.32208597582681,45.43171310424805,296300
2016-05-04,45.46825853429387,45.48653030395508,45.43171499497143,45.48653030395508,115900
2016-05-05,45.46825853429387,45.51393621595504,45.44998676463265,45.48653030395508,225500
2016-05-06,45.5047836303711,45.5413236699,45.48651186811549,45.504783630371094,110600
2016-05-09,45.349500878156896,45.623570496041715,45.349500878156896,45.5322151184082,213000
2016-05-10,45.54134338894308,45.6235646122033,45.47739393585,45.523075103759766,115500
2016-05-11,45.5322044445904,45.61442565917969,45.52307030296201,45.61442565917969,421300
2016-05-12,45.62356856193178,45.62356856193178,45.440857814410364,45.58702850341797,239000
2016-05-13,45.65097139083773,45.6875114440918,45.614427852600045,45.6875114440918,138600
2016-05-16,45.66924671210732,45.66924671210732,45.54134431832716,45.55961608886719,157900
2016-05-17,45.58702544871519,45.696652586878955,45.58702544871519,45.669246673583984,251300
2016-05-18,45.69665169287187,45.69665169287187,45.52307510375976,45.523075103759766,319100
2016-05-19,45.5778896179888,45.60529553236432,45.54134607549876,45.55048370361328,224100
2016-05-20,45.51394334588464,45.577892807224956,45.504809202115,45.5322151184082,163400
2016-05-23,45.54134338894308,45.54134338894308,45.49566570601714,45.523075103759766,122200
2016-05-24,45.46825664204965,45.49566255290907,45.413441335347244,45.43171310424805,298600
2016-05-25,45.44998487314885,45.6144273082725,45.413441335347244,45.43171310424805,228200
2016-05-26,45.44084960593945,45.46825551612021,45.40430606904277,45.4591178894043,149500
2016-05-27,45.568740703116134,45.568740703116134,45.39516067504883,45.39516067504883,165300
2016-05-31,45.36776859201118,45.43171804763048,45.349496821122244,45.40431213378906,232600
2016-06-01,45.49307770278959,45.49307770278959,45.42901611328125,45.42901611328125,140500
2016-06-02,45.47477551696317,45.47477551696317,45.42901773583645,45.43817138671875,478000
2016-06-03,45.48393330165419,45.56629871160603,45.48393330165419,45.538841247558594,240700
2016-06-06,45.60289698484473,45.63035095216717,45.493074133365965,45.502227783203125,227200
2016-06-07,45.52968167729637,45.621197228953626,45.52968167729637,45.575439453125,163600
2016-06-08,45.6120511320807,45.74932796288592,45.55713970153965,45.648658752441406,649300
2016-06-09,45.69442188584844,45.74017967111283,45.64866410058405,45.73102951049805,351100
2016-06-10,45.75847488295729,45.82253646850586,45.676109488524176,45.82253646850586,140900
2016-06-13,45.868294901905884,46.01472188398409,45.868294901905884,45.9232063293457,357800
2016-06-14,45.941502030325076,45.99640995697961,45.877440455165434,45.968955993652344,231800
2016-06-15,45.95981970895377,46.08794289794631,45.93236224624461,46.03303146362305,111200
2016-06-16,46.023882837821056,46.124552058555665,45.84084820840314,46.11539840698242,243000
2016-06-17,46.15200603108504,46.18861365518766,46.06049046192367,46.11539840698242,103400
2016-06-20,46.078792662195596,46.08794631414217,46.00558090209961,46.00558090209961,190500
2016-06-21,46.05132137472817,46.05132137472817,45.968955993652344,45.968955993652344,157400
2016-06-22,46.014726842324514,46.133699869050126,45.9598189000627,45.97812271118164,184900
2016-06-23,45.85000660261231,46.08795271091445,45.80424880981445,45.80424880981445,211500
2016-06-24,46.48147124507731,46.65535223631151,46.19776737307845,46.234375,247900
2016-06-27,46.37163698555629,46.49060999830981,46.225210004896056,46.454002380371094,430100
2016-06-28,46.2709838871416,46.563837928299186,46.2709838871416,46.43571472167969,138200
2016-06-29,46.389947858447925,46.389947858447925,46.2801284790039,46.280128479003906,170100
2016-06-30,46.35335810757979,46.35335810757979,46.289296492103816,46.29844665527344,515600
2016-07-01,46.44419624422616,46.44419624422616,46.34334962066634,46.40752410888672,173400
2016-07-05,46.50837971134641,46.53588206953693,46.490043640136726,46.49004364013672,891100
2016-07-06,46.60924282735286,46.60924282735286,46.49006007099148,46.50839614868164,139700
2016-07-07,46.554234594282406,46.554234594282406,46.46255770308087,46.50839614868164,206400
2016-07-08,46.554215070419424,46.581720924043886,46.44420214766485,46.499210357666016,113300
2016-07-11,46.38002175600579,46.52670680011626,46.38002175600579,46.40752410888672,157000
2016-07-12,46.407522760524024,46.46253096193494,46.315845922086375,46.32501220703125,640400
2016-07-13,46.34334827416823,46.45336117974284,46.2975098549494,46.32501220703125,136800
2016-07-14,46.315851030611434,46.315851030611434,46.215004398858554,46.22417068481445,253600
2016-07-15,46.32500523681536,46.32500523681536,46.15081787109376,46.15081787109375,332800
2016-07-18,46.169154369521635,46.20582649862253,46.095810111319835,46.15998458862305,148700
2016-07-19,46.17833387475099,46.17833387475099,46.123329162597656,46.123329162597656,206100
2016-07-20,46.150836795495465,46.150836795495465,46.0683262205836,46.08666229248047,1030100
2016-07-21,46.04998150600345,46.15082813388524,46.04998150600345,46.13249206542969,424100
2016-07-22,46.08665890866114,46.169169477514835,46.04998676755997,46.0958251953125,1900300
2016-07-25,46.13249233654931,46.14166211945471,46.07748413085938,46.077484130859375,230400
2016-07-26,46.0958251953125,46.14166712031289,46.07748912476192,46.0958251953125,257000
2016-07-27,46.14165158752807,46.205826064227956,46.11414574233762,46.15081787109375,233600
2016-07-28,46.15999811717499,46.251678466796875,46.15999811717499,46.251678466796875,428200
2016-07-29,46.34335047583986,46.34335047583986,46.25167363304685,46.29751205444336,177600
2016-08-01,46.247018929964675,46.30211639212528,46.191917964659226,46.20110321044922,158100
2016-08-02,46.19190822449556,46.24700917818226,46.1276255300998,46.155174255371094,354100
2016-08-03,46.18273388345746,46.21946785846767,46.118451178761944,46.145999908447266,287800
2016-08-04,46.21947019888437,46.247018929964675,46.201103210449226,46.20110321044922,254400
2016-08-05,46.210270130277365,46.24700409536455,46.10925347785946,46.118438720703125,154100
2016-08-08,46.145997655201434,46.18273162841797,46.12763066859317,46.18273162841797,211300
2016-08-09,46.155183987788924,46.21028495309437,46.14600224514377,46.20110321044922,338100
2016-08-10,46.201084923131745,46.256182363483674,46.17353269981232,46.219451904296875,415500
2016-08-11,46.21946785846767,46.237831342828095,46.14599990844726,46.145999908447266,273700
2016-08-12,46.22863623603147,46.36638685092393,46.22863623603147,46.28373718261719,524500
2016-08-15,46.30209090009827,46.30209090009827,46.228626489948994,46.23780822753906,86700
2016-08-16,46.32965288653345,46.338834626059246,46.2561849577525,46.28373718261719,114800
2016-08-17,46.28374279881297,46.32965850830078,46.23782358618109,46.32965850830078,92700
2016-08-18,46.32964482618012,46.403109239036205,46.32964482618012,46.36637878417969,232400
2016-08-19,46.32966457668674,46.36639855034613,46.28374886118476,46.292930603027344,131800
2016-08-22,46.3663866504065,46.42148409361028,46.320467443545155,46.37556838989258,274600
2016-08-23,46.35720140777677,46.42148409361028,46.35720140777677,46.37556838989258,124000
2016-08-24,46.393926950727845,46.42147566732918,46.31127729778083,46.35719299316406,94000
2016-08-25,46.37555154732621,46.38473328347769,46.31126888483873,46.33881759643555,111700
2016-08-26,46.37557288553638,46.43985557760145,46.28374146919885,46.30210494995117,169000
2016-08-29,46.4123019175638,46.45821762084961,46.384749693077424,46.45821762084961,100600
2016-08-30,46.4123023541242,46.4123023541242,46.3663866504065,46.37556838989258,166700
2016-08-31,46.37558442754813,46.42150014714445,46.35721743908063,46.393951416015625,271500
2016-09-01,46.38013453970341,46.44452907178924,46.33414145311145,46.36174011230469,191000
2016-09-02,46.370936977330736,46.380134190960945,46.30654595477665,46.34334182739258,185100
2016-09-06,46.36174778147253,46.40774087567267,46.306553963003466,46.38014221191406,195800
2016-09-07,46.398546717775695,46.44454332753349,46.30656051635742,46.30656051635742,166600
2016-09-08,46.32496191517625,46.35255707585113,46.23297219784514,46.278968811035156,99400
2016-09-09,46.23295901288568,46.25135695110508,46.16856798364173,46.17776870727539,294200
2016-09-12,46.16856728984163,46.22376110367041,46.14097213745117,46.14097213745117,571300
2016-09-13,46.17776623149214,46.17776623149214,46.01218830544277,46.03058624267578,434100
2016-09-14,46.002987582302396,46.085776545327086,46.002987582302396,46.03058624267578,135900
2016-09-15,46.00298686564287,46.048983462532696,45.96619450079774,45.98459243774414,124100
2016-09-16,46.012198714821636,46.02139593099497,45.96620561585791,45.97540283203125,77700
2016-09-19,46.0121914260296,46.02138864074601,45.966198334351645,45.99379348754883,87100
2016-09-20,45.99380075448099,46.03059663725622,45.96620559692383,45.96620559692383,119400
2016-09-21,45.99379348754883,46.039786579226785,45.920201733625724,45.99379348754883,150100
2016-09-22,46.01218830544277,46.067382117141804,46.01218830544277,46.03058624267578,119300
2016-09-23,46.05819286368958,46.122583905516294,46.02139698006042,46.039794921875,104300
2016-09-26,46.07659598845254,46.1593849814064,46.07659598845254,46.1133918762207,187200
2016-09-27,46.12256692288807,46.1869579410056,46.10416898784773,46.15936279296875,107400
2016-09-28,46.16856694252645,46.2053628181355,46.12257385253906,46.12257385253906,145000
2016-09-29,46.131782570008916,46.18697288393842,46.07658874703097,46.150177001953125,220100
2016-09-30,46.14097105349509,46.177766928516526,46.04898487498929,46.0673828125,391900
2016-10-03,46.05541229248047,46.12913212735689,46.05541229248047,46.05541229248047,158500
2016-10-04,46.06463778433446,46.11071093231115,45.98170471191406,45.98170471191406,292200
2016-10-05,46.018535180217626,46.018535180217626,45.88031581420281,45.907958984375,210200
2016-10-06,45.889543158621414,45.889543158621414,45.80661010742187,45.806610107421875,206900
2016-10-07,45.797396886246354,45.843470022433884,45.76053697123434,45.806610107421875,111200
2016-10-10,45.788169860839844,45.834246501828446,45.751313469264815,45.788169860839844,175300
2016-10-11,45.76975666159137,45.76975666159137,45.649967193603516,45.649967193603516,346400
2016-10-12,45.65916745945949,45.65916745945949,45.613094329833984,45.613094329833984,171000
2016-10-13,45.64996642195008,45.67760960407148,45.6038932800293,45.6038932800293,183900
2016-10-14,45.5854633202299,45.64996642195008,45.5578166229531,45.6038932800293,260000
2016-10-17,45.603871540369184,45.62229797622917,45.5393649542443,45.58544158935547,260400
2016-10-18,45.57623521558135,45.57623521558135,45.50251890992475,45.53937530517578,133400
2016-10-19,45.53016474552116,45.5946678349226,45.502521568679036,45.55780792236328,175800
2016-10-20,45.53937796608362,45.58545461436014,45.502521568679036,45.55780792236328,90300
2016-10-21,45.58544158935546,45.62229797622917,45.56701163834175,45.58544158935547,96500
2016-10-24,45.6038845706398,45.6038845706398,45.5209515249587,45.55780792236328,131500
2016-10-25,45.438018479277595,45.6038845706398,45.438018479277595,45.55780792236328,298900
2016-10-26,45.56702272227271,45.56702272227271,45.51173285578259,45.5301628112793,391000
2016-10-27,45.53937713032276,45.53937713032276,45.43801764537694,45.45644760131836,154300
2016-10-28,45.45645296773318,45.54859924316406,45.43802300961598,45.54859924316406,282100
2016-10-31,45.58544158935546,45.603871540369184,45.548581687328024,45.58544158935547,225400
2016-11-01,45.55130701880982,45.597461110662366,45.468234582963234,45.56053924560547,322400
2016-11-02,45.57898897642826,45.64360046386719,45.551295823910166,45.64360046386719,242300
2016-11-03,45.63436728894581,45.6897500717666,45.597448954793855,45.652828216552734,192800
2016-11-04,45.66206771343491,45.72667920981881,45.66206771343491,45.6989860534668,106500
2016-11-07,45.61591076852184,45.68975448608398,45.59745336019356,45.689754486083984,183500
2016-11-08,45.652829167331895,45.708211951306104,45.63436823934049,45.64360046386719,88000
2016-11-09,45.50515878301603,45.50515878301603,45.191329956054695,45.19132995605469,566200
2016-11-10,45.1543973631332,45.21901237548113,44.905183623066634,45.09901809692383,1423300
2016-11-11,44.877483367919915,44.91440522025881,44.766721331964895,44.87748336791992,575700
2016-11-14,44.83132378925995,44.83132378925995,44.32366074549973,44.50826644897461,2155700
2016-11-15,44.563664856865934,44.64673728309626,44.425213160523676,44.46213150024414,923000
2016-11-16,44.34212238811914,44.40673385722557,44.2590499962593,44.36981201171875,773600
2016-11-17,44.259060562734355,44.332900750315716,44.21291000536328,44.24982833862305,606000
2016-11-18,44.222151324562866,44.36060655723786,44.222151324562866,44.32368469238281,403400
2016-11-21,44.45289153194971,44.45289153194971,44.20367431640625,44.20367431640625,1060500
2016-11-22,44.14830017089844,44.194450729994415,44.12983924304765,44.14830017089844,947600
2016-11-23,43.954477603272856,44.139083425457656,43.926787962317256,43.972938537597656,1027600
2016-11-25,43.954459794980146,44.04676442920662,43.954459794980146,44.0006103515625,155100
2016-11-28,43.972922679308795,44.06522731764427,43.889850265337834,43.93600082397461,1141400
2016-11-29,43.85293012286074,43.92677383641339,43.74216807359383,43.7883186340332,999100
2016-11-30,43.68679052740817,43.68679052740817,43.56679624869755,43.6406364440918,1017600
2016-12-01,43.55278634819283,43.55278634819283,43.37709696680032,43.47881317138672,773700
2016-12-02,43.35860100617371,43.534293907738366,43.28462783241221,43.46956253051758,708700
2016-12-05,43.367860386702006,43.46957308439324,43.358611533109276,43.377105712890625,959600
2016-12-06,43.61751735243778,43.6637545596115,43.49731049051637,43.626766204833984,891500
2016-12-07,43.70999283874465,44.04288101196289,43.70999283874465,44.04288101196289,840300
2016-12-08,44.01514249481241,44.024391349130674,43.894935607910156,43.894935607910156,871400
2016-12-09,43.95966347852042,43.97815765975255,43.87644142667803,43.894935607910156,778600
2016-12-12,43.922675733912556,43.922675733912556,43.75623162788643,43.81171417236328,1235100
2016-12-13,43.76547002589607,43.89492573800809,43.746975848822416,43.83944320678711,762400
2016-12-14,43.88569332228293,43.95042120258149,43.73774337768555,43.73774337768555,532300
2016-12-15,43.700736229208474,43.73772458131324,43.45107367100985,43.47881317138672,1009600
2016-12-16,43.4880780070325,43.59904311313228,43.4880780070325,43.52506637573242,973500
2016-12-19,43.54355000130211,43.76547663228219,43.54355000130211,43.617523193359375,1264400
2016-12-20,43.691495114533176,43.691495114533176,43.589778900146484,43.589778900146484,816100
2016-12-21,43.7007416274956,43.74697883703987,43.645262619888626,43.6822509765625,598100
2016-12-22,43.64526314565902,43.74697936403558,43.64526314565902,43.66375732421875,1147200
2016-12-23,43.70075722472559,43.811722334351764,43.56205612880052,43.79322814941406,612200
2016-12-27,43.76547772651675,43.84869624688528,43.719240511995274,43.774723052978516,902400
2016-12-28,43.79513798533331,43.9621890222476,43.79513798533331,43.91578674316406,954000
2016-12-29,43.971472300021325,43.99003392000269,43.88794678023869,43.934349060058594,896900
2016-12-30,44.0457146348632,44.082837874316176,43.93434845677126,44.02715301513672,908200
2017-01-03,44.01786664147089,44.01786664147089,43.91577952011772,43.980743408203125,441900
2017-01-04,44.05499267578125,44.110673988956776,43.92506489134956,44.05499267578125,683500
2017-01-05,44.12923780474473,44.24060397690928,44.06427390929319,44.2220458984375,583500
2017-01-06,44.17564631323083,44.25917183920371,44.17564631323083,44.18492889404297,322300
2017-01-09,44.2498876780582,44.333413194365505,44.2498876780582,44.2591667175293,759400
2017-01-10,44.324132010875516,44.370537830493404,44.24988907196745,44.29629135131836,383000
2017-01-11,44.31485164605859,44.435500400977034,44.29629002681984,44.41693878173828,299200
2017-01-12,44.47261397469267,44.63038594636124,44.47261397469267,44.56542205810547,442900
2017-01-13,44.6211097303654,44.6211097303654,44.528301641082635,44.593265533447266,472000
2017-01-17,44.732482822296944,44.741761862528406,44.5747108162248,44.621116638183594,611900
2017-01-18,44.658236369154764,44.658236369154764,44.54687018496715,44.574710845947266,219900
2017-01-19,44.55614491549372,44.55614491549372,44.37981484589667,44.39837646484375,1343400
2017-01-20,44.2962899559474,44.305572535685364,44.194202820431045,44.2591667175293,592800
2017-01-23,44.231325336153766,44.30557181177687,44.203484677928515,44.287010192871094,590200
2017-01-24,44.287002580661685,44.287002580661685,44.19419450208499,44.240596771240234,1479100
2017-01-25,44.21276404213787,44.231325661180044,44.157082725278194,44.1942024230957,984300
2017-01-26,44.20348600137419,44.21276504097148,44.10139886446936,44.16636276245117,312500
2017-01-27,44.11995876550885,44.24060397690928,44.11995876550885,44.2220458984375,287400
2017-01-30,44.30557483982903,44.30557483982903,44.15708541870117,44.15708541870117,780700
2017-01-31,44.26844096494634,44.30556419637702,44.21275611780033,44.240596771240234,338700
2017-02-01,44.089058470197855,44.23782293849355,44.089058470197855,44.1634407043457,304800
2017-02-02,44.23780263010791,44.302885281739506,44.163420430106925,44.20990753173828,365800
2017-02-03,44.302906168643396,44.34939329219142,44.22852393357441,44.237823486328125,311800
2017-02-06,44.367974267067126,44.40516182563777,44.27499650379298,44.32148361206055,609400
2017-02-07,44.340090753740746,44.42376898918868,44.26571207042032,44.38658142089844,338700
2017-02-08,44.43306078728276,44.53533456239795,44.43306078728276,44.451656341552734,314000
2017-02-09,44.44236605115153,44.50744873128753,44.41447448730469,44.41447448730469,254000
2017-02-10,44.42376898918868,44.42376898918868,44.37728186877092,44.38658142089844,277900
2017-02-13,44.39587674619507,44.39587674619507,44.34938962648944,44.377281188964844,1200000
2017-02-14,44.36798885095867,44.39588041573945,44.22852393357441,44.237823486328125,339400
2017-02-15,44.182032858806814,44.24711553530171,44.13554573941615,44.172733306884766,526900
2017-02-16,44.14484174459834,44.23781953011952,44.13554573941615,44.172733306884766,499300
2017-02-17,44.302907671530505,44.31220367785939,44.19133431514212,44.265716552734375,195400
2017-02-21,44.25640869140625,44.35868247552558,44.25640869140625,44.25640869140625,585500
2017-02-22,44.41447352455266,44.41447352455266,44.3214957358452,44.33079528808594,453600
2017-02-23,44.47026048125121,44.47026048125121,44.30290400725094,44.405174255371094,337900
2017-02-24,44.51674856535322,44.5446401293765,44.46096189056655,44.488853454589844,292000
2017-02-27,44.5074371498508,44.5632238097681,44.4702495899784,44.47954559326172,298300
2017-02-28,44.57253237396791,44.57253237396791,44.46096256943113,44.49815368652344,378400
2017-03-01,44.323951721191406,44.48231637741353,44.323951721191406,44.323951721191406,370500
2017-03-02,44.305319874360855,44.342579846925084,44.27737045288086,44.27737045288086,438300
2017-03-03,44.24010458536035,44.305313970715474,44.165577542871645,44.19352340698242,440400
2017-03-06,44.212159069767665,44.286686118834126,44.19352730750105,44.240108489990234,343300
2017-03-07,44.202835083007805,44.221466841108914,44.174885669033905,44.20283508300781,378200
2017-03-08,44.11899123825143,44.165568853820794,44.07241362268208,44.09104537963867,432200
2017-03-09,44.1003686714183,44.1003686714183,43.997895763624705,44.05379104614258,500200
2017-03-10,44.03515850656829,44.10036789153011,44.01652674605849,44.07242202758789,220600
2017-03-13,44.12831670649832,44.12831670649832,44.03516145136463,44.04447555541992,334600
2017-03-14,44.05379781104524,44.10968954850083,44.025848388671875,44.025848388671875,390500
2017-03-15,43.9792619408029,44.23078536987305,43.9792619408029,44.23078536987305,291700
2017-03-16,44.13762570647619,44.212149185236115,44.13762570647619,44.20283508300781,400100
2017-03-17,44.13763012368922,44.24941712983878,44.13763012368922,44.23078536987305,242000
2017-03-20,44.32394859995893,44.32394859995893,44.23078979081887,44.25873565673828,315200
2017-03-21,44.2587271811528,44.37983183302063,44.2587271811528,44.37051773071289,261100
2017-03-22,44.37983608785179,44.472994888083285,44.37983608785179,44.445045471191406,240500
2017-03-23,44.45436841608794,44.500946044921875,44.45436841608794,44.500946044921875,268200
2017-03-24,44.53820037841797,44.575460341608874,44.482305103164784,44.53820037841797,208900
2017-03-27,44.603410812293944,44.64067077636719,44.57546139718321,44.64067077636719,509300
2017-03-28,44.622042126605905,44.69656560765459,44.56614685058594,44.56614685058594,319300
2017-03-29,44.63136352145327,44.70589056832356,44.63136352145327,44.65930938720703,354900
2017-03-30,44.696574735281025,44.696574735281025,44.62205123901367,44.62205123901367,296200
2017-03-31,44.649988432618976,44.7058837091958,44.603410812293944,44.64067077636719,580200
2017-04-03,44.656543395701924,44.712540344826614,44.63788130610236,44.675209045410156,873700
2017-04-04,44.70319689385108,44.768524869645525,44.70319689385108,44.721858978271484,359900
2017-04-05,44.79652471209614,44.79652471209614,44.72186212872417,44.759193420410156,196700
2017-04-06,44.79652786254883,44.83385915686025,44.77786221539312,44.79652786254883,299100
2017-04-07,44.88985124309439,44.992510519434866,44.82452325998829,44.861854553222656,215900
2017-04-10,44.88051924090223,44.917850533338964,44.87118819784705,44.90851593017578,558900
2017-04-11,44.899191549667535,44.98318519005991,44.899191549667535,44.95518493652344,174000
2017-04-12,45.01119164314802,45.04852294921876,44.973860337077284,45.04852294921875,275000
2017-04-13,45.07650719441762,45.10450744628906,45.02984485477631,45.10450744628906,238800
2017-04-17,45.09517987857553,45.16050787628828,45.09517987857553,45.12317657470703,371200
2017-04-18,45.18849367955399,45.30048755730117,45.160496990171204,45.29115295410156,405000
2017-04-19,45.29115042705063,45.29115042705063,45.22582244873047,45.22582244873047,504700
2017-04-20,45.26315785122555,45.26315785122555,45.18849526344379,45.216495513916016,157600
2017-04-21,45.26315785122555,45.26315785122555,45.16983317660648,45.216495513916016,255400
2017-04-24,45.16050082981532,45.22582881733483,45.10450744628906,45.10450744628906,270000
2017-04-25,45.11383314461612,45.123164187395425,44.964511539392106,44.983177185058594,235000
2017-04-26,44.964514725569515,45.02984270997741,44.964514725569515,45.01117706298828,211100
2017-04-27,45.0018380618355,45.048500391002925,44.98317241814703,45.02983474731445,211700
2017-04-28,45.01117387350438,45.02983951917087,44.964511539392106,44.983177185058594,198300
2017-05-01,45.03927912911622,45.04863119518837,44.93643136969952,44.98318099975586,371000
2017-05-02,44.97383025682757,44.992530822753906,44.92708062539584,44.992530822753906,219700
2017-05-03,44.983191917435136,45.06734269866769,44.983191917435136,45.02994155883789,464900
2017-05-04,45.05798391788556,45.05798391788556,44.964484649008966,45.011234283447266,371800
2017-05-05,45.011240065771254,45.07669027574656,45.011240065771254,45.048641204833984,162900
2017-05-08,45.029934850576275,45.05798391788556,45.011234283447266,45.011234283447266,328100
2017-05-09,45.029934850576275,45.06733598483431,45.011234283447266,45.011234283447266,549400
2017-05-10,45.09538545432879,45.09538545432879,45.01123468488196,45.039283752441406,315500
2017-05-11,45.03928572290298,45.086038926572165,45.02993722223034,45.07668685913086,359800
2017-05-12,45.12343951171207,45.1888932878696,45.12343951171207,45.17019271850586,305800
2017-05-15,45.16082488619918,45.21692657470703,45.15147638816503,45.21692657470703,263500
2017-05-16,45.21692855408734,45.263678179839864,45.20757648887615,45.254329681396484,233000
2017-05-17,45.31044215139534,45.45069463982626,45.31044215139534,45.422645568847656,423200
2017-05-18,45.45068491734459,45.52548361287678,45.422635852366035,45.46003341674805,241000
2017-05-19,45.48809380629761,45.55354401358861,45.48809380629761,45.53484344482422,508400
2017-05-22,45.50677739228471,45.534830020545414,45.48808039580123,45.49742889404297,178500
2017-05-23,45.56288344633106,45.65638627154344,45.56288344633106,45.600284576416016,275800
2017-05-24,45.637678480440144,45.64702697809714,45.55352773445708,45.628326416015625,159500
2017-05-25,45.60028655140064,45.65638824895788,45.60028655140064,45.63768768310547,446900
2017-05-26,45.64705433255906,45.67510340910626,45.600304682723824,45.65640640258789,328200
2017-05-30,45.684450206617434,45.74054835323747,45.684450206617434,45.72185134887695,231200
2017-05-31,45.777942135537344,45.86209290870728,45.74989306673692,45.82469177246094,348300
2017-06-01,45.7656825311135,45.84998294780683,45.7656825311135,45.80315017700195,181100
2017-06-02,45.8687134506866,45.94364516392843,45.8687134506866,45.90617752075195,259300
2017-06-05,45.95301433123207,45.98111327734623,45.93428050945224,45.962379455566406,243300
2017-06-06,46.03731521235181,46.046680336781684,45.99984756840991,46.01858139038086,178000
2017-06-07,46.05604546121156,46.05604546121156,45.99984756840991,46.01858139038086,218800
2017-06-08,46.03732227499355,46.03732227499355,45.92491932592401,45.934288024902344,287300
2017-06-09,45.96237918485448,45.971747882244784,45.87807877389736,45.91554641723633,208600
2017-06-12,45.906188902351936,45.91555760202441,45.86872482299805,45.86872482299805,217000
2017-06-13,45.840618287222185,45.91555358559907,45.840618287222185,45.859352111816406,133400
2017-06-14,45.952998749930956,45.9717325653587,45.915531119075474,45.924896240234375,204200
2017-06-15,45.93426493450322,45.962363871089856,45.878063488219986,45.924896240234375,313600
2017-06-16,45.9530140605753,45.9530140605753,45.887447471287665,45.91554641723633,218400
2017-06-19,45.924911342340195,45.934280039689874,45.887447272274834,45.90617752075195,204800
2017-06-20,45.915542918597986,45.98110950288962,45.915542918597986,45.95301055908203,591200
2017-06-21,45.91555069650169,45.97175216674805,45.91555069650169,45.97175216674805,464900
2017-06-22,45.962375682647604,45.97174437932404,45.934276738840005,45.95301055908203,177700
2017-06-23,45.92490402929531,45.96237166650547,45.92490402929531,45.94363784790039,158000
2017-06-26,45.971740362363285,46.009204426462894,45.94363784790039,45.94363784790039,184400
2017-06-27,45.924914934434774,45.93428363251724,45.84998321533203,45.84998321533203,192800
2017-06-28,45.84998294780683,45.85934807272326,45.80315017700195,45.80315017700195,491100
2017-06-29,45.74695504403883,45.74695504403883,45.606453139053556,45.615821838378906,384800
2017-06-30,45.6251791348239,45.643912957147805,45.57834636556977,45.6064453125,347000
2017-07-03,45.596128310411956,45.67119725066626,45.530441645318895,45.56797790527344,258300
2017-07-05,45.61487371875299,45.671174500985536,45.55856935686745,45.58672332763672,193200
2017-07-06,45.34276579563583,45.59613019129836,45.34276579563583,45.577362060546875,147900
2017-07-07,45.521059243349,45.57736363755159,45.43660444187264,45.53044509887695,430600
2017-07-10,45.53980123623894,45.62425598924075,45.53041896575118,45.58672332763672,242500
2017-07-11,45.55858612060546,45.567971974199835,45.53043571913097,45.55858612060547,149300
2017-07-12,45.62427350904803,45.652427490628476,45.605505381212524,45.63365936279297,178600
2017-07-13,45.652430944162354,45.652430944162354,45.58674428159616,45.596126556396484,161800
2017-07-14,45.73689234303455,45.755656895345886,45.68997022329074,45.69935607910156,170000
2017-07-17,45.74627685546874,45.79319539785098,45.74627685546874,45.74627685546875,213000
2017-07-18,45.83071573200456,45.90578465778971,45.793179479284944,45.887020111083984,134000
2017-07-19,45.877640497046855,45.97148114160742,45.877640497046855,45.95271301269531,127200
2017-07-20,45.95270570211922,46.027774626170455,45.95270570211922,46.00900650024414,334600
2017-07-21,46.01839859609253,46.08408525591895,46.00901274202905,46.07469940185547,142000
2017-07-24,46.10285338439143,46.10285338439143,46.046548998974,46.07469940185547,175900
2017-07-25,46.084082641433056,46.084082641433056,45.99024200439453,45.99024200439453,385600
2017-07-26,46.03716641325767,46.055934541603236,45.99024430256653,46.01839828491211,138500
2017-07-27,45.99024200439453,46.04654638661765,45.97147745664111,45.99024200439453,133800
2017-07-28,45.99024430256653,46.02778055925766,45.98086202822098,46.01839828491211,130900
2017-07-31,46.00899736354441,46.04653360794289,45.971464698799224,46.03715133666992,84200
2017-08-01,46.071934449479485,46.08133697509766,45.97793070937467,46.081336975097656,260000
2017-08-02,46.10015417677698,46.11895564841846,46.05315229068031,46.09075164794922,462600
2017-08-03,46.12834783736915,46.17534971658406,46.08134595815423,46.165950775146484,116900
2017-08-04,46.15655470447113,46.15655470447113,46.081352404410026,46.14715576171875,141200
2017-08-07,46.118954003977706,46.156553359905956,46.06254959106445,46.06254959106445,153500
2017-08-08,46.13774684086526,46.175346189757285,46.100143905959996,46.10954284667969,241900
2017-08-09,46.18475224403516,46.2129526543614,46.147149306257816,46.165950775146484,193700
2017-08-10,46.20355887603082,46.2787611739756,46.156553405549666,46.25056076049805,477200
2017-08-11,46.26936006063865,46.27875900268555,46.19415418020842,46.27875900268555,242700
2017-08-14,46.250560932628275,46.31636428833008,46.23175946156862,46.31636428833008,252800
2017-08-15,46.269358237111504,46.269358237111504,46.15654942091209,46.18475341796875,180000
2017-08-16,46.137757290084544,46.194158119202775,46.137757290084544,46.15655517578125,160600
2017-08-17,46.13775270934359,46.203556060791016,46.13775270934359,46.203556060791016,179000
2017-08-18,46.2129550027062,46.23175647255028,46.16595312110285,46.203556060791016,212000
2017-08-21,46.23175477547085,46.25995518619493,46.16595142643893,46.241153717041016,90500
2017-08-22,46.241153717041016,46.25995518619493,46.175350368009106,46.241153717041016,208000
2017-08-23,46.306956772321094,46.306956772321094,46.2505559512307,46.29755783081055,203500
2017-08-24,46.288163702477405,46.32576305844284,46.24115823199625,46.25056076049805,233200
2017-08-25,46.27876134621078,46.31636428833008,46.23175946156862,46.31636428833008,141100
2017-08-28,46.259954892741256,46.31635929984519,46.259954892741256,46.29755783081055,108300
2017-08-29,46.33515332323441,46.4103556012751,46.33515332323441,46.36335372924805,350900
2017-08-30,46.38215519526146,46.38215519526146,46.344552263234625,46.36335372924805,645500
2017-08-31,46.36336253188174,46.382164001464844,46.344561062298645,46.382164001464844,121100
2017-09-01,46.35108106722568,46.3887468294575,46.313411712646484,46.313411712646484,154200
2017-09-05,46.39816960083389,46.454673637131314,46.39816960083389,46.40758514404297,344600
2017-09-06,46.37933505181585,46.48292398914376,46.37933505181585,46.454673767089844,147300
2017-09-07,46.511178486286965,46.53942871093751,46.482928261636424,46.5394287109375,221100
2017-09-08,46.5300149096879,46.5300149096879,46.47351086592238,46.520599365234375,375700
2017-09-11,46.48293075089427,46.50176543245259,46.45468052473087,46.46409606933594,92600
2017-09-12,46.46409070117175,46.46409070117175,46.369920896608065,46.38875198364258,294100
2017-09-13,46.3510840140997,46.37933423565648,46.29457997863853,46.32283020019531,169400
2017-09-14,46.303992577828,46.35108106722568,46.28516149288578,46.313411712646484,151000
2017-09-15,46.33224638993608,46.33224638993608,46.25690768077769,46.313411712646484,208500
2017-09-18,46.31342390758691,46.332258589835924,46.256919860839844,46.256919860839844,123000
2017-09-19,46.25691387819832,46.33225259745046,46.25691387819832,46.2851676940918,231700
2017-09-20,46.275750824192826,46.29458550492822,46.143911651393104,46.20983123779297,229000
2017-09-21,46.17216655949583,46.25692083522758,46.15333187685006,46.20042037963867,144200
2017-09-22,46.25691387819832,46.285167694091804,46.20982897483966,46.2851676940918,238100
2017-09-25,46.28516149288578,46.322827255117595,46.26632681559617,46.313411712646484,201000
2017-09-26,46.2851644355688,46.332249335612644,46.238075943177364,46.32283020019531,116200
2017-09-27,46.18159419611484,46.23809466210192,46.096839904785156,46.096839904785156,177900
2017-09-28,46.06856710895779,46.096820922665806,46.01206666623691,46.04973602294922,282400
2017-09-29,46.021492774532405,46.096831505252744,46.00265809185232,46.05916213989258,237100
2017-10-02,46.0374619665956,46.103499022712924,46.01859372216927,46.046897888183594,202600
2017-10-03,46.08462613468924,46.150663184152506,46.04689324838829,46.11293029785156,360900
2017-10-04,46.11293172201023,46.131799965118084,46.07519523579453,46.12236404418945,245100
2017-10-05,46.122379395383476,46.15067997009,46.046909996582535,46.07521057128906,224600
2017-10-06,46.09406205532644,46.11293029785156,45.990288520812925,46.11293029785156,318200
2017-10-09,46.08462142944336,46.16952671276291,46.07518910851848,46.08462142944336,191400
2017-10-10,46.14123460018464,46.216707576399216,46.10349811207735,46.16010284423828,213100
2017-10-11,46.1506692324175,46.22614221240907,46.112936341171476,46.19784164428711,399300
2017-10-12,46.235572814941406,46.263876980759825,46.2167081693953,46.235572814941406,170900
2017-10-13,46.263877707819624,46.35821533203125,46.263877707819624,46.35821533203125,263300
2017-10-16,46.34877082054402,46.38650370105606,46.311034341283246,46.377071380615234,535800
2017-10-17,46.377081244726845,46.471418864195066,46.377081244726845,46.46198654174805,324300
2017-10-18,46.43368911743164,46.44312144051687,46.41482087251144,46.43368911743164,143700
2017-10-19,46.480859354766366,46.5185958457632,46.44312286376953,46.44312286376953,182300
2017-10-20,46.37707758537465,46.40537814923218,46.34877702151712,46.367645263671875,223100
2017-10-23,46.35821533203125,46.395951821215775,46.3299147645177,46.35821533203125,170600
2017-10-24,46.36764444555886,46.36764444555886,46.292171478271484,46.292171478271484,562200
2017-10-25,46.25444571377338,46.263881636245586,46.160108081551215,46.16954040527344,1557500
2017-10-26,46.19783101875927,46.19783101875927,46.08462157481014,46.13179397583008,435000
2017-10-27,46.0846306184798,46.18840416308993,46.07519829567417,46.1412353515625,291100
2017-10-30,46.084635096773496,46.197844573940074,46.084635096773496,46.16954040527344,214500
2017-10-31,46.150657653808594,46.18839413433678,46.141225333050976,46.150657653808594,204600
2017-11-01,46.22627567369608,46.22627567369608,46.16011690861503,46.179019927978516,346100
2017-11-02,46.19793009901779,46.25463556050424,46.18847678518148,46.24518585205078,264900
2017-11-03,46.226272117693824,46.32078360185856,46.226272117693824,46.29243087768555,317900
2017-11-06,46.35859750449809,46.40585325459952,46.3207914622639,46.34914779663086,303700
2017-11-07,46.42474057325515,46.51925564687236,46.396387853860695,46.47199630737305,163700
2017-11-08,46.5476271987286,46.57597992959414,46.52872417635729,46.538177490234375,185400
2017-11-09,46.538169628823496,46.55706904261938,46.46255755211092,46.48146057128906,419700
2017-11-10,46.33969328794659,46.37749932920549,46.320790267317136,46.36804962158203,259000
2017-11-13,46.32079195548827,46.33969497680664,46.292439226202035,46.33969497680664,260500
2017-11-14,46.32080459513955,46.330257911069616,46.26409912109375,46.26409912109375,256800
2017-11-15,46.301884189331226,46.32078360185856,46.273527859776195,46.29243087768555,214400
2017-11-16,46.26409912109375,46.301905174046716,46.25464580516368,46.26409912109375,181600
2017-11-17,46.26408887434055,46.282991896630314,46.24518585205078,46.24518585205078,216300
2017-11-20,46.29244302539378,46.29244302539378,46.22628424804118,46.28299331665039,297500
2017-11-21,46.28297971345395,46.28297971345395,46.19791793823242,46.19791793823242,424100
2017-11-22,46.16958236414035,46.16958236414035,46.04671810444191,46.112876892089844,434100
2017-11-24,46.046698822795804,46.09395456484448,46.01834249326099,46.056148529052734,170100
2017-11-27,46.05615211229889,46.065605424673315,45.95218730847397,45.99944305419922,388100
2017-11-28,45.90493774414062,45.95219349622916,45.819875948228145,45.904937744140625,511800
2017-11-29,45.79151202715741,45.85767078498951,45.687547234740705,45.78205871582031,517100
2017-11-30,45.81987403599601,45.96164489172777,45.78206799374985,45.876583099365234,1096000
2017-12-01,46.01766396992558,46.18810005671834,45.95138367084011,46.131290435791016,472100
2017-12-04,46.10287978616655,46.15969301635471,46.10287978616655,46.11235046386719,402800
2017-12-05,46.150226796692365,46.3964102413437,46.150226796692365,46.34906768798828,438500
2017-12-06,46.48162381241255,46.708873103473174,46.45321900553183,46.670997619628906,698800
2017-12-07,46.6520608178595,46.689936302467046,46.576309848644414,46.61418533325195,427400
2017-12-08,46.35853346816596,46.59524984038332,46.254377686469496,46.2733154296875,962000
2017-12-11,46.26385339241899,46.32066301624237,46.1881024113137,46.28279113769531,452800
2017-12-12,46.235445714675016,46.25437984677215,46.140756994162544,46.225975036621094,454600
2017-12-13,46.21650336303645,46.41534423828125,46.21650336303645,46.41534423828125,575600
2017-12-14,46.40587076112543,46.52896427208997,46.330123408842866,46.424808502197266,733100
2017-12-15,46.41533985478714,46.46268239984984,46.3585266335091,46.44374465942383,644300
2017-12-18,46.41535174262398,46.443756554535675,46.235448580507295,46.28279113769531,889300
2017-12-19,46.26855275972304,46.28752349072786,46.09781979897671,46.13576126098633,1013400
2017-12-20,46.09783625966339,46.13577773522121,45.94607397573035,46.050411224365234,571700
2017-12-21,45.95554566233058,46.116791451648595,45.95554566233058,46.078853607177734,594500
2017-12-22,46.05988954803501,46.221135360711116,46.05988954803501,46.14525604248047,814400
2017-12-26,46.23061730375197,46.26855514942405,46.173705107798106,46.2401008605957,522200
2017-12-27,46.28753185094427,46.42981055002952,46.26856111651306,46.35392761230469,434900
2017-12-28,46.36340975858718,46.51517199927416,46.36340975858718,46.44877624511719,488300
2017-12-29,46.44877624511719,46.47723053452811,46.40134760503601,46.44877624511719,414700
2018-01-02,46.44878032842277,46.51517608841659,46.37289739225981,46.42032241821289,447300
2018-01-03,46.43929315225363,46.50568891224745,46.42032241821289,46.42032241821289,514300
2018-01-04,46.45824976746965,46.49619122402059,46.33494184282733,46.34442901611328,797000
2018-01-05,46.42031930988685,46.45826077542775,46.35392355433892,46.372894287109375,252900
2018-01-08,46.45826364165569,46.45826364165569,46.391867882011496,46.439292907714844,703600
2018-01-09,46.38237047266422,46.42030831091871,46.28751683128687,46.34442901611328,527100
2018-01-10,46.23062564439839,46.278050673767495,46.10731767340046,46.192684173583984,624900
2018-01-11,46.07886288924253,46.2401087110417,46.07886288924253,46.23062515258789,544400
2018-01-12,46.15474626716642,46.22114203707029,46.15474626716642,46.2116584777832,444500
2018-01-16,46.19268774091094,46.268567070101895,46.15474626716642,46.2116584777832,1488800
2018-01-17,46.24010037602797,46.28752539634396,46.20215891245633,46.27804183959961,564400
2018-01-18,46.164223158314954,46.259076828975225,46.1167981321336,46.14525604248047,640500
2018-01-19,46.15473247559318,46.259069688064386,46.09782028198242,46.09782028198242,465000
2018-01-22,46.23062136176466,46.23062136176466,46.126284135839356,46.221134185791016,1372700
2018-01-23,46.24010609484317,46.24010609484317,46.126285308348415,46.14525604248047,702100
2018-01-24,46.126285577149005,46.126285577149005,46.040919082206074,46.116798400878906,448900
2018-01-25,46.06936216013533,46.10730361938476,45.98399568597245,46.107303619384766,468600
2018-01-26,46.05039263211445,46.05987980632271,45.96502615572409,46.012451171875,436100
2018-01-29,45.95554925620543,45.98400354635805,45.81327056884766,45.813270568847656,772500
2018-01-30,45.83223412814611,45.84172130224362,45.71841336705329,45.78480911254883,1542100
2018-01-31,45.77531814575195,45.794288874078404,45.71840957906906,45.77531814575195,469500
2018-02-01,45.78103716708066,45.78103716708066,45.60049889111631,45.676513671875,432600
2018-02-02,45.54347610473633,45.57198118880433,45.45795722777595,45.54347610473633,746600
2018-02-05,45.419950840627585,45.657502888564714,45.419950840627585,45.628997802734375,762800
2018-02-06,45.55297582326235,45.72401357429983,45.543475336985296,45.64799880981445,717900
2018-02-07,45.714513858657085,45.733518456287875,45.53397199354275,45.54347610473633,702600
2018-02-08,45.53397513908238,45.628998133800636,45.42945528202723,45.48646545410156,651500
2018-02-09,45.4579614792134,45.63849973645614,45.4579614792134,45.58148956298828,491000
2018-02-12,45.4769670798609,45.61949614142523,45.438957880207695,45.4959716796875,403500
2018-02-13,45.590988605122845,45.64800240154013,45.47696463704487,45.628997802734375,768500
2018-02-14,45.581490566528814,45.581490566528814,45.42945739267279,45.4959716796875,512000
2018-02-15,45.429453136744456,45.55297758691015,45.31542554846719,45.45795822143555,377500
2018-02-16,45.41995856899869,45.56249127191606,45.41995856899869,45.46746826171875,421900
2018-02-20,45.457959889203686,45.53397465942092,45.41045020472334,45.4294548034668,500000
2018-02-21,45.53397465942092,45.57198385690783,45.324931322756086,45.4294548034668,483700
2018-02-22,45.505477465797675,45.505477465797675,45.38194936491976,45.46746826171875,689400
2018-02-23,45.49596978873887,45.51497438777559,45.37244170737855,45.505470275878906,250600
2018-02-26,45.533972988863944,45.581486296357696,45.43895362338934,45.45795822143555,619600
2018-02-27,45.45796686261545,45.514980667591935,45.34394287741963,45.3724479675293,401800
2018-02-28,45.381944862154036,45.467463750467886,45.3439392866032,45.391448974609375,324900
2018-03-01,45.42286684543184,45.5847192372708,45.42286684543184,45.50855255126953,272900
2018-03-02,45.432384524487944,45.57519159736875,45.432384524487944,45.518070220947266,444200
2018-03-05,45.556162609275276,45.58472693726447,45.470476888963894,45.47999954223633,623600
2018-03-06,45.55614471435547,45.56566736388731,45.45142099229197,45.55614471435547,539900
2018-03-07,45.50854743718275,45.5751914640309,45.45142606092838,45.489505767822266,409400
2018-03-08,45.5561537721538,45.603759765625,45.48950973948699,45.603759765625,355400
2018-03-09,45.55615228557653,45.55615228557653,45.38478088378906,45.38478088378906,387600
2018-03-12,45.489517268834454,45.53712327018531,45.43239587813821,45.46095657348633,626700
2018-03-13,45.48951856368066,45.50856023839742,45.42287451808604,45.47999954223633,333100
2018-03-14,45.4704628840692,45.527587890625,45.42286052785286,45.527587890625,586600
2018-03-15,45.49902855153107,45.5656725785742,45.4228618738663,45.518070220947266,411200
2018-03-16,45.43238317819232,45.57519024684134,45.43238317819232,45.527587890625,775700
2018-03-19,45.5085589430092,45.56568396553344,45.45143755231295,45.46095657348633,424100
2018-03-20,45.51806888501862,45.546629572391126,45.41334152221679,45.4133415222168,385700
2018-03-21,45.470462896961806,45.508546234676466,45.36573916598696,45.4133415222168,664300
2018-03-22,45.537110540964456,45.60375456603272,45.50854622177307,45.527587890625,328100
2018-03-23,45.51806887211252,45.6132735845452,45.46094386555673,45.527587890625,406500
2018-03-26,45.47998674905556,45.594233133391384,45.46094507969508,45.489505767822266,486900
2018-03-27,45.53711695143724,45.63232167727233,45.47999193683969,45.565677642822266,253400
2018-03-28,45.60375598432315,45.69896069971673,45.50854763710249,45.6894416809082,575600
2018-03-29,45.65136456208144,45.7275276184082,45.61328121800427,45.7275276184082,533800
2018-04-02,45.676964886283514,45.74372984020472,45.60066364112376,45.696041107177734,330900
2018-04-03,45.70557797356018,45.71511790333589,45.572048064037475,45.63881301879883,548000
2018-04-04,45.60067152186829,45.70558529729211,45.56251907348632,45.56251907348633,587100
2018-04-05,45.64835963526801,45.64835963526801,45.51482970618548,45.552978515625,300600
2018-04-06,45.60067367553711,45.657898712395,45.58159745044517,45.60067367553711,627600
2018-04-09,45.60067367553711,45.67697493748693,45.56252122535324,45.60067367553711,754200
2018-04-10,45.6102076808943,45.65789642202293,45.5911314567593,45.6292839050293,376100
2018-04-11,45.63882221373511,45.7437396319029,45.63882221373511,45.73420333862305,536800
2018-04-12,45.69604887029293,45.715125094427925,45.6292839050293,45.6292839050293,352000
2018-04-13,45.64836044535269,45.70558547973633,45.60067170389373,45.70558547973633,334100
2018-04-16,45.61974653505502,45.686511498742284,45.60067031137042,45.610206604003906,354500
2018-04-17,45.591130380319306,45.69604779137576,45.58159408768583,45.610206604003906,1291100
2018-04-18,45.591129172602834,45.66743406531989,45.591129172602834,45.657894134521484,195700
2018-04-19,45.58160567361952,45.6197581306863,45.54345321655274,45.543453216552734,448700
2018-04-20,45.5052920612458,45.59113325402841,45.5052920612458,45.52436828613281,469700
2018-04-23,45.5720547395536,45.5911309634822,45.51482970618548,45.552978515625,602800
2018-04-24,45.49575531827031,45.581596510204356,45.438526644175006,45.51483154296875,1103800
2018-04-25,45.43852583787939,45.43852583787939,45.32407213013756,45.36222457885742,1150800
2018-04-26,45.324068769169585,45.42898617616027,45.324068769169585,45.37175750732422,855800
2018-04-27,45.37176194826763,45.43852691590251,45.37176194826763,45.38130187988281,876100
2018-04-30,45.4385238669667,45.486212606589135,45.381298834786826,45.46713638305664,890300
2018-05-01,45.42796085621714,45.523516739274996,45.41840308077739,45.456626892089844,649300
2018-05-02,45.466183579708215,45.53307342529297,45.43751389929818,45.53307342529297,597000
2018-05-03,45.60952703601938,45.666862763728595,45.59997290401316,45.64775085449219,684900
2018-05-04,45.71463394165039,45.73374584805539,45.66685599824959,45.71463394165039,251600
2018-05-07,45.771963440530094,45.78151756982249,45.71462772910691,45.74329376220703,501400
2018-05-08,45.71463394165039,45.743299978646185,45.67641012884038,45.71463394165039,450700
2018-05-09,45.72418311147262,45.72418311147262,45.619073105483956,45.66685104370117,1064400
2018-05-10,45.80063242048312,45.80063242048312,45.65729495531416,45.67640686035156,655800
2018-05-11,45.71462658228336,45.76240451799263,45.68596054990236,45.69551467895508,304300
2018-05-14,45.73373652675865,45.75284842926833,45.68595859309578,45.70507049560547,401600
2018-05-15,45.63818343605244,45.705076926860386,45.53307342529297,45.53307342529297,724900
2018-05-16,45.55218337228508,45.638185126253845,45.53307511160164,45.54262924194336,295300
2018-05-17,45.5330691710088,45.5712893326125,45.46617933167375,45.55217742919922,512600
2018-05-18,45.561732976671216,45.59995678162957,45.52350917171287,45.58084487915039,403000
2018-05-21,45.504403744882936,45.62862930606456,45.504403744882936,45.53307342529297,463200
2018-05-22,45.57128710529947,45.58084487915039,45.513955043084614,45.58084487915039,965100
2018-05-23,45.619074790462506,45.70507654051925,45.619074790462506,45.67640686035156,450600
2018-05-24,45.70507572582036,45.76240779468746,45.69551795086044,45.733741760253906,334400
2018-05-25,45.771967311462504,45.953524945155856,45.771967311462504,45.867523193359375,1429600
2018-05-29,45.95352782183815,46.07775339225917,45.95352782183815,46.0490837097168,1146800
2018-05-30,45.89617812921411,46.068181591209225,45.89617812921411,45.972625732421875,309200
2018-05-31,46.020420623553356,46.13508842540574,45.972642676550166,45.98219680786133,673600
2018-06-01,45.95155238847083,45.95155238847083,45.88454000005641,45.89411163330078,304100
2018-06-04,45.93242170198252,45.98986247745137,45.87498092651367,45.87498092651367,520600
2018-06-05,45.96113222257957,45.96113222257957,45.88454818725586,45.88454818725586,368200
2018-06-06,45.92284354882677,45.92284354882677,45.846255859069565,45.855831146240234,199300
2018-06-07,45.89410932777958,45.961121712827584,45.8366722273962,45.86539077758789,257900
2018-06-08,45.8845462834302,45.94198704646611,45.84625244140625,45.84625244140625,257100
2018-06-11,45.846255859069565,45.9324151840954,45.82710893663026,45.855831146240234,426400
2018-06-12,45.88453769501605,45.88453769501605,45.82709694273157,45.86539077758789,263200
2018-06-13,45.817542070928845,45.88455448049131,45.779248222063885,45.83668899536133,272200
2018-06-14,45.846255859069565,45.894121339216795,45.83668422380094,45.855831146240234,292100
2018-06-15,45.90369510906227,45.92284203086868,45.85582963049721,45.88454818725586,431800
2018-06-18,45.951568627138805,45.951568627138805,45.87498092651367,45.87498092651367,333200
2018-06-19,45.9228447129621,45.98985711724739,45.9228447129621,45.980281829833984,332400
2018-06-20,45.951560974121094,45.98027953112129,45.90369549515344,45.951560974121094,177500
2018-06-21,45.961136985267096,45.98028390905759,45.93241842553251,45.941993713378906,239300
2018-06-22,45.92284241712089,45.961132609153836,45.913267130186185,45.951560974121094,217900
2018-06-25,45.92284241712089,45.98027953112129,45.92284241712089,45.951560974121094,376000
2018-06-26,45.9707122731135,46.00900612069449,45.92284678958841,45.941993713378906,317300
2018-06-27,45.932409285039434,46.01856859899991,45.92283765100009,45.970703125,382400
2018-06-28,45.98027953112129,46.01857337505619,45.951560974121094,45.951560974121094,303900
2018-06-29,45.99941977035002,46.02814197507945,45.9228357455082,45.93240737915039,364700
2018-07-02,45.981327864631375,46.01969447423581,45.95255473684868,46.000511169433594,331400
2018-07-03,46.00052008280005,46.04847652467732,45.93338033240348,46.029296875,113200
2018-07-05,46.038886699838656,46.106026450235234,46.019703391319354,46.029296875,227500
2018-07-06,46.10601311527046,46.115606596176434,46.03887338429231,46.077239990234375,172500
2018-07-09,46.096423293205405,46.153969543277576,46.04846320635736,46.077239990234375,471400
2018-07-10,46.13478786013555,46.13478786013555,46.07724160804288,46.11560821533203,492600
2018-07-11,46.12519998045038,46.16356658935547,46.07724354873963,46.16356658935547,196200
2018-07-12,46.18276005838311,46.18276005838311,46.07725369009335,46.13479995727539,193000
2018-07-13,46.20193529523415,46.22111860207654,46.10602241986386,46.21152877807617,381100
2018-07-16,46.19234434036715,46.23071095311265,46.16357121022881,46.18275451660156,533700
2018-07-17,46.20193529523415,46.22111860207654,46.14438903354864,46.21152877807617,569100
2018-07-18,46.19234434036715,46.22111747050549,46.144387903856064,46.18275451660156,187800
2018-07-19,46.24029126832681,46.24029126832681,46.18274501988357,46.2307014465332,294400
2018-07-20,46.24028964640307,46.24028964640307,46.19233322143555,46.19233322143555,180200
2018-07-23,46.22110658931115,46.22110658931115,46.10601043701171,46.10601043701172,421500
2018-07-24,46.16357099368575,46.20193394740973,46.08683776855469,46.08683776855469,279400
2018-07-25,46.06766128540039,46.16357783102052,46.06766128540039,46.06766128540039,334500
2018-07-26,46.134786240306546,46.134786240306546,46.03887338429231,46.077239990234375,314600
2018-07-27,46.04847797627637,46.13480103791343,46.04847797627637,46.06766128540039,241200
2018-07-30,46.01009783102895,46.06764407806406,45.942958103594165,46.01968765258789,1509600
2018-07-31,46.02928113298757,46.07723755846374,46.01968765258789,46.01968765258789,204600
2018-08-01,46.06678004402277,46.06678004402277,45.90342442280823,45.999515533447266,530300
2018-08-02,45.98991067955779,46.04756388318356,45.97069172313549,46.03795623779297,522400
2018-08-03,46.037951913302926,46.08599746702504,46.02834426881481,46.05717086791992,471000
2018-08-06,46.05717519421527,46.09561310705987,46.03795623779297,46.03795623779297,322900
2018-08-07,46.04755619873326,46.095605414591084,45.97068405151367,45.97068405151367,377400
2018-08-08,46.057183311610224,46.057183311610224,45.93226190566895,45.951480865478516,414700
2018-08-09,46.047562260887986,46.047562260887986,45.94186350275089,45.961082458496094,825300
2018-08-10,45.989909148283,46.1244381731187,45.9802978375713,46.095611572265625,671500
2018-08-13,46.05717472552897,46.12443923950195,46.05717472552897,46.12443923950195,484800
2018-08-14,46.076388753290765,46.11482666163278,46.028343200683594,46.028343200683594,158300
2018-08-15,46.13404083251953,46.153259786224936,46.08599528107631,46.13404083251953,369900
2018-08-16,46.11482620239258,46.17247939869076,46.07638829443336,46.11482620239258,157100
2018-08-17,46.10522358381832,46.172488102606586,46.08600462621577,46.14366149902344,174500
2018-08-20,46.18209610818212,46.19170375347494,46.12443923950195,46.12443923950195,254600
2018-08-21,46.15326430777175,46.18209457397462,46.11483006223621,46.18209457397461,394700
2018-08-22,46.16287770615434,46.22053090988556,46.16287770615434,46.1724853515625,123600
2018-08-23,46.162880456625984,46.20131837183109,46.13405018740148,46.14366149902344,233600
2018-08-24,46.124438217548594,46.21092168583213,46.04756239434499,46.16287612915039,304700
2018-08-27,46.18209610818212,46.22053035499448,46.12443923950195,46.12443923950195,280000
2018-08-28,46.16287109589795,46.19169769363575,46.10521423478172,46.13404083251953,685900
2018-08-29,46.14365870755754,46.23014217871653,46.105220794677734,46.105220794677734,249000
2018-08-30,46.11482620239258,46.15326044471115,46.105214892582445,46.11482620239258,277700
2018-08-31,46.13404586262854,46.22052933091208,46.124438217548594,46.16287612915039,196400
2018-09-04,46.239886813657925,46.239886813657925,46.047343892882715,46.1147346496582,567200
2018-09-05,46.09548292690157,46.182128716468945,46.05697287097806,46.085853576660156,661400
2018-09-06,46.0762275314703,46.13398894237385,46.05697250366211,46.05697250366211,404100
2018-09-07,46.02810081047033,46.04735584204864,45.951080684157084,45.97996139526367,1033600
2018-09-10,45.970324784867515,46.01846051610666,45.94144408062821,46.00883483886719,493100
2018-09-11,45.9703254699707,46.00883552454429,45.92218973801419,45.9703254699707,1070700
2018-09-12,45.96070273153032,45.97032840952876,45.902937645976166,45.91256332397461,721000
2018-09-13,45.9318176646414,45.960702043246506,45.893307608182006,45.951072692871094,436500
2018-09-14,45.90294454964706,45.91257022909317,45.83555377595909,45.85480880737305,756400
2018-09-17,45.86442874236646,45.874058093128234,45.79703797711909,45.80666732788086,516300
2018-09-18,45.82591780920457,45.82591780920457,45.73927201660962,45.7489013671875,1565800
2018-09-19,45.73927841568254,45.75853344701095,45.63338125215887,45.662261962890625,2653800
2018-09-20,45.63336950136336,45.758521663988205,45.63336950136336,45.72964096069336,1338500
2018-09-21,45.71038473935469,45.79703051949488,45.71038473935469,45.73926544189453,677600
2018-09-24,45.76814981695504,45.76814981695504,45.68150403681484,45.73926544189453,1230300
2018-09-25,45.64299324478947,45.710383997969856,45.64299324478947,45.68150329589844,2130400
2018-09-26,45.642998618927706,45.73927008551479,45.642998618927706,45.70076370239258,662400
2018-09-27,45.68151147562663,45.80666732788087,45.68151147562663,45.80666732788086,575900
2018-09-28,45.85479139871778,45.85479139871778,45.71038055419922,45.71038055419922,1452600
2018-10-01,45.73257250809322,45.751865323697864,45.6746940612793,45.6746940612793,604200
2018-10-02,45.71329116821289,45.77116962955645,45.69399834776504,45.71329116821289,687400
2018-10-03,45.69399074307892,45.71328356031594,45.53000731615723,45.55894470214844,984200
2018-10-04,45.520359117624416,45.539651934882606,45.43354327982689,45.44319152832031,2747600
2018-10-05,45.43354135790757,45.481775238876985,45.39495940475192,45.42389678955078,1695400
2018-10-08,45.42389961753373,45.501067208377776,45.42389961753373,45.472129821777344,1516100
2018-10-09,45.520359089226794,45.520359089226794,45.40460586547852,45.404605865478516,1589500
2018-10-10,45.31778909233176,45.40460492828316,45.28885170692415,45.33708190917969,1550000
2018-10-11,45.346716957594744,45.433532775319925,45.30813501172739,45.35636520385742,1583400
2018-10-12,45.32742974844978,45.43353470374838,45.317781501777574,45.37565994262695,648700
2018-10-15,45.37567619533904,45.414261836392605,45.30815316335994,45.32744598388672,1319700
2018-10-16,45.35638337481226,45.35638337481226,45.30815316335994,45.32744598388672,576800
2018-10-17,45.375679897643764,45.414265541845616,45.31780143134098,45.366031646728516,459600
2018-10-18,45.35639278948423,45.43356040787985,45.327455392552125,45.346744537353516,637000
2018-10-19,45.34672741374006,45.40460586547852,45.32743827622255,45.404605865478516,1606400
2018-10-22,45.38532550374756,45.423911148829276,45.3660326812067,45.39497375488281,1726300
2018-10-23,45.51071076007876,45.53000357573081,45.462480560812786,45.481773376464844,987000
2018-10-24,45.52036666870117,45.53001491879507,45.462491887054775,45.52036666870117,1156400
2018-10-25,45.481777162836686,45.50106630036623,45.443191528320305,45.44319152832031,731600
2018-10-26,45.52036093326208,45.616825023400615,45.49142354608492,45.501068115234375,818300
2018-10-29,45.491421731601456,45.50106630036623,45.42389871106212,45.44319152832031,1255500
2018-10-30,45.42389013680412,45.44318295042058,45.375659942626946,45.37565994262695,994200
2018-10-31,45.35637472602762,45.35637472602762,45.25991064178797,45.33708190917969,1766900
2018-11-01,45.260733256851736,45.328387269058055,45.251066291183896,45.280059814453125,1834300
2018-11-02,45.280068024700824,45.31872852064789,45.0771059512805,45.08677291870117,2408100
2018-11-05,45.21241415654329,45.21241415654329,45.115766603209316,45.14476013183594,2509100
2018-11-06,45.13508987426758,45.16408339841239,45.096429384162995,45.13508987426758,1513100
2018-11-07,45.231734056918924,45.30905503139165,45.20274053492515,45.25106430053711,1892400
2018-11-08,45.30906568112331,45.31872896177022,45.20275115966796,45.20275115966797,853700
2018-11-09,45.2704018125669,45.38637960602986,45.2704018125669,45.3187255859375,832500
2018-11-12,45.34771669203554,45.50235865755519,45.34771669203554,45.483028411865234,836900
2018-11-13,45.45402621585342,45.550677433705374,45.444362937501715,45.50235366821289,774300
2018-11-14,45.425036666087266,45.608668465763046,45.425036666087266,45.56034469604492,649400
2018-11-15,45.61833360542744,45.65699409440103,45.55067959315724,45.58933639526367,707400
2018-11-16,45.57967288840648,45.685987389118345,45.57967288840648,45.6569938659668,1622500
2018-11-19,45.65699820434014,45.68599173024669,45.618337711886426,45.64733123779297,1452900
2018-11-20,45.676325052667515,45.72465251197414,45.618338000487576,45.705322265625,781500
2018-11-21,45.63766596926141,45.705319984673366,45.608668757751055,45.61833572387695,597900
2018-11-23,45.7439842224121,45.75364750246221,45.65699995449066,45.74398422241211,263600
2018-11-26,45.69565500992638,45.714985256153234,45.62800099156611,45.64733123779297,579600
2018-11-27,45.64732208829712,45.743973300058755,45.61832856820201,45.73430633544922,945300
2018-11-28,45.67631625727466,45.76330050566246,45.67631625727466,45.72464370727539,854500
2018-11-29,45.7536456026635,45.90828388511761,45.7536456026635,45.89862060546875,767800
2018-11-30,45.898621577705164,46.004932403564446,45.898621577705164,46.00493240356445,832300
2018-12-03,45.98943568711323,46.125011444091804,45.94101260748175,46.1250114440918,1040000
2018-12-04,46.10563647399669,46.1831067410316,46.08626798369752,46.16373825073242,1792000
2018-12-06,46.18311817338676,46.31869763904288,46.18311817338676,46.22185516357422,1450900
2018-12-07,46.22185262488931,46.2702720128829,46.20248413085937,46.202484130859375,706600
2018-12-10,46.202475928469894,46.27026379845895,46.15405654907226,46.154056549072266,639600
2018-12-11,46.125012021446835,46.212168394047204,46.10564352818427,46.115325927734375,922100
2018-12-12,46.10564281032981,46.24121856689453,46.10564281032981,46.24121856689453,1927900
2018-12-13,46.25090605913346,46.279960648855415,46.19280426801498,46.22185516357422,908200
2018-12-14,46.18311505945387,46.23153814100459,46.18311505945387,46.2121696472168,510000
2018-12-17,46.192792828975115,46.2993176785298,46.192792828975115,46.27994918823242,823300
2018-12-18,46.250897715341836,46.39615955525783,46.250897715341836,46.347740173339844,759900
2018-12-19,46.408871887043034,46.92312328798503,46.37976073321387,46.46708679199219,1684000
2018-12-20,46.554412012436416,46.602925666138624,46.47679090678379,46.48649215698242,858100
2018-12-21,46.573822021484375,46.59322822482257,46.49619720813158,46.573822021484375,1684100
2018-12-24,46.632039779497596,46.6805534362793,46.59322737353033,46.6805534362793,351900
2018-12-26,46.593223933386234,46.661143788136805,46.54471028018647,46.583518981933594,555800
2018-12-27,46.68054962740098,46.68054962740098,46.53500496757677,46.593223571777344,1209900
2018-12-28,46.62233316463199,46.68055177150663,46.58352076004889,46.63203811645508,622200
2018-12-31,46.612633101636796,46.748472819783565,46.612633101636796,46.69025421142578,1337100
2019-01-02,46.719370002868864,46.78728986868284,46.66115138873327,46.7581787109375,799400
2019-01-03,46.7678832807756,46.87461555513879,46.7678832807756,46.85520935058594,639000
2019-01-04,46.796989458538064,46.796989458538064,46.68055593575668,46.70966339111328,905200
2019-01-07,46.77757907176754,46.84549892909635,46.70965921443873,46.719364166259766,733200
2019-01-08,46.6999626159668,46.77758373149422,46.680556411746196,46.6999626159668,471800
2019-01-09,46.69996047795336,46.69996047795336,46.60292946129261,46.66114807128906,535300
2019-01-10,46.69025123328638,46.71936238628577,46.65144253154466,46.67084503173828,330300
2019-01-11,46.690254674170944,46.845500596642275,46.690254674170944,46.767879486083984,1191900
2019-01-14,46.8940179547653,46.8940179547653,46.76787948608399,46.767879486083984,793400
2019-01-15,46.83579385174274,46.84549510141648,46.76787399996356,46.80668640136719,276000
2019-01-16,46.787284375681274,46.835798031087705,46.748471970814265,46.7969856262207,415300
2019-01-17,46.76787399996356,46.8649013021183,46.76787399996356,46.80668640136719,458800
2019-01-18,46.855210190496436,46.90372385207069,46.777585370893526,46.8358039855957,846900
2019-01-22,46.83579671797941,46.91341782418255,46.82609176635743,46.82609176635742,688000
2019-01-23,46.81639051608999,46.82609176635743,46.76787686204371,46.82609176635742,819600
2019-01-24,46.816391828654204,46.855204233521206,46.777579423787195,46.7969856262207,459900
2019-01-25,46.787283547676445,46.80668974976651,46.72906494140625,46.72906494140625,281300
2019-01-28,46.7581787109375,46.79699112036123,46.748477459259114,46.7581787109375,337100
2019-01-29,46.82609354363661,46.88431215151456,46.76787863711335,46.874610900878906,449000
2019-01-30,46.864910602184835,46.87461555513879,46.79699073692736,46.85520935058594,619700
2019-01-31,46.90372036472964,47.010452633070415,46.90372036472964,47.00074768066406,908200
2019-02-01,46.96283946894415,47.040606678491464,46.88506855107537,46.923954010009766,984400
2019-02-04,46.92395479218137,47.02116473281626,46.92395479218137,46.943397521972656,1040100
2019-02-05,47.0017231237899,47.0017231237899,46.91423269180366,46.97256088256836,256500
2019-02-06,46.98228566430278,47.040610148685495,46.943400202499795,47.01144790649414,340300
2019-02-07,47.08921129289622,47.176701720678096,47.06976856357565,47.1086540222168,1035400
2019-02-08,47.14753879729372,47.23502922380712,47.13781928693507,47.186424255371094,503400
2019-02-11,47.16697883651381,47.1961410742481,47.11837387084961,47.11837387084961,989800
2019-02-12,47.12809416452523,47.17669913099787,47.089208708018624,47.1378173828125,837400
2019-02-13,47.079488414989775,47.1475361085839,47.079488414989775,47.11837387084961,426700
2019-02-14,47.205866539484845,47.205866539484845,47.176700592041016,47.176700592041016,299100
2019-02-15,47.17669913099787,47.17669913099787,47.1183746545592,47.1378173828125,293300
2019-02-19,47.215586833181945,47.2447490727883,47.18642459357559,47.196144104003906,407700
2019-02-20,47.1961418567279,47.27391276973695,47.1961418567279,47.23502731323242,261600
2019-02-21,47.176700253605524,47.21558571103744,47.157257524889566,47.1669807434082,239900
2019-02-22,47.21558917960405,47.26419415080392,47.17670371931552,47.25447463989258,332100
2019-02-25,47.18642391128279,47.273914337158196,47.18642391128279,47.2739143371582,206100
2019-02-26,47.31279148690457,47.361400158581816,47.27390974121218,47.35167694091797,271700
2019-02-27,47.264183830497615,47.332231516983285,47.23502159580969,47.283626556396484,216700
2019-02-28,47.27390782554491,47.27390782554491,47.186417411720626,47.20586013793945,281000
2019-03-01,47.19222782187016,47.279891550209655,47.18248534335085,47.26041030883789,228400
2019-03-04,47.23118607322511,47.279887314457994,47.21170483359865,47.24092483520508,288700
2019-03-05,47.21170906324192,47.29937279158142,47.21170906324192,47.26041030883789,175200
2019-03-06,47.27015429189151,47.367560509507214,47.27015429189151,47.32859802246094,290200
2019-03-07,47.37728939805364,47.45521435590343,47.37728939805364,47.40650939941406,719600
2019-03-08,47.46495395709208,47.50391643670592,47.42599147747824,47.445472717285156,190200
2019-03-11,47.435742255999756,47.51366351319632,47.435742255999756,47.47470474243164,186500
2019-03-12,47.5039176940918,47.53313769674232,47.46495521344665,47.5039176940918,379500
2019-03-13,47.48444068360875,47.52340316772461,47.46495944155082,47.52340316772461,123300
2019-03-14,47.48443645376922,47.52339893441437,47.455216451118694,47.5039176940918,165100
2019-03-15,47.56236366561113,47.62080367367744,47.474699937844825,47.61106491088867,524700
2019-03-18,47.55262035211529,47.59158283391986,47.55262035211529,47.57210159301758,121700
2019-03-19,47.533138951809626,47.601321436905586,47.533138951809626,47.56236267089844,95900
2019-03-20,47.57210003150494,47.698726235380015,47.562361269206846,47.67924499511719,679400
2019-03-21,47.669503095173766,47.75716681958615,47.669503095173766,47.708465576171875,596600
2019-03-22,47.835091055939046,47.9227547790216,47.78638981326355,47.85457229614258,172700
2019-03-25,47.874055785737966,48.01042075790321,47.874055785737966,47.96171951293945,349200
2019-03-26,47.971451646681494,48.010414123535156,47.92275040844756,48.010414123535156,237300
2019-03-27,48.03964713724481,48.09809086835767,48.02016589354053,48.088348388671875,185900
2019-03-28,48.06885894057894,48.08834018095817,48.039638937843435,48.059120178222656,632200
2019-03-29,47.99094406716112,48.088346566324084,47.971462824195086,48.00068283081055,580800
2019-04-01,48.06703084155957,48.06703084155957,47.891393465311,47.9206657409668,527400
2019-04-02,47.93042192541413,47.988970199039514,47.910905834205664,47.9206657409668,426100
2019-04-03,47.92066604132634,47.92066604132634,47.8426016760032,47.862117767333984,342400
2019-04-04,47.88162059536752,47.901136681292314,47.85234832763672,47.85234832763672,203400
2019-04-05,47.8621155657382,47.910903930664055,47.813327200812346,47.91090393066406,251400
2019-04-08,47.88162059536752,47.920652767217106,47.84258842351793,47.85234832763672,190800
2019-04-09,47.920669454154314,47.959701639595686,47.86212117599224,47.940185546875,318700
2019-04-10,47.88163165617127,47.9499361115302,47.88163165617127,47.91090393066406,124800
2019-04-11,47.94017992747049,47.9499361115302,47.901147746604344,47.91090393066406,197200
2019-04-12,47.901136681292314,47.91089286309832,47.84258842351793,47.85234832763672,134300
2019-04-15,47.90115336143362,47.940185546875,47.569387229810076,47.940185546875,168500
2019-04-16,47.88163385866477,47.901149949995556,47.8426016760032,47.862117767333984,171000
2019-04-17,47.84258842351793,47.89138049948631,47.84258842351793,47.85234832763672,153800
2019-04-18,47.87187767415628,47.901149949995556,47.8426016760032,47.862117767333984,160300
2019-04-22,47.88162984536359,47.9206620247536,47.87187366167284,47.901145935058594,195400
2019-04-23,47.930416009588996,48.00848036478773,47.89138755430296,47.94993209838867,318900
2019-04-24,48.03776118292877,48.13534164428712,48.018245090657096,48.13534164428711,158900
2019-04-25,48.08654174070859,48.16460609711358,48.08654174070859,48.15484619140625,92800
2019-04-26,48.19388017667967,48.242668540105456,48.18412399291993,48.18412399291992,204100
2019-04-29,48.19388017667967,48.23291235634571,48.18412399291993,48.18412399291992,128500
2019-04-30,48.2231538661972,48.27194595336914,48.16460931729269,48.27194595336914,204200
2019-05-01,48.282702574951706,48.34135875021997,48.25337635190449,48.29248046875,194100
2019-05-02,48.282701665090215,48.302253723144524,48.21427132648703,48.30225372314453,178800
2019-05-03,48.312020608170876,48.351124718387474,48.27292022712747,48.34135055541992,131300
2019-05-06,48.36090621445957,48.43911071154749,48.36090621445957,48.42933654785156,108000
2019-05-07,48.44888713553878,48.487987518310554,48.38045680422147,48.48798751831055,131400
2019-05-08,48.47821517328771,48.51731928669961,48.44888895281553,48.468441009521484,171600
2019-05-09,48.58574641429813,48.58574641429813,48.50753819263546,48.5466423034668,156000
2019-05-10,48.54664785232819,48.59552613186749,48.527095794677734,48.527095794677734,156000
2019-05-13,48.66395776848762,48.69328772033332,48.62485738131633,48.683509826660156,193800
2019-05-14,48.634633020997015,48.68351130332404,48.624858856201165,48.62485885620117,108200
2019-05-15,48.77149547637477,48.77149547637477,48.703065132794215,48.732391357421875,144200
2019-05-16,48.69328252149328,48.77148701665998,48.69328252149328,48.74216079711914,143600
2019-05-17,48.80081970421868,48.80081970421868,48.703063140010386,48.71284103393555,113000
2019-05-20,48.751940165677155,48.751940165677155,48.68350982666016,48.683509826660156,133400
2019-05-21,48.71283769640548,48.71283769640548,48.61507740972128,48.66395568847656,153100
2019-05-22,48.66394841192538,48.72260457516524,48.62484803227188,48.70305252075195,180200
2019-05-23,48.742161969451075,48.81059230280783,48.673731636094324,48.771488189697266,222500
2019-05-24,48.78126907348633,48.78126907348633,48.7226129002241,48.78126907348633,158200
2019-05-28,48.80081211797404,48.839916229248054,48.80081211797404,48.83991622924805,90900
2019-05-29,48.859470928517695,48.8887971489733,48.81059265136719,48.81059265136719,317200
2019-05-30,48.85947569585463,48.957235988867865,48.81059741393494,48.92790603637695,172600
2019-05-31,48.99633533133811,49.06476567040016,48.91813082777024,49.025665283203125,168500
2019-06-03,48.964943481849566,49.082458300201964,48.964943481849566,49.04328918457031,157800
2019-06-04,49.00411829666603,49.06287384033203,48.98453187020107,49.06287384033203,261000
2019-06-05,49.03349685668945,49.053083283469256,49.02370551116402,49.03349685668945,189700
2019-06-06,49.08246026679699,49.092255347893904,49.043291149595944,49.06287384033203,347600
2019-06-07,49.10204723940781,49.16080651945625,49.09225589393086,49.14122009277344,236500
2019-06-10,49.102046966552734,49.102046966552734,49.07266919455622,49.102046966552734,410600
2019-06-11,49.0824600722417,49.0824600722417,49.00411810242127,49.023704528808594,400900
2019-06-12,49.043290167279245,49.05308151245117,49.013908660305866,49.05308151245117,80700
2019-06-13,49.07266561635469,49.07266561635469,48.984528571062896,48.994319915771484,732000
2019-06-14,48.97473632158448,49.01390917414045,48.96494497630991,48.98453140258789,189500
2019-06-17,49.02370728253602,49.04329371002354,48.9747393459527,49.013912200927734,274200
2019-06-18,49.06287053591748,49.07266561635469,48.99431991577149,48.994319915771484,130200
2019-06-19,49.02370472313098,49.08246026679699,48.99432321556911,49.06287384033203,196000
2019-06-20,49.12163162231446,49.141218048182346,49.10204519644657,49.12163162231445,331700
2019-06-21,49.09225338090642,49.09225338090642,49.03349410386586,49.04328918457031,137300
2019-06-24,49.07266616821289,49.10204393839766,49.053079742846826,49.07266616821289,141100
2019-06-25,49.082466125488274,49.12163898309403,49.0628796966854,49.08246612548828,377600
2019-06-26,49.102052554291156,49.13143032963082,49.072674778951495,49.08246612548828,170800
2019-06-27,49.13142501156757,49.151011438250386,49.10204723940781,49.14122009277344,203600
2019-06-28,49.111842047704165,49.13142473854925,49.07266919455622,49.102046966552734,145300
2019-07-01,49.12264709668476,49.15207828217933,49.09321591119018,49.142269134521484,137100
2019-07-02,49.18151015917805,49.210941342846844,49.15207523298845,49.161888122558594,164300
2019-07-03,49.17170261333617,49.24037787770716,49.15208057458429,49.20113754272461,202700
2019-07-05,49.2109421383801,49.2109421383801,49.12264484342553,49.1324577331543,97600
2019-07-08,49.230566371153415,49.24037551879883,49.18151314788425,49.24037551879883,155400
2019-07-09,49.20113446282834,49.26980972290039,49.20113446282834,49.26980972290039,201400
2019-07-10,49.26980972290039,49.318862945448856,49.26980972290039,49.26980972290039,475400
2019-07-11,49.289430199281796,49.32867053056512,49.269808162379704,49.27961730957031,231600
2019-07-12,49.34829635481428,49.34829635481428,49.2698119437033,49.32867431640625,241300
2019-07-15,49.318870544433594,49.36792377454011,49.318870544433594,49.318870544433594,169600
2019-07-16,49.348294865420826,49.36791690323664,49.3090507897892,49.33848571777344,124200
2019-07-17,49.33849102167549,49.42678833007812,49.33849102167549,49.426788330078125,136700
2019-07-18,49.387541892719476,49.475839196907245,49.387541892719476,49.466026306152344,101800
2019-07-19,49.4267890925846,49.4758423218936,49.4267890925846,49.4464111328125,72800
2019-07-22,49.43658828735351,49.48564150678562,49.43658828735351,49.436588287353516,94800
2019-07-23,49.47584155863037,49.47584155863037,49.416975438854806,49.426788330078125,112000
2019-07-24,49.46602706959535,49.505271148178096,49.46602706959535,49.48564910888672,93900
2019-07-25,49.53469618424111,49.53469618424111,49.47583007812499,49.475830078125,103400
2019-07-26,49.515074148869076,49.524883295294806,49.47583007812499,49.475830078125,71300
2019-07-29,49.515081719201895,49.573944091796875,49.515081719201895,49.573944091796875,122300
2019-07-30,49.573943367509855,49.60337829589844,49.524890143557,49.60337829589844,116900
2019-07-31,49.60337524705624,49.62299728393554,49.55431828359755,49.62299728393555,371500
2019-08-01,49.66132456788734,49.76943412944096,49.6220150675097,49.70063781738281,171600
2019-08-02,49.81857681274415,49.82840700026809,49.76943712247856,49.81857681274414,96700
2019-08-05,49.93651911472516,49.9758286194713,49.91686248779297,49.91686248779297,138000
2019-08-06,49.966001570961986,50.04462432861329,49.90703169088487,50.04462432861328,255900
2019-08-07,50.17239278396137,50.22153247834317,50.13307952880859,50.133079528808594,503100
2019-08-08,50.25101521850035,50.28049828291444,50.15273208858995,50.27067184448242,597800
2019-08-09,50.221525346612566,50.221525346612566,50.15272903442383,50.15272903442383,155500
2019-08-12,50.25100906024487,50.339461991765305,50.25100906024487,50.32963180541992,120900
2019-08-13,50.34929459929268,50.34929459929268,50.2215284049682,50.27067184448242,247500
2019-08-14,50.349297585547895,50.44758072128754,50.349297585547895,50.38861083984375,399200
2019-08-15,50.48688176725887,50.5458516388221,50.40825902095888,50.50653839111328,192300
2019-08-16,50.418090598526454,50.477060476101755,50.398433972668016,50.40826416015625,157200
2019-08-19,50.35912653633292,50.43774929387456,50.30998309511144,50.33946990966797,132200
2019-08-20,50.477054307380655,50.477054307380655,50.39842781355574,50.46722412109375,131500
2019-08-21,50.359126757759014,50.44757970358114,50.34929656982422,50.34929656982422,118900
2019-08-22,50.4082600572936,50.4082600572936,50.339463746947615,50.39842987060547,111200
2019-08-23,50.37877909264371,50.4770622253418,50.32963940085375,50.4770622253418,316900
2019-08-26,50.38860343303507,50.46722618095146,50.38860343303507,50.39842987060547,116300
2019-08-27,50.46723203751291,50.48688866405252,50.40826590701222,50.4770622253418,125200
2019-08-28,50.457406106876476,50.536028864708456,50.457406106876476,50.49671936035156,298300
2019-08-29,50.46722844566016,50.496715257930035,50.42791894449683,50.48688507080078,90400
2019-08-30,50.48688713656063,50.48688713656063,50.40826438189907,50.4180908203125,342000
2019-09-03,50.41710281372071,50.52540025915746,50.41710281372071,50.4171028137207,102200
2019-09-04,50.47617698002994,50.5254020690918,50.40726110421664,50.5254020690918,174700
2019-09-05,50.417111848638186,50.417111848638186,50.2792800772491,50.289127349853516,316800
2019-09-06,50.27927872103162,50.328503815823645,50.24974441528321,50.2497444152832,163000
2019-09-09,50.23989738441006,50.23989738441006,50.151290711104956,50.20051956176758,105200
2019-09-10,50.19067610337766,50.19067610337766,50.03315353393555,50.03315353393555,160400
2019-09-11,50.0528355681821,50.0528355681821,49.91500381348722,49.94453811645508,236000
2019-09-12,49.983921468747795,49.983921468747795,49.80670813336991,49.885467529296875,136000
2019-09-13,49.74764072809199,49.78702230779756,49.61965622750012,49.63934326171875,219300
2019-09-16,49.61965265397483,49.708259324113975,49.59011459350587,49.59011459350586,230800
2019-09-17,49.570421826011014,49.609803401308106,49.53104400634765,49.531044006347656,163500
2019-09-18,49.6294966092104,49.73779406874182,49.61965309272296,49.65903091430664,149200
2019-09-19,49.76732413698733,49.81654922650167,49.619648868444294,49.75748062133789,192200
2019-09-20,49.79686621190246,49.89531639887231,49.757484634860965,49.87562561035156,201000
2019-09-23,49.92484910507724,50.02330304452816,49.885467529296875,49.885467529296875,223800
2019-09-24,49.98391859738038,50.023300170898445,49.94453702386232,50.02330017089844,656600
2019-09-25,49.99376658584215,50.023304646440224,49.87562561035156,49.87562561035156,374100
2019-09-26,49.89531302629743,49.98391969083466,49.855931451917854,49.94453811645508,398100
2019-09-27,49.84608885161146,49.934695517776035,49.84608885161146,49.91500473022461,140900
2019-09-30,49.895315480319816,49.944540572898525,49.836243115845065,49.90515899658203,210400
2019-10-01,49.877547222614176,50.0057681926169,49.77891802258919,49.99590301513672,152800
2019-10-02,49.966307014187564,50.07480137433618,49.966307014187564,50.005760192871094,182400
2019-10-03,50.11425617942221,50.20302395310993,50.104391003200064,50.15370559692383,129700
2019-10-04,50.163568824742285,50.222744829927414,50.163568824742285,50.20302200317383,115300
2019-10-07,50.153712433208064,50.22275362632458,50.153712433208064,50.173439025878906,160800
2019-10-08,50.242482241604094,50.34111520892895,50.212894232638135,50.3115234375,297500
2019-10-09,50.33124081737272,50.370693997080394,50.30165281382312,50.35096740722656,87200
2019-10-10,50.34110338937049,50.35096480255612,50.26219703403699,50.32137680053711,454200
2019-10-11,50.24247337061154,50.24247337061154,50.064937823236114,50.15370559692383,167800
2019-10-14,50.1339834211336,50.23261260986329,50.10439165454479,50.23261260986328,86500
2019-10-15,50.13398338146088,50.173432799444114,50.03535043034687,50.04521560668945,81400
2019-10-16,50.045220213865015,50.074808220691914,50.005767029787336,50.02549362182617,146100
2019-10-17,50.03535019938299,50.03535019938299,49.94658242502131,49.95644760131836,98800
2019-10-18,49.95645057203668,49.97617340087891,49.92685880384818,49.976173400878906,104300
2019-10-21,49.897272579982854,49.92686058676538,49.83809280395508,49.83809280395508,125500
2019-10-22,49.83808438544399,49.87753756279819,49.80849638365939,49.857810974121094,139100
2019-10-23,49.87754021941278,49.91699339886836,49.847952216052235,49.88740539550781,96600
2019-10-24,49.877542962134875,49.877542962134875,49.818363189697266,49.818363189697266,85400
2019-10-25,49.81836137745344,49.85781455764332,49.74932019335232,49.769046783447266,156400
2019-10-28,49.80850341123267,49.80850341123267,49.77891540527344,49.77891540527344,165000
2019-10-29,49.78877862717052,49.8380932263803,49.76905203499407,49.82823181152344,98300
2019-10-30,49.84795402599082,49.93672180175782,49.80850084510273,49.93672180175781,131600
2019-10-31,49.90713406959315,50.035355036614234,49.90713406959315,50.02549362182617,226400
2019-11-01,50.064016746410715,50.07389926336034,50.00473672101647,50.024497985839844,186300
2019-11-04,49.97510087757414,49.97510087757414,49.88617706298829,49.88617706298828,158900
2019-11-05,49.886180470946385,49.886180470946385,49.82689666748047,49.82689666748047,210200
2019-11-06,49.866419203124416,49.886180470946385,49.82689666748047,49.82689666748047,99100
2019-11-07,49.817014518111385,49.846658304602194,49.668810661963256,49.68857192993164,298100
2019-11-08,49.69845009156949,49.70833260997503,49.599647521972656,49.599647521972656,134700
2019-11-11,49.609518825563285,49.68856388463827,49.609518825563285,49.62928009033203,131400
2019-11-12,49.61940402264906,49.68856656853751,49.60952150519295,49.649044036865234,158400
2019-11-13,49.74784987325048,49.75773239135742,49.70833110805165,49.75773239135742,177700
2019-11-14,49.75773888287221,49.846662712054346,49.75773888287221,49.77750015258789,164400
2019-11-15,49.82689648681382,49.84665775456415,49.78737395131318,49.79725646972656,126900
2019-11-18,49.80713558003876,49.86641938371938,49.79725683063022,49.856536865234375,189600
2019-11-19,49.826895712999935,49.87629699707031,49.826895712999935,49.87629699707031,91400
2019-11-20,49.91581649220203,49.99485778808594,49.896055225962016,49.99485778808594,115500
2019-11-21,49.93557625876752,49.95533752441406,49.925693741406235,49.95533752441406,107600
2019-11-22,49.96521132517001,49.9849725888598,49.945450061480216,49.975093841552734,100300
2019-11-25,49.96521132517001,50.004733852549585,49.96521132517001,49.975093841552734,96400
2019-11-26,50.0343858608023,50.06402587890625,49.994863323946,50.06402587890625,108300
2019-11-27,50.01461814901153,50.064019429179275,50.01461814901153,50.04426193237305,114400
2019-11-29,50.034386818122655,50.044269337064094,50.014625549316406,50.014625549316406,52400
2019-12-02,50.04530889233625,50.04530889233625,49.91663121366835,49.93642807006836,178100
2019-12-03,50.05521055997026,50.12449767653551,50.025517160260776,50.114601135253906,107200
2019-12-04,50.12449243835447,50.13439275446613,50.075002185389,50.09479904174805,163700
2019-12-05,50.06510585180567,50.13439296141619,50.06510585180567,50.12449264526367,111300
2019-12-06,50.084896087646484,50.104692942962814,50.02550929756155,50.084896087646484,191300
2019-12-09,50.06510300819422,50.13439011386935,50.06510300819422,50.084896087646484,94200
2019-12-10,50.16408920288086,50.16408920288086,50.094802089341165,50.16408920288086,144100
2019-12-11,50.17398355710652,50.21357727050781,50.13439361956955,50.21357727050781,103800
2019-12-12,50.24327000804395,50.24327000804395,50.114596104975426,50.12449264526367,117100
2019-12-13,50.14428680552505,50.272964477539055,50.11459341039262,50.27296447753906,141800
2019-12-16,50.23337367486883,50.23337367486883,50.14428970845025,50.1541862487793,145700
2019-12-17,50.17398376321871,50.2531711903466,50.17398376321871,50.24327087402344,222200
2019-12-18,50.21357747678265,50.2531711903466,50.21357747678265,50.24327087402344,108500
2019-12-19,50.1838826974386,50.233372950098364,50.1838826974386,50.22347640991211,139400
2019-12-20,50.14216435045031,50.221489345215765,50.14216435045031,50.17190933227539,249100
2019-12-23,50.21157634436284,50.21157634436284,50.15208637536372,50.18183135986328,160500
2019-12-24,50.21157482337681,50.27106857299804,50.16199858990453,50.27106857299805,85900
2019-12-26,50.16199968067206,50.25123841583232,50.0727609455118,50.231407165527344,141100
2019-12-27,50.24131980697535,50.27106857299804,50.24131980697535,50.27106857299805,97800
2019-12-30,50.24132156372071,50.261152814287875,50.23140782964927,50.2413215637207,134200
2019-12-31,50.201664402026594,50.24132312196666,50.1520881652832,50.1520881652832,133700
2020-01-02,50.19174602408535,50.31073352913731,50.19174602408535,50.25123977661133,808000
2020-01-03,50.34047994117521,50.48920865306962,50.33056242426091,50.439632415771484,292400
2020-01-06,50.4991239801687,50.52886896477284,50.43963022853612,50.51895523071289,171700
2020-01-07,50.48920331559362,50.56852831282434,50.48920331559362,50.528865814208984,132500
2020-01-08,50.55861484985505,50.64785358100498,50.528866084522356,50.58835983276367,330900
2020-01-09,50.56853511370465,50.62802886962891,50.52887260975515,50.628028869628906,122800
2020-01-10,50.57844298128274,50.63793673030561,50.57844298128274,50.59827423095703,196600
2020-01-13,50.62802369379501,50.64785494374236,50.59827492766189,50.608192443847656,153000
2020-01-14,50.65777163332403,50.70734786987304,50.62802664787951,50.70734786987305,118600
2020-01-15,50.70734432457663,50.76683807373047,50.70734432457663,50.76683807373047,539800
2020-01-16,50.806503959784074,50.84616267943937,50.796586443051964,50.8164176940918,169700
2020-01-17,50.79658577929592,50.83624828085733,50.75692327773451,50.80650329589844,202100
2020-01-21,50.80649929365688,50.92548300654393,50.766836795219845,50.915565490722656,297300
2020-01-22,50.87590789794922,50.93539786449415,50.865990381908986,50.87590789794922,291900
2020-01-23,50.8858228003079,51.014724034822706,50.8858228003079,51.00480651855469,129900
2020-01-24,51.034555714004874,51.034555714004874,50.95523071289062,50.955230712890625,277700
2020-01-27,51.024636518886595,51.15353775024414,51.024636518886595,51.15353775024414,175400
2020-01-28,51.13371210504889,51.13371210504889,51.08413586676199,51.12379837036133,117500
2020-01-29,51.12379140582313,51.183281370693344,51.12379140582313,51.133705139160156,227000
2020-01-30,51.203113555908196,51.232858538887115,51.18328230644756,51.2031135559082,312800
2020-01-31,51.22294301731606,51.252687999256665,51.21302928414384,51.23285675048828,132700
2020-02-03,51.21001972691799,51.23981487894784,51.180220786084476,51.190155029296875,246300
2020-02-04,51.19015737115184,51.19015737115184,51.090833878502366,51.16035842895508,147400
2020-02-05,51.05110482162207,51.07096573000647,50.99151073005811,51.011375427246094,359000
2020-02-06,51.01137767254313,51.06103752329711,51.01137767254313,51.03124237060547,96800
2020-02-07,51.11069802456002,51.140496966434675,51.07096862792968,51.07096862792969,112700
2020-02-10,51.1305617072176,51.19015580097933,51.080901856818016,51.18022155761719,144700
2020-02-11,51.12063294364193,51.17029279568417,51.110698699951165,51.11069869995117,159700
2020-02-12,51.13056250417436,51.170291900634766,51.09083310771395,51.170291900634766,399200
2020-02-13,51.13056327556216,51.16035842895508,51.090833878502366,51.16035842895508,129700
2020-02-14,51.20008480626931,51.21001904935026,51.13056025991711,51.15042495727539,206100
2020-02-18,51.21994781494141,51.24974296559471,51.17028796758475,51.219947814941406,133800
2020-02-19,51.25968170166016,51.26961215648058,51.21002184995042,51.259681701660156,163100
2020-02-20,51.29941177368164,51.34907162604493,51.27954707497555,51.29941177368164,114200
2020-02-21,51.34906812535839,51.49804767229169,51.34906812535839,51.48811721801758,124200
2020-02-24,51.637098533782684,51.70662307739258,51.597369140633184,51.70662307739258,148500
2020-02-25,51.64703491629729,51.79601826330816,51.617239762416666,51.776153564453125,211200
2020-02-26,51.71655879383551,51.805948043116196,51.70662833893937,51.73642349243164,362100
2020-02-27,51.825808800909556,51.8953333463075,51.776148952597254,51.78607940673828,266900
2020-02-28,51.875470681044796,51.92513053130215,51.5477126383033,51.56757354736328,1029400
2020-03-02,51.62826369589656,51.91680183262823,51.62826369589656,51.69791030883789,601400
2020-03-03,51.757611606851604,51.91680441512993,51.62826626404548,51.81731033325195,333300
2020-03-04,51.80735736074806,51.85710440045119,51.707863281341794,51.75761032104492,191600
2020-03-05,51.79741117230572,51.867057789268856,51.72776455534258,51.77751159667969,230300
2020-03-06,51.926751056942535,52.06604808186165,51.827256977456145,52.026248931884766,766500
2020-03-09,51.95660655599521,52.3844379645115,51.807361629133744,52.16554641723633,923500
2020-03-10,52.04615015220766,52.17549170053767,51.56857172375481,51.598419189453125,515400
2020-03-11,51.707863579407174,51.707863579407174,50.782554212862856,50.82235336303711,794400
2020-03-12,49.86719204247773,49.88709161728806,47.449448737132386,49.07122802734375,6099900
2020-03-13,49.46921284580181,50.125883644840954,48.5140522145537,49.528907775878906,9227200
2020-03-16,48.842389373442195,49.32991947527402,47.86733296523441,48.4543571472168,3804600
2020-03-17,48.31506557096824,48.61355161709494,47.8573829184209,48.11607360839844,1223800
2020-03-18,47.59869077294461,47.777783139954856,46.51418868180724,47.07136535644531,3183700
2020-03-19,46.355000558598746,47.021619262054465,42.594068063386544,44.08650207519531,9914300
2020-03-20,44.2158466230874,45.738131999314035,43.310436746318764,44.70337677001953,6357300
2020-03-23,43.877556900978895,45.807773918124425,43.768114932107196,45.23069763183594,1775200
2020-03-24,45.17100084232633,47.31015381939014,45.17100084232633,46.504241943359375,2029400
2020-03-25,47.499200340101,49.747799193653556,47.02161812784076,48.63344955444336,1933900
2020-03-26,49.88709473275518,50.981548642937284,49.558761216519784,50.135833740234375,2315500
2020-03-27,50.414416394146755,50.90194648186632,50.155729515969846,50.22537612915039,2174500
2020-03-30,50.31492319275594,50.63330880011108,50.29502361786427,50.32487487792969,932900
2020-03-31,50.22537733385193,50.39452182381588,49.74779891967773,49.747798919677734,1020300
2020-04-01,49.721884979960635,49.851447983271456,48.02761271227528,48.476097106933594,1632300
2020-04-02,48.197045003787075,48.97441547099554,48.197045003787075,48.42626953125,1275600
2020-04-03,48.4960327168891,49.393001553328475,48.38640277000839,48.854820251464844,1593700
2020-04-06,49.064108554267705,49.75178208337469,49.064108554267705,49.50262451171875,902300
2020-04-07,49.75178528500021,50.18033663997399,49.67205683389789,50.170372009277344,691600
2020-04-08,50.01091130624923,50.47932878770525,50.01091130624923,50.34976577758789,510800
2020-04-09,50.389633168627604,51.047409064575554,50.389633168627604,50.688621520996094,1235600
2020-04-13,50.69858360626862,50.94774118770554,50.499256780750486,50.66868591308594,1326800
2020-04-14,50.68862024170668,50.78828175603318,50.54909260091235,50.58895492553711,729200
2020-04-15,50.648755393522116,50.97764524241768,50.648755393522116,50.688621520996094,689100
2020-04-16,50.84808030985524,50.89791106639533,50.66868654483649,50.838111877441406,496800
2020-04-17,50.87797991397878,50.87797991397878,50.65872381660027,50.748416900634766,471500
2020-04-20,50.708554588225994,50.71851921917359,50.27003478966837,50.50922775268555,802200
2020-04-21,50.459396994633316,50.63879076643672,50.200270967875866,50.27003479003906,436200
2020-04-22,50.28000322946026,50.37966474632278,50.00094413892751,50.15044021606445,430200
2020-04-23,50.05077742708095,50.319868077982186,49.97104517414293,50.110572814941406,541000
2020-04-24,49.91125233104967,50.13050843412205,49.811587009795616,50.07071304321289,845200
2020-04-27,49.95111401507609,50.100610094112234,49.86141712802304,50.020877838134766,488600
2020-04-28,50.060743340795845,50.1105740992377,49.373069749874645,49.61225891113281,620400
2020-04-29,49.522557573672366,49.91124657900362,49.44282912770073,49.50262451171875,436600
2020-04-30,49.42289924672813,49.77171834876018,49.353135426321714,49.512596130371094,470900
2020-05-01,49.46966174362954,50.01876924384297,49.46966174362954,49.749210357666016,602500
2020-05-04,49.759193444253135,50.188496580304964,49.74921133322253,50.07867431640625,666500
2020-05-05,50.21844577174168,50.24839972129156,50.108623509920875,50.1485595703125,549400
2020-05-06,50.17850970606048,50.24839971599463,50.05870533341058,50.10862350463867,2866600
2020-05-07,50.088657391754246,50.42810630101613,50.088657391754246,50.288333892822266,3437500
2020-05-08,50.26836587067883,50.49799632248043,50.2184476975312,50.44807434082031,732600
2020-05-11,50.368205078100424,50.617799747656406,50.368205078100424,50.51795959472656,313200
2020-05-12,50.468040481111025,50.73760317622468,50.41812230983346,50.62778091430664,451600
2020-05-13,50.54791357006565,50.88736247317154,50.54791357006565,50.797508239746094,458700
2020-05-14,50.757571231679684,50.89734363473131,50.43809036512958,50.867393493652344,527000
2020-05-15,50.847427369439245,50.987199777730225,50.847427369439245,50.92729568481445,227800
2020-05-18,50.98720073614163,51.06707286153069,50.93728256202975,51.01715087890625,349900
2020-05-19,51.02713585211485,51.16690826043991,51.02713585211485,51.12697219848633,392400
2020-05-20,51.116988192293185,51.306678766771945,51.116988192293185,51.26674270629883,366600
2020-05-21,51.306678782349834,51.43646907467068,51.306678782349834,51.38655090332031,246500
2020-05-22,51.47640514970561,51.55627346218632,51.3765649984643,51.54629135131836,130900
2020-05-26,51.48639011444279,51.636148445349626,51.48639011444279,51.53630828857422,550500
2020-05-27,51.5862264715846,51.696048739800176,51.5862264715846,51.6561164855957,397600
2020-05-28,51.62616062584376,51.67607879813846,51.53630639230833,51.636146545410156,240400
2020-05-29,51.636147504297924,51.75595188173246,51.636147504297924,51.72600173950195,487300
2020-06-01,51.650001525878906,51.75,51.650001525878906,51.72999954223633,364700
2020-06-02,51.720001220703125,51.7400016784668,51.650001525878906,51.720001220703125,235700
2020-06-03,51.63999938964844,51.709999084472656,51.58000183105469,51.599998474121094,257100
2020-06-04,51.560001373291016,51.650001525878906,51.560001373291016,51.599998474121094,209900
2020-06-05,51.56999969482422,51.61000061035156,51.41999816894531,51.52000045776367,259600
2020-06-08,51.459999084472656,51.56999969482422,51.45000076293945,51.529998779296875,264100
2020-06-09,51.4900016784668,51.720001220703125,51.4900016784668,51.70000076293945,673400
2020-06-10,51.63999938964844,51.709999084472656,51.560001373291016,51.689998626708984,348200
2020-06-11,51.70000076293945,51.79999923706055,51.70000076293945,51.77000045776367,580600
2020-06-12,51.720001220703125,51.790000915527344,51.650001525878906,51.72999954223633,131700
2020-06-15,51.63999938964844,51.790000915527344,51.63999938964844,51.720001220703125,187100
2020-06-16,51.630001068115234,51.72999954223633,51.61000061035156,51.66999816894531,319400
2020-06-17,51.66999816894531,51.68000030517578,51.61000061035156,51.66999816894531,193500
2020-06-18,51.650001525878906,51.66999816894531,51.61000061035156,51.630001068115234,192800
2020-06-19,51.63999938964844,51.70000076293945,51.61000061035156,51.63999938964844,240000
2020-06-22,51.65999984741211,51.72999954223633,51.630001068115234,51.72999954223633,750500
2020-06-23,51.66999816894531,51.70000076293945,51.630001068115234,51.689998626708984,194900
2020-06-24,51.66999816894531,51.689998626708984,51.599998474121094,51.61000061035156,370300
2020-06-25,51.619998931884766,51.70000076293945,51.599998474121094,51.63999938964844,288400
2020-06-26,51.68000030517578,51.709999084472656,51.599998474121094,51.689998626708984,169800
