Date,Open,High,Low,Close,Volume
1986-11-06,2.033797251326697,2.060794559972627,1.979802634034838,2.015799045562744,17902800
1986-11-07,2.015799518123336,2.015799518123336,1.970803993165226,2.006800413131714,6288000
1986-11-10,1.9888035124897407,1.9888035124897407,1.9438079579085248,1.952807068824768,3060000
1986-11-11,1.9528051826086912,1.9798024892807007,1.9528051826086912,1.9798024892807007,1130000
1986-11-12,1.9798024892807007,1.9978006937287072,1.9618042848326944,1.9798024892807007,2082800
1986-11-13,1.9708033729037013,1.9708033729037013,1.9618042707443237,1.9618042707443237,891200
1986-11-14,1.9618042848326944,1.9798024892807007,1.9528051826086912,1.9798024892807007,952000
1986-11-17,1.9618038954558197,1.9708029958936903,1.9438056945800781,1.9438056945800781,1055200
1986-11-18,1.9438056585923682,1.952804758863629,1.8988101572360634,1.9078092575073242,2426400
1986-11-19,1.9078083836861204,1.9078083836861204,1.8718119990882691,1.880811095237732,2026000
1986-11-20,1.8988101572360634,1.9168083577785853,1.8808119566935415,1.9078092575073242,3253600
1986-11-21,1.934807538986206,1.934807538986206,1.916809329321218,1.934807538986206,639600
1986-11-24,1.9258073473200552,1.9348064470738873,1.9168082475662231,1.9168082475662231,660000
1986-11-25,1.91680825703612,1.9348064566327032,1.889810957641245,1.9258073568344116,1080000
1986-11-26,1.9258073568344116,1.9438055564309948,1.889810957641245,1.9258073568344116,963200
1986-11-28,1.925808434153712,1.934807538986206,1.916809329321218,1.934807538986206,521600
1986-12-01,1.9258074937043368,1.9438056945800781,1.9258074937043368,1.9438056945800781,662000
1986-12-02,1.943806080384688,1.9798024892807007,1.943806080384688,1.9798024892807007,1161200
1986-12-03,1.9798030981568477,2.03379772810658,1.9798030981568477,2.006800413131714,1210400
1986-12-04,2.0067998030606438,2.0067998030606438,1.9798024962930119,1.9888015985488892,1446400
1986-12-05,1.9798006858999873,1.9887997799268053,1.9708015918731692,1.970801591873169,737600
1986-12-08,1.9618038954558197,1.9708029958936903,1.9438056945800781,1.9438056945800781,703600
1986-12-09,1.9438056945800781,1.952804795017949,1.9438056945800781,1.9438056945800781,444800
1986-12-10,1.9438066438187,1.952805748651194,1.934807538986206,1.934807538986206,902400
1986-12-11,1.9438055564309948,1.9528046562292865,1.8988100574395366,1.9258073568344116,550400
1986-12-12,1.9258074937043368,1.9438056945800781,1.916808393266466,1.9438056945800781,356800
1986-12-15,1.934807538986206,1.9438066438187,1.916809329321218,1.934807538986206,521200
1986-12-16,1.9258073473200552,1.9348064470738873,1.907809147812391,1.9168082475662231,835600
1986-12-17,1.9168083577785853,1.9168083577785853,1.9078092575073242,1.9078092575073242,803600
1986-12-18,1.9078090089192323,1.916808108017908,1.8808117116232055,1.8988099098205566,1108000
1986-12-19,1.8718128564222805,1.9078092575073242,1.8718128564222805,1.9078092575073242,556000
1986-12-22,1.8898117542266846,1.8898117542266846,1.8718135470435733,1.8898117542266846,1456000
1986-12-23,1.8808126506351288,1.8898117542266846,1.8718135470435733,1.8898117542266846,574000
1986-12-24,1.925806575985046,1.925806575985046,1.8718119990882691,1.880811095237732,322400
1986-12-26,1.8718135470435733,1.8898117542266846,1.8718135470435733,1.8898117542266846,486000
1986-12-29,1.880811095237732,1.880811095237732,1.8628129029388063,1.880811095237732,693200
1986-12-30,1.8808126506351288,1.8898117542266846,1.853815339860462,1.8898117542266846,910000
1986-12-31,1.8718138051587483,1.934807538986206,1.8718138051587483,1.934807538986206,841600
1987-01-02,1.925807862106813,1.9618042707443237,1.9078096577880579,1.9618042707443237,264800
1987-01-05,1.9618044157285948,2.00679992985081,1.9618044157285948,1.9978008270263672,668400
1987-01-06,1.9798030981568477,2.006800413131714,1.970803993165226,2.006800413131714,554400
1987-01-07,1.9977997151004177,2.060793399810791,1.9977997151004177,2.060793399810791,748400
1987-01-08,2.0517935437604415,2.177780866622925,2.0427944492702643,2.177780866622925,596800
1987-01-09,2.1687841561974075,2.2317778868753404,2.13278773866716,2.1957814693450928,759600
1987-01-12,2.177783260579969,2.2407769912579023,2.177783260579969,2.1957814693450928,1196800
1987-01-13,2.1777824953135556,2.1867815965338595,2.1147887867714283,2.132786989212036,504800
1987-01-14,2.1507859279712043,2.186782345175743,2.1417868236700697,2.159785032272339,611600
1987-01-15,2.1507859279712043,2.186782345175743,2.1507859279712043,2.159785032272339,463200
1987-01-16,2.1687841561974075,2.2047805737276547,2.141786843049722,2.1957814693450928,412800
1987-01-19,2.177780866622925,2.1957790556032797,2.15978267764257,2.177780866622925,161600
1987-01-20,2.2461843490600586,2.255427906052075,2.2276972350760254,2.2461843490600586,642000
1987-01-21,2.236941408814236,2.2554285278953454,2.2276978492736816,2.2276978492736816,505200
1987-01-22,2.227697582805858,2.227697582805858,2.1814797906314625,2.1999669075012207,618000
1987-01-23,2.2092107544179824,2.2554285526275635,2.199967194776066,2.2554285526275635,573200
1987-01-26,2.2184536820751126,2.2184536820751126,2.1814794540405273,2.1814794540405273,594800
1987-01-27,2.1629916713826325,2.2184529962898796,2.153748117231425,2.209209442138672,488400
1987-01-28,2.1999669075012207,2.227697582805858,2.1999669075012207,2.1999669075012207,462000
1987-01-29,2.1907230110491733,2.2184536820751126,2.1814794540405273,2.1814794540405273,574000
1987-01-30,2.1814794540405273,2.209210125066466,2.172235897031881,2.1814794540405273,265600
1987-02-02,2.2184542897331267,2.2276978492736816,2.172236492030353,2.2276978492736816,900000
1987-02-03,2.236941408814236,2.2554285278953454,2.2184542897331267,2.2276978492736816,1131600
1987-02-04,2.2184529962898796,2.2184529962898796,2.190722333836256,2.209209442138672,498800
1987-02-05,2.1722363017279385,2.227697654112482,2.1629927429971816,2.190723419189453,1638800
1987-02-06,2.1999671706520174,2.2276978492736816,2.190723611111463,2.2276978492736816,673600
1987-02-09,2.209210801124573,2.236941480636597,2.1907236814498905,2.218454360961914,487600
1987-02-10,2.209209442138672,2.2184529962898796,2.199965887987464,2.209209442138672,300800
1987-02-11,2.209210801124573,2.2276979207992555,2.209210801124573,2.218454360961914,228000
1987-02-12,2.2276978492736816,2.246184968354791,2.2184542897331267,2.2276978492736816,324800
1987-02-13,2.227697828123646,2.292402744293213,2.227697828123646,2.292402744293213,402800
1987-02-17,2.2924028396606446,2.310889959335327,2.218454360961914,2.218454360961914,933200
1987-02-18,2.236940796092405,2.236940796092405,2.172235897031881,2.1814794540405273,702400
1987-02-19,2.16299291195408,2.3201334226515984,2.0982879957845135,2.292402744293213,1086400
1987-02-20,2.292402177021421,2.292402177021421,2.12601814804406,2.144505262374878,3002000
1987-02-23,2.1167751540030753,2.1167751540030753,2.0705573558807373,2.0705573558807373,1918000
1987-02-24,2.079801228014343,2.079801228014343,2.0520705449741516,2.061314105987549,962400
1987-02-25,2.0613137962562695,2.0705573558807373,2.052070236631802,2.0705573558807373,559200
1987-02-26,2.079801543338879,2.079801543338879,2.042827293679521,2.0520708560943604,506800
1987-02-27,2.0613135309780346,2.0705570894129135,2.0150957388036392,2.0428264141082764,1080400
1987-03-02,2.0335837312646814,2.0520708560943604,2.0335837312646814,2.0520708560943604,962800
1987-03-03,2.033583164215088,2.033583164215088,1.9966089248657228,2.033583164215088,1147600
1987-03-04,2.033583164215088,2.033583164215088,2.005852484703064,2.033583164215088,1585200
1987-03-05,2.024339604377747,2.033583164215088,1.9966089248657228,2.033583164215088,1385200
1987-03-06,2.0335834229473577,2.061314105987549,2.0243398619339605,2.061314105987549,925600
1987-03-09,2.0520702838897704,2.0520702838897704,2.005852484703064,2.033583164215088,308800
1987-03-10,2.033583164215088,2.033583164215088,2.0150960445404054,2.033583164215088,274800
1987-03-11,2.0335827271143594,2.0335827271143594,1.9873649378617604,1.9966084957122803,606800
1987-03-12,1.9966084957122803,1.9966084957122803,1.9319035907586415,1.9966084957122803,1380000
1987-03-13,1.9781221696308682,1.9873657311711992,1.9226608003888812,1.9411479234695435,2095200
1987-03-16,1.9226594110137052,1.9319029658743478,1.885685191571134,1.9041723012924194,633200
1987-03-17,1.885686206817627,1.8949297666549685,1.820981287956238,1.8487119674682617,5080000
1987-03-18,1.8579555273056032,1.8579555273056032,1.8394684076309205,1.8487119674682617,1716000
1987-03-19,1.8394683599472046,1.8487119195449293,1.83022480034948,1.8394683599472046,1080800
1987-03-20,1.8487116303106752,1.8579551884622285,1.8302245140075684,1.8302245140075684,2166000
1987-03-23,1.839468431002988,1.8949297907317215,1.7932506312290437,1.8764426708221436,1253200
1987-03-24,1.8764426224122797,1.8764426224122797,1.8209812641143799,1.8209812641143799,989200
1987-03-25,1.8302244544029236,1.8302244544029236,1.7655195494492848,1.7747631072998047,4800000
1987-03-26,1.7932507000347175,1.904173423748205,1.7932507000347175,1.867199182510376,2068400
1987-03-27,1.8856863031292905,1.904173423748205,1.867199182510376,1.867199182510376,1125200
1987-03-30,1.8117377043980631,1.8671990626959631,1.8117377043980631,1.8209812641143799,1591200
1987-03-31,1.820980955856015,1.8487116303106752,1.8117373977044617,1.8302245140075684,2194800
1987-04-01,1.8024936410569654,1.8394678695914672,1.7840065267897145,1.7932500839233398,507600
1987-04-02,1.848711967468262,1.848711967468262,1.8117377281188967,1.8487119674682617,2248400
1987-04-03,1.8487114532321107,1.9041727968290743,1.8487114532321107,1.885685682296753,1008000
1987-04-06,1.9041732771312772,1.9041732771312772,1.8394683599472046,1.8394683599472046,526400
1987-04-07,1.8394680721591217,1.8487116303106752,1.8024938395529082,1.8302245140075684,485200
1987-04-08,1.8394688191462538,1.8394688191462538,1.811738133430481,1.811738133430481,373200
1987-04-09,1.820980955856015,1.8394680721591217,1.8117373977044617,1.8302245140075684,819200
1987-04-10,1.8117377043980631,1.8209812641143799,1.8117377043980631,1.8209812641143799,434800
1987-04-13,1.8117366213547557,1.8117366213547557,1.7562752962112427,1.7562752962112427,1598400
1987-04-14,1.7377887134966643,1.7377887134966643,1.6176224726697674,1.7008144855499268,554400
1987-04-15,1.7285454273223877,1.7285454273223877,1.7193018688875086,1.7285454273223877,293200
1987-04-16,1.7377889857572668,1.7377889857572668,1.7193018688875086,1.7285454273223877,418800
1987-04-20,1.7100590625975995,1.7470333125997097,1.7100590625975995,1.7377897500991821,255600
1987-04-21,1.77032470703125,1.7894633525126689,1.7607553842905406,1.77032470703125,228800
1987-04-22,1.6842010021209717,1.7129089737480339,1.6842010021209717,1.6842010021209717,1181600
1987-04-23,1.69376979408593,1.703339114956472,1.6554925106037621,1.6650618314743042,474800
1987-04-24,1.6554932594299316,1.6650625846289484,1.6363546090318977,1.6554932594299316,985200
1987-04-27,1.6459235082353865,1.6937701218468804,1.6459235082353865,1.6746314764022827,1000000
1987-04-28,1.6746304014272857,1.6841997180068702,1.626783818529363,1.6363531351089478,379600
1987-04-29,1.6363538688626782,1.6650618314743042,1.6363538688626782,1.6650618314743042,794000
1987-04-30,1.6650610848477012,1.6650610848477012,1.6363531351089478,1.6363531351089478,512800
1987-05-01,1.636354073882103,1.636354073882103,1.588507463534673,1.607646107673645,402000
1987-05-04,1.607645672523171,1.607645672523171,1.559799075126648,1.559799075126648,627200
1987-05-05,1.5597986024722716,1.6459224516885322,1.5597986024722716,1.6363531351089478,958000
1987-05-06,1.6172161102294922,1.6459240885175896,1.5885081319413947,1.6172161102294922,458800
1987-05-07,1.6459230843712302,1.6842003654031192,1.598076483081369,1.6267844438552856,1118000
1987-05-08,1.6363544352146802,1.760755649587726,1.6172157868495962,1.7320476770401,1123600
1987-05-11,1.7511858088629588,1.7511858088629588,1.6746312379837036,1.7416164875030518,386400
1987-05-12,1.732047166143145,1.7416164875030518,1.7129085234233312,1.7416164875030518,381200
1987-05-13,1.7416164875030518,1.7511858088629588,1.7416164875030518,1.7416164875030518,485600
1987-05-14,1.7511858596749927,1.7703245029501293,1.7511858596749927,1.760755181312561,446000
1987-05-15,1.7607551302228657,1.7607551302228657,1.722477844783238,1.7416164875030518,280400
1987-05-18,1.732048193613688,1.7416175206502278,1.7224788665771484,1.7224788665771484,319600
1987-05-19,1.7224788665771484,1.732048193613688,1.7129095395406086,1.7224788665771484,484800
1987-05-20,1.7033398854250164,1.7033398854250164,1.6554932594299316,1.6554932594299316,549600
1987-05-21,1.6650624356027377,1.7033397329729154,1.6554931112601932,1.693770408630371,293600
1987-05-22,1.6842010842878266,1.693770408630371,1.6842010842878266,1.693770408630371,409200
1987-05-26,1.7033392514871513,1.760755181312561,1.7033392514871513,1.760755181312561,730400
1987-05-27,1.77032470703125,1.7894633525126689,1.7607553842905406,1.77032470703125,240000
1987-05-28,1.7703247548424623,1.8086020468390562,1.7703247548424623,1.7894634008407593,234400
1987-05-29,1.8086026101670367,1.837310588106196,1.799033284187317,1.799033284187317,311600
1987-06-01,1.799033115470344,1.799033115470344,1.751186490058899,1.751186490058899,1511200
1987-06-02,1.770324469282386,1.770324469282386,1.7033392190933228,1.7033392190933228,706800
1987-06-03,1.7224788665771484,1.732048193613688,1.7129095395406086,1.7224788665771484,301600
1987-06-04,1.7224788665771484,1.7416175206502278,1.7129095395406086,1.7224788665771484,450400
1987-06-05,1.722478352857558,1.741617001222642,1.722478352857558,1.7320476770401,199200
1987-06-08,1.7224778620044838,1.7416165049156447,1.7033392190933228,1.7033392190933228,239600
1987-06-09,1.7033398646474536,1.760755815141188,1.7033398646474536,1.751186490058899,366800
1987-06-10,1.7416167388091217,1.7894633525126689,1.7416167388091217,1.77032470703125,477600
1987-06-11,1.7703253062481576,1.8181719361467565,1.7703253062481576,1.799033284187317,354800
1987-06-12,1.818170428276062,1.82773974631962,1.7894624741453873,1.818170428276062,245600
1987-06-15,1.8277411460876465,1.8468797968320199,1.8277411460876465,1.8277411460876465,265200
1987-06-16,1.818170428276062,1.8373090643631784,1.818170428276062,1.818170428276062,403600
1987-06-17,1.8181710752348106,1.837309718132019,1.8181710752348106,1.837309718132019,464000
1987-06-18,1.81817182071546,1.8277411460876465,1.81817182071546,1.8277411460876465,170000
1987-06-19,1.8373102926129672,1.9042955636978152,1.8181716437315822,1.904295563697815,1003200
1987-06-22,1.885156477340544,1.8947257995605469,1.8660178329005386,1.8947257995605469,253600
1987-06-23,1.8755870039264362,1.904294968272249,1.837309718132019,1.837309718132019,906800
1987-06-24,1.837309718132019,1.8755870039264362,1.837309718132019,1.837309718132019,305600
1987-06-25,1.8564491222042065,1.866018447576393,1.81817182071546,1.8277411460876465,229200
1987-06-26,1.837309718132019,1.837309718132019,1.8277403966834147,1.837309718132019,251600
1987-06-29,1.8373104714598332,1.8373104714598332,1.81817182071546,1.8277411460876465,105200
1987-06-30,1.8277411460876465,1.8373104714598332,1.81817182071546,1.8277411460876465,366800
1987-07-01,1.837309718132019,1.8468790395806234,1.8277403966834147,1.837309718132019,314400
1987-07-02,1.8468781709671018,1.866016804863134,1.8468781709671018,1.846878170967102,226800
1987-07-06,1.8564475475213467,1.8660168647766113,1.846878230266082,1.8660168647766113,60000
1987-07-07,1.8564483610292275,1.8564483610292275,1.837309718132019,1.837309718132019,112800
1987-07-08,1.837309718132019,1.8468790395806234,1.837309718132019,1.837309718132019,548800
1987-07-09,1.8468790395806234,1.8468790395806234,1.837309718132019,1.837309718132019,773200
1987-07-10,1.8373104714598332,1.8468797968320199,1.8277411460876465,1.8277411460876465,1914800
1987-07-13,1.837309718132019,1.837309718132019,1.8277403966834147,1.837309718132019,717600
1987-07-14,1.8277403966834147,1.8468790395806234,1.8277403966834147,1.837309718132019,350800
1987-07-15,1.8277409820960313,1.837310306609623,1.8086023330688477,1.8086023330688477,284000
1987-07-16,1.818170428276062,1.82773974631962,1.818170428276062,1.818170428276062,280000
1987-07-17,1.82773974631962,1.8373090643631784,1.8086011102325037,1.818170428276062,476800
1987-07-20,1.8086023330688477,1.8181716575824394,1.799033008555256,1.8086023330688477,324800
1987-07-21,1.852182745933533,1.8719921870665117,1.852182745933533,1.8521827459335327,255200
1987-07-22,1.8422770500183105,1.8521817653409895,1.8323723346956315,1.8422770500183105,286400
1987-07-23,1.8422777186269346,1.8521824375442837,1.8224682807922363,1.8224682807922363,1154800
1987-07-24,1.832373578691743,1.832373578691743,1.8125641345977783,1.8125641345977783,222400
1987-07-27,1.8026591004552068,1.8323732614517212,1.8026591004552068,1.8323732614517212,306000
1987-07-28,1.8224682807922363,1.8422777186269346,1.8224682807922363,1.8224682807922363,331600
1987-07-29,1.8422777186269346,1.8422777186269346,1.8125635618748872,1.8224682807922363,285200
1987-07-30,1.8224685842340644,1.8620874665000222,1.8224685842340644,1.8521827459335327,1198400
1987-07-31,1.8719924688339233,1.8719924688339233,1.832373580604634,1.8719924688339233,863600
1987-08-03,1.8918020725250244,1.9116115183106268,1.8719926267394222,1.8918020725250244,99600
1987-08-04,1.8719928349767414,1.9611353509280147,1.8719928349767414,1.9413259029388428,1003600
1987-08-05,1.9611347701948911,1.9710394912564815,1.9413253280717104,1.9512300491333008,351600
1987-08-06,1.9611347150802612,2.0106583189964295,1.9512299942970275,1.9809441566467285,486800
1987-08-07,1.971039533615112,2.030467861261799,1.971039533615112,1.9710395336151123,321600
1987-08-10,2.0106583372601925,2.1295149877386272,2.0106583372601925,2.0998008251190186,1128000
1987-08-11,2.1097055459922216,2.1295149877386272,2.079991383372613,2.0998008251190186,767200
1987-08-12,2.079992261043815,2.1691347865171213,2.0205639107282773,2.1295158863067627,1461200
1987-08-13,2.1097049713134766,2.1295144076638377,2.089895534963115,2.1097049713134766,233200
1987-08-14,2.079990961972405,2.0998003997054755,2.0205626487731934,2.0205626487731934,303600
1987-08-17,2.0502767086029055,2.079990863800049,2.0304672718048096,2.0304672718048096,189200
1987-08-18,2.079990961972405,2.079990961972405,2.0205626487731934,2.0205626487731934,263200
1987-08-19,1.990848877429962,2.0304677605628965,1.9809441566467285,1.9809441566467285,440800
1987-08-20,2.0106584187129033,2.0106584187129033,1.9611348123406644,1.9710395336151123,437600
1987-08-21,1.9908484921735876,2.0205626487731934,1.9809437733070525,2.0205626487731934,250000
1987-08-24,2.020562222860392,2.0502763731965743,2.020562222860392,2.0403716564178467,154400
1987-08-25,2.0403706742245618,2.070084810256958,2.030465962213763,2.070084810256958,228800
1987-08-26,2.070087094534011,2.1097059862954275,2.070087094534011,2.0799918174743652,243600
1987-08-27,2.0799918174743652,2.0998012633550736,2.060182371593657,2.0799918174743652,419600
1987-08-28,2.0700870557473254,2.0700870557473254,2.0601823329925537,2.0601823329925537,338000
1987-08-31,2.0601818030479397,2.0898959636688232,2.040372362634017,2.0898959636688232,306800
1987-09-01,2.0799917785020976,2.0898965012568693,2.0601823329925537,2.0601823329925537,745200
1987-09-02,2.060181967102655,2.060181967102655,2.00075364112854,2.00075364112854,344400
1987-09-03,2.0007531405681402,2.0106578590858044,1.9809437035328121,1.990848422050476,170400
1987-09-04,2.0106578590858044,2.0106578590858044,1.961134266497484,1.990848422050476,207600
1987-09-08,1.9809429462139423,1.9809429462139423,1.9116099430964544,1.9314193725585938,242400
1987-09-09,1.941324829462156,1.990848422050476,1.9314201109444917,1.990848422050476,303600
1987-09-10,2.000753598213196,2.000753598213196,1.9809441566467285,1.9809441566467285,609200
1987-09-11,1.9809439928844723,1.9809439928844723,1.9116109531335157,1.9611345529556274,259200
1987-09-14,2.0007536974384554,2.0007536974384554,1.9413253697917687,1.9710395336151123,155200
1987-09-15,1.9512296214546125,1.9512296214546125,1.9116107458920824,1.9215154647827148,89600
1987-09-16,1.9314201836733476,1.94132490256398,1.8719918703295522,1.9215154647827148,351600
1987-09-17,1.921514657827524,1.9314193725585938,1.9116099430964544,1.9314193725585938,303600
1987-09-18,1.921514882539448,1.941324314318205,1.8818960189819334,1.8818960189819336,3138000
1987-09-21,1.8818968631125785,1.8818968631125785,1.8224685411195496,1.8323732614517212,374400
1987-09-22,1.8521830247192785,1.8818971908912456,1.832373580604634,1.8719924688339233,749600
1987-09-23,1.8719924688339233,1.891801912948568,1.832373580604634,1.8719924688339233,371200
1987-09-24,1.8918007348713122,1.8918007348713122,1.8719913030925548,1.8818960189819336,93200
1987-09-25,1.8818967789411547,1.9116109386086466,1.8818967789411547,1.9017062187194824,151200
1987-09-28,1.9017062187194826,1.9017062187194826,1.8719920590519907,1.9017062187194824,131200
1987-09-29,1.8818969076330012,1.8918016281994907,1.852182745933533,1.8521827459335327,252400
1987-09-30,1.852182745933533,1.8620874665000222,1.8224685842340644,1.8521827459335327,456800
1987-10-01,1.8620879650115967,1.8818974114478904,1.8422785185753032,1.8620879650115967,367600
1987-10-02,1.8818960189819334,1.8918007348713122,1.8521818713137976,1.8818960189819336,276800
1987-10-05,1.9017068578841838,1.9017068578841838,1.8620879650115967,1.8620879650115967,616800
1987-10-06,1.8620873391628268,1.9116109386086466,1.8620873391628268,1.9017062187194824,924000
1987-10-07,1.8719911959863478,1.881895911309027,1.8422770500183105,1.8422770500183105,504400
1987-10-08,1.8521818713137976,1.8918007348713122,1.842277155424419,1.8818960189819336,2217200
1987-10-09,1.8818960189819334,1.9017054507606908,1.8620865872031762,1.8818960189819336,238400
1987-10-12,1.8818967789411547,1.9017062187194826,1.8818967789411547,1.9017062187194824,346000
1987-10-13,1.8918022829659131,1.9809447989171867,1.8918022829659131,1.9413259029388428,821200
1987-10-14,1.9512304098818316,1.9512304098818316,1.8719926267394222,1.8918020725250244,819200
1987-10-15,1.8719924688339233,1.8818971908912456,1.862087746776601,1.8719924688339233,608800
1987-10-16,1.8719918753789817,1.8818965942963308,1.8224682807922363,1.8224682807922363,792000
1987-10-19,1.8026591190477699,1.8026591190477699,1.6045647103612017,1.6243741512298584,1292400
1987-10-20,1.6800306499004363,1.6903375864028929,1.5460404753684998,1.6491098403930664,835600
1987-10-21,1.6491104505076912,1.7006451520860564,1.6491104505076912,1.6594173908233643,722000
1987-10-22,1.6491107451610076,1.6491107451610076,1.5872690922174697,1.6078829765319824,415600
1987-10-23,1.5769621008320858,1.5872690426675897,1.566655158996582,1.566655158996582,412000
1987-10-26,1.5357343135996069,1.5357343135996069,1.4429718382815098,1.4532787799835205,229200
1987-10-27,1.4738928195503023,1.5048136479324765,1.4635858767562442,1.4841997623443604,418400
1987-10-28,1.4017436504364014,1.4223575276487015,1.3811297732241015,1.4017436504364014,697200
1987-10-29,1.4017439300207784,1.4326647520065308,1.329595345387356,1.4326647520065308,451200
1987-10-30,1.7315662283646434,1.7315662283646434,1.5254273916545666,1.566655158996582,674800
1987-11-02,1.5872690922174697,1.628496860846495,1.5666552079029572,1.6078829765319824,208400
1987-11-03,1.6181899429876594,1.6491107699237293,1.6181899429876594,1.6284968852996826,305200
1987-11-04,1.6078833633998655,1.6388041973114014,1.6078833633998655,1.6388041973114014,112800
1987-11-05,1.6078830006756362,1.638803827611706,1.6078830006756362,1.6284968852996826,1766000
1987-11-06,1.6388041973114014,1.6594180865857586,1.6388041973114014,1.6388041973114014,249200
1987-11-09,1.6284968100096051,1.6284968100096051,1.5563482171610783,1.566655158996582,426400
1987-11-10,1.5460420476979222,1.5460420476979222,1.442972577851394,1.4945073127746582,266400
1987-11-11,1.4841996179500094,1.5048135015326485,1.4635857343673706,1.4635857343673706,149200
1987-11-12,1.4223581055800119,1.5048136479324765,1.412051162785954,1.4841997623443604,246400
1987-11-13,1.4738928195503023,1.4841997623443604,1.4635858767562442,1.4841997623443604,308000
1987-11-16,1.5048136479324765,1.5254275335205925,1.4635858767562442,1.4841997623443604,578400
1987-11-17,1.4635857343673706,1.4635857343673706,1.4429718507847316,1.4635857343673706,279200
1987-11-18,1.4635857343673706,1.4635857343673706,1.4429718507847316,1.4635857343673706,1830400
1987-11-19,1.4532789127393202,1.4532789127393202,1.3605164289474487,1.3605164289474487,215600
1987-11-20,1.3811301125420465,1.4017439948187935,1.3192884657118056,1.39143705368042,748400
1987-11-23,1.4120507674557823,1.4429715871810913,1.3914368876389096,1.4429715871810913,306400
1987-11-24,1.432664647272655,1.484199346814837,1.432664647272655,1.4429715871810913,261200
1987-11-25,1.4738926761586901,1.4841996179500094,1.4429718507847316,1.4635857343673706,466400
1987-11-27,1.4841997623443604,1.5048136479324765,1.4738928195503023,1.4841997623443604,142000
1987-11-30,1.432664908993412,1.4738926761586901,1.432664908993412,1.4635857343673706,672800
1987-12-01,1.4532787799835205,1.4635857216855312,1.4532787799835205,1.4532787799835205,188800
1987-12-02,1.4532789847125178,1.4532789847125178,1.4223581552505493,1.4223581552505493,1006400
1987-12-03,1.4223581552505493,1.4326650984045388,1.3708234394806018,1.4223581552505493,170000
1987-12-04,1.3811303260631131,1.3914372687949275,1.3605164405994847,1.3708233833312988,293200
1987-12-07,1.3399027169696869,1.3605166049230668,1.2677541091328577,1.2986749410629272,595600
1987-12-08,1.3192886352539062,1.360516405105591,1.3089816927909852,1.3399025201797485,711200
1987-12-09,1.3399030290432832,1.4017447073068192,1.3399030290432832,1.3811308145523071,782800
1987-12-10,1.3605165148890295,1.4017442880674849,1.329595685005188,1.329595685005188,390400
1987-12-11,1.3192894402451403,1.3399033377489706,1.308982491493225,1.308982491493225,132400
1987-12-14,1.2883685939893947,1.3192894402451403,1.2780616452374796,1.308982491493225,572800
1987-12-15,1.2986742574721575,1.3399020116776228,1.2986742574721575,1.3192881345748901,519600
1987-12-16,1.319288530422531,1.3605162969982352,1.319288530422531,1.350209355354309,1148400
1987-12-17,1.3605164963266123,1.4223581552505493,1.3502095531726228,1.4223581552505493,517200
1987-12-18,1.3914374913369025,1.4841999907593628,1.3914374913369025,1.4738930463790894,1335200
1987-12-21,1.494506935139636,1.5048138795199095,1.4429722132382694,1.4738930463790894,356800
1987-12-22,1.4738926761586901,1.4841996179500094,1.453278792576051,1.4635857343673706,443200
1987-12-23,1.5048128870509614,1.535733699798584,1.4945059494684207,1.535733699798584,1212000
1987-12-24,1.5357347037885096,1.5872694253921509,1.5254277594677814,1.5872694253921509,147600
1987-12-28,1.5563486524530359,1.5563486524530359,1.4945069841436438,1.5254278182983398,394000
1987-12-29,1.5254278182983398,1.5357347630165719,1.5048139288618758,1.5254278182983398,264800
1987-12-30,1.5254274361754117,1.5460413204480523,1.4841996676301301,1.504813551902771,547600
1987-12-31,1.4842000394254118,1.5254278182983398,1.4120514263977877,1.5254278182983398,390800
1988-01-04,1.5048139288618758,1.5460417077348039,1.5048139288618758,1.5254278182983398,156000
1988-01-05,1.5254273793555253,1.556348204612732,1.5254273793555253,1.556348204612732,363200
1988-01-06,1.566655158996582,1.5975759845030935,1.5563482171610783,1.566655158996582,317200
1988-01-07,1.5666551463651341,1.5872690298699386,1.5460412628603297,1.556348204612732,316000
1988-01-08,1.5563482625843728,1.566655204720693,1.504813551902771,1.504813551902771,209600
1988-01-11,1.5048128870509614,1.535733699798584,1.4945059494684207,1.535733699798584,179600
1988-01-12,1.5254280486074434,1.5254280486074434,1.484200263509945,1.5151211023330688,184800
1988-01-13,1.4842003657900054,1.5151212067439637,1.4738934188053525,1.4945073127746582,694000
1988-01-14,1.504814156058694,1.5151211023330688,1.4945072097843195,1.5151211023330688,562000
1988-01-15,1.5666551959130073,1.6181899063048826,1.5460413117562573,1.5975760221481323,386800
1988-01-18,1.5872694253921509,1.6078833140336075,1.5769624810714227,1.5872694253921509,340400
1988-01-19,1.6453398901682634,1.6776014566421509,1.6453398901682634,1.6776014566421509,2170000
1988-01-20,1.6776023846046597,1.6776023846046597,1.6345869388455658,1.6453408002853394,168400
1988-01-21,1.6345869388455658,1.6453408002853394,1.613079215966019,1.6453408002853394,109200
1988-01-22,1.6238320489083569,1.6668474674224856,1.6238320489083569,1.6668474674224854,221200
1988-01-25,1.6776018502577295,1.7098634243011472,1.6776018502577295,1.7098634243011475,71200
1988-01-26,1.7098634243011472,1.7313711403300927,1.6991095662866746,1.7098634243011475,410800
1988-01-27,1.7098628593527752,1.7421244227367898,1.7098628593527752,1.7313705682754517,802400
1988-01-28,1.7636325359344482,1.7636325359344482,1.742124822081589,1.7636325359344482,380800
1988-01-29,1.7636323542821974,1.8281554891949607,1.7636323542821974,1.806647777557373,133600
1988-02-01,1.8066480031270467,1.8281557174499876,1.7851402888041057,1.7958941459655762,318800
1988-02-02,1.7851407824183356,1.8174023628234863,1.7851407824183356,1.8174023628234863,401200
1988-02-03,1.8066482314144272,1.8066482314144272,1.7851405143737793,1.7851405143737793,356800
1988-02-04,1.785139978667836,1.785139978667836,1.7206168469087575,1.7421245574951172,395600
1988-02-05,1.7313705682754514,1.752878277198128,1.7313705682754514,1.7313705682754517,204800
1988-02-08,1.7313707022019373,1.742124557495117,1.7098629916155779,1.7421245574951172,170000
1988-02-09,1.7528782208760578,1.774385929107666,1.7528782208760578,1.774385929107666,209600
1988-02-10,1.7743866558534553,1.7958943728941033,1.7743866558534553,1.7851405143737793,384000
1988-02-11,1.7851405143737793,1.7851405143737793,1.7743866558534553,1.7851405143737793,94000
1988-02-12,1.7851399772307452,1.8281553983688354,1.7851399772307452,1.8281553983688354,246400
1988-02-16,1.8174023628234863,1.9034332439038881,1.806648502688436,1.8174023628234863,93200
1988-02-17,1.8066468824420059,1.8389084339141846,1.8066468824420059,1.8389084339141846,179600
1988-02-18,1.849663257598877,1.881924826045369,1.849663257598877,1.849663257598877,584400
1988-02-19,1.8604176044464111,1.8604176044464111,1.8281560274906932,1.8604176044464111,95600
1988-02-22,1.8496638942848551,1.8926793336868286,1.8496638942848551,1.8926793336868286,135600
1988-02-23,1.9141872114605374,1.9464487936761645,1.9141872114605374,1.935694932937622,318800
1988-02-24,1.9356941908932803,1.9356941908932803,1.9141864776611328,1.9141864776611328,395600
1988-02-25,1.9141872114605374,1.9464487936761645,1.9141872114605374,1.935694932937622,79600
1988-02-26,1.935694932937622,1.935694932937622,1.9249410721990798,1.935694932937622,68800
1988-02-29,1.935694586506206,1.957202304134053,1.9249407276922827,1.9464484453201294,326400
1988-03-01,1.935694932937622,1.9464487936761645,1.9249410721990798,1.935694932937622,272000
1988-03-02,1.9356941908932803,1.9464480475093542,1.903432621045059,1.9141864776611328,326000
1988-03-03,1.914186016807343,1.9249398708343506,1.9034321627803354,1.9249398708343506,400000
1988-03-04,1.9249404151099068,1.9249404151099068,1.8819249868392944,1.8819249868392944,209600
1988-03-07,1.8819254738363353,1.9034331935373219,1.8711716139858419,1.8926793336868286,253600
1988-03-08,1.8711711297716414,1.8926788439069475,1.8711711297716414,1.8819249868392944,81600
1988-03-09,1.8711716139858419,1.9034331935373219,1.8711716139858419,1.8926793336868286,662800
1988-03-10,1.8926788439069475,1.8926788439069475,1.8711711297716414,1.8819249868392944,584000
1988-03-11,1.8711707592010498,1.8819246141389867,1.8389091943872384,1.8711707592010498,79200
1988-03-14,1.8496637454611717,1.8926791814021293,1.8496637454611717,1.8604176044464111,726000
1988-03-15,1.88192532241689,1.88192532241689,1.8604176044464111,1.8604176044464111,28400
1988-03-16,1.8711711297716414,1.8819249868392944,1.860417272703988,1.8819249868392944,632000
1988-03-17,1.8819249868392944,1.9034327009746006,1.8711711297716414,1.8819249868392944,288000
1988-03-18,1.8926786821941997,1.8926786821941997,1.849663257598877,1.849663257598877,94000
1988-03-21,1.88192532241689,1.88192532241689,1.8496637454611717,1.8604176044464111,114400
1988-03-22,1.8711716139858419,1.9034331935373219,1.8711716139858419,1.8926793336868286,1864800
1988-03-23,1.8819249868392944,1.9034327009746006,1.8711711297716414,1.8819249868392944,141200
1988-03-24,1.8711707592010498,1.8926784690769238,1.8711707592010498,1.8711707592010498,319200
1988-03-25,1.8711707592010498,1.8711707592010498,1.8604169042631127,1.8711707592010498,108400
1988-03-28,1.8496637454611717,1.8604176044464111,1.8389098864759323,1.8604176044464111,460000
1988-03-29,1.860417524016047,1.860417524016047,1.7851405143737793,1.7851405143737793,591200
1988-03-30,1.8174020899347512,1.8174020899347512,1.7851405143737793,1.7851405143737793,421600
1988-03-31,1.7851400659197851,1.806647777557373,1.7636323542821974,1.806647777557373,1146000
1988-04-04,1.7851407824183356,1.8174023628234863,1.7851407824183356,1.8174023628234863,201600
1988-04-05,1.8066480031270467,1.8066480031270467,1.7958941459655762,1.7958941459655762,24000
1988-04-06,1.8066478330035542,1.849663257598877,1.7958939768547235,1.849663257598877,240400
1988-04-07,1.8281545834234583,1.860416134895637,1.817400732932732,1.8389084339141846,238800
1988-04-08,1.8174014845113644,1.8711707592010498,1.8174014845113644,1.8711707592010498,186000
1988-04-11,1.8711709698965384,1.8711709698965384,1.8281555453012157,1.849663257598877,220000
1988-04-12,1.8711714634316505,1.88192532241689,1.8604176044464111,1.8604176044464111,238800
1988-04-13,1.8604169042631127,1.8711707592010498,1.8604169042631127,1.8711707592010498,166000
1988-04-14,1.8604171137477077,1.8711709698965384,1.849663257598877,1.849663257598877,415200
1988-04-15,1.8496622844049107,1.8496622844049107,1.8281545834234583,1.8389084339141846,520400
1988-04-18,1.8281553983688354,1.8281553983688354,1.817401543084313,1.8281553983688354,297200
1988-04-19,1.903390279236962,1.9484409367336948,1.903390279236962,1.914652943611145,314800
1988-04-20,1.9146531926104302,1.9146531926104302,1.8921278609326604,1.9033905267715454,95200
1988-04-21,1.8921274266591885,1.9033900899131124,1.83581411038957,1.8470767736434937,571200
1988-04-22,1.8583394368974173,1.8583394368974173,1.824551447135646,1.8470767736434937,146000
1988-04-25,1.8358143106812523,1.9033902975774948,1.8358143106812523,1.8921276330947876,283600
1988-04-26,1.9033890900223756,1.9484397193720175,1.9033890900223756,1.937177062034607,166400
1988-04-27,1.959703601107878,1.9709662654820612,1.914652943611145,1.914652943611145,395600
1988-04-28,1.9146519864511768,1.9484399626826683,1.9146519864511768,1.9259146451950073,56800
1988-04-29,1.914651747359786,1.9484397193720175,1.892126432684965,1.937177062034607,406000
1988-05-02,1.9259144046971965,1.937177062034607,1.9259144046971965,1.937177062034607,98800
1988-05-03,1.9259156079853283,1.9259156079853283,1.914652943611145,1.914652943611145,144800
1988-05-04,1.903390279236962,1.9371782723595115,1.8921276148627786,1.914652943611145,634800
1988-05-05,1.9033905267715454,1.9146531926104302,1.8921278609326604,1.9033905267715454,434800
1988-05-06,1.9146531926104302,1.925915858449315,1.9033905267715454,1.9033905267715454,118800
1988-05-09,1.9033902975774948,1.9033902975774948,1.8921276330947878,1.8921276330947876,209600
1988-05-10,1.8921276148627786,1.9259156079853283,1.8921276148627786,1.914652943611145,281200
1988-05-11,1.903390279236962,1.9259156079853283,1.8921276148627786,1.914652943611145,348800
1988-05-12,1.9033902975774948,1.914652962060202,1.8921276330947878,1.8921276330947876,189200
1988-05-13,1.9033902975774948,1.914652962060202,1.8921276330947878,1.8921276330947876,142000
1988-05-16,1.8921276330947878,1.914652962060202,1.8921276330947878,1.8921276330947876,159200
1988-05-17,1.8921266689635161,1.9259146451950073,1.8921266689635161,1.9259146451950073,70000
1988-05-18,1.914652962060202,1.914652962060202,1.8921276330947878,1.8921276330947876,327200
1988-05-19,1.8808653469545293,1.8808653469545293,1.8696026802062986,1.8696026802062988,39200
1988-05-20,1.8696016123800565,1.8921269330111417,1.8470762917489716,1.8583389520645142,45600
1988-05-23,1.8583394368974173,1.8583394368974173,1.8470767736434937,1.8470767736434937,68800
1988-05-24,1.8470773467098374,1.8696026802062986,1.8470773467098374,1.8696026802062988,224000
1988-05-25,1.880864272695599,1.8921269330111417,1.8583389520645142,1.8583389520645142,148800
1988-05-26,1.8583394368974173,1.8696021001513412,1.824551447135646,1.8470767736434937,422800
1988-05-27,1.8470767736434937,1.8696021001513412,1.8470767736434937,1.8470767736434937,190000
1988-05-31,1.847077021569562,1.8583396863352302,1.8245516920382259,1.835814356803894,120000
1988-06-01,1.8470760339881942,1.9371773039388378,1.8470760339881942,1.9259146451950073,831200
1988-06-02,1.9371780006364845,1.9934913146084752,1.9371780006364845,1.9597033262252808,554800
1988-06-03,1.970966803756627,1.9934921386567028,1.970966803756627,1.982229471206665,987600
1988-06-06,1.9822293635777066,1.9822293635777066,1.9709666967391968,1.9709666967391968,80000
1988-06-07,1.9597024836782682,1.99349045753479,1.9484398257260942,1.99349045753479,310800
1988-06-08,1.9934911464459328,2.038541793823242,1.9934911464459328,2.038541793823242,610800
1988-06-09,2.0385427125122235,2.0723307132720947,2.0385427125122235,2.0723307132720947,627200
1988-06-10,2.072329267542413,2.117379903793335,2.0272786312914906,2.117379903793335,544400
1988-06-13,2.0948550701141357,2.106117731781416,2.061067085112295,2.0948550701141357,374400
1988-06-14,2.0948559459626983,2.173694610595703,2.0948559459626983,2.173694610595703,479200
1988-06-15,2.16243052482605,2.196218501776457,2.139905206859112,2.16243052482605,558800
1988-06-16,2.1736948739795787,2.1849575417204052,2.151169538497925,2.151169538497925,316800
1988-06-17,2.1624321691768684,2.184957504272461,2.1511695016290724,2.184957504272461,163200
1988-06-20,2.173694610595703,2.173694610595703,2.1624319442195596,2.173694610595703,98800
1988-06-21,2.1736934491019833,2.1849561094600247,2.1061174869537354,2.1061174869537354,380800
1988-06-22,2.151167865842581,2.184955842792988,2.151167865842581,2.16243052482605,1450400
1988-06-23,2.1849573110279286,2.1849573110279286,2.139906644821167,2.139906644821167,84400
1988-06-24,2.1624319779245478,2.1849573110279286,2.139906644821167,2.139906644821167,505200
1988-06-27,2.139906644821167,2.1736946444762384,2.139906644821167,2.139906644821167,479200
1988-06-28,2.1399068958544856,2.1736948994732406,2.1286442279815674,2.1286442279815674,455200
1988-06-29,2.128643978269477,2.1736946444762384,2.128643978269477,2.139906644821167,1028400
1988-06-30,2.139905206859112,2.16243052482605,2.139905206859112,2.16243052482605,272800
1988-07-01,2.1511695016290724,2.184957504272461,2.1511695016290724,2.184957504272461,160800
1988-07-05,2.151169538497925,2.1849575417204052,2.151169538497925,2.151169538497925,51200
1988-07-06,2.184957243958298,2.2187452425762095,2.184957243958298,2.2074825763702393,508400
1988-07-07,2.2074828393680535,2.2187455069158495,2.184957504272461,2.184957504272461,198400
1988-07-08,2.16243052482605,2.173693183809519,2.16243052482605,2.16243052482605,197600
1988-07-11,2.16243052482605,2.184955842792988,2.16243052482605,2.16243052482605,67200
1988-07-12,2.16243052482605,2.184955842792988,2.16243052482605,2.16243052482605,549200
1988-07-13,2.16243052482605,2.173693183809519,2.16243052482605,2.16243052482605,952000
1988-07-14,2.1624319779245478,2.1736946444762384,2.139906644821167,2.139906644821167,327600
1988-07-15,2.139905206859112,2.16243052482605,2.139905206859112,2.16243052482605,152400
1988-07-18,2.1511678809815264,2.1511678809815264,2.117379903793335,2.117379903793335,573200
1988-07-19,2.1958198572592758,2.2193045616149902,2.1958198572592758,2.2193045616149902,36400
1988-07-20,2.184076796186731,2.2310461896531124,2.184076796186731,2.207561492919922,86000
1988-07-21,2.207562686287783,2.2427897504306733,2.1958203315734863,2.1958203315734863,444800
1988-07-22,2.219302861921249,2.2310452051060174,2.1840758323669434,2.1840758323669434,238800
1988-07-25,2.184076796186731,2.207561492919922,2.13710740272035,2.207561492919922,184000
1988-07-26,2.2075615127881365,2.2662732551495233,2.2075615127881365,2.254530906677246,459600
1988-07-27,2.2310452051060174,2.2310452051060174,2.1840758323669434,2.1840758323669434,95600
1988-07-28,2.1840758323669434,2.219302861921249,2.172333489182175,2.1840758323669434,113600
1988-07-29,2.20756269019583,2.20756269019583,2.137108561785325,2.160593271255493,230000
1988-08-01,2.1605911459974063,2.2075605187364804,2.1605911459974063,2.1840758323669434,52800
1988-08-02,2.2075615127881365,2.2662732551495233,2.2075615127881365,2.254530906677246,615600
1988-08-03,2.266273274713633,2.324985017581862,2.2545309261399873,2.3015003204345703,315600
1988-08-04,2.301501746129508,2.3367288136723063,2.301501746129508,2.324986457824707,190400
1988-08-05,2.30150079482641,2.313243145820422,2.2897584438323975,2.2897584438323975,88400
1988-08-08,2.3015010404586795,2.348470449447632,2.278016335964203,2.348470449447632,273200
1988-08-09,2.3484697147291533,2.3484697147291533,2.3015003204345703,2.3015003204345703,367200
1988-08-10,2.30150006348605,2.30150006348605,2.254530674435314,2.266273021697998,673600
1988-08-11,2.2897584438323975,2.30150079482641,2.278016092838385,2.2897584438323975,625200
1988-08-12,2.2780161023738996,2.3367278575897217,2.2780161023738996,2.3367278575897217,654800
1988-08-15,2.324985017581862,2.324985017581862,2.3015003204345703,2.3015003204345703,90400
1988-08-16,2.30150079482641,2.30150079482641,2.278016092838385,2.2897584438323975,134000
1988-08-17,2.289758453417064,2.3367278575897217,2.266273751330735,2.3367278575897217,107600
1988-08-18,2.313242669008216,2.313242669008216,2.278015623287279,2.3015003204345703,128800
1988-08-19,2.3015007847890803,2.324985486674683,2.231046679132272,2.2427890300750732,449200
1988-08-22,2.231045722961426,2.2545304147820726,2.219303377051103,2.231045722961426,187200
1988-08-23,2.231046679132272,2.2427890300750732,2.231046679132272,2.2427890300750732,402800
1988-08-24,2.2193043281894704,2.2545313810178746,2.2193043281894704,2.2427890300750732,246800
1988-08-25,2.2310473957163763,2.2310473957163763,2.1958203315734863,2.1958203315734863,193600
1988-08-26,2.207562209437133,2.2193045616149902,2.1723351529035617,2.2193045616149902,96400
1988-08-29,2.207561492919922,2.207561492919922,2.184076796186731,2.207561492919922,241200
1988-08-30,2.207561492919922,2.207561492919922,2.172334447820136,2.207561492919922,206000
1988-08-31,2.2427892659707043,2.2427892659707043,2.2193045616149902,2.2193045616149902,105600
1988-09-01,2.207561492919922,2.2310461896531124,2.1958191445533264,2.207561492919922,96800
1988-09-02,2.2310457524565077,2.27801513671875,2.2310457524565077,2.27801513671875,274800
1988-09-06,2.30150006348605,2.324984758011418,2.266273021697998,2.266273021697998,191200
1988-09-07,2.254530674435314,2.289757716223366,2.2427883271726303,2.266273021697998,120000
1988-09-08,2.278016335964203,2.348470449447632,2.278016335964203,2.348470449447632,384800
1988-09-09,2.348470208632886,2.3836972617623795,2.3367278575897217,2.3367278575897217,218800
1988-09-12,2.324986457824707,2.371955881215105,2.301501746129508,2.324986457824707,767600
1988-09-13,2.3249852798952917,2.3719546794891357,2.3015005800983697,2.3719546794891357,745200
1988-09-14,2.3954398620304804,2.3954398620304804,2.37195515750077,2.383697509765625,727600
1988-09-15,2.3954398584365846,2.3954398584365846,2.3249857449531555,2.348470449447632,386400
1988-09-16,2.348470449447632,2.348470449447632,2.3249857449531555,2.348470449447632,108400
1988-09-19,2.3367273710705905,2.3367273710705905,2.289757976677212,2.3132426738739014,238800
1988-09-20,2.3132441019771073,2.3367288136723063,2.3132441019771073,2.324986457824707,548400
1988-09-21,2.324985017581862,2.324985017581862,2.2897579718609244,2.3015003204345703,59200
1988-09-22,2.3015003252755566,2.3132426738739014,2.289757976677212,2.3132426738739014,135200
1988-09-23,2.3132426738739014,2.3484697196689353,2.3132426738739014,2.3132426738739014,113200
1988-09-26,2.3132433927059175,2.348470449447632,2.3132433927059175,2.348470449447632,385600
1988-09-27,2.3602135253675054,2.3602135253675054,2.324986457824707,2.324986457824707,206800
1988-09-28,2.3367278575897217,2.3367278575897217,2.3132431555033928,2.3367278575897217,95200
1988-09-29,2.3249857449531555,2.348470449447632,2.3249857449531555,2.348470449447632,210000
1988-09-30,2.336728097200394,2.348470449447632,2.336728097200394,2.348470449447632,368800
1988-10-03,2.348470452971059,2.383697509765625,2.348470452971059,2.383697509765625,620800
1988-10-04,2.383696062647881,2.383696062647881,2.348469027239292,2.3602113723754883,169600
1988-10-05,2.3602113723754883,2.3719537175116847,2.3602113723754883,2.3602113723754883,109600
1988-10-06,2.360212329590675,2.3719546794891357,2.3484699796922137,2.3719546794891357,158000
1988-10-07,2.3836979854340647,2.3954403400421143,2.371955630826015,2.3954403400421143,169600
1988-10-10,2.383697509765625,2.407182214295336,2.383697509765625,2.383697509765625,554400
1988-10-11,2.4071817432792444,2.41892409324646,2.3954393933120284,2.41892409324646,258800
1988-10-12,2.395439379286058,2.407181729184519,2.360212329590675,2.3719546794891357,958400
1988-10-13,2.371955153942108,2.371955153942108,2.348470449447632,2.348470449447632,289200
1988-10-14,2.3602128016948702,2.3602128016948702,2.3249857449531555,2.348470449447632,101200
1988-10-17,2.348469027239292,2.3719537175116847,2.324984336966899,2.3602113723754883,86000
1988-10-18,2.3484699796922137,2.3719546794891357,2.3484699796922137,2.3719546794891357,348400
1988-10-19,2.3602135253675054,2.3602135253675054,2.324986457824707,2.324986457824707,77200
1988-10-20,2.336728097200394,2.348470449447632,2.3132433927059175,2.348470449447632,326400
1988-10-21,2.348470208632886,2.3602125596760506,2.3367278575897217,2.3367278575897217,61200
1988-10-24,2.3367278575897217,2.348470208632886,2.3367278575897217,2.3367278575897217,114000
1988-10-25,2.418313980102539,2.4549551010131836,2.418313980102539,2.4549551010131836,148400
1988-10-26,2.4549572575092315,2.4549572575092315,2.43052982211113,2.4427435398101807,98800
1988-10-27,2.4427428317429434,2.4427428317429434,2.4305291175842285,2.4305291175842285,285200
1988-10-28,2.4427428317429434,2.454956545901658,2.4305291175842285,2.4305291175842285,115600
1988-10-31,2.43052982211113,2.4427435398101807,2.43052982211113,2.4427435398101807,254000
1988-11-01,2.442742810390963,2.479383952546828,2.442742810390963,2.467170238494873,323600
1988-11-02,2.467170932713677,2.49159836769104,2.467170932713677,2.49159836769104,132800
1988-11-03,2.491597379956927,2.625948219072251,2.491597379956927,2.5648796558380127,900000
1988-11-04,2.552666425704956,2.6015212855270606,2.5404527107494297,2.552666425704956,848800
1988-11-07,2.5770931381445665,2.5770931381445665,2.491597157258254,2.540452003479004,286400
1988-11-08,2.5404527107494297,2.564880140660482,2.5404527107494297,2.552666425704956,63600
1988-11-09,2.540452003479004,2.5526657150341916,2.516024580368629,2.540452003479004,138000
1988-11-10,2.5404527267972052,2.552666441829884,2.5282390117645264,2.5282390117645264,458400
1988-11-11,2.5404527267972052,2.5404527267972052,2.5282390117645264,2.5282390117645264,258000
1988-11-14,2.516025280838378,2.5770938556160083,2.516025280838378,2.552666425704956,698400
1988-11-15,2.540452003479004,2.564879426589379,2.528238291923816,2.540452003479004,509600
1988-11-16,2.52823851789747,2.5770933684848605,2.52823851789747,2.5648796558380127,205600
1988-11-17,2.564880362054183,2.577094078063965,2.564880362054183,2.577094078063965,415600
1988-11-18,2.5770933684848605,2.5770933684848605,2.5648796558380127,2.5648796558380127,304000
1988-11-21,2.552665943191165,2.5770933684848605,2.552665943191165,2.5648796558380127,265200
1988-11-22,2.5648796558380127,2.5770933684848605,2.5648796558380127,2.5648796558380127,286000
1988-11-23,2.577093119891185,2.601520542828542,2.577093119891185,2.5893068313598633,297200
1988-11-25,2.577093119891185,2.5893068313598633,2.577093119891185,2.5893068313598633,55200
1988-11-28,2.6137347288534674,2.6137347288534674,2.5893073014810053,2.6015210151672363,275200
1988-11-29,2.601521001860153,2.650375856355179,2.601521001860153,2.625948429107666,352800
1988-11-30,2.650374887186453,2.7114434329741592,2.650374887186453,2.662588596343994,448400
1988-12-01,2.662590255476024,2.7480862728536946,2.662590255476024,2.6748039722442627,378000
1988-12-02,2.6748035107889483,2.6748035107889483,2.650376081466675,2.650376081466675,511600
1988-12-05,2.63816215622593,2.650375869912161,2.5893073014810053,2.6015210151672363,687600
1988-12-06,2.613734722137451,2.613734722137451,2.5893072948277553,2.613734722137451,2454000
1988-12-07,2.625948429107666,2.687016997226449,2.6137347154839095,2.625948429107666,534400
1988-12-08,2.63816215622593,2.63816215622593,2.6015210151672363,2.6015210151672363,201200
1988-12-09,2.601521001860153,2.6381621427314226,2.601521001860153,2.625948429107666,588000
1988-12-12,2.63816215622593,2.63816215622593,2.5893073014810053,2.6015210151672363,322800
1988-12-13,2.5893073014810053,2.6137347288534674,2.5893073014810053,2.6015210151672363,206400
1988-12-14,2.601521001860153,2.625948429107666,2.601521001860153,2.625948429107666,174400
1988-12-15,2.625948442539699,2.625948442539699,2.6015210151672363,2.6015210151672363,120000
1988-12-16,2.625948435792299,2.625948435792299,2.601521008482603,2.613734722137451,134000
1988-12-19,2.601521008482603,2.625948435792299,2.5893072948277553,2.613734722137451,134000
1988-12-20,2.5893068313598633,2.6137342542972206,2.577093119891185,2.5893068313598633,485200
1988-12-21,2.5893082177197493,2.6381630897521973,2.5893082177197493,2.6381630897521973,296800
1988-12-22,2.6137347154839095,2.6381621427314226,2.601521001860153,2.625948429107666,208400
1988-12-23,2.601521008482603,2.625948435792299,2.601521008482603,2.613734722137451,22400
1988-12-27,2.625949371744085,2.6381630897521973,2.613735653735973,2.6381630897521973,70400
1988-12-28,2.625948435792299,2.625948435792299,2.601521008482603,2.613734722137451,72800
1988-12-29,2.6015210151672363,2.625948442539699,2.5893073014810053,2.6015210151672363,101200
1988-12-30,2.613735653735973,2.6381630897521973,2.577094499711637,2.6381630897521973,346000
1989-01-03,2.613734722137451,2.625948435792299,2.601521008482603,2.613734722137451,104800
1989-01-04,2.6137347154839095,2.6381621427314226,2.6137347154839095,2.625948429107666,100400
1989-01-05,2.625948429107666,2.625948429107666,2.6137347154839095,2.625948429107666,249600
1989-01-06,2.613734722137451,2.625948435792299,2.613734722137451,2.613734722137451,830400
1989-01-09,2.625948435792299,2.625948435792299,2.601521008482603,2.613734722137451,162800
1989-01-10,2.625948435792299,2.625948435792299,2.613734722137451,2.613734722137451,214400
1989-01-11,2.625948435792299,2.625948435792299,2.601521008482603,2.613734722137451,247600
1989-01-12,2.625948429107666,2.6381621427314226,2.6137347154839095,2.625948429107666,267600
1989-01-13,2.625949371744085,2.6870179617846452,2.613735653735973,2.6381630897521973,264400
1989-01-16,2.6381630897521973,2.6503768077603094,2.6381630897521973,2.6381630897521973,97200
1989-01-17,2.638162149447147,2.662589576756843,2.613734722137451,2.613734722137451,417200
1989-01-18,2.625948429107666,2.650375856355179,2.6137347154839095,2.625948429107666,556400
1989-01-19,2.650375856355179,2.650375856355179,2.625948429107666,2.625948429107666,112000
1989-01-20,2.625948429107666,2.625948429107666,2.6137347154839095,2.625948429107666,241200
1989-01-23,2.625948429107666,2.6381621427314226,2.625948429107666,2.625948429107666,464000
1989-01-24,2.7232251785419606,2.7612236694053367,2.7232251785419606,2.735891342163086,202800
1989-01-25,2.735891342163086,2.7612236694053367,2.735891342163086,2.735891342163086,121600
1989-01-26,2.735891342163086,2.7485575057842113,2.735891342163086,2.735891342163086,129200
1989-01-27,2.73589152505953,2.786556182931003,2.73589152505953,2.7738900184631348,234400
1989-01-30,2.7992215604957087,2.8118877214029294,2.761223077774048,2.761223077774048,192000
1989-01-31,2.7485575751481552,2.799222230911255,2.7485575751481552,2.799222230911255,63200
1989-02-01,2.786555205826211,2.862552165985108,2.773889045799728,2.8625521659851074,200800
1989-02-02,2.862552165985108,2.9132168060910386,2.862552165985108,2.8625521659851074,712800
1989-02-03,2.849886178970337,2.8752185005611843,2.837220018174913,2.849886178970337,250000
1989-02-06,2.8498856350779533,2.8625517934560776,2.837219476699829,2.837219476699829,260800
1989-02-07,2.875218611661629,2.875218611661629,2.824553966522217,2.824553966522217,449600
1989-02-08,2.8245538573794895,2.8752185005611843,2.8245538573794895,2.849886178970337,491200
1989-02-09,2.849886092272672,2.9385492151433774,2.849886092272672,2.9258830547332764,596400
1989-02-10,2.9132182577736354,2.976549089464367,2.900552091435489,2.9638829231262207,362800
1989-02-13,2.951215375553478,2.963881535963579,2.925883054733277,2.9258830547332764,226000
1989-02-14,2.925883054733277,2.9385492151433774,2.9132168943231758,2.9258830547332764,136800
1989-02-15,2.9258833568671654,2.938549518585205,2.9132171951491257,2.938549518585205,118000
1989-02-16,2.9512153096821,2.9512153096821,2.9132168292999268,2.9132168292999268,75200
1989-02-17,2.9132171951491257,2.938549518585205,2.9132171951491257,2.938549518585205,113600
1989-02-21,2.9512155055999756,3.014546310441177,2.9512155055999756,2.9512155055999756,248800
1989-02-22,2.963881666568216,2.9765478275364563,2.9385493446317352,2.9512155055999756,153200
1989-02-23,2.9512153096821,2.9512153096821,2.9132168292999268,2.9132168292999268,174400
1989-02-24,2.913218439926747,2.913218439926747,2.900552272796631,2.900552272796631,60000
1989-02-27,2.9005514336052447,2.9005514336052447,2.8625529432086694,2.8752191066741943,192800
1989-02-28,2.8752183260115904,2.887884486038073,2.862552165985108,2.8625521659851074,110000
1989-03-01,2.862552188790363,2.925882989427318,2.862552188790363,2.9132168292999268,116000
1989-03-02,2.9132182577736354,2.9638829231262207,2.9132182577736354,2.9638829231262207,198400
1989-03-03,2.9638814698094906,2.976547629936882,2.900550669172536,2.9132168292999268,155200
1989-03-06,2.9132168292999268,2.9512153096821,2.9132168292999268,2.9132168292999268,123600
1989-03-07,2.9385493446317352,2.9512155055999756,2.913217022695255,2.9512155055999756,470800
1989-03-08,2.9385493446317352,2.963881666568216,2.9258831836634953,2.9512155055999756,230800
1989-03-09,2.951215375553478,2.951215375553478,2.925883054733277,2.9258830547332764,321600
1989-03-10,2.925883054733277,2.9385492151433774,2.9132168943231758,2.9258830547332764,84800
1989-03-13,2.9132168943231758,2.951215375553478,2.9132168943231758,2.9258830547332764,171200
1989-03-14,2.9132171951491257,2.938549518585205,2.9132171951491257,2.938549518585205,281600
1989-03-15,2.9385506458362274,3.0272138118743896,2.9385506458362274,3.0272138118743896,298000
1989-03-16,3.0145463943481445,3.0145463943481445,3.001880233027354,3.0145463943481445,270400
1989-03-17,3.0145456116913745,3.0145456116913745,2.989213295626741,3.0018794536590576,82400
1989-03-20,2.9765472412109375,3.0145457166306513,2.9638810827376996,2.9765472412109375,98800
1989-03-21,2.9892140717065634,3.0145463943481445,2.976547910385773,3.0145463943481445,294800
1989-03-22,3.0145456116913745,3.0272117697236913,3.0018794536590576,3.0018794536590576,200800
1989-03-23,3.0272124459346137,3.0398786067962646,3.0018801242113113,3.0398786067962646,314000
1989-03-27,2.9892139633496604,3.0398786067962646,2.9892139633496604,3.0398786067962646,194400
1989-03-28,3.0398786067962646,3.052544767657916,3.0145462850729627,3.0398786067962646,246000
1989-03-29,3.027211335397536,3.1538728975480605,3.027211335397536,3.141206741333008,542400
1989-03-30,3.141208524626445,3.166540851437949,3.10321003440919,3.1158761978149414,202000
1989-03-31,3.1032089408175403,3.179205894470215,3.090542781875428,3.179205894470215,279600
1989-04-03,3.17920565143112,3.305867231169412,3.141207177509633,3.267868757247925,708000
1989-04-04,3.2678691426755884,3.293201461611058,3.204538345336914,3.204538345336914,1130000
1989-04-05,3.217206295852956,3.331201794524911,3.217206295852956,3.2805371284484863,594400
1989-04-06,3.2552034854888916,3.280535808333163,3.242537324066756,3.2552034854888916,323600
1989-04-07,3.242537324066756,3.280535808333163,3.242537324066756,3.2552034854888916,246800
1989-04-10,3.255204795410274,3.2805371284484863,3.242538628891168,3.2805371284484863,256000
1989-04-11,3.2678696469110275,3.293201969755299,3.2552034854888916,3.2552034854888916,423600
1989-04-12,3.2678687572479244,3.2805349152217538,3.229870283326437,3.267868757247925,109200
1989-04-13,3.2425368237401186,3.2552029832078535,3.204538345336914,3.204538345336914,260000
1989-04-14,3.204537936082975,3.242536409633366,3.204537936082975,3.2172040939331055,316000
1989-04-17,3.2045378340408206,3.2932009361684322,3.2045378340408206,3.2425363063812256,226800
1989-04-18,3.368871591605392,3.3820312462601008,3.3557119369506836,3.3557119369506836,131600
1989-04-19,3.3425499328040322,3.3557095782087725,3.3162306419945518,3.329390287399292,446000
1989-04-20,3.3162306419945518,3.3425499328040322,3.3162306419945518,3.329390287399292,50000
1989-04-21,3.3293904466629027,3.355709738731384,3.2899115085601807,3.2899115085601807,305600
1989-04-24,3.2899115085601807,3.2899115085601807,3.263592216491699,3.2899115085601807,164400
1989-04-25,3.303071365469978,3.342550306093125,3.276752071721213,3.3162310123443604,225200
1989-04-26,3.316231930349755,3.38203018293606,3.3030722798324943,3.3425512313842773,137600
1989-04-27,3.342552282295975,3.3951909009148094,3.342552282295975,3.3557119369506836,301200
1989-04-28,3.395189833453321,3.4083494839705817,3.329391580867016,3.3425512313842773,283600
1989-05-01,3.342551231384277,3.368870532418799,3.342551231384277,3.3425512313842773,174000
1989-05-02,3.3557100008433896,3.382029294967652,3.3557100008433896,3.3820292949676514,92800
1989-05-03,3.3820312462601008,3.3951909009148094,3.342552282295975,3.3557119369506836,286000
1989-05-04,3.368869988493217,3.3951892852783203,3.342550691708114,3.3951892852783203,246800
1989-05-05,3.408348933670872,3.408348933670872,3.368869988493217,3.3951892852783203,164400
1989-05-08,3.368869647905521,3.4083485890919136,3.368869647905521,3.3820292949676514,648000
1989-05-09,3.3951909009148094,3.3951909009148094,3.342552282295975,3.3557119369506836,294400
1989-05-10,3.342552282295975,3.368871591605392,3.342552282295975,3.3557119369506836,180000
1989-05-11,3.3293907067191277,3.382029294967652,3.316231059656997,3.3820292949676514,613600
1989-05-12,3.3688698253412355,3.447827711872671,3.3688698253412355,3.4346680641174316,678400
1989-05-15,3.4346680641174316,3.447827711872671,3.4215084163621925,3.4346680641174316,290800
1989-05-16,3.4346680641174316,3.4346680641174316,3.4083487686069533,3.4346680641174316,449200
1989-05-17,3.4215084163621925,3.447827711872671,3.4215084163621925,3.4346680641174316,192000
1989-05-18,3.4346680641174316,3.447827711872671,3.4215084163621925,3.4346680641174316,204000
1989-05-19,3.434668178451992,3.553105012191716,3.434668178451992,3.539945363998413,648000
1989-05-22,3.5136270909939173,3.5531060470725007,3.4873077869415283,3.4873077869415283,563600
1989-05-23,3.5004679603721702,3.5004679603721702,3.460988998413086,3.460988998413086,142800
1989-05-24,3.46098735962791,3.4873066551383887,3.4083487686069533,3.4346680641174316,288400
1989-05-25,3.4478297233581543,3.4609893787908192,3.3951911016274954,3.4478297233581543,384000
1989-05-26,3.4478271264296314,3.4873060629918027,3.4215078353881836,3.4215078353881836,210800
1989-05-30,3.408348933670872,3.4215085820634235,3.3820296368857687,3.3951892852783203,181600
1989-05-31,3.3951905758684666,3.4346695360529838,3.3951905758684666,3.4083502292633057,512000
1989-06-01,3.395189120851714,3.4346680641174316,3.382029473096475,3.4346680641174316,147600
1989-06-02,3.474146786020763,3.539945020604489,3.4609871391040175,3.526785373687744,371200
1989-06-05,3.5399455644867635,3.5399455644867635,3.474147319793701,3.474147319793701,455600
1989-06-06,3.474146786020763,3.539945020604489,3.474146786020763,3.526785373687744,294000
1989-06-07,3.5267857158051106,3.5662646603850185,3.5267857158051106,3.539945363998413,383200
1989-06-08,3.5399440420998465,3.553103685379028,3.500465112262302,3.5531036853790283,336800
1989-06-09,3.553103984485973,3.618902206420898,3.539944340098988,3.6189022064208984,243600
1989-06-12,3.605742562033913,3.6715407839688385,3.579423273259943,3.6189022064208984,518400
1989-06-13,3.605744088905445,3.6320633888244624,3.566265139026918,3.632063388824463,382000
1989-06-14,3.6320633888244624,3.6320633888244624,3.6189037388649536,3.632063388824463,120400
1989-06-15,3.618903055678319,3.618903055678319,3.592583760727931,3.605743408203125,221600
1989-06-16,3.5925828332410137,3.6057424773188194,3.5794231891632076,3.579423189163208,201600
1989-06-19,3.5662633286582097,3.579422971937391,3.553103685379028,3.5531036853790283,110400
1989-06-20,3.5531039010075958,3.5794231891632076,3.5531039010075958,3.579423189163208,247600
1989-06-21,3.5531049508314867,3.5925838947296147,3.539945302865444,3.5925838947296143,284000
1989-06-22,3.5794230152789814,3.5794230152789814,3.500465154647827,3.500465154647827,490000
1989-06-23,3.500465154647827,3.513624798086353,3.474145867770776,3.500465154647827,286800
1989-06-26,3.5136257267709987,3.526785373687744,3.5136257267709987,3.526785373687744,190400
1989-06-27,3.5267857158051106,3.5662646603850185,3.5267857158051106,3.539945363998413,244400
1989-06-28,3.539945363998413,3.553105012191716,3.5267857158051106,3.539945363998413,465600
1989-06-29,3.539945363998413,3.553105012191716,3.5267857158051106,3.539945363998413,278400
1989-06-30,3.539945020604489,3.5531046675212345,3.5136257267709987,3.526785373687744,350400
1989-07-03,3.526785373687744,3.526785373687744,3.5136257267709987,3.526785373687744,56000
1989-07-05,3.513625383377075,3.526785029007701,3.513625383377075,3.513625383377075,149600
1989-07-06,3.5267843988206646,3.5662633286582097,3.5267843988206646,3.5531036853790283,44000
1989-07-07,3.5267843988206646,3.5662633286582097,3.5267843988206646,3.5531036853790283,147600
1989-07-10,3.539945020604489,3.5531046675212345,3.526785373687744,3.526785373687744,132400
1989-07-11,3.526784612851984,3.5925828332410137,3.526784612851984,3.579423189163208,424800
1989-07-12,3.592583760727931,3.618903055678319,3.592583760727931,3.605743408203125,451200
1989-07-13,3.605743408203125,3.6320627031535127,3.605743408203125,3.605743408203125,163200
1989-07-14,3.6189037388649536,3.6320633888244624,3.605744088905445,3.632063388824463,201600
1989-07-17,3.6583832310092066,3.711021838649627,3.6583832310092066,3.6715428829193115,177600
1989-07-18,3.6583817005157475,3.6583817005157475,3.6452220541110143,3.658381700515747,352800
1989-07-19,3.658382146699088,3.697861090728215,3.658382146699088,3.684701442718506,198800
1989-07-20,3.684701751061969,3.7373403475057114,3.684701751061969,3.7241806983947754,305200
1989-07-21,3.7373391758928944,3.7373391758928944,3.684700595950741,3.6978602409362793,377200
1989-07-24,3.7110201778945386,3.7636587619781494,3.7110201778945386,3.7636587619781494,238000
1989-07-25,3.8943774700164795,3.8943774700164795,3.8807607655758622,3.8943774700164795,202000
1989-07-26,3.9079973012930793,3.935230731964111,3.9079973012930793,3.9352307319641113,200000
1989-07-27,3.907996654510498,3.9488467937562524,3.907996654510498,3.907996654510498,450000
1989-07-28,3.9216108788977135,3.9760776966601816,3.8943774700164795,3.8943774700164795,178000
1989-07-31,3.8943778971831002,3.9216113090515137,3.8807611912488937,3.9216113090515137,229600
1989-08-01,3.935230731964111,3.935230731964111,3.9216140166285953,3.9352307319641113,168400
1989-08-02,3.921612681958499,4.057779788970947,3.921612681958499,4.057779788970947,290400
1989-08-03,4.11224953592406,4.248416739100353,4.11224953592406,4.180333137512207,1106400
1989-08-04,4.207566578147466,4.2620334594179825,4.180333137512207,4.180333137512207,536400
1989-08-07,4.166713657379151,4.180330368677775,4.085013389587402,4.085013389587402,594800
1989-08-08,4.0850140401069694,4.139480893975062,4.0850140401069694,4.112247467041016,527600
1989-08-09,4.125863523483276,4.125863523483276,4.085013389587402,4.085013389587402,227200
1989-08-10,4.085014304336236,4.085014304336236,4.003314018249512,4.003314018249512,241200
1989-08-11,4.044163078269702,4.166713474580905,4.030546367568458,4.057779788970947,1018400
1989-08-14,4.057782646727889,4.057782646727889,3.93523216410859,3.9760823249816895,274000
1989-08-15,3.976080589553937,4.003314018249512,3.921613732162787,4.003314018249512,427600
1989-08-16,4.003312621453795,4.044162750244141,3.948845783066669,4.044162750244141,148400
1989-08-17,4.044162348945543,4.1258625984191895,4.044162348945543,4.1258625984191895,140400
1989-08-18,4.112245890173582,4.139479306664797,4.112245890173582,4.1258625984191895,300000
1989-08-21,4.1122466317759265,4.1122466317759265,4.030546367568458,4.057779788970947,117200
1989-08-22,4.057779788970947,4.098629921074681,4.030546367568458,4.057779788970947,78800
1989-08-23,4.057779459840922,4.085012879034485,4.0305460406473586,4.044162750244141,227600
1989-08-24,4.057779128487046,4.057779128487046,4.030545711517334,4.030545711517334,235600
1989-08-25,4.057779966990153,4.085013389587402,4.044163255691529,4.085013389587402,274800
1989-08-28,4.098629921074681,4.098629921074681,4.030546367568458,4.057779788970947,244400
1989-08-29,4.085013389587402,4.098630100886027,4.071396678288778,4.085013389587402,82000
1989-08-30,4.098630100886027,4.098630100886027,4.085013389587402,4.085013389587402,109600
1989-08-31,4.0850135394960745,4.112246963092715,4.030546692302793,4.071396827697754,286400
1989-09-01,4.057780115899433,4.071396827697754,4.030546692302793,4.071396827697754,292000
1989-09-05,4.057779788970947,4.085013210373437,4.044163078269702,4.057779788970947,95200
1989-09-06,4.085012545456757,4.085012545456757,4.003312294547622,4.030545711517334,354400
1989-09-07,4.0169290030324785,4.0441624200021895,4.0169290030324785,4.030545711517334,247600
1989-09-08,4.030548035723608,4.411816093156922,4.016931319386704,4.330115795135498,1221200
1989-09-11,4.343732511472402,4.343732511472402,4.302882362461689,4.330115795135498,935200
1989-09-12,4.3301127891181785,4.343729496002197,4.316496082234159,4.343729496002197,1354800
1989-09-13,4.3437320510175,4.398198910591387,4.3437320510175,4.370965480804443,901600
1989-09-14,4.370965480804443,4.384582195697916,4.3437320510175,4.370965480804443,384800
1989-09-15,4.3709629097702365,4.3709629097702365,4.343729496002197,4.343729496002197,590800
1989-09-18,4.357348765910972,4.370965480804443,4.357348765910972,4.370965480804443,226400
1989-09-19,4.384579038472368,4.411812448649215,4.370962333383944,4.398195743560791,868000
1989-09-20,4.411815490722656,4.4390489196777345,4.411815490722656,4.425432205200195,292000
1989-09-21,4.411815490722656,4.425432205200195,4.398198776245117,4.425432205200195,308400
1989-09-22,4.411814212799072,4.425430923332403,4.3981975022657425,4.411814212799072,528000
1989-09-25,4.411814212799072,4.425430923332403,4.3981975022657425,4.411814212799072,71600
1989-09-26,4.425432205200195,4.4390489196777345,4.411815490722656,4.425432205200195,524000
1989-09-27,4.425432205200195,4.4390489196777345,4.425432205200195,4.425432205200195,362000
1989-09-28,4.439047516846076,4.466280937194824,4.439047516846076,4.466280937194824,393600
1989-09-29,4.452663460644809,4.5207469997984,4.452663460644809,4.493513584136963,327600
1989-10-02,4.507132700613669,4.547982845936451,4.4935159855060745,4.534366130828857,212000
1989-10-03,4.56159779106278,4.575214500886848,4.507130951766508,4.520747661590576,510400
1989-10-04,4.520747661590576,4.534364371414644,4.49351424194244,4.520747661590576,729600
1989-10-05,4.520749415721263,4.5752162761516395,4.520749415721263,4.534366130828857,2438400
1989-10-06,4.49351424194244,4.520747661590576,4.466280822294304,4.520747661590576,1032800
1989-10-09,4.547980415459835,4.547980415459835,4.493513584136963,4.493513584136963,293600
1989-10-10,4.50713249206543,4.520749206542969,4.425432205200195,4.425432205200195,248000
1989-10-11,4.411812448649215,4.411812448649215,4.330112218118674,4.398195743560791,505200
1989-10-12,4.439048017980109,4.547981711672872,4.439048017980109,4.507131576538086,1217200
1989-10-13,4.520747661590576,4.520747661590576,4.411813982998032,4.520747661590576,881600
1989-10-16,4.370965328275787,4.398198757112397,4.343731899439178,4.384582042694092,749200
1989-10-17,4.38457995057106,4.38457995057106,4.357346534729004,4.357346534729004,442400
1989-10-18,4.384579038472368,4.398195743560791,4.289262102853403,4.398195743560791,248800
1989-10-19,4.398198979752915,4.5752162761516395,4.398198979752915,4.534366130828857,357600
1989-10-20,4.575215490540462,4.6024489160793935,4.5207486394625995,4.561598777770996,147600
1989-10-23,4.561599214026268,4.561599214026268,4.4662822155242266,4.479898929595947,190000
1989-10-24,4.504771601863023,4.5462265552544014,4.490953284065898,4.532408237457275,486400
1989-10-25,4.518589919660149,4.5462265552544014,4.518589919660149,4.532408237457275,146000
1989-10-26,4.532408130530155,4.560044765472412,4.532408130530155,4.560044765472412,174800
1989-10-27,4.560044873051527,4.560044873051527,4.518589919660149,4.532408237457275,186400
1989-10-30,4.642950213232705,4.781133255293202,4.642950213232705,4.7534966468811035,600000
1989-10-31,4.794955052541532,4.850228309631348,4.794955052541532,4.850228309631348,310000
1989-11-01,4.864047528634111,5.043685647589348,4.864047528634111,4.988412380218506,732400
1989-11-02,5.002228832244874,5.0989570140838625,4.960773897171021,4.974592208862305,542000
1989-11-03,4.946955874814825,4.960774187314308,4.8916826248168945,4.8916826248168945,318800
1989-11-06,4.9193213871547155,4.9193213871547155,4.836411476135254,4.836411476135254,217200
1989-11-07,4.794952182607218,4.864043712615967,4.781133876605468,4.864043712615967,520400
1989-11-08,4.8916862632046225,5.016051168201351,4.8916862632046225,4.933141231536865,262800
1989-11-09,4.933139377765442,4.946957695350219,4.919321060180664,4.919321060180664,186800
1989-11-10,4.905502424699389,4.933139058077977,4.877865791320801,4.877865791320801,199600
1989-11-13,4.9055030686514725,4.9055030686514725,4.822593157632011,4.836411476135254,57200
1989-11-14,4.808769863705302,4.808769863705302,4.725860038469004,4.7534966468811035,214800
1989-11-15,4.7396801088316645,4.808771655607636,4.698225180766081,4.794953346252441,200400
1989-11-16,4.822590491675228,4.822590491675228,4.739680626488834,4.781135559082031,84800
1989-11-17,4.836413087979169,4.9055047035217285,4.822594764870657,4.9055047035217285,561600
1989-11-20,4.877865531591064,4.960775427312159,4.836410583730517,4.946957111358643,274000
1989-11-21,4.960774227278948,5.016047477722168,4.960774227278948,5.016047477722168,119600
1989-11-22,5.029866493266561,5.085139751434326,5.002229864182679,5.085139751434326,287200
1989-11-24,5.057506149639713,5.154234409332275,5.057506149639713,5.154234409332275,160800
1989-11-27,5.112777024029411,5.168050289154053,5.112777024029411,5.168050289154053,215200
1989-11-28,5.195685195922851,5.278595066070557,5.154230260848999,5.250958442687988,391600
1989-11-29,5.223326206207275,5.250962852800964,5.195689559613586,5.223326206207275,501200
1989-11-30,5.2233235542786955,5.237141870559856,5.168050289154053,5.168050289154053,162000
1989-12-01,5.195685386657716,5.209503698856273,5.1680487622606,5.195685386657715,531600
1989-12-04,5.195685338594553,5.223321962736014,5.195685338594553,5.209503650665283,822800
1989-12-05,5.209507178261641,5.29241710682814,5.1956888568338915,5.278598785400391,622000
1989-12-06,5.278594447800758,5.416777548528526,5.278594447800758,5.292412757873535,800800
1989-12-07,5.29241357204762,5.29241357204762,5.140412137863485,5.195685386657715,896800
1989-12-08,5.195687343676885,5.306233882904053,5.195687343676885,5.306233882904053,511600
1989-12-11,5.306230930466726,5.33386754989624,5.250957691607698,5.33386754989624,346400
1989-12-12,5.333872071111389,5.347690392539139,5.278598785400391,5.278598785400391,443200
1989-12-13,5.250962852800964,5.264781176097809,5.223326206207275,5.223326206207275,518400
1989-12-14,5.195686921716374,5.195686921716374,5.112777024029411,5.168050289154053,133600
1989-12-15,5.195689559613586,5.278599499394654,5.195689559613586,5.223326206207275,762800
1989-12-18,5.209504860703663,5.209504860703663,5.071321707899852,5.140413284301758,501200
1989-12-19,5.098959183366332,5.126595818506528,4.864047784674657,5.0436859130859375,729600
1989-12-20,5.002229015877907,5.306231884246177,4.988410703679349,5.195685386657715,786800
1989-12-21,5.154234409332275,5.195689377771946,5.1404160865190525,5.154234409332275,411600
1989-12-22,5.154233568762191,5.154233568762191,5.126596927642822,5.126596927642822,663600
1989-12-26,5.112777024029411,5.195686921716374,5.112777024029411,5.168050289154053,78000
1989-12-27,5.209503650665283,5.223321962736014,5.181867026523823,5.209503650665283,146800
1989-12-28,5.195686090023812,5.264777660369873,5.195686090023812,5.264777660369873,225600
1989-12-29,5.2785972480972605,5.361507152517636,5.223323978483677,5.306233882904053,253600
1990-01-02,5.333872071111389,5.333872071111389,5.264780463972641,5.278598785400391,336800
1990-01-03,5.264781062135992,5.416782615111047,5.264781062135992,5.361509323120117,616800
1990-01-04,5.347687373911668,5.513507137443813,5.320050746656311,5.44441556930542,461600
1990-01-05,5.4858731100134985,5.679329592482488,5.4858731100134985,5.513509750366211,1068800
1990-01-08,5.513509977316554,5.5549649395520175,5.4582366943359375,5.4582366943359375,1777200
1990-01-09,5.444417696732741,5.472054334787222,5.389144420623779,5.389144420623779,636400
1990-01-10,5.361508145624278,5.416781425476074,5.361508145624278,5.416781425476074,432800
1990-01-11,5.402961838784529,5.527326689293636,5.402961838784529,5.499690055847168,460400
1990-01-12,5.513507775943297,5.513507775943297,5.389142938891944,5.402961254119873,164400
1990-01-15,5.361505079639051,5.361505079639051,5.278595207273498,5.347686767578125,225600
1990-01-16,5.320050746656311,5.499688823816134,5.292414119400953,5.44441556930542,609200
1990-01-17,5.444416368037687,5.527326261967195,5.430598052382769,5.485871315002441,366400
1990-01-18,5.4582345150315845,5.4582345150315845,5.402961254119873,5.402961254119873,651600
1990-01-19,5.402961421072933,5.485871315002441,5.402961421072933,5.485871315002441,268400
1990-01-22,5.47205320751394,5.47205320751394,5.389143310430396,5.430598258972168,166000
1990-01-23,5.483756681885382,5.539713382720947,5.483756681885382,5.539713382720947,731600
1990-01-24,5.469767506676491,5.581680908347621,5.427799981049817,5.539713382720947,715200
1990-01-25,5.539715616326584,5.595672339723822,5.539715616326584,5.581683158874512,682400
1990-01-26,5.567694083723442,5.595672445953208,5.287910461425782,5.287910461425781,659600
1990-01-29,5.25992909793196,5.25992909793196,4.868232250213623,4.868232250213623,1720000
1990-01-30,4.896213145966226,4.896213145966226,4.518505274705974,4.602440357208252,1628800
1990-01-31,4.672384807041713,4.812276567731585,4.672384807041713,4.798287391662598,664000
1990-02-01,4.784297138280262,4.910199694550795,4.756318792442366,4.840253829956055,452400
1990-02-02,4.826267531220342,4.980148524969397,4.826267531220342,4.966159343719482,280800
1990-02-05,4.952166557312013,4.980144899443719,4.938177386246159,4.952166557312012,520000
1990-02-06,4.9241918945312495,4.9241918945312495,4.882224349975586,4.896213531494141,198800
1990-02-07,4.896213531494141,4.896213531494141,4.854245986938476,4.896213531494141,228000
1990-02-08,4.952166514808421,5.120036566157859,4.952166514808421,5.0221123695373535,483200
1990-02-09,5.022117030489576,5.1060521340632175,5.022117030489576,5.092062950134277,108800
1990-02-12,5.036104138337034,5.078071672823176,4.994136603850892,5.0081257820129395,564400
1990-02-13,4.966159439086914,4.9941378021240235,4.896213531494141,4.896213531494141,424400
1990-02-14,4.868230170981828,4.896208505297816,4.8122735023498535,4.8122735023498535,420000
1990-02-15,4.8122754841181585,4.854243002875003,4.8122754841181585,4.840253829956055,334400
1990-02-16,4.85424389390864,4.93817894682925,4.85424389390864,4.910200595855713,717600
1990-02-20,4.896213531494141,4.9241918945312495,4.882224349975586,4.896213531494141,212400
1990-02-21,4.882222244882176,4.93817894682925,4.868233069395408,4.910200595855713,144000
1990-02-22,4.93817635151473,5.008122192187743,4.924187183380127,4.924187183380127,323600
1990-02-23,4.910199694550795,4.924188867469744,4.826264657037107,4.840253829956055,128400
1990-02-26,4.8262676239013675,4.896213531494141,4.812278442382812,4.896213531494141,42000
1990-02-27,4.924190713040656,5.0081257820129395,4.924190713040656,5.0081257820129395,325200
1990-02-28,4.980146812356037,5.203973635383274,4.980146812356037,5.148016929626465,460800
1990-03-01,5.148017613049749,5.148017613049749,5.134028434753418,5.134028434753418,219200
1990-03-02,5.162007480371194,5.162007480371194,5.120039939880372,5.120039939880371,410000
1990-03-05,5.120039256457088,5.16200679134608,5.106050078160757,5.134028434753418,172800
1990-03-06,5.134028434753418,5.148017613049749,5.120039256457088,5.134028434753418,71200
1990-03-07,5.16200590133667,5.16200590133667,5.148016725452289,5.16200590133667,104000
1990-03-08,5.148016725452289,5.16200590133667,5.148016725452289,5.16200590133667,124800
1990-03-09,5.134028434753418,5.16200679134608,5.134028434753418,5.134028434753418,164800
1990-03-12,5.134028434753418,5.148017613049749,5.120039256457088,5.134028434753418,137600
1990-03-13,5.12004062704844,5.134029809089556,5.092062262966208,5.106051445007324,176000
1990-03-14,5.1340277531872625,5.148016929626465,5.12003857674806,5.148016929626465,181200
1990-03-15,5.134028434753418,5.148017613049749,5.120039256457088,5.134028434753418,91200
1990-03-16,5.134029120043979,5.175996660534802,5.120039939880372,5.120039939880371,164400
1990-03-19,5.092062950134277,5.1060521340632175,5.078073766205337,5.092062950134277,33600
1990-03-20,5.0920588595808045,5.0920588595808045,5.008123823433868,5.078069686889648,245600
1990-03-21,5.078069096904691,5.106047439036397,4.924188215180306,4.952166557312012,741200
1990-03-22,4.93817894682925,4.952168122316019,4.896211420368945,4.910200595855713,136000
1990-03-23,4.882220701982747,4.952166557312013,4.882220701982747,4.952166557312012,352800
1990-03-26,4.966157708275184,4.994136061561242,4.938179354989127,4.980146884918213,78000
1990-03-27,4.994136061561242,5.022114414847299,4.9521685316321555,4.980146884918213,94000
1990-03-28,4.980146884918213,5.00812523820427,4.980146884918213,4.980146884918213,106400
1990-03-29,4.952166557312013,4.980144899443719,4.938177386246159,4.952166557312012,357200
1990-03-30,4.966158107377155,5.064082351747972,4.966158107377155,5.050093173980713,284400
1990-04-02,5.022114960174987,5.064082494661129,4.980147425688845,5.0081257820129395,124400
1990-04-03,5.0081231985915675,5.03610154048314,4.994134027645781,5.0221123695373535,204000
1990-04-04,5.036104704773122,5.078072243979565,4.9241912668892756,4.938180446624756,257200
1990-04-05,4.9241912668892756,4.966158806095718,4.9241912668892756,4.938180446624756,88800
1990-04-06,4.952166557312013,4.966155728377865,4.938177386246159,4.952166557312012,155200
1990-04-09,4.938181288262834,4.9661596525022835,4.8822245597839355,4.8822245597839355,70000
1990-04-10,4.88222244807652,4.88222244807652,4.78429821559361,4.798287391662598,160400
1990-04-11,4.7982863111992105,4.840253829956055,4.756318792442366,4.840253829956055,577200
1990-04-12,4.854241342707114,4.93817635151473,4.826263006437909,4.924187183380127,359600
1990-04-16,4.952167132669244,5.120037204963117,4.952167132669244,5.078069686889648,237600
1990-04-17,5.064081944776385,5.078071121419414,4.980146884918213,4.980146884918213,80000
1990-04-18,4.994137706219311,5.078072793718795,4.966159343719482,4.966159343719482,254000
1990-04-19,4.938178115877612,4.938178115877612,4.868232250213623,4.868232250213623,122800
1990-04-20,4.86823537766421,4.8822245597839355,4.812278649185312,4.8822245597839355,175600
1990-04-23,4.854243002875003,4.854243002875003,4.8122754841181585,4.840253829956055,144400
1990-04-24,4.902967929840089,4.902967929840089,4.874462302341018,4.902967929840088,396800
1990-04-25,4.902967929840089,4.917220743589623,4.8887151160905535,4.902967929840088,22800
1990-04-26,4.917220743589623,4.917220743589623,4.874462302341018,4.902967929840088,412000
1990-04-27,4.88871461275386,4.931473049600104,4.845956175907617,4.860208988189697,62400
1990-04-30,4.9314721544469124,4.945724964141846,4.874460915667179,4.945724964141846,518000
1990-05-01,4.959978314364599,5.031242370605469,4.959978314364599,5.031242370605469,237200
1990-05-02,5.074001833878828,5.2022771611398095,5.074001833878828,5.159518718719482,598800
1990-05-03,5.173771230729072,5.202276857344659,5.173771230729072,5.188024044036865,510000
1990-05-04,5.216528450570456,5.287792500441636,5.216528450570456,5.259286880493164,659200
1990-05-07,5.259288656168265,5.316299915313721,5.259288656168265,5.316299915313721,391600
1990-05-08,5.316300239154999,5.33055305480957,5.287794607845857,5.33055305480957,172000
1990-05-09,5.316301502207274,5.330554321248044,5.302048683166504,5.302048683166504,376400
1990-05-10,5.302047475511038,5.4730812650436516,5.302047475511038,5.458828449249268,132800
1990-05-11,5.473079237827035,5.5728489114332564,5.473079237827035,5.515837669372559,171200
1990-05-14,5.50158559377469,5.672619342803955,5.50158559377469,5.672619342803955,172400
1990-05-15,5.615610443791257,5.658368898947028,5.615610443791257,5.629863262176514,103200
1990-05-16,5.629863262176514,5.644116080561771,5.601357625406,5.629863262176514,77200
1990-05-17,5.658367156982422,5.686872784977296,5.644114342984985,5.658367156982422,68000
1990-05-18,5.644114971160889,5.672620602328368,5.644114971160889,5.644114971160889,44000
1990-05-21,5.644114342984985,5.672619970979858,5.629861528987548,5.658367156982422,196800
1990-05-22,5.658367156982422,5.686872784977296,5.629861528987548,5.658367156982422,185600
1990-05-23,5.629861528987548,5.658367156982422,5.629861528987548,5.658367156982422,47600
1990-05-24,5.658367786744628,5.672620602328368,5.629862155577149,5.644114971160889,141600
1990-05-25,5.615608093127533,5.672619342803955,5.615608093127533,5.672619342803955,120400
1990-05-29,5.644112949371339,5.729629812240601,5.615607328414917,5.70112419128418,436800
1990-05-30,5.701127354102799,5.701127354102799,5.629863262176514,5.629863262176514,118800
1990-05-31,5.615610748682267,5.644116387000451,5.558599472045898,5.558599472045898,210800
1990-06-01,5.587102356352337,5.6156079806194406,5.473079859283922,5.501585483551025,157200
1990-06-04,5.501586157952428,5.572850227355956,5.473080530191016,5.572850227355957,337600
1990-06-05,5.572848614199915,5.587101423954902,5.530090184934954,5.544342994689941,606800
1990-06-06,5.572848614199915,5.572848614199915,5.544342994689941,5.544342994689941,87200
1990-06-07,5.544345262074711,5.644114971160889,5.544345262074711,5.644114971160889,211200
1990-06-08,5.644115107400077,5.644115107400077,5.587103843688965,5.587103843688965,46000
1990-06-11,5.558599170250229,5.629863262176514,5.544346351864972,5.629863262176514,340400
1990-06-12,5.629860905546638,5.701124967642166,5.587102468289323,5.672619342803955,353600
1990-06-13,5.67261913178311,5.829400062561034,5.644113508005305,5.829400062561035,544400
1990-06-14,5.815145718849311,5.929168183924788,5.800892910714877,5.886409759521484,233600
1990-06-15,5.857909996532699,5.886415641284683,5.829404351780715,5.872162818908691,126800
1990-06-18,5.82939973415113,5.857905356323018,5.786641300893298,5.8151469230651855,247600
1990-06-19,5.800894048083482,5.800894048083482,5.715377182509769,5.729629993438721,126000
1990-06-20,5.729629812240601,5.729629812240601,5.672618570327759,5.70112419128418,103200
1990-06-21,5.729629993438722,5.743882804367673,5.701124371580817,5.729629993438721,144800
1990-06-22,5.729632558049382,5.800896644592284,5.68687410612364,5.800896644592285,381200
1990-06-25,5.815146226149339,5.815146226149339,5.743882179260254,5.743882179260254,42400
1990-06-26,5.772388489807354,5.90066378958085,5.772388489807354,5.8151469230651855,310000
1990-06-27,5.815146985261336,5.914916663930035,5.815146985261336,5.90066385269165,256800
1990-06-28,5.9861820610571925,6.01468768991937,5.900665174470661,6.000434875488281,146400
1990-06-29,6.014685376187399,6.085949420928956,5.986179758290776,6.085949420928955,356000
1990-07-02,6.128710013002022,6.242732524871827,6.128710013002022,6.242732524871826,231200
1990-07-03,6.242733677406482,6.4137674767874815,6.242733677406482,6.356756210327148,799200
1990-07-05,6.371007292398384,6.442271356071744,6.328248854194368,6.385260105133057,917200
1990-07-06,6.356756210327148,6.4565259266327315,6.356756210327148,6.356756210327148,323200
1990-07-09,6.328250546888873,6.356756179982966,6.256986464153637,6.271239280700684,494000
1990-07-10,6.228479710888101,6.299743780806729,6.228479710888101,6.242732524871826,286400
1990-07-11,6.199973226976506,6.199973226976506,6.128709166896316,6.1429619789123535,421200
1990-07-12,6.142961681577405,6.1857201155559025,6.071697624946577,6.171467304229736,600800
1990-07-13,6.171470208114452,6.413768114668599,6.171470208114452,6.342504024505615,700000
1990-07-16,6.328250606503106,6.499284406678866,6.328250606503106,6.442273139953613,513200
1990-07-17,6.442270786159641,6.513534843528664,6.442270786159641,6.485029220581055,179200
1990-07-18,6.485030564981982,6.485030564981982,6.3139967918396,6.3139967918396,208800
1990-07-19,6.313997350737106,6.313997350737106,6.128710746765137,6.128710746765137,201600
1990-07-20,6.128708476751624,6.142961287162674,5.986180372641121,6.071697235107422,271200
1990-07-23,5.900666404228944,5.957677673835021,5.7011269606076755,5.929172039031982,352000
1990-07-24,5.992863147378825,6.036289691925049,5.963912117681343,6.036289691925049,661600
1990-07-25,6.036291340612016,6.137619972229004,6.021815821809589,6.137619972229004,604400
1990-07-26,6.282372040169261,6.3113230633958475,6.195518970489502,6.195518970489502,1092000
1990-07-27,6.224473085043566,6.224473085043566,6.10866893462415,6.137619972229004,145600
1990-07-30,6.137618612360072,6.267898252716772,6.079716549979317,6.253422737121582,347600
1990-07-31,6.253422639807876,6.456079854986835,6.224471609068025,6.383702278137207,275600
1990-08-01,6.354752887577432,6.354752887577432,6.282375292046938,6.325801849365234,301600
1990-08-02,6.3113246607226,6.3113246607226,6.209996053784393,6.224471569061279,124000
1990-08-03,6.195517597706497,6.195517597706497,5.934958446401084,5.978384971618652,871600
1990-08-06,5.819156815583568,5.848107844516821,5.703352699850562,5.804681301116943,802400
1990-08-07,5.80467908024788,5.848105607032776,5.7757280623912814,5.79020357131958,1212000
1990-08-08,5.790205924741683,5.8481079839891,5.790205924741683,5.833632469177246,257200
1990-08-09,5.833630098104478,5.848105607032776,5.790203571319581,5.79020357131958,406400
1990-08-10,5.790205786650317,5.8046813011169425,5.790205786650317,5.804681301116943,180800
1990-08-13,5.775727082447833,6.007335186004639,5.761251575975533,6.007335186004639,336000
1990-08-14,5.949436602832602,6.036289691925049,5.949436602832602,6.036289691925049,339200
1990-08-15,6.079717897019297,6.253424122648419,6.079717897019297,6.137619972229004,372400
1990-08-16,6.108663731310741,6.108663731310741,5.963908666587738,6.007335186004639,96800
1990-08-17,5.978390392747898,5.978390392747898,5.848110698959203,5.96391487121582,497200
1990-08-20,5.96391487121582,6.02181695734413,5.96391487121582,5.96391487121582,81600
1990-08-21,5.906007311237392,5.92048281935317,5.761252230079613,5.819154262542725,391200
1990-08-22,5.848108358718642,5.848108358718642,5.761255264282227,5.761255264282227,281200
1990-08-23,5.442793311873031,5.602023967273572,5.442793311873031,5.529646396636963,667200
1990-08-24,5.558597424891607,5.6309749955282165,5.529646396636963,5.529646396636963,194400
1990-08-27,5.6020242921651455,5.8191570166676705,5.6020242921651455,5.746779441833496,300400
1990-08-28,5.732303728783814,5.819156815583568,5.703352699850562,5.804681301116943,249200
1990-08-29,5.819156096799531,5.9928622489428,5.804680584120924,5.949435710906982,370000
1990-08-30,5.9494373487899,5.992863898781067,5.877059765471288,5.89153528213501,164800
1990-08-31,5.87706184387207,5.906012887437942,5.7902087131744535,5.87706184387207,253600
1990-09-04,5.8336297706585025,5.862580786890058,5.790203246311169,5.819154262542725,494800
1990-09-05,5.848110800306198,5.906012887437942,5.848110800306198,5.87706184387207,598000
1990-09-06,5.848108768463135,5.862584285216757,5.8336332517095135,5.848108768463135,180000
1990-09-07,5.83363069155637,5.906008243560791,5.83363069155637,5.906008243560791,416400
1990-09-10,5.934959577173359,5.963910599501034,5.906008554845684,5.9204840660095215,183600
1990-09-11,5.949439349683743,6.02181695734413,5.934963828151666,5.96391487121582,314400
1990-09-12,5.96391091230439,5.96391091230439,5.920484376535183,5.934959888458252,550000
1990-09-13,5.934961868984865,5.934961868984865,5.80468221820227,5.848108768463135,82000
1990-09-14,5.81915815671285,5.81915815671285,5.73230504989624,5.73230504989624,330400
1990-09-17,5.703349922493981,5.703349922493981,5.616496877988997,5.630972385406494,526800
1990-09-18,5.645450276713217,5.645450276713217,5.2111848708122,5.384891033172607,855200
1990-09-19,5.413842848095114,5.44279387936835,5.3559407855486425,5.399367332458496,923600
1990-09-20,5.428317573762709,5.428317573762709,5.355940006112539,5.384891033172607,418400
1990-09-21,5.399367537924913,5.399367537924913,5.341465473175048,5.341465473175049,455200
1990-09-24,5.283560481938449,5.2980359901081435,5.095378875732422,5.095378875732422,1128000
1990-09-25,5.0085280939590096,5.0085280939590096,4.863772946734761,4.97957706451416,1212000
1990-09-26,4.921675163199474,4.921675163199474,4.66111588985362,4.762444496154785,2184800
1990-09-27,4.733493047602036,4.733493047602036,4.34265417211196,4.429507255554199,959200
1990-09-28,4.342654041040723,4.646639823913574,4.28475198716018,4.646639823913574,685200
1990-10-01,4.690065493066627,4.834820600877325,4.690065493066627,4.8058695793151855,1428000
1990-10-02,4.892724519894447,4.907200036225495,4.63216522593557,4.690067291259766,1212800
1990-10-03,4.704541099560373,4.747967632787084,4.57426149988024,4.5887370109558105,384800
1990-10-04,4.617688033106951,4.661114566333662,4.545310477729099,4.5887370109558105,578400
1990-10-05,4.530834659882124,4.588736700264004,4.082093846922552,4.154471397399902,2084400
1990-10-08,4.125522441797323,4.197900028495521,3.9952427857405652,4.139997959136963,967600
1990-10-09,4.082094222979438,4.082094222979438,3.821535017257346,3.8504860401153564,679600
1990-10-10,3.8504860401153564,3.8794370629733663,3.72020643725431,3.8504860401153564,2301200
1990-10-11,3.8794370629733663,3.951814620118392,3.836010528686351,3.8504860401153564,658400
1990-10-12,3.8504872322082515,3.9662913594927103,3.8504872322082515,3.9518158435821533,488800
1990-10-15,3.9807662689428533,4.053143837469087,3.922864214121866,4.024192810058594,624400
1990-10-16,4.009715076855251,4.082092605318342,3.9952395711626325,4.0531415939331055,477200
1990-10-17,4.024192592553924,4.183423234705339,4.024192592553924,4.125521183013916,820800
1990-10-18,4.125519566616769,4.270274639129639,4.125519566616769,4.270274639129639,488400
1990-10-19,4.37160519992604,4.545311366810518,4.37160519992604,4.429507255554199,506800
1990-10-22,4.429506732867314,4.516359806060791,4.429506732867314,4.516359806060791,623200
1990-10-23,4.7291726059054735,4.788287263479292,4.6848366127251095,4.758729934692383,1412000
1990-10-24,4.7291736113719445,4.7291736113719445,4.6109442710876465,4.6109442710876465,335200
1990-10-25,4.670060139197808,4.699617481850958,4.551830768585205,4.551830768585205,346800
1990-10-26,4.551827763402184,4.551827763402184,4.433598470846284,4.4483771324157715,320400
1990-10-29,4.448377279771699,4.448377279771699,4.226697348886066,4.25625467300415,644400
1990-10-30,4.256255227166253,4.389263203015199,4.211919235216604,4.374484539031982,202400
1990-10-31,4.3892653462004985,4.404044017399827,4.315371990203857,4.315371990203857,215200
1990-11-01,4.344927697103532,4.522271684740411,4.300591700194312,4.507493019104004,338000
1990-11-02,4.507493234449817,4.67005856421686,4.492714568107359,4.581386566162109,372400
1990-11-05,4.610943145751953,4.832623104682336,4.610943145751953,4.803065776824951,1054400
1990-11-06,4.8178440111654774,4.921294649442037,4.7882866859436035,4.7882866859436035,622400
1990-11-07,4.788287848234177,4.788287848234177,4.699615851044655,4.729173183441162,388400
1990-11-08,4.699616271758748,4.74395227432251,4.699616271758748,4.74395227432251,275200
1990-11-09,4.729172035499856,4.803065348554541,4.729172035499856,4.7882866859436035,623200
1990-11-12,4.758731402772845,4.906518092299953,4.758731402772845,4.876960754394531,1189200
1990-11-13,4.8621820854418205,4.906518092299953,4.832624747536399,4.876960754394531,328800
1990-11-14,4.936073631490374,4.99518828575972,4.936073631490374,4.980409622192383,288400
1990-11-15,4.9360755767141065,4.965632915496826,4.906518237931388,4.965632915496826,175600
1990-11-16,4.965631260252431,4.995188589182505,4.862180608997172,4.891737937927246,154000
1990-11-19,4.876960899148669,4.980411584888186,4.876960899148669,4.965632915496826,269200
1990-11-20,4.965630909394935,5.069081553340663,4.965630909394935,4.995188236236572,397200
1990-11-21,4.995189137866715,5.024746470043441,4.995189137866715,5.009967803955078,529600
1990-11-23,4.995189137866715,5.024746470043441,4.995189137866715,5.009967803955078,113600
1990-11-26,4.980409572815754,5.00996689965739,4.936073582553298,4.995188236236572,262400
1990-11-27,5.098640529072515,5.3498778884760885,5.098640529072515,5.335099220275879,466800
1990-11-28,5.3942127738680155,5.468106099537441,5.349876778466361,5.379434108734131,1034800
1990-11-29,5.349876880645752,5.379434211478049,5.305540884397306,5.349876880645752,1039600
1990-11-30,5.349874723525275,5.586333274841309,5.335096064068023,5.586333274841309,459600
1990-12-03,5.601113221776767,5.645449210339644,5.527219907505306,5.630670547485352,452800
1990-12-04,5.615891644374077,5.734120942150374,5.5715556577079655,5.704563617706299,535200
1990-12-05,5.719343826060986,5.82279448958147,5.719343826060986,5.808015823364258,744400
1990-12-06,5.911464740194208,5.955800725745664,5.719342136137896,5.748899459838867,616400
1990-12-07,5.748901158495411,5.82279448958147,5.748901158495411,5.808015823364258,541200
1990-12-10,5.793238162994386,5.808016831777534,5.763680825428088,5.793238162994385,208800
1990-12-11,5.79323971088116,5.808018383613,5.7636823654174805,5.7636823654174805,294000
1990-12-12,5.7636823654174805,5.77846103814932,5.660231656294603,5.7636823654174805,126400
1990-12-13,5.778457512458166,5.778457512458166,5.615892211596171,5.675006866455078,112000
1990-12-14,5.64544999440511,5.66022865931193,5.527220675150553,5.541999340057373,78000
1990-12-17,5.542000401115929,5.542000401115929,5.4828857301706915,5.5124430656433105,192000
1990-12-18,5.512442905852136,5.586336242391709,5.497664238544221,5.556778907775879,241200
1990-12-19,5.571556669871012,5.571556669871012,5.512442010243734,5.541999340057373,79600
1990-12-20,5.5124430656433105,5.556779068852237,5.4828857301706915,5.5124430656433105,266000
1990-12-21,5.497664451599122,5.54200045524105,5.497664451599122,5.497664451599121,124000
1990-12-24,5.497663870214779,5.541999869168124,5.497663870214779,5.527221202850342,51600
1990-12-26,5.512442010243734,5.556778004964193,5.512442010243734,5.541999340057373,54800
1990-12-27,5.5420002404679645,5.55677890777588,5.512442905852136,5.556778907775879,147200
1990-12-28,5.5272223781894985,5.542001047649898,5.4681077003478995,5.4681077003479,233600
1990-12-31,5.497664397907001,5.5124430656433105,5.423771059225455,5.5124430656433105,264400
1991-01-02,5.468106015523275,5.541999340057373,5.468106015523275,5.541999340057373,85200
1991-01-03,5.541998985385107,5.541998985385107,5.364655017852783,5.364655017852783,179200
1991-01-04,5.3646555460619005,5.3646555460619005,5.290762218981158,5.349876880645752,124400
1991-01-07,5.231646348690164,5.231646348690164,5.113417052674567,5.142974376678467,156800
1991-01-08,5.1134161949157715,5.142973513961527,5.098637535392893,5.1134161949157715,237600
1991-01-09,5.1429754498978735,5.408991421444315,5.1429754498978735,5.246426105499268,893200
1991-01-10,5.24642472213271,5.349875350456454,5.2316460609436035,5.2316460609436035,144000
1991-01-11,5.261203232690993,5.290760554222965,5.1134166250311335,5.128195285797119,146400
1991-01-14,5.098639111477154,5.098639111477154,5.024745791020964,5.069081783294678,281200
1991-01-15,5.0690842045995295,5.0690842045995295,4.906518821944734,4.9360761642456055,411600
1991-01-16,4.93607288176885,5.231646108222075,4.906515559123528,5.216867446899414,424000
1991-01-17,5.438551121541898,5.468108464593756,5.379436435438182,5.394215106964111,750000
1991-01-18,5.379433351092868,5.394212014145321,5.320318698883057,5.320318698883057,193600
1991-01-21,5.305540035830604,5.320318698883057,5.261204046673245,5.320318698883057,179200
1991-01-22,5.416615009307861,5.446707314915127,5.401568856504229,5.416615009307861,446000
1991-01-23,5.446708131622482,5.506892751861404,5.431661976562752,5.476800441741943,647600
1991-01-24,5.506891939091809,5.657353467482296,5.506891939091809,5.627261161804199,199600
1991-01-25,5.657350489702174,5.762673504138118,5.627258199863332,5.687442779541016,140400
1991-01-28,5.6573502452103135,5.83790397644043,5.6573502452103135,5.83790397644043,280800
1991-01-29,5.867996264978783,5.928180842055488,5.83790397644043,5.83790397644043,103600
1991-01-30,5.837904640905242,6.003412246704102,5.837904640905242,6.003412246704102,318000
1991-01-31,5.988367124562114,6.259197798537285,5.973320976007937,6.214059352874756,305200
1991-02-01,6.244153367591076,6.319384131056029,6.183968756819113,6.304337978363037,718800
1991-02-04,6.274243086785845,6.43975069818787,6.2591969402947525,6.424704551696777,572800
1991-02-05,6.439754430112128,6.740677534322975,6.439754430112128,6.665446758270264,518400
1991-02-06,6.635355795099494,6.7256327446926845,6.590217320302899,6.695540428161621,426800
1991-02-07,6.770768862659649,7.282338065616155,6.770768862659649,7.1017842292785645,1902800
1991-02-08,7.071691578270023,7.071691578270023,6.936276207622299,7.041599273681641,691600
1991-02-11,6.966368735566432,7.523076388300682,6.921230277236628,7.372614860534668,989200
1991-02-12,7.387663478734064,7.5832635301058415,7.342525005340576,7.342525005340576,806400
1991-02-13,7.282337510636084,7.327475966280522,7.011506776769452,7.131875991821289,424400
1991-02-14,7.161968231201172,7.222152838186056,7.13187592770873,7.161968231201172,322800
1991-02-15,7.131881451606751,7.2522507588068645,7.131881451606751,7.222158432006836,366400
1991-02-19,7.1920628179339126,7.342524383162655,7.101785878796667,7.207108974456787,361600
1991-02-20,7.192061458243764,7.207107611922098,7.161969150887095,7.17701530456543,477200
1991-02-21,7.161968558642998,7.161968558642998,6.981414729433511,7.011507034301758,202800
1991-02-22,6.951321821946364,6.996460275335626,6.800860310648824,6.845998764038086,1467600
1991-02-25,6.891137730182531,6.921230034681145,6.770768512188076,6.830953121185303,286000
1991-02-26,6.80086170386405,6.80086170386405,6.650400161743164,6.650400161743164,380000
1991-02-27,6.665446178795511,6.71058464050293,6.6203077170880915,6.71058464050293,397200
1991-02-28,6.7105852386407685,6.891139101563839,6.6804929281535905,6.86104679107666,396000
1991-03-01,6.891137750739725,7.071691578270023,6.830953141562959,7.041599273681641,389200
1991-03-04,7.07169138429537,7.207106751228686,6.9814144730064935,7.131875991821289,337600
1991-03-05,7.161968231201172,7.222152838186056,7.116829775962509,7.161968231201172,220800
1991-03-06,7.20710853353205,7.20710853353205,7.131877755520233,7.1920623779296875,357200
1991-03-07,7.1920605346936135,7.1920605346936135,7.101783624216289,7.161968231201172,74800
1991-03-08,7.116828050004676,7.16196649429646,7.026551161421107,7.071689605712891,264800
1991-03-11,7.0415993391700065,7.101783948906502,6.951322424565263,7.011507034301758,69600
1991-03-12,7.011504362351495,7.0716889491527954,6.891135188748894,6.906181335449219,512800
1991-03-13,6.93627653580045,6.951322688806525,6.891138076782226,6.891138076782227,60000
1991-03-14,6.891136053836707,6.9814129453716856,6.891136053836707,6.951320648193359,337200
1991-03-15,6.95132269899724,7.161968841391095,6.921230392940974,7.1017842292785645,304400
1991-03-18,7.101783948906502,7.101783948906502,6.891137814828767,7.011507034301758,229200
1991-03-19,6.981416261479356,7.011508572951249,6.921231638535568,6.966370105743408,230800
1991-03-20,6.951321065425873,7.026551812887192,6.921228766441345,6.9814133644104,384400
1991-03-21,7.0115081994429875,7.0265543543774145,6.876092805033145,6.921231269836426,469600
1991-03-22,6.981415005053504,7.116830382306698,6.981415005053504,7.1017842292785645,479600
1991-03-25,7.10178368805833,7.207106751228686,7.08673753617685,7.131875991821289,550800
1991-03-26,7.131875707496027,7.342521825438948,7.071691102369479,7.267291069030762,1024000
1991-03-27,7.3425176682010775,7.462886810302734,7.312425382675663,7.462886810302734,571200
1991-03-28,7.492982211567107,7.67353599979764,7.462889913528685,7.583259105682373,321200
1991-04-01,7.613351403720795,7.613351403720795,7.432797615490263,7.583259105682373,303600
1991-04-02,7.5832618860098036,7.869138822188744,7.553169576938336,7.824000358581543,307600
1991-04-03,7.778861286985966,7.944368973943114,7.778861286985966,7.88418436050415,442400
1991-04-04,7.884181746862884,8.064735527325393,7.823997153375382,8.00455093383789,225200
1991-04-05,8.064736306002592,8.185105504599646,8.004551706704065,8.094828605651855,235600
1991-04-08,8.079784427116167,8.12492288760285,8.034645966629485,8.064738273620605,246000
1991-04-09,8.064739086009837,8.124923706054688,8.064739086009837,8.124923706054688,164800
1991-04-10,8.124926365843606,8.230249485400838,8.094834045970112,8.200157165527344,180800
1991-04-11,8.23024562339643,8.305476387778482,8.17006101189079,8.21519947052002,794000
1991-04-12,8.24529177627284,8.24529177627284,8.139968706137967,8.21519947052002,143600
1991-04-15,8.18510913848877,8.18510913848877,8.139970668975044,8.18510913848877,230000
1991-04-16,8.155014038085938,8.185106340809503,8.094829432638809,8.155014038085938,294000
1991-04-17,8.155014038085938,8.185106340809503,8.064737129915246,8.155014038085938,333200
1991-04-18,8.124920905301119,8.155013204950382,8.079782455827225,8.094828605651855,158400
1991-04-19,8.064740121364594,8.064740121364594,7.703632354736327,7.703632354736328,282400
1991-04-22,7.673540983200073,7.673540983200073,7.372617807388306,7.5230793952941895,278800
1991-04-23,7.650382420015053,7.956397716815656,7.650382420015053,7.757487773895264,725600
1991-04-24,7.742186106459995,7.75748686951624,7.680983054235014,7.69628381729126,74000
1991-04-25,7.711582643712463,7.772785680567323,7.711582643712463,7.742184162139893,135200
1991-04-26,7.711578369140625,7.711578369140625,7.573871612548828,7.604473114013672,152800
1991-04-29,7.7421827659606945,7.772784278869629,7.650378227233888,7.650378227233887,538000
1991-04-30,7.680981125285032,7.742184162139893,7.619778088430171,7.742184162139893,545200
1991-05-01,7.711581654846668,7.956393770873547,7.711581654846668,7.833987712860107,404000
1991-05-02,7.956394152042984,8.048198699951172,7.895191120104192,8.048198699951172,252800
1991-05-03,8.078798290461808,8.140001307813792,8.078798290461808,8.094099044799805,117600
1991-05-06,8.04819582994824,8.140000345118752,7.956391314777727,8.124699592590332,81600
1991-05-07,8.094093286354124,8.094093286354124,7.971687338734401,8.017589569091797,62400
1991-05-08,8.01760067550125,8.01760067550125,7.864593029022218,7.864593029022217,81200
1991-05-09,7.879889550663176,7.910491063481285,7.680979717345465,7.711581230163574,111200
1991-05-10,7.650380590522431,7.7421851576087,7.619779068160342,7.6809821128845215,157600
1991-05-13,7.65037826785693,7.665679024392644,7.497370702499792,7.543272972106934,248800
1991-05-14,7.5432710628277855,7.589173320816596,7.527970310164849,7.558571815490723,48800
1991-05-15,7.527970805550013,7.558572312889647,7.4055647761914765,7.451467037200928,165200
1991-05-16,7.420866978094445,7.420866978094445,7.252558654879931,7.390265464782715,581600
1991-05-17,7.374962798852489,7.466767315020777,7.344361293463059,7.436165809631348,265200
1991-05-20,7.466773005894252,7.512675298963274,7.451472241537911,7.497374534606934,450000
1991-05-21,7.497370702499792,7.5891752417140745,7.482069945964078,7.543272972106934,261600
1991-05-22,7.558573643992267,7.772784233093262,7.558573643992267,7.772784233093262,134000
1991-05-23,7.8033843012471955,7.8798880689064825,7.788083547715338,7.818685054779053,75600
1991-05-24,7.849291673809803,8.002299308776855,7.849291673809803,8.002299308776855,74000
1991-05-28,7.925791729413546,8.017596266819881,7.925791729413546,7.956393241882324,83200
1991-05-29,7.925792753930185,7.941093512142406,7.803386688232422,7.803386688232422,199600
1991-05-30,7.772785680567323,7.8339887174221845,7.711582643712463,7.742184162139893,323600
1991-05-31,7.680975428564037,7.680975428564037,7.589170941370044,7.635073184967041,283200
1991-06-03,7.589179360654933,7.757487773895265,7.558577830974873,7.757487773895264,182800
1991-06-04,7.757483920158699,7.879889978070473,7.757483920158699,7.849288463592529,152400
1991-06-05,7.879890441894531,7.879890441894531,7.833988167475728,7.879890441894531,429200
1991-06-06,7.895190216944767,8.048197779288659,7.895190216944767,7.956393241882324,294400
1991-06-07,7.956394232592536,7.986995748871738,7.833988167475728,7.879890441894531,152000
1991-06-10,7.879893892615505,7.895194657455535,7.726886244215204,7.757487773895264,106400
1991-06-11,7.711579780056052,7.83398580831091,7.711579780056052,7.818685054779053,162000
1991-06-12,7.803385745821976,7.864588771279403,7.757483476728905,7.772784233093262,51600
1991-06-13,7.711584034977821,7.788087844848633,7.711584034977821,7.788087844848633,86800
1991-06-14,7.818685054779053,7.864587315374624,7.772782794183481,7.818685054779053,61200
1991-06-17,7.849288470111787,7.849288470111787,7.742183169350028,7.833987712860107,112400
1991-06-18,7.7727813720703125,7.818683624267578,7.58917236328125,7.619773864746094,188400
1991-06-19,7.589175224304199,7.6197767373054255,7.543272954802359,7.589175224304199,676000
1991-06-20,7.589176570002741,7.803387198994754,7.5585750515753105,7.742184162139893,107200
1991-06-21,7.711581253051759,7.803385791778565,7.650378227233888,7.650378227233887,116000
1991-06-24,7.619776754785502,7.619776754785502,7.527972215571219,7.543272972106934,138800
1991-06-25,7.543276827675956,7.543276827675956,7.4361714771815715,7.497374534606934,265200
1991-06-26,7.589175224304199,7.6197767373054255,7.527972198301746,7.589175224304199,300400
1991-06-27,7.68098385324738,7.895194558318024,7.68098385324738,7.864593029022217,254000
1991-06-28,7.83398580831091,7.986993343629483,7.742181287119767,7.818685054779053,156400
1991-07-01,7.788085441105068,7.925792256370187,7.726882412098348,7.833987712860107,195600
1991-07-02,7.742182720364548,7.87988952764376,7.742182720364548,7.772784233093262,168400
1991-07-03,7.7421851576087,7.7421851576087,7.650380590522431,7.6809821128845215,31600
1991-07-05,7.6503753662109375,7.711578369140625,7.58917236328125,7.619773864746094,39200
1991-07-08,7.650380590522431,7.7421851576087,7.589177545798251,7.6809821128845215,117200
1991-07-09,7.711581654846668,7.864589227363467,7.711581654846668,7.833987712860107,231600
1991-07-10,7.864592437306508,8.078803126260382,7.864592437306508,8.002299308776855,192000
1991-07-11,8.109396957341259,8.308306694030762,8.094096208365144,8.308306694030762,320800
1991-07-12,8.308308621098224,8.308308621098224,8.109398838272668,8.140000343322754,98800
1991-07-15,8.109403525143309,8.247110377457062,8.094102763775114,8.231809616088867,166000
1991-07-16,8.201206110174006,8.522522021206942,8.201206110174006,8.415416717529297,520000
1991-07-17,8.415421393277834,8.599030587312987,8.415421393277834,8.50722599029541,209200
1991-07-18,8.537820816040039,8.568422324341258,8.50721930773882,8.537820816040039,250800
1991-07-19,8.522522021206942,8.568424294211647,8.293010656183416,8.415416717529297,237600
1991-07-22,8.384819058708219,8.384819058708219,8.338916764591204,8.354217529296875,436000
1991-07-23,8.436876132753161,8.45241365785952,8.328113457008644,8.390263557434082,335200
1991-07-24,8.328109885707045,8.359184922594013,8.172734701272212,8.20380973815918,494000
1991-07-25,8.265956776155848,8.390256878052929,8.079506623310229,8.095044136047363,452800
1991-07-26,8.07950358837843,8.07950358837843,7.9552035331726065,7.955203533172607,40800
1991-07-29,7.830911591118974,7.8930616831119815,7.722148930131211,7.8619866371154785,1356400
1991-07-30,7.768763280382343,7.92413854598999,7.768763280382343,7.92413854598999,315600
1991-07-31,7.955210952466476,8.110586166381836,7.939673431074939,8.110586166381836,632000
1991-08-01,8.141659664385246,8.20380973815918,8.079509590611313,8.20380973815918,142800
1991-08-02,8.203811380393716,8.26596146660882,8.048436164855957,8.048436164855957,206800
1991-08-05,8.063973686409733,8.07951120796351,7.955211035533301,8.048436164855957,61600
1991-08-06,8.017356572361688,8.141656674258769,7.986281546887418,8.095044136047363,48000
1991-08-07,8.07950358837843,8.07950358837843,7.924128519371151,7.955203533172607,158400
1991-08-08,7.924136505570522,8.063974208610002,7.924136505570522,8.017361640930176,181600
1991-08-09,8.017363705354578,8.017363705354578,7.89306349286846,7.92413854598999,76000
1991-08-12,7.830909583754912,7.877522140801073,7.7532219886779785,7.7532219886779785,162000
1991-08-13,7.784290957264601,8.048428574576974,7.784290957264601,7.955203533172607,88400
1991-08-14,8.017361121748404,8.15719881573239,7.986286078640853,8.048436164855957,282000
1991-08-15,8.048432206454342,8.048432206454342,7.861982039509454,7.939669609069824,135200
1991-08-16,7.939674072228517,7.986286640167235,7.908599026936037,7.986286640167236,142400
1991-08-19,7.861986637115478,7.924136729108485,7.79983654512247,7.8619866371154785,161600
1991-08-20,7.8930585220426845,7.924133555594033,7.8930585220426845,7.908596038818359,83200
1991-08-21,8.017361821152093,8.048436866970512,7.877524114969208,7.893061637878418,494000
1991-08-22,7.87752103805542,7.87752103805542,7.830908487534382,7.87752103805542,333600
1991-08-23,7.846449114117226,7.8930616831119815,7.830911591118974,7.8619866371154785,205200
1991-08-26,7.86198189523485,7.893056922488743,7.799831840727065,7.830906867980957,110400
1991-08-27,7.799832913183398,7.799832913183398,7.6599952713135755,7.706607818603516,204000
1991-08-28,7.64446114830184,7.830911420211641,7.64446114830184,7.81537389755249,398400
1991-08-29,7.83090737331436,7.83090737331436,7.737682285536808,7.799832344055176,431600
1991-08-30,7.815375278019669,7.846450328826904,7.784300227212434,7.846450328826904,96400
1991-09-03,7.815370938164311,7.939671072369708,7.815370938164311,7.908596038818359,154000
1991-09-04,7.893061504289797,7.986286640167235,7.893061504289797,7.986286640167236,202800
1991-09-05,7.986288652233049,8.001826178793813,7.92413854598999,7.92413854598999,176800
1991-09-06,7.908597887992859,7.908597887992859,7.7687602043151855,7.7687602043151855,949200
1991-09-09,7.737682285536808,7.799832344055176,7.737682285536808,7.799832344055176,59600
1991-09-10,7.830907944710025,7.830907944710025,7.7066078186035165,7.706607818603516,218800
1991-09-11,7.706612373120858,7.76876247290409,7.675537323229241,7.691074848175049,78800
1991-09-12,7.675533327629896,7.675533327629896,7.6133832601996945,7.644458293914795,188800
1991-09-13,7.675530564240895,7.706605586768186,7.489080429077148,7.489080429077148,801600
1991-09-16,7.489080118986726,7.628917714569465,7.426930076505508,7.597842693328857,231600
1991-09-17,7.566770586033457,7.644458169052282,7.520158036222163,7.535695552825928,572400
1991-09-18,7.566771801838204,7.582309320938488,7.473546687236501,7.5201592445373535,190800
1991-09-19,7.489085115032432,7.551235198974609,7.442472552075798,7.551235198974609,217600
1991-09-20,7.551230161467943,7.613380203949161,7.535692650847639,7.597842693328857,311600
1991-09-23,7.6133866779139785,7.659999249411411,7.582311630249023,7.582311630249023,72000
1991-09-24,7.582306584127081,7.6289191246032715,7.551231557142954,7.6289191246032715,174800
1991-09-25,7.613385282916787,7.628922803902332,7.551235198974609,7.551235198974609,285600
1991-09-26,7.520158036222163,7.551233069429693,7.489083003014634,7.535695552825928,368800
1991-09-27,7.582308226484594,7.722145878202547,7.551233192769493,7.644458293914795,258000
1991-09-30,7.597845619240987,7.644458169052282,7.535695552825928,7.535695552825928,266000
1991-10-01,7.520161025459433,7.551236071019182,7.426935888780183,7.442473411560059,391200
1991-10-02,7.45800891165006,7.45800891165006,7.302633725990684,7.333708763122559,244800
1991-10-03,7.302636070333857,7.302636070333857,7.16279835834874,7.193873405456543,296400
1991-10-04,7.209408362874521,7.380321061132323,7.178333326827648,7.349246025085449,569600
1991-10-07,7.349245965724089,7.644458805784888,7.333708447826152,7.613383769989014,402800
1991-10-08,7.551233742765324,7.799834030592988,7.551233742765324,7.78429651260376,523600
1991-10-09,7.830906867980957,7.955206976996529,7.784294327100119,7.830906867980957,726400
1991-10-10,7.8930585220426845,7.924133555594033,7.830908454939986,7.908596038818359,298800
1991-10-11,7.8930616831119815,7.9085992061102335,7.815374068120722,7.8619866371154785,137600
1991-10-14,7.861986415330754,8.032899163490118,7.8309113702108695,8.017361640930176,590000
1991-10-15,8.01736308506557,8.20381338936942,8.01736308506557,8.157200813293457,376800
1991-10-16,8.172738821765458,8.452414294753629,8.172738821765458,8.297039031982422,258400
1991-10-17,8.29703503409348,8.29703503409348,8.203809921350855,8.250422477722168,134800
1991-10-18,8.265963616309227,8.390263821065757,8.265963616309227,8.374726295471191,102400
1991-10-21,8.421330741441894,8.421330741441894,8.328105677883496,8.343643188476562,64000
1991-10-22,8.427613873979938,8.45917797088623,8.396049777073646,8.45917797088623,384000
1991-10-23,8.648558287249767,8.74325053127075,8.616994205909439,8.727468490600586,1053200
1991-10-24,8.74325152355082,8.74325152355082,8.522302929092856,8.585431098937988,612800
1991-10-25,8.58542920246777,8.648557358368269,8.269788422965279,8.301352500915527,280800
1991-10-28,8.332915943073775,8.396044094157668,8.332915943073775,8.364480018615723,529200
1991-10-29,8.396039817644203,8.71168041229248,8.396039817644203,8.71168041229248,363200
1991-10-30,8.711683585427023,8.743247656388716,8.664337478984486,8.680119514465332,494400
1991-10-31,8.774811727350409,8.774811727350409,8.64855544350364,8.680119514465332,366800
1991-11-01,8.71168199598032,8.743246061183147,8.680117930777492,8.695899963378906,225200
1991-11-04,8.711687438628253,8.711687438628253,8.522302929092856,8.585431098937988,240000
1991-11-05,8.61699108410907,8.806375503540039,8.585427014203908,8.806375503540039,757600
1991-11-06,8.837940870579235,9.153581615957066,8.790594758772562,9.10623550415039,1399600
1991-11-07,9.390309047698974,9.53234733581543,9.358744983673095,9.469219207763672,1121600
1991-11-08,9.469221742361183,9.469221742361183,9.248273235039424,9.40609359741211,530400
1991-11-11,9.4060910414365,9.4060910414365,9.311398849744187,9.374526977539062,593200
1991-11-12,9.390309351343774,9.532347644053175,9.358745286297241,9.437655448913574,307200
1991-11-13,9.469228905516786,9.753305772682289,9.40610071281334,9.721741676330566,285200
1991-11-14,9.78486790917694,9.847996089236146,9.753303819147337,9.816431999206543,552000
1991-11-15,9.784864117817554,9.80064615671726,9.469223339823438,9.485005378723145,299200
1991-11-18,9.500784486633925,9.532348554695833,9.248271942138672,9.248271942138672,327200
1991-11-19,9.248274485270183,9.374530792236328,9.027325948079428,9.18514633178711,321600
1991-11-20,9.185147949032016,9.232494072480636,8.964199372938463,9.027327537536621,514800
1991-11-21,9.027327521037066,9.216712014485395,9.027327521037066,9.12201976776123,243200
1991-11-22,9.153579737952953,9.27983601020058,9.09045160182914,9.248271942138672,219600
1991-11-25,9.248271942138672,9.295618044231531,9.153579737952953,9.248271942138672,229600
1991-11-26,9.342962913641625,9.390309009487781,9.279834785846749,9.374526977539062,200400
1991-11-27,9.374533638882278,9.453443854697785,9.374533638882278,9.421879768371582,76800
1991-11-29,9.453441297791935,9.627043725631186,9.406095181108503,9.579697608947754,157600
1991-12-02,9.500788688659668,9.563916852703919,9.437660524615417,9.500788688659668,420800
1991-12-03,9.500788993961347,9.690173492179845,9.500788993961347,9.56391716003418,202000
1991-12-04,9.595480934726044,9.595480934726044,9.469224606637543,9.500788688659668,312800
1991-12-05,9.500783233128814,9.500783233128814,9.311398849744187,9.374526977539062,182800
1991-12-06,9.31140677835824,9.469227232228718,9.295624732971191,9.295624732971191,285200
1991-12-09,9.295618044231531,9.374528214386299,9.216707874076766,9.248271942138672,968400
1991-12-10,9.216706905724868,9.2482709704705,9.153578776233601,9.20092487335205,149600
1991-12-11,9.216707213199898,9.232489246099213,9.153579081602638,9.169361114501953,164400
1991-12-12,9.216711360572749,9.311403600578634,9.216711360572749,9.23249340057373,293600
1991-12-13,9.216708183288574,9.295618356090703,9.216708183288574,9.216708183288574,386000
1991-12-16,9.248278286992287,9.390316690717425,9.185150107558892,9.279842376708984,435200
1991-12-17,9.311398849744187,9.390309009487781,9.279834785846749,9.374526977539062,298400
1991-12-18,9.374527318820506,9.437655448913574,9.342963253773974,9.437655448913574,126000
1991-12-19,9.421873111724853,9.53234733581543,9.421873111724853,9.469219207763672,300800
1991-12-20,9.469224606637543,9.563916852703919,9.45344256562648,9.500788688659668,231600
1991-12-23,9.500788993961347,9.595481243070596,9.46922491092493,9.56391716003418,282000
1991-12-24,9.563921735836908,9.879562717217665,9.532357637698833,9.84799861907959,216800
1991-12-26,9.879556646872693,10.037377040592704,9.84799256812869,10.021595001220703,69200
1991-12-27,10.037377037598421,10.100505195067594,9.879556643925492,10.068941116333008,621200
1991-12-30,10.068941113357425,10.132069270807941,10.005812955906908,10.116287231445312,959200
1991-12-31,10.068937663678769,10.226758003234863,9.926899358078286,10.226758003234863,654000
1992-01-02,10.100505195067594,10.22676151000594,9.847992565190905,10.068941116333008,350400
1992-01-03,10.03737863606835,10.195199054874456,9.863776175381634,10.005814552307129,348400
1992-01-06,9.942683544787732,10.100503918514521,9.942683544787732,10.053157806396484,668800
1992-01-07,9.99003706070093,10.068947306046118,9.84799861907959,9.84799861907959,396400
1992-01-08,9.863773360848427,10.195196145772934,9.863773360848427,10.100503921508789,553600
1992-01-09,10.100497607118594,10.195189772185332,10.100497607118594,10.163625717163086,760400
1992-01-10,10.1636333495332,10.258325585708976,10.100505192082682,10.116287231445312,383200
1992-01-13,10.116287234434887,10.147851313169474,10.037377037598421,10.068941116333008,148400
1992-01-14,10.037378963035872,10.132071217404135,9.911122623878189,9.974250793457031,320800
1992-01-15,9.974248880129249,10.17941539190406,9.974248880129249,10.068941116333008,205600
1992-01-16,10.068941742228127,10.147851943969727,10.037377661531487,10.147851943969727,192400
1992-01-17,10.163632071018219,10.179414108395576,10.068939846754073,10.100503921508789,282800
1992-01-20,10.163632380577825,10.163632380577825,9.753299396268783,9.784863471984863,170400
1992-01-21,9.853973247386792,10.013940345558655,9.502045631408691,9.502045631408691,628000
1992-01-22,9.502040226228775,9.981941247755481,9.406060021923434,9.917954444885254,646800
1992-01-23,9.917956503811261,9.917956503811261,9.662009239196777,9.662009239196777,164000
1992-01-24,9.662014520841579,9.75799479753868,9.614024382493028,9.630021095275879,240400
1992-01-27,9.63001294229545,9.885960130130544,9.63001294229545,9.789979934692383,194800
1992-01-28,9.821973333171771,9.885960130130544,9.789979934692383,9.789979934692383,234400
1992-01-29,9.789985431977067,10.013939347087653,9.773988723754883,9.773988723754883,218400
1992-01-30,9.837972445566146,9.853969148729668,9.72599552342149,9.757988929748535,135600
1992-01-31,9.75798946342721,9.78998287150402,9.598022423043156,9.662009239196777,174000
1992-02-03,9.630019570651807,9.72599983215332,9.598026150151302,9.72599983215332,360800
1992-02-04,9.694004906893554,9.853971984565064,9.694004906893554,9.821978569030762,170400
1992-02-05,9.837970941297469,9.949947846320368,9.7899808391448,9.917954444885254,416800
1992-02-06,9.917956503811261,9.917956503811261,9.58202571900475,9.662009239196777,2351200
1992-02-07,9.693999739254222,9.821973333171771,9.693999739254222,9.789979934692383,745200
1992-02-10,9.78998667315433,9.80598338340458,9.72599983215332,9.72599983215332,431600
1992-02-11,9.725991026293329,9.725991026293329,9.502037285556312,9.518033981323242,194800
1992-02-12,9.518037536072493,9.582024343037686,9.518037536072493,9.566027641296387,248400
1992-02-13,9.598017460157891,9.598017460157891,9.422053806721662,9.518033981323242,283600
1992-02-14,9.470046764702966,9.470046764702966,9.342073159774548,9.454050064086914,580400
1992-02-18,9.566027310159471,9.598020712534586,9.214099884033203,9.214099884033203,382800
1992-02-19,9.214099884033203,9.262089987595875,9.214099884033203,9.214099884033203,296800
1992-02-20,9.246096465547206,9.438056945800781,9.246096465547206,9.438056945800781,514000
1992-02-21,9.406059962238757,9.454050064086914,9.3580698603906,9.454050064086914,548800
1992-02-24,9.454050064086914,9.502040165935071,9.454050064086914,9.454050064086914,321200
1992-02-25,9.502043085569419,9.51803979110068,9.358072735788063,9.390066146850586,196800
1992-02-26,9.438057094296783,9.502043922054726,9.24609661102295,9.24609661102295,705200
1992-02-27,9.246094012053117,9.32607752426811,9.166110499838124,9.198103904724121,502800
1992-02-28,9.16610972848657,9.422056946035934,9.16610972848657,9.342073440551758,538400
1992-03-02,9.342078533236828,9.534039051043065,9.342078533236828,9.502045631408691,140400
1992-03-03,9.502045631408691,9.566032470677436,9.470052211774318,9.502045631408691,268400
1992-03-04,9.470048866015953,9.566029091009359,9.438055457684818,9.534035682678223,424000
1992-03-05,9.502038021543326,9.534031415555257,9.374064445495605,9.374064445495605,280800
1992-03-06,9.374067075028378,9.3900637765216,9.310080269055488,9.358070373535156,376000
1992-03-09,9.310081710946294,9.34207511888769,9.294085006975596,9.326078414916992,191600
1992-03-10,9.278086636164417,9.374066842745428,9.278086636164417,9.342073440551758,123400
1992-03-11,9.310081900382528,9.438055534752047,9.278088491790148,9.406062126159668,166400
1992-03-12,9.438054027366,9.598021044778983,9.438054027366,9.566027641296387,154800
1992-03-13,9.598022499340493,9.662009316002763,9.470048866015953,9.534035682678223,94600
1992-03-16,9.566029014966347,9.662009239196777,9.566029014966347,9.662009239196777,100400
1992-03-17,9.640160173472792,9.73656177520752,9.447356970003336,9.73656177520752,115600
1992-03-18,9.768695642452428,9.768695642452428,9.640160173472792,9.73656177520752,239800
1992-03-19,9.768695642452428,9.768695642452428,9.70442790796261,9.73656177520752,114800
1992-03-20,9.768688625759548,9.768688625759548,9.41521633995904,9.54375171661377,552400
1992-03-23,9.543751927830229,9.672287307329626,9.47948423808053,9.575885772705078,287200
1992-03-24,9.575892438982972,9.73656177520752,9.511624704493155,9.73656177520752,166000
1992-03-25,9.704427529015017,9.76869526099525,9.672293663024902,9.672293663024902,408400
1992-03-26,9.704426765441895,9.897229946212263,9.672292901980168,9.704426765441895,309200
1992-03-27,9.704420937432184,9.768688625759548,9.54375171661377,9.54375171661377,166600
1992-03-30,9.511620459278015,9.575888165083947,9.318817341860218,9.350951194763184,186200
1992-03-31,9.35095404244803,9.383087905136854,9.190284729003906,9.190284729003906,231400
1992-04-01,9.061745773974083,9.061745773974083,8.354801068203056,8.933210372924805,988600
1992-04-02,8.933210372924805,9.061745773974083,8.804674971875528,8.933210372924805,149200
1992-04-03,8.901077561218942,8.901077561218942,8.579739021102736,8.644006729125977,243800
1992-04-06,8.547608557869406,8.804679491940666,8.547608557869406,8.740411758422852,431800
1992-04-07,8.804677403491477,8.901078980901968,8.708275826080985,8.868945121765137,152200
1992-04-08,8.86894278893104,8.86894278893104,8.226265775240385,8.354801177978516,901800
1992-04-09,8.451201534982937,8.644004611826654,8.419067688842318,8.611870765686035,423200
1992-04-10,8.740411376953125,8.836812973022461,8.676143646240234,8.836812973022461,274200
1992-04-13,8.901079419586393,9.383087330394321,8.901079419586393,9.254551887512207,160200
1992-04-14,9.447356414794923,9.447356414794923,9.286687088012696,9.31882095336914,253000
1992-04-15,9.318817891051612,9.383085600645073,9.254550181458153,9.286684036254883,124400
1992-04-16,9.286691313421269,9.286691313421269,9.190289673489561,9.222423553466797,279200
1992-04-20,9.19028487902009,9.19028487902009,8.547607614752952,8.579741477966309,406600
1992-04-21,8.600510331921111,8.730329355799165,8.50314606401257,8.632965087890625,380200
1992-04-22,8.632964300843419,8.957511830950315,8.568054794822041,8.730328559875488,157600
1992-04-23,9.087330211292613,9.11978496204723,8.76278270374645,8.925056457519531,219000
1992-04-24,9.02242428675136,9.28206239572262,9.02242428675136,9.184698104858398,421000
1992-04-27,9.184700789767275,9.314519882202148,9.152246016658557,9.314519882202148,193600
1992-04-28,9.346968841552735,9.346968841552735,9.08733081817627,9.08733081817627,139400
1992-04-29,9.152246016658557,9.444338974637022,9.11979124354984,9.314519882202148,132000
1992-04-30,9.31451193273884,9.541695150610519,9.31451193273884,9.476785659790039,274200
1992-05-01,9.541701316833496,9.606610849601072,9.50924655044971,9.541701316833496,229800
1992-05-04,9.476787735243976,9.60660674531581,9.476787735243976,9.574151992797852,128800
1992-05-05,9.509241971102629,9.639060974121094,9.282058715820312,9.282058715820312,171200
1992-05-06,9.282063881556192,9.411882956822714,9.282063881556192,9.346973419189453,87800
1992-05-07,9.476794815063476,9.476794815063476,9.346975708007813,9.411885261535645,92600
1992-05-08,9.50924655044971,9.639065615984858,9.411882251298348,9.541701316833496,166800
1992-05-11,9.671518205806908,9.833792001206353,9.671518205806908,9.801337242126465,561200
1992-05-12,9.866246760286243,9.93115627844602,9.736427723966687,9.801337242126465,124800
1992-05-13,9.80133202234904,9.80133202234904,9.63905831336975,9.736422538757324,166600
1992-05-14,9.801335165731883,9.801335165731883,9.703970909118652,9.703970909118652,284800
1992-05-15,9.703970214664535,9.703970214664535,9.57415121513725,9.671515464782715,147200
1992-05-18,9.80133202234904,9.833786764144897,9.703967796961466,9.736422538757324,269400
1992-05-19,9.736426189692333,9.736426189692333,9.606607173829769,9.63906192779541,210800
1992-05-20,9.736427723966687,9.801337242126465,9.736427723966687,9.801337242126465,283200
1992-05-21,9.801337937385805,10.125885551206526,9.801337937385805,10.060976028442383,498600
1992-05-22,10.125891020060351,10.125891020060351,10.028526683329002,10.093436241149902,102400
1992-05-26,10.093430225184706,10.093430225184706,9.801337389086113,9.898701667785645,167200
1992-05-27,9.898703851197896,9.898703851197896,9.833794317747417,9.866249084472656,76200
1992-05-28,9.801339551022178,9.931158617923133,9.7364300175717,9.866249084472656,387000
1992-05-29,9.963613384648372,9.996068151373612,9.833794317747417,9.866249084472656,280000
1992-06-01,9.93115991830064,10.158343315124512,9.866250376350964,10.158343315124512,346000
1992-06-02,10.223250524053034,10.417979105463568,10.223250524053034,10.3206148147583,328200
1992-06-03,10.32060996938196,10.612702704364468,10.32060996938196,10.45042896270752,304600
1992-06-04,10.38552253868929,10.38552253868929,10.060974959355251,10.190793991088867,48200
1992-06-05,10.158341984999806,10.190796751725046,9.801339551022178,9.866249084472656,642600
1992-06-08,9.93115627844602,9.996065796605798,9.801337242126465,9.801337242126465,262800
1992-06-09,9.833794317747417,9.996068151373612,9.833794317747417,9.866249084472656,184800
1992-06-10,9.931156427352155,9.931156427352155,9.833792148652623,9.898701667785645,261600
1992-06-11,9.963614185135086,10.028523723800461,9.89870464646971,9.996068954467773,72200
1992-06-12,10.060976159338857,10.060976159338857,9.931157112121582,9.931157112121582,68000
1992-06-15,9.996069460250318,10.19079808609935,9.93115991830064,10.158343315124512,130000
1992-06-16,10.223250254568262,10.385524068132836,10.190795491855345,10.353069305419922,458800
1992-06-17,10.255703506955674,10.255703506955674,9.931155927621635,10.190793991088867,267400
1992-06-18,10.060976159338857,10.060976159338857,9.931157112121582,9.931157112121582,176000
1992-06-19,9.93114875126811,10.09342242367445,9.93114875126811,10.028512954711914,295200
1992-06-22,10.060976159338857,10.190795206556134,9.898702350317263,9.931157112121582,436000
1992-06-23,9.931160950962502,10.255708694458008,9.931160950962502,10.255708694458008,399200
1992-06-24,10.255703506955674,10.320613022822483,10.125884475222058,10.190793991088867,152400
1992-06-25,10.190799145758907,10.35307301750666,10.190799145758907,10.255708694458008,77800
1992-06-26,10.320611429214479,10.48288519382477,10.320611429214479,10.385520935058594,217600
1992-06-29,10.320615600307661,10.839891856926915,10.320615600307661,10.677618026733398,318600
1992-06-30,10.677616801406398,10.80743585066362,10.612707276777789,10.710071563720703,559400
1992-07-01,11.034613865315036,11.1644328519658,10.839885385338887,11.002159118652344,373800
1992-07-02,11.424073628016881,11.424073628016881,10.807433290140969,10.904797554016113,742000
1992-07-06,10.807437344451449,10.904801644851913,10.645163510450677,10.872346878051758,225200
1992-07-07,10.774980815875926,10.904799861850336,10.710071292888722,10.742526054382324,303600
1992-07-08,10.677613783320155,10.742523289601737,10.580249523897782,10.612704277038574,406800
1992-07-09,10.547795095243254,10.872342636635354,10.547795095243254,10.807433128356934,364000
1992-07-10,10.872346622965619,10.872346622965619,10.645163260694694,10.677618026733398,195000
1992-07-13,10.645159030179364,10.710068536460946,10.547794770756992,10.612704277038574,239200
1992-07-14,10.677616801406398,10.774981088349314,10.645162039092092,10.710071563720703,169400
1992-07-15,10.677612829490526,11.196888833356327,10.677612829490526,10.969705581665039,434400
1992-07-16,11.164439753482215,11.164439753482215,11.00216591985602,11.099530220031738,133800
1992-07-17,11.13198291250022,11.164437673178064,10.774980545043945,10.774980545043945,287000
1992-07-20,10.872344827077475,11.099528151822378,10.71007102368826,10.774980545043945,223400
1992-07-21,10.795914313205978,11.057633448071579,10.795914313205978,11.024918556213379,88800
1992-07-22,10.992208356688009,11.15578288580539,10.992208356688009,11.057638168334961,156600
1992-07-23,11.188497791628865,11.253927603275818,11.057638168334961,11.057638168334961,224400
1992-07-24,10.959492683410645,11.057637394008351,10.894062876345506,10.959492683410645,85200
1992-07-27,11.024923894565237,11.221213340759277,10.992208986866231,11.221213340759277,437400
1992-07-28,11.188494788899142,11.221209685942707,10.992205406637753,11.123064994812012,378800
1992-07-29,11.123062806322396,11.417496821783871,11.090347915715565,11.319352149963379,553200
1992-07-30,11.31935862893703,11.581077903594533,11.286643719604843,11.417503356933594,359000
1992-07-31,11.4175010949793,11.744650123488736,11.4175010949793,11.613790512084961,159400
1992-08-03,11.54836368560791,11.613793508189257,11.482933863026561,11.54836368560791,181000
1992-08-04,11.613797981198095,11.777372600651589,11.581083057307396,11.679227828979492,376000
1992-08-05,11.67921633693759,11.744646120337801,11.67921633693759,11.711931228637695,160000
1992-08-06,11.67921633693759,11.711931228637695,11.646501445237485,11.711931228637695,95800
1992-08-07,11.777365745608188,11.777365745608188,11.646506126212541,11.744650840759277,72200
1992-08-10,11.744646120337801,11.744646120337801,11.67921633693759,11.711931228637695,90200
1992-08-11,11.744648140467953,11.744648140467953,11.613788551159118,11.646503448486328,89400
1992-08-12,11.679218345813537,11.711933243140745,11.613788551159118,11.646503448486328,117000
1992-08-13,11.71193824206128,11.71193824206128,11.450218951735888,11.54836368560791,78600
1992-08-14,11.581078596898584,11.581078596898584,11.450218951735888,11.54836368560791,282200
1992-08-17,11.515643859177493,11.646503448486328,11.515643859177493,11.646503448486328,163400
1992-08-18,11.679221339144949,11.679221339144949,11.319357376314152,11.581076622009277,144800
1992-08-19,11.581071661837274,11.711931228637695,11.581071661837274,11.711931228637695,123400
1992-08-20,11.646505414935906,11.679220317786848,11.581075609234018,11.613790512084961,92600
1992-08-21,11.581077903594533,11.679222631591097,11.352073538269218,11.417503356933594,121000
1992-08-24,11.352067278976664,11.352067278976664,11.155777931213379,11.155777931213379,130200
1992-08-25,11.188493064471654,11.221207956473032,10.926773928460621,10.992203712463379,143800
1992-08-26,11.057633257331737,11.18849282250726,10.82862901827457,11.155777931213379,97600
1992-08-27,11.155782456328904,11.35207188371299,11.155782456328904,11.286642074584961,117800
1992-08-28,11.253922368749718,11.450211712390702,11.188492587536057,11.319352149963379,210200
1992-08-31,11.253927603275818,11.253927603275818,11.057638168334961,11.057638168334961,212000
1992-09-01,11.057634303000121,11.12306409177527,10.992204514224973,11.090349197387695,78400
1992-09-02,11.12306409177527,11.155778986162844,11.057634303000121,11.090349197387695,170400
1992-09-03,11.155778172470274,11.155778172470274,10.992203712463379,10.992203712463379,174000
1992-09-04,11.024918556213379,11.090348339929777,10.992203664355179,11.024918556213379,140200
1992-09-08,10.959488820462001,11.057633496466137,10.959488820462001,10.992203712463379,145800
1992-09-09,11.02492255079532,11.05763745450688,10.926777839660645,10.926777839660645,158400
1992-09-10,10.9594918442918,10.992206745319537,10.861347141208592,10.894062042236328,299400
1992-09-11,10.894063177975742,10.894063177975742,10.76320356022228,10.795918464660645,143000
1992-09-14,10.861344144457863,10.992203712463379,10.795914360455104,10.992203712463379,267800
1992-09-15,10.9922080783669,10.9922080783669,10.665059028415504,10.697773933410645,213800
1992-09-16,10.63234439262977,11.123067979981913,10.436054957688913,11.057638168334961,247600
1992-09-17,11.123067261929997,11.188497069353115,10.79591822481441,10.926777839660645,216000
1992-09-18,10.959490509594188,11.188494788899142,10.926775612550625,11.123064994812012,162200
1992-09-21,11.057635200724883,11.221209685942707,10.926775612550625,11.123064994812012,230400
1992-09-22,11.155778986162844,11.155778986162844,11.057634303000121,11.090349197387695,230600
1992-09-23,11.090353715710524,11.090353715710524,10.076191576515756,10.730489730834961,1565600
1992-09-24,10.795915147899526,11.090349197387695,10.795915147899526,11.090349197387695,309000
1992-09-25,10.9922080783669,10.9922080783669,10.697773933410645,10.697773933410645,119400
1992-09-28,10.76319913598406,10.76319913598406,10.43605022607573,10.566909790039062,207000
1992-09-29,10.534198995121939,11.02492255079532,10.534198995121939,10.926777839660645,393600
1992-09-30,10.861348492360255,11.221212448432432,10.861348492360255,11.188497543334961,361200
1992-10-01,11.188498433060271,11.286643156157291,11.123068617662257,11.221213340759277,186000
1992-10-02,11.286639480029836,11.352069274116966,11.090350097768447,11.123064994812012,130400
1992-10-05,10.992203664355179,11.123063231787977,10.795914313205978,11.024918556213379,251200
1992-10-06,11.057637448992049,11.450216293334961,11.057637448992049,11.450216293334961,298800
1992-10-07,11.515646100725446,11.711935522896903,11.450216293334961,11.450216293334961,174000
1992-10-08,11.450215997830243,11.679220317786848,11.450215997830243,11.613790512084961,367600
1992-10-09,11.613788551159118,11.679218345813537,11.548358756504701,11.646503448486328,100600
1992-10-12,11.711933243140745,11.711933243140745,11.58107365383191,11.646503448486328,50600
1992-10-13,11.777368064642628,11.777368064642628,11.515648774317237,11.54836368560791,1038600
1992-10-14,11.613797981198095,11.711942752870192,11.581083057307396,11.679227828979492,122800
1992-10-15,11.711936760477082,11.810081481933594,11.711936760477082,11.810081481933594,219200
1992-10-16,11.744648140467953,11.777363037795162,11.515643859177493,11.646503448486328,182800
1992-10-19,11.613793508189257,11.71193824206128,11.515648774317237,11.54836368560791,322000
1992-10-20,11.635383186015217,11.734267462383617,11.602421760559082,11.602421760559082,67800
1992-10-21,11.668339046595156,11.833146095275879,11.668339046595156,11.833146095275879,46000
1992-10-22,11.932039111268287,11.932039111268287,11.767231941223145,11.767231941223145,408600
1992-10-23,11.734264606253923,12.129801615453493,11.734264606253923,11.89907169342041,267000
1992-10-26,11.899074744657089,12.129804725855426,11.899074744657089,12.063881874084473,267600
1992-10-27,12.06387796609298,12.29460787254831,12.06387796609298,12.129800796508789,298600
1992-10-28,12.19572712393368,12.3275728225708,12.12980427461512,12.3275728225708,90400
1992-10-29,12.261641502380371,12.327564306156608,12.129795894827893,12.261641502380371,141600
1992-10-30,12.261642749492939,12.261642749492939,11.932028697087215,11.99795150756836,215000
1992-11-02,12.129803549276817,12.327572085406329,12.129803549276817,12.19572639465332,199000
1992-11-03,12.228682791933101,12.393489837646484,12.129798564505071,12.393489837646484,183800
1992-11-04,12.36053286544759,12.393494286422117,12.228687181549482,12.294610023498535,388200
1992-11-05,12.22868077127557,12.624217615629497,12.22868077127557,12.525333404541016,317000
1992-11-06,12.723108395934105,12.723108395934105,12.591262713074684,12.657185554504395,364400
1992-11-09,12.657184826377732,12.821991920471191,12.591261988740348,12.821991920471191,259000
1992-11-10,12.887913089113187,13.085681576414157,12.854951674563026,12.986797332763672,249600
1992-11-11,12.986797332763672,13.019758747313833,12.920874503663349,12.986797332763672,149400
1992-11-12,12.986797332763672,12.986797332763672,12.789028845462703,12.986797332763672,191400
1992-11-13,12.95383591821351,13.019758747313833,12.920874503663349,12.986797332763672,50800
1992-11-16,12.953837163669546,13.08568283454659,12.789030075073242,12.789030075073242,196600
1992-11-17,12.723103240406106,12.723103240406106,12.558296203613281,12.558296203613281,333400
1992-11-18,12.591262822260942,12.98679987426914,12.591262822260942,12.88791561126709,144600
1992-11-19,12.92086874836623,13.283444146917324,12.821984548761387,13.052714347839355,306600
1992-11-20,13.250485054532389,13.283446460140677,13.05271662088265,13.15160083770752,284600
1992-11-23,13.085680703727567,13.085680703727567,12.821989404911898,12.920873641967773,218400
1992-11-24,12.920876176927267,12.920876176927267,12.821991920471191,12.821991920471191,253000
1992-11-25,12.821991944432856,13.118644714355469,12.756069106672276,13.118644714355469,496400
1992-11-27,13.38233236618984,13.448255185727719,13.316409546651958,13.349370956420898,128600
1992-11-30,13.349370956420898,13.5141780052656,13.118641088038315,13.349370956420898,284000
1992-12-01,13.316409980135012,13.481217034344603,13.316409980135012,13.382332801818848,147400
1992-12-02,13.448255623502684,13.580101266870358,13.316409980135012,13.382332801818848,207600
1992-12-03,13.448256923983324,13.678986822188921,13.415295509953955,13.481218338012695,228200
1992-12-04,13.514186246054514,13.876761974607195,13.481224816186089,13.84380054473877,1251000
1992-12-07,13.975642628389247,14.04156547097599,13.909719785802505,14.008604049682617,469800
1992-12-08,14.140454577075111,14.33822317255868,14.107493144494518,14.239338874816895,757400
1992-12-09,14.239338297239492,14.239338297239492,13.843801122316172,14.041569709777832,429800
1992-12-10,14.107484728790993,14.173407554626465,14.107484728790993,14.173407554626465,400600
1992-12-11,14.173404327321109,14.173404327321109,14.04155870567161,14.074520111083984,59800
1992-12-14,14.239327288688498,14.239327288688498,13.94267463684082,13.94267463684082,189000
1992-12-15,13.942681207095877,14.04156547097599,13.71195125804228,14.008604049682617,158200
1992-12-16,14.10748151649636,14.173404327321109,13.876751678609738,14.074520111083984,238200
1992-12-17,13.975642628389247,14.008604049682617,13.909719785802505,14.008604049682617,219800
1992-12-18,14.107487885457164,14.107487885457164,13.876757943405295,13.975642204284668,269200
1992-12-21,14.041558410319107,14.041558410319107,13.843789982004754,13.909712791442871,186600
1992-12-22,13.909715301950678,13.975638123286938,13.77786965927816,13.810831069946289,437000
1992-12-23,13.810832546088115,13.810832546088115,13.71194830351469,13.777871131896973,75600
1992-12-24,13.777871131896973,13.777871131896973,13.744909717705832,13.777871131896973,24400
1992-12-28,13.71194830351469,13.777871131896973,13.646025475132408,13.777871131896973,82800
1992-12-29,13.843801122316172,14.074531141021442,13.711955397341733,14.041569709777832,237200
1992-12-30,14.074526465164041,14.107487885457164,13.975642204284668,13.975642204284668,174800
1992-12-31,13.975642204284668,14.008603624577793,13.975642204284668,13.975642204284668,71400
1993-01-04,14.107482394416294,14.173405209343473,13.942675357098347,14.140443801879883,445800
1993-01-05,14.107487885457164,14.14044930575029,13.975642204284668,13.975642204284668,149000
1993-01-06,14.107484728790993,14.239330380461936,14.074523315873257,14.173407554626465,136400
1993-01-07,14.173408323718656,14.437099641369235,14.041562664893366,14.305253982543945,218400
1993-01-08,14.305254602100344,14.338216018234217,14.20637035369873,14.20637035369873,198600
1993-01-11,14.107491983686176,14.107491983686176,13.777877685001918,13.84380054473877,153600
1993-01-12,13.84380054473877,14.07453055381775,13.84380054473877,13.84380054473877,192400
1993-01-13,13.942680783991543,14.008603624577793,13.90971936369842,13.975642204284668,150800
1993-01-14,13.975635157061868,14.008596560734185,13.876750946044922,13.876750946044922,127400
1993-01-15,13.876757943405295,14.008603624577793,13.876757943405295,13.975642204284668,211800
1993-01-18,13.97563560088099,13.97563560088099,13.777867172566635,13.909712791442871,255400
1993-01-19,14.030446163285964,14.06361506674527,13.964108356367355,13.99727725982666,162400
1993-01-20,13.96411578471844,14.030453626926128,13.798271179199219,13.798271179199219,61800
1993-01-21,13.798271307887802,13.864609150714186,13.731933465061418,13.76510238647461,105000
1993-01-22,13.765096051021686,13.765096051021686,13.632420426433526,13.665589332580566,105800
1993-01-25,13.665595299215878,14.09679126739502,13.53291961669922,14.09679126739502,416800
1993-01-26,14.096783970204575,14.096783970204575,13.99727725982666,13.99727725982666,212600
1993-01-27,13.997281187897796,14.29580140280557,13.997281187897796,14.229463577270508,589200
1993-01-28,14.229463577270508,14.362139228340629,14.229463577270508,14.229463577270508,192400
1993-01-29,14.163118900113204,14.328963383721089,14.163118900113204,14.295794486999512,116600
1993-02-01,14.395307779312134,14.859672546386719,14.395307779312134,14.859672546386719,452200
1993-02-02,14.85967278165439,15.058686256408691,14.726997131818191,15.058686256408691,395400
1993-02-03,15.191363090017568,15.290869835148687,15.125025259930155,15.25770092010498,316600
1993-02-04,15.257692233600741,15.390367818240748,15.257692233600741,15.290861129760742,439600
1993-02-05,15.224536073259912,15.35721176888745,15.158198225446144,15.191367149353027,247200
1993-02-08,15.125025259930155,15.390376580279806,15.125025259930155,15.25770092010498,286400
1993-02-09,15.390375137329102,15.390375137329102,14.793334722518921,14.859672546386719,969800
1993-02-10,14.99234831466504,14.99234831466504,14.760165929260936,14.82650375366211,974000
1993-02-11,14.859675204592053,14.859675204592053,14.461648190183336,14.660661697387695,519600
1993-02-12,14.660653326728127,14.660653326728127,14.56114662994038,14.594315528869629,205400
1993-02-16,14.527983792178281,14.527983792178281,14.096787926200387,14.229463577270508,364200
1993-02-17,13.99727725982666,14.129952873663878,13.93093945290805,13.99727725982666,268400
1993-02-18,14.262639454432897,14.262639454432897,13.665598733084543,13.69876766204834,399800
1993-02-19,13.731930950709751,13.99728227342878,13.698762035369873,13.930944442749023,1503200
1993-02-22,13.930946863614595,14.129960390237661,13.765102258095375,13.798271179199219,659400
1993-02-23,13.134893753949335,13.665596531886681,13.035386983086083,13.532920837402344,603600
1993-02-24,13.532921943111697,13.864611206423257,13.433415164118228,13.731935501098633,344600
1993-02-25,13.731929885757554,14.262632490038039,13.731929885757554,14.229463577270508,440600
1993-02-26,14.328968278751816,14.39530609485715,14.196292646541151,14.262630462646484,438800
1993-03-01,14.229460985907192,14.461643332996587,14.16312317245308,14.428474426269531,415600
1993-03-02,14.461648563046118,14.660662075381616,14.461648563046118,14.561155319213867,230200
1993-03-03,14.76016934712728,15.058689626057943,14.693831507364909,14.926013946533203,477200
1993-03-04,14.926015075884367,15.1913664550112,14.926015075884367,15.125028610229492,202800
1993-03-05,15.125021436573128,15.257697063209735,14.95917690327737,14.992345809936523,370200
1993-03-08,14.992345024557675,15.224527359008789,14.926007214714499,15.224527359008789,380200
1993-03-09,15.257704997166796,15.29087392107368,15.191367149353027,15.191367149353027,403600
1993-03-10,15.191361906244891,15.224530818703942,15.025517343949641,15.058686256408691,147400
1993-03-11,15.058690765447784,15.224535377402054,15.025521843056929,15.125028610229492,524800
1993-03-12,15.025521278381348,15.091859120670007,14.992352357237019,15.025521278381348,181600
1993-03-15,15.025521843056929,15.1913664550112,15.025521843056929,15.125028610229492,282000
1993-03-16,15.158193831391387,15.158193831391387,15.025518174223846,15.091856002807617,182400
1993-03-17,15.025517106056213,15.025517106056213,14.793334722518921,14.859672546386719,213400
1993-03-18,14.992345809936523,15.025514716595675,14.859670183299917,14.992345809936523,164800
1993-03-19,15.091851682726402,15.091851682726402,14.926007158740397,14.959176063537598,173000
1993-03-22,14.89284206243993,14.89284206243993,14.62749075620492,14.693828582763672,94000
1993-03-23,14.693835116633016,14.727004044661532,14.32897690831933,14.494821548461914,281400
1993-03-24,14.527984459845573,15.125024917099502,14.527984459845573,15.091856002807617,404400
1993-03-25,15.125020644244026,15.257696263930377,15.05868283440085,15.224527359008789,296000
1993-03-26,15.15819770639593,15.489886934107,15.15819770639593,15.324042320251465,292200
1993-03-29,15.324034876528039,15.324034876528039,14.892839089959068,14.992345809936523,335800
1993-03-30,15.05868871179641,15.125026547531196,14.594323861652908,14.660661697387695,182600
1993-03-31,14.859670183299917,14.992345809936523,14.826501276640764,14.992345809936523,394000
1993-04-01,15.324034016306808,15.357202921104008,14.959176063537598,14.959176063537598,375800
1993-04-02,14.89283689789708,15.125019210336454,14.793330192565918,14.793330192565918,371200
1993-04-05,14.793338849664279,14.826507770851867,14.527987480163574,14.527987480163574,166800
1993-04-06,14.527976764050548,14.527976764050548,14.229456693556358,14.295794486999512,566600
1993-04-07,14.328969482981831,14.56115185886348,14.328969482981831,14.461645126342773,395600
1993-04-08,14.461645126342773,14.594320769703717,14.328969482981831,14.461645126342773,322000
1993-04-12,14.527986400491285,14.59432423793645,14.461648563046118,14.561155319213867,221600
1993-04-13,14.59432423793645,14.693830994104198,14.561155319213867,14.561155319213867,115000
1993-04-14,14.627490162849426,14.859672546386719,14.594321250915527,14.859672546386719,266600
1993-04-15,14.793337368857266,14.859675204592053,14.660661697387695,14.660661697387695,251400
1993-04-16,14.727003499764164,14.793341353366705,14.627496719360352,14.627496719360352,248200
1993-04-19,14.627487823611402,14.627487823611402,14.096785317539332,14.16312313079834,236000
1993-04-20,14.203229904174805,14.303487997616038,13.969294352811925,14.203229904174805,499400
1993-04-21,14.203234438626271,14.27007318892569,14.102976313177145,14.169815063476562,297000
1993-04-22,14.169805969672181,14.303483384480408,14.102967262268066,14.102967262268066,537200
1993-04-23,13.768774713149094,14.303484410747117,13.70193600094934,14.236645698547363,623000
1993-04-26,14.27007318892569,14.370331314374816,14.169815063476562,14.169815063476562,700800
1993-04-27,14.136391175213982,14.236649268655215,14.10297181073357,14.203229904174805,409600
1993-04-28,14.236644303687264,14.370321714989492,14.236644303687264,14.303483009338379,306600
1993-04-29,14.570839629776176,14.604258986725204,14.437162201980064,14.537420272827148,390800
1993-04-30,14.570840631367677,14.704518068352701,14.570840631367677,14.671098709106445,268600
1993-05-03,14.671105871484263,14.671105871484263,14.570847744799861,14.604267120361328,91800
1993-05-04,14.671105871484263,14.804783373730134,14.604267120361328,14.604267120361328,170000
1993-05-05,14.671103233565931,14.737941972671015,14.47058701625068,14.504006385803223,264800
1993-05-06,14.570843923449791,14.570843923449791,14.43716645626218,14.470585823059082,113600
1993-05-07,14.537425030135223,14.570844398020592,14.336908822823013,14.40374755859375,184400
1993-05-10,14.403752005477836,14.77136516571045,14.37033262727487,14.77136516571045,132400
1993-05-11,14.771354093464142,14.771354093464142,14.537418621395705,14.57083797454834,73200
1993-05-12,14.570845124908306,14.570845124908306,14.47058701625068,14.504006385803223,74800
1993-05-13,14.504007603501933,14.504007603501933,13.969297645769142,14.002717018127441,375200
1993-05-14,14.102967262268066,14.236644677076294,14.036128554863952,14.102967262268066,522800
1993-05-17,14.036135915982522,14.06955528721105,13.635103461240163,13.802200317382812,431600
1993-05-18,13.869039059839873,13.902458431068402,13.735361574925752,13.802200317382812,491400
1993-05-19,13.802200783977646,14.10297513520234,13.635103922186149,14.002717018127441,578000
1993-05-20,14.169806352028479,14.336903125047684,13.902451515197754,13.902451515197754,490400
1993-05-21,13.869032665873258,14.16980686826569,13.835613310051878,13.969290733337402,265000
1993-05-24,13.835612805990072,14.002709579009275,13.835612805990072,13.902451515197754,160600
1993-05-25,13.635101815928582,13.869037386299906,13.635101815928582,13.835618019104004,275800
1993-05-26,13.902457956444852,14.203232287233321,13.835619216269636,14.136393547058105,401800
1993-05-27,14.370324338068727,14.370324338068727,14.236646902365763,14.270066261291504,462400
1993-05-28,14.303491828047035,14.33691120147705,14.236653081187,14.33691120147705,254200
1993-06-01,14.370321743106198,14.905031389361312,14.303483037324307,14.804773330688477,197600
1993-06-02,14.838195843355997,15.072131363408907,14.838195843355997,14.97187328338623,403400
1993-06-03,14.971869312633167,15.105546717210249,14.704514503479004,14.704514503479004,351400
1993-06-04,14.504004184498505,14.537423548978916,14.169810539694392,14.203229904174805,156000
1993-06-07,14.169811691063037,14.370327894238457,13.768779284712197,13.835618019104004,409200
1993-06-08,13.869041904842826,14.00271941717866,13.869041904842826,13.935880661010742,309000
1993-06-09,13.902461282926783,14.136396929514493,13.869041904842826,13.935880661010742,122800
1993-06-10,14.069550264449347,14.303485779535203,14.036130905151367,14.036130905151367,417800
1993-06-11,14.036128933613115,14.169806352028479,13.902451515197754,13.902451515197754,225000
1993-06-14,13.835620156335946,14.002717018127441,13.635103922186149,14.002717018127441,368600
1993-06-15,14.002711545853387,14.136388983045306,14.002711545853387,14.036130905151367,67400
1993-06-16,13.969298812578309,14.370331314374816,13.969298812578309,14.169815063476562,229000
1993-06-17,14.102969623747326,14.169808342343286,13.969292186555409,14.036130905151367,213400
1993-06-18,14.102967262268066,14.169805969672181,14.036128554863952,14.102967262268066,98800
1993-06-21,14.13639215509005,14.537424556652889,14.13639215509005,14.470585823059082,271000
1993-06-22,14.403748277145596,14.537425755355764,14.30349016848797,14.504006385803223,159400
1993-06-23,14.537431995073954,14.537431995073954,14.303496307796902,14.437173843383789,131400
1993-06-24,14.370335075590345,14.504012611177233,14.336915691693623,14.437173843383789,65200
1993-06-25,14.470581191246499,14.504000547346376,14.236645698547363,14.236645698547363,211000
1993-06-28,14.303483149327269,14.637676680853607,14.270063796174636,14.57083797454834,138600
1993-06-29,14.637690146764118,14.637690146764118,14.370335075590345,14.437173843383789,248400
1993-06-30,14.370335075590345,14.537431995073954,14.236657540003458,14.437173843383789,222800
1993-07-01,14.70452425474579,15.072137361114434,14.70452425474579,15.005298614501953,413800
1993-07-02,14.971881636037123,14.971881636037123,14.80478474277778,14.938462257385254,344800
1993-07-06,14.938450742252256,14.938450742252256,14.737934624906588,14.804773330688477,160800
1993-07-07,14.570845124908306,14.604264494460848,14.437167646698137,14.504006385803223,207000
1993-07-08,14.57084797724197,14.671106105525745,14.504009225052787,14.637686729431152,111400
1993-07-09,14.671106105525745,14.704525481620337,14.537428601147377,14.637686729431152,56600
1993-07-12,14.637679846108366,14.737937927246094,14.604260485729123,14.737937927246094,85000
1993-07-13,14.771357287625337,14.80477664800458,14.637679846108366,14.737937927246094,115800
1993-07-14,14.771356786845214,14.838195505337726,14.63767934986019,14.671098709106445,106800
1993-07-15,14.671106773547912,14.971881172094452,14.604268018315349,14.871623039245605,181400
1993-07-16,14.93846179447817,15.038719927327017,14.838203661629324,14.871623039245605,79600
1993-07-19,14.871623500081517,15.03872039334086,14.871623500081517,14.938462257385254,137400
1993-07-20,15.012518858745933,15.012518858745933,14.40663244740641,14.709575653076172,260400
1993-07-21,14.608586714394374,14.642247052445974,14.541266038291173,14.574926376342773,98600
1993-07-22,14.574931853856794,14.574931853856794,14.372969749646309,14.440290451049805,219200
1993-07-23,14.50760112192439,14.709563086498743,14.47394079449533,14.642242431640625,92800
1993-07-26,14.675896323887649,15.382762889946457,14.675896323887649,15.214461326599121,307400
1993-07-27,15.147140701260188,15.315442264607523,15.147140701260188,15.214461326599121,177000
1993-07-28,15.079835238522046,15.113495585036604,14.709571426861906,14.743231773376465,324800
1993-07-29,14.81055083412901,15.28179563339675,14.743230148519332,15.113493919372559,445400
1993-07-30,15.18080911261546,15.416431427001953,15.079828120735534,15.416431427001953,224000
1993-08-02,15.315448152213834,15.48374978026014,15.281787826604573,15.450089454650879,263200
1993-08-03,15.416437004616107,15.483757690225783,15.113493919372559,15.113493919372559,115600
1993-08-04,15.180804252624512,15.214464572475121,15.046162973222078,15.180804252624512,70000
1993-08-05,15.180806334708173,15.281787308109779,15.046165036839364,15.248126983642578,101000
1993-08-06,15.315448709156202,15.483750343322754,15.21446772865627,15.483750343322754,182200
1993-08-09,15.618400427324177,15.955003884809614,15.618400427324177,15.786702156066895,324400
1993-08-10,15.618391990661621,15.685712645793782,15.551071335529459,15.618391990661621,151400
1993-08-11,15.618391768069543,15.75303307641497,15.618391768069543,15.719372749328613,450000
1993-08-12,15.618391990661621,15.753033300925944,15.618391990661621,15.618391990661621,240600
1993-08-13,15.753041810318352,15.887683193312526,15.719381464569809,15.786702156066895,169200
1993-08-16,15.820352554321289,15.921333528072276,15.68571125598664,15.820352554321289,116400
1993-08-17,15.887683309770528,16.123305731737464,15.854022963775252,16.089645385742188,153600
1993-08-18,16.089643597091218,16.190624623851203,15.68571949005127,15.68571949005127,248600
1993-08-19,15.753031905153964,15.854012878904951,15.68571125598664,15.820352554321289,143000
1993-08-20,15.955003884809614,16.055984922055245,15.753041810318352,15.786702156066895,178800
1993-08-23,15.820362501815438,15.820362501815438,15.551079735827091,15.786702156066895,215400
1993-08-24,15.786692016472525,15.988653961246161,15.786692016472525,15.921333312988281,187000
1993-08-25,15.92134009874784,15.92134009874784,15.75303840637207,15.75303840637207,81600
1993-08-26,15.820359083322378,15.820359083322378,15.618397052471455,15.75303840637207,117200
1993-08-27,15.652052318227701,15.753033300925944,15.450090352831214,15.618391990661621,122800
1993-08-30,15.685712422242258,15.820353730587684,15.618391768069543,15.719372749328613,114200
1993-08-31,15.786692229737627,15.854012878904951,15.68571125598664,15.820352554321289,89400
1993-09-01,15.753033300925944,15.820353956058106,15.618391990661621,15.618391990661621,110200
1993-09-02,15.618390296389896,15.652050620304529,15.45008867681673,15.517409324645996,115200
1993-09-03,15.450091757628595,15.517412418881879,15.416431427001953,15.416431427001953,239200
1993-09-07,15.382762889946457,15.382762889946457,15.214461326599121,15.214461326599121,521600
1993-09-08,15.281796461783799,15.281796461783799,15.012513704747962,15.046174049377441,239400
1993-09-09,15.079823293072685,15.214464572475121,14.844201054118425,15.180804252624512,332000
1993-09-10,15.248132454721551,15.38277380090011,15.214472118176912,15.349113464355469,254600
1993-09-13,15.349121704101563,15.38278205871582,15.147159576416016,15.147159576416016,141400
1993-09-14,15.012518157958985,15.24814064025879,14.94519744873047,15.147159576416016,165400
1993-09-15,15.214480285644532,15.214480285644532,15.079838867187501,15.147159576416016,489800
1993-09-16,15.147146569474678,15.281787872314453,15.046165592344847,15.281787872314453,326200
1993-09-17,15.214474947787075,15.248135290591913,15.113493919372559,15.113493919372559,194200
1993-09-20,15.07983521879389,15.113495565264412,14.877873139970758,14.978854179382324,286600
1993-09-21,15.012514525852847,15.147155911734934,14.945193832911801,14.978854179382324,358200
1993-09-22,15.046174872323368,15.147155911734934,14.776892100559191,14.978854179382324,209400
1993-09-23,14.877863799693973,14.877863799693973,14.339298594275187,14.473939895629883,1360400
1993-09-24,14.473945362187974,14.709567728549173,14.440285024136374,14.574926376342773,707400
1993-09-27,14.64224465615657,14.810546318871015,14.608584323613682,14.776885986328125,456000
1993-09-28,14.6085844039917,14.709565402175974,14.6085844039917,14.6085844039917,362800
1993-09-29,14.642242431640625,14.776883741356862,14.608582104211568,14.642242431640625,377600
1993-09-30,14.675902759069684,14.743223413927803,14.642242431640625,14.642242431640625,384200
1993-10-01,14.743224039984966,14.743224039984966,14.47394140911766,14.507601737976074,510200
1993-10-04,14.473943800084731,14.507604134503534,14.271981793571921,14.305642127990723,658200
1993-10-05,14.271976890746485,14.339297536457554,14.070014953613281,14.070014953613281,598000
1993-10-06,14.070014953613281,14.204656245035418,14.036354630757746,14.070014953613281,308800
1993-10-07,14.07001569208793,14.27197763982125,13.935374393599052,14.17099666595459,366400
1993-10-08,14.17099666595459,14.30563796444347,14.13733634133237,14.17099666595459,227200
1993-10-11,14.17099437442436,14.238315012782671,14.10367373606605,14.204654693603516,297200
1993-10-12,14.171007645435822,14.47395080175155,14.137347294734074,14.440290451049805,222400
1993-10-13,14.33929747287358,14.473938763698685,14.238316504754753,14.406618118286133,475200
1993-10-14,14.406629809626827,14.608591909761783,14.372969459604334,14.541271209716797,131800
1993-10-15,14.541260546307232,14.608581196984579,14.440279570291208,14.473939895629883,295400
1993-10-18,14.406618118286133,14.50759908640496,14.372957795579856,14.406618118286133,382200
1993-10-19,14.447314106501066,14.447314106501066,14.07426139483085,14.108175277709961,1088400
1993-10-20,14.176006434932173,14.277748107910156,14.108178652946853,14.277748107910156,633200
1993-10-21,14.34557287544725,14.34557287544725,14.176003456115723,14.176003456115723,421400
1993-10-22,14.311664481151645,14.345578378026412,14.209922790527344,14.209922790527344,880600
1993-10-25,14.277749768009892,14.345577557881674,13.599471869292083,13.735127449035645,676200
1993-10-26,13.802951267121182,13.97252069300719,13.76903738194398,13.870779037475586,1344000
1993-10-27,13.904699037834966,14.006440738111808,13.836871237650405,13.938612937927246,673400
1993-10-28,13.938616161484985,14.108185701162418,13.938616161484985,14.006443977355957,560200
1993-10-29,14.074264406000525,14.074264406000525,13.87078106519088,13.972522735595703,378600
1993-11-01,13.904702253549498,14.006443977355957,13.836874437678524,14.006443977355957,309800
1993-11-02,13.836873568021334,13.870787473825308,13.260337169353779,13.667304039001465,505800
1993-11-03,13.735125580025677,13.836867250988831,13.429900567136219,13.49772834777832,1043600
1993-11-04,13.497731590270996,13.633387184143068,13.226420402526855,13.226420402526855,694200
1993-11-05,13.090770420794032,13.192512159815747,12.955114768765078,13.12468433380127,425800
1993-11-08,13.294248199462892,13.59947328567505,13.192506504058839,13.565559387207031,370200
1993-11-09,13.701213517973693,13.836869097359573,13.395988464355469,13.395988464355469,461200
1993-11-10,13.022933229691436,13.531641558976258,13.022933229691436,13.463813781738281,387000
1993-11-11,13.531652795406352,13.76905021286962,13.531652795406352,13.599480628967285,263000
1993-11-12,13.63339013319749,13.769045756413387,13.565562321589544,13.667304039001465,260000
1993-11-15,13.667308462528219,13.667308462528219,13.32816929472355,13.599480628967285,432600
1993-11-16,13.56555776189742,13.633385550706906,13.429902184278445,13.531643867492676,409200
1993-11-17,13.463815970854327,13.599471547386864,13.26033260605552,13.429902076721191,194600
1993-11-18,13.362074569508998,13.429902359201938,13.22641899012312,13.395988464355469,363600
1993-11-19,13.395986004500305,13.531641558976258,13.395986004500305,13.463813781738281,403400
1993-11-22,13.531637363135815,13.531637363135815,12.98901531348626,13.022929191589355,950000
1993-11-23,13.226417225209913,13.531642238099371,13.124675554246759,13.49772834777832,623400
1993-11-24,13.49772767035727,13.565555447595246,13.29424433864334,13.463813781738281,389600
1993-11-26,13.463816254048407,13.497730148894878,13.362074569508998,13.395988464355469,60200
1993-11-29,13.395983967079124,13.463811734001043,13.294242316696245,13.362070083618164,356000
1993-11-30,13.395983967079124,13.497725617462002,13.362070083618164,13.362070083618164,523800
1993-12-01,13.56555776189742,13.599471656302162,13.362074395468959,13.531643867492676,442200
1993-12-02,13.46381607868319,13.735127233921137,13.46381607868319,13.531643867492676,740200
1993-12-03,13.599471656302162,13.66729944511165,13.531643867492676,13.531643867492676,478000
1993-12-06,13.56555605397641,14.108178296135467,13.53164216384147,13.972522735595703,415800
1993-12-07,13.938606269051583,14.379486759313556,13.904692385185278,14.176003456115723,303000
1993-12-08,14.108178296135467,14.311661636945113,13.87078106519088,13.972522735595703,340400
1993-12-09,13.972523293844084,14.108178859803735,13.904695510864258,13.904695510864258,637200
1993-12-10,13.972523293844084,14.108178859803735,13.870781619374345,13.904695510864258,305200
1993-12-13,13.90470587999149,13.90470587999149,13.362083211504016,13.599480628967285,254000
1993-12-14,13.599471833434286,13.599471833434286,13.29424677981606,13.395988464355469,219600
1993-12-15,13.429902359201938,13.531644043741347,13.362074569508998,13.395988464355469,297800
1993-12-16,13.429903793334962,13.565559387207031,13.429903793334962,13.565559387207031,249400
1993-12-17,13.565561168023937,13.802958488464355,13.531647265103878,13.802958488464355,572200
1993-12-20,13.836871237650405,14.040354638204088,13.769043437465845,13.938612937927246,402200
1993-12-21,13.870784665563423,14.006440261314657,13.76904296875,13.76904296875,452200
1993-12-22,13.76904662180755,14.040357885291444,13.735132713872066,14.006443977355957,467400
1993-12-23,14.108175277709961,14.515141872259287,14.07426139483085,14.108175277709961,695800
1993-12-27,13.972523293844084,14.006437185333997,13.836867727884432,13.904695510864258,217600
1993-12-28,13.972526838019526,14.006440738111808,13.870785137742686,13.938612937927246,292000
1993-12-29,13.938611337116786,14.243836402893066,13.938611337116786,14.243836402893066,314200
1993-12-30,14.176008610498338,14.311664195287795,14.176008610498338,14.243836402893066,124000
1993-12-31,14.311664195287795,14.447319780077253,14.243836402893066,14.243836402893066,139200
1994-01-03,14.176004269676751,14.311659812927246,14.108176498051504,14.311659812927246,314400
1994-01-04,14.277754197447576,14.379495913818937,14.277754197447576,14.345582008361816,535800
1994-01-05,14.277754197447576,14.481237630190298,14.277754197447576,14.345582008361816,346600
1994-01-06,14.34557809148516,14.34557809148516,14.243836402893066,14.243836402893066,178000
1994-01-07,14.277745927114623,14.379487584552495,14.209918155489374,14.311659812927246,205000
1994-01-10,14.345580475751092,14.447322181252872,14.345580475751092,14.413408279418945,281600
1994-01-11,14.34557809148516,14.58297536486671,14.243836402893066,14.243836402893066,233000
1994-01-12,14.311674455426774,14.413416216958243,14.243846614405793,14.379502296447754,293400
1994-01-13,14.311668102904697,14.379495913818937,14.243840291990457,14.345582008361816,215800
1994-01-14,14.311668102904697,14.379495913818937,14.277754197447576,14.345582008361816,143800
1994-01-17,14.209917339982027,14.277745107714638,14.108175688383112,14.176003456115723,146000
1994-01-18,13.97253006942047,14.209927424968877,13.701218805936579,14.006443977355957,251200
1994-01-19,13.972524713586878,14.074266398394549,13.735127449035645,13.735127449035645,650200
1994-01-20,13.870783028779206,13.870783028779206,13.701213554099754,13.735127449035645,94800
1994-01-21,13.836869994206214,13.904697788295461,13.633386611938477,13.633386611938477,1216400
1994-01-24,13.633381151305842,13.667295034766802,13.294242316696245,13.362070083618164,162400
1994-01-25,13.334725853103599,13.334725853103599,13.129576224594313,13.30053424835205,844200
1994-01-26,13.266341209411621,13.300532810466805,13.129574805190883,13.266341209411621,675800
1994-01-27,13.232149240679277,13.745023242255993,13.232149240679277,13.710831642150879,422800
1994-01-28,13.676643849614269,13.779218678486377,13.608260630366198,13.642452239990234,133200
1994-01-31,13.745027532718451,13.95017719738589,13.676644311162638,13.881793975830078,179600
1994-02-01,14.08693834971682,14.08693834971682,13.847597164163378,13.984363555908203,258200
1994-02-02,13.915976068552803,14.05274241812089,13.88178448116078,13.950167655944824,225000
1994-02-03,13.881793975830078,13.881793975830078,13.642452700384732,13.881793975830078,272600
1994-02-04,13.881789642676452,13.881789642676452,13.642448441940651,13.710831642150879,152400
1994-02-07,13.642444114589212,13.676635703848833,13.403102989771856,13.60825252532959,221200
1994-02-08,13.505679534031794,13.676637502817007,13.266338377732497,13.334721565246582,321200
1994-02-09,13.950167655944824,14.018550830728868,13.84759289376876,13.950167655944824,1718600
1994-02-10,13.950167655944824,14.018550830728868,13.88178448116078,13.950167655944824,559800
1994-02-11,13.984360310190542,14.155318260192871,13.91597713018961,14.155318260192871,190400
1994-02-14,14.189509850193337,14.3262762101952,14.155318260192871,14.155318260192871,419000
1994-02-15,14.189518472831237,14.25790169438705,13.813410754274265,13.881793975830078,306000
1994-02-16,13.950176239013672,14.052751064300537,13.813409805297852,14.018559455871582,191800
1994-02-17,13.984363225964008,14.63400357142444,13.915980031705017,14.428853988647461,485600
1994-02-18,14.565618515014648,14.63400170053115,14.292085772948646,14.565618515014648,376400
1994-02-22,14.394663360883605,14.531429758611715,14.360471761451578,14.497238159179688,219000
1994-02-23,14.531423568725586,14.633998323328354,14.497231983857997,14.531423568725586,153600
1994-02-24,14.565620377165446,14.702386765683432,14.428853988647461,14.428853988647461,416200
1994-02-25,14.360463814657242,14.633996458745951,14.326272234146154,14.599804878234863,261400
1994-02-28,14.599815852143044,14.702390670776367,14.531432639720828,14.702390670776367,246200
1994-03-01,14.736579355203881,14.770770954635909,14.292088562587523,14.497238159179688,396400
1994-03-02,14.463050842285156,14.497242451841386,14.360476013616468,14.463050842285156,251400
1994-03-03,14.497231383550735,14.497231383550735,14.326273466291882,14.360465049743652,187800
1994-03-04,14.257895006517474,14.326278195997174,14.121128627558074,14.292086601257324,161000
1994-03-07,14.907529934969816,15.078487847068093,14.87333835255016,15.044296264648438,2417200
1994-03-08,15.112689478719261,15.249455899341156,14.839156637475474,14.941731452941895,889600
1994-03-09,15.112683398383005,15.352024538176401,15.078491806983948,15.317832946777344,863800
1994-03-10,15.317837777616676,15.864903412531557,15.044304960159236,15.659753799438477,6910200
1994-03-11,15.62555836167252,15.693941549250955,15.522983580304865,15.5913667678833,1469000
1994-03-14,15.5913667678833,15.62555836167252,15.557175174094082,15.5913667678833,965600
1994-03-15,15.591360597172242,15.659743757686154,15.488785856401371,15.6255521774292,997600
1994-03-16,15.659746997124326,15.659746997124326,15.454597473144531,15.454597473144531,487200
1994-03-17,15.522983491685656,15.557175085279678,15.283642336527507,15.38621711730957,708600
1994-03-18,15.454597473144531,15.454597473144531,15.317831123824668,15.454597473144531,1100400
1994-03-21,15.420408710903592,15.454600304497614,15.317833930121528,15.38621711730957,543600
1994-03-22,15.352024469289693,15.352024469289693,15.14687492181589,15.181066513061523,405800
1994-03-23,15.181066090628605,15.28364086151123,15.04429972945177,15.28364086151123,120000
1994-03-24,15.249451090148787,15.317834278893848,14.97591833516854,15.078493118286133,435800
1994-03-25,15.112686643751157,15.28364463745875,15.010111847526602,15.146878242492676,272800
1994-03-28,15.181066513061523,15.215258104307157,14.97591696558772,15.181066513061523,368800
1994-03-29,15.181067901403726,15.181067901403726,15.01010992954107,15.078493118286133,272600
1994-03-30,14.975917628113653,15.010109220871902,14.565618515014648,14.565618515014648,297200
1994-03-31,14.599811974294942,14.63400357142444,13.950171628834513,14.428853988647461,602000
1994-04-04,14.463045585776959,14.497237182906455,14.189512808740988,14.428853988647461,409800
1994-04-05,14.565618515014648,14.63400170053115,14.428852143981647,14.565618515014648,382000
1994-04-06,14.565618121153793,14.839150855823348,14.428851753819016,14.736576080322266,200400
1994-04-07,14.66819906456526,14.702390670776367,14.49724103350972,14.702390670776367,331000
1994-04-08,14.634004556907797,14.634004556907797,14.360471761451578,14.497238159179688,498200
1994-04-11,14.531423662092303,14.702381587528683,14.531423662092303,14.668190002441406,306800
1994-04-12,14.668192094442242,15.112682763970795,14.634000504478507,15.01010799407959,224600
1994-04-13,15.01010799407959,15.044299584043324,14.839150044260917,15.01010799407959,312000
1994-04-14,15.010104682228782,15.044296264648438,14.80495518771085,15.044296264648438,306800
1994-04-15,15.112685254871044,15.352026424065834,15.044302063672532,15.249451637268066,442200
1994-04-18,15.215260041668811,15.283643232867323,15.181068446069554,15.249451637268066,521000
1994-04-19,15.243934233626977,15.485354006557722,15.03700299968634,15.381888389587402,472800
1994-04-20,15.45085922275195,15.657790373056663,15.45085922275195,15.485347747802734,566600
1994-04-21,15.38188633865185,15.38188633865185,15.278420735477061,15.347397804260254,399800
1994-04-22,15.209440430369947,15.24392895742294,15.03699779510498,15.03699779510498,272800
1994-04-25,14.830066632787023,15.105974849210966,14.69211252457505,15.03699779510498,458400
1994-04-26,12.967686724306931,13.864388465881348,12.967686724306931,13.864388465881348,4409000
1994-04-28,13.933364257812501,13.933364257812501,13.760921630859375,13.79541015625,842800
1994-04-29,13.795406486414656,13.829895002630693,13.485009840470326,13.622963905334473,544800
1994-05-02,13.588484206566443,13.588484206566443,13.312575897803674,13.450530052185059,705600
1994-05-03,13.243596448396382,13.27808498081408,12.795245526966296,13.105642318725586,852000
1994-05-04,13.140136325170122,13.174624871955347,12.967693591244005,13.036670684814453,696800
1994-05-05,13.036666485651626,13.243597699709587,12.967689414298972,13.174620628356934,952800
1994-05-06,13.105638682047527,13.174615727742514,12.898707544962566,12.933196067810059,657400
1994-05-09,13.002182138029228,13.071159231599676,12.89871649767356,13.036670684814453,390800
1994-05-10,13.036671766819614,13.105648866114956,13.036671766819614,13.071160316467285,592600
1994-05-11,13.036668216175213,13.071156756429646,12.588317192867601,12.657294273376465,683000
1994-05-12,12.795252873347355,12.795252873347355,12.519344455593234,12.5538330078125,622000
1994-05-13,12.62280446590658,12.657293002698674,12.277919097985635,12.346896171569824,495200
1994-05-16,12.381390246716174,12.588321560031766,12.381390246716174,12.5538330078125,453200
1994-05-17,12.553823279817575,12.864220009263615,12.484846228829566,12.726265907287598,669800
1994-05-18,12.89871649767356,13.105647778384899,12.829739404103112,13.036670684814453,859000
1994-05-19,13.036666008733933,13.036666008733933,12.795246267831454,12.829734802246094,402200
1994-05-20,12.898711871075374,12.967688939904654,12.829734802246094,12.829734802246094,563600
1994-05-23,12.829734945425079,12.89871201502414,12.829734945425079,12.86422348022461,210400
1994-05-24,12.898711493674746,13.036665627296935,12.898711493674746,12.96768856048584,925200
1994-05-25,12.967694235221524,13.209114074707031,12.829740041229806,13.209114074707031,386000
1994-05-26,12.898711493674746,13.036665627296935,12.82973442686365,12.96768856048584,1461000
1994-05-27,12.760757360052555,13.036665627296935,12.691780293241461,12.96768856048584,220200
1994-05-31,12.933196067810059,12.967684590657553,12.898707544962566,12.933196067810059,308800
1994-06-01,12.933197325041187,13.105639956041736,12.898708798841078,13.002174377441406,1142000
1994-06-02,13.036662947456792,13.071151473772815,12.795243263244629,12.795243263244629,724400
1994-06-03,12.829732595907675,12.829732595907675,12.726267010456807,12.76075553894043,478600
1994-06-06,12.967694667524272,13.071160316467285,12.726274819990577,13.071160316467285,682200
1994-06-07,13.140136977711173,13.34706826869875,13.140136977711173,13.209114074707031,680400
1994-06-08,13.243597699709587,13.519505985120205,13.10564355700428,13.174620628356934,443400
1994-06-09,13.140137415762627,13.24360306470564,13.071160316467285,13.071160316467285,289600
1994-06-10,13.071153786307887,13.243596448396382,13.071153786307887,13.105642318725586,501200
1994-06-13,13.071153786307887,13.105642318725586,13.036665253890188,13.105642318725586,186200
1994-06-14,13.105648429213243,13.24360262320496,13.071159880715314,13.209114074707031,552600
1994-06-15,13.312578891714415,13.347067438066006,13.20911325265964,13.24360179901123,515800
1994-06-16,13.20911325265964,13.312578891714415,13.140136159956455,13.24360179901123,228200
1994-06-17,13.105642318725586,13.209107915978683,13.105642318725586,13.105642318725586,669600
1994-06-20,13.174617008441956,13.174617008441956,12.967685851241297,13.002174377441406,335600
1994-06-21,13.071156766962877,13.105645307245101,12.898714065551758,12.898714065551758,354600
1994-06-22,12.933200027080293,13.10564269410803,12.864222960269197,12.96768856048584,679200
1994-06-23,13.036665627296935,13.10564269410803,12.933200027080293,12.96768856048584,173400
1994-06-24,12.82973698498731,12.933202605833982,12.795248444705086,12.898714065551758,522800
1994-06-27,12.898714055157487,12.898714055157487,12.622805733122032,12.657294273376465,648200
1994-06-28,12.726265907287598,12.760754432781601,12.605556068058583,12.726265907287598,651800
1994-06-29,12.726267369067083,12.726267369067083,12.55382472178975,12.622801780700684,682600
1994-06-30,12.657293002698674,12.657293002698674,12.346896171569824,12.346896171569824,547800
1994-07-01,12.38138800421677,12.38138800421677,12.13996818240753,12.208945274353027,573000
1994-07-05,12.277926218443813,12.519346115997484,12.20894910485705,12.484857559204102,382000
1994-07-06,12.484852384391933,12.519340926890253,12.277921129402012,12.381386756896973,405200
1994-07-07,12.415870275252905,12.415870275252905,12.105473518371582,12.105473518371582,923000
1994-07-08,12.139965310220417,12.139965310220417,11.864057007715406,11.967522621154785,1322400
1994-07-11,12.07098795020062,12.07098795020062,11.86405672819718,11.898545265197754,713400
1994-07-12,12.002012936366087,12.002012936366087,11.89854730760431,11.933035850524902,355200
1994-07-13,12.002016318184989,12.070993423461914,12.002016318184989,12.070993423461914,525000
1994-07-14,12.139967918395996,12.208945008841429,12.10547937317328,12.139967918395996,318800
1994-07-15,12.17445057545632,12.17445057545632,12.002007932744474,12.105473518371582,217400
1994-07-18,12.13996204691395,12.17445057545632,12.002007932744474,12.105473518371582,145800
1994-07-19,12.309117317199707,12.343987337928318,12.239377275742486,12.309117317199707,309600
1994-07-20,12.343988665034262,12.448598738466757,12.309118640556765,12.413728713989258,498000
1994-07-21,12.37885868951176,12.588078836376749,12.37885868951176,12.413728713989258,571000
1994-07-22,12.48346996307373,12.62295007439299,12.48346996307373,12.48346996307373,634400
1994-07-25,12.48347031971094,12.622950435014973,12.48347031971094,12.588080406188965,390200
1994-07-26,13.041387301619336,13.111127340665428,12.90190722352715,12.971647262573242,790000
1994-07-27,13.006516630708035,13.006516630708035,12.797296524047852,12.797296524047852,404400
1994-07-28,12.797294885485476,12.936774938733274,12.797294885485476,12.867034912109375,348000
1994-07-29,12.832166111372873,13.00651619440783,12.832166111372873,12.936776161193848,140200
1994-08-01,12.90190938879682,13.32034969329834,12.867039363421695,13.32034969329834,189600
1994-08-02,13.320347658292516,13.320347658292516,13.250607618196742,13.285477638244629,149400
1994-08-03,13.285471537206082,13.564431569483373,13.285471537206082,13.424951553344727,198600
1994-08-04,13.390081549310066,13.459821557379389,13.355211545275404,13.424951553344727,158600
1994-08-05,13.390081549310066,13.49469156141405,13.390081549310066,13.424951553344727,128400
1994-08-08,13.459821557379389,13.529561565448713,13.390081549310066,13.424951553344727,87600
1994-08-09,13.390087890625,13.66904805501302,13.390087890625,13.599308013916016,228800
1994-08-10,13.5993130505085,13.5993130505085,13.390092849731445,13.390092849731445,789400
1994-08-11,13.424962883194286,13.45983291665713,13.390092849731445,13.390092849731445,181600
1994-08-12,13.424962883194286,13.424962883194286,13.355222816268602,13.390092849731445,180400
1994-08-15,13.390092849731445,13.390092849731445,13.32035278280576,13.390092849731445,179000
1994-08-16,13.390081549310066,13.424951553344727,13.390081549310066,13.424951553344727,184600
1994-08-17,13.39009035095688,13.49470043182373,13.39009035095688,13.49470043182373,99800
1994-08-18,13.459821557379389,13.49469156141405,13.424951553344727,13.424951553344727,321200
1994-08-19,13.494699820173972,13.494699820173972,13.32034969329834,13.32034969329834,217400
1994-08-22,13.390087698388287,13.424957718436174,13.285477638244629,13.285477638244629,214400
1994-08-23,13.320347658292516,13.390087698388287,13.285477638244629,13.285477638244629,141800
1994-08-24,13.32035278280576,13.45983291665713,13.285482749342918,13.390092849731445,254000
1994-08-25,13.39009560368391,13.39009560368391,13.28548548178013,13.355225563049316,350400
1994-08-26,13.355222816268602,13.390092849731445,13.215742682417233,13.390092849731445,405800
1994-08-29,13.424951553344727,13.49469156141405,13.390081549310066,13.424951553344727,107000
1994-08-30,13.424951553344727,13.49469156141405,13.285471537206082,13.424951553344727,383800
1994-08-31,13.5295635048224,13.703913549987638,13.459823486756305,13.66904354095459,238200
1994-09-01,13.738781120203718,13.773651123046875,13.669041114517405,13.773651123046875,260800
1994-09-02,13.808532482476403,13.878272545519213,13.738792419433594,13.738792419433594,141200
1994-09-06,13.738788096110026,13.77365811665853,13.494697952270508,13.599308013916016,447200
1994-09-07,13.634173531921542,13.703913549987638,13.564433513855448,13.66904354095459,288600
1994-09-08,13.634171111674249,13.773651123046875,13.634171111674249,13.773651123046875,72200
1994-09-09,13.808521125890032,13.808521125890032,13.669041114517405,13.773651123046875,148000
1994-09-12,13.634171111674249,13.948001137262658,13.634171111674249,13.773651123046875,294000
1994-09-13,13.703922387912188,13.738792419433594,13.529572230305163,13.738792419433594,287000
1994-09-14,13.773651123046875,13.843391128733188,13.738781120203718,13.773651123046875,164600
1994-09-15,13.773657488822936,13.948007583618164,13.773657488822936,13.948007583618164,449200
1994-09-16,13.94800349096557,13.94800349096557,13.843393464783329,13.878263473510742,756000
1994-09-19,13.878274076265798,13.948014147000803,13.843404040898296,13.9131441116333,219800
1994-09-20,13.91313819885254,13.91313819885254,13.599308013916016,13.599308013916016,330200
1994-09-21,13.634180401998853,13.634180401998853,12.971649896530877,13.180870056152344,979200
1994-09-22,13.250604909261067,13.250604909261067,13.076254844665527,13.076254844665527,2144800
1994-09-23,13.111128807067871,13.145998830490923,13.041388760221764,13.111128807067871,457400
1994-09-26,13.041382903638095,13.041382903638095,12.692682826000711,12.832162857055664,966600
1994-09-27,12.901907350678226,13.076257450011715,12.867037330811527,13.00651741027832,1619200
1994-09-28,13.180872079250365,13.320352207073121,13.111132015338988,13.215742111206055,376800
1994-09-29,13.215732942456786,13.215732942456786,12.832162857055664,12.832162857055664,303800
1994-09-30,12.867032864819404,13.041382903638095,12.832162857055664,12.832162857055664,833400
1994-10-03,12.901906577377943,12.901906577377943,12.69268647071776,12.797296524047852,564400
1994-10-04,12.797300213542064,12.797300213542064,12.48346996307373,12.48346996307373,424600
1994-10-05,12.553210377362957,12.65782046384098,12.448600290884931,12.588080406188965,368000
1994-10-06,12.657820223433726,12.657820223433726,12.518340110778809,12.518340110778809,229600
1994-10-07,12.553205333772253,12.832165452300526,12.413725274508117,12.762425422668457,655600
1994-10-10,12.832169511583116,12.832169511583116,12.55320930480957,12.55320930480957,238800
1994-10-11,12.553209786886699,12.72755992281568,12.553209786886699,12.692689895629883,840600
1994-10-12,12.692689895629883,12.72755992281568,12.518339759700902,12.692689895629883,343000
1994-10-13,12.692690492666989,12.762430550319005,12.553210377362957,12.588080406188965,515000
1994-10-14,12.588079814072495,12.692689895629883,12.518339759700902,12.692689895629883,297200
1994-10-17,12.657819868444086,12.692689895629883,12.553209786886699,12.692689895629883,266600
1994-10-18,12.727555407852423,12.762425422668457,12.622945363404321,12.762425422668457,265000
1994-10-19,12.762429828486168,12.762429828486168,12.657819747924805,12.657819747924805,276000
1994-10-20,12.69268647071776,12.797296524047852,12.622946435164366,12.797296524047852,161400
1994-10-21,12.797295437484491,12.797295437484491,12.692685393036388,12.762425422668457,196800
1994-10-24,12.727562564512642,13.00652283989922,12.622952461242676,12.622952461242676,218600
1994-10-25,12.758280632618643,13.040231585825685,12.758280632618643,13.004987716674805,368200
1994-10-26,13.004994087531918,13.004994087531918,12.82877465545154,12.899262428283691,189000
1994-10-27,12.934506314699767,12.969750201115843,12.75828688261939,12.899262428283691,84200
1994-10-28,12.934510231018066,13.075485819367039,12.864022436843582,12.934510231018066,365000
1994-10-31,12.934510231018066,12.96975412810531,12.828778539756339,12.934510231018066,192200
1994-11-01,12.969743847523924,13.004987716674805,12.899256109222165,13.004987716674805,342600
1994-11-02,13.040241922279796,13.145973613541523,12.934510231018066,12.934510231018066,197600
1994-11-03,13.00499394870697,13.216457264946106,12.969750062667112,13.18121337890625,139400
1994-11-04,13.181207910827968,13.216451782247296,12.969744682312012,12.969744682312012,263600
1994-11-07,12.969744316694245,13.145963668823242,12.758281094139447,13.145963668823242,236400
1994-11-08,11.348527908325195,11.489503410291968,11.137064655375037,11.348527908325195,5041000
1994-11-09,11.348532180304783,11.348532180304783,10.960849403958967,11.17231273651123,4156400
1994-11-10,11.278045267998419,11.313289159460913,11.066581919223449,11.137069702148438,1745600
1994-11-11,11.101823283780005,11.454262118185719,10.784628332814862,10.925603866577148,1201400
1994-11-14,10.996094136298458,11.137069702148438,10.890362461910973,11.137069702148438,1010200
1994-11-15,11.137063661168833,11.137063661168833,10.749381065368652,10.749381065368652,1109000
1994-11-16,10.714138539632161,10.784626293182372,10.432187525431315,10.573163032531738,924400
1994-11-17,10.573163436631026,10.643651192875232,10.326456289776301,10.396944046020508,855200
1994-11-18,10.46743140220642,10.714138539632161,10.396943648656208,10.573163032531738,701600
1994-11-21,10.573161703641297,10.925600427096008,10.573161703641297,10.749381065368652,735400
1994-11-22,10.57316385466477,10.643651613695868,10.220725059509277,10.220725059509277,760000
1994-11-23,10.114990003279859,10.396940944137834,9.903526797636378,10.32645320892334,890000
1994-11-25,10.150233054647641,10.432183972832297,10.150233054647641,10.361696243286133,262600
1994-11-28,10.326459081549393,10.714141845703125,10.326459081549393,10.714141845703125,651800
1994-11-29,10.643648017388562,10.643648017388562,10.32645320892334,10.32645320892334,1293600
1994-11-30,10.361699835894859,10.467431466873379,10.255968204916341,10.29121208190918,496000
1994-12-01,10.432187304400758,10.573162808514281,10.22072404823047,10.50267505645752,1052800
1994-12-02,10.502676034983283,10.819870948791504,10.502676034983283,10.819870948791504,1146600
1994-12-05,10.819871796502007,10.925603442721895,10.749384032355414,10.784627914428711,341800
1994-12-06,10.784628124980184,10.890359773264302,10.643652593934691,10.85511589050293,466600
1994-12-07,10.784628124980184,10.925603656025675,10.749384242218811,10.85511589050293,328200
1994-12-08,10.890358151189538,11.0313336612373,10.608407131094017,10.643651008605957,367600
1994-12-09,10.749382641141777,10.819870396165658,10.608407131094017,10.643651008605957,371600
1994-12-12,10.643654070402446,10.819873508654142,10.643654070402446,10.714141845703125,344400
1994-12-13,10.678897958052787,10.819873508654142,10.643654070402446,10.714141845703125,803400
1994-12-14,10.714141600384973,10.996092695131946,10.678897713541602,10.960848808288574,447200
1994-12-15,10.960844765203285,10.996088639046382,10.89035701751709,10.89035701751709,283800
1994-12-16,10.925605021990263,10.996092796325684,10.819873360487131,10.996092796325684,425800
1994-12-19,10.855116099696005,10.96084775001772,10.819872216255433,10.925603866577148,420400
1994-12-20,10.784629374071717,11.10182435566206,10.749385487228345,10.960848808288574,731000
1994-12-21,10.96084775001772,11.207554934101719,10.925603866577148,10.925603866577148,619600
1994-12-22,10.996087776040131,11.278038744656545,10.996087776040131,11.207551002502441,251800
1994-12-23,11.207556119331947,11.207556119331947,10.996092796325684,10.996092796325684,312400
1994-12-27,10.996093096051897,11.242800312950497,10.996093096051897,11.101824760437012,526600
1994-12-28,11.03133251288948,11.03133251288948,10.784625395987797,10.89035701751709,365400
1994-12-29,10.855113143673993,10.960844765203285,10.855113143673993,10.89035701751709,435800
1994-12-30,10.784626518653718,10.784626518653718,10.608407131094017,10.643651008605957,448200
1995-01-03,10.67889626820882,10.819871796502007,10.608408504062227,10.784627914428711,264600
1995-01-04,10.784629960165415,11.17231273651123,10.784629960165415,11.17231273651123,308000
1995-01-05,11.172312536693754,11.242800312950497,10.996093096051897,11.101824760437012,566600
1995-01-06,11.031333028899956,11.348527908325195,11.031333028899956,11.348527908325195,384400
1995-01-09,11.313285836306486,11.841944052956322,11.278041955196496,11.630480766296387,551000
1995-01-10,11.630476132958336,12.300109607280179,11.630476132958336,11.947670936584473,1120000
1995-01-11,11.947672611881789,11.947672611881789,11.700965507801634,11.877184867858887,371800
1995-01-12,11.84194239283587,12.01816177368164,11.771454640497561,12.01816177368164,492400
1995-01-13,11.982916799084894,12.335355528469742,11.947672926146408,12.264867782592773,591400
1995-01-16,12.053408497401646,12.370603457859584,12.053408497401646,12.335359573364258,337600
1995-01-17,12.264871804373605,12.335359573364258,12.123896266392299,12.335359573364258,569400
1995-01-18,12.19437933804696,12.264867079885382,12.053403854370117,12.053403854370117,546200
1995-01-19,11.98291540145874,12.12389087677002,11.9124276638031,12.12389087677002,324000
1995-01-20,12.123896735055107,12.123896735055107,11.806701762335642,11.84194564819336,530200
1995-01-23,11.77145206963838,11.841939806582323,11.630476595750496,11.806695938110352,341200
1995-01-24,11.872301171465617,11.872301171465617,11.694038391113281,11.694038391113281,549200
1995-01-25,11.658384445898546,11.943604860477105,11.658384445898546,11.907952308654785,362600
1995-01-26,11.872302701770353,11.979260383768285,11.729692459106445,11.729692459106445,165800
1995-01-27,11.800994936995881,12.371435779871815,11.800994936995881,12.228825569152832,266000
1995-01-30,12.15752336502075,12.47839641571045,12.121870803833007,12.47839641571045,319200
1995-01-31,12.478393163436499,12.585350819123096,12.407088059645433,12.514045715332031,184600
1995-02-01,12.549698543270544,12.549698543270544,12.228825569152832,12.228825569152832,235000
1995-02-02,12.228824831457699,12.228824831457699,12.014909528283512,12.121867179870605,132400
1995-02-03,12.193175926208495,12.65665922164917,12.193175926208495,12.47839641571045,292600
1995-02-06,12.514046220218434,12.870571753557991,12.514046220218434,12.727961540222168,378200
1995-02-07,12.727957341893875,12.763609883467806,12.51404209245028,12.585347175598145,206000
1995-02-08,12.549696560563712,12.585349107610767,12.371433825328431,12.407086372375488,216800
1995-02-09,11.979257752909463,12.121867964253623,11.907952647237382,12.050562858581543,1856200
1995-02-10,12.050563647633506,12.121868757974534,11.97925853729248,11.97925853729248,1292200
1995-02-13,12.086217085986544,12.193174759313859,12.086217085986544,12.157522201538086,601400
1995-02-14,12.22882327645324,12.30012836844422,12.157518184462258,12.26447582244873,657800
1995-02-15,12.264477512678427,12.47839281813212,12.228824961769478,12.371435165405273,648800
1995-02-16,12.335780914439711,12.335780914439711,12.22882327645324,12.26447582244873,518600
1995-02-17,12.335782051086426,12.407087149647618,12.264476952525232,12.335782051086426,439800
1995-02-21,12.407089465597402,12.47839457746865,12.264479241854904,12.300131797790527,497000
1995-02-22,12.264479241854904,12.407089465597402,12.228826685919278,12.300131797790527,405200
1995-02-23,12.335781278281376,12.4783914664696,12.30012873123432,12.407086372375488,944400
1995-02-24,12.407087716314223,12.51404536904107,12.335782614496324,12.371435165405273,265400
1995-02-27,12.37143617763854,12.37143617763854,12.1931734085083,12.1931734085083,324000
1995-02-28,11.97925697775448,12.121867179870605,11.97925697775448,12.121867179870605,148000
1995-03-01,12.014910305745502,12.086215411417582,11.872300094401343,12.050562858581543,513800
1995-03-02,12.086215747030158,12.1931734085083,12.050563193204109,12.1931734085083,274800
1995-03-03,12.193172280928668,12.228824831457699,12.050562078812543,12.121867179870605,143600
1995-03-06,12.050560565824705,12.157518203982912,11.979255473719233,12.086213111877441,509400
1995-03-07,12.050560382424193,12.050560382424193,11.90795020038367,12.014907836914062,1139200
1995-03-08,12.121867179870605,12.121867179870605,12.014909528283512,12.121867179870605,251000
1995-03-09,12.121865657930176,12.121865657930176,12.050560565824705,12.086213111877441,126800
1995-03-10,12.121867179870605,12.26447738198673,12.086214629341574,12.121867179870605,211600
1995-03-13,12.121868300856205,12.228825962334348,12.121868300856205,12.1931734085083,301400
1995-03-14,12.193175926208495,12.47839641571045,12.193175926208495,12.47839641571045,275200
1995-03-15,12.549695203533279,12.692305376300704,12.549695203533279,12.621000289916992,516400
1995-03-16,12.585351326886345,12.727961540222168,12.585351326886345,12.727961540222168,247200
1995-03-17,12.906225438237522,12.906225438237522,12.656657543022986,12.799267768859863,531800
1995-03-20,12.727961540222168,12.799266646890079,12.727961540222168,12.727961540222168,119600
1995-03-21,12.656653390990364,12.906221204333836,12.62100084622701,12.834916114807129,434600
1995-03-22,12.834920804794521,13.01318359375,12.834920804794521,13.01318359375,690000
1995-03-23,12.941878478167808,13.048836151541096,12.870573362585617,13.01318359375,1204200
1995-03-24,12.977530248158633,13.120140470665872,12.941877692531824,13.084487915039062,484400
1995-03-27,13.12014102935791,13.12014102935791,13.048835915067922,13.12014102935791,396000
1995-03-28,13.048836391933715,13.120141508829528,12.870573599694184,12.90622615814209,128600
1995-03-29,12.834916682784907,12.941874321808115,12.692306497420631,12.870569229125977,412000
1995-03-30,12.870573362585617,13.01318359375,12.799268247003425,13.01318359375,393600
1995-03-31,12.90622615814209,13.048836391933715,12.763615924350464,12.90622615814209,280000
1995-04-03,12.870568659570482,12.906221204333836,12.799263570043776,12.834916114807129,263200
1995-04-04,12.870573599694184,12.977531275037903,12.834921041246277,12.90622615814209,337400
1995-04-05,12.834923600351344,12.834923600351344,12.72796590368175,12.763618469238281,152000
1995-04-06,12.799266646890079,12.834919200224036,12.692308986888213,12.727961540222168,291800
1995-04-07,12.69230786175795,12.727960411931427,12.621002761410995,12.656655311584473,151200
1995-04-10,12.585347746725136,12.692305376300704,12.585347746725136,12.621000289916992,236000
1995-04-11,12.620998580804033,12.692303657531738,12.585346042440179,12.692303657531738,212800
1995-04-12,12.621003880220302,12.727961540222168,12.407088560216566,12.727961540222168,538600
1995-04-13,12.763616090471094,12.799268649383025,12.549700736999512,12.549700736999512,182800
1995-04-17,12.621005854823373,12.656658413735304,12.478395619175652,12.549700736999512,293000
1995-04-18,12.66661913869017,12.66661913869017,12.522270202636719,12.522270202636719,379400
1995-04-19,12.558358192443848,12.594445428629031,12.414009247703115,12.558358192443848,322800
1995-04-20,12.558357635674449,12.59444487025972,12.486183166503906,12.486183166503906,264200
1995-04-21,12.558357635674449,12.630532104844992,12.486183166503906,12.486183166503906,3461400
1995-04-24,12.486193469446949,12.774891584347456,12.486193469446949,12.666629791259766,198800
1995-04-25,12.666619103063237,12.774880804798821,12.594444635239515,12.702706336975098,304400
1995-04-26,12.738797817230225,12.774885063171386,12.630536079406738,12.630536079406738,115600
1995-04-27,12.125310469646843,12.450095571512383,12.125310469646843,12.377921104431152,2827800
1995-04-28,12.377921104431152,12.377921104431152,12.233572170268689,12.377921104431152,761800
1995-05-01,12.377924711205239,12.522273687429207,12.341837467149247,12.41401195526123,516600
1995-05-02,12.377920542294678,12.522269469901614,12.19748438278601,12.305746078491211,451000
1995-05-03,12.305741675835444,12.305741675835444,12.125305580881845,12.233567237854004,496800
1995-05-04,12.233571640082769,12.233571640082769,12.125309944152832,12.125309944152832,833000
1995-05-05,12.233572203732102,12.233572203732102,12.125310502814118,12.197484970092773,349400
1995-05-08,12.125309944152832,12.197484408106122,12.125309944152832,12.125309944152832,679600
1995-05-09,12.197484408106122,12.197484408106122,12.053135480199542,12.125309944152832,692000
1995-05-10,12.125310338185933,12.125310338185933,12.053135871887207,12.053135871887207,513000
1995-05-11,12.053137026033601,12.053137026033601,11.836613606404255,12.017049789428711,609600
1995-05-12,12.017052623960707,12.017052623960707,11.692267417907715,11.692267417907715,1076000
1995-05-15,11.728357694235193,11.980968475341797,11.584008676459991,11.980968475341797,836000
1995-05-16,11.98096224271334,11.98096224271334,11.692264357346755,11.728351593017578,625800
1995-05-17,11.728354332231659,11.728354332231659,11.511830867636611,11.584005355834961,1241800
1995-05-18,11.620092927673717,11.764441908141713,11.620092927673717,11.692267417907715,324000
1995-05-19,11.692264000081126,11.76443846921743,11.584002296376672,11.620089530944824,469800
1995-05-22,11.620089333123836,11.72835103498524,11.547914865216235,11.656176567077637,579600
1995-05-23,11.620092927673717,11.692267417907715,11.547918437439717,11.692267417907715,352800
1995-05-24,11.656183185347592,12.017055729785598,11.656183185347592,11.980968475341797,568600
1995-05-25,11.908786939289756,12.053135871887207,11.908786939289756,12.053135871887207,878600
1995-05-26,12.017048638737844,12.08922310503657,12.017048638737844,12.053135871887207,1298200
1995-05-30,12.053142331251458,12.089229583740234,11.944880573785127,12.089229583740234,280400
1995-05-31,12.053133401257252,12.34183120727539,12.035089788381118,12.34183120727539,760800
1995-06-01,12.414008272943684,12.84705507316265,12.341833806240524,12.73879337310791,818600
1995-06-02,12.666621345197651,12.810970306396484,12.594446864598234,12.810970306396484,232200
1995-06-05,12.81096783981107,12.883142306514232,12.630531673053168,12.73879337310791,841800
1995-06-06,12.73879562335068,12.847057342529297,12.702708383624474,12.847057342529297,267600
1995-06-07,12.810965538024902,12.991401672363281,12.73879108428955,12.991401672363281,612600
1995-06-08,12.919233156287152,13.280105590820312,12.919233156287152,13.280105590820312,546400
1995-06-09,13.2440185546875,13.280105798705723,13.06358233459639,13.2440185546875,865000
1995-06-12,13.244013958542817,13.424450116016152,13.244013958542817,13.388362884521484,267600
1995-06-13,13.38836135711262,13.532710266623267,13.38836135711262,13.496623039245605,456000
1995-06-14,13.496622848510743,13.640971755981445,13.460535621643066,13.532710075378418,382600
1995-06-15,13.496625341394896,13.532712574928036,13.388363640795472,13.424450874328613,406400
1995-06-16,13.46054458618164,13.532719087984223,13.388370084379059,13.46054458618164,514800
1995-06-19,13.496625341394896,13.532712574928036,13.424450874328613,13.424450874328613,156400
1995-06-20,13.496623039245605,13.550753880312099,13.424448584490282,13.496623039245605,442600
1995-06-21,13.424452230092642,13.496626704447978,13.316190518559637,13.352277755737305,335600
1995-06-22,13.424452326228561,13.713150225717348,13.424452326228561,13.67706298828125,393200
1995-06-23,13.677062191477644,13.8214111328125,13.532713250142788,13.8214111328125,246400
1995-06-26,13.749244470246799,13.821418981901639,13.713157214419379,13.785331726074219,221600
1995-06-27,13.78532716545846,13.821414409347094,13.749239921569824,13.749239921569824,129600
1995-06-28,13.749236662145071,13.857498368146214,13.749236662145071,13.8214111328125,407200
1995-06-29,13.74923363088924,13.74923363088924,13.460535811867944,13.496623039245605,171400
1995-06-30,13.496622848510743,13.532710075378418,13.496622848510743,13.532710075378418,203000
1995-07-03,13.496626801100758,13.67706298828125,13.496626801100758,13.67706298828125,75400
1995-07-05,13.67706298828125,13.67706298828125,13.496626801100758,13.67706298828125,198200
1995-07-06,13.677063877383869,13.857500076293945,13.496627678473791,13.857500076293945,460000
1995-07-07,13.821414409347094,13.857501653235728,13.604890946015285,13.749239921569824,178600
1995-07-10,13.640980840688098,13.640980840688098,13.352282833477767,13.46054458618164,447600
1995-07-11,13.46053956366466,13.785324700589545,13.424452326228561,13.67706298828125,299000
1995-07-12,13.677055178190532,13.785316828677528,13.677055178190532,13.713142395019531,75600
1995-07-13,13.713150225717348,13.749237463153447,13.64097575084515,13.67706298828125,114600
1995-07-14,13.604890823364258,13.71315255405416,12.630535247155148,13.604890823364258,166400
1995-07-17,13.53271301730433,14.037934303283691,13.496625782591519,14.037934303283691,392400
1995-07-18,14.03792734648052,14.03792734648052,13.640967961361534,13.713142395019531,304200
1995-07-19,13.749237364691657,13.857499076224663,13.207928807026631,13.352277755737305,435000
1995-07-20,13.424456697829227,13.640980192955505,13.3522821994538,13.568805694580078,200000
1995-07-21,13.568797494000929,13.640971948756254,13.496623039245605,13.496623039245605,236800
1995-07-24,13.532716130453444,13.64097785949707,13.4966288874389,13.64097785949707,216000
1995-07-25,13.713150319364882,14.001848220825195,13.713150319364882,14.001848220825195,129600
1995-07-26,14.001844222532874,14.001844222532874,13.460535811867944,13.496623039245605,333000
1995-07-27,13.870399922740702,14.417915709164678,13.870399922740702,14.308412551879883,1419200
1995-07-28,14.308411116452561,14.308411116452561,14.089404823853798,14.162406921386719,375800
1995-07-31,14.162407995810495,14.162407995810495,14.052904841203715,14.125906944274902,165800
1995-08-01,14.08940459031325,14.235408782958984,14.052903542151817,14.235408782958984,285200
1995-08-02,14.271907073366611,14.271907073366611,14.162403950041547,14.198904991149902,170600
1995-08-03,14.052903175354004,14.162406316980139,14.016402128145291,14.052903175354004,179400
1995-08-04,14.08940459031325,14.271909831120418,14.016402493990384,14.235408782958984,212400
1995-08-07,14.235403475983773,14.235403475983773,14.05289830321475,14.089399337768555,184600
1995-08-08,14.089405892739308,14.125906944274902,14.01640378966812,14.125906944274902,155000
1995-08-09,14.125908395951473,14.125908395951473,13.943403119517992,13.979904174804688,230000
1995-08-10,13.979904805541668,14.052906919408727,13.724397407006965,13.797399520874023,227600
1995-08-11,13.906897376565372,13.906897376565372,13.614889032700482,13.651390075683594,303800
1995-08-14,13.724397407006965,13.833900577807553,13.651395293139906,13.797399520874023,127600
1995-08-15,13.833900832115335,13.833900832115335,13.61489448648818,13.724397659301758,113800
1995-08-16,13.760895848274231,13.760895848274231,13.43238639831543,13.43238639831543,168600
1995-08-17,13.505386927356458,13.505386927356458,13.249879607109174,13.322881698608398,196000
1995-08-18,13.468885243096263,13.906897771327035,13.468885243096263,13.833895683288574,291000
1995-08-21,13.83389512449503,14.016400337219238,13.760893039405346,14.016400337219238,281800
1995-08-22,13.943406105041504,13.943406105041504,13.833902915734896,13.943406105041504,226000
1995-08-23,13.870393130445727,14.089399337768555,13.833892095891922,14.089399337768555,297200
1995-08-24,14.089402422308922,14.198905549943447,14.016400337219238,14.016400337219238,340600
1995-08-25,14.016400903384728,14.016400903384728,13.797394639269342,13.833895683288574,228800
1995-08-28,13.870396727307805,13.870396727307805,13.797394639269342,13.833895683288574,414800
1995-08-29,13.87039042154948,13.87039042154948,13.651384256998698,13.687885284423828,352600
1995-08-30,13.687890954315662,14.016400337219238,13.65138991177082,14.016400337219238,414400
1995-08-31,13.943398252129555,14.05290137976408,13.906897209584713,14.016400337219238,803000
1995-09-01,13.979901677554416,14.2719100676861,13.979901677554416,14.162406921386719,233400
1995-09-05,14.198912791964373,14.417919158935547,14.12591066964065,14.417919158935547,459600
1995-09-06,14.381411326051962,14.563916545925718,14.381411326051962,14.454413414001465,529600
1995-09-07,14.417910039424896,14.600415229797363,14.381409001350402,14.600415229797363,412600
1995-09-08,14.563914817261043,14.746420015472335,14.563914817261043,14.709918975830078,507200
1995-09-11,14.67342033198776,14.892426605599518,14.636919286385801,14.855925559997559,283000
1995-09-12,14.855927115992497,15.257438659667969,14.855927115992497,15.257438659667969,605600
1995-09-13,15.257433985320615,15.58594332950216,15.184431908835828,15.549442291259766,757400
1995-09-14,15.476444479413507,15.549446576014514,15.4034423828125,15.4034423828125,365000
1995-09-15,15.695452098265744,15.695452098265744,15.585948944091797,15.585948944091797,334600
1995-09-18,15.695445908194628,15.768447982186231,15.658944871198827,15.73194694519043,364600
1995-09-19,15.695450060835508,15.695450060835508,15.549445874223085,15.622447967529297,330200
1995-09-20,15.622440634334788,15.622440634334788,15.476436516256893,15.512937545776367,294600
1995-09-21,15.512939533555365,15.512939533555365,15.074927123196154,15.147929191589355,343600
1995-09-22,14.96542723973592,15.36693870226542,14.96542723973592,15.330437660217285,316600
1995-09-25,15.439946050913829,15.549449214395487,15.293941832938284,15.476447105407715,116600
1995-09-26,15.403444996419942,15.549449214395487,15.366943941926056,15.476447105407715,130000
1995-09-27,15.476444479413507,15.476444479413507,15.29393923791099,15.4034423828125,103000
1995-09-28,15.4034423828125,15.476444479413507,15.29393923791099,15.4034423828125,106600
1995-09-29,15.366941334511997,15.439943431113004,15.330440286211493,15.4034423828125,130600
1995-10-02,15.403438480579911,15.403438480579911,15.038428090044842,15.111430168151855,232600
1995-10-03,14.965430264267626,15.257438659667969,14.78292501714241,15.257438659667969,383800
1995-10-04,15.147931207205364,15.18443224625887,15.001927050991336,15.111430168151855,141200
1995-10-05,15.03842787559216,15.184432029724121,15.001926837059168,15.184432029724121,147800
1995-10-06,15.184432655644018,15.293935775756836,15.00192745545599,15.293935775756836,617600
1995-10-09,15.257434106790102,15.330436183856085,15.14793099119113,15.184432029724121,223000
1995-10-10,15.111432879211275,15.147933924813236,14.782923468793639,14.855925559997559,188800
1995-10-11,14.965430972645583,15.038433074951172,14.855927819187201,15.038433074951172,185200
1995-10-12,15.038421723674393,15.038421723674393,14.892417629269787,15.001920700073242,195200
1995-10-13,15.038431221079604,15.695450060835508,15.038431221079604,15.622447967529297,397200
1995-10-16,15.622444367744553,15.622444367744553,15.512941253017372,15.549442291259766,128800
1995-10-17,15.512946841309166,15.585948944091797,15.439944738526535,15.585948944091797,166800
1995-10-18,15.622459791324758,15.804965162718739,15.622459791324758,15.768464088439941,478000
1995-10-19,15.731953019395881,15.987460377019481,15.731953019395881,15.914458274841309,414000
1995-10-20,15.877960332527687,15.914461390763384,15.804958216056296,15.841459274291992,175200
1995-10-23,15.841466236997535,15.841466236997535,15.731963014161146,15.768464088439941,237000
1995-10-24,15.76845215414172,15.841454247447931,15.622447967529297,15.622447967529297,384600
1995-10-25,15.549447055068313,15.6224491539184,15.257438659667969,15.257438659667969,317200
1995-10-26,14.971286137898762,15.340037027994791,14.897535959879557,15.155661582946777,1051600
1995-10-27,15.155661582946777,15.192536671956379,14.93441104888916,15.155661582946777,1429000
1995-10-30,15.045035692361687,15.340036392211916,15.045035692361687,15.340036392211914,287800
1995-10-31,15.413788784144893,15.598164248070072,15.376913691359857,15.5244140625,204400
1995-11-01,15.524412161804909,15.930038132778433,15.524412161804909,15.856287956237793,363600
1995-11-02,15.819414132171207,16.00378958825712,15.819414132171207,15.930039405822754,306800
1995-11-03,15.782535241756129,15.81941032409668,15.708785077075024,15.81941032409668,142600
1995-11-06,15.819408660816356,15.819408660816356,15.487532954645383,15.561283111572266,160800
1995-11-07,15.561283111572266,15.561283111572266,15.45065787618194,15.561283111572266,111400
1995-11-08,15.561296869122812,15.561296869122812,15.303171091672906,15.413796424865723,227400
1995-11-09,15.524416242966629,15.708791732788086,15.376915851109464,15.708791732788086,540000
1995-11-10,15.745664619210213,15.745664619210213,15.413788784144893,15.5244140625,275800
1995-11-13,15.487537384033203,15.561287562052408,15.340037027994791,15.376912117004395,158600
1995-11-14,15.34003639676406,15.524411834225166,15.34003639676406,15.450661659240723,56400
1995-11-15,15.376912117004395,15.413787206013996,15.340037027994791,15.376912117004395,274200
1995-11-16,15.303161304730637,15.413786567174473,15.303161304730637,15.340036392211914,347400
1995-11-17,15.413790949073755,15.745666830752377,15.413790949073755,15.708791732788086,151400
1995-11-20,15.708791732788086,15.930042320573833,15.524416242966629,15.708791732788086,277800
1995-11-21,15.70878342542603,15.782533582352913,15.561283111572266,15.561283111572266,475200
1995-11-22,16.077550011474045,16.188175355589692,15.85629932324275,15.966924667358398,1124000
1995-11-24,16.003789581649603,16.151289946457435,16.003789581649603,16.040664672851562,202200
1995-11-27,16.077536253335836,16.077536253335836,16.003786087036133,16.003786087036133,483200
1995-11-28,16.07754228109651,16.225042668996476,16.040667184121517,16.188167572021484,420400
1995-11-29,16.114414855255475,16.151289946457435,15.782539034437859,16.040664672851562,344600
1995-11-30,16.003799782063613,16.040674896768827,15.85629932324275,15.966924667358398,292200
1995-12-01,16.040661170185984,16.077536253335836,15.893160837586572,16.003786087036133,189000
1995-12-04,16.00379015971182,16.630666732788086,15.96691506717792,16.630666732788086,483400
1995-12-05,16.483164467972315,16.483164467972315,16.003788320134195,16.409414291381836,643200
1995-12-06,16.372539520263672,16.372539520263672,16.22503916422526,16.372539520263672,219000
1995-12-07,16.33566665649414,16.37254175052686,16.225041374395985,16.33566665649414,186200
1995-12-08,16.33566443125407,16.556914965311687,16.33566443125407,16.372539520263672,230400
1995-12-11,16.225041374395985,16.37254175052686,16.18816628036327,16.33566665649414,137400
1995-12-12,16.372544583718337,16.48316988495968,16.33566948330456,16.4462947845459,387000
1995-12-13,16.372539203086596,16.409414291381836,16.188163761610394,16.409414291381836,272600
1995-12-14,16.372539520263672,16.44628969828288,16.261914253234863,16.372539520263672,458800
1995-12-15,16.409412037242543,16.446287120472302,16.15128645463423,16.22503662109375,739600
1995-12-18,16.225050470294907,16.225050470294907,15.635048635011456,15.966924667358398,450200
1995-12-19,15.819410671286867,16.040661170185984,15.782535588137014,16.003786087036133,351400
1995-12-20,16.077546847668714,16.077546847668714,15.893171310424805,15.893171310424805,535600
1995-12-21,15.966915716166959,16.33566665649414,15.893165528101523,16.33566665649414,590800
1995-12-22,16.446291270118596,16.630666732788086,16.3725410850508,16.630666732788086,525600
1995-12-26,16.630670286614798,16.66754538702858,16.409419684132118,16.4462947845459,100800
1995-12-27,16.483165740966797,16.5200408321099,16.409415558680593,16.483165740966797,161000
1995-12-28,16.483170626914664,16.483170626914664,15.856293891662876,16.151294708251953,439000
1995-12-29,16.15128645463423,16.22503662109375,16.077536288174716,16.22503662109375,235600
1996-01-02,16.188168436288834,16.520044326782227,16.151293337345123,16.520044326782227,245200
1996-01-03,16.593791014396103,16.96254192582713,16.298790285251286,16.483165740966797,444400
1996-01-04,16.66754590419301,16.815046310424805,16.55692059951916,16.815046310424805,403200
1996-01-05,16.704421005750955,16.851921411982755,16.66754590419301,16.815046310424805,309600
1996-01-08,16.888791082220845,16.99941635131836,16.888791082220845,16.99941635131836,76200
1996-01-09,17.036291441017532,17.33129215861091,16.741290723424154,16.99941635131836,823600
1996-01-10,16.85191471529323,16.925664889101952,16.66753928077142,16.70441436767578,292600
1996-01-11,16.66753960488665,16.962540305858095,16.63066451726522,16.888790130615234,310800
1996-01-12,16.9256649017334,16.9256649017334,16.815039640937755,16.9256649017334,184000
1996-01-15,16.92566936751685,16.92566936751685,16.778168980871822,16.851919174194336,249600
1996-01-16,16.9256649017334,16.96253998866528,16.851914727869637,16.9256649017334,214400
1996-01-17,16.925668393010678,16.962543487548828,16.778168014858082,16.962543487548828,600000
1996-01-18,16.962537146233892,17.07316238849194,16.92566206548121,17.036287307739258,663200
1996-01-19,16.99942199576335,17.29442281130805,16.962546893820264,17.220672607421875,514800
1996-01-22,17.183797505478786,17.405048117137312,17.110047301592612,17.220672607421875,420800
1996-01-23,17.146913840852935,17.146913840852935,17.073163673795502,17.11003875732422,429200
1996-01-24,17.1100457318351,17.25754612607506,17.07317063327511,17.183795928955078,305000
1996-01-25,17.22993719166723,17.378791940623316,17.22993719166723,17.26715087890625,541000
1996-01-26,17.22993719166723,17.304364566145274,17.19272350442821,17.26715087890625,500400
1996-01-29,17.26715087890625,17.341578253384295,17.19272350442821,17.26715087890625,464000
1996-01-30,17.192725987588204,17.341580758043513,17.081084909746725,17.304367065429688,294200
1996-01-31,17.304367612047894,18.30913734436035,17.267153918258543,18.30913734436035,446000
1996-02-01,18.234697092434523,18.271910759970105,17.527637409258492,17.639278411865234,274800
1996-02-02,17.676503244763524,17.676503244763524,17.192725261222627,17.378793716430664,441800
1996-02-05,17.34158204436552,17.825360084229796,17.34158204436552,17.750932693481445,163000
1996-02-06,17.71371506055196,17.86256980895996,17.71371506055196,17.86256980895996,275200
1996-02-07,17.86257377960397,17.86257377960397,17.676505302733094,17.750932693481445,168200
1996-02-08,17.713712692260742,17.75092637438734,17.56485796375435,17.713712692260742,246800
1996-02-09,17.713717977879412,17.825359057571927,17.378794738801858,17.564863204956055,342400
1996-02-12,17.416003235247956,17.825353738640537,17.416003235247956,17.713712692260742,222800
1996-02-13,17.750919414471976,17.788133082007555,17.602064744329653,17.639278411865234,366800
1996-02-14,17.56485688357343,17.71371160292575,17.45321584405919,17.52764320373535,240400
1996-02-15,17.490435818494376,17.639290591417733,17.416008432032697,17.564863204956055,281200
1996-02-16,17.564860112616355,17.602073799295628,17.30436430586145,17.490432739257812,386400
1996-02-20,17.341578253384295,17.41600562786234,17.22993719166723,17.26715087890625,295800
1996-02-21,17.2299399658785,17.602076898186894,17.118298886185986,17.564863204956055,263200
1996-02-22,17.453219960424192,17.82535684657396,17.453219960424192,17.788143157958984,334200
1996-02-23,17.862567304320525,17.936994668088527,17.490430485480513,17.825353622436523,367200
1996-02-26,17.93698775214988,18.01141508722104,17.602064744329653,17.639278411865234,437600
1996-02-27,17.71371160292575,17.71371160292575,17.416002164221112,17.52764320373535,107800
1996-02-28,17.564860112616355,17.86256960605053,17.490432739257812,17.490432739257812,222000
1996-02-29,17.52764320373535,17.676497923087666,17.52764320373535,17.52764320373535,321400
1996-03-01,17.527647337654145,17.82535684657396,17.34157889457926,17.788143157958984,454000
1996-03-04,17.788139959778448,18.420772552490234,17.71371259593,18.420772552490234,338000
1996-03-05,18.234709956781654,18.30913734436035,18.0486414878349,18.30913734436035,432600
1996-03-06,18.234706285784824,18.309133658379864,18.197492599487305,18.197492599487305,139200
1996-03-07,18.197492599487305,18.271919972082344,18.085851540594746,18.197492599487305,202400
1996-03-08,18.123068149273212,18.123068149273212,17.11829845721905,17.41600799560547,485200
1996-03-11,17.267146060341283,17.267146060341283,16.708940907528525,16.969436645507812,668200
1996-03-12,17.043868688680643,17.043868688680643,16.485663382282805,16.78337287902832,641000
1996-03-13,16.857809257507324,16.932236671447754,16.74616813659668,16.74616813659668,579600
1996-03-14,16.746161534236027,17.56486276479868,16.746161534236027,17.41600799560547,582200
1996-03-15,17.49042258842159,17.49042258842159,17.229926932849356,17.453208923339844,407200
1996-03-18,17.45321925083796,17.86256980895996,17.341578189531962,17.86256980895996,323600
1996-03-19,18.01142824856144,18.01142824856144,17.49043652236338,17.974214553833008,393600
1996-03-20,17.974211464800607,17.974211464800607,17.63928826980432,17.899784088134766,264600
1996-03-21,17.82535612185796,17.89978349606196,17.750928747653962,17.86256980895996,188000
1996-03-22,17.937002020767054,18.12307050645966,17.937002020767054,18.048643112182617,421000
1996-03-25,18.048637854297226,18.309133658379864,18.048637854297226,18.197492599487305,299000
1996-03-26,18.16027904243626,18.420774848372847,18.048637982749153,18.085851669311523,236600
1996-03-27,18.048641943289873,18.048641943289873,17.75093238546241,17.974214553833008,241200
1996-03-28,17.713715513875663,18.011425018310547,17.63928813776694,18.011425018310547,256800
1996-03-29,17.93699478502033,17.93699478502033,17.602071645880947,17.713712692260742,234800
1996-04-01,17.862573893897586,18.16028345879588,17.8253601982853,18.123069763183594,150400
1996-04-02,18.12306181077034,18.60683964144799,18.04863445220455,18.457984924316406,383800
1996-04-03,18.569626453399657,18.606840133666992,18.01142124938965,18.606840133666992,796800
1996-04-04,18.495207097795273,18.75570297241211,18.495207097795273,18.75570297241211,1073600
1996-04-08,18.085856809321136,18.234711597875222,18.011429415044095,18.048643112182617,566800
1996-04-09,18.123065226892265,18.197492599487305,18.048637854297226,18.197492599487305,369800
1996-04-10,18.197492599487305,18.309133658379864,18.160278913189785,18.197492599487305,728000
1996-04-11,18.160269757363363,18.160269757363363,17.41599640665175,17.639278411865234,478600
1996-04-12,17.713712692260742,17.93699478502033,17.676499010134144,17.713712692260742,316400
1996-04-15,17.78814723221297,18.048643112182617,17.676506140797407,18.048643112182617,367400
1996-04-16,18.08585518162425,18.30913734436035,17.974214100256198,18.30913734436035,531800
1996-04-17,18.160276300309874,18.30913102408291,18.123062619366618,18.27191734313965,243600
1996-04-18,18.19749272899863,18.19749272899863,17.862569549937305,18.085851669311523,294200
1996-04-19,18.048641056310935,18.271923213708597,18.048641056310935,18.160282135009766,124000
1996-04-22,18.085854020410654,18.532418317210915,18.085854020410654,18.234708786010742,335200
1996-04-23,18.160276300309874,18.27191734313965,18.08584893842336,18.27191734313965,165000
1996-04-24,18.123068442110156,18.234709520808988,18.048641056310935,18.160282135009766,137000
1996-04-25,18.13774299621582,18.287952047944316,17.987533944487325,18.13774299621582,317400
1996-04-26,18.062650951896746,18.28796468518444,17.987546374134183,18.212860107421875,434400
1996-04-29,18.10019458786713,18.137746858796316,17.912433233221204,17.94998550415039,523600
1996-04-30,17.799779098574852,17.987540481471214,17.762226821995583,17.8748836517334,493800
1996-05-01,17.83733570829351,17.87488799399518,17.612021994083484,17.649574279785156,419400
1996-05-02,17.499361116818907,17.499361116818907,17.274047454370592,17.311599731445312,436600
1996-05-03,17.23648796081543,17.386697006225585,17.086278915405273,17.27404022216797,320600
1996-05-06,17.198950128895895,17.236502421753748,16.74832261460168,16.823427200317383,445400
1996-05-07,16.898527040586366,17.19894529908568,16.82342247596154,17.086288452148438,419000
1996-05-08,16.748316735679925,17.274048651149702,16.6732121763271,17.198944091796875,815000
1996-05-09,17.12383953244405,17.198944091796875,17.086287252767637,17.198944091796875,359600
1996-05-10,17.42426028272113,17.874887703825987,17.349155712536987,17.499364852905273,365000
1996-05-13,17.536905673405673,17.687114715576172,17.386696631235175,17.687114715576172,372800
1996-05-14,17.79978069208436,17.874885251966575,17.649571572319935,17.72467613220215,640800
1996-05-15,17.649574279785156,17.724678851188497,17.612021994083484,17.649574279785156,306800
1996-05-16,17.649571263892017,17.687123543176895,17.461809867467636,17.574466705322266,461200
1996-05-17,17.574460596926432,17.649565129391927,17.461803798228186,17.61201286315918,338400
1996-05-20,17.64956245503355,17.724666976118797,17.5744579339483,17.687114715576172,206600
1996-05-21,17.687114715576172,17.687114715576172,17.5744579339483,17.687114715576172,260800
1996-05-22,17.724666976118797,17.799771497204045,17.5744579339483,17.687114715576172,297000
1996-05-23,17.612010951786605,17.799772262573242,17.53690642747195,17.799772262573242,647400
1996-05-24,17.72466773825859,17.83732452473057,17.64956321394393,17.799772262573242,221400
1996-05-28,17.837332972025468,17.949989811848784,17.649571572319935,17.72467613220215,163400
1996-05-29,17.72467613220215,17.762228412143255,17.687123852261042,17.72467613220215,319200
1996-05-30,17.64956359379387,17.76222038269043,17.574459067862836,17.76222038269043,282800
1996-05-31,17.79978069208436,17.79978069208436,17.687123852261042,17.72467613220215,234800
1996-06-03,17.68712226883704,17.8748836517334,17.612017715678494,17.8748836517334,338400
1996-06-04,17.987545569574564,18.2879638671875,17.91244099517133,18.2879638671875,554200
1996-06-05,18.212859292784266,18.325516154389117,18.02509785677618,18.2879638671875,236600
1996-06-06,18.287953213850656,18.287953213850656,17.94998282591502,18.025087356567383,253200
1996-06-07,17.837332972025468,17.949989811848784,17.72467613220215,17.72467613220215,242600
1996-06-10,17.762228412143255,17.91243753190768,17.687123852261042,17.72467613220215,136400
1996-06-11,17.687123852261042,17.837332972025468,17.574467012437722,17.72467613220215,244800
1996-06-12,17.61201929237883,17.762228412143255,17.461810172614406,17.72467613220215,506200
1996-06-13,17.72466811972491,17.83732490862147,17.64956359379387,17.76222038269043,189200
1996-06-14,17.64956245503355,17.687114715576172,17.49935341286305,17.687114715576172,172200
1996-06-17,17.72466811972491,17.874877171586984,17.64956359379387,17.76222038269043,132400
1996-06-18,17.87488096229202,18.02509004600876,17.837328691362835,17.94998550415039,451600
1996-06-19,17.91243753190768,17.949989811848784,17.72467613220215,17.72467613220215,213400
1996-06-20,17.799780381031525,17.837332660316402,17.536914426037388,17.574466705322266,241600
1996-06-21,17.612018984607143,17.612018984607143,17.42425758818276,17.574466705322266,451400
1996-06-24,17.574467012437722,17.762228412143255,17.574467012437722,17.72467613220215,98600
1996-06-25,17.799783422591837,17.87488799399518,17.612021994083484,17.649574279785156,170200
1996-06-26,17.7246752521937,18.02509347680715,17.7246752521937,17.98754119873047,241600
1996-06-27,17.9499816815552,18.250399785012192,17.874877155690953,18.13774299621582,212000
1996-06-28,18.250410930219903,18.701038360595703,18.250410930219903,18.701038360595703,491600
1996-07-01,18.701032574086728,18.8887939453125,18.58837575135127,18.8887939453125,274800
1996-07-02,18.888787841039992,18.96389236525884,18.851235578930567,18.926340103149414,405200
1996-07-03,18.963891983032227,19.001444244384764,18.77613067626953,18.963891983032227,196400
1996-07-05,18.70102960063565,18.77613413718439,18.588372795812546,18.625925064086914,170000
1996-07-08,18.400610009829204,18.400610009829204,17.9875350912412,18.025087356567383,138000
1996-07-09,17.98754119873047,18.02509347680715,17.874884364500424,17.98754119873047,269200
1996-07-10,17.94999760649556,18.062654495239258,17.874893013999763,18.062654495239258,163600
1996-07-11,18.025092287182314,18.1753013895755,17.949987735985722,18.100196838378906,237000
1996-07-12,17.987544091150102,18.400619216416597,17.949991807034966,18.250410079956055,199400
1996-07-15,18.100191907380758,18.137744172748764,17.799773784436677,17.837326049804688,106800
1996-07-16,17.72467356714709,17.72467356714709,17.048732626027075,17.42425537109375,467800
1996-07-17,17.499356064460933,17.799774194322925,17.34914699952994,17.61201286315918,240200
1996-07-18,17.687116988332647,17.874878315172698,17.461803396124587,17.837326049804688,231600
1996-07-19,17.799783133641842,17.874887703825987,17.4618125678132,17.499364852905273,186600
1996-07-22,17.424251531995438,17.724669661857426,17.386699265762687,17.61201286315918,159800
1996-07-23,17.612010194490924,17.83732375774667,17.5744579339483,17.687114715576172,170400
1996-07-24,17.38670530889788,17.612018984607143,17.349153029613007,17.574466705322266,194400
1996-07-25,17.741266668713912,18.158262252807617,17.741266668713912,18.158262252807617,527400
1996-07-26,18.158257189947648,18.575252657775255,18.158257189947648,18.537343978881836,372000
1996-07-29,18.53735011300923,18.53735011300923,18.30989796438335,18.42362403869629,176400
1996-07-30,18.499441421571582,18.499441421571582,18.347806655820996,18.42362403869629,254400
1996-07-31,18.271989001602424,18.499441146850586,18.158262928978342,18.499441146850586,250400
1996-08-01,18.42362403869629,18.461532730133936,18.347806655820996,18.42362403869629,247400
1996-08-02,18.499440604109104,18.65107536315918,18.30989715529651,18.65107536315918,418000
1996-08-05,18.80270473113577,18.916430767816024,18.537343978881836,18.537343978881836,263400
1996-08-06,18.613160839429007,18.72688687307114,18.575252161548296,18.68897819519043,99000
1996-08-07,18.575252161548296,18.72688687307114,18.499434805786876,18.68897819519043,116200
1996-08-08,18.764794814084958,18.91642951965332,18.613160108516592,18.91642951965332,106800
1996-08-09,18.992251690197367,19.371338550281145,18.878525632172234,19.181795120239258,297400
1996-08-12,19.143888746530823,19.143888746530823,18.878527912420495,19.068071365356445,120000
1996-08-13,19.03015542602539,19.06806410217285,18.916429397583006,18.95433807373047,130400
1996-08-14,18.916431680291712,18.916431680291712,18.80270563812563,18.840614318847656,165600
1996-08-15,18.84061228893847,19.06806434876469,18.802703612300768,18.878520965576172,209600
1996-08-16,18.954339357885985,19.143882751464844,18.91643067917021,19.143882751464844,296600
1996-08-19,19.143880245732326,19.37133228825588,19.1059715719784,19.333423614501953,200400
1996-08-20,19.295514940748028,19.37133228825588,19.295514940748028,19.333423614501953,229400
1996-08-21,19.333424669630983,19.674602752036236,19.333424669630983,19.598785400390625,732400
1996-08-22,19.63669573686486,19.71251309492225,19.598787057836162,19.674604415893555,447200
1996-08-23,19.5987931665524,19.674610548241194,19.560884475708008,19.560884475708008,251200
1996-08-26,19.560881182551384,19.560881182551384,19.295520391315222,19.40924644470215,226600
1996-08-27,19.40923893101761,19.40923893101761,19.333421591443322,19.37133026123047,153400
1996-08-28,19.33342946770149,19.371338152932278,19.295520782470703,19.295520782470703,87800
1996-08-29,19.33342986427277,19.33342986427277,19.1059777482225,19.181795120239258,179000
1996-08-30,19.257612228393555,19.333429599371485,19.257612228393555,19.257612228393555,209600
1996-09-03,19.143886041547553,19.371338152932278,19.105977356316767,19.295520782470703,301400
1996-09-04,19.219695582081894,19.37133026123047,19.219695582081894,19.37133026123047,206400
1996-09-05,19.333422769329506,19.37133144142623,18.992244720458984,18.992244720458984,306400
1996-09-06,18.992253848484584,19.18179730006627,18.916436467851913,19.105979919433594,204800
1996-09-09,19.181794726778342,19.371338152932278,19.143886041547553,19.295520782470703,227200
1996-09-10,19.257612228393555,19.333429599371485,19.18179485741563,19.257612228393555,208600
1996-09-11,19.257612097239917,19.33342946770149,19.181794726778342,19.295520782470703,173800
1996-09-12,19.29552091388252,19.371338284860446,19.219703542904593,19.257612228393555,362600
1996-09-13,19.333426799588988,19.560878879584155,19.333426799588988,19.52297019958496,399800
1996-09-16,19.485055923461914,19.522964592573707,19.409238585238327,19.485055923461914,202200
1996-09-17,19.485061020750074,19.788330452979647,19.409243662692678,19.674604415893555,382200
1996-09-18,19.674608098543608,19.71251678466797,19.598790726294887,19.71251678466797,171200
1996-09-19,19.674602752036236,19.71251142785904,19.56087672456782,19.598785400390625,105800
1996-09-20,19.78833250097326,19.82624118392532,19.560880403260928,19.63669776916504,463800
1996-09-23,19.560878008261493,19.826238756435586,19.485060651640328,19.788330078125,111200
1996-09-24,19.826242446899414,19.902059817633255,19.71251639079865,19.826242446899414,425800
1996-09-25,19.78833173067515,19.977875138057097,19.712514367722374,19.86414909362793,190800
1996-09-26,20.015785609654017,20.015785609654017,19.826242185320172,19.90205955505371,183000
1996-09-27,19.902063926213533,19.93997261940632,19.712520460249593,19.750429153442383,93800
1996-09-30,19.750418661165888,19.750418661165888,19.409240603679336,19.4471492767334,285200
1996-10-01,19.52297172030887,19.674606452117093,19.4092456714527,19.63669776916504,211200
1996-10-02,19.560885687478443,19.826246539827956,19.48506830109287,19.750429153442383,702000
1996-10-03,19.71251142785904,19.71251142785904,19.598785400390625,19.598785400390625,727400
1996-10-04,19.674610548241194,19.674610548241194,19.52297578486361,19.560884475708008,407000
1996-10-07,19.560880403260928,19.750423818021208,19.52297172030887,19.63669776916504,427400
1996-10-08,19.674608098543608,19.826242843041054,19.674608098543608,19.71251678466797,340600
1996-10-09,19.33342907577753,19.485063813626766,19.181794337928295,19.40924644470215,489800
1996-10-10,19.409242021276597,19.598785400390625,19.333424669630983,19.598785400390625,179200
1996-10-11,19.59879438067123,19.78833784663517,19.59879438067123,19.750429153442383,354600
1996-10-14,19.71251639079865,19.939968503000173,19.71251639079865,19.826242446899414,222600
1996-10-15,19.864151132266333,19.902059817633255,19.750425076165573,19.826242446899414,191200
1996-10-16,19.788330452979647,19.826239132008343,19.52296969977877,19.674604415893555,115400
1996-10-17,19.71251736047133,20.20533029448311,19.674608673239653,20.091604232788086,411600
1996-10-18,20.09159481142329,20.129503480878803,19.90205146414571,20.053686141967773,119200
1996-10-21,20.015782147988507,20.129508182920258,19.788330078125,19.788330078125,184800
1996-10-22,19.560881391252792,19.939968239920482,19.560881391252792,19.90205955505371,302800
1996-10-23,19.86415210939803,20.31905635617814,19.826243422166357,20.091604232788086,484000
1996-10-24,19.648179297955704,19.648179297955704,18.65430252412915,18.998336791992188,2147600
1996-10-25,18.960116129072883,19.26592445373535,18.921890088490077,19.26592445373535,1105000
1996-10-28,19.265928426750094,19.45705866907896,19.227702378284317,19.34238052368164,503800
1996-10-29,19.342373082018273,19.418825149536133,19.265921014500417,19.418825149536133,313600
1996-10-30,19.4952806972322,19.571732778397816,19.26592445373535,19.26592445373535,183600
1996-10-31,19.18946752680936,19.265919588669156,19.15124149587946,19.227693557739258,315400
1996-11-01,19.1894588470459,19.3041368879645,19.151232833406365,19.1894588470459,283400
1996-11-04,19.227693557739258,19.227693557739258,19.113015464949562,19.227693557739258,262800
1996-11-05,19.22769754995214,19.457053783152364,19.151245472218733,19.304149627685547,342800
1996-11-06,19.265919506549835,19.648179814219475,19.265919506549835,19.571727752685547,326600
1996-11-07,19.57172644184363,19.91576069570416,19.57172644184363,19.801082611083984,1058800
1996-11-08,19.80107922024197,19.953983306884766,19.80107922024197,19.953983306884766,416000
1996-11-11,19.953989218209536,20.221571449105067,19.91576318522446,20.030441284179688,222000
1996-11-12,20.06865692138672,20.145108947753904,20.030430908203126,20.06865692138672,243000
1996-11-13,20.106891827149823,20.22156991741874,20.068665797060188,20.1833438873291,281400
1996-11-14,20.183349782116007,20.412706029640052,20.183349782116007,20.259801864624023,362600
1996-11-15,20.259793789587288,20.565601997732003,20.259793789587288,20.450923919677734,722600
1996-11-18,20.450924972989664,20.489151000976562,20.336246889028978,20.489151000976562,432600
1996-11-19,20.45092621628119,20.64205636783522,20.45092621628119,20.603830337524414,472200
1996-11-20,20.603828144932653,21.368348669791008,20.603828144932653,21.215444564819336,701000
1996-11-21,21.215444524237448,21.559478759765625,21.177218498067653,21.559478759765625,426800
1996-11-22,21.559475798706906,21.865283966064453,21.559475798706906,21.865283966064453,748800
1996-11-25,21.865283966064453,21.865283966064453,21.788831924225065,21.865283966064453,936200
1996-11-26,21.78883829100061,21.94174241935851,21.674160194732185,21.750612258911133,404800
1996-11-27,21.827066051476425,21.86529208659285,21.635935875894322,21.674161911010742,444200
1996-11-29,21.750612258911133,21.78883829100061,21.674160194732185,21.750612258911133,106600
1996-12-02,21.712387760128596,21.712387760128596,21.406579481816927,21.59770965576172,633000
1996-12-03,21.597702664412637,21.674154709242416,21.406572552338186,21.48302459716797,476800
1996-12-04,21.444799423217773,21.521251471072382,21.33012135143586,21.444799423217773,670000
1996-12-05,21.406572552338186,21.674154709242416,21.406572552338186,21.48302459716797,396200
1996-12-06,21.40657339929047,21.483025447145078,21.25366930358125,21.444799423217773,323800
1996-12-09,21.444805516605886,21.59770965576172,21.406579481816927,21.59770965576172,258200
1996-12-10,21.63593709845292,21.94174539666427,21.5977110611765,21.788841247558594,198800
1996-12-11,21.63593898902852,21.63593898902852,21.100774420395307,21.368356704711914,450400
1996-12-12,21.521250619582858,21.674154709242416,21.368346529923297,21.48302459716797,769000
1996-12-13,21.444801530448412,21.52125358581543,21.406575502764902,21.52125358581543,1042000
1996-12-16,21.444810501286682,21.750618850681143,21.444810501286682,21.712392807006836,535600
1996-12-17,21.559477494999687,21.635929542854296,21.368347375363165,21.444799423217773,854000
1996-12-18,21.521252733595826,21.559478759765625,21.406574655086434,21.559478759765625,447400
1996-12-19,21.521249777787215,21.865283966064453,21.48302375686752,21.865283966064453,255600
1996-12-20,22.018190151626822,22.2857723236084,21.750607979645245,22.2857723236084,559200
1996-12-23,22.209319219556463,22.285771265062678,22.132867174050244,22.24754524230957,123200
1996-12-24,22.28576766628109,22.400445716021814,22.28576766628109,22.323993682861328,192000
1996-12-26,22.28576766628109,22.476897749182296,22.28576766628109,22.323993682861328,188800
1996-12-27,22.285778231498522,22.43868237030812,22.24755219679612,22.36223030090332,93600
1996-12-30,22.40045018942959,22.40045018942959,22.17109404414533,22.209320068359375,98200
1996-12-31,22.171096603763147,22.209322632390325,22.056418517881614,22.09464454650879,295600
1997-01-02,22.094640306479423,22.094640306479423,21.597702029690094,21.941736221313477,486800
1997-01-03,21.97996392307511,22.209320068359375,21.97996392307511,22.209320068359375,552200
1997-01-06,22.132868225333212,22.36222437274599,22.132868225333212,22.2857723236084,519000
1997-01-07,22.209315633120603,22.323993682861328,22.17108961654036,22.323993682861328,361400
1997-01-08,22.324004634734123,22.515134811401367,22.324004634734123,22.515134811401367,519000
1997-01-09,22.438683600652787,22.70626585824149,22.4004575638544,22.476909637451172,404200
1997-01-10,22.247541649700846,22.323993682861328,22.09463758337988,22.323993682861328,663800
1997-01-13,22.40045792347676,22.62981414794922,22.324005848652607,22.62981414794922,442600
1997-01-14,22.668040544394678,22.782718658447266,22.668040544394678,22.782718658447266,289000
1997-01-15,22.78271901448568,22.935623168945312,22.70626693725586,22.935623168945312,260600
1997-01-16,22.935622810517383,22.935622810517383,22.70626658241221,22.782718658447266,161000
1997-01-17,22.820934931437172,23.050291061401367,22.820934931437172,23.050291061401367,343800
1997-01-20,22.93561299641927,23.203195148044163,22.93561299641927,23.050291061401367,297000
1997-01-21,22.85915800582531,23.012062072753906,22.668027922164562,23.012062072753906,372600
1997-01-22,23.08852732340495,23.12675336201986,22.820945053100587,22.935623168945312,322400
1997-01-23,23.105065537142313,23.413133077637543,22.758489554085177,22.835506439208984,328000
1997-01-24,22.796987495166345,23.02803804410384,22.71997064552051,22.951021194458008,432400
1997-01-27,22.796990351316307,23.028040929201268,22.796990351316307,22.91251564025879,332400
1997-01-28,23.028040929201268,23.105057788496257,22.796990351316307,22.91251564025879,240200
1997-01-29,22.873996753692627,23.10504722595215,22.873996753692627,23.10504722595215,207600
1997-01-30,23.105050079093495,23.297592163085938,23.066541662295005,23.297592163085938,107200
1997-01-31,23.297592163085938,23.374608996682916,23.066541662295005,23.297592163085938,220200
1997-02-03,23.259084701538086,23.259084701538086,23.066542609637935,23.259084701538086,229800
1997-02-04,23.182064050038658,23.22057246208191,23.028030401865642,23.10504722595215,130000
1997-02-05,23.182074647791243,23.259091507086232,22.8354987809638,22.91251564025879,425200
1997-02-06,23.10506322700989,23.605672930261772,23.066554788298205,23.45163917541504,501400
1997-02-07,23.33609962463379,23.87521743774414,23.29759120941162,23.798200607299805,598400
1997-02-10,23.721195220947266,23.798212088547743,23.682686787147027,23.721195220947266,377800
1997-02-11,23.682686787147027,23.99075425754894,23.682686787147027,23.721195220947266,444400
1997-02-12,23.721189425541805,24.106273669462936,23.682681001149692,24.02925682067871,282200
1997-02-13,23.682681868080103,24.298816680908203,23.682681868080103,24.298816680908203,365200
1997-02-14,24.298819526841367,24.529870108713077,24.260311096529417,24.33732795715332,276600
1997-02-18,24.4143552464763,24.491372139998308,24.337338352954294,24.452863693237305,255200
1997-02-19,24.414344817777224,24.491361678401127,24.298819526841367,24.33732795715332,378400
1997-02-20,24.26031412703268,24.337330997277224,23.875229775809938,23.990755081176758,347200
1997-02-21,23.990755081176758,24.221805691910404,23.952246646054483,23.990755081176758,375000
1997-02-24,23.875234548685253,24.029268319967095,23.875234548685253,23.952251434326172,310600
1997-02-25,23.89294863048988,24.394739151000977,23.854349359681333,24.394739151000977,439200
1997-02-26,24.24033953166274,24.24033953166274,23.970144664271597,24.201740264892578,370200
1997-02-27,24.0859439868282,24.163142525247522,23.93154690998956,23.97014617919922,478000
1997-02-28,23.777157096552656,24.008752782558037,23.69995853455086,23.738557815551758,203200
1997-03-03,23.661357879638672,23.854354273436705,23.545560043359853,23.661357879638672,171000
1997-03-04,23.77716064453125,23.815759931291854,23.468366350446427,23.50696563720703,308200
1997-03-05,23.506961865858596,23.89295467153772,23.468362585290684,23.777156829833984,304800
1997-03-06,23.854354273436705,23.89295355219631,23.58415932211946,23.661357879638672,320400
1997-03-07,23.661357879638672,23.970152109715524,23.58415932211946,23.661357879638672,451800
1997-03-10,23.661357216607957,24.31754493713379,23.661357216607957,24.31754493713379,284000
1997-03-11,24.240355930971297,24.240355930971297,23.931561587901598,24.047359466552734,561400
1997-03-12,24.008752782558037,24.08595134455983,23.69995853455086,23.738557815551758,138200
1997-03-13,23.622753282256472,23.622753282256472,23.275359851635056,23.3139591217041,210200
1997-03-14,23.275371261197105,23.622764862110493,23.1209741052356,23.584165573120117,552800
1997-03-17,23.545547282913233,23.545547282913233,23.275352478027344,23.275352478027344,464400
1997-03-18,23.275369916643417,23.738561357770646,23.275369916643417,23.50696563720703,396200
1997-03-19,23.468353373209638,23.468353373209638,23.15955924987793,23.15955924987793,461200
1997-03-20,23.082369648909367,23.082369648909367,22.773575406114592,22.966571807861328,515600
1997-03-21,23.082356188823137,23.39115025154987,23.043756930982298,23.275352478027344,201400
1997-03-24,23.429762207081033,23.661357879638672,23.429762207081033,23.661357879638672,458200
1997-03-25,23.718002977042364,23.95015308774751,23.563236236572266,23.563236236572266,298400
1997-03-26,23.524537733734633,23.95014614668049,23.485846059830465,23.60192108154297,344200
1997-03-27,23.64062298878585,23.75669806074388,23.29239777291175,23.44716453552246,660200
1997-03-31,23.44715654033504,23.44715654033504,22.59593963623047,22.59593963623047,566200
1997-04-01,22.51855628131187,22.712014668608365,22.24771453909678,22.59593963623047,236400
1997-04-02,22.441168612008415,22.441168612008415,21.744718551635742,21.744718551635742,425000
1997-04-03,21.744723478103065,22.015565229609688,21.473881726596446,21.706031799316406,529400
1997-04-04,21.589967855265442,22.054268239249648,21.589967855265442,21.976884841918945,273200
1997-04-07,22.131645438597374,22.59594569255396,22.131645438597374,22.51856231689453,208800
1997-04-08,22.557242620716927,22.557242620716927,22.17032593768576,22.247709274291992,433200
1997-04-09,22.286409703696645,22.479868121263458,22.17033465315656,22.209026336669922,417000
1997-04-10,22.17032270214395,22.36378101542618,22.054247714174608,22.092939376831055,462200
1997-04-11,21.93819126716027,21.97688296251681,21.12566566467285,21.12566566467285,554000
1997-04-14,21.20303931386105,21.20303931386105,20.816122538060668,20.93219757080078,587800
1997-04-15,21.357798953708127,21.706023936649018,21.241723959394495,21.51256561279297,455200
1997-04-16,21.35780778612409,21.667341232299805,21.35780778612409,21.667341232299805,614600
1997-04-17,21.667335211594335,21.783410221656446,21.47387686149081,21.744718551635742,488400
1997-04-18,21.822107789377686,22.015566191765785,21.822107789377686,21.938182830810547,317800
1997-04-21,22.054255103376367,22.054255103376367,21.396496617837073,21.43518829345703,461000
1997-04-22,21.435189427738695,21.97687291508227,21.435189427738695,21.860797882080078,635200
1997-04-23,21.783426348592194,22.092959937914998,21.783426348592194,21.976884841918945,345000
1997-04-24,23.090859016457316,23.090859016457316,22.778820381099784,22.973844528198242,553200
1997-04-25,22.934831724495723,22.934831724495723,22.622793197631836,22.622793197631836,422200
1997-04-28,22.62279828931038,23.012846535677802,22.62279828931038,22.895832061767578,224200
1997-04-29,23.090851921763846,24.026967540213732,23.051847104328434,23.98796272277832,513600
1997-04-30,24.026973724365234,24.22199786173833,23.714935104568283,24.026973724365234,402800
1997-05-01,23.90994884928719,24.10497290189149,23.51990074407859,23.79293441772461,134800
1997-05-02,23.831940091040828,24.221988210370462,23.675920843308973,24.1829833984375,279600
1997-05-05,24.221990939549038,24.573034286499023,23.90995240892683,24.573034286499023,482000
1997-05-06,24.573033771243708,24.846067479813083,24.456019324713974,24.690048217773438,192000
1997-05-07,24.69006184387207,24.69006184387207,24.339018310546873,24.378023147583008,221800
1997-05-08,24.299993505888576,24.65103675075695,24.143974285947078,24.456012725830078,371400
1997-05-09,24.534040769944056,24.924089112868444,24.3780214327743,24.72906494140625,176200
1997-05-12,24.768052093649587,25.04108573877643,24.729047287202892,24.84606170654297,554400
1997-05-13,24.963083919167328,24.963083919167328,24.49502609568294,24.53403091430664,203000
1997-05-14,24.690050188801436,24.690050188801436,24.49502609568294,24.53403091430664,251800
1997-05-15,24.456011295318604,24.65103530883789,24.104968070983887,24.65103530883789,380000
1997-05-16,24.651041067329942,24.651041067329942,24.339002572806777,24.49502182006836,256200
1997-05-19,24.573030940326383,24.651040562359164,24.534026129309993,24.612035751342773,145800
1997-05-20,24.651041067329942,24.651041067329942,24.339002572806777,24.49502182006836,366200
1997-05-21,24.49502182006836,24.534026631883755,24.378007384622173,24.49502182006836,232000
1997-05-22,24.534034359149445,24.612044007350235,24.33901023864746,24.33901023864746,290600
1997-05-23,24.456011295318604,24.768049716949463,24.456011295318604,24.65103530883789,180600
1997-05-27,24.495037658691405,24.534042495727537,24.339018310546873,24.378023147583008,134800
1997-05-28,24.33901023864746,24.45602471094865,24.261000590446667,24.33901023864746,149400
1997-05-29,24.456017008252964,24.57303144369915,24.339002572806777,24.49502182006836,164800
1997-05-30,24.378009693694153,24.72905303328335,24.260995247164423,24.690048217773438,190200
1997-06-02,24.76805550277613,24.76805550277613,24.417012196437568,24.49502182006836,134400
1997-06-03,24.573034286499023,24.651043919154578,24.41701502118792,24.573034286499023,133900
1997-06-04,24.182983325545194,24.651041067329942,24.182983325545194,24.49502182006836,102700
1997-06-05,24.573034178874337,24.885072708129883,24.49502454656045,24.885072708129883,239500
1997-06-06,24.807063075815996,25.04109197275766,24.72905344350211,24.885072708129883,188400
1997-06-09,24.963091571514422,25.82119784428523,24.963091571514422,25.353139877319336,255600
1997-06-10,25.665179080273735,25.899208068847656,25.509159754557782,25.899208068847656,328900
1997-06-11,26.133214933378202,26.133214933378202,25.665157352481877,25.977195739746094,198100
1997-06-12,26.13321687469035,26.67928409296746,25.977197669468318,26.601274490356445,123700
1997-06-13,26.44526678589048,26.757305332036683,26.21123787628083,26.289247512817383,167200
1997-06-16,26.52327048402803,27.381376293805406,26.52327048402803,27.225357055664062,225500
1997-06-17,27.22536840737715,27.38138771057129,27.06934910418301,27.38138771057129,301100
1997-06-18,27.30338478088379,27.459404122488838,27.147365439278737,27.30338478088379,158200
1997-06-19,27.381384302358157,28.8635674982123,27.381384302358157,28.551528930664062,487300
1997-06-20,28.6295290520178,29.019577131745564,28.083461740398935,28.23948097229004,706600
1997-06-23,28.161481244997546,28.31750053167343,27.459394454956055,27.459394454956055,432200
1997-06-24,27.30336517891971,28.161470941685756,26.913317104935143,27.732418060302734,357700
1997-06-25,27.732415666819282,28.356492531332798,27.732415666819282,28.005449295043945,246600
1997-06-26,28.239490341769248,28.473519267253526,27.57640838623047,27.57640838623047,211000
1997-06-27,27.77144280569894,28.161491159711563,27.30338478088379,27.30338478088379,124200
1997-06-30,27.459398980676774,27.693427949262087,26.211244481555102,26.367263793945312,309400
1997-07-01,26.83531379699707,27.771429394566738,26.67929453073546,26.83531379699707,329300
1997-07-02,26.991322082690736,28.083456502221576,26.991322082690736,27.810422897338867,218700
1997-07-03,27.849443728498404,28.317501606288292,27.849443728498404,28.20048713684082,115300
1997-07-07,28.551525274912514,28.70754453870985,28.083467483520508,28.083467483520508,132300
1997-07-08,27.61541322801934,28.70754821443818,27.576408407075807,28.551528930664062,401100
1997-07-09,28.707541341145834,29.79967606608073,28.707541341145834,29.25360870361328,451800
1997-07-10,29.17560201050133,29.17560201050133,28.395505700060117,29.019582748413086,256700
1997-07-11,29.01957840798857,29.331616885493823,29.01957840798857,29.292612075805664,141900
1997-07-14,29.136596260687732,29.33162033204441,28.863562560788385,28.941572189331055,196800
1997-07-15,28.707548903396237,29.136601944071998,28.707548903396237,29.097597122192383,183200
1997-07-16,29.05857801437378,29.409621238708496,29.05857801437378,29.33161163330078,267000
1997-07-17,29.175600474890803,29.409629355705434,28.94157159407617,29.370624542236328,107600
1997-07-18,29.292610787555,29.292610787555,28.200476164317262,28.23948097229004,306000
1997-07-21,28.161475994931255,28.70754339649502,27.849437479751963,28.629533767700195,104400
1997-07-22,29.01958814922132,29.643665313720703,28.395510984721938,29.643665313720703,255800
1997-07-23,29.643666954238178,30.228739328334985,29.409638004599458,30.111724853515625,432100
1997-07-24,29.966196715988197,30.005317077236224,28.870826601043458,29.809715270996094,374000
1997-07-25,29.966185612465022,29.966185612465022,28.753454863135495,28.831695556640625,360200
1997-07-28,28.792573860900042,29.027295930418248,28.08840765234542,28.557851791381836,289600
1997-07-29,28.40137926562802,28.714342122549542,28.010175694476118,28.4796199798584,420200
1997-07-30,28.32312972186363,28.557851791381836,27.814565237907512,28.557851791381836,463200
1997-07-31,28.55786463240503,28.55786463240503,27.77545738220215,27.77545738220215,756400
1997-08-01,28.010173156481834,28.28401563147537,27.579849267206274,27.93193244934082,266100
1997-08-04,27.77545730823295,28.323142381916416,27.736336945826988,28.244901657104492,333500
1997-08-05,28.244881223503263,28.244881223503263,27.85367788245751,28.08839988708496,207500
1997-08-06,27.93192679087321,28.166648864746094,27.775445408291286,28.166648864746094,153900
1997-08-07,28.01016546536431,28.205767179507916,27.775443408391983,27.814563751220703,232800
1997-08-08,27.540725597276396,27.540725597276396,26.953920364379883,26.953920364379883,186400
1997-08-11,26.91481327633206,27.188655853271484,26.288887386184804,27.188655853271484,371400
1997-08-12,27.22776214732874,27.46248423480571,26.836558668200453,26.87567901611328,244200
1997-08-13,27.1104030107197,27.14952336138452,26.2888756467585,26.758319854736328,242700
1997-08-14,27.071291726016433,27.14953245354827,26.406245541995798,26.44536590576172,151400
1997-08-15,26.44534101354362,26.44534101354362,25.46733283996582,25.46733283996582,367500
1997-08-18,25.780306633906577,26.288871104681668,25.7411862900008,26.210630416870117,219000
1997-08-19,26.562716232810654,26.87567901611328,26.327994145333683,26.87567901611328,251300
1997-08-20,26.875680906730786,26.993041958725243,26.367116348088135,26.758319854736328,219100
1997-08-21,26.75832174520577,26.99304386577775,26.484479271205124,26.52359962463379,177200
1997-08-22,26.367125178229877,26.680088088357234,25.93680117680476,26.44536590576172,88600
1997-08-25,26.60184095005789,26.836563076087813,26.054155989321405,26.132396697998047,205000
1997-08-26,26.249766690492276,26.288887058138315,25.97592411697,26.171525955200195,251400
1997-08-27,26.17151390177711,26.44535634917986,25.89767145437436,26.32799530029297,288000
1997-08-28,26.288871104681668,26.68007454373943,25.975908353435457,26.210630416870117,188200
1997-08-29,26.054149041247012,26.210630416870117,25.7411862900008,26.210630416870117,188300
1997-09-02,25.89767522035643,26.914804458618164,25.741193799085394,26.914804458618164,165000
1997-09-03,26.993042595389998,27.227764704915128,26.680079782689823,26.719200134277344,228500
1997-09-04,26.87567901611328,26.99304005985177,26.71919762446197,26.87567901611328,146000
1997-09-05,26.914804458618164,27.14952659052472,26.79744339266489,26.914804458618164,207700
1997-09-08,27.149527231852215,27.384249369303387,27.03216616312663,27.345129013061523,105500
1997-09-09,27.501605910261183,27.54072626006241,26.993041362845258,27.032161712646484,200000
1997-09-10,27.032162946977518,27.07128329856504,26.719200134277344,26.719200134277344,221300
1997-09-11,26.48447207309688,26.48447207309688,25.819426245559736,25.897666931152344,219600
1997-09-12,26.210649941286153,26.640974044799805,25.58472397253902,26.640974044799805,363100
1997-09-15,26.64096130439621,26.64096130439621,26.093276343659724,26.132396697998047,239700
1997-09-16,26.288883046207264,27.462493896484375,26.288883046207264,27.462493896484375,331100
1997-09-17,27.50160726363009,27.853690429167315,27.42336656017737,27.540727615356445,253000
1997-09-18,27.77545738220215,28.16666100730359,27.65809629467172,27.77545738220215,193300
1997-09-19,27.931938832242725,27.97105919475287,27.540735207141285,27.77545738220215,243900
1997-09-22,27.931931132620033,27.931931132620033,27.46248691190373,27.540727615356445,104200
1997-09-23,27.697213489010572,27.775454205081225,27.462491340798618,27.7363338470459,170100
1997-09-24,27.540737827845984,27.93194149017334,27.26689526421683,27.38425636291504,806900
1997-09-25,27.42336972554525,27.501610438028973,27.149527231852215,27.345129013061523,231700
1997-09-26,27.540728913635768,27.971052802911327,27.540728913635768,27.93193244934082,300500
1997-09-29,28.088416411301182,28.479619982489222,27.85369426858836,28.362258911132812,343500
1997-09-30,28.36225006678333,28.98817558549855,28.166648342184825,28.557851791381836,389300
1997-10-01,28.44049462732279,29.02729988098144,28.244892876103236,29.027299880981445,254000
1997-10-02,29.027306820912223,29.770593653253638,28.79258466333072,29.65323257446289,319700
1997-10-03,29.731482068697613,30.044445037841797,29.41851909955343,30.044445037841797,476700
1997-10-06,29.887963421403057,30.396528244018555,29.80972267946221,30.396528244018555,247600
1997-10-07,30.240038393756386,31.84397315979004,30.240038393756386,31.84397315979004,500700
1997-10-08,31.68747548524498,31.68747548524498,30.51386528208776,30.826828002929688,390500
1997-10-09,30.670343337993156,30.74858400977375,29.809695948406613,30.552982330322266,268600
1997-10-10,30.2009162952438,30.357397726825372,30.044434863662225,30.083555221557617,235500
1997-10-13,30.083550203501186,30.631235122680664,30.083550203501186,30.631235122680664,154900
1997-10-14,30.631226302403483,31.06155004356113,30.318263581561556,30.826828002929688,219200
1997-10-15,30.70947645875194,30.865957867458956,30.357393289161156,30.59211540222168,161100
1997-10-16,30.748587026224506,31.25715144268878,29.848819212480024,30.122661590576172,298800
1997-10-17,29.966205799295036,30.3182891572502,29.457640948915355,29.496761322021484,221400
1997-10-20,29.61410716183814,30.083551396900305,29.34026469138521,29.966190338134766,126900
1997-10-21,29.88796077679984,30.90509033203125,29.73147930676424,30.90509033203125,195900
1997-10-22,30.905079499269146,31.10068126825186,30.35739454611754,30.51387596130371,262600
1997-10-23,30.760266587413785,32.05502270652686,30.681796519588747,31.819612503051758,500500
1997-10-24,31.93733112077068,32.2119764743891,30.995689908364664,31.3095703125,334400
1997-10-27,31.27032714124378,31.27032714124378,29.504750326493504,29.54398536682129,276100
1997-10-28,29.387038066048323,30.760264143901047,29.30856800445674,30.642559051513672,405700
1997-10-29,30.56409078091383,31.07414621114731,29.857860185205936,30.132505416870117,443000
1997-10-30,29.818626403808594,30.132506681743422,29.504746125873766,29.818626403808594,552500
1997-10-31,30.13252704326923,30.603347778320312,29.583236185709637,30.603347778320312,335300
1997-11-03,30.995673942327198,31.544964366621606,30.995673942327198,31.34878921508789,373000
1997-11-04,31.427260855908663,31.427260855908663,30.799500339436083,31.191850662231445,165300
1997-11-05,31.034928621359207,31.46651422797735,30.721048180182375,31.231103897094727,188100
1997-11-06,31.074141237672293,31.074141237672293,30.603320915889377,30.956436157226562,116800
1997-11-07,30.603347778320312,30.64258283957457,30.05405692076072,30.603347778320312,129400
1997-11-10,30.44638568162918,30.524855747818947,30.093270383775234,30.132505416870117,214200
1997-11-11,30.289459349138465,30.328694400108848,29.583228431671504,29.779403686523438,200500
1997-11-12,29.62244929352005,30.485620001410698,29.54397922916635,30.25020980834961,185200
1997-11-13,30.289448564924548,30.91720915694371,30.21097849092215,30.681798934936523,189100
1997-11-14,30.68179491527765,31.152615297609277,30.367914660389896,31.034910202026367,258700
1997-11-17,31.19185681270464,31.388032012784542,30.68180129249689,30.917211532592773,265100
1997-11-18,30.91719781136026,30.995667856566758,30.52484758532777,30.760257720947266,141500
1997-11-19,30.642563584531178,30.760268694330914,30.289448255131973,30.524858474731445,153600
1997-11-20,30.681793198459236,31.309553673108017,30.52485307979704,31.113378524780273,266300
1997-11-21,31.30955542505315,31.38802548877509,31.034910202026367,31.034910202026367,231700
1997-11-24,31.034898509904842,31.034898509904842,30.014788065837173,30.171728134155273,248200
1997-11-25,30.210981806483836,30.3286869304052,29.50475106295564,29.936336517333984,620900
1997-11-26,29.936340469160893,30.485631119971185,29.936340469160893,30.01481056213379,222600
1997-11-28,30.132519145256918,30.171754196227305,29.779403686523438,29.779403686523438,103300
1997-12-01,29.97555457437114,30.799489974975586,29.818614498065536,30.799489974975586,305600
1997-12-02,30.760254955899182,31.152605146663202,30.68178491774638,30.799489974975586,245200
1997-12-03,30.760257720947266,31.4272531052025,30.56408260793102,30.760257720947266,348800
1997-12-04,30.917207485758972,31.38802790432383,30.917207485758972,31.270322799682617,249400
1997-12-05,31.152621668547834,32.25120278532282,31.074151588778193,31.85885238647461,366900
1997-12-08,32.17272780826442,32.408138011739524,31.819612503051758,31.819612503051758,340800
1997-12-09,31.976566171287594,31.976566171287594,31.231100211466167,31.3095703125,149900
1997-12-10,31.309562251878823,31.701912656037706,31.309562251878823,31.58420753479004,348300
1997-12-11,31.74116455469376,31.74116455469376,30.603347778320312,30.603347778320312,235600
1997-12-12,30.760278861323247,31.544979852683536,30.760278861323247,31.427274703979492,344500
1997-12-15,31.38804154562462,32.957443622905856,31.38804154562462,32.60432815551758,353400
1997-12-16,32.60430735099216,32.95742259306066,32.486602270302654,32.682777404785156,249600
1997-12-17,32.68278596866765,33.15360641479492,32.40814070842675,33.15360641479492,309100
1997-12-18,32.957439693794434,33.1143798828125,32.604324268503774,33.1143798828125,380500
1997-12-19,32.80049077055542,33.232076175431146,32.17273018164527,32.996665954589844,379300
1997-12-22,33.07512094137428,34.05599641413153,33.07512094137428,33.85982131958008,464400
1997-12-23,33.82060624081552,33.82060624081552,32.64355497953424,32.80049514770508,268700
1997-12-24,33.27131384647254,33.27131384647254,32.3296728885535,32.3689079284668,117300
1997-12-26,32.615673727202186,32.73370390956842,32.064866209493104,32.4189567565918,74900
1997-12-29,32.57632773521387,33.441882336874144,32.02552026143006,33.2058219909668,236300
1997-12-30,33.36318512494555,34.11070931996203,33.2844983675754,33.87464904785156,267500
1997-12-31,34.03204275547773,34.26810316765445,33.63860873518319,34.228759765625,237000
1998-01-02,34.22874793874352,34.38612149248486,33.67794050064879,34.1107177734375,201100
1998-01-05,33.99269797585227,33.99269797585227,33.166486566716976,33.32386016845703,257600
1998-01-06,33.323855261245036,33.363198655886414,32.7337043416244,32.969764709472656,274100
1998-01-07,32.41894869123186,33.04844284057617,32.340261922563826,33.04844284057617,346800
1998-01-08,32.85174389321595,32.891087299076084,32.45830983461456,32.69437026977539,174600
1998-01-09,32.65500532289597,32.891065602338585,30.96323998689051,31.238643646240234,331100
1998-01-12,30.923893031437405,31.868134040030913,30.923893031437405,31.82879066467285,234000
1998-01-13,31.98617591577418,32.10420608520508,31.710772187102076,32.10420608520508,172300
1998-01-14,32.10420960361518,32.4189567565918,32.025522815371026,32.4189567565918,238500
1998-01-15,32.18289286482568,32.49763998330808,32.10420608520508,32.10420608520508,273400
1998-01-16,31.946842874466352,32.222246692349685,31.789469264247305,32.18290328979492,318800
1998-01-20,32.104190606337326,32.81237128147712,31.86813038129073,32.73368453979492,310000
1998-01-21,32.57632676292868,32.69435693235958,31.828802356532975,32.10420608520508,317600
1998-01-22,31.878541649286472,32.115263493216816,31.207829758150492,31.40509796142578,335700
1998-01-23,31.24726190372389,31.326169130753495,30.458189633427832,30.93163299560547,452600
1998-01-26,30.931632995605465,31.48398358481271,30.616004087487042,30.93163299560547,273900
1998-01-27,30.694918610213637,31.20781570781361,30.300382381290586,30.379289627075195,596200
1998-01-28,30.458189633427832,31.24726190372389,30.458189633427832,30.93163299560547,288800
1998-01-29,30.971100101982493,31.247275516904633,30.773831948466682,30.892192840576172,315100
1998-01-30,30.931637486945696,30.931637486945696,30.576554913753718,30.694915771484375,415600
1998-02-02,30.77383571997621,31.523454795206398,30.616021177822486,31.48400115966797,486300
1998-02-03,31.878531437294157,32.27306771745869,31.52344878514608,32.19416046142578,344000
1998-02-04,32.03635486006441,32.19416941602532,31.641818470162136,31.799633026123047,305800
1998-02-05,31.641802737334515,31.68125635670775,30.4976477755107,31.326173782348633,431500
1998-02-06,31.326173221363742,31.7996166453642,31.24726598403033,31.523441314697266,463300
1998-02-09,31.562892203095295,31.562892203095295,30.93163435903339,31.128902435302734,599200
1998-02-10,31.247278213500977,31.799629091012356,31.168370945285066,31.247278213500977,1227800
1998-02-11,31.56290791575748,32.036351534493846,31.3261861063893,31.641815185546875,942700
1998-02-12,31.48400115966797,31.720722972898553,31.444547524129536,31.48400115966797,665000
1998-02-13,31.641808502762405,32.785963673061794,31.602354876200355,31.95743751525879,609000
1998-02-17,32.03634262084961,32.667600603526445,31.917981749097702,32.03634262084961,253100
1998-02-18,32.03635151558436,32.43088786429845,31.95744424584154,32.233619689941406,304300
1998-02-19,32.19415339647474,32.39142149326687,31.720709964173643,31.996885299682617,436600
1998-02-20,32.15470911098729,32.15470911098729,31.483997387199825,32.075801849365234,454000
1998-02-23,32.23359385811456,32.23359385811456,31.72069701581898,31.878511428833008,615800
1998-02-24,32.74651696259839,32.74651696259839,31.56290791575748,31.641815185546875,789000
1998-02-25,31.799628199171963,32.50979359319813,31.799628199171963,32.115257263183594,796400
1998-02-26,32.11524761176548,32.31251571748886,31.72071140031873,32.154701232910156,327700
1998-02-27,32.15471165727729,32.628155264501004,32.11525802334198,32.470340728759766,752200
1998-03-02,32.50978044150532,32.66759490966797,32.430873207424,32.66759490966797,739300
1998-03-03,32.58870723872509,32.66761452017479,32.351985394375994,32.50979995727539,935300
1998-03-04,32.50979995727539,32.54925359800024,32.194170831476605,32.50979995727539,501300
1998-03-05,32.27307306832301,32.430887606554414,32.233619433765156,32.31252670288086,319500
1998-03-06,32.470327044803355,32.628141514036905,32.430873427494966,32.588687896728516,288200
1998-03-09,32.628141292627305,32.7465021437493,32.50978044150532,32.66759490966797,237900
1998-03-10,32.58870538606848,33.14105632481541,32.391437193658874,33.06214904785156,252800
1998-03-11,33.29887527356045,33.29887527356045,32.628163330846554,32.90433883666992,348600
1998-03-12,32.90432334060304,33.180498716363495,32.50978708951667,32.98323059082031,377700
1998-03-13,33.14105021400769,33.41722563245776,32.98323568917908,33.180503845214844,353600
1998-03-16,33.41722468976621,34.16684366155554,33.377771059672035,34.08793640136719,318000
1998-03-17,34.08792963716173,34.48246585981406,33.81175428130509,34.44301223754883,346500
1998-03-18,34.36411844481022,34.60084027106608,34.087942980845035,34.40357208251953,318600
1998-03-19,34.48245684012839,34.561364064018846,34.206281556511804,34.24573516845703,364100
1998-03-20,34.40355615914907,34.40355615914907,33.93011272576628,33.969566345214844,297200
1998-03-23,33.81176935209261,34.08794483104786,33.772315712241856,33.85122299194336,241100
1998-03-24,33.96957348950336,34.12738800048828,33.73285172302599,34.12738800048828,159200
1998-03-25,34.12738014669979,35.074266994700714,34.12738014669979,34.87699890136719,638100
1998-03-26,34.71919250488281,34.87700701626864,34.60083162134344,34.71919250488281,275500
1998-03-27,34.95591427196156,34.995367899808016,34.48247073780407,34.71919250488281,365900
1998-03-30,34.87700701626864,34.95591427196156,34.48247073780407,34.71919250488281,279600
1998-03-31,34.955900509792166,34.955900509792166,34.640271611283886,34.83753967285156,365900
1998-04-01,34.9559061387006,34.995359757367304,34.719184426700366,34.87699890136719,298200
1998-04-02,35.0348249017463,35.54772211314574,35.0348249017463,35.468814849853516,183500
1998-04-03,35.626620783695444,36.41569322630221,35.46880629517409,35.7844352722168,224200
1998-04-06,35.94225737652971,36.06061826800017,35.11373113623649,35.1926383972168,281000
1998-04-07,35.19263193558673,35.42935367506377,34.679734833386476,34.798095703125,281500
1998-04-08,34.758642079878825,34.95591019610969,34.71918845663265,34.798095703125,173000
1998-04-09,34.87701364465662,35.27154999810296,34.758652738622715,35.034828186035156,176700
1998-04-13,35.03482795061384,35.03482795061384,34.087940708705354,34.52193069458008,422700
1998-04-14,34.79810383651142,34.79810383651142,34.08793845209283,34.640289306640625,239300
1998-04-15,34.48247329197573,35.3109995381216,33.930122461211816,35.113731384277344,203800
1998-04-16,35.11372038355082,35.11372038355082,34.20628716015569,34.285194396972656,159000
1998-04-17,34.3246506830938,34.67973327636719,34.00902171129524,34.67973327636719,155800
1998-04-20,34.67973721497574,34.67973721497574,33.930118321819265,34.00902557373047,157600
1998-04-21,34.08792720356054,34.285195300803366,33.93011272576628,33.969566345214844,307400
1998-04-22,34.12738645159728,34.36410820733091,33.851211069908054,34.00902557373047,591700
1998-04-23,34.65624191036357,34.77492767033057,34.10237503051758,34.10237503051758,992700
1998-04-24,34.2606453293189,34.41889311374993,33.469406407163724,33.508968353271484,445300
1998-04-27,33.66721993820722,33.66721993820722,32.8364189761598,32.95510482788086,544000
1998-04-28,32.99466622693444,32.99466622693444,32.599046727810524,32.875980377197266,678600
1998-04-29,32.95509707674067,33.62765007830681,32.915535135472076,33.46940231323242,794400
1998-04-30,33.50896817140801,34.33976903516193,33.469406225514966,34.02327346801758,352000
1998-05-01,34.06281311052858,34.33974655045158,33.98368927055058,34.10237503051758,200900
1998-05-04,34.814515813478764,35.36838311051138,34.53758216496246,35.05188751220703,619100
1998-05-05,35.13100251778544,35.56618385528053,34.73538312006263,35.407936096191406,485900
1998-05-06,35.40792905367338,35.48705291748047,35.051871666541466,35.48705291748047,452400
1998-05-07,35.487064750571,36.31786559757433,35.487064750571,36.08049392700195,617500
1998-05-08,36.00136057535807,37.504714093889504,36.00136057535807,37.38602828979492,577800
1998-05-11,37.38602654722803,37.74208394291591,36.51566402443542,36.63434982299805,993800
1998-05-12,36.63436725450599,36.87173896457838,36.1596238343612,36.396995544433594,235500
1998-05-13,35.922235603990224,36.75303620716621,35.84311173702108,36.71347427368164,360200
1998-05-14,36.7134850485283,36.7134850485283,35.92224614662037,36.08049392700195,171700
1998-05-15,36.15960813069211,36.27829393418454,35.763988785717366,35.803550720214844,190600
1998-05-18,35.88268238118946,35.92224432427787,35.21012934868646,35.28925323486328,331600
1998-05-19,35.28925056116921,35.60574608189719,35.05187892062323,35.4474983215332,385300
1998-05-20,35.4474983215332,35.4870602616242,35.170564740896225,35.4474983215332,283200
1998-05-21,35.44749803596368,35.80355549391422,35.328812216646845,35.407936096191406,295100
1998-05-22,35.289262220966826,36.080501284217206,35.012328548829196,36.04093933105469,228800
1998-05-26,36.15960970399607,36.238733576433695,34.93318968121283,34.97275161743164,238800
1998-05-27,34.8144921792053,35.21011140851445,34.18150141231066,34.93317794799805,132700
1998-05-28,35.051883977053535,35.36837954343776,34.577140627477185,35.09144592285156,144500
1998-05-29,35.447511687992126,35.764007328063485,34.97276822788509,35.17057800292969,226000
1998-06-01,35.170564740896225,35.60574608189719,35.05187892062323,35.4474983215332,237800
1998-06-02,35.36838143088601,35.40794337879528,34.73539026433772,34.81451416015625,257100
1998-06-03,34.893626920638546,34.972750791206884,34.339759826660156,34.339759826660156,230100
1998-06-04,34.33977078524503,34.81451416015625,34.141961045698686,34.81451416015625,236800
1998-06-05,34.81451416015625,34.89363805597479,34.65626636851918,34.81451416015625,272300
1998-06-08,34.81450949726518,35.13100503814941,34.616699784212535,34.695823669433594,363500
1998-06-09,34.69583074951172,34.8145166015625,34.45845904541016,34.61670684814453,196000
1998-06-10,34.498011759349275,35.882679662534166,34.498011759349275,35.4474983215332,283900
1998-06-11,35.36836712176983,35.76398644080529,35.09143359844501,35.48705291748047,265900
1998-06-12,35.56619755301888,35.56619755301888,34.81452040784941,35.17057800292969,124500
1998-06-15,35.01232663246051,35.328822240437546,34.65626907348633,34.65626907348633,175700
1998-06-16,34.81451416015625,34.97276195179332,34.65626636851918,34.81451416015625,259300
1998-06-17,34.81451360402726,35.32881891863221,34.53757997308614,34.735389709472656,297400
1998-06-18,34.89363749858187,34.89363749858187,34.49801802580883,34.735389709472656,153100
1998-06-19,34.18150858116369,34.41888016853289,34.1023847187073,34.37931823730469,253200
1998-06-22,34.41888894412116,34.89363223990214,34.41888894412116,34.537574768066406,151300
1998-06-23,34.69582128200401,35.289250380327914,34.65625934211575,34.89363098144531,121600
1998-06-24,34.814516425653316,36.2783085935501,34.45845887130004,36.238746643066406,272800
1998-06-25,36.39699052019817,36.476114412633386,35.44750381097561,35.68487548828125,158000
1998-06-26,35.92224389472894,36.15961555042098,35.4870625259602,35.76399612426758,234500
1998-06-29,35.84312289301411,35.84312289301411,34.89363619386142,35.09144592285156,529600
1998-06-30,35.01232230985487,35.13100814819336,33.94414976480845,35.13100814819336,905300
1998-07-01,35.13100489927142,35.44750043890449,34.89363324454661,35.21012878417969,375600
1998-07-02,35.05188379923502,35.68487492879232,34.73538823445638,35.605751037597656,170400
1998-07-06,35.76400431757388,36.55524335114852,35.76400431757388,36.396995544433594,236000
1998-07-07,36.39699474953427,36.87173815931081,36.08049914301658,36.832176208496094,376200
1998-07-08,36.871736003342406,37.06954574584961,36.555240415330886,37.06954574584961,178200
1998-07-09,36.792612106339526,37.18823159135393,36.23874482731936,37.06954574584961,266800
1998-07-10,36.990427546581984,37.5838568655111,36.990427546581984,37.34648513793945,447900
1998-07-13,37.30690325535319,37.465150989204105,37.14865552150228,37.227779388427734,175900
1998-07-14,37.34647045175822,37.5838420859855,37.227784634644586,37.425594329833984,296800
1998-07-15,37.346472557554854,37.544282263897834,37.148662851211874,37.18822479248047,172400
1998-07-16,37.14866075656882,37.425594329833984,36.91128912234155,37.425594329833984,80600
1998-07-17,37.188206629181714,37.34645431696547,36.871711253614215,37.30689239501953,74900
1998-07-20,36.87173896457838,37.02998677129331,36.31787164107613,36.396995544433594,135800
1998-07-21,36.47610876389912,36.47610876389912,35.36837444135121,35.4474983215332,444900
1998-07-22,35.4474983215332,35.4870602616242,35.170564740896225,35.4474983215332,425800
1998-07-23,34.19243539174398,34.23210179011027,32.84377784729004,33.31977462768555,3027500
1998-07-24,33.39913057121376,33.63712912635305,33.00246631264828,33.43879699707031,1144400
1998-07-27,33.47846661083584,34.113129484974905,33.47846661083584,33.83546447753906,744500
1998-07-28,33.63712125611537,33.63712125611537,32.36779592569592,32.68512725830078,771600
1998-07-29,32.52645691424184,33.67678282950162,32.52645691424184,33.478450775146484,512400
1998-07-30,33.478452930115814,34.232114785177664,33.478452930115814,33.9147834777832,1072300
1998-07-31,34.073459810775084,34.35112479177093,33.20079844193102,33.43879699707031,797200
1998-08-03,33.35946915778298,33.637134180499366,32.88347197598346,33.39913558959961,252300
1998-08-04,33.51812714939419,33.5974599947182,32.526466582844066,32.64546585083008,458200
1998-08-05,32.60580502176113,33.24046789323093,32.48680573336054,32.96280288696289,581500
1998-08-06,32.80412650802761,33.00245859090565,32.447128758847136,32.68512725830078,350300
1998-08-07,32.605806030125834,33.08180319844884,32.24880815388358,32.80413818359375,409400
1998-08-10,32.76444843027851,32.76444843027851,31.971120381119228,32.050453186035156,208600
1998-08-11,31.733142483618952,31.772808911723473,30.582816068587764,30.74148178100586,586000
1998-08-12,30.86046679514759,31.5347957611084,30.701801156097986,31.5347957611084,792000
1998-08-13,31.53480248432963,31.733134575426043,30.781140538163264,31.058805465698242,372200
1998-08-14,31.21747001942168,31.336469269813374,29.74981259792409,29.829145431518555,798700
1998-08-17,29.8291454114412,30.701806580392937,29.8291454114412,30.14647674560547,578200
1998-08-18,30.3844853110295,31.177813909228703,30.3844853110295,30.820816040039062,987900
1998-08-19,30.97946383758467,31.376127907208037,30.701798988848317,31.09846305847168,533200
1998-08-20,31.25714503557254,31.33647789099278,30.86048075847137,30.9398136138916,480500
1998-08-21,30.781133611996967,31.098464886347454,30.463802337646484,30.463802337646484,756000
1998-08-24,30.54314964048324,30.820814637214905,30.463816784274194,30.74148178100586,224600
1998-08-25,30.90013817163903,31.25713591688261,30.02747701659916,30.22580909729004,258400
1998-08-26,29.670479744359064,30.463808079769734,29.432481243735864,30.14647674560547,630000
1998-08-27,29.908486927256867,30.146485496969785,29.27382407468908,29.670488357543945,542600
1998-08-28,29.987818566438193,30.22581712648929,29.67048715303673,29.710153579711914,658000
1998-08-31,29.71014833992178,29.789481179280717,27.925159454345703,27.925159454345703,493300
1998-09-01,28.083821999051203,29.194481626132323,28.083821999051203,28.599485397338867,541400
1998-09-02,28.758149153574667,29.43247816821021,28.559817090446565,28.91681480407715,239300
1998-09-03,28.758161544799805,28.8771608339507,28.401163677347117,28.758161544799805,406600
1998-09-04,28.75815221796865,29.43248130445895,28.71848580111628,29.194482803344727,462000
1998-09-08,29.51181407727693,30.186143162376002,29.194482743112662,30.14647674560547,321100
1998-09-09,30.146482180925755,30.46381357230392,29.749817941703046,30.34481430053711,273600
1998-09-10,30.146480015345983,30.146480015345983,29.115153067452567,29.15481948852539,535200
1998-09-11,28.877151428384984,29.829145431518555,28.797818594790517,29.829145431518555,345500
1998-09-14,30.14646929137561,31.3364615002457,30.14646929137561,31.09846305847168,203500
1998-09-15,31.09847374299986,31.41580510772435,30.54314385473201,31.37613868713379,218300
1998-09-16,31.217472430065328,32.1298000868525,30.7811418116019,32.09013366699219,260100
1998-09-17,31.77280859580407,31.77280859580407,30.939813613891605,30.9398136138916,292400
1998-09-18,30.463816784274194,30.86048106531943,30.344817499960623,30.74148178100586,632600
1998-09-21,30.582817148369596,31.336479308964957,30.265485712329443,31.019147872924805,201500
1998-09-22,31.019130044412552,31.81245817854075,31.019130044412552,31.296794891357422,213000
1998-09-23,31.614142761797712,32.010807037353516,30.781147783130518,32.010807037353516,266600
1998-09-24,31.415801927881336,32.843792924603214,31.415801927881336,32.68512725830078,552400
1998-09-25,32.68511764675963,32.88344967131521,31.812456738715078,32.3677864074707,485100
1998-09-28,32.5264559342311,33.0024528503418,32.5264559342311,33.0024528503418,335200
1998-09-29,33.08178566969358,33.35945053742482,32.68512157293466,33.0024528503418,234400
1998-09-30,32.685121644218015,32.80412087350521,31.257130892771595,31.5347957611084,241500
1998-10-01,31.138133697509765,31.2174665222168,29.47214437866211,29.74980926513672,381600
1998-10-02,29.90846055146236,31.376117103722446,29.868794158158032,31.138118743896484,287900
1998-10-05,30.97947149778667,30.97947149778667,29.472147660506398,30.14647674560547,351200
1998-10-06,30.305143648393937,30.622474995497537,29.115151096755433,29.789480209350586,231700
1998-10-07,29.868813884127274,29.908480303628107,28.52015562109895,28.877153396606445,241200
1998-10-08,28.797834257061563,28.797834257061563,27.36984247571967,28.242504119873047,392600
1998-10-09,28.24249338200851,28.63915761490189,27.36983206964308,28.28215980529785,543500
1998-10-12,28.877153396606445,29.472149689118943,28.718487718603114,28.877153396606445,529400
1998-10-13,29.035813764115453,29.035813764115453,28.16315269470215,28.16315269470215,352100
1998-10-14,28.321835257790305,28.639166745272547,28.163169514049184,28.361501693725586,432700
1998-10-15,28.520153658013594,30.4241416629992,27.964823823226123,30.14647674560547,402600
1998-10-16,31.33647389148348,31.852137385900296,30.97947608765645,31.574472427368164,271700
1998-10-19,31.415799862344326,32.566125867404914,31.415799862344326,32.24879455566406,239400
1998-10-20,32.40747479418395,34.11313136229889,32.40747479418395,33.39913558959961,523000
1998-10-21,33.240456854091924,33.280123270385594,31.97113153269462,32.56612777709961,818300
1998-10-22,31.347243927894752,31.38702469430071,28.801274877913453,29.915136337280273,2066400
1998-10-23,29.43777660747151,29.676461282667223,28.960407257080078,28.960407257080078,942600
1998-10-26,29.119531084982196,29.159311865152937,28.20457314105516,28.323915481567383,335300
1998-10-27,28.323909670807595,28.323909670807595,26.732678790425147,27.369171142578125,1750900
1998-10-28,27.408938538073077,27.528280795858592,26.732665743955163,26.812227249145508,1047500
1998-10-29,27.130486510520758,27.369171142578125,26.5735557023869,27.369171142578125,1094300
1998-10-30,27.607869975845187,28.403485825293178,27.44874680595559,28.284143447875977,1141700
1998-11-02,28.60238180827142,28.60238180827142,27.886327743530273,27.886327743530273,721600
1998-11-03,28.045453132863816,28.483041763305664,27.886329994521326,28.483041763305664,852800
1998-11-04,28.721719425686157,29.31843104810346,28.52281555154706,28.801280975341797,477400
1998-11-05,28.80128849071005,29.43778105404066,28.56260377946107,29.278657913208008,607800
1998-11-06,29.27864980242262,29.27864980242262,28.60237664122536,29.1593074798584,250100
1998-11-09,29.278645272090518,29.278645272090518,28.64215298356681,28.84105682373047,355100
1998-11-10,28.801280512165732,29.47755367336299,28.642157415413433,29.1593074798584,382900
1998-11-11,29.27864980242262,29.676457544303364,28.88084206054188,29.1593074798584,282200
1998-11-12,29.039950763326587,29.636662080381242,28.841046990975034,29.4775390625,393500
1998-11-13,29.51734163387334,30.273176527463086,29.51734163387334,30.193614959716797,838400
1998-11-16,30.11403541315615,30.670966054878985,30.034473892910032,30.432281494140625,664500
1998-11-17,30.4720648252047,30.750530169560356,29.954914899972767,29.99469566345215,352500
1998-11-18,29.954914159493534,30.114037209477566,29.517325772037456,29.676448822021484,533400
1998-11-19,29.835574804468358,29.915136337280273,29.477547906814735,29.915136337280273,265900
1998-11-20,30.23339110535461,30.750541216367253,30.114048772043997,30.63119888305664,389600
1998-11-23,33.09760318855775,33.9727801959475,32.06330308891532,33.49541091918945,2096200
1998-11-24,36.041394911229816,36.08117570031506,35.325340707695446,35.44468307495117,1781600
1998-11-25,35.28554275825162,35.34521391285971,34.688831212170705,34.9672966003418,902800
1998-11-27,34.569497735847975,34.72862085546062,34.21147071671951,34.6490592956543,181800
1998-11-30,34.48993477522635,34.967304114675855,34.09212699235177,34.29103088378906,588600
1998-12-01,34.05233761234838,35.64356834189737,34.05233761234838,35.56400680541992,592800
1998-12-02,35.325337356689175,35.325337356689175,34.41037929452268,34.88774871826172,649700
1998-12-03,34.728605167648,34.728605167648,33.6545245954527,33.97277069091797,819500
1998-12-04,34.21147425138715,34.60928209151956,33.972789547307706,34.25125503540039,806300
1998-12-07,34.41035464093402,34.41035464093402,33.73408177515844,34.13188934326172,576900
1998-12-08,33.7340856615401,33.8932087071134,33.5749626159668,33.5749626159668,964800
1998-12-09,33.53518886386224,34.09211963977454,33.37606578503015,33.734092712402344,1127300
1998-12-10,33.81364718432675,33.81364718432675,33.49540109318014,33.5749626159668,517200
1998-12-11,33.654540063033174,35.08664815082182,33.41585538173507,35.04686737060547,607100
1998-12-14,34.88773901528175,35.04686211227277,34.41036972430868,34.68883514404297,1245600
1998-12-15,34.72861198190943,35.00707737008052,34.52970813321579,34.9672966003418,1108900
1998-12-16,36.83698759945956,36.87676836360585,34.96729168458419,35.00707244873047,1779400
1998-12-17,35.12643453548897,35.64358476081327,35.08665374892556,35.52424240112305,957500
1998-12-18,34.96730534633906,35.404893922914404,34.76840144789572,34.92752456665039,1799900
1998-12-21,35.086651136756714,36.837005615234375,35.086651136756714,36.837005615234375,835200
1998-12-22,36.28006226675851,36.399404576846536,35.603789176259724,35.64356994628906,820800
1998-12-23,35.802691969378245,37.15523811044364,35.76291120052338,36.91655349731445,820000
1998-12-24,37.075684881829595,37.1154656595998,36.717657881897765,36.75743865966797,357100
1998-12-28,36.75743324792825,36.876775563668275,36.43918707262151,36.67787170410156,470400
1998-12-29,36.797213148563465,37.632609338963285,36.67787083564921,37.393924713134766,826400
1998-12-30,37.51327633584254,38.2293303910336,37.35415321246675,38.1497688293457,819600
1998-12-31,37.990631373076674,38.030412138912354,37.0358929930203,37.155235290527344,371000
1999-01-04,36.91655823424622,37.115462104042805,36.081161981100564,36.200504302978516,992200
1999-01-05,36.35962359178079,37.91107361374956,36.35962359178079,37.4337043762207,1015800
1999-01-06,37.43370559502439,38.507786414435294,37.27458251066722,38.348663330078125,687900
1999-01-07,37.83150193150058,38.905582427978516,37.83150193150058,38.905582427978516,741900
1999-01-08,38.865822570492526,39.46253427833018,38.70669944840248,39.382972717285156,853900
1999-01-11,39.14427649456522,39.263618800951086,38.30888034986413,38.42822265625,781400
1999-01-12,38.38842829818246,38.38842829818246,37.27456716621447,37.95083999633789,512800
1999-01-13,37.23480126165575,38.10997821438697,36.9563358676049,36.996116638183594,705900
1999-01-14,37.07569031684496,37.59284050366791,36.75744404803085,36.837005615234375,707900
1999-01-15,37.11545326385659,37.75194549560547,36.67786485452923,37.75194549560547,562200
1999-01-19,37.672384892580666,38.26909637451172,37.55304259619445,38.26909637451172,923000
1999-01-20,38.10997650588768,39.46252264492754,37.71216881793478,38.42822265625,682600
1999-01-21,38.522349678770276,39.8782087771949,38.48247146999308,38.72174072265625,594800
1999-01-22,38.562212956102584,38.68184753611118,37.68489270270625,37.804527282714844,439100
1999-01-25,37.804523823424155,38.52233123779297,37.365863736865435,38.52233123779297,433800
1999-01-26,38.602085238663605,38.68184161312366,37.64500874514302,37.68488693237305,520700
1999-01-27,37.64501940027327,37.964044988411175,37.12660281954916,37.166481018066406,370800
1999-01-28,37.36587600628202,38.2033182646939,37.36587600628202,38.12356185913086,340500
1999-01-29,37.96403722753199,38.761601034833085,37.645011704611555,38.56221008300781,293800
1999-02-01,38.4027001827578,38.442578376094,36.84745064264611,37.804527282714844,794800
1999-02-02,36.68794055801442,36.84745334304926,35.77074204406406,36.56830596923828,945200
1999-02-03,36.528426955231524,36.528426955231524,35.890375829375955,36.049888610839844,781500
1999-02-04,36.36891174316406,36.448668128565735,36.20939897236071,36.36891174316406,500300
1999-02-05,36.20940122048416,36.289157610837655,35.1725681458888,35.57135009765625,508700
1999-02-08,35.571344680533784,36.20939570619358,34.97317184397772,36.169517517089844,637900
1999-02-09,36.169535309042935,36.169535309042935,35.411849343362874,35.61124038696289,349800
1999-02-10,35.65110229828197,35.65110229828197,29.230713629351996,30.78596305847168,7328100
1999-02-11,30.985348968505857,31.02522715250651,29.66936889648437,29.90863800048828,3312800
1999-02-12,29.948524746072703,30.34730670008166,28.233762343834186,28.911691665649414,3034100
1999-02-16,29.071199951909524,29.35034727655063,28.51290530262731,28.871809005737305,2758400
1999-02-17,28.672426843576684,28.991452455188107,28.512914037770972,28.592670440673828,1968700
1999-02-18,28.712296541562804,30.746084213256836,28.712296541562804,30.746084213256836,1826200
1999-02-19,30.746094450907886,31.14487648010254,29.868773986679646,31.14487648010254,1273000
1999-02-22,30.98535097242167,31.3841328382186,30.02827449450903,31.065107345581055,1178500
1999-02-23,31.144863718740442,31.144863718740442,30.187787240827802,31.065107345581055,930200
1999-02-24,31.22462478050819,31.86267586159137,29.749131655503334,30.068157196044922,979500
1999-02-25,29.948521585412365,29.98839977660466,28.552784893682094,29.19083595275879,1685800
1999-02-26,29.190844754267005,29.190844754267005,27.95462045456444,28.552793502807617,1587100
1999-03-01,28.71230026059286,29.749133325558713,28.71230026059286,29.469985961914062,857900
1999-03-02,29.430101985516757,29.908640229183696,29.270589237627778,29.350345611572266,1209000
1999-03-03,29.31046683613847,29.70924869785464,29.230710463795237,29.43010139465332,1407500
1999-03-04,29.430101985516757,29.828883855239205,29.111076489738796,29.350345611572266,977100
1999-03-05,29.5098703799967,29.589626786429122,27.994498657780653,28.552793502807617,2881400
1999-03-08,28.592661498810028,28.831930632691282,28.034366853087096,28.51290512084961,1213200
1999-03-09,28.51290728947888,29.230714745717506,28.433150905452365,29.111080169677734,865600
1999-03-10,29.35036336689095,30.46695327758789,29.31048515579463,30.46695327758789,714600
1999-03-11,31.025238554356463,31.06511675301245,30.466943773172673,30.586578369140625,958800
1999-03-12,30.427065574516686,30.706212965108584,30.06816178661282,30.586578369140625,550500
1999-03-15,30.42705693975225,31.424011623230374,30.42705693975225,30.9853515625,551000
1999-03-16,30.985354669035484,30.985354669035484,30.746085521012045,30.825841903686523,375300
1999-03-17,30.905610399960857,31.02524502086393,30.74609757209009,30.865732192993164,514000
1999-03-18,30.785963282293203,31.344257953215617,30.785963282293203,31.264501571655273,448400
1999-03-19,31.384143241728193,31.743047039918224,31.025239443538165,31.583534240722656,704200
1999-03-22,31.623408014888426,31.703164403324465,31.50377343223437,31.663286209106445,587000
1999-03-23,31.543656040923764,31.703168840119332,31.424021441527085,31.583534240722656,587000
1999-03-24,31.58352726555111,31.942430984477827,31.58352726555111,31.62340545654297,537600
1999-03-25,31.463892525556133,31.50377071633631,31.104988808534582,31.264501571655273,354500
1999-03-26,31.583526868276643,31.583526868276643,30.70620667749118,30.78596305847168,540100
1999-03-29,30.865720095023764,31.144867434384444,30.706207329674804,30.825841903686523,230700
1999-03-30,30.78596995196005,30.945482749638597,30.387187957763672,30.387187957763672,247600
1999-03-31,30.506831493703515,30.66634433811504,30.10804938267471,30.347318649291992,393500
1999-04-01,30.02828288329275,30.54669945365504,30.02828288329275,30.307430267333984,469700
1999-04-05,30.147911368640944,31.02523154074425,29.74912947223035,30.746084213256836,723000
1999-04-06,30.58657303464365,30.58657303464365,29.350349091913593,30.028278350830078,1201500
1999-04-07,30.068155052205622,30.147911431654443,29.390225826890642,29.589616775512695,974700
1999-04-08,29.430105705783795,29.430105705783795,28.552785481492137,29.111080169677734,877500
1999-04-09,29.03133908885059,29.11109551491886,28.074261976031337,28.15401840209961,883800
1999-04-12,28.3135209138366,28.47303370771737,27.675469738313524,27.755226135253906,679300
1999-04-13,27.83499341803459,27.83499341803459,27.0773073507815,27.356454849243164,818000
1999-04-14,28.47302851129751,29.948521585412365,28.233759364143747,29.19083595275879,1643000
1999-04-15,29.350372472986,30.94550141173524,29.31049424951727,30.70623207092285,1242100
1999-04-16,30.387176208496093,30.506810760498045,29.90863800048828,29.90863800048828,928600
1999-04-19,29.988408988449486,30.187800005659923,29.50987054714444,29.629505157470703,1064900
1999-04-20,29.58962270837081,30.387186662774337,29.430109917490103,30.307430267333984,654200
1999-04-21,30.267562227086234,30.427075071497754,29.86878011605743,30.347318649291992,592900
1999-04-22,30.40170992964578,30.40170992964578,29.76167393112692,29.961685180664062,424300
1999-04-23,30.001693940066907,30.401716525934464,29.841684905719884,29.88168716430664,443600
1999-04-26,29.961686724708194,29.961686724708194,29.321650693205747,29.401655197143555,432500
1999-04-27,29.481659298970726,31.001744853056056,29.321650293277536,30.441713333129883,942500
1999-04-28,32.64182930879815,35.44198623479799,32.56182482519815,34.40192794799805,1452100
1999-04-29,34.56194667090182,34.88196469563239,34.121921886897276,34.68195343017578,823400
1999-04-30,34.56192610192899,35.16195954119859,34.32191272622115,34.96194839477539,1358100
1999-05-03,35.00196768141372,36.32204189111275,34.9219631838562,36.282039642333984,1265300
1999-05-04,36.282040203068995,36.282040203068995,35.64200421271717,35.922019958496094,787800
1999-05-05,35.92201555216754,35.92201555216754,34.56193923950195,34.56193923950195,790000
1999-05-06,34.88196012564215,35.281982604147224,34.44193539928658,35.1619758605957,571800
1999-05-07,35.20198380048685,36.12203564981776,34.881965765936975,35.56200408935547,474100
1999-05-10,35.40200155798698,36.92208750058981,35.40200155798698,36.84208297729492,619100
1999-05-11,36.68206746606631,37.322103539629076,36.52205844767561,36.922080993652344,420400
1999-05-12,37.0821064428381,37.12210871516047,36.442070085680164,37.00210189819336,354700
1999-05-13,36.842082762439496,38.08215286627839,36.64207145536871,37.642127990722656,421400
1999-05-14,37.64213092102964,37.72213545008602,37.24210827574771,37.44211959838867,350500
1999-05-17,37.04209109356529,37.16209786816647,36.282048187757795,36.482059478759766,454000
1999-05-18,36.3620491027832,36.802073899406544,35.92202430615986,36.3620491027832,330000
1999-05-19,36.48205700402202,37.04208858083815,36.28204572658769,36.442054748535156,252900
1999-05-20,36.282039042030064,36.442048034497674,35.68200532027654,35.84201431274414,373900
1999-05-21,36.00202330521175,36.242036793913165,35.80201206462724,35.84201431274414,460900
1999-05-24,35.92203095528932,36.442060356646515,35.92203095528932,36.162044525146484,692800
1999-05-25,36.322053339240256,36.562066907561224,35.52200811150369,35.602012634277344,649900
1999-05-26,35.441992965732226,36.282040203068995,35.04197047176233,35.922019958496094,558700
1999-05-27,35.76200840600948,35.88201514562696,34.56194100983466,35.08197021484375,574900
1999-05-28,35.201963630702856,35.24196586210138,33.96189445734855,34.44192123413086,1132800
1999-06-01,34.481956481933594,34.56196102133483,34.24194286372988,34.481956481933594,719200
1999-06-02,34.52194289635572,35.12197666628079,34.52194289635572,34.84196090698242,916600
1999-06-03,34.801963806152344,34.96197283514615,34.60195251991009,34.801963806152344,888600
1999-06-04,34.80195562994114,35.1619758605957,34.80195562994114,35.1619758605957,808800
1999-06-07,35.16198733811311,36.56206646989235,35.08198281629715,36.522064208984375,736400
1999-06-08,36.40205135702169,36.44205361126018,36.12203557735229,36.3620491027832,803400
1999-06-09,36.44205968716842,36.72207551352427,36.2820506435365,36.522064208984375,519600
1999-06-10,36.56205997154361,36.80207349433274,36.48205546394723,36.6020622253418,470100
1999-06-11,36.52205804962388,37.24209862453432,36.52205804962388,37.16209411621094,592500
1999-06-14,37.042076935860024,37.522103850795574,36.76206123548095,37.36209487915039,507200
1999-06-15,37.28209953718288,38.042142338906565,37.042086020849084,37.20209503173828,937100
1999-06-16,37.242099967496145,37.84213380155892,37.00208643387104,37.122093200683594,452100
1999-06-17,37.08208243490403,37.882127363380924,37.042080188480185,37.72211837768555,438200
1999-06-18,37.68213318555783,37.76213771461422,37.36211506933229,37.44211959838867,633800
1999-06-21,37.122094033586926,37.16209629008864,36.642066955566406,36.642066955566406,544500
1999-06-22,36.8020905365815,37.042104170515735,36.56207690264728,37.00210189819336,461100
1999-06-23,37.00207767939722,37.082082171677,36.80206644869778,37.04207992553711,330800
1999-06-24,36.882070940977556,37.20208891009666,36.80206644869778,37.04207992553711,616400
1999-06-25,37.00208643387104,37.32210447870452,36.92208192266267,37.122093200683594,337100
1999-06-28,36.762049834633714,37.76210559727337,36.322025299072266,36.322025299072266,807000
1999-06-29,36.00202306545635,36.00202306545635,35.1619758605957,35.1619758605957,662300
1999-06-30,35.16197221573085,35.68200138388159,34.961960997211335,35.04196548461914,545800
1999-07-01,35.16197221573085,35.20197445943476,34.72194753498792,35.04196548461914,616000
1999-07-02,34.9619648541723,35.84201431274414,34.9619648541723,35.84201431274414,738600
1999-07-06,35.68201085231168,35.842019869586615,35.28198830912432,35.56200408935547,557100
1999-07-07,35.16197514132619,35.762008846809564,35.04196840022951,35.64200210571289,670400
1999-07-08,35.52200855928309,36.04203796386719,35.20199046415441,36.04203796386719,741700
1999-07-09,35.92200719474818,36.16202060584895,35.72199601883087,35.96200942993164,165700
1999-07-12,35.84202754208057,36.24205017089844,35.56201170190807,36.24205017089844,256500
1999-07-13,35.92200719474818,36.20202284103241,35.681993783647414,35.96200942993164,460100
1999-07-14,35.922018808977946,36.04202555332865,35.60200082404273,35.84201431274414,386800
1999-07-15,36.122030049562454,36.20203454579626,35.84201431274414,35.84201431274414,767100
1999-07-16,35.7620144149297,35.88202117471134,35.16198061602148,35.36199188232422,512500
1999-07-19,35.36198709984824,35.602000586951284,34.88196012564215,35.1619758605957,220700
1999-07-20,35.16197928735765,35.52199955309852,35.121977035608666,35.40199279785156,298400
1999-07-21,35.56201194694295,35.76202326273003,35.081984789053955,35.4420051574707,472600
1999-07-22,35.28199608381404,36.12204360961914,35.12198703127974,36.12204360961914,545200
1999-07-23,35.8420103586972,36.242032795736236,35.04196548461914,35.04196548461914,412000
1999-07-26,35.08198236943348,36.20204566058986,35.0019778486366,36.08203887939453,263500
1999-07-27,36.00203066456074,36.40205322750031,35.20198553868162,35.28199005126953,393100
1999-07-28,34.88196199774321,34.88196199774321,33.8419034978105,33.961910247802734,581100
1999-07-29,33.84190310175547,33.96190985034326,33.32187385787507,33.401878356933594,302600
1999-07-30,33.44189003469863,33.44189003469863,33.08186968743513,33.12187194824219,376800
1999-08-02,33.28187850712288,33.60189656969138,32.9618604445544,33.08186721801758,438700
1999-08-03,23.681337441775398,26.281484289267627,21.44121092701286,23.281314849853516,13442300
1999-08-04,23.858073855701246,25.063027080736664,23.858073855701246,24.420385360717773,6209400
1999-08-05,25.06302795410156,26.42864165672889,24.781872191795934,26.10732078552246,2934800
1999-08-06,26.027001368848584,26.067166494417794,24.058910215957255,25.38435935974121,1939200
1999-08-09,25.304019485694774,25.304019485694774,24.621212610683962,24.942533493041992,913000
1999-08-10,24.822045792721347,24.862210915363292,23.978578217240525,24.058908462524414,1477400
1999-08-11,24.05890584314192,24.179401197948973,23.617089542182715,23.77775001525879,1443700
1999-08-12,23.938411540122488,24.420392980527637,23.898246420088725,23.97857666015625,946900
1999-08-13,24.420392980527637,24.420392980527637,23.938411540122488,23.97857666015625,890500
1999-08-16,24.219577203661004,24.259742339985483,23.85809097674069,23.93842124938965,915900
1999-08-17,24.139236079679954,24.179401197948973,23.617089542182715,23.77775001525879,1241700
1999-08-18,23.777754364272734,23.81791948988806,23.45643335935013,23.657258987426758,1429100
1999-08-19,23.456429039960064,23.576924394617393,23.215438330645405,23.335933685302734,525300
1999-08-20,23.496599738130865,23.496599738130865,22.853957694011047,23.3761043548584,839800
1999-08-23,23.37610718778349,23.496602585658664,22.934290728907857,23.175281524658203,869100
1999-08-24,23.135108094207187,23.617089512836504,23.135108094207187,23.335933685302734,770900
1999-08-25,23.416271645405573,23.898253223012546,23.416271645405573,23.737592697143555,984800
1999-08-26,23.858076522599404,24.8220392103812,23.858076522599404,24.219562530517578,879600
1999-08-27,23.898245370065844,24.299896552756024,23.496594187375663,23.77775001525879,458300
1999-08-30,23.777756830938035,23.898252220284004,23.014619365080225,23.536766052246094,806800
1999-08-31,23.53676771828372,23.57693285090878,22.974455861532913,23.175281524658203,675500
1999-09-01,23.135110318458686,23.978577882152493,23.094945196378028,23.69742202758789,835500
1999-09-02,23.536759448873585,23.978575752521383,22.934282671172046,23.29576873779297,908700
1999-09-03,23.376097507476807,24.13923471132914,23.376097507476807,24.099069595336914,526500
1999-09-07,23.938410634007948,24.259731582115435,22.934282671172046,23.29576873779297,945900
1999-09-08,23.054784494862215,23.617096311810073,23.054784494862215,23.536766052246094,489500
1999-09-09,23.53676866651415,23.657264069243745,22.612970578920592,22.974456787109375,667500
1999-09-10,23.094947994378387,23.335938756058855,22.97445261353815,23.05478286743164,991300
1999-09-13,22.934278046957537,23.014608267787512,22.572792053222656,22.572792053222656,527000
1999-09-14,22.171141655890498,22.371967214367768,21.809655650631413,21.930150985717773,476600
1999-09-15,21.970320959444397,22.653128009372285,21.689165115356445,21.689165115356445,737900
1999-09-16,22.171151666080252,22.171151666080252,21.72933523795184,21.849830627441406,488200
1999-09-17,21.52850463302047,22.21131168294836,21.52850463302047,21.689165115356445,887900
1999-09-20,21.84982559769242,21.88999071827641,21.52850463302047,21.689165115356445,569000
1999-09-21,21.528503214905015,21.60883345078153,20.96619156376944,21.12685203552246,602600
1999-09-22,21.24734428256166,21.327674506692325,20.403876929189646,20.484207153320312,801000
1999-09-23,20.524374066641503,21.287511262857137,20.002227563967647,20.966190338134766,1025400
1999-09-24,20.805534581421863,20.845699706096422,20.32355308532715,20.32355308532715,536100
1999-09-27,20.484206950078246,20.524372061745066,19.600574493408203,19.600574493408203,786000
1999-09-28,19.680909068314072,19.72107418886165,19.038267139552794,19.480083465576172,1013700
1999-09-29,19.76124299602744,19.841573252108855,19.439921971701793,19.520252227783203,605400
1999-09-30,19.60058331337704,19.680913572858092,18.23496890219913,18.917776107788086,1756000
1999-10-01,19.279259843788598,20.805534581421863,19.279259843788598,20.32355308532715,1943900
1999-10-04,20.48420444969992,20.926020624105213,20.48420444969992,20.685029983520508,675900
1999-10-05,20.725196838378906,21.046517719594085,20.644866618075113,20.725196838378906,1368300
1999-10-06,20.80553245904991,21.24734878540039,20.80553245904991,21.24734878540039,1271100
1999-10-07,21.327669609676708,21.52849512389212,21.00634878693205,21.20717430114746,1987800
1999-10-08,20.88586337530791,21.528505325317383,20.765368009681133,21.528505325317383,651200
1999-10-11,21.528506878140245,21.689167377230845,21.488341753367596,21.608837127685547,622700
1999-10-12,21.56867473303246,21.60883986288913,20.92603265532572,21.006362915039062,487000
1999-10-13,20.845696849823,20.966192207336427,19.962064228057862,20.08255958557129,559600
1999-10-14,20.243219167114752,20.444044754090097,19.439916819213373,19.841567993164062,856200
1999-10-15,20.002227385351265,20.002227385351265,19.198925080718684,19.6407413482666,979900
1999-10-18,19.480083108950062,20.16289014575862,19.07843191082738,19.11859703063965,2102000
1999-10-19,19.439917989137793,19.480083108950062,19.07843191082738,19.11859703063965,1348000
1999-10-20,18.957935938341866,19.078431293882172,16.70868930158944,17.471826553344727,2492100
1999-10-21,17.793150260385158,18.395627131504295,17.752985135643883,18.15463638305664,3496900
1999-10-22,18.15464381876897,18.355469524728804,17.8734878304252,18.194808959960938,2865500
1999-10-25,18.315295662198746,18.35546078426497,17.79314907533782,17.993974685668945,1812700
1999-10-26,17.993976885171634,18.516123535857417,17.913646631219976,18.3554630279541,1037100
1999-10-27,18.63661283605239,20.002226707659677,18.596447722181587,19.801401138305664,1580300
1999-10-28,20.162889205004326,21.367842743151993,20.082558969127813,21.12685203552246,1680400
1999-10-29,21.28751617228962,21.327681297143,20.60470904978222,21.167020797729492,750500
1999-11-01,21.006358955960824,21.046524078247558,19.88173553193233,20.162891387939453,984900
1999-11-02,20.00223465526805,22.171151666080252,19.68091361662921,21.849830627441406,1937500
1999-11-03,21.46095343240163,21.622313984524954,20.008708463291747,21.0172119140625,1824800
1999-11-04,21.38026397935835,21.945025669379135,21.178563375779497,21.339923858642578,1444700
1999-11-05,21.945031091107747,22.146731744518664,21.783670568379012,22.066051483154297,1062300
1999-11-08,21.98537122178993,22.22741200588303,21.86435082974338,22.066051483154297,709600
1999-11-09,22.066049839625848,22.14673009498097,21.38026766910731,21.581968307495117,484300
1999-11-10,21.46094422078989,21.864345427947594,21.299583737926806,21.339923858642578,525000
1999-11-11,21.501283949234068,21.62230430917347,21.460943829254266,21.541624069213867,268700
1999-11-12,21.622309025883453,21.70298928344272,21.46094851076492,21.662649154663086,376200
1999-11-15,21.62230735792506,22.50979012261601,21.581967232257288,22.469449996948242,537900
1999-11-16,22.550133185411887,22.91319436371011,22.50979305448986,22.872854232788086,575900
1999-11-17,22.630814505575355,22.832515169617917,22.146732911873208,22.227413177490234,623900
1999-11-18,22.14672561313795,22.388766330221422,22.14672561313795,22.267745971679688,377000
1999-11-19,22.711491394709874,23.27625317006678,22.46945063384263,23.074552536010742,1079200
1999-11-22,23.235909016927085,23.356929376390244,21.78366470336914,21.78366470336914,821100
1999-11-23,21.783671009584545,22.63081377106839,21.541630220589163,21.864351272583008,1457200
1999-11-24,21.94502526901188,22.025705508971484,21.501283949234068,21.541624069213867,510700
1999-11-26,21.38027550569221,21.622316360473633,21.29959522076507,21.622316360473633,258100
1999-11-29,21.299590062910983,21.46095059369061,20.694488072487378,20.896188735961914,727300
1999-11-30,20.69449080981586,21.09789219012416,20.69449080981586,21.0172119140625,600500
1999-12-01,20.775160142617633,21.259241543999014,20.65413979227229,20.815500259399414,480000
1999-12-02,20.654140929284324,21.057542119309407,20.613800810281813,20.714651107788086,703400
1999-12-03,20.89618049296298,21.017200843308323,20.69447990905407,20.815500259399414,1074700
1999-12-06,20.573457491469817,20.613797604198187,19.685975011445628,20.049036026000977,649900
1999-12-07,20.12972222554315,20.250742599644614,19.524620355035843,19.564960479736328,684500
1999-12-08,19.40359714597697,19.605297740009995,19.121216314330738,19.31283187866211,731100
1999-12-09,19.605299189120906,19.605299189120906,19.040537484084503,19.121217727661133,598400
1999-12-10,19.2018985748291,19.645639928449103,19.000197959547283,19.2018985748291,1160100
1999-12-13,19.201900939310878,19.56496209152474,19.040540427215827,19.524621963500977,738800
1999-12-14,19.52461650682532,19.56495662357496,18.475773471334705,18.556453704833984,761000
1999-12-15,18.677479188897635,18.677479188897635,17.789996376466213,17.951356887817383,1279700
1999-12-16,17.628637468731874,17.628637468731874,16.942855233106147,17.3865966796875,2301800
1999-12-17,17.547958603415033,18.475781701986403,17.386598064533057,18.112720489501953,2301600
1999-12-20,18.032028496527985,18.556449906941552,17.709307628581175,18.314409255981445,875200
1999-12-21,18.11271574369041,19.242239219911635,18.032035495388893,18.75815773010254,1270200
1999-12-22,19.928021411017895,19.928021411017895,19.000198551800462,19.28257942199707,1128200
1999-12-23,19.52462016787988,19.84734116239029,19.040538676114263,19.28257942199707,698800
1999-12-27,19.12122110832708,19.64564278429386,19.12122110832708,19.322921752929688,806600
1999-12-28,19.16156325320648,19.887685650170095,19.16156325320648,19.605304718017578,800600
1999-12-29,19.564960479736328,19.68598085383779,19.40359998093438,19.564960479736328,504400
1999-12-30,19.645639720510264,19.766660088398417,19.52461935262211,19.68597984313965,669200
1999-12-31,19.887673022918996,20.775155389053314,19.4842719474034,20.694475173950195,483300
2000-01-03,20.533122418356722,20.61380266361549,19.52461935262211,19.68597984313965,599800
2000-01-04,19.443942139691252,19.766663171055423,19.12122110832708,19.322921752929688,450500
2000-01-05,19.32292082191286,19.363260948889714,18.63713866330635,18.677478790283203,680300
2000-01-06,18.838840343483405,19.363262023280587,18.51611930976206,19.080881118774414,890400
2000-01-07,19.92802398999532,19.92802398999532,19.20190165837606,19.363262176513672,852000
2000-01-10,19.52462016787988,19.52462016787988,18.879178178859057,19.28257942199707,913000
2000-01-11,19.080877001002683,19.161557242021722,18.75815603692653,19.040536880493164,936900
2000-01-12,19.000200705466863,19.040540834353205,18.556459287717107,18.798500061035156,805200
2000-01-13,19.121216510204558,19.121216510204558,18.798495556445832,18.959856033325195,668600
2000-01-14,18.919520015676056,19.44394167922358,18.919520015676056,19.000200271606445,961500
2000-01-18,19.1615566294244,19.1615566294244,18.798495556445832,18.959856033325195,510600
2000-01-19,18.798497854253295,18.91951822670557,18.637137357650264,18.75815773010254,653400
2000-01-20,18.838834732366365,18.838834732366365,17.789991685168236,17.830331802368164,915100
2000-01-21,17.87067537664253,17.87067537664253,17.14455312657579,17.265573501586914,1120600
2000-01-24,17.42693562920814,17.628636273064714,17.184894856580247,17.225234985351562,772200
2000-01-25,17.225232778020867,17.507613643234325,17.06387228361318,17.184892654418945,524800
2000-01-26,17.023538017272948,17.911021041870118,16.8218373298645,17.74966049194336,842500
2000-01-27,17.80480808681912,17.80480808681912,16.669193903605144,17.155885696411133,809400
2000-01-28,17.318126324573196,17.318126324573196,16.62864588542157,16.83143424987793,513700
2000-01-31,16.790869721742435,17.35867691040039,16.62863909641159,17.35867691040039,590200
2000-02-01,17.19645636551737,17.35868708594678,16.99366796498061,17.074783325195312,672200
2000-02-02,17.19645330589938,17.39924167035574,16.709761231204116,16.83143424987793,574700
2000-02-03,16.912539800008137,17.480346891615127,16.85170332590739,17.155885696411133,814800
2000-02-04,17.318122269972314,17.358679933368034,16.99366096280656,17.196449279785156,549000
2000-02-07,17.19645636551737,17.237014045624722,16.99366796498061,17.074783325195312,367000
2000-02-08,17.15589133994631,17.277564328172883,16.709757049782223,16.750314712524414,719400
2000-02-09,16.912539154943758,16.95309680279734,16.669193267822266,16.669193267822266,767300
2000-02-10,11.031687016543664,11.315590726528244,9.814956830895467,10.261091232299805,18414900
2000-02-11,10.17997831106186,10.22053599357605,8.922690153121948,9.733843803405762,11680000
2000-02-14,9.693277648892172,9.693277648892172,8.760451766362799,9.206585884094238,7098500
2000-02-15,8.963243240533874,9.166031549143238,8.435993638149528,8.719897270202637,6253900
2000-02-16,8.719897630079737,8.922685947058335,8.517109313101138,8.598224639892578,4333100
2000-02-17,8.801010396965312,9.896066990136111,8.719895093767475,9.774394035339355,8587100
2000-02-18,9.693283871600503,9.855514564012227,9.1660341212624,9.247149467468262,3060100
2000-02-22,9.16603074281112,9.490492008043372,9.12547308465709,9.328261375427246,2121600
2000-02-23,9.449933644887563,9.531048955144108,9.003799438476562,9.003799438476562,2048800
2000-02-24,9.125474095344543,9.24714708328247,8.719897468884787,8.760455131530762,2369200
2000-02-25,8.760459249864244,9.125478385275255,8.679343886439575,9.044363021850586,2141600
2000-02-28,9.044363021850586,9.490497520686265,8.922689976713583,9.044363021850586,1312700
2000-02-29,9.16603033119273,9.16603033119273,8.679338455200195,8.679338455200195,2367700
2000-03-01,8.638782493339098,9.81495475769043,8.517109500475167,9.81495475769043,3220400
2000-03-02,9.368822693824768,9.490495715822494,9.084918975830078,9.084918975830078,2084400
2000-03-03,9.247151430412258,9.328266793836926,8.882132295001247,9.044363021850586,1360600
2000-03-06,9.12547133485293,9.12547133485293,8.719894831081689,8.801010131835938,1560600
2000-03-07,8.882126736863752,8.963242049529175,8.598223142534774,8.679338455200195,1465300
2000-03-08,8.679337405702142,8.719895057130659,8.435991497131056,8.47654914855957,1653700
2000-03-09,8.476551209426507,8.51710887071563,8.192647580402653,8.31432056427002,1128300
2000-03-10,8.19264789523207,8.19264789523207,7.827628929602918,7.989859580993652,2045900
2000-03-13,7.908743858337402,8.070974501585349,7.746513215089456,7.908743858337402,1838200
2000-03-14,7.868189628877788,8.07097802137464,7.7465165933796785,7.827631950378418,2024700
2000-03-15,7.787071228027344,8.841570456822714,7.787071228027344,8.760455131530762,2156100
2000-03-16,8.922688279833112,9.247149671827044,8.922688279833112,9.084918975830078,3109300
2000-03-17,9.206593748699923,9.490497520686265,9.044363021850586,9.044363021850586,1716500
2000-03-20,9.00380190936002,9.084917241876775,8.841571244326506,8.922686576843262,1197600
2000-03-21,8.84156820218857,9.125471768313892,8.801010549884953,8.882125854492188,1776200
2000-03-22,9.003801273849774,9.003801273849774,8.476551649705419,8.598224639892578,2026200
2000-03-23,8.719899351313963,9.936629493357772,8.679341679912502,9.571610450744629,3666200
2000-03-24,9.652723793434886,9.896069771420638,9.125474174465753,9.166031837463379,1702200
2000-03-27,9.368822486777056,9.490495506085848,9.1660341212624,9.247149467468262,1496900
2000-03-28,9.20659103964129,9.693283076979156,9.20659103964129,9.490494728088379,1548700
2000-03-29,9.531055390834808,9.855516850948334,9.490497708320618,9.733843803405762,1716200
2000-03-30,9.855511798415074,10.585549709408783,9.774396474971327,10.463876724243164,4215500
2000-03-31,10.991128921508789,11.680609333559156,10.747782893726306,10.991128921508789,4753700
2000-04-03,11.356146223708611,11.356146223708611,10.950569572861875,11.23447322845459,3268500
2000-04-04,11.234471973619963,11.3967026158383,10.626107065301191,10.788337707519531,2424300
2000-04-05,10.950573332169476,11.193919406217686,10.910015653161441,11.031688690185547,1237100
2000-04-06,11.031681270389766,11.112796573848515,10.626104753096026,11.07223892211914,1002400
2000-04-07,11.03168367084704,11.072241331401624,10.666664725855776,10.788337707519531,1235900
2000-04-10,10.747784937129301,11.153361727209653,10.707227258121266,11.031688690185547,1058200
2000-04-11,10.950571636655438,11.031686982112143,10.788340945742023,10.86945629119873,787300
2000-04-12,10.950565966931018,11.153354225577889,10.86945066347227,11.07223892211914,1351700
2000-04-13,11.03168620850517,11.07224387838938,10.828897859084119,10.910013198852539,1154500
2000-04-14,10.707221371003952,10.788336684420647,10.139414177087074,10.585548400878906,1655600
2000-04-17,10.544994942284385,10.585552615139324,10.058302868025105,10.261091232299805,1099600
2000-04-18,10.098860354650588,10.22053337097168,9.612168289366222,10.22053337097168,893700
2000-04-19,10.317154586791991,10.317154586791991,9.866802600860595,10.235272407531738,882000
2000-04-20,10.153384291280911,10.439971751115454,9.989620028518317,10.399030685424805,662100
2000-04-24,10.235272407531738,10.399036766052246,10.07150804901123,10.235272407531738,739800
2000-04-25,10.317154469380853,10.849388628515579,10.112449023559805,10.72656536102295,812500
2000-04-26,11.054094074336628,11.095035163500837,10.562801004366111,10.72656536102295,936000
2000-04-27,10.562800341236347,10.562800341236347,9.907742955733319,10.030566215515137,676500
2000-04-28,10.030568189480725,11.340683218310861,9.743980526924133,11.135977745056152,1785600
2000-05-01,11.054093208454798,11.463504068027198,10.8493877786686,11.013152122497559,1413200
2000-05-02,10.890325380721182,11.013148599300743,10.726561089281766,10.849384307861328,877800
2000-05-03,10.685619714783458,10.685619714783458,9.989621495812889,10.071503639221191,845200
2000-05-04,10.808441480000814,11.954791333940294,10.317148685455322,11.791027069091797,3990200
2000-05-05,11.463503304174392,12.200442802299888,11.463503304174392,12.077619552612305,1638300
2000-05-08,11.99573612838495,12.77361662817783,11.83197181263908,12.487029075622559,1905500
2000-05-09,12.732675211999553,12.732675211999553,12.036676888514046,12.159500122070312,741400
2000-05-10,12.118559044218223,12.364205511330756,11.831971499253603,12.159500122070312,969600
2000-05-11,12.32326475987669,12.937380943923701,12.200441523067287,12.487029075622559,1305600
2000-05-12,12.527970154559027,12.732675549241364,12.282323680940221,12.487029075622559,776400
2000-05-15,12.446087067533536,12.814556750453937,12.405145991653491,12.732674598693848,764600
2000-05-16,12.732674619752903,12.978321075439453,12.650792467857384,12.978321075439453,1115700
2000-05-17,12.814556750453937,12.85549782633398,12.527969219293626,12.732674598693848,738700
2000-05-18,12.773613766926092,13.715258371539234,12.773613766926092,13.428670883178711,1726700
2000-05-19,13.264906714944278,13.510553135591394,12.814554943757898,13.223965644836426,2227400
2000-05-22,13.428677146956765,13.87902912444617,12.978325169467361,13.838088035583496,1292100
2000-05-23,14.001854516178197,14.370324371867097,13.919972326025109,14.165618896484375,1302000
2000-05-24,14.206549380807315,14.288431509803322,13.551492348839254,13.919961929321289,2023900
2000-05-25,13.592432697002703,13.96090225806603,13.101139948918268,13.305845260620117,983100
2000-05-26,13.633377075195312,13.71525921979108,13.428671713705894,13.633377075195312,755200
2000-05-30,13.551500118914106,13.756205558776855,13.101148151216053,13.756205558776855,1018200
2000-05-31,13.674320977581433,14.861612319946287,13.551497735267827,14.861612319946289,1835900
2000-06-01,14.861611254361213,16.089843589432387,14.820670176525507,16.04890251159668,1768400
2000-06-02,16.13078808597734,16.13078808597734,15.189143096186786,15.680436134338379,1765700
2000-06-05,15.680432283653403,15.680432283653403,14.902551830939526,15.189139366149902,751200
2000-06-06,15.06631565093994,15.189138876355212,14.73878704983255,15.066315650939941,774100
2000-06-07,14.902551188455941,15.516667308859345,14.77972796437526,15.025374412536621,888700
2000-06-08,15.066318215264216,15.107259297370911,14.656907394197253,14.738789558410645,770800
2000-06-09,14.779729524362718,14.861611682392429,14.575024129288442,14.697847366333008,277200
2000-06-12,14.697846608962456,14.697846608962456,13.510555378712006,14.022318840026855,2168700
2000-06-13,13.919963023879312,14.411255836486816,13.838080888444727,14.411255836486816,615300
2000-06-14,14.165618896484375,14.329383276790553,14.083736706331287,14.165618896484375,324900
2000-06-15,14.247498924210227,14.329381101935573,13.551500413544785,13.838088035583496,644000
2000-06-16,13.879026501611255,13.919967582736952,13.592438933731376,13.653850555419922,836500
2000-06-19,13.428679179560188,13.551502464739091,13.183032609202378,13.346796989440918,634500
2000-06-20,13.183025689772617,13.38773105762623,13.06020246906045,13.264907836914062,644600
2000-06-21,13.387733459472656,13.428674540388476,13.183028054893564,13.387733459472656,506900
2000-06-22,13.42867213119695,13.42867213119695,12.03667562979239,13.264907836914062,2796600
2000-06-23,13.183026945590974,13.305850178003311,13.019262635707856,13.101144790649414,777000
2000-06-26,13.142082214355469,13.305846478708808,12.773612619560456,13.142082214355469,1106100
2000-06-27,13.183026945590974,13.387732332944871,12.978321558237077,13.101144790649414,623300
2000-06-28,13.142082562770442,13.223964697117921,13.060200428422963,13.111376762390137,574300
2000-06-29,12.978325040085512,13.101148305449096,12.937383951630983,13.019266128540039,399600
2000-06-30,13.019259016090464,13.346787544797143,13.019259016090464,13.142082214355469,938500
2000-07-03,12.978319115755035,13.428670883178711,12.937378045989247,13.428670883178711,302700
2000-07-05,13.674323680132805,13.960911302171516,13.551500413544785,13.838088035583496,653200
2000-07-06,13.797146946720822,13.919970213308842,13.510559324682111,13.838088035583496,479900
2000-07-07,13.756205656090561,14.206557626974478,13.756205656090561,14.042793273925781,603200
2000-07-10,14.042790410170241,14.288436889648438,13.551497451213848,14.288436889648438,651900
2000-07-11,14.247496800182128,14.247496800182128,13.469616227758392,13.797144889831543,551800
2000-07-12,13.879024810221658,14.329376647721476,13.633378353403575,13.71526050567627,917100
2000-07-13,13.756206880132837,13.756206880132837,13.346795961081265,13.592442512512207,622400
2000-07-14,13.428676854996455,13.756205558776855,13.305853591078804,13.756205558776855,902800
2000-07-17,13.797146646749406,13.879028822694506,13.346794679051355,13.756205558776855,439700
2000-07-18,13.59244205378279,13.59244205378279,12.81456133383739,12.937384605407715,1122800
2000-07-19,13.060200082178799,13.183023280443804,12.896435817825461,13.142082214355469,1206800
2000-07-20,13.101141148267134,13.142082214355469,12.937376883913794,13.142082214355469,570400
2000-07-21,13.101150609885051,13.142091705540942,12.650798557670253,12.855504035949707,1721900
2000-07-24,12.855502424360832,13.060207876978042,12.81456133383739,12.937384605407715,333300
2000-07-25,13.060199904657923,13.592433756571882,13.01925883912608,13.551492691040039,1088500
2000-07-26,13.55149778313593,13.674321025883387,13.223969135809384,13.387733459472656,797900
2000-07-27,14.351070314645767,16.866631490488846,14.30983160684506,15.835663795471191,4815500
2000-07-28,15.83565342679937,15.918130788397283,14.969641130021278,15.505743980407715,1173500
2000-07-31,15.505749951238217,15.670704737953518,14.969646894413492,15.175840377807617,1085700
2000-08-01,15.010887936333924,15.217081451942907,14.887171826968535,14.928410530090332,532100
2000-08-02,14.969646967989107,14.969646967989107,14.474782605410953,14.763453483581543,975100
2000-08-03,14.763452216370466,15.093361763105001,14.516020056319563,15.052123069763184,561100
2000-08-04,15.7119373844025,15.7119373844025,15.34078925721189,15.505743980407715,1122900
2000-08-07,15.58823116473598,15.918140819016108,15.546992457950966,15.629469871520996,469200
2000-08-08,15.588228139700245,15.629466838482521,15.093363754312936,15.546989440917969,1022600
2000-08-09,15.588221728954954,16.289279319939702,15.134596228906,16.041847229003906,808300
2000-08-10,13.856204986572266,15.010888735453289,13.65001145998637,14.351069450378418,4629300
2000-08-11,14.516030373721891,15.093372490858558,14.351075483111416,14.557269096374512,1192200
2000-08-14,14.557261716114,14.92841003182229,14.186113400405713,14.680977821350098,1474600
2000-08-15,14.516024271647137,14.598501682281494,14.30983074506124,14.351069450378418,899400
2000-08-16,14.103636163740015,14.433545781605279,13.650010439175277,13.81496524810791,963800
2000-08-17,13.650007431213563,14.021155669524505,13.608768738067903,13.732484817504883,814300
2000-08-18,13.773728947509024,13.773728947509024,13.361341853272226,13.567535400390625,976300
2000-08-21,13.69124689707223,13.814962983491556,13.567530810652903,13.650008201599121,607900
2000-08-22,13.691244888305665,14.103631782531739,13.60876750946045,14.021154403686523,760200
2000-08-23,13.897444493756323,14.186115447632568,13.732489662969899,13.773728370666504,579600
2000-08-24,13.73248673373868,13.773725432638797,12.86647405683624,13.278861045837402,1239500
2000-08-25,13.113912315125678,13.155151033097772,12.701525135404745,12.948957443237305,1460900
2000-08-28,13.526296124486867,14.186115447632568,13.48505741679026,13.773728370666504,1443900
2000-08-29,13.732491421412274,13.773730134389487,13.526297856526202,13.691252708435059,664500
2000-08-30,13.44381907977889,14.309831965286119,13.402580370945213,13.9799222946167,1307000
2000-08-31,14.021162083888758,14.598504052048883,14.021162083888758,14.32014274597168,1341500
2000-09-01,14.433549542024911,14.433549542024911,13.60877528248063,13.691252708435059,600200
2000-09-05,13.608775124953022,14.227355812450886,13.402581562453733,14.144878387451172,1220200
2000-09-06,14.722223986984988,14.887178877595463,14.474791651069273,14.557269096374512,1018900
2000-09-07,14.351075483111416,14.557269096374512,14.351075483111416,14.557269096374512,927500
2000-09-08,14.51601982116699,14.80469066988338,14.51601982116699,14.516019821166992,691700
2000-09-11,14.6397375739167,15.340795429569049,14.6397375739167,15.299556732177734,1035800
2000-09-12,15.29955613454183,15.588227005004883,15.093362655639648,15.464510917663574,1135700
2000-09-13,15.546987855756607,15.588226550334209,14.887168742514946,15.258316993713379,616600
2000-09-14,15.258322588102086,15.753187104472964,15.217083878404512,15.71194839477539,778100
2000-09-15,15.670709968895041,15.670709968895041,15.217084154005974,15.340800285339355,689500
2000-09-18,15.093366386476626,15.340798622320506,14.887172856606727,14.969650268554688,741900
2000-09-19,15.010885591092316,15.175840377807617,15.010885591092316,15.175840377807617,512100
2000-09-20,15.093357172418148,15.505743980407717,14.969641130021278,15.505743980407715,870700
2000-09-21,15.464517358061556,15.876904487609863,15.423278645106725,15.876904487609863,1007400
2000-09-22,15.711951570510863,16.536725931167602,15.464519262313841,16.495487213134766,1075400
2000-09-25,16.289291597490934,16.536723874921176,16.083098032965733,16.413007736206055,536900
2000-09-26,16.33052707248264,16.825391529224536,16.33052707248264,16.701675415039062,909000
2000-09-27,16.7429141998291,16.825391609680477,16.660436789977727,16.7429141998291,813300
2000-09-28,16.701675276566448,17.650165477457875,16.66043657217986,17.60892677307129,772500
2000-09-29,17.608929349741807,18.26874871647686,17.608929349741807,17.980077743530273,937400
2000-10-02,17.85635385205669,18.021308622052594,17.52644431206488,17.897592544555664,700300
2000-10-03,17.897595504544814,17.897595504544814,17.44396981203331,17.48520851135254,664900
2000-10-04,17.27901623841027,18.887325625756336,17.27901623841027,18.103790283203125,1327000
2000-10-05,17.938837441531096,18.39246321591464,17.897598734768955,18.145030975341797,612800
2000-10-06,18.1862669559504,18.68113136291504,17.485209046083835,18.68113136291504,2473600
2000-10-09,18.433703797863377,19.34095543892153,18.30998766499181,19.176000595092773,1795200
2000-10-10,19.134761884135585,19.25847801700715,18.96980704030683,19.176000595092773,2111300
2000-10-11,19.134761884135585,19.21723930604996,18.722374774563697,19.176000595092773,1603900
2000-10-12,19.134759428199203,19.134759428199203,18.63989496022853,18.887327194213867,2619700
2000-10-13,18.351221901399118,18.43369930320316,17.567686584260727,17.81511878967285,1028900
2000-10-16,17.815124440912303,17.815124440912303,17.36149858709278,17.77388572692871,845400
2000-10-17,17.77387800882029,17.81511670489644,17.526445832363393,17.73263931274414,627100
2000-10-18,17.402728669381027,17.402728669381027,16.990341734087636,17.237773895263672,950400
2000-10-19,17.07282193057187,17.815118536248907,17.07282193057187,17.691402435302734,714300
2000-10-20,17.526447883358706,17.938834892378914,17.485209182456686,17.81511878967285,1314100
2000-10-23,17.815118536248907,17.815118536248907,17.52644763404117,17.691402435302734,372200
2000-10-24,17.897602902399584,18.5574223642392,17.897602902399584,18.392467498779297,864300
2000-10-25,18.227508388866077,18.309985802390358,18.062553561817516,18.145030975341797,572000
2000-10-26,18.03556963454845,18.284336112266363,17.45511451987333,17.828264236450195,529600
2000-10-27,17.662424153295056,18.035573959350586,17.662424153295056,18.035573959350586,949900
2000-10-30,17.95264925998924,18.823332018556847,17.95264925998924,18.74040985107422,891200
2000-10-31,18.74040985107422,18.823332018556847,18.450182264885015,18.74040985107422,636400
2000-11-01,18.40872147504021,19.07209882549211,18.325799306233723,19.030637741088867,610300
2000-11-02,18.947714769333537,19.196481265211,18.533103942871094,18.533103942871094,599100
2000-11-03,18.367258935361296,18.533103259834085,18.118492448652113,18.408720016479492,537300
2000-11-06,17.579505273274012,18.823338193552836,17.579505273274012,18.57457160949707,613300
2000-11-07,18.36725961228612,18.574565025517337,18.28433744699363,18.533103942871094,431300
2000-11-08,18.49164144627219,19.19647979736328,18.24287496941651,19.19647979736328,557400
2000-11-09,19.155033225443827,19.73548877773,18.90626656017832,19.445261001586914,677000
2000-11-10,19.445250028296364,19.69401655317862,19.237944590894482,19.652555465698242,602400
2000-11-13,19.403790775422127,19.652557323824976,18.90625767861643,19.279407501220703,635000
2000-11-14,19.652554201088535,19.694015285900957,18.40872165671584,18.947715759277344,1043400
2000-11-15,18.90625066342561,18.90625066342561,17.91118483903479,18.11849021911621,1529900
2000-11-16,18.118486101665194,18.40871356782459,18.077025035070996,18.284330368041992,542900
2000-11-17,18.20141169944506,18.491639220848512,18.159950624958853,18.450178146362305,596400
2000-11-20,18.284344377652022,18.367266574376067,17.579505705497635,17.66242790222168,898600
2000-11-21,17.78681013999729,18.201421098971583,17.662426852305,18.077037811279297,475800
2000-11-22,18.118494398657404,18.118494398657404,17.08196725914611,17.123428344726562,844000
2000-11-24,17.20635583360704,17.33073912878974,17.08197253842434,17.289278030395508,548700
2000-11-27,17.330733873267874,17.662422559837594,17.28927278744666,17.496578216552734,405900
2000-11-28,17.579496903852984,18.077029835094105,17.538035826249555,17.786802291870117,827400
2000-11-29,17.745350512440407,17.9941171084092,17.57950611512788,17.869733810424805,363400
2000-11-30,17.91118812561035,18.15995462735494,17.579499456617565,17.91118812561035,812600
2000-12-01,17.91119030233396,18.45018445495049,17.869729213671153,18.201417922973633,835500
2000-12-04,18.201417922973633,18.325801188962064,18.03557356832239,18.201417922973633,659000
2000-12-05,18.408714449783258,18.45017551836385,18.077025901138512,18.32579231262207,470200
2000-12-06,18.242879011636443,18.36726227762487,18.03557356832239,18.201417922973633,620100
2000-12-07,18.03557082398297,18.242876235752888,17.91118757692102,18.159954071044922,495300
2000-12-08,18.07703864948632,18.491649627685547,18.035577551666396,18.491649627685547,925500
2000-12-11,18.408724285711955,18.74041301158064,18.325802104244783,18.616029739379883,608300
2000-12-12,18.823338401710593,18.86479949951172,18.53311071710272,18.86479949951172,541900
2000-12-13,18.74040985107422,19.155020688487365,18.533104432367644,18.74040985107422,506900
2000-12-14,18.74040817545953,18.781869255493735,17.620959014536062,17.745342254638672,1224600
2000-12-15,17.247810310167228,17.952648712265407,17.247810310167228,17.703882217407227,896700
2000-12-18,17.952651780227136,18.20141831759749,17.91119069066541,18.035573959350586,769900
2000-12-19,18.035571376482647,18.201415710979038,17.828265958362156,17.91118812561035,848400
2000-12-20,17.745344731480024,17.9526501605861,17.37219495908909,17.496578216552734,837200
2000-12-21,17.53803930237395,17.579500388195164,16.87466192923451,17.496578216552734,973200
2000-12-22,17.579500388195164,17.70388364565881,17.330733873267874,17.496578216552734,622500
2000-12-26,17.49658180144896,17.62096508439765,17.040509763970434,17.20635414123535,525500
2000-12-27,17.20635582023943,17.66242790222168,17.04051142679134,17.66242790222168,838500
2000-12-28,17.911183275746968,18.325793999722592,17.496572551771344,17.95264434814453,1028400
2000-12-29,18.20141395302706,18.408719351125317,17.786803156830544,17.828264236450195,632600
2001-01-02,17.91119272015952,17.91119272015952,16.708820986630293,16.83320426940918,1002100
2001-01-03,16.83319465072741,18.408715332322586,16.70881143902253,17.372188568115234,1385100
2001-01-04,17.703881651544204,17.703881651544204,16.003977324346753,16.21128273010254,1197200
2001-01-05,16.21129102830763,16.294213233056006,15.796680004565747,15.9625244140625,1032800
2001-01-08,16.21129102830763,16.294213233056006,15.879602209314124,15.9625244140625,674600
2001-01-09,15.962514877319336,16.625892118974164,15.962514877319336,16.41858673095703,1045700
2001-01-10,16.708816713823047,16.999044299422952,16.54297237919453,16.62589454650879,486500
2001-01-11,16.8746679353714,17.040512337684632,16.542979130744936,16.584440231323242,577500
2001-01-12,16.750276785067587,16.750276785067587,16.04543840549791,16.21128273010254,895700
2001-01-16,16.04543937530898,16.874661048451564,16.00397829165185,16.62589454650879,610700
2001-01-17,16.667353196577594,17.247808283025567,16.667353196577594,16.874658584594727,870600
2001-01-18,16.916129668356465,16.957590770484792,16.460057544944895,16.708824157714844,948700
2001-01-19,16.708813562951317,16.750274638789907,16.128358501211075,16.29420280456543,560700
2001-01-22,16.750275351784445,18.325796300714668,16.750275351784445,17.786802291870117,1767600
2001-01-23,17.82826851154196,18.325801586282665,17.62096306373333,18.035573959350586,962400
2001-01-24,18.242875751696136,19.90131900185033,18.159953589188426,19.694013595581055,1967400
2001-01-25,19.5840124650435,19.95902546969327,19.33400379527699,19.709016799926758,1407600
2001-01-26,19.04233087523509,19.917361396854208,18.70898591461828,19.6673526763916,1083300
2001-01-29,19.407342301478362,19.82735635528411,19.38734114782666,19.68068504333496,688600
2001-01-30,19.80067684868798,19.834010811997242,19.020650154124898,19.76734161376953,876300
2001-01-31,19.66734256132384,19.854016101041232,19.293996753498508,19.480669021606445,776300
2001-02-01,19.34733917658132,19.80068846455126,19.007327210603858,19.214000701904297,562600
2001-02-02,19.33400323034272,19.91402388676132,19.220665919162528,19.780685424804688,501100
2001-02-05,19.427334762214716,20.294032015223962,19.427334762214716,19.88068389892578,1010700
2001-02-06,19.980692740403203,20.260702505756644,18.16729695196797,18.600645065307617,8798900
2001-02-07,18.767311123642497,19.100655908331028,18.60063873129823,18.673974990844727,1401900
2001-02-08,18.733983703903714,18.833986919953173,18.467308037235206,18.760650634765625,603700
2001-02-09,18.600645932704047,18.76065133870893,18.4606416793035,18.593978881835938,564900
2001-02-12,18.42730595296011,19.033993578709126,18.42730595296011,18.97399139404297,649300
2001-02-13,18.433974813637235,18.667316524515684,17.333936772764563,17.587278366088867,2403500
2001-02-14,16.920575820491926,17.667268481875407,16.847240853751895,17.41392707824707,1389700
2001-02-15,17.28060084606529,17.667280905587333,17.24059981138645,17.500608444213867,1170000
2001-02-16,17.533939208157147,17.700611638925217,17.12059229195378,17.133926391601562,1258500
2001-02-20,16.967252321325706,17.193926906995998,16.173891271479672,16.33389663696289,1901600
2001-02-21,16.933917257674068,16.993919429327235,16.34056386200346,16.347230911254883,797200
2001-02-22,16.500573459426214,16.83391837779846,16.433904221429774,16.7205810546875,1101500
2001-02-23,16.553902176298475,16.76057558949553,16.500567060905382,16.687240600585938,771800
2001-02-26,16.720577422395017,17.247262889381492,16.673909347418427,17.193927764892578,625000
2001-02-27,17.333932411731386,18.33396697394666,17.267263186595095,17.807281494140625,1114000
2001-02-28,17.973957569496243,18.68731677015825,17.200597452803375,17.44727325439453,1248000
2001-03-01,18.067290933530906,18.127293107626056,17.50060444019319,17.800615310668945,1507500
2001-03-02,17.96728739486553,18.5273068281129,17.96728739486553,18.233963012695312,2107300
2001-03-05,18.600642663771595,18.673978938822554,18.21396268264694,18.320632934570312,1272000
2001-03-06,18.30063346849856,19.000657171433808,18.20062899241375,18.400636672973633,878600
2001-03-07,18.36730118605271,18.467305660843373,18.13396080250042,18.333967208862305,842100
2001-03-08,18.36730142374212,18.52730807683392,18.33396744612034,18.400636672973633,492200
2001-03-09,18.34730113335601,18.400636259317697,18.03395615567261,18.320632934570312,543900
2001-03-12,17.9006214706112,18.17396418820005,17.83395223596785,17.953956604003906,747400
2001-03-13,17.78728561140433,18.24063491821289,17.687282387045965,18.24063491821289,999800
2001-03-14,17.86729232780101,18.000630842687265,17.6606187741766,17.760622024536133,537400
2001-03-15,17.60060416764913,18.100621338727855,17.5739372464285,18.013952255249023,619600
2001-03-16,17.667278719930763,18.413971814017284,17.667278719930763,18.407304763793945,1638300
2001-03-19,18.3673049925363,18.567312711957975,18.073962371960484,18.480642318725586,1605500
2001-03-20,18.433973430350633,18.593978835960748,18.20729878783382,18.393972396850586,691100
2001-03-21,18.267296996392457,18.29396519399241,17.86728293366072,17.920618057250977,1321400
2001-03-22,18.000620547856126,18.040621570800674,17.37393192088008,17.833948135375977,1690600
2001-03-23,17.700611114501953,18.180628514722553,17.567273936803772,17.700611114501953,1122900
2001-03-26,17.867289048265594,18.80732171800106,17.867289048265594,18.200634002685547,954500
2001-03-27,18.267301027971882,18.56064490826388,18.200631790867803,18.447307586669922,842000
2001-03-28,18.413962447427362,18.533965475576373,18.26728996034108,18.513965606689453,759500
2001-03-29,18.347298032811292,18.78064601696891,18.29396291586281,18.61397361755371,568900
2001-03-30,19.00065298297388,19.767345743754444,19.00065298297388,19.480669021606445,1161300
2001-04-02,19.20067031849957,19.600684548387097,18.87399239104764,18.90732765197754,1256900
2001-04-03,18.907319673569976,18.907319673569976,18.020622452761195,18.180627822875977,1199800
2001-04-04,18.33396447337849,18.840648735054092,18.300630501161613,18.487302780151367,991100
2001-04-05,18.667314009253595,19.30066981464007,18.6339800285953,19.140663146972656,700600
2001-04-06,18.833988904953003,18.99399432181781,18.167299032211304,18.667316436767578,613900
2001-04-09,18.933992385864258,19.153999995959765,18.567313459575086,18.933992385864258,526900
2001-04-10,19.10066554189212,19.434010494705632,18.78732174402705,19.334007263183594,791700
2001-04-11,19.167326447679645,19.31399770532594,18.720644354382383,18.987319946289062,628100
2001-04-12,18.833984375,19.273999483448215,18.733981172463533,18.833984375,550900
2001-04-16,18.90065784397201,19.500678465511914,18.90065784397201,19.260669708251953,1005300
2001-04-17,19.300670210314653,19.914024876914354,19.300670210314653,19.734018325805664,1307600
2001-04-18,19.734018325805664,19.940691807665708,19.334004191656316,19.734018325805664,1358200
2001-04-19,19.734024589091018,19.84736194187809,19.334010327983105,19.500682830810547,2086300
2001-04-20,19.420670787628474,19.800684992336347,19.420670787628474,19.587343215942383,656700
2001-04-23,19.587346626444607,19.734019202729343,19.480676355479307,19.58068084716797,691900
2001-04-24,19.667346541041333,19.834018969355245,19.46734013570853,19.587343215942383,775400
2001-04-25,19.6673432122988,19.80068164102598,19.580674123752782,19.720678329467773,921800
2001-04-26,19.832918060946035,20.080828817842576,19.765914704655742,19.899921417236328,1401800
2001-04-27,20.100912432257285,20.201416738822253,20.05401050772574,20.067411422729492,1137200
2001-04-30,20.067426468632938,20.234934197826927,19.966920808730503,20.040624618530273,1494600
2001-05-01,20.040621728976447,20.040621728976447,19.65200390439849,19.76590919494629,1206700
2001-05-02,19.83291253255953,19.933416899988206,19.564900460088936,19.76590919494629,1409500
2001-05-03,19.698910675747836,20.10092952177997,19.631907321745366,20.054027557373047,1249600
2001-05-04,19.96690583818293,20.100912432257285,19.866401531617964,20.067411422729492,900800
2001-05-07,20.067422843003687,20.067422843003687,19.846312731535416,19.987018585205078,531900
2001-05-08,20.30193657391323,21.226579968707124,20.30193657391323,21.105974197387695,2327400
2001-05-09,21.072466091136953,21.5749891176857,20.770951764014846,21.474483489990234,1688100
2001-05-10,21.47448627986211,21.87650628690837,21.11267031829217,21.27347755432129,1413300
2001-05-11,21.20647483470343,21.407484844054924,20.971963796117862,21.03896713256836,603200
2001-05-14,21.038966876034053,21.23997688293457,20.871459175941453,21.23997688293457,1079400
2001-05-15,21.273481071312258,21.467790645710185,21.273481071312258,21.394086837768555,1114900
2001-05-16,21.400787002664746,22.613542556762695,21.400787002664746,22.613542556762695,2726300
2001-05-17,22.412530496190257,22.419229679483607,21.085868557201884,21.20647430419922,2640100
2001-05-18,21.507987116759406,22.09761492160232,21.26677690385303,21.94350814819336,2751500
2001-05-21,21.896606632317233,22.111016282702632,21.63529503065782,21.997112274169922,975100
2001-05-22,21.863110099686896,22.191423826120477,21.715702476246822,22.084218978881836,773500
2001-05-23,21.910013826067082,22.01051694072122,21.574998331955857,21.66880226135254,885400
2001-05-24,21.57499705329106,22.111021300907904,21.353886891401284,22.064119338989258,1323400
2001-05-25,22.07080864869696,22.111011407767243,21.775996083407136,22.023906707763672,417700
2001-05-29,22.01051461132582,22.439336545416438,21.92341243237009,22.251726150512695,934500
2001-05-30,22.211523016474576,22.278525077027094,21.9301087390315,22.05071449279785,1345200
2001-05-31,21.440987598173134,21.97031259293461,21.360583332367707,21.715700149536133,1462200
2001-06-01,21.306977897107025,21.507986616181096,20.39573692225799,21.420883178710938,2359600
2001-06-04,21.25338122748575,21.75590571687031,21.226580654095272,21.588397979736328,698900
2001-06-05,21.595097163837558,22.111021300907904,21.501293240000265,22.064119338989258,927000
2001-06-06,21.856405217933954,21.936810758781416,21.541492462158203,21.541492462158203,1060600
2001-06-07,21.47448627986211,21.50798730812481,20.87145882525734,21.27347755432129,1104100
2001-06-08,21.306985172794192,21.574998593721077,21.239983095545178,21.461091995239258,485500
2001-06-11,21.306987865608797,21.46779644968128,21.21988438738716,21.320388793945312,401200
2001-06-12,21.306979740467266,21.467788263217496,21.0724699739198,21.4141845703125,308000
2001-06-13,21.414187735920763,21.956913704972322,21.414187735920763,21.729103088378906,615800
2001-06-14,21.54149992939684,21.575000971713827,20.938470943828307,20.951871871948242,723300
2001-06-15,21.072471059175207,21.57499420419863,21.005467717575595,21.159574508666992,1555000
2001-06-18,21.260085038532036,21.695606246055736,21.172981563816986,21.53479766845703,707900
2001-06-19,21.6084971676577,21.80950593244289,21.440989437675857,21.789405822753906,426800
2001-06-20,21.708995337384955,21.963605158809834,21.682193496404157,21.802799224853516,853400
2001-06-21,21.782710862386747,22.164630957111214,21.749209817155734,22.090927124023438,973300
2001-06-22,21.95690595763155,22.097611788713174,21.782696547370673,21.876502990722656,700500
2001-06-25,22.010517474926417,22.04402106992299,21.360587860650327,21.57499885559082,694500
2001-06-26,21.306978074573074,21.943507820246413,21.17967314782423,21.903305053710938,802900
2001-06-27,21.83630572592813,22.111018274984804,21.809503878223854,21.849706649780273,977000
2001-06-28,21.91671759045525,21.91671759045525,21.37399273443696,21.514699935913086,814300
2001-06-29,21.347180228825067,21.595090892105173,21.340479767928002,21.521387100219727,882900
2001-07-02,21.440994262695312,21.50129716129777,21.30028835127814,21.440994262695312,766600
2001-07-03,21.320380663693513,21.541492062979486,21.31368020208039,21.4141845703125,321900
2001-07-05,21.340482210224,21.641995317204813,21.246677024911897,21.43428611755371,512100
2001-07-06,21.461087190629467,21.541492732485953,21.280179833382046,21.340482711791992,764200
2001-07-09,21.34048376313948,21.749201730519594,21.320382376685053,21.548192977905273,690500
2001-07-10,21.37399036884114,21.682205318258706,21.37399036884114,21.53479766845703,641100
2001-07-11,21.30697627455184,21.541488558916942,21.30697627455184,21.454383850097656,730100
2001-07-12,21.474489026127404,21.641996744827253,21.347184080062902,21.608495712280273,623900
2001-07-13,21.608495201626084,22.090918237989754,21.608495201626084,21.936811447143555,577800
2001-07-16,21.809498388328382,22.097611788713174,21.775997365113362,21.876502990722656,511000
2001-07-17,21.776002309946588,22.11771691387815,21.776002309946588,22.017213821411133,1167300
2001-07-18,21.97700934502404,22.044013957432743,21.695597640801353,21.80950164794922,561800
2001-07-19,21.91001315740516,21.91671234245817,21.260082300755414,21.347187042236328,867900
2001-07-20,21.34718187608746,21.407484750832076,19.765908765863994,20.409137725830078,1589600
2001-07-23,20.402436712015756,20.402436712015756,19.765906992587013,19.960216522216797,1260800
2001-07-24,20.067418171874277,20.435934512547067,20.067418171874277,20.18802261352539,628500
2001-07-25,20.100925478737086,20.670451956231123,19.899916735142686,20.65035057067871,1419500
2001-07-26,18.177835765637848,19.27523787832462,18.144173620464006,19.187715530395508,4353600
2001-07-27,19.187700231977562,19.187700231977562,18.635633272868784,19.03958511352539,1359100
2001-07-30,18.8510873612343,19.093458895371263,18.79722716299591,18.979005813598633,725500
2001-07-31,19.019391661430316,19.50413321670996,18.985729534972712,19.207902908325195,677900
2001-08-01,19.154048221224212,19.38968574216949,19.012664424528865,19.26850128173828,755600
2001-08-02,19.389680602554833,19.389680602554833,18.783753324498967,19.08671760559082,800900
2001-08-03,19.079987513417187,19.079987513417187,18.58851319882028,18.972267150878906,416600
2001-08-06,18.716426955162056,18.803950536537847,18.379800561838078,18.70296287536621,772500
2001-08-07,18.51445132916694,18.985728785742293,18.47405652218635,18.777019500732422,436500
2001-08-08,18.642377084909985,18.878015906339247,18.480796508991475,18.62217903137207,472000
2001-08-09,18.393274612293443,18.561587888444194,18.076846115416252,18.534658432006836,795100
2001-08-10,18.53465575514393,18.64910881776172,18.251889440683986,18.51445770263672,336600
2001-08-13,18.514460351764317,18.70297168308668,18.29901956404069,18.46733283996582,455500
2001-08-14,18.514455877518753,18.696234479779672,18.46059569360382,18.649106979370117,374000
2001-08-15,18.521184756428905,18.68276527498206,18.177825672955517,18.3192081451416,447100
2001-08-16,18.35961475187737,18.649113828287156,18.332684007965508,18.56159019470215,524000
2001-08-17,18.527916740359455,18.851077765288014,18.521184058490807,18.696229934692383,766800
2001-08-20,18.71643032675448,19.187707875955468,18.68276819500927,18.972267150878906,784700
2001-08-21,19.120375707779534,19.14057375030976,18.80394741290474,18.884737014770508,547600
2001-08-22,18.864546788340625,19.08672019659183,18.857814105165982,18.972267150878906,494300
2001-08-23,18.952070935132504,19.315628156972533,18.81742111099512,19.053058624267578,661100
2001-08-24,19.019389669131456,19.322353912025328,18.857809167630617,19.221364974975586,507500
2001-08-27,19.12038521546777,19.154048636424086,18.851084268458294,18.86454963684082,349500
2001-08-28,18.884742269902183,19.053055485441874,18.851080140445415,18.938602447509766,605100
2001-08-29,18.972265919755717,19.255032174101814,18.797220020957855,18.857812881469727,706300
2001-08-30,18.85781643950122,19.15404811521486,18.561584763787582,18.851083755493164,581200
2001-08-31,18.95207196307082,19.106919847085244,18.837618900075768,18.86454963684082,451800
2001-09-04,18.817421583427755,19.18771021426225,18.689503155776787,18.78375816345215,531200
2001-09-05,18.75009242819836,18.864545465887836,18.514453670116744,18.723161697387695,549000
2001-09-06,18.682773110267018,18.702971165104866,18.413472133070822,18.453866958618164,661700
2001-09-07,18.312478356155967,18.379802615039306,18.04317618411091,18.097036361694336,603300
2001-09-10,17.975855530069833,18.312482028504636,17.908529973557233,18.224958419799805,758500
2001-09-17,17.15448570152823,17.30933357945346,16.508163454121274,16.939044952392578,1193600
2001-09-18,17.100627451609398,17.504579544067383,16.844791854058712,17.504579544067383,1006200
2001-09-19,17.50457804979607,17.75368222552111,16.925580057227947,17.10062599182129,1107800
2001-09-20,17.13429031432787,17.50457897122164,16.191735034728715,16.360048294067383,1234000
2001-09-21,15.316509977722541,15.61947442499924,14.97988338480556,15.202056884765625,1724800
2001-09-24,15.350164250683456,16.1580681729838,15.350164250683456,15.956092834472656,1035600
2001-09-25,15.821432627447772,16.326371966621636,15.659852193007392,16.191720962524414,1176000
2001-09-26,16.17153348180426,16.595682204855294,15.821441697748496,16.036882400512695,836200
2001-09-27,15.95608905300807,16.763991499714155,15.821438003159932,16.595678329467773,1077200
2001-09-28,16.932312049493504,17.289136588214987,16.73033667082286,16.999637603759766,1602000
2001-10-01,17.134295291986756,17.30260860022188,16.461042059046274,16.60242462158203,1004900
2001-10-02,16.602413048617553,16.965970157364147,16.36004164278649,16.878446578979492,901800
2001-10-03,16.710137616133988,16.89864889993687,16.360045782269236,16.609149932861328,1631500
2001-10-04,16.629342319534743,16.656271759976043,16.32637808877245,16.41390037536621,1019100
2001-10-05,16.461034474487096,16.494696606972557,15.65313045355559,16.38697624206543,1252800
2001-10-08,16.30617981403048,16.312912495077203,15.65312516202959,15.875298500061035,583900
2001-10-09,15.875301125441922,15.875301125441922,15.484814549048423,15.680058479309082,775300
2001-10-10,15.680067203460995,15.821449755103629,15.538683367689826,15.700263977050781,496300
2001-10-11,15.700260239698197,15.807980620296645,15.58580717479632,15.619470596313477,1370100
2001-10-12,15.62619501579877,15.673323784868955,15.417487032141423,15.505010604858398,1308300
2001-10-15,15.552146213807898,15.754121621675818,15.464622595371027,15.558878898620605,702000
2001-10-16,15.585806155776849,16.15807144287082,15.484818466084535,16.023420333862305,1043500
2001-10-17,16.016685353664457,16.158067830802608,15.727186432902121,15.922429084777832,999500
2001-10-18,15.915697414807061,16.23212708513,15.653129206775636,15.84164047241211,1263600
2001-10-19,15.787791562355983,16.07728942402646,15.404036074401537,15.417501449584961,1156100
2001-10-22,15.484813359889069,16.319646621718196,15.148186982500176,16.23212432861328,1140600
2001-10-23,16.191731319444923,16.763996526712585,16.178267237724718,16.279254913330078,1151300
2001-10-24,16.360050009296575,16.393713435170625,16.02342345532645,16.205202102661133,606200
2001-10-25,16.1222116270482,16.18317807885502,15.681899368923105,15.8241548538208,1003800
2001-10-26,15.749648301882154,15.986740040104639,15.580297244872668,15.769970893859863,956800
2001-10-29,15.749648245748697,15.749648245748697,15.309335757502563,15.343205451965332,695900
2001-10-30,15.309331704931912,15.715774391124839,15.187398769869466,15.3499755859375,498200
2001-10-31,15.512546451648465,15.51932064455854,15.194167137145998,15.194167137145996,610000
2001-11-01,15.194172955429519,15.830933120313325,15.180624564421299,15.729321479797363,692900
2001-11-02,15.580291922928449,16.020604262341223,15.424489313790106,15.858027458190918,707000
2001-11-05,15.986737278131862,16.79962143611062,15.986737278131862,16.609949111938477,1022200
2001-11-06,16.596395603965746,16.948645943202038,16.427044628415075,16.779294967651367,1039900
2001-11-07,16.291570692224195,16.806398045559625,16.291570692224195,16.474470138549805,722200
2001-11-08,16.562531205994162,16.914780365486024,16.4609195546325,16.508338928222656,801000
2001-11-09,16.460918553111696,16.589625689505354,16.135764906265784,16.237375259399414,511200
2001-11-12,16.18994903564453,16.257689667668835,15.9189877995924,16.18994903564453,351700
2001-11-13,16.29156406180811,16.56929957080359,16.27124277073971,16.50156021118164,405400
2001-11-14,16.52865462738501,16.69123140564246,16.440592690345913,16.576072692871094,436300
2001-11-15,16.69800733943965,16.948647372897245,16.49478666845442,16.792844772338867,799500
2001-11-16,16.83349490093844,17.111230524071217,16.63027286242075,16.901235580444336,738200
2001-11-19,16.894456675859693,17.016389606586017,16.68446049869963,16.935100555419922,487200
2001-11-20,16.799625899594275,17.016396358028043,16.63027482684818,16.908010482788086,280600
2001-11-21,16.867353660721836,16.948642681844024,16.664133045984105,16.887676239013672,258700
2001-11-23,16.860585699521472,16.968970239712508,16.752201159330433,16.935100555419922,231400
2001-11-26,17.002851274618255,17.138331383981722,16.596408362435056,17.043495178222656,610100
2001-11-27,17.043481415511604,17.219606578303768,16.901227221744097,17.17896270751953,350800
2001-11-28,17.138328259067773,17.260261239694746,17.09768436287417,17.172199249267578,533100
2001-11-29,17.117997161961743,17.44315072954785,17.11122296779802,17.375410079956055,527300
2001-11-30,17.375417521185575,17.598960856141797,17.375417521185575,17.477027893066406,815300
2001-12-03,17.409286625971337,17.409286625971337,17.016392282971896,17.12477684020996,553700
2001-12-04,17.070584316147293,17.070584316147293,16.745429357062395,16.982521057128906,650800
2001-12-05,17.138320341718632,17.273801655837545,16.86058481061587,16.968969345092773,1005400
2001-12-06,17.070588170024802,17.734444046447315,17.070588170024802,17.287357330322266,1121100
2001-12-07,17.40927930951411,17.747981231550995,17.341538666697673,17.619274139404297,602900
2001-12-10,17.680241039452877,17.680241039452877,17.355087496099273,17.54475975036621,992300
2001-12-11,17.54477019384638,17.646380575122034,17.416063021805957,17.510900497436523,611800
2001-12-12,17.40928133871578,17.612501998806913,17.37541036733696,17.51766586303711,606300
2001-12-13,17.510891668761346,17.551535542370484,17.45669940660068,17.51766586303711,946600
2001-12-14,17.510897000807415,17.781858394118142,17.477026019114923,17.59895896911621,1134400
2001-12-17,17.477022473017207,17.849595443764304,17.477022473017207,17.68024444580078,414400
2001-12-18,17.646374044174888,17.9512063672291,17.626052750668354,17.84959602355957,481500
2001-12-19,17.84959643170448,18.188298446378017,17.815725455009737,18.12055778503418,480900
2001-12-20,18.08668374668426,18.52699600136182,18.018943101646478,18.35764503479004,955800
2001-12-21,18.28991093080961,18.34410320781166,18.093463119148563,18.14088249206543,1303900
2001-12-24,18.086686932297855,18.228941149091668,17.98507530082163,18.188297271728516,159900
2001-12-26,18.188300682290446,18.289911040774477,18.140882601134287,18.208621978759766,294300
2001-12-27,18.16797274570085,18.215390812898637,18.08668499966048,18.127328872680664,702400
2001-12-28,18.12055813805409,18.12055813805409,17.815725802090984,17.978303909301758,1129900
2001-12-31,18.052813426151722,18.188294721090408,17.937654713067456,17.957977294921875,857200
2002-01-02,17.917340331202382,18.018950695559088,17.598959552959915,17.951210021972656,769100
2002-01-03,17.917338237245072,18.05281827653882,17.815726592717596,17.991851806640625,733300
2002-01-04,17.99184431876849,18.222161710964333,17.917330780384088,18.17474365234375,371900
2002-01-07,18.188295328233657,18.235713395431443,17.944429506021695,18.127328872680664,488300
2002-01-08,18.120548311835005,18.64892364363405,18.120548311835005,18.405057907104492,965200
2002-01-09,18.01894612192094,18.615061055672413,17.98507514770204,18.289907455444336,977700
2002-01-10,18.154423874878134,18.506674210479552,17.99184709507257,18.486352920532227,480500
2002-01-11,18.479582058410713,18.486356253629676,18.262811687540783,18.32377815246582,519300
2002-01-14,18.269590924395487,18.68280790246327,18.256043822264758,18.560874938964844,641800
2002-01-15,18.62860698724226,18.967308932464846,18.560866339788667,18.933439254760742,951300
2002-01-16,18.93343877834254,19.03504910094344,18.76408780999259,18.83182716369629,626100
2002-01-17,18.83182984077184,19.00118083319621,18.723445308983884,18.96053695678711,872700
2002-01-18,18.797958156403006,18.886020094581674,18.662476860079238,18.77763557434082,723000
2002-01-22,18.743773720675538,19.02828352808478,18.669258847387468,18.79796600341797,964400
2002-01-23,18.28990920392336,18.91989517211914,18.283135008431984,18.91989517211914,1569000
2002-01-24,18.91137926843313,19.238259111510974,18.863709453680737,19.12929916381836,914100
2002-01-25,19.06800718916393,19.27230674662872,19.013527220579654,19.14291763305664,1049700
2002-01-28,18.999906539916992,19.1361071082223,18.93180625576434,18.999906539916992,1093600
2002-01-29,19.102061911979543,19.23145235987954,18.747942668687593,18.897762298583984,959800
2002-01-30,18.79561129625242,19.05439087668556,18.40063111628278,18.77518081665039,929200
2002-01-31,18.69346467252748,19.33360422197087,18.632174522211884,19.272314071655273,1223000
2002-02-01,18.999906539916992,19.06800682406965,18.747937177128524,18.999906539916992,1423600
2002-02-04,18.897757071152203,19.122487103285383,18.66621688060227,18.931806564331055,648800
2002-02-05,18.931814188966317,18.99991450165578,18.5708847398514,18.645793914794922,832800
2002-02-06,18.52321792362054,18.55045727378381,18.216767116123496,18.393827438354492,1194200
2002-02-07,18.318909688009583,19.068010354577584,18.318909688009583,18.598119735717773,1466100
2002-02-08,18.523213808620692,18.93181306263741,18.461923660737117,18.822853088378906,435500
2002-02-11,18.96585871525091,19.061198342106366,18.775178162635,18.884138107299805,573800
2002-02-12,18.884143013768234,19.306363883224318,18.82966302728087,18.918193817138672,668900
2002-02-13,18.97266966023174,19.544710042875266,18.93180870511074,19.51746940612793,615400
2002-02-14,19.51747537847994,19.932886123657227,19.319985897250138,19.932886123657227,1220200
2002-02-15,19.932886157971808,19.932886157971808,19.422135751935738,19.72177505493164,475000
2002-02-19,19.646865533578556,19.653675694741416,19.115684653024175,19.21783447265625,538300
2002-02-20,19.204216282051917,19.47661624585223,19.12930580491727,19.40851593017578,920000
2002-02-21,19.408504891383778,19.476605168327477,18.999904528626328,19.170154571533203,359700
2002-02-22,19.06801658299338,19.18378673563206,18.802426767665747,19.115686416625977,635900
2002-02-25,18.965863997167542,19.170163625584426,18.775183391447854,19.1361141204834,667200
2002-02-26,19.102056740903382,19.544707948273388,19.102056740903382,19.41531753540039,353800
2002-02-27,19.360848181627894,19.714968822115775,19.319988507388718,19.524288177490234,287900
2002-02-28,19.374459494593793,19.742198989515277,19.238258911938413,19.28592872619629,653900
2002-03-01,19.374464444637727,19.667293564024103,19.149734335072853,19.60600471496582,429300
2002-03-04,19.714973297116195,20.225723887208265,19.612822139973048,19.98737335205078,1009800
2002-03-05,20.02140430445929,20.157604855070428,19.749004502141727,19.837533950805664,998700
2002-03-06,19.837545057051194,19.9056453704834,19.674105084157173,19.9056453704834,1474700
2002-03-07,19.851159878447827,19.851159878447827,19.374460414334266,19.74901008605957,658000
2002-03-08,19.74902240123424,19.9737526041886,19.57877220812015,19.653682708740234,778600
2002-03-11,19.61281394958496,19.73539424784199,19.510664134005896,19.61281394958496,389200
2002-03-12,19.442560793693403,19.4629912731871,18.781990876925963,19.2314510345459,1920700
2002-03-13,19.17016686372539,19.204217673483495,18.79561704872533,19.074827194213867,626000
2002-03-14,19.033967521409725,19.265507832142497,18.999916711651622,19.074827194213867,695200
2002-03-15,19.068008168498373,19.27230773645601,18.99990787954417,19.149728775024414,1091500
2002-03-18,19.306364243799255,19.374464552906673,19.033964306274957,19.1361141204834,1072200
2002-03-19,19.068009231950565,19.136109524702828,18.80922967817803,18.97266960144043,1415700
2002-03-20,18.96586095484706,19.068010752669615,18.6253607628351,18.8160400390625,614300
2002-03-21,18.76156098706986,19.09525233476161,18.632171842925533,19.020341873168945,777500
2002-03-22,18.93180972219508,19.136110612060712,18.72751013123457,18.795610427856445,678400
2002-03-25,18.67303282706841,18.822852461961578,18.387012579432145,18.475542068481445,464700
2002-03-26,18.40062964953055,18.645788890686852,18.35295983316419,18.4619197845459,1063600
2002-03-27,18.59130060471159,18.850081347747334,18.4823407020348,18.82965087890625,926700
2002-03-28,18.76156098706986,19.0612015345353,18.70708100561298,19.020341873168945,755700
2002-04-01,19.03395856808411,19.03395856808411,18.625358135526252,18.86370849609375,719500
2002-04-02,18.863716316548864,18.9794864654541,18.79561599973893,18.9794864654541,858400
2002-04-03,18.931817132973382,19.006727618471345,18.775187298664576,18.952247619628906,1127900
2002-04-04,18.986293180666014,19.204214429590813,18.965863997167542,19.1361141204834,1223900
2002-04-05,19.102057592020856,19.449367895372777,19.068008097123695,19.394887924194336,783000
2002-04-08,19.340415362977872,19.56514549255371,19.197405870932094,19.56514549255371,842400
2002-04-09,19.544714916551698,19.88521516737033,19.53790475566668,19.823925018310547,559600
2002-04-10,19.749011190339658,20.055461883544922,19.64686139223962,20.055461883544922,816500
2002-04-11,20.055462756491586,20.082702097681494,19.721771409852437,19.762632369995117,455100
2002-04-12,19.776249658799923,20.021408887552685,19.749009022880166,19.926069259643555,469800
2002-04-15,19.953314161776674,19.953314161776674,19.27912382158643,19.537904739379883,573400
2002-04-16,19.544723251691963,19.7626432973263,19.510672432745395,19.71497344970703,323100
2002-04-17,19.64686617931897,19.91245597887268,19.5787658643575,19.86478614807129,296100
2002-04-18,19.837532213327645,20.014592394052357,19.306352970058118,19.497032165527344,624100
2002-04-19,19.54471493846917,19.749014569627303,19.510664134005896,19.61281394958496,452300
2002-04-22,19.612809496938507,19.823920539966664,19.551519361724534,19.74901008605957,567700
2002-04-23,19.885213281577307,19.885213281577307,19.05439191707046,19.068012237548828,919200
2002-04-24,19.07481832728429,19.408508314364415,19.020338355901924,19.149728775024414,952800
2002-04-25,18.99740862371839,19.332858204888126,18.894720189605902,19.20278549194336,586500
2002-04-26,19.134330978899275,19.237019432184493,19.11379276594042,19.168560028076172,587100
2002-04-29,19.202786214407126,19.30547595813738,18.92894994455323,19.120635986328125,613300
2002-04-30,19.237012874979648,19.483464817706672,18.949484520336387,19.332855224609375,620400
2002-05-01,19.28493354545642,19.28493354545642,19.07271064578888,19.161706924438477,746800
2002-05-02,19.031635530940893,19.13432525928472,18.894718069406018,19.072711944580078,517500
2002-05-03,19.10010062396785,19.175406099062457,18.81257217131653,19.168560028076172,1320500
2002-05-06,19.237020594678498,19.326016911369198,18.846803665161133,18.846803665161133,732600
2002-05-07,18.85365546202952,18.867346303232527,18.305981335504125,18.415515899658203,698100
2002-05-08,18.347047572260532,18.51819540896354,16.97786487863648,18.31281852722168,4068400
2002-05-09,18.107443150314822,18.14167219819831,17.71722495336887,17.751455307006836,1425700
2002-05-10,17.778838313884997,17.826760809058264,17.525540225312977,17.55292320251465,1042500
2002-05-13,17.62822426654763,17.854139321422732,17.600839990439543,17.758296966552734,814800
2002-05-14,17.833603031152045,17.86783337996634,17.49130737753489,17.55976676940918,1630800
2002-05-15,17.5597730137263,17.737766973593015,17.416009414846314,17.436546325683594,1116900
2002-05-16,17.539230467935802,17.566613442172905,17.320160145267295,17.45707893371582,1077000
2002-05-17,17.525532234948464,17.792522343270544,17.49130189685981,17.49814796447754,869300
2002-05-20,17.498152243402345,17.498152243402345,17.087397226171372,17.18324089050293,937600
2002-05-21,17.183244503997045,17.251703905557687,16.916252968485992,16.950483322143555,905700
2002-05-22,16.92309474593439,17.046321376330823,16.793023352297396,16.875173568725586,1208300
2002-05-23,16.943642827585606,17.279092569299742,16.943642827585606,17.244863510131836,2752500
2002-05-24,17.24485469045079,17.52553701049161,17.23116255148435,17.354389190673828,391200
2002-05-28,17.38861930541206,17.49130774248893,17.238009684749606,17.320159912109375,944100
2002-05-29,17.354397638880837,17.45708611960992,17.33385942043307,17.38178062438965,877900
2002-05-30,17.285932189929486,17.381774564428277,17.09424613517749,17.231164932250977,1564600
2002-05-31,17.306469078052295,17.320159912109375,17.217471475032504,17.320159912109375,1765200
2002-06-03,17.28593207061894,17.381774444456205,17.16955148563608,17.21062660217285,1091100
2002-06-04,17.210628742278786,17.354393626665964,17.114786356523716,17.251705169677734,1043500
2002-06-05,17.238009447836333,17.593997243514274,17.224317308213113,17.48446273803711,777400
2002-06-06,17.32016327050017,17.46392815488735,17.21747481351194,17.251705169677734,932200
2002-06-07,17.258543514800767,17.5939943516615,17.16954723338639,17.429691314697266,1362400
2002-06-10,17.49815594235682,17.63507474562863,17.402313563519243,17.55292320251465,446000
2002-06-11,17.573460369978147,17.59399858097425,17.26539373380858,17.29277801513672,516200
2002-06-12,17.272239576129724,17.457079555391392,17.155858993530273,17.155858993530273,517600
2002-06-13,17.149013299453976,17.217472697617858,17.01209580888063,17.01894187927246,517100
2002-06-14,16.977869563984342,17.23116900673924,16.642419868163607,17.1695556640625,1096000
2002-06-17,17.15585872979103,17.628227123168717,17.142167895272568,17.5118465423584,587400
2002-06-18,17.518696173472062,17.68299797288009,17.354394374064032,17.573463439941406,410200
2002-06-19,17.47077205366602,17.62822775518565,17.21062660217285,17.21062660217285,545800
2002-06-20,17.210630790595417,17.320165331853016,17.087404105241937,17.1695556640625,589100
2002-06-21,16.977867336584897,17.65561401711253,16.964176500039905,17.11478614807129,860900
2002-06-24,17.114785102436407,17.217473551900127,16.62187976155785,16.950483322143555,603300
2002-06-25,16.991558886512525,17.44338912060921,16.957329837711523,17.121631622314453,596800
2002-06-26,16.738261624045425,16.786182817051976,16.43019494649678,16.54657554626465,1106200
2002-06-27,16.580800539085054,17.107936144664695,16.553417566534485,16.902559280395508,1021500
2002-06-28,16.943629643119717,17.42284393310547,16.80671090147982,17.42284393310547,1688000
2002-07-01,17.251705145334924,17.388622652541173,16.793028819397115,16.84095001220703,1049200
2002-07-02,16.66980842772401,16.738267859990312,16.25905313988126,16.402816772460938,734900
2002-07-03,16.402801899833882,16.478107337621932,15.814054449980562,16.087890625,567700
2002-07-05,16.10843278859778,16.943633654208462,16.087894580763592,16.49864959716797,551900
2002-07-08,16.484966340680163,16.875183359498536,16.44389120863478,16.601346969604492,793900
2002-07-09,16.587653377838556,16.656112795783653,16.053672790527344,16.053672790527344,619600
2002-07-10,16.156357784751165,16.176894691683025,15.362231841441343,15.40330696105957,920200
2002-07-11,15.095238897752585,15.540224324353163,14.924091058522944,15.430689811706543,985300
2002-07-12,15.574456399260985,15.574456399260985,15.204776367856956,15.348541259765625,738400
2002-07-15,15.129474925032047,15.321159741199002,14.684490637245345,15.280084609985352,802700
2002-07-16,15.211618190083188,15.32115269343674,14.869322540664765,15.081546783447266,813200
2002-07-17,15.095241602328532,15.314311972626438,14.725562882350395,14.903556823730469,978200
2002-07-18,14.97201016193006,15.122619756295148,14.171038403378178,14.280572891235352,880300
2002-07-19,14.068353316588002,14.307960577428029,13.76713402855065,13.965664863586426,1406100
2002-07-22,13.9314310900278,13.9314310900278,12.938773334218963,13.349528312683105,1249600
2002-07-23,13.37007016033237,13.486450747500813,12.630711520013564,12.870317459106445,1027000
2002-07-24,12.322646063727301,13.007237511712152,12.076192724611296,12.664941787719727,2708000
2002-07-25,12.59420660567262,13.353309732825958,12.456187376645133,13.022065162658691,1633600
2002-07-26,13.022061935643682,13.180783088318142,12.870240558086728,13.111773490905762,1195100
2002-07-29,13.111776496582761,13.912284851074219,13.042766883350968,13.912284851074219,1368900
2002-07-30,13.788069147392536,14.077908498069663,13.581041603872741,13.822574615478516,1355600
2002-07-31,13.850175308831098,14.188320940842436,13.732859369868079,14.119311332702637,1407100
2002-08-01,14.11930856253439,14.14691292687393,13.629342941744397,13.82947063446045,981800
2002-08-02,13.82257441416471,13.82257441416471,13.07727342559948,13.353310585021973,836000
2002-08-05,13.18078240701837,13.560333198795021,12.85643771081977,12.9806547164917,1270200
2002-08-06,13.04966376650642,13.76736140659117,13.04966376650642,13.242890357971191,1051700
2002-08-07,13.801865577697754,13.905379306280793,13.346404118933606,13.801865577697754,1409500
2002-08-08,13.836374130860884,14.284935958288143,13.788067796522292,14.16071891784668,1248100
2002-08-09,14.077905601938012,14.733494881963413,13.974391851473145,14.533367156982422,1272000
2002-08-12,14.491959764645822,14.912917112342214,14.284932294507446,14.788700103759766,1281500
2002-08-13,14.768000778098173,15.04403791749041,14.664487015357198,14.712793350219727,1353400
2002-08-14,14.781801765575969,15.402885607911337,14.609278402913434,15.347678184509277,1262600
2002-08-15,15.561611466571149,15.872154139274015,15.18206048104471,15.27867317199707,1177400
2002-08-16,15.251073696341921,15.658229155738004,15.106153309586778,15.630624771118164,863500
2002-08-19,15.527101198372774,15.76863414693053,15.40978527000179,15.761733055114746,761400
2002-08-20,15.747929269298925,16.148183340152105,15.513297436428246,15.754830360412598,963700
2002-08-21,15.872148650172578,16.037770912920184,15.630615690072378,15.920454978942871,588000
2002-08-22,15.768631817021646,16.32070591822543,15.768631817021646,16.279300689697266,779700
2002-08-23,16.14819018947724,16.21719981363615,15.810044478972593,15.899757385253906,815100
2002-08-26,15.803137772796948,16.030868530273438,15.527100690438871,16.030868530273438,728000
2002-08-27,16.06537610874788,16.168889863764218,15.741031342448206,15.872149467468262,658900
2002-08-28,15.872154955134757,15.906659113320126,15.561612266469371,15.775542259216309,724600
2002-08-29,15.77553612736042,16.010167997318877,15.540904257401959,15.968761444091797,908200
2002-08-30,15.996369020672882,16.217198750505453,15.803142348944874,15.982566833496094,586900
2002-09-03,15.87215152197987,15.87215152197987,15.292472839355469,15.292472839355469,606900
2002-09-04,15.292473951203005,15.416691008832213,15.023337870505772,15.361483573913574,595500
2002-09-05,15.36147931707375,15.430488920660975,15.11304527065922,15.320074081420898,605800
2002-09-06,15.492600944791986,15.554709470477045,15.264870122696447,15.306275367736816,719700
2002-09-09,15.278670771488066,15.8859538324161,15.161354815371217,15.844547271728516,656600
2002-09-10,15.830751699008825,15.899761340333946,15.665129349578192,15.803147315979004,739600
2002-09-11,16.106782005332462,16.20339467179369,15.858347930147747,15.879051208496094,420300
2002-09-12,15.885956447561993,15.93426279340071,15.395989262092417,15.47189998626709,586700
2002-09-13,15.45118893265374,15.803136681959758,15.264864737578765,15.754830360412598,501700
2002-09-16,15.734125490939036,15.761729852593428,15.492593907705157,15.644413948059082,421300
2002-09-17,15.975662260313078,15.975662260313078,15.216559242164019,15.271766662597656,516000
2002-09-18,15.237265620737652,15.237265620737652,14.850813599020293,14.988831520080566,769700
2002-09-19,14.899116965534553,14.995729622631986,14.388447995342963,14.464357376098633,760600
2002-09-20,14.616184345210204,14.629986534702665,14.257335315901635,14.388453483581543,1007700
2002-09-23,14.367746573354733,14.409151815133438,14.050304192636478,14.209025382995605,963700
2002-09-24,13.863974513862281,14.291831623119942,13.56723418401504,13.615540504455566,1395500
2002-09-25,13.615549343647999,13.932993152445972,13.532738830917651,13.732865333557129,1034100
2002-09-26,13.83637322207255,14.643782615661623,13.808770168370165,14.643782615661621,1040300
2002-09-27,14.374650156956868,14.66448953212411,13.877783220776937,14.043405532836914,1013500
2002-09-30,13.698358720316348,14.091711875989933,13.360213001996087,14.043405532836914,1326300
2002-10-01,14.043395113731256,14.6782808303833,13.919178142783311,14.6782808303833,1022700
2002-10-02,14.629980263643855,14.629980263643855,13.249793495988724,13.29119873046875,2108900
2002-10-03,13.318806314257797,13.477528846906312,13.084174378602555,13.19459056854248,1275600
2002-10-04,13.242892134223085,13.367109151379472,12.145643571006527,12.387176513671875,1630900
2002-10-07,12.387175286910075,12.628706889406736,11.855803128920392,11.945514678955078,850000
2002-10-08,12.062832853352749,12.677016901756295,11.911012772440545,12.559700965881348,920600
2002-10-09,12.26296193064753,12.311268265519418,11.807500321499859,11.848905563354492,923900
2002-10-10,11.731587104674695,13.111773822871717,11.731587104674695,12.773628234863281,1590500
2002-10-11,12.870243066673881,13.801869522706328,12.842640012077869,13.118677139282227,1528100
2002-10-14,12.766727477308013,13.097971982441193,12.766727477308013,13.015161514282227,936000
2002-10-15,13.663855704633756,14.146921855466505,13.429223724657776,14.029605865478516,1342200
2002-10-16,14.029600930101314,14.153817971832238,13.643148935132036,13.960591316223145,1155800
2002-10-17,14.42294921723284,14.671383218000472,14.215921760758794,14.560968399047852,1135400
2002-10-18,14.353944463893267,14.581675269263966,14.202124365729105,14.485062599182129,475200
2002-10-21,14.202119384170873,14.65758083515388,14.098605657356272,14.59547233581543,565200
2002-10-22,14.595477455346776,14.664487069511909,14.229728737894723,14.485062599182129,587900
2002-10-23,14.478159657176091,14.478159657176091,13.663849209768406,14.153816223144531,962900
2002-10-24,14.325852668882076,14.346704589295776,13.887943779227598,13.971355438232422,1197400
2002-10-25,13.554300726359878,14.089522150152883,13.450037139775336,14.040865898132324,1013400
2002-10-28,14.145128211629896,14.38841077562025,13.86014048191595,13.936599731445312,823900
2002-10-29,13.832335455766254,13.832335455766254,13.331869515004781,13.762825965881348,1127200
2002-10-30,13.498692176889326,13.964404059116584,13.477838931135874,13.936599731445312,962500
2002-10-31,14.110374009929176,14.332804672990093,13.99915934129043,14.26329517364502,961400
2002-11-01,14.17988136391436,14.353654423094152,13.901844734383339,14.256341934204102,709900
2002-11-04,14.305001918258299,14.937535912966924,14.291099751701642,14.617794036865234,1221200
2002-11-05,14.617789230901117,14.666445472068888,14.284143972153425,14.367555618286133,682100
2002-11-06,14.249391056242443,14.722053996087023,13.901844932919456,14.59693717956543,1097200
2002-11-07,13.87404189506408,13.87404189506408,13.40833131931587,13.61685848236084,2415500
2002-11-08,13.616855344926941,13.832333540529937,13.053831073804185,13.206750869750977,912600
2002-11-11,13.032980740184403,13.137244320949206,12.754944082883808,12.942619323730469,510300
2002-11-12,12.963466432042775,13.26235622485413,12.83834965125822,12.8731050491333,1264700
2002-11-13,12.685435288493581,12.775796709943618,12.525564367429357,12.615925788879395,1026500
2002-11-14,12.789696191398313,12.859205676427525,12.664579383502362,12.77579402923584,791800
2002-11-15,12.442150326553318,12.963469485423847,12.442150326553318,12.893959999084473,1440700
2002-11-18,12.900913664211483,12.900913664211483,11.475974874878673,12.032048225402832,3539500
2002-11-19,12.205815837997383,12.476902634836923,11.955583605399996,12.3309326171875,1284400
2002-11-20,12.400445906651733,12.400445906651733,11.955587288728777,12.26142692565918,1096800
2002-11-21,12.40044785507422,12.85920870833596,12.184969593883636,12.539466857910156,1493100
2002-11-22,12.511662472999763,12.55336764335706,12.240576877002143,12.37264347076416,1310900
2002-11-25,12.372638916440481,12.504706787372253,12.080700179834075,12.19886589050293,967400
2002-11-26,12.198875246290136,12.198875246290136,11.677555768657497,11.740114212036133,1858600
2002-11-27,11.816573143005371,11.886082661944517,11.740112539593932,11.816573143005371,1071400
2002-11-29,11.920832622569291,11.969488871210185,11.83047120734811,11.851323127746582,532200
2002-12-02,11.906931998467003,12.059853172012152,11.56633688814551,11.781816482543945,1402600
2002-12-03,11.608041044567026,11.795714943489633,11.573285636778953,11.72620677947998,1859300
2002-12-04,11.677552015571298,11.955590041576357,11.608043834853598,11.837424278259277,1361400
2002-12-05,11.886080075371584,11.899982241290873,11.573287971105156,11.781816482543945,1263600
2002-12-06,11.677554105127083,12.164119411917294,11.642800008549411,11.816573143005371,1179500
2002-12-09,11.469022265246855,11.795715149459788,11.330003283233586,11.524629592895508,1653900
2002-12-10,11.53853150850911,11.913880630632567,11.531580426979366,11.87912654876709,1333200
2002-12-11,11.81656979674636,12.038999133736239,11.781815710010477,11.941686630249023,1040600
2002-12-12,11.844373190260566,11.899980520111319,11.670600118754042,11.760961532592773,886200
2002-12-13,11.663648289181365,11.781814023262928,11.441217658252421,11.559383392333984,858000
2002-12-16,11.663653261966294,11.816573143005371,11.635848924077116,11.816573143005371,676700
2002-12-17,11.886079302899338,12.052901305738558,11.740109221800381,12.01119613647461,987300
2002-12-18,12.025095722715141,12.12936062368595,11.893029146176485,11.976439476013184,1148000
2002-12-19,11.962541939572155,12.059855796400479,11.760965793010817,11.816573143005371,1009700
2002-12-20,12.011194185429277,12.171065079791878,11.96948769715652,12.164113998413086,1339100
2002-12-23,12.12935994827887,12.303133005842845,12.05289937870009,12.122408866882324,827800
2002-12-24,12.1085090681928,12.247528071699778,11.990343312946912,12.178018569946289,241600
2002-12-26,12.289230547765724,12.421298439560337,12.219721061253656,12.268377304077148,810400
2002-12-27,12.261426517463576,12.323984924249265,12.06680154149318,12.122408866882324,970800
2002-12-30,11.990344250973294,12.275332037252582,11.79571789599425,12.247529029846191,809100
2002-12-31,12.233629277385111,12.379598078086593,12.09461023556898,12.191924095153809,1120700
2003-01-02,12.21276771923199,12.685430549076267,12.157160405472837,12.643725395202637,1156700
2003-01-03,12.678487728199352,12.768850500536754,12.581175197174892,12.720192909240723,834700
2003-01-06,12.685434805426087,13.102490461446088,12.671532640875965,13.060785293579102,949600
2003-01-07,13.060784757031966,13.081636677217153,12.838354110717775,12.838354110717773,1004500
2003-01-08,12.845303756381867,12.963469485423847,12.747991270976652,12.893959999084473,594900
2003-01-09,12.963470728132005,13.29711470360506,12.935667726400904,13.290164947509766,750600
2003-01-10,13.137241889292884,13.359671173962498,13.08163456812548,13.220653533935547,880200
2003-01-13,13.290165330836812,13.429182995068606,13.276263166678628,13.359673500061035,666200
2003-01-14,13.276265513254112,13.484792709350586,13.185902756037681,13.484792709350586,914600
2003-01-15,13.311014228108382,13.394425868329778,13.2345549941704,13.338818550109863,1110000
2003-01-16,13.345777239753525,13.582108808379228,13.172004105516026,13.241512298583984,805500
2003-01-17,13.276256785118077,13.29710869554902,13.109434872756987,13.171993255615234,702500
2003-01-21,13.32491902528358,13.32491902528358,13.039931297302246,13.039931297302246,1148400
2003-01-22,12.92871664633276,13.074685388453922,12.83140282580201,12.859207153320312,846200
2003-01-23,12.962556325430791,13.207794144821255,12.962556325430791,13.102692604064941,682100
2003-01-24,13.032622966202936,13.032622966202936,12.570175170898438,12.570175170898438,731700
2003-01-27,12.366978645324707,12.647249854810084,11.981605899337131,12.366978645324707,1154200
2003-01-28,12.36698452166163,12.486100009347037,12.0166450092268,12.205828666687012,1111400
2003-01-29,12.030654471837227,12.149769915575762,11.925552924171152,12.09371566772461,1034700
2003-01-30,12.163781606670856,12.296909585910521,11.918543815612793,11.918543815612793,793100
2003-01-31,11.80643797313702,12.282899767974786,11.80643797313702,12.24085807800293,681600
2003-02-03,12.23385030759914,12.331946241169666,12.009633321904198,12.184803009033203,891900
2003-02-04,12.191812002604728,12.191812002604728,11.687323700140965,11.939568519592285,1223100
2003-02-05,12.079704763957773,12.261881448711309,11.85548771701158,11.932562828063965,883600
2003-02-06,11.939569389299153,11.939569389299153,9.823518738836576,10.124810218811035,5953700
2003-02-07,10.15984117357117,10.313990675030201,9.578277904679465,9.858549118041992,4485700
2003-02-10,9.837530782172754,9.879571806141865,9.319028606463707,9.536238670349121,2085500
2003-02-11,9.676374738751763,9.788483242347713,9.54324538956703,9.669367790222168,1048400
2003-02-12,9.669367812214242,9.669367812214242,9.024743246852,9.073790550231934,1523900
2003-02-13,9.031754134109338,9.19991696322087,8.800530077026062,8.891617774963379,1750600
2003-02-14,8.989708119235877,9.14385762808261,8.849572505838532,9.038755416870117,1611200
2003-02-18,9.178890994664744,9.459162199968704,9.178890994664744,9.305012702941895,2020600
2003-02-19,9.340047138576256,9.38909443438167,9.1858976354773,9.227938652038574,773800
2003-02-20,9.213928775222422,9.276989993455116,9.031752739263016,9.08080005645752,991500
2003-02-21,9.080797498777464,9.199912951173927,8.989709172343735,9.073790550231934,989700
2003-02-24,9.087800124021316,9.143854349280335,8.884603390402601,8.940657615661621,914500
2003-02-25,8.807531210597366,8.97569460960255,8.765490862010541,8.954673767089844,832800
2003-02-26,8.954675712138075,8.96868961019051,8.779505995799274,8.863587379455566,685500
2003-02-27,8.898621520784081,9.10181836647925,8.898621520784081,8.989709854125977,1136500
2003-02-28,9.00371846004838,9.269975686276245,8.996711515090002,9.108819961547852,1207700
2003-03-03,9.108825623697067,9.157872932455977,8.940662849478407,8.98270320892334,1209000
2003-03-04,8.98970754818561,9.045761789983834,8.863585170029975,8.87059211730957,1030100
2003-03-05,8.793518176026055,9.003721928212917,8.772498001273162,8.82855224609375,895500
2003-03-06,8.772495871282299,8.856577218097954,8.681407578510552,8.758481979370117,844200
2003-03-07,8.688416325496272,8.90562703433238,8.667396149873207,8.835558891296387,879100
2003-03-10,8.751476879679785,8.751476879679785,5.556382019641717,5.605429649353027,8060600
2003-03-11,5.199034097954499,6.264064983315561,4.141009489173516,4.183050155639648,12284900
2003-03-12,4.246112945009119,4.72257434781043,4.246112945009119,4.568425178527832,6790300
2003-03-13,4.7646135036764,4.869715001904213,4.575430339113016,4.855701446533203,4482600
2003-03-14,4.855704700865876,5.29713249206543,4.806657391250195,5.29713249206543,4621600
2003-03-17,5.458286523817557,6.446243289337697,5.458286523817557,6.313114643096924,4229000
2003-03-18,6.446246109533894,6.56536158270235,6.165974801031359,6.278083324432373,3928500
2003-03-19,6.278079738511053,6.306106853352745,5.955767583722037,6.165971279144287,3375100
2003-03-20,6.060871542329162,6.067878490921027,5.60543057536825,5.850668430328369,2434500
2003-03-21,5.878694878986981,6.299101722758229,5.878694878986981,6.22202730178833,1699300
2003-03-24,6.032844550490165,6.0398514992380266,5.759580231517701,5.8366546630859375,1100300
2003-03-25,6.985768519493613,7.427196287684667,6.859646109090614,6.943727493286133,6384800
2003-03-26,6.9787627448251195,7.146925541514989,6.901688296730485,7.076858043670654,2281600
2003-03-27,6.957739493696821,7.020800681698307,6.831617117693848,6.85263729095459,1582600
2003-03-28,6.782571833022388,6.7895781140384015,6.495293596562626,6.691483497619629,1363800
2003-03-31,6.551348521893546,6.950735313959049,6.495294258734161,6.866653919219971,2483200
2003-04-01,6.866651082344869,6.866651082344869,6.649440401175611,6.684474468231201,1521400
2003-04-02,6.817602266529551,6.943724624831366,6.796582096218971,6.901684284210205,1252500
2003-04-03,6.894678701891131,7.069848381641538,6.789576493109307,6.971753120422363,1626900
2003-04-04,6.9717519249515,6.9717519249515,6.691480752697652,6.72651481628418,1393300
2003-04-07,6.94372901955131,7.06985145767663,6.866654567485608,6.873661518096924,988100
2003-04-08,6.859644364825528,6.992773022228386,6.7895762283697465,6.79658317565918,886000
2003-04-09,6.782568764493693,6.978758576791688,6.76855487236283,6.908690452575684,1310800
2003-04-10,6.887671117388471,6.887671117388471,6.7265153476663,6.8316168785095215,1009300
2003-04-11,6.866651599497923,7.055834506695376,6.72651598894068,6.838624477386475,715700
2003-04-14,6.8035911952952235,7.181957721710205,6.8035911952952235,7.181957721710205,1658800
2003-04-15,7.181956909976637,7.658418655395508,7.083861648208251,7.658418655395508,1897300
2003-04-16,7.721478774896628,8.022770129517104,7.616376580124566,7.66542387008667,2299300
2003-04-17,7.707461919383794,7.987732994619261,7.70045497544817,7.980726718902588,1726800
2003-04-21,7.959711283779557,8.127874711154584,7.9527050033126265,8.029779434204102,1463100
2003-04-22,7.994744383867328,8.569300741679703,7.9176699623766735,8.4081449508667,2528900
2003-04-23,8.415152656294419,8.667396786970398,8.387125530663754,8.646376609802246,2582100
2003-04-24,8.653384129785245,8.828553843600982,8.471207467044215,8.723451614379883,2246700
2003-04-25,7.055834803857231,8.282022617258718,6.095904995837815,6.390190124511719,11737800
2003-04-28,6.73352392438828,7.139917629064898,6.376178196634332,6.964747905731201,9347800
2003-04-29,7.069848996765532,7.44120856304575,7.020801695998151,7.3571271896362305,6811600
2003-04-30,7.392161303939919,8.176921461737631,7.37814740751634,8.057806015014648,17997200
2003-05-01,8.040177362948619,8.047230311770594,7.772172033775722,7.9555439949035645,12125600
2003-05-02,7.758061868185417,7.906170348936827,7.71574487113965,7.849748134613037,31945200
2003-05-05,7.86385428499294,8.11775495218295,7.856802011820052,7.969646453857422,9897200
2003-05-06,8.0401744757739,8.089544427193083,7.842696687915104,7.983752250671387,10264700
2003-05-07,7.983748364081987,7.983748364081987,7.743953687828389,7.870903968811035,7831100
2003-05-08,7.828587206931263,7.870903516422872,7.687531048344268,7.835639476776123,5906900
2003-05-09,7.835641803606945,7.934381009417792,7.68753333119358,7.814483642578125,4684100
2003-05-12,7.821537955531891,8.004910510145582,7.779220953464913,7.969646453857422,4652100
2003-05-13,8.040172427220957,8.068383532584315,7.8779587395331,8.033120155334473,2823700
2003-05-14,8.033119760884931,8.357547792936094,8.033119760884931,8.322283744812012,3721700
2003-05-15,8.301126518660844,8.43512910947756,8.202387307328737,8.413970947265625,2991900
2003-05-16,8.639660822636168,8.794822266556029,8.533869326503403,8.58323860168457,7227100
2003-05-19,8.555029543951397,8.555029543951397,8.216495464406076,8.25175952911377,4467100
2003-05-20,8.322285183260057,8.392812619092615,8.174176693624027,8.350496292114258,3158600
2003-05-21,8.301128580587847,8.336391968831567,8.04722788055455,8.272916793823242,1805600
2003-05-22,8.287021183380485,8.442182619398961,8.22354601989084,8.371654510498047,2018000
2003-05-23,8.435127317099692,8.435127317099692,8.265860710159936,8.364599227905273,1085200
2003-05-27,8.18122735206732,8.547971664654858,8.16006852188684,8.526813507080078,4460400
2003-05-28,8.533871645294026,8.745454695050084,8.498607579465979,8.646716117858887,4651300
2003-05-29,8.710187911987305,8.7877682885313,8.555026486293466,8.710187911987305,2293000
2003-05-30,8.780714137991662,9.154511424716812,8.745450090729495,9.098089218139648,5730300
2003-06-02,9.062829152458718,9.225042887443305,8.957036972045898,8.957036972045898,3349300
2003-06-03,9.083984827512172,9.3378847801604,9.041667832434559,9.147459983825684,3818000
2003-06-04,9.076936564368086,9.697581885770115,9.05577839221977,9.542420387268066,4471700
2003-06-05,9.542414171716784,9.768103660516235,9.535361900665025,9.697575569152832,3078000
2003-06-06,9.803368425314206,9.873896526690036,9.507151475705038,9.55652141571045,3650000
2003-06-09,9.556524945231086,9.556524945231086,9.098093462186897,9.21799087524414,2661900
2003-06-10,9.239148570778509,9.690526377952747,9.239148570778509,9.619998931884766,2759900
2003-06-11,9.62000128845518,9.880954315303825,9.563579048736885,9.8739013671875,4382600
2003-06-12,9.838635444641113,9.895057673723885,9.598840634736323,9.838635444641113,1283100
2003-06-13,9.87389611002669,9.880949054387814,9.591785061639673,9.845685005187988,1632900
2003-06-16,9.789265191130152,10.07137630855513,9.725790021558042,9.986742973327637,2386500
2003-06-17,9.94442574062746,9.979689122654747,9.711683921696707,9.803369522094727,2763200
2003-06-18,9.803370942048572,9.82452978145674,9.634104262419202,9.718737602233887,1798900
2003-06-19,9.718739539021872,9.718739539021872,9.239150517830971,9.323783874511719,2459700
2003-06-20,9.253253389903964,9.464837064149624,9.246200443821053,9.408414840698242,2808300
2003-06-23,9.570628144205665,9.570628144205665,9.203883707895267,9.253252983093262,2759300
2003-06-24,9.25325286130418,9.457783577782939,9.25325286130418,9.359045028686523,2199900
2003-06-25,9.344941235565004,9.478943870543416,9.189779758795735,9.21799087524414,2764900
2003-06-26,9.288516062889771,9.535363758141566,9.17567163281096,9.493046760559082,1919000
2003-06-27,9.56357634498303,9.61999856874999,9.337886777309231,9.429573059082031,1056400
2003-06-30,9.373145641906659,9.50009591134556,9.196826122177335,9.457778930664062,1615400
2003-07-01,9.457783711590716,9.556522934690005,9.196830771191808,9.514205932617188,2408000
2003-07-02,9.500101089477539,9.556523312736013,9.31672852758452,9.500101089477539,2576000
2003-07-03,9.40841244426166,9.415465388548101,9.239145817021777,9.38020133972168,1988900
2003-07-07,9.485997639998285,9.563578721410234,9.309677978761863,9.323783874511719,3199000
2003-07-08,9.337888101910478,9.598841092000946,9.267360648500276,9.584735870361328,1688500
2003-07-09,9.549469947814941,9.641156224739875,9.457783670890008,9.549469947814941,2084600
2003-07-10,9.47894079463441,9.500099629559243,9.203882666670118,9.26735782623291,1582100
2003-07-11,9.394311279791575,9.422522398518037,9.29557270055202,9.415470123291016,2069300
2003-07-14,9.471889967494395,9.556523302289593,9.35199257504971,9.443678855895996,1254100
2003-07-15,9.47894187632416,9.584734045203241,9.387256271610593,9.514205932617188,1618100
2003-07-16,9.54947276909018,9.54947276909018,9.288519752718873,9.415470123291016,1631800
2003-07-17,9.401361426637925,9.41546731810159,9.168619598334821,9.232094764709473,1709200
2003-07-18,9.295566259144946,9.507149166672964,9.239144060790053,9.422515869140625,973700
2003-07-21,9.380203193120623,9.429572467668832,9.288516917098294,9.359045028686523,1682600
2003-07-22,9.394308961005615,9.45073118453191,8.957036392373848,9.20388412475586,4534700
2003-07-23,9.196828415952565,9.23209246321473,8.463339057843676,9.098089218139648,5331700
2003-07-24,9.399591153624883,9.57694193010837,9.293180958350598,9.37830924987793,4177200
2003-07-25,9.41377524026703,9.683347702026367,9.37830496586526,9.683347702026367,3516500
2003-07-28,9.669161065368248,9.825229884037721,9.6124088906774,9.733007431030273,1858200
2003-07-29,9.754287787784666,9.881980498953657,9.435056686401367,9.435056686401367,2694600
2003-07-30,9.498902666141172,9.683346859206114,9.498902666141172,9.576936721801758,2322700
2003-07-31,9.683349776597456,9.818136712893233,9.576939607133934,9.633691787719727,1767500
2003-08-01,9.640786487199255,9.640786487199255,9.300272709210587,9.449247360229492,3143300
2003-08-04,9.420868019129854,9.427962208764734,9.01650868148988,9.1583890914917,3632200
2003-08-05,9.115830506383467,9.165488509073983,8.95266743440963,9.01651382446289,2776200
2003-08-06,9.541471425777193,10.10189983984998,9.541471425777193,9.754292488098145,8958400
2003-08-07,9.71882075910731,10.05933454370483,9.71882075910731,9.995488166809082,3390100
2003-08-08,9.9812993550327,10.09480371952585,9.789760909085356,9.86779499053955,2271700
2003-08-11,9.811040878295898,10.00967347708453,9.747194516693314,9.811040878295898,1599600
2003-08-12,9.796851001537929,10.080611794031944,9.733004654092003,10.066423416137695,1515000
2003-08-13,10.080617583538553,10.10899367908493,9.874890721692438,9.945831298828125,1384200
2003-08-14,9.903263868657136,10.137366756348216,9.874887781559408,10.108990669250488,2261700
2003-08-15,10.13736837175348,10.13736837175348,9.99548791365597,10.0877103805542,808800
2003-08-18,10.144461979317816,10.279248237609863,10.016769236117405,10.279248237609863,2223500
2003-08-19,10.26505998494428,10.28634188216603,10.023862894633407,10.137367248535156,1401900
2003-08-20,10.11608476145079,10.307623178356677,9.981297841647319,10.2721529006958,1874600
2003-08-21,10.272153420050978,10.34309397895945,10.073520802262292,10.179931640625,1165600
2003-08-22,10.236679744704672,10.265055821671417,9.988388563841358,10.016764640808105,920900
2003-08-25,9.974203218982183,10.009672816162292,9.867792397824259,9.988390922546387,927400
2003-08-26,9.981298612548757,10.17993191217531,9.78976018084948,10.144461631774902,2103900
2003-08-27,10.11608306358457,10.179929417350426,10.002578735351562,10.002578735351562,1804200
2003-08-28,10.016770066927862,10.108992536161786,9.917453405474543,9.995488166809082,1472400
2003-08-29,10.009672248461754,10.108988873935216,9.981296166403503,10.002578735351562,1451200
2003-09-02,10.0735180807677,10.21539848371446,9.889073218667349,10.194116592407227,1627500
2003-09-03,10.215401756365045,10.57010321563521,10.151556061989464,10.47788143157959,3086000
2003-09-04,10.499162884001466,10.626854943871276,10.073520880330594,10.137367248535156,5027700
2003-09-05,10.286343545058694,10.591387052887534,10.229591358933249,10.499164581298828,2830200
2003-09-08,10.477878989719045,10.690699274452088,10.456596420014392,10.669417381286621,2003100
2003-09-09,10.641042290528631,10.67651256680491,10.463691585686487,10.570101737976074,1821900
2003-09-10,10.53463414728012,10.67651460290375,10.378565307824436,10.619762420654297,2997300
2003-09-11,10.711985184759639,10.782925076280662,10.506258349231695,10.641044616699219,1986300
2003-09-12,10.641046432729393,10.740363109655759,10.46369565885057,10.683610916137695,1378700
2003-09-15,10.74036274071511,10.747456257256566,10.570105489469894,10.726174354553223,1636500
2003-09-16,10.853862120666388,11.06668307921655,10.78292157563661,11.03121280670166,4073300
2003-09-17,11.031214552250486,11.173094988221633,11.009932655989635,11.080872535705566,1640600
2003-09-18,10.775828938730996,11.00993250045027,10.62685431393106,10.797111511230469,3950600
2003-09-19,10.938991052846623,10.938991052846623,10.555913574116317,10.754546165466309,2246300
2003-09-22,10.54882104001229,10.775829751480906,10.54882104001229,10.690701484680176,1913600
2003-09-23,10.69069980625472,10.818392524677895,10.69069980625472,10.754546165466309,1074500
2003-09-24,10.846767032245229,10.846767032245229,10.51334758069039,10.711980819702148,2715300
2003-09-25,10.726166867328121,10.733261055457085,10.61266256342079,10.676508903503418,2936500
2003-09-26,10.669418307942097,10.669418307942097,10.42822124265451,10.456597328186035,1570900
2003-09-29,10.499160882884512,10.704887654255192,10.442408716750476,10.669417381286621,1619900
2003-09-30,10.53463361093967,10.612667688424942,10.40694086910982,10.47788143157959,4008200
2003-10-01,10.513346740342799,10.825484275817871,10.513346740342799,10.825484275817871,2202200
2003-10-02,10.846770530063733,10.981556786072089,10.761642261552245,10.967369079589844,1559800
2003-10-03,11.265314995096308,11.293691076130237,10.988647697611139,11.052494049072266,2648700
2003-10-06,10.981557275220938,11.102155830118841,10.818394922441053,10.995745658874512,996800
2003-10-07,10.924803528148376,11.123436811597816,10.825487562962927,11.07377815246582,1498800
2003-10-08,11.102149850045858,11.102149850045858,10.967363660635117,11.08796215057373,1623900
2003-10-09,11.102157592773438,11.350448933816462,11.087969883406695,11.102157592773438,2701200
2003-10-10,11.208565266349241,11.24403554447685,11.024120361317108,11.080872535705566,814800
2003-10-13,10.81839379509559,11.137624952102025,10.81839379509559,10.98865032196045,1955200
2003-10-14,11.045400664745802,11.279503519473575,10.931896332337086,11.258221626281738,1291000
2003-10-15,11.236939888120133,11.27950367509104,11.137623257622694,11.208563804626465,1149300
2003-10-16,11.201469350968305,11.371726524462158,11.194375161127065,11.244033813476562,1158900
2003-10-17,11.279505867777127,11.421386989365732,11.15181380550244,11.173095703125,841700
2003-10-20,11.208563377552714,11.350443789615069,10.995742421189599,11.137622833251953,1286000
2003-10-21,11.066687981086842,11.16600397627247,10.960277116408626,11.102157592773438,948200
2003-10-22,11.09506009052598,11.10215360439131,10.818392753601074,10.818392753601074,1309400
2003-10-23,10.871862600276277,11.142768110590437,10.84334626655284,11.071476936340332,2052300
2003-10-24,11.071475619104861,11.078604871658268,10.829086471352532,10.985926628112793,1277200
2003-10-27,10.978798091066325,11.19267092242642,10.921765426688031,11.157025337219238,927200
2003-10-28,11.26396009741733,11.26396009741733,10.993054649670153,11.214056015014648,1393000
2003-10-29,11.214057138184737,11.406542875553512,11.157024478197604,11.37089729309082,1864200
2003-10-30,11.406547227507314,11.656065720062314,11.378030886633873,11.534871101379395,2305000
2003-10-31,11.556255712665603,11.777258509911906,11.54912781834969,11.67032241821289,1752700
2003-11-03,11.83429434344202,11.89845628755069,11.720228967196945,11.877068519592285,2347400
2003-11-04,11.877063136849701,11.983999208644695,11.791514823320078,11.941225051879883,1244300
2003-11-05,11.834295094849235,11.841424351288037,11.449323405753796,11.755874633789062,1726700
2003-11-06,10.693635910587515,11.370899382281445,10.572441315876878,10.9645414352417,6184500
2003-11-07,10.729280776861122,10.957411443357232,10.543924270391527,10.622344017028809,4122700
2003-11-10,10.622345057770982,10.686506983980138,10.551054557447648,10.565312385559082,1827200
2003-11-11,10.622343638393401,10.622343638393401,10.444116391575506,10.51540756225586,1642300
2003-11-12,10.522538651729041,10.665120338090592,10.444118214317857,10.593829154968262,1921900
2003-11-13,10.629472526926156,10.629472526926156,10.408471129185145,10.429858207702637,1643900
2003-11-14,10.436986351162405,10.4441149233219,10.194597220784315,10.294404029846191,3427400
2003-11-17,10.25875792971608,10.25875792971608,9.980723251522983,10.094788551330566,2465700
2003-11-18,10.408471129185145,10.665118111043954,10.19459830436132,10.429858207702637,3614800
2003-11-19,10.394210303266881,10.394210303266881,10.094788551330566,10.094788551330566,1917800
2003-11-20,10.094794886234716,10.50828219745912,10.094794886234716,10.20173168182373,2020200
2003-11-21,10.201729377244304,10.273019878315818,10.03775993300195,10.215987205505371,1283400
2003-11-24,10.337180315437964,10.57956947989158,10.301534730097787,10.51540756225586,1266700
2003-11-25,10.479762116167153,10.586698873608624,10.265889281167212,10.379955291748047,1469100
2003-11-26,10.45124648980721,10.565311828213792,10.351439658642974,10.551054000854492,1122600
2003-11-28,10.551052869757743,10.643731117248535,10.486890953811583,10.643731117248535,388500
2003-12-01,10.636601634409569,10.900377865464835,10.515407057994588,10.814828872680664,1527800
2003-12-02,10.494017182626207,10.55817908008295,10.059142402033974,10.48688793182373,3279200
2003-12-03,10.579570270940462,10.7934431190901,10.486892014079517,10.629473686218262,1927200
2003-12-04,10.622343358677833,10.821958359373216,10.551052869757743,10.643731117248535,1432600
2003-12-05,10.693634033203125,10.80057010158198,10.586697964824271,10.693634033203125,920200
2003-12-08,10.586699608342512,10.722152027976056,10.486892097113605,10.572441101074219,1432000
2003-12-09,10.586700580562516,10.63660400081828,10.536796480423641,10.593829154968262,1093000
2003-12-10,10.593830284651562,10.593830284651562,10.372828817195233,10.458377838134766,1606100
2003-12-11,10.40847148611832,10.558182400640671,10.40847148611832,10.51540756225586,1058500
2003-12-12,10.586700147550856,10.686506983980138,10.501150459349924,10.565312385559082,965700
2003-12-15,10.565307768937531,10.650856739873864,10.45837172523781,10.47262954711914,1208500
2003-12-16,10.529664252807834,10.53679282474036,10.22311322357439,10.47976016998291,2332800
2003-12-17,10.515404485724433,10.672244607404116,10.379952116921157,10.665115356445312,1228000
2003-12-18,10.622345123587449,10.821960157449,10.60095804134624,10.800572395324707,1400000
2003-12-19,10.864732014562469,10.864732014562469,10.629472120222635,10.693634033203125,1401900
2003-12-22,10.636602262307678,10.82195876422346,10.60808592969625,10.772054672241211,1099300
2003-12-23,10.779183667803368,10.971669418243437,10.736409509849784,10.921765327453613,1744100
2003-12-24,10.92175999343768,10.936018492380569,10.836211039428298,10.907502174377441,332800
2003-12-26,10.89325080990707,11.007316156626029,10.886122235649456,10.978799819946289,410500
2003-12-29,10.971668484784683,11.206928373162654,10.971668484784683,11.192669868469238,1108500
2003-12-30,11.19980041089975,11.271091582812877,11.178413331279012,11.25683307647705,886900
2003-12-31,11.2497032647034,11.363768590194072,11.178412776213216,11.242574691772461,983300
2004-01-02,11.235446476225643,11.577642484289516,11.199800888748232,11.477835655212402,1799300
2004-01-05,11.513482243060084,11.691709526574222,11.320997130404043,11.356642723083496,2767600
2004-01-06,11.335251690398678,11.48496327245139,10.964539401143908,11.099991798400879,2768100
2004-01-07,10.9787979508711,11.206929285354109,10.800570706994082,11.149896621704102,2212600
2004-01-08,11.2283165076336,11.2283165076336,11.10712192585898,11.157025337219238,2029700
2004-01-09,11.157026706190212,11.342383228104469,11.128510370502102,11.164155960083008,1085800
2004-01-12,11.235444605678722,11.271090187221635,11.064346630132244,11.228315353393555,1652900
2004-01-13,11.235444905441272,11.313864643021589,10.950280925372693,11.000185012817383,2967300
2004-01-14,11.092863055147022,11.228315450319855,11.00018481428859,11.192669868469238,1942200
2004-01-15,11.085734356438683,11.092863609141437,10.736409132599247,10.814828872680664,2918200
2004-01-16,10.81483130162709,10.81483130162709,10.679378189384641,10.786314964294434,2521600
2004-01-20,10.878985856374314,10.978792629443936,10.836211039428298,10.907502174377441,2178200
2004-01-21,10.950284054133702,11.23544811568055,10.84334795598059,11.18554401397705,3092800
2004-01-22,11.239264109265026,11.475654620186669,11.174794715175517,11.339550971984863,3079900
2004-01-23,11.22494045366848,11.353880638569754,10.995714065531573,11.196287155151367,1805400
2004-01-26,11.196285038407993,11.303734716745854,11.10316166504593,11.210611343383789,2928800
2004-01-27,11.282248240516054,11.447004553577345,11.217778141266473,11.3538818359375,1423400
2004-01-28,11.318062364941628,11.461328838796902,11.203449185857409,11.267918586730957,3146900
2004-01-29,11.267919918072938,11.267919918072938,11.031530037494381,11.146143913269043,2061600
2004-01-30,11.153306865801436,11.26792005986989,11.09600026876721,11.196287155151367,1317400
2004-02-02,11.246428460343736,11.532962082894528,11.203448861007587,11.461328506469727,1911500
2004-02-03,11.497145362775836,11.532962836477022,11.389695674266111,11.396859169006348,1436200
2004-02-04,11.138978599901703,11.325225349095309,10.995712132502161,11.181958198547363,2264200
2004-02-05,9.914047982461431,10.92407731688258,9.563045006399163,10.573074340820312,18103200
2004-02-06,10.479954719543457,10.709181123220331,10.243564819964538,10.479954719543457,6440600
2004-02-09,10.422646522521973,10.573076497685532,10.207746460409965,10.422646522521973,3707900
2004-02-10,10.508605173835736,10.508605173835736,10.29370513701825,10.34384822845459,1896700
2004-02-11,10.343850764792224,10.63038444519043,10.265054361335707,10.63038444519043,2914100
2004-02-12,10.630382684298626,10.752159358744917,10.616055695235092,10.680525779724121,1536100
2004-02-13,10.680523640720017,10.694850626914265,10.444133833701335,10.537257194519043,1427900
2004-02-17,10.90975285461411,10.90975285461411,10.680526479760815,10.83095645904541,1462900
2004-02-18,10.845285706367086,10.924082118336335,10.744998804920986,10.866775512695312,2717000
2004-02-19,10.924077625953243,11.088833878630185,10.8667710438788,10.888260841369629,1538700
2004-02-20,10.945568471144826,10.945568471144826,10.723505615137766,10.766485214233398,1042300
2004-02-23,10.816629651260277,10.816629651260277,10.616055899403971,10.744996070861816,1619600
2004-02-24,10.744997429379165,10.744997429379165,10.623220737194318,10.644710540771484,1522900
2004-02-25,10.673363449982393,10.709180243401498,10.616056853771232,10.666200637817383,1494300
2004-02-26,10.386831055953948,10.673364053203601,10.386831055953948,10.63038444519043,906400
2004-02-27,10.65903577179195,10.744995655054577,10.58023938292165,10.616055488586426,1317900
2004-03-01,10.673362285192352,10.687689274255888,10.544422799362733,10.680525779724121,1256800
2004-03-02,10.67336456065289,10.759325147063207,10.601731649509071,10.637548446655273,1741000
2004-03-03,10.65903547302461,10.68768876664235,10.573075592171397,10.673361778259277,2605900
2004-03-04,10.673364117294097,10.909754012231653,10.644710817397078,10.895427703857422,2421200
2004-03-05,10.795143127441406,10.838123428077461,10.565916679112316,10.795143127441406,2541600
2004-03-08,10.759323109000823,10.959896178618393,10.730669130192714,10.916915893554688,2498000
2004-03-09,10.924079751421464,10.974222849705722,10.852446168316687,10.873936653137207,2464500
2004-03-10,10.909751621392717,10.916915115584253,10.623218685215337,10.673361778259277,2523400
2004-03-11,10.530099991228848,10.63038690504675,10.308037037762455,10.315199851989746,2955500
2004-03-12,10.458462595170586,10.494278700439217,10.351012229919434,10.351012229919434,2207100
2004-03-15,10.315199089596248,10.35101589068034,10.00001274298329,10.035829544067383,3253000
2004-03-16,10.171930606909234,10.236400699798809,10.093134206237826,10.19342041015625,1442300
2004-03-17,10.186256559646806,10.207746360703561,10.05731638700936,10.15760326385498,5210900
2004-03-18,10.207744236650138,10.429807745190592,10.186254440065035,10.38682746887207,2040500
2004-03-19,10.315197100470218,10.372503697894611,10.143277308197037,10.19342041015625,1555300
2004-03-22,10.193423180248438,10.193423180248438,10.00001353216861,10.064483642578125,1266100
2004-03-23,10.100296373748023,10.272216143417737,10.000009499866472,10.214909553527832,1488400
2004-03-24,10.193422375799532,10.214912866339183,9.964195941899199,10.035829544067383,1613400
2004-03-25,10.02866411334825,10.229237204333629,10.007174310101234,10.19342041015625,1708500
2004-03-26,10.136115550522462,10.20058565446514,10.050155639648438,10.050155639648438,1598100
2004-03-29,10.028663720430206,10.372503291505103,10.014336730061167,10.293706893920898,2583600
2004-03-30,10.329520889212917,10.4727873383608,10.243561019724188,10.38682746887207,1288300
2004-03-31,10.472791223641412,10.508608020003066,10.293707924981712,10.479954719543457,1754300
2004-04-01,10.530094063906331,10.65903421149995,10.429807889687583,10.573074340820312,2513500
2004-04-02,10.959897005557428,10.959897005557428,10.67336334419309,10.78797721862793,3164600
2004-04-05,10.81663107747916,11.14614436109259,10.787977778171406,11.138980865478516,2257400
2004-04-06,11.138978687789585,11.138978687789585,10.974221736618858,11.060181617736816,1620100
2004-04-07,11.031532421051526,11.031532421051526,10.866776091840059,10.90975570678711,1494400
2004-04-08,11.038689597677042,11.05301658322219,10.873933362797453,10.959893226623535,1103100
2004-04-12,11.031530270534637,11.296574138017277,11.010040467250391,11.15330696105957,1773700
2004-04-13,11.25358959881638,11.35387644818761,10.931239938681507,10.959893226623535,1574900
2004-04-14,10.888264519652008,11.060184323953429,10.766487820818023,10.83812141418457,1787200
2004-04-15,11.532962887749525,11.532962887749525,10.967059780575637,11.10316276550293,3460500
2004-04-16,11.189121843074947,11.224938631193274,10.974221797513392,10.995712280273438,1478600
2004-04-19,10.96705671939611,10.995710007338136,10.888259665194331,10.959893226623535,1084700
2004-04-20,10.96705962357828,11.10316260655721,10.73783257619228,10.744996070861816,1030900
2004-04-21,10.802300968257963,10.931241119499635,10.680524310562681,10.888260841369629,1862100
2004-04-22,10.870269073456967,11.021445024610927,10.805479282028676,10.949456214904785,1412600
2004-04-23,10.985446246727225,10.985446246727225,10.884662090565508,10.935053825378418,574900
2004-04-26,10.884663718958995,10.963850840731153,10.812675613675943,10.855868339538574,825300
2004-04-27,10.94225271537429,11.208610103746045,10.90625832526224,11.02863883972168,1425200
2004-04-28,10.978247494647109,11.00704287045032,10.819872584461487,10.870265007019043,1465200
2004-04-29,10.870264184659936,10.935053260413794,10.77667904874544,10.841468811035156,1754300
2004-04-30,10.84146939594476,11.374184180011671,10.798275989909328,11.194212913513184,2257800
2004-05-03,11.194212128417886,11.374183382294264,10.963848456611744,11.366984367370605,2983100
2004-05-04,11.366989296379803,11.402983700070317,11.201416000554046,11.273404121398926,1991500
2004-05-05,11.244606814626515,11.496566910876894,11.244606814626515,11.467771530151367,2361700
2004-05-06,11.093432965702172,11.100631983861861,10.114389151677694,10.611109733581543,14717100
2004-05-07,10.611107010102826,10.906259813533683,10.258363449248192,10.380743980407715,6382500
2004-05-10,10.243967626733808,10.323155450178058,9.9272183925652,10.128786087036133,3816600
2004-05-11,10.179179049532944,10.344752349737266,10.092792890312928,10.21517276763916,2708700
2004-05-12,10.150383699373378,10.186377417608128,9.718452215194702,10.078394889831543,4609100
2004-05-13,10.07839149085429,10.258362767476688,9.934414606863559,10.193572998046875,3610200
2004-05-14,10.164779957587955,10.171978975076144,9.920018855278258,10.042399406433105,2723700
2004-05-17,9.840830124295897,9.948812622937242,9.797636712917768,9.85522747039795,1626400
2004-05-18,9.876826145145488,9.984808661561466,9.86242811013744,9.905621528625488,2676400
2004-05-19,10.00640546162843,10.035200846357611,9.783241401611301,9.826434135437012,2483100
2004-05-20,9.87682891001083,9.93441969309248,9.740050285289698,9.804840087890625,1428400
2004-05-21,9.91281972694209,10.157580123027243,9.855228278205303,9.948813438415527,2218100
2004-05-24,10.042399274257207,10.042399274257207,9.884024324282,9.99920654296875,1199400
2004-05-25,9.999200300902904,10.107182748251386,9.862421801956796,10.049592018127441,1238900
2004-05-26,10.049597321153152,10.222369602694393,10.006403907499832,10.200773239135742,1424200
2004-05-27,10.438336384297001,10.48872813335723,10.301558485475196,10.373546600341797,1883100
2004-05-28,10.308756259120289,10.495926583420442,10.29435891153969,10.481529235839844,1463900
2004-06-01,10.409540303557018,10.589511608468767,10.366346888302338,10.517522811889648,1741000
2004-06-02,10.611106732765172,10.69029453705516,10.51752158276353,10.567914009094238,1470500
2004-06-03,10.54631438393751,10.870263164998796,10.459928271166431,10.582308769226074,2055100
2004-06-04,10.690293726975456,10.791077198927862,10.575111537330557,10.74068546295166,1521100
2004-06-07,10.776681480446884,11.007044521425323,10.769482463782303,10.999845504760742,2279700
2004-06-08,11.035838398866446,11.086230135584946,10.942253254577855,11.043037414550781,1135000
2004-06-09,10.949454577769234,11.035840724578655,10.927858212700896,10.956653594970703,2463500
2004-06-10,10.956653308542109,11.115027563617797,10.935056257502291,11.079033851623535,1742600
2004-06-14,11.01424189078546,11.064633626828835,10.805475244488157,10.877463340759277,1239100
2004-06-15,10.855869811756687,11.050239164105912,10.855869811756687,11.00704574584961,1378700
2004-06-16,11.007044243279672,11.07183401855164,10.95665250097303,11.050237655639648,1287700
2004-06-17,11.050238213222256,11.050238213222256,10.899062292138167,10.942255020141602,800600
2004-06-18,10.891862463443978,10.942254204537273,10.798277311030727,10.848669052124023,942400
2004-06-21,10.863063306747135,10.97824478149414,10.827068924254759,10.97824478149414,1351500
2004-06-22,10.949455910382484,11.086233821176728,10.942256892304853,11.071836471557617,959900
2004-06-23,11.064633787424098,11.208610668591973,11.064633787424098,11.179815292358398,778900
2004-06-24,11.187014036666802,11.266201147754167,11.129423285596737,11.230207443237305,918600
2004-06-25,11.201412067702272,11.259002818772338,11.151019645614035,11.230207443237305,654000
2004-06-28,11.266203203595751,11.302197601216728,11.201414111721231,11.208612442016602,627700
2004-06-29,11.179816917938677,11.330992836780377,11.172618587735565,11.302197456359863,850600
2004-06-30,11.323793136869819,11.48936707920061,11.273401395808092,11.446173667907715,1005200
2004-07-01,11.446176161597775,11.496568600174095,11.12222790920088,11.266204833984375,1537700
2004-07-02,11.237405367615256,11.273399757372044,11.107826525641062,11.251803398132324,669000
2004-07-06,11.2518078042815,11.302199557752619,11.071836471557617,11.071836471557617,1033900
2004-07-07,11.079036364637895,11.151024491491253,10.899065017700195,10.899065017700195,965200
2004-07-08,10.798277040948069,10.935054914724253,10.747885301115154,10.906259536743164,1651900
2004-07-09,10.942257467228119,11.043041666001868,10.86307032382201,10.96385383605957,1167900
2004-07-12,10.971048240979261,11.208610257834394,10.971048240979261,11.194212913513184,966600
2004-07-13,11.223010339432244,11.280601100312245,11.143822528320229,11.165419578552246,681600
2004-07-14,11.143822663606048,11.237407822806176,11.064635538068725,11.208612442016602,600000
2004-07-15,11.187014036666802,11.330990914341967,11.129423285596737,11.230207443237305,1045600
2004-07-16,11.316593162387363,11.316593162387363,11.201411664394353,11.251803398132324,820400
2004-07-19,11.259002679298382,11.273400023619594,11.136622163156538,11.194212913513184,755600
2004-07-20,11.172616692167239,11.280599178789636,11.136622301114471,11.230207443237305,965000
2004-07-21,11.223012099817392,11.388585391684376,11.223012099817392,11.266204833984375,1100500
2004-07-22,11.262582779679851,11.269816460335278,11.009410165315785,11.21194839477539,1388700
2004-07-23,11.21195309914634,11.26982118898683,11.110683597004464,11.219186782836914,792000
2004-07-26,11.26258514897446,11.334920591062305,11.110681272463507,11.190250396728516,1132100
2004-07-27,11.262582779679851,11.277050140990703,11.17578068134002,11.21194839477539,1051600
2004-07-28,11.21195075341811,11.248118474462032,11.060046876907156,11.190250396728516,650000
2004-07-29,11.211953357495105,11.371090953144362,11.190252995765409,11.36385726928711,2181300
2004-07-30,11.298752435860917,11.559158775655556,11.298752435860917,11.537458419799805,999900
2004-08-02,11.537461656068217,11.537461656068217,11.125151329946151,11.255354881286621,3578400
2004-08-03,11.22641765656311,11.342153807275409,11.125148179768908,11.262584686279297,2089200
2004-08-04,11.21918762042091,11.436193318444625,11.139618473568358,11.327690124511719,1645800
2004-08-05,11.356623311885624,12.072742130137266,11.356623311885624,11.761700630187988,4838500
2004-08-06,11.69659760799391,11.69659760799391,11.40725718998372,11.443424224853516,2334000
2004-08-09,11.44342526353716,11.44342526353716,11.37832349111529,11.385557174682617,1865700
2004-08-10,11.385553802886571,11.414487838745117,11.24811730501893,11.414487838745117,2218200
2004-08-11,11.414491676603756,11.428959044318262,11.219187041352358,11.36385726928711,1946700
2004-08-12,11.385555941018952,11.385555941018952,11.211951693265936,11.240885734558105,1115200
2004-08-13,11.262584329390736,11.262584329390736,11.067279753713004,11.07451343536377,1599500
2004-08-16,11.096214142090833,11.277052050039272,11.088980460210847,11.262584686279297,3761500
2004-08-17,11.400018355541853,11.436186063909867,11.26258120171173,11.30598258972168,2414200
2004-08-18,11.414488142058307,11.624260080067426,11.34215339541073,11.559158325195312,2149000
2004-08-19,11.595326671199585,11.638727380987392,11.479589835467797,11.566391944885254,3830600
2004-08-20,11.573629315078383,11.660432142002488,11.530227901616332,11.580862998962402,1529900
2004-08-23,11.653198264695792,11.739999710495017,11.544695077762656,11.602563858032227,1664100
2004-08-24,11.689361827406044,11.913600438663423,11.60256040742163,11.609792709350586,2258500
2004-08-25,11.711066396921385,11.711066396921385,11.588096531863503,11.645964622497559,1688900
2004-08-26,11.645961000290526,11.645961000290526,11.551925209797332,11.573625564575195,764900
2004-08-27,11.595327429159855,11.71829726466664,11.566392700954127,11.638728141784668,1312700
2004-08-30,11.667663238881616,11.884669593894907,11.660430935430094,11.75446605682373,1148800
2004-08-31,11.812330310438888,11.906365401328618,11.595325405503495,11.703827857971191,2072300
2004-09-01,11.739993149640892,11.739993149640892,11.609789674021707,11.682125091552734,1065900
2004-09-02,11.732764166671434,11.848500329178178,11.595328335997102,11.790632247924805,843600
2004-09-03,11.82679766697694,11.957001161756107,11.819563986191039,11.855731010437012,1064500
2004-09-07,12.000408088859848,12.188479747755661,11.978707035250396,12.152311325073242,1605300
2004-09-08,12.181247283286908,12.188480968547912,11.83403866886497,11.841272354125977,1418700
2004-09-09,11.826802578189495,11.87743698503378,11.645964622497559,11.645964622497559,1327000
2004-09-10,11.653195505887531,11.68212885440948,11.580860065056992,11.638728141784668,816100
2004-09-13,11.667658804713414,11.67489248509984,11.580857399443225,11.617024421691895,1797800
2004-09-14,11.609798364733093,11.63873310527843,11.414493694947362,11.52299690246582,1428500
2004-09-15,11.602562297586095,11.660430380230848,11.450657718341171,11.46512508392334,702600
2004-09-16,11.407255089207505,11.638727380987392,11.39278772605034,11.566391944885254,715500
2004-09-17,11.57362918693051,11.645964645285648,11.544695141556867,11.595330238342285,1468500
2004-09-20,11.609798794933983,11.645967221955873,11.522997329450284,11.551931381225586,514800
2004-09-21,11.609793169266268,11.66042894256073,11.522991745843262,11.537458419799805,746700
2004-09-22,11.5374612769596,11.551928644340745,11.161318692996424,11.219186782836914,2256900
2004-09-23,11.255355907190033,11.255355907190033,10.87197890215283,10.98048210144043,3294500
2004-09-24,11.009412376833406,11.26981872416207,10.98771133050793,11.023879051208496,1197900
2004-09-27,11.023879878959399,11.074514967678988,10.92261108120411,11.038347244262695,2330800
2004-09-28,11.052815678370195,11.132384820514913,10.929845813093863,11.103450775146484,1643600
2004-09-29,11.132383393454873,11.248119560092366,11.088981986044828,11.17578411102295,969200
2004-09-30,11.17578387624932,11.385555846333514,11.154083517921148,11.349388122558594,2288300
2004-10-01,11.385557480096116,11.522994712193883,11.233653570317667,11.428958892822266,3021100
2004-10-04,11.219182958668815,11.551924706754372,11.219182958668815,11.320451736450195,1952400
2004-10-05,11.320453044319038,11.320453044319038,11.052813016653122,11.081747055053711,2496800
2004-10-06,11.190255891205192,11.226423630007671,11.11068672787129,11.139620780944824,1707600
2004-10-07,11.139612765709598,11.183014159012615,11.031110317214678,11.052810668945312,1520100
2004-10-08,11.060046709326791,11.103448111890266,10.937076873545816,11.031112670898438,2020300
2004-10-11,11.031111792226834,11.08897986447412,10.908141966240894,10.922609329223633,1259800
2004-10-12,10.966014301445382,11.009415717423744,10.908146206702302,10.951547622680664,752100
2004-10-13,11.016647151484994,11.052814878037143,10.756240762025143,10.814108848571777,1931900
2004-10-14,10.886444477107647,10.900911154056427,10.286062552129854,10.474133491516113,3436700
2004-10-15,10.170328756927454,10.199262807437314,9.58441337180006,9.866520881652832,10760200
2004-10-18,9.909915478786635,10.003951257201086,9.743544963789972,9.779712677001953,4410100
2004-10-19,9.808646786150147,9.808646786150147,8.253440624632075,8.817654609680176,21837200
2004-10-20,8.861056910620794,9.823114462872278,8.861056910620794,9.765246391296387,14623500
2004-10-21,9.76161179741008,9.80525497857638,9.310628327748447,9.434285163879395,10716800
2004-10-22,9.50702184611422,9.688870011150502,9.463378674975104,9.565213203430176,5806400
2004-10-25,9.49975105331967,9.50702445470811,9.361546021500986,9.427011489868164,4079600
2004-10-26,9.69614396145254,9.87071803082961,9.521569892075473,9.841622352600098,4452900
2004-10-27,9.87072234853897,10.074392878931999,9.725243893755373,9.877996444702148,2199300
2004-10-28,9.885267041134297,10.096210899312991,9.885267041134297,10.088936805725098,2152100
2004-10-29,10.088938357148502,10.088938357148502,9.856172876108431,9.936185836791992,2197800
2004-11-01,9.885270945105804,10.125310578738729,9.885270945105804,9.97255802154541,2220000
2004-11-02,10.023472723866883,10.183499336242676,9.97255544916834,10.183499336242676,2341900
2004-11-03,10.423539806446895,10.750866460301864,10.139856336468108,10.343526840209961,3462700
2004-11-04,10.510825910421554,10.961809367003633,10.387169077876937,10.787235260009766,3290900
2004-11-05,10.910892982005937,10.9327145737351,10.612662018155785,10.845427513122559,2629700
2004-11-08,10.874523199993405,10.903618886864251,10.823605921393396,10.845427513122559,1943800
2004-11-09,10.379893606104538,10.590837450060135,10.328975648118222,10.489002227783203,3309200
2004-11-10,10.4380893436994,10.474458437056967,10.278062696881342,10.365349769592285,2353600
2004-11-11,10.365348320482124,10.510826754661993,10.285335355107168,10.328978538513184,1590300
2004-11-12,10.32897957082904,10.32897957082904,9.77616077199892,9.783434867858887,7388300
2004-11-15,9.601585953560708,10.234417680946054,9.456107515143831,10.19804859161377,9431700
2004-11-16,10.161677746185562,10.292607980224082,10.045295007619837,10.183499336242676,2585800
2004-11-17,10.241687356463764,10.43808368384313,10.161674423288252,10.248961448669434,1969100
2004-11-18,10.183499863998952,10.183499863998952,9.921638688655209,9.987103462219238,2399400
2004-11-19,11.230945388024194,11.441889288452694,10.801784185818263,11.165480613708496,20144500
2004-11-22,11.245492736594679,11.631010727074518,11.143657494675399,11.521902084350586,5720600
2004-11-23,11.420064681522845,11.514625811048752,11.129107893516743,11.252764701843262,3819800
2004-11-24,11.274585241403997,11.325502501156766,11.129106860899203,11.20911979675293,2798300
2004-11-26,11.18729821310112,11.281859333853147,11.143654352101864,11.20911979675293,667300
2004-11-29,11.267313824055728,11.434614521628728,11.245492235223006,11.383696556091309,2485300
2004-11-30,11.347326583797761,11.39824385165117,11.245491354395194,11.325504302978516,2392100
2004-12-01,11.332781712638447,11.390973091125488,11.107290294425152,11.390973091125488,2615200
2004-12-02,11.347326626024895,11.601913659935093,11.260038889814584,11.5291748046875,3419600
2004-12-03,11.48553355731782,11.558273122858665,11.245493962207307,11.289137840270996,1769700
2004-12-06,11.260038643009224,11.325504096884165,11.092738655280584,11.129108428955078,2791200
2004-12-07,11.165478738236791,11.340052827813782,11.136383056640625,11.136383056640625,2007800
2004-12-08,11.14365574695391,11.310956425747188,11.129108253930339,11.172751426696777,1750200
2004-12-09,11.172752846331548,11.340053546382425,11.056370112572232,11.238218307495117,2647600
2004-12-10,11.238218141046833,11.521901570655414,11.180026775029042,11.383696556091309,2547700
2004-12-13,11.492809007341025,11.696478843688965,11.347330552806781,11.696478843688965,3096900
2004-12-14,11.747393886315404,11.863776627720785,11.638285239671823,11.856502532958984,3811300
2004-12-15,11.921967111897814,12.154732577399976,11.805584379146733,12.132911682128906,4900700
2004-12-16,12.183832423844025,12.627542585931549,12.074723754243227,12.292941093444824,8688900
2004-12-17,12.292938247277448,12.714826022808902,12.28566415266929,12.49660873413086,4366800
2004-12-20,12.511153052118964,12.831204791496763,12.482056682689388,12.55479621887207,3489300
2004-12-21,12.547524553970094,12.802112286166633,12.307485009302848,12.69300365447998,3708200
2004-12-22,12.656638361882104,12.765747038191275,12.576626072531159,12.685734748840332,1696400
2004-12-23,12.693002298154367,12.867576367677,12.569345492151914,12.838479995727539,1184300
2004-12-27,12.823933538773352,12.83848172670958,12.663907633649536,12.743921279907227,1591300
2004-12-28,12.693007230137676,12.867581367492676,12.591171276136656,12.867581367492676,2499600
2004-12-29,12.874854626891748,13.122168318925914,12.867580531550528,13.093071937561035,4327800
2004-12-30,13.107617025071942,13.25309473527964,12.983960208330075,13.194903373718262,1388400
2004-12-31,13.274916468445236,13.274916468445236,13.034876938484075,13.04942512512207,1456800
2005-01-03,13.056700383578306,13.063973090154857,12.729373091970999,12.743921279907227,2705700
2005-01-04,12.743918301723898,12.9694096124731,12.7293701171875,12.7293701171875,2616600
2005-01-05,12.729375850595005,12.87485498670141,12.518431241979908,12.525705337524414,1068000
2005-01-06,12.525705337524414,12.61299309666663,12.423870774685051,12.525705337524414,1459200
2005-01-07,12.547525312922652,12.576621689741168,12.365677119981743,12.402046203613281,2144100
2005-01-10,12.40204814604985,12.5548013734884,12.40204814604985,12.474787712097168,1742900
2005-01-11,12.438414632094736,12.511154174804688,12.38022327540505,12.511154174804688,2356600
2005-01-12,12.511156547163997,12.59844290505403,12.445691085050651,12.576622009277344,1339700
2005-01-13,12.58389573913144,12.656635301546718,12.278390686900684,12.3147611618042,3609000
2005-01-14,12.314763407820411,12.43114617395451,12.292941118898264,12.365680694580078,3220000
2005-01-18,12.18382394982199,12.54752018713011,12.111084424882158,12.423863410949707,2172700
2005-01-19,12.20565081215655,12.380224905207522,12.20565081215655,12.278388977050781,4067600
2005-01-20,12.198374860328126,12.227469844376227,12.00925260814575,12.081992149353027,3992100
2005-01-21,12.081991692076702,12.292934827463588,12.031074431376119,12.154729843139648,1991700
2005-01-24,12.154729843139648,12.322031197801808,12.052895321738482,12.154729843139648,3166400
2005-01-25,12.162009813597749,12.314763056916116,11.99470976547113,12.03108024597168,3106500
2005-01-26,12.060169838290962,12.431140248796693,12.009252575800414,12.409317970275879,2120100
2005-01-27,12.456809641937781,12.47142207045755,12.274158465994306,12.3910551071167,2249800
2005-01-28,12.39835777886008,12.44950126406632,12.376440535860604,12.43488883972168,1912900
2005-01-31,12.581013820111108,12.60293246519533,12.420281270047571,12.54448413848877,2779700
2005-02-01,12.595625524886838,12.632156597923677,12.50795373663432,12.529870986938477,2498100
2005-02-02,12.551789746699905,12.749053362367093,12.50795385216874,12.522564888000488,2559400
2005-02-03,12.551791048471822,12.858645129050366,12.544484833039224,12.5883207321167,4310300
2005-02-04,12.595627523600342,12.73444283613208,12.529872975217842,12.639463424682617,2659000
2005-02-07,12.690604921264672,12.690604921264672,12.529870986938475,12.529870986938477,2158900
2005-02-08,12.551792541321081,12.705218903099086,12.398364786024803,12.41297721862793,2208300
2005-02-09,12.42028225372955,12.456811938245027,12.303385591058252,12.33991527557373,1776300
2005-02-10,12.420279964156238,12.507953141756975,12.383750286374697,12.3910551071167,1376400
2005-02-11,12.40566812564912,12.602931739494206,12.317996337396602,12.529870986938477,1652200
2005-02-14,12.573705214414023,12.705214272879159,12.45680858322674,12.602930068969727,1326400
2005-02-15,12.646769031648073,12.778278122082371,12.544484802873887,12.705217361450195,1584400
2005-02-16,12.639461752232009,12.74905358071379,12.566402391268136,12.712522506713867,1270900
2005-02-17,12.675990104675293,12.749050843470886,12.610235579111029,12.675990104675293,863500
2005-02-18,12.683297157287598,12.836723464746184,12.654072302428183,12.683297157287598,1196200
2005-02-22,12.675990815640773,12.675990815640773,12.332605742097156,12.369136810302734,1463900
2005-02-23,12.376444072114811,12.442198606935893,12.310689537293731,12.3910551071167,1920500
2005-02-24,12.391057036463573,12.493342658510441,12.274160377139811,12.449506759643555,1200000
2005-02-25,12.471422651979404,12.8075015560155,12.376444649207999,12.734440803527832,1820900
2005-02-28,12.675989955348198,12.675989955348198,12.36182975769043,12.36182975769043,1183300
2005-03-01,12.398359575955576,12.727132203776902,12.383748543010606,12.675990104675293,4317400
2005-03-02,12.67599333895717,12.712523020916677,12.566402899560604,12.62485122680664,875400
2005-03-03,12.712519777314247,12.763661876415856,12.646765251749981,12.675990104675293,1173700
2005-03-04,12.683293907113343,12.683293907113343,12.551784880981558,12.64676284790039,1195400
2005-03-07,12.56640344911897,12.719829792280251,12.486036473071767,12.705217361450195,1986200
2005-03-08,13.004762193455617,13.165496108070467,12.873254527204075,12.91709041595459,3794600
2005-03-09,12.91709267145069,13.209334303346358,12.82941948512298,12.895174026489258,2917900
2005-03-10,12.895172139216545,12.93900802920579,12.705214757906065,12.865948677062988,1005200
2005-03-11,12.931701189288662,13.07782126427281,12.895170125404425,12.99014949798584,1458000
2005-03-14,13.026676057351436,13.070511930026136,12.94630912951676,13.06320571899414,1501900
2005-03-15,13.114357677645911,13.128968715642007,12.814809799194338,12.814809799194336,1011900
2005-03-16,12.82211296247531,12.82211296247531,12.588319662568535,12.595625877380371,1377800
2005-03-17,12.588316251489434,13.03398547962166,12.588316251489434,13.012066841125488,1820100
2005-03-18,13.077825572837787,13.107050433573475,12.917093019345678,12.960928916931152,2670900
2005-03-21,13.048597905285774,13.055904118117832,12.858640552205115,13.012066841125488,872500
2005-03-22,13.012071379016,13.012071379016,12.471423982554354,12.56640338897705,3042900
2005-03-23,12.646768361845744,12.690605652014186,12.427587485075646,12.54448413848877,2452900
2005-03-24,12.581011791961357,12.654072536946149,12.551788330078125,12.551788330078125,1119200
2005-03-28,12.639462755741468,12.639462755741468,12.478730197934414,12.56640338897705,948600
2005-03-29,12.522561444623031,12.69790636805038,12.420277254336474,12.442195892333984,1972300
2005-03-30,12.500648241838356,12.617544895251477,12.456810951669912,12.54448413848877,2027100
2005-03-31,12.54447923527151,12.54447923527151,12.4056639910324,12.43488883972168,2402000
2005-04-01,12.464112482314105,12.515254574771875,11.923465315090176,12.186483383178711,4840400
2005-04-04,12.201099858832157,12.310690292416812,11.97461138343684,12.171875,3051000
2005-04-05,12.201096660269389,12.310687065124512,12.084200042621577,12.310687065124512,1935700
2005-04-06,12.332607620461731,12.464116698996275,12.28877172545621,12.398362159729004,1550200
2005-04-07,12.39105464691452,12.456809179293487,12.303382866087786,12.420279502868652,2008000
2005-04-08,12.551787949858564,12.71982668277088,12.44950374608894,12.515256881713867,1601500
2005-04-11,12.522564176758861,12.617543568619482,12.317995751553616,12.3910551071167,1200100
2005-04-12,12.347222999124114,12.537180447543662,12.266857404671532,12.478732109069824,1419300
2005-04-13,12.405671332377878,12.420283765369765,12.106123423635719,12.164571762084961,2181700
2005-04-14,12.157258628276725,12.281461451001464,12.054974442568417,12.062280654907227,2127400
2005-04-15,11.945389206759387,11.989225106218555,11.689677238464355,11.689677238464355,4037600
2005-04-18,11.54355775801763,11.952696815632972,11.324376144893668,11.865023612976074,2385800
2005-04-19,11.865017451968326,12.142647954954683,11.857711239414204,12.011138916015625,1661600
2005-04-20,12.018451909311604,12.084206465879477,11.777352333068848,11.777352333068848,1048900
2005-04-21,11.927822008728981,11.964522439512393,11.736976688585514,11.744317054748535,2511800
2005-04-22,11.744316924484986,11.83239991743256,11.53145120822933,11.729636192321777,3875200
2005-04-25,11.81037879544477,11.957183316718375,11.81037879544477,11.898460388183594,2019600
2005-04-26,11.898464447273282,12.074630492912267,11.883785110163494,11.986547470092773,1782700
2005-04-27,11.993887838663744,12.008568575805684,11.759001644521302,11.986547470092773,1886800
2005-04-28,11.920480891113357,12.05994503935572,11.79569747427158,11.825058937072754,2129100
2005-04-29,11.942499143629371,12.272807121276855,11.861756540189837,12.272807121276855,1990100
2005-05-02,12.316853068122755,12.456315825724555,12.09664628238065,12.265470504760742,2457200
2005-05-03,12.265469893767392,12.507697766026855,12.184728669712532,12.360893249511719,3149200
2005-05-04,12.294833217650504,12.999491643482653,11.94984437167416,12.588440895080566,4623500
2005-05-05,12.595781454616764,12.683864459208541,12.412276478413103,12.610462188720703,2424900
2005-05-06,12.698543753454612,12.933431298285392,12.610462149170944,12.838007926940918,2496100
2005-05-09,12.823323421474042,12.823323421474042,12.478334672767668,12.617798805236816,3057600
2005-05-10,12.581100853722077,12.720565029122433,12.529719683846123,12.68386459350586,2240300
2005-05-11,12.698542843384566,12.727904309396104,12.595780512407698,12.669182777404785,1219100
2005-05-12,12.676521263110516,12.808645040495907,12.537057120311319,12.559078216552734,1542600
2005-05-13,12.603116758237848,12.66917863513268,12.47099300444818,12.522374153137207,3338500
2005-05-16,12.522382149142587,12.69120783124823,12.485681705224772,12.62514591217041,1931800
2005-05-17,12.661841353496017,13.182994731392839,12.647160621716253,12.999489784240723,6151400
2005-05-18,12.999485392412288,13.293094328686283,12.962784975393621,13.205011367797852,7766100
2005-05-19,13.205012560227233,13.278414800924049,13.050869114792087,13.175652503967285,1117200
2005-05-20,13.21235354572389,13.234374638978052,13.131610937156653,13.138951301574707,1208400
2005-05-23,13.146296624315642,13.212358528963009,13.102255821228027,13.102255821228027,1483000
2005-05-24,13.05820829969202,13.285753965276317,13.01416611923222,13.205011367797852,2164700
2005-05-25,13.153636927188314,13.212358464361982,12.999492017087514,13.094915390014648,839200
2005-05-26,13.094920110437046,13.285765525054886,13.094920110437046,13.271084785461426,1312400
2005-05-27,13.23437682818163,13.52064408768269,13.197675000020217,13.39586067199707,2538000
2005-05-31,13.271080284512387,13.601389813177315,13.263739917205175,13.476606369018555,2931600
2005-06-01,13.48395056585241,13.48395056585241,13.278424422975526,13.417888641357422,2311200
2005-06-02,13.461925250128992,13.469265617226668,13.315120708239183,13.432563781738281,1878600
2005-06-03,13.395857826026434,13.403198190099245,13.168312139894473,13.175652503967285,3992200
2005-06-06,13.190336257731484,13.395862320634851,13.116935392438348,13.366500854492188,1557800
2005-06-07,13.359158048418273,13.366497012812877,13.271075075338063,13.307775497436523,1976400
2005-06-08,13.359163156340157,13.395863592471157,13.25639941511595,13.344482421875,1561500
2005-06-09,13.344477534764215,13.366497228365843,13.19033267939589,13.219694137573242,2255200
2005-06-10,13.212351731207818,13.278413601866351,13.182990277567951,13.205011367797852,1542400
2005-06-13,13.19767869303319,13.32246214363608,13.15363788694746,13.212359428405762,1895900
2005-06-14,13.175657933478922,13.454584883031314,12.515038895006654,13.432563781738281,1185700
2005-06-15,13.432561100126891,13.498622990785844,13.366499209467941,13.39586067199707,1192900
2005-06-16,13.403197085276286,13.45457822951933,13.33713521409775,13.381175994873047,1015100
2005-06-17,13.505964279174805,13.505964279174805,13.337140058192645,13.505964279174805,1663200
2005-06-20,13.432565052518948,13.498626962615926,13.329802703493426,13.469266891479492,550600
2005-06-21,13.469263900763467,13.814252710199243,13.359161208393045,13.740850448608398,2159900
2005-06-22,13.814258799260179,13.828939538055675,13.579372578661475,13.660115242004395,1144600
2005-06-23,13.674792486147183,13.704153959240765,13.57203013038383,13.579370498657227,1039000
2005-06-24,13.59405034388134,13.616070047225666,13.439905420311057,13.469266891479492,810100
2005-06-27,13.41788482269296,13.461925626478385,13.351822916998868,13.359163284301758,2668200
2005-06-28,13.359159094712359,13.39585951968521,13.293097209736052,13.373838424682617,2856600
2005-06-29,13.373841414848231,13.43256294795282,13.35916208159592,13.388522148132324,2033900
2005-06-30,13.4325610519302,13.572025198379981,13.403200989538007,13.44724178314209,2761400
2005-07-01,13.535331762307294,13.689475319563078,13.43256799077113,13.660115242004395,2636900
2005-07-05,13.696813561355698,14.05648320578194,13.550008996269353,14.049142837524414,2743800
2005-07-06,14.027117636203675,14.22530190136925,14.027117636203675,14.12987995147705,3563400
2005-07-07,13.946372131008973,14.049134425016932,13.76286723454833,14.012434005737305,2368900
2005-07-08,14.01244246693434,14.07850438155314,13.931699815726454,13.939040184020996,1898500
2005-07-11,14.085839930319782,14.328066401032565,13.975737243637901,14.166581153869629,1896400
2005-07-12,14.181261885435646,14.232643045885082,14.078499564536774,14.166581153869629,3174500
2005-07-13,14.19593913125864,14.210619859219875,14.122536891483739,14.203279495239258,1991700
2005-07-14,14.18860238214713,14.276685372324412,14.122540489522077,14.181262016296387,1391100
2005-07-15,14.188601474494915,14.203282205257265,14.100518489952346,14.12987995147705,751900
2005-07-18,14.122540669744879,14.203283295101803,14.115200303800462,14.144561767578125,986800
2005-07-19,14.195946818681687,14.357430713608593,14.166585346859323,14.269349098205566,898100
2005-07-20,14.225304874899832,14.408809847692838,14.144563638892558,14.372109413146973,1600400
2005-07-21,14.420003547347521,14.471582283342363,14.221055789583001,14.390530586242676,1952800
2005-07-22,14.442108739024064,14.442108739024064,14.25789817195849,14.294739723205566,1561700
2005-07-25,14.294740658366917,14.368425171096604,14.169477408351005,14.18421459197998,1334800
2005-07-26,14.272637525399887,14.272637525399887,13.977899448935124,14.117899894714355,1573100
2005-07-27,14.184210222949185,14.309473434381431,14.073684190606558,14.081052780151367,1667600
2005-07-28,14.110531869170861,14.36842699373116,14.110531869170861,14.324216842651367,1866600
2005-07-29,14.375789693470955,14.397895462656804,14.007368639528844,14.110526084899902,1045100
2005-08-01,14.036842884023965,14.036842884023965,13.55789575093249,13.661054611206055,4242000
2005-08-02,13.631581729055112,13.675791870876369,13.476845529973177,13.528424263000488,3605100
2005-08-03,14.221062155371433,14.935800403853678,14.117904637205244,14.862115859985352,9961400
2005-08-04,14.736844640282705,14.74421323125265,14.397897888155414,14.589475631713867,2350900
2005-08-05,14.626316633170916,14.626316633170916,14.294737110882082,14.353684425354004,1585800
2005-08-08,14.346318457117512,14.471581698938706,14.228423806628753,14.294739723205566,1718600
2005-08-09,14.33158560806893,14.582112142898406,14.33158560806893,14.508427619934082,2534400
2005-08-10,14.53052848911067,14.847370877662463,14.427371025085451,14.42737102508545,1475500
2005-08-11,14.501048995478499,14.552627704247502,14.397891577940495,14.515786170959473,1248600
2005-08-12,14.515792712403526,14.515792712403526,14.30210778787695,14.42737102508545,778800
2005-08-15,14.434746096785092,14.700009872417375,14.405271719307873,14.582115173339844,988200
2005-08-16,14.530526970763674,14.626317239133371,14.449475288391115,14.449475288391113,1106100
2005-08-17,14.405264336469989,14.596843475638726,14.405264336469989,14.537896156311035,1799100
2005-08-18,14.464214432252055,14.53053035490214,14.390531323009935,14.442110061645508,686700
2005-08-19,14.515790691024735,14.5747380058898,14.361053111119658,14.456843376159668,708300
2005-08-22,14.567364879728476,14.685259472747454,14.449470286709497,14.515786170959473,1159500
2005-08-23,14.552635824536122,14.552635824536122,14.280003547668457,14.280003547668457,967800
2005-08-24,14.257895571196036,14.434737514671689,14.147369532200608,14.228421211242676,1231100
2005-08-25,14.294740993882527,14.663162160763084,14.294740993882527,14.567373275756836,1474700
2005-08-26,14.493688800281081,14.508425984295593,14.368425546988165,14.442110061645508,1067000
2005-08-29,14.331581807795404,14.478949409231534,14.324213216911346,14.397897720336914,1039400
2005-08-30,14.324213152458869,14.361054701298379,14.014739363795977,14.169475555419922,1153600
2005-08-31,14.176844835775004,14.23579216003418,13.904213988106966,14.23579216003418,1441700
2005-09-01,14.235792397961186,14.309476905870435,14.073687604892914,14.294739723205566,890000
2005-09-02,14.35368849780103,14.361057089877502,14.11789917301489,14.176846504211426,606300
2005-09-06,14.324214219018458,14.383161544799805,14.184213793257094,14.383161544799805,787800
2005-09-07,14.316845627618902,14.464213239364717,14.162108019058424,14.383161544799805,989300
2005-09-08,14.30947965715298,14.383164179229546,14.184216391247428,14.324216842651367,1066300
2005-09-09,14.331580156394546,14.4715791508148,14.280000026149624,14.456843376159668,586700
2005-09-12,14.50105035186654,14.574734830749247,14.39052433624975,14.530523300170898,969300
2005-09-13,14.537891872175065,14.574734814282062,14.139997935321276,14.147366523742676,1618400
2005-09-14,14.147373196707125,14.493688583374023,14.110530237222221,14.493688583374023,1765000
2005-09-15,14.545270842683266,14.795797406172905,14.545270842683266,14.781060218811035,1740100
2005-09-16,14.847378670128531,14.906326024140036,14.611589254082512,14.862115859985352,1658200
2005-09-19,14.773684748226385,14.862106425823253,14.618948569200473,14.832632064819336,1219600
2005-09-20,14.817892808044142,15.407365835468037,14.803155631004907,15.009471893310547,4369900
2005-09-21,14.825266784029267,14.957897209336297,14.478950024829334,14.596844673156738,1765100
2005-09-22,14.515794537259993,14.567373275756836,14.353688324366809,14.567373275756836,1091500
2005-09-23,14.589482362293476,14.773693005279078,14.456851879893007,14.582115173339844,1518900
2005-09-26,14.626319939345406,14.744214594938489,14.515793875403784,14.61158275604248,933600
2005-09-27,14.64842497678821,14.655793568775646,14.442110022800838,14.567373275756836,800200
2005-09-28,14.633687551096955,14.781055158012713,14.582108818405686,14.736845016479492,844900
2005-09-29,14.73684599120272,14.950530932674434,14.670530071809097,14.847372055053711,2170400
2005-09-30,14.869474452585564,15.156842434409333,14.722105463980391,15.105263710021973,3033300
2005-10-03,15.14947118666575,15.348418864755576,14.898944793237357,15.178945541381836,2958700
2005-10-04,15.031588309514667,15.142114415127102,14.493693564895981,14.552640914916992,3049700
2005-10-05,14.552632024372924,14.766316916038782,14.42000021649961,14.75894832611084,2358900
2005-10-06,14.685267267141947,14.722108819984102,14.486319508797935,14.61158275604248,2548300
2005-10-07,14.626319939345406,14.70000445044487,14.508425283752322,14.61158275604248,1084900
2005-10-10,14.58947154615204,14.699998974334639,14.361050911709626,14.405261039733887,1044700
2005-10-11,14.412634504982925,14.626319439324751,14.22105534483977,14.383161544799805,1359400
2005-10-12,14.390530136199361,14.582109296342518,14.29473985342023,14.383161544799805,1566400
2005-10-13,14.309478077156397,14.368425407225843,14.007372834873582,14.243162155151367,1639600
2005-10-14,14.243164565903514,14.442112365591862,14.213691598587895,14.346322059631348,1409900
2005-10-17,14.449479941722487,14.6263219494152,14.235794970709199,14.361058235168457,657700
2005-10-18,14.390529660955224,14.663160506659716,14.32421374596439,14.501055717468262,965400
2005-10-19,14.449476309174901,14.692634184300266,14.420001945928194,14.670528411865234,1388500
2005-10-20,14.692633240011805,14.788422103577314,14.44947538051408,14.54526424407959,1657700
2005-10-21,14.618949890136719,14.692634393889598,14.48631806446454,14.618949890136719,1185700
2005-10-24,14.611584443019538,14.729479112224123,14.515795551321556,14.663163185119629,1754100
2005-10-25,14.67053079220957,14.736846714859656,14.37579413899542,14.442110061645508,1413700
2005-10-26,14.44210726752126,14.545264724834464,14.302106857299805,14.302106857299805,1323000
2005-10-27,14.38717692599018,14.720041342335827,14.36498540055371,14.5203218460083,2088500
2005-10-28,14.483333577737227,14.683053021617226,14.394568910168385,14.616479873657227,1226000
2005-10-31,14.623880268619912,15.112082520637152,14.623880268619912,15.008524894714355,2450900
2005-11-01,15.030711174011229,15.230430610942632,14.74962565641133,15.03071117401123,2125500
2005-11-02,15.49672816083526,16.214237236149604,15.304405835202495,16.162458419799805,8361200
2005-11-03,16.184643756555026,16.42134906420336,15.99971866083592,16.147659301757812,5112700
2005-11-04,16.162455585011312,16.206837218260187,15.903560137803955,16.044103622436523,2518800
2005-11-07,16.12547213329551,16.14026648355278,15.81479783222736,15.984930038452148,2522300
2005-11-08,16.058899930533297,16.162458977674337,15.91835782726621,15.940547943115234,1894000
2005-11-09,15.94054128314772,16.04410028702175,15.829586517658626,15.866572380065918,2575100
2005-11-10,15.940544155457333,16.01451448273416,15.726031758307842,15.851780891418457,2214000
2005-11-11,15.977534774500334,15.999724891673646,15.866579956032588,15.955343246459961,990700
2005-11-14,16.044107887423905,16.184649998549943,15.955343186463251,16.088489532470703,1479000
2005-11-15,16.058897005503955,16.273410825418683,16.051501242146024,16.1402645111084,1511900
2005-11-16,16.14026260708975,16.243820212285044,15.955337505888691,16.058895111083984,1323900
2005-11-17,16.177243751190304,16.421344757080078,16.12546355284241,16.421344757080078,1372900
2005-11-18,16.42135045061564,16.613671324838137,16.32518860263776,16.495319366455078,1121000
2005-11-21,16.487927919674945,16.554499679183866,16.34738440322944,16.436147689819336,813400
2005-11-22,16.36217398923326,16.56928920486664,16.317790947997597,16.554494857788086,1180300
2005-11-23,16.539707134195513,16.71723512248773,16.421355142000706,16.613676071166992,1017300
2005-11-25,16.769013541698953,16.769013541698953,16.39176604652439,16.436147689819336,386500
2005-11-28,16.436148607321318,16.598883659932028,16.34738531577646,16.532310485839844,1015900
2005-11-29,16.680242072338377,16.783801079139337,16.532302851127103,16.717227935791016,1202400
2005-11-30,16.69504180789028,16.7394234474961,16.273412704467773,16.273412704467773,1836200
2005-12-01,16.487929826155746,16.5988846526562,16.33259194036138,16.46573829650879,1927100
2005-12-02,16.406560343708236,16.6136756189784,16.406560343708236,16.569293975830078,942400
2005-12-05,16.495313679188904,16.66544579521458,16.103273481287914,16.60626983642578,2472900
2005-12-06,16.606273173995916,16.606273173995916,16.229025831822405,16.266010284423828,1500800
2005-12-07,16.26601124922872,16.510112319129473,16.16245364710916,16.229026794433594,1184200
2005-12-08,16.199442862522414,16.354780722218248,16.125472520327587,16.214237213134766,878400
2005-12-09,16.288203230482146,16.362173553036357,16.162454105399952,16.243820190429688,779000
2005-12-12,16.243820190429688,16.31039333964182,16.058895089477435,16.243820190429688,1313700
2005-12-13,16.229031064861953,16.30300140478291,16.08848756009882,16.273412704467773,1594500
2005-12-14,16.236428238970397,16.354780218490102,16.199442363578687,16.303001403808594,907800
2005-12-15,16.354778331023127,16.436144425760848,16.09588287662721,16.1402645111084,1145600
2005-12-16,16.140262135419334,16.347378750623864,16.125467789147613,16.177248001098633,1341400
2005-12-19,16.103280096117658,16.1106772703631,15.859178989484887,15.970133781433105,1476300
2005-12-20,16.051503095571785,16.273412704467773,15.984929930729612,16.273412704467773,1277000
2005-12-21,16.273407923129582,16.55449343920239,16.236423469469056,16.524906158447266,1832500
2005-12-22,16.524910863825557,16.69504165649414,16.421353235395443,16.69504165649414,1494400
2005-12-23,16.769010558435145,16.791202081568173,16.59887978034885,16.68764305114746,836100
2005-12-27,16.754214772365003,16.879963904264198,16.613671292979642,16.68024444580078,996100
2005-12-28,16.769011497410904,16.879966297555423,16.69504116035895,16.75421714782715,703800
2005-12-29,16.74681995396828,16.939142265737665,16.74681995396828,16.83558464050293,802900
2005-12-30,16.835583209310872,16.902156365835772,16.754215704476724,16.82818603515625,1111500
2006-01-03,16.90215959036032,17.131466389433015,16.761616076343586,17.124069213867188,2165900
2006-01-04,17.131455922702354,17.575276309424066,17.07967713624361,17.294189453125,4802400
2006-01-05,17.308987150881727,17.43473626131721,17.138856416429718,17.279399871826172,4232400
2006-01-06,17.124061110920344,17.131458282985896,16.850372798826445,17.02790069580078,7158400
2006-01-09,17.020506856182966,17.079682833427153,16.93913935839724,17.005712509155273,1259900
2006-01-10,17.005711090535076,17.01310826343185,16.879961973022876,16.976123809814453,1650600
2006-01-11,16.939140296941677,17.101875301529763,16.902155838189838,17.07228660583496,2132600
2006-01-12,17.072288969699795,17.17584659723708,17.020510155931152,17.116670608520508,2286300
2006-01-13,17.1166682385105,17.18324139295714,17.035302147083122,17.07228660583496,1553500
2006-01-17,17.072285670381252,17.087080017418014,16.916949259094988,16.953933715820312,1048300
2006-01-18,16.961328991112723,16.990916271008405,16.66544913782375,16.717227935791016,1029500
2006-01-19,16.717232704093075,16.76161434202891,16.60627790382007,16.702438354492188,2051800
2006-01-20,16.665454453470282,16.70243891785313,16.428749084472656,16.428749084472656,1850300
2006-01-23,16.428749558313175,16.643263408348005,16.428749558313175,16.48052978515625,1330500
2006-01-24,17.087085446561428,17.087085446561428,16.38436925857095,16.643264770507812,2252300
2006-01-25,16.717236008106088,16.968734357560283,16.658060008873754,16.79120635986328,1815700
2006-01-26,17.796816659448254,18.04172692850328,17.596435144164076,17.611278533935547,5339400
2006-01-27,17.737445635030245,18.138208690884294,17.700338573803897,17.84876823425293,2675600
2006-01-30,17.366368375225147,17.89329739111195,17.329261316104255,17.833925247192383,3123600
2006-01-31,15.956278723399265,16.067601315104966,14.791099526828706,15.087960243225098,14097500
2006-02-01,15.102805090029173,15.622311039958207,14.991482487583214,15.50356674194336,6690900
2006-02-02,15.585200309753418,15.6742592200768,15.481299427328937,15.585200309753418,5196300
2006-02-03,15.585206798349573,15.741058186871975,15.377403531442424,15.488727569580078,4676700
2006-02-06,15.585197692225409,15.748470682262724,15.54066895231398,15.681676864624023,2901300
2006-02-07,15.696530981045155,15.703952678694915,15.525836181732927,15.570364952087402,2208100
2006-02-08,15.622318652614611,15.622318652614611,15.384829940858179,15.540682792663574,1843300
2006-02-09,15.525836332006117,15.592630195956366,15.355141531041749,15.548101425170898,1472100
2006-02-10,15.548093256185634,15.6742592200768,15.459034345862252,15.585200309753418,2067400
2006-02-13,15.585204180857215,15.614890963519828,15.39966603584701,15.496145248413086,1084900
2006-02-14,15.510985746444987,15.674260189545988,15.473878690582094,15.637151718139648,2260000
2006-02-15,15.659416750950223,15.696523806694557,15.548094168173781,15.674260139465332,1201800
2006-02-16,15.622309643387082,15.770740710408349,15.592624279308966,15.76331901550293,1113400
2006-02-17,15.733633041381836,15.80784715647139,15.726211346764178,15.733633041381836,780500
2006-02-21,15.73363135511127,15.73363135511127,15.459034345862252,15.585200309753418,1902200
2006-02-22,15.622311735261848,15.76332112625928,15.577782975410358,15.703948974609375,8151100
2006-02-23,15.711367993701206,15.770740135235647,15.562936932093349,15.592623710632324,1276800
2006-02-24,15.62231043667572,15.659418913087158,15.473880777660874,15.629732131958008,1223600
2006-02-27,15.570359182824935,15.696525165034592,15.44419320061528,15.659418106079102,2671400
2006-02-28,15.56293288282351,15.614884731749532,15.325444378477123,15.355131149291992,2430700
2006-03-01,15.347717825391362,15.421933377353648,15.19186502471617,15.414511680603027,2361900
2006-03-02,15.273496227242847,15.414505578596652,15.125065182076384,15.288339614868164,1976800
2006-03-03,15.214129854123218,15.325452472386072,15.147336000056725,15.199286460876465,2076800
2006-03-06,15.199281702660421,15.310604286073149,15.058273757591243,15.251232147216797,2745100
2006-03-07,15.228965183189487,15.340287742503804,15.147327979105519,15.303180694580078,1385000
2006-03-08,15.325452804565431,15.407090053648162,15.147336328375408,15.32545280456543,2258500
2006-03-09,15.325447866963403,15.399663395350895,15.177018225731885,15.19186019897461,1107600
2006-03-10,15.214120519323215,15.436765619242443,15.214120519323215,15.332864761352539,1774600
2006-03-13,15.332869368973075,15.436770258085827,15.13990956380407,15.251232147216797,1509900
2006-03-14,15.23638863707544,15.54067099496041,15.19928016931916,15.51840591430664,1105400
2006-03-15,15.54810065288978,15.659423282096048,15.399669536918733,15.644579887390137,1403500
2006-03-16,15.644575308700427,15.666840394242982,15.392243334725935,15.481302261352539,1507600
2006-03-17,15.622315543760678,15.755903271425696,15.55552167992817,15.652002334594727,1854300
2006-03-20,15.748476366522729,15.807848513015474,15.562938231789948,15.614890098571777,1547700
2006-03-21,15.614890199532272,15.614890199532272,15.318028049605509,15.384821891784668,1138300
2006-03-22,15.33286897720995,15.49614200100734,15.288340228091283,15.318025588989258,1074700
2006-03-23,15.318033354687664,15.414514011491022,15.214132415555554,15.3477201461792,1822100
2006-03-24,15.34770814549196,15.436765619242443,15.251227564128746,15.332864761352539,1212900
2006-03-27,15.251234950638208,15.325450491736516,15.147334042426804,15.236392974853516,917600
2006-03-28,15.236391262359469,15.2883417106262,15.125067255452414,15.177019119262695,1050900
2006-03-29,15.139909534430513,15.503564061163056,15.110224172831655,15.392241477966309,793100
2006-03-30,15.362563541924967,15.481307876802845,15.295769676613144,15.3477201461792,549900
2006-03-31,15.3477175622562,15.392246326452565,15.184443067629713,15.199286460876465,1199800
2006-04-03,15.251228845726464,15.496139042435223,15.139906286412147,15.303180694580078,1563600
2006-04-04,15.362561288486637,15.436775425241205,15.295767432972388,15.32545280456543,1622300
2006-04-05,15.325452742121108,15.459040452605295,15.243816908914928,15.362561225891113,1415800
2006-04-06,15.295758887859732,15.303180580497777,14.55360661057269,14.620400428771973,4610200
2006-04-07,14.620400037677218,14.805938102035848,14.15284332278934,14.264165878295898,3099000
2006-04-10,14.308701724600322,14.479396471978303,14.279014943033548,14.457131385803223,1698900
2006-04-11,14.620407588267687,14.620407588267687,14.293860030001605,14.308703422546387,1934700
2006-04-12,14.375494857999291,14.40518022255712,14.256749153137207,14.256749153137207,1493800
2006-04-13,14.308699831287901,14.345806887792746,14.093474940038098,14.108318328857422,5041500
2006-04-17,14.175112575010306,14.330963915512738,14.130583822801542,14.145425796508789,4792300
2006-04-18,14.27901559815149,14.286437293883688,14.034105301163804,14.138006210327148,2368800
2006-04-19,14.138004425693047,14.546189146176694,14.138004425693047,14.412601470947266,2273200
2006-04-20,14.312021470410663,14.312021470410663,14.036361246072389,14.230069160461426,3410800
2006-04-21,14.528086471989624,14.587688821187273,14.30457801775647,14.416332244873047,3785300
2006-04-24,14.393983854196565,14.595142357874861,14.349282438167743,14.52808952331543,2152900
2006-04-25,14.528080680848412,14.796291855840316,14.468478355409268,14.76648998260498,2518600
2006-04-26,14.826095140100483,15.034704029501375,14.796294682204241,14.990002632141113,2015400
2006-04-27,14.82608827994081,15.191152601700091,14.82608827994081,15.161352157592773,1996900
2006-04-28,15.05705228951368,15.243309748341103,15.01980136616085,15.131555557250977,1996300
2006-05-01,14.893151514284627,15.086859510623903,14.744146347045898,14.744146347045898,3622700
2006-05-02,14.900597025630764,15.057052612304688,14.833544225332894,15.057052612304688,2018600
2006-05-03,14.90059757232666,15.124105967498872,14.855896177498563,14.90059757232666,2180700
2006-05-04,14.01401230911588,14.04381418782359,12.96352024220955,13.850106239318848,11967500
2006-05-05,13.663843460578748,14.095960587009026,13.663843460578748,13.999107360839844,3971000
2006-05-08,14.006563025676076,14.081066307723356,13.492493363716854,13.507392883300781,5982000
2006-05-09,13.507390369099323,13.68619878114301,13.485040383367597,13.626596450805664,3624100
2006-05-10,13.604242018166916,13.701095250536001,13.507387364766501,13.67874526977539,2687500
2006-05-11,13.59679604391491,13.634046971512916,13.485041840089092,13.499942779541016,2336600
2006-05-12,13.47013573504273,13.529738048962027,13.268977392678377,13.283878326416016,2324000
2006-05-15,13.209380913422027,13.358387474552995,13.179580453814964,13.2615327835083,3406900
2006-05-16,13.224281334464793,13.447789746352877,13.187030406160721,13.388187408447266,4715900
2006-05-17,13.37328477444662,13.380733821546722,12.941167570034413,12.956067085266113,6172000
2006-05-18,12.844311104388934,13.097621301219368,12.799609722898651,12.993317604064941,3867300
2006-05-19,13.015668799730982,13.038020203079002,12.799610918159157,12.851762771606445,4340000
2006-05-22,12.777265609279654,13.023125479251805,12.725113730957093,12.978424072265625,3592100
2006-05-23,13.015667721071363,13.067820991227933,12.82941030503469,12.970966339111328,2997500
2006-05-24,12.926264821313868,13.172124551057372,12.79215925581172,12.993317604064941,2979500
2006-05-25,13.023118051381365,13.112522235393229,12.911363887140007,12.993317604064941,1157500
2006-05-26,13.105076526099756,13.358386814894402,12.993322321286074,13.313685417175293,2569500
2006-05-30,13.246631215917501,13.291332608931942,13.119976084850205,13.187028884887695,1960800
2006-05-31,13.209379814688036,13.388186820553202,13.157227948939667,13.380736351013184,1672100
2006-06-01,13.365833578746152,13.552091008802693,13.276429387065189,13.54464054107666,2356300
2006-06-02,13.499939155751887,13.596792394127466,13.417985431796957,13.54464054107666,1360100
2006-06-05,13.544644862279934,13.544644862279934,13.254083633422852,13.254083633422852,1485000
2006-06-06,13.2615327835083,13.328585593914049,13.052925303163207,13.2615327835083,1992800
2006-06-07,13.31368508056317,13.708550022323532,13.187029939368092,13.485041618347168,2210600
2006-06-08,13.477583212753867,13.58933734893799,13.239174009952823,13.589337348937988,2154500
2006-06-09,13.574446137410112,13.58189660796083,13.388188636738025,13.537195205688477,1525600
2006-06-12,13.566995814124024,13.611698637913564,13.395639252693362,13.514843940734863,1555500
2006-06-13,13.440341287045205,13.507392676727214,13.291334725229458,13.395638465881348,2380600
2006-06-14,13.395635695729283,13.485039898536757,13.17212732025799,13.209378242492676,1874200
2006-06-15,13.291332415958477,13.708548727109669,13.291332415958477,13.656396865844727,1074200
2006-06-16,13.522287959131937,13.656393524447404,13.447784709397643,13.529738426208496,2225100
2006-06-19,13.58934356441557,13.827752876259979,13.216828659400784,13.365835189819336,2885600
2006-06-20,13.373289116668547,13.671300833537492,13.373289116668547,13.537195205688477,2178000
2006-06-21,13.581894802219097,13.656398076788955,13.440340143671312,13.447789192199707,931500
2006-06-22,13.455236961225175,13.455236961225175,13.298781394958496,13.298781394958496,1328600
2006-06-23,13.25407888668821,13.388183037419099,13.134872828764038,13.350932121276855,915900
2006-06-26,13.313678289800535,13.492485205985888,13.298777358193993,13.440333366394043,810000
2006-06-27,13.388185227076027,13.499940835843269,13.187028257564503,13.209378242492676,1211200
2006-06-28,13.26152613742143,13.373281712778676,13.187024315224829,13.231725692749023,978100
2006-06-29,13.343483067593622,13.522290041877561,13.268979806384102,13.477588653564453,1015900
2006-06-30,13.529744294224539,13.589346635655982,13.462691482485178,13.507392883300781,1515700
2006-07-03,13.544645823261224,13.574446284755613,13.254084573789063,13.514843940734863,1091400
2006-07-05,13.455241358546091,13.507393231012122,13.172130584716797,13.172130584716797,1471100
2006-07-06,12.74000699178862,13.015667159859394,12.404743088966057,12.933714866638184,3300300
2006-07-07,12.963522173824725,12.963522173824725,12.732563263553361,12.8145170211792,1510100
2006-07-10,12.814512342437789,12.874114665940832,12.71020721053385,12.72510814666748,1148900
2006-07-11,12.747460094111053,12.799611951769775,12.486699384785906,12.665506362915039,1783100
2006-07-12,12.665508720822004,12.69531059990744,12.360046565355312,12.40474796295166,2366100
2006-07-13,12.412195696882248,12.538850813014987,12.263189176362031,12.285540580749512,1768700
2006-07-14,12.307891167928407,12.315341635562877,12.15143418966732,12.263188362121582,1320200
2006-07-17,12.285543040279707,12.404747712147714,12.203589295483534,12.225940704345703,1079900
2006-07-18,12.233388675761484,12.404745178949716,12.143984479601999,12.218487739562988,1427900
2006-07-19,12.263193979044752,12.64315947625034,12.263193979044752,12.58355712890625,1551900
2006-07-20,12.58355548683009,12.740012516336682,12.561205497637625,12.568655967712402,914000
2006-07-21,12.591000162167878,12.66550340759527,12.494146937834119,12.50159740447998,1882000
2006-07-24,12.538849582111837,12.598451900262635,12.404744011014701,12.427095413208008,1104200
2006-07-25,12.471796968660088,12.516498352632178,12.322791881742667,12.374943733215332,1908700
2006-07-26,12.382399538053967,12.516503747774822,12.34514718449374,12.479252815246582,1972200
2006-07-27,12.482990433015257,12.497958389750988,12.213572921463788,12.236024856567383,2159900
2006-07-28,12.265960440939075,12.34828278293401,12.16867156829119,12.183639526367188,1458000
2006-07-31,12.153706095131142,12.288414890511238,12.086351697441094,12.146222114562988,2332200
2006-08-01,12.168672842999614,12.415638467431833,12.131252943889766,12.408154487609863,2135900
2006-08-02,12.453056897771152,12.59524965907007,12.295897604301185,12.42312240600586,1614000
2006-08-03,12.685056809149216,12.692539362006801,12.310866359645384,12.475509643554688,4615500
2006-08-04,12.572797554565106,12.647635924130304,12.258477544329821,12.31086540222168,2077500
2006-08-07,12.333316251982872,12.333316251982872,12.153705016556698,12.19112491607666,1708500
2006-08-08,12.258477315893739,12.31834772494558,12.14622047734943,12.22105884552002,1602100
2006-08-09,12.423118976632553,12.954468548741604,12.415634998901368,12.647632598876953,7142500
2006-08-10,12.647634463251112,12.88711607625961,12.557829572084431,12.84221363067627,1747400
2006-08-11,12.782341557979558,12.857179909126163,12.640148833543291,12.75240707397461,1922500
2006-08-14,12.864664098519658,12.969436935394013,12.62518251285093,12.670084953308105,1739400
2006-08-15,12.976923958300901,13.238857539370168,12.939505487043798,13.14156723022461,2353100
2006-08-16,13.186468006766978,13.418465614318848,13.186468006766978,13.418465614318848,1392400
2006-08-17,13.41846411012992,13.642977714538574,13.403496155856626,13.642977714538574,1375700
2006-08-18,13.642986414250066,13.657954378067968,13.493311058341835,13.605567932128906,1907200
2006-08-21,13.605567932128906,13.635502432341115,13.530729540462993,13.605567932128906,1118300
2006-08-22,13.613044567631492,13.710333425097824,13.568140700410577,13.680398941040039,1659500
2006-08-23,13.680400668744415,13.755237602051483,13.61304628682965,13.74775505065918,1321100
2006-08-24,13.815102969599485,13.852522850036621,13.777684516584833,13.852522850036621,1573800
2006-08-25,13.845043539652762,13.889945983886719,13.76272120237137,13.889945983886719,1383900
2006-08-28,13.889947972717344,14.106979101199151,13.860013481416196,14.032140731811523,1388000
2006-08-29,14.084521682619966,14.144392069353062,13.957296932384311,14.121941566467285,1470500
2006-08-30,14.181811953200382,14.181811953200382,14.054587202964726,14.121941566467285,1104800
2006-08-31,14.13690937535993,14.18181324005127,14.032136545925631,14.18181324005127,1929500
2006-09-01,14.211745687446365,14.234197616577148,14.129423374722702,14.234197616577148,1199900
2006-09-05,14.219236871711166,14.27162330548238,14.159366457769313,14.211752891540527,1693600
2006-09-06,14.189296628698475,14.256651002293543,13.96478300166347,14.039621353149414,1290900
2006-09-07,13.994719331970154,14.092008192616932,13.957299441396108,14.062073707580566,1123700
2006-09-08,14.099493838704111,14.174332201282724,13.949817113546889,14.151880264282227,977500
2006-09-11,14.15936714851639,14.189301643236002,14.077044790046623,14.13691520690918,1333500
2006-09-12,14.189298155626014,14.391361298155475,14.144395710871573,14.368910789489746,1314600
2006-09-13,14.271622657775879,14.361428988324501,14.241688165875138,14.271622657775879,1005700
2006-09-14,14.286592682039268,14.32401115917846,14.174335823198291,14.21923828125,1057900
2006-09-15,14.368909640639556,14.443746566772463,14.294071287083783,14.443746566772461,1644700
2006-09-18,14.443748547646306,14.481168443267542,14.189298967114157,14.241686820983887,1076800
2006-09-19,14.241690223987558,14.241690223987558,14.144399899548214,14.21923828125,881800
2006-09-20,14.316519413269479,14.451228141784666,14.294068910132033,14.451228141784668,1584600
2006-09-21,14.451231700302392,14.451231700302392,14.33149089600856,14.368910789489746,839300
2006-09-22,14.331491887126653,14.383878314200203,14.241686991407162,14.353943824768066,649500
2006-09-25,14.421304914972916,14.56349630387309,14.353950498157573,14.503625869750977,1122000
2006-09-26,14.57845585563063,14.802970924582516,14.458715056492125,14.788002967834473,1829300
2006-09-27,14.735609869057358,14.758060366582846,14.50361092686398,14.578449249267578,1250100
2006-09-28,14.62336003791011,14.69071298986765,14.578456166707815,14.668262481689453,1050300
2006-09-29,14.698198834898838,14.750585263864354,14.473685160068586,14.511103630065918,1134600
2006-10-02,14.518586259792553,14.570972683887833,14.368910966295042,14.481167793273926,1063900
2006-10-03,14.458714216613073,14.720647734796929,14.428779732278745,14.56348705291748,1517300
2006-10-04,14.578457940470914,14.89277794001558,14.39136273663297,14.885293960571289,1542300
2006-10-05,14.892773721956711,14.930193608579794,14.68322806655833,14.855355262756348,1973100
2006-10-06,14.855358753116354,15.020002010673725,14.802972326958239,14.975099563598633,1050000
2006-10-09,14.967609338469849,14.99754524230957,14.862836529875748,14.99754524230957,721200
2006-10-10,14.967618267022795,14.967618267022795,14.668266187167003,14.705684661865234,1050400
2006-10-11,14.705678478565021,14.907741582789901,14.660776042322619,14.892773628234863,947700
2006-10-12,14.967615847688418,14.997551764546873,14.802972587236155,14.877809524536133,947900
2006-10-13,14.98258298579623,16.898437309725665,14.960131049381669,16.25482940673828,12715000
2006-10-16,16.015353817458866,16.022837799078168,15.64116330103495,15.8132905960083,3793400
2006-10-17,15.955471874259239,16.037794185222584,15.52889522185375,15.5962495803833,2485600
2006-10-18,15.671101833541504,15.693552354709288,15.521425031111985,15.58877944946289,1404900
2006-10-19,15.596260981116645,15.596260981116645,15.416649702884369,15.454068183898926,1613600
2006-10-20,15.543868844126136,15.6187072061709,15.40167609898339,15.431612014770508,1067000
2006-10-23,15.44657865647254,15.611223339641239,15.356773763310558,15.566319465637207,856700
2006-10-24,15.491486940281856,15.491486940281856,15.17716686989452,15.199617385864258,1512400
2006-10-25,15.274447641646008,15.364253940006002,15.079868518051594,15.19212532043457,1331300
2006-10-26,15.255978989322278,15.436256269573352,15.210910027438626,15.383675575256348,1375100
2006-10-27,15.37616227015938,15.37616227015938,15.068188435473594,15.083211898803711,1283200
2006-10-30,15.098228651206316,15.331086498456154,14.947996950113444,15.180854797363281,1647900
2006-10-31,15.12076974267658,15.173351866481987,14.81279589539824,14.857866287231445,1518900
2006-11-01,14.978050479193683,15.398697422250693,14.880399400536321,14.993072509765625,2179600
2006-11-02,15.323584722823767,15.721697986394128,15.195888123770377,15.496350288391113,2805600
2006-11-03,15.496339764743707,15.56394388496263,15.090716476145813,15.210901260375977,1763700
2006-11-06,15.210910454070182,15.609023687905271,15.143306292990328,15.60151195526123,1448400
2006-11-07,15.548929624741637,15.691648231824242,15.368650925671185,15.398697853088379,1606600
2006-11-08,15.406206929895196,15.541415214538574,15.323579326453999,15.541415214538574,1487700
2006-11-09,15.639068130324361,15.639068130324361,15.361141204833984,15.361141204833984,1020000
2006-11-10,15.503859233615847,15.616533778713968,15.308558503553153,15.398697853088379,747700
2006-11-13,15.443765985151574,15.578974285861673,15.353628073155694,15.421232223510742,698000
2006-11-14,15.421232223510742,15.578974285861673,15.255976996991164,15.421232223510742,1478000
2006-11-15,15.481323770631223,15.706669970647539,15.451276846513743,15.57146167755127,1291000
2006-11-16,15.684140223486489,15.856907231718651,15.631559520739756,15.774279594421387,1269100
2006-11-17,15.699163925631652,15.894464704981845,15.699163925631652,15.759256362915039,1195300
2006-11-20,15.661595009563305,15.721687402031254,15.458782647715603,15.684128761291504,1287000
2006-11-21,15.766765141563303,15.804323803273899,15.496348508112803,15.51888370513916,839000
2006-11-22,15.48883639015046,15.60902122808218,15.421232239724333,15.451277732849121,765300
2006-11-24,15.428745969856466,15.473814931740119,15.383675575256348,15.383675575256348,393500
2006-11-27,15.353624930065884,15.376158687093756,14.978047030630819,15.000580787658691,1606900
2006-11-28,15.000575430970935,15.15831883741599,14.993063703738743,15.008087158203125,1644100
2006-11-29,15.120771066780485,15.233445623513864,15.038144873283578,15.17335319519043,1203400
2006-11-30,15.173352797988327,15.428745969856466,15.083213441504558,15.383675575256348,2066100
2006-12-01,15.398697009341657,15.428743935112477,15.008095570618645,15.143303871154785,1572500
2006-12-04,15.21090633252861,15.323579426226338,15.12827872854942,15.316067695617676,865000
2006-12-05,15.308559683639283,15.383675575256348,15.278514186622338,15.383675575256348,608500
2006-12-06,15.383679627271109,15.48133074190924,15.293541679761741,15.368656158447266,879500
2006-12-07,15.361141204833984,15.458790857183368,15.323582544148522,15.361141204833984,603300
2006-12-08,15.398702026485827,15.488841400450868,15.316074386410934,15.406213760375977,766700
2006-12-11,15.398702390614806,15.496352068062347,15.271005776896159,15.443771362304688,2327300
2006-12-12,15.428737865850088,15.481318532548887,15.323575099736775,15.413714408874512,878600
2006-12-13,15.50386221691377,15.526397416812953,15.323584915870194,15.331096649169922,731500
2006-12-14,15.270998130473098,15.406206410558662,15.045651952141199,15.105744361877441,3158900
2006-12-15,15.398694310758708,15.7066680823566,14.948000532193298,15.09823226928711,1985800
2006-12-18,15.173351519936729,15.263489436111714,15.060676975643476,15.15832805633545,711000
2006-12-19,15.105749894028271,15.278515456202076,15.090726427913179,15.271003723144531,1109000
2006-12-20,15.263492839720097,15.391189443373365,15.233447338534033,15.338608741760254,650800
2006-12-21,15.338606613372695,15.428745969856466,15.293537651489045,15.383675575256348,1102600
2006-12-22,15.428744418889245,15.436254717851163,15.248465724044134,15.391185760498047,898000
2006-12-26,15.391183468775687,15.586484165180996,15.35362624869302,15.541415214538574,701800
2006-12-27,15.616531522837148,15.721692888173592,15.541415647861339,15.669112205505371,911600
2006-12-28,15.624041820890195,15.691645965096809,15.59399633052956,15.669112205505371,826600
2006-12-29,15.661604744855854,15.699161976225623,15.586488849399776,15.609024047851562,1203600
2007-01-03,15.969576068985283,15.969576068985283,15.42874428721458,15.616533279418945,1683100
2007-01-04,15.616536284990197,15.744231448857823,15.518885187928783,15.699162483215332,1381000
2007-01-05,15.706672702678025,15.804323790329144,15.488838195800781,15.488838195800781,1444900
2007-01-08,15.481324212940496,15.571462122435829,15.45127728796456,15.511369705200195,1540500
2007-01-09,15.496347501761548,15.548929624741637,14.917958476144122,15.398697853088379,1559900
2007-01-10,15.30856131595549,15.35363171536136,15.240958582279923,15.278515815734863,1186500
2007-01-11,15.28602591905569,15.473814931740119,15.28602591905569,15.383675575256348,2150000
2007-01-12,15.331098919104504,15.406214830506872,15.255983007702135,15.368656158447266,1454600
2007-01-16,15.353632575440352,15.488840915798818,15.323585640819939,15.376166343688965,1484500
2007-01-17,15.3235743165023,15.361132957021503,15.173344052572416,15.210901260375977,2772400
2007-01-18,15.301049561042042,15.33860679092709,15.203398470994543,15.218421936035156,1531500
2007-01-19,15.248464072526353,15.293534457714346,15.165837898447366,15.188371658325195,1505300
2007-01-22,15.150812947455137,15.203393625623162,15.045651591119084,15.09823226928711,2000600
2007-01-23,15.120767513259372,15.203395120054527,15.075698560787545,15.188371658325195,1336000
2007-01-24,15.17335454802553,15.346120115769379,15.128284148227165,15.331096649169922,1545600
2007-01-25,15.334863626102237,15.334863626102237,15.063449652471936,15.138842582702637,2258800
2007-01-26,15.13884200588679,15.191616623637314,14.97297871609936,15.033292770385742,1975500
2007-01-29,14.98805583934523,15.206695180334895,14.920203787935131,15.025753021240234,2021400
2007-01-30,15.870149982339806,16.774862228278618,15.794758493511965,16.601459503173828,8158800
2007-01-31,16.62407574787556,16.65423349267009,16.43559415691098,16.586380004882812,1978600
2007-02-01,16.58638094244491,16.669313307317296,16.412978214075835,16.608999252319336,2300900
2007-02-02,16.59391975402832,16.79748022122914,16.563762008665037,16.59391975402832,3241900
2007-02-05,16.510984243776026,16.624072891322403,16.473288507260623,16.563758850097656,1158700
2007-02-06,16.631616611660355,16.955805206026444,16.563763118048822,16.850255966186523,2081800
2007-02-07,16.850259137229507,17.24983929924919,16.789945069113283,17.05381965637207,2559200
2007-02-08,16.58638063020807,16.737166483864698,16.510987703379758,16.601459503173828,2039600
2007-02-09,16.60899599710609,16.759780386048362,16.390356691839497,16.40543556213379,1066400
2007-02-12,16.47329108403166,16.586379749267497,16.34512354663094,16.46575164794922,1736500
2007-02-13,16.54869135671449,16.6391617538841,16.43560120325092,16.631622314453125,929300
2007-02-14,16.624076965721382,16.789941698241392,16.624076965721382,16.684391021728516,862800
2007-02-15,16.608989238677452,16.729617275946136,16.435585176854044,16.541135787963867,1291300
2007-02-16,16.47329532407548,16.646698084602402,16.458216448029457,16.53360939025879,924600
2007-02-20,16.55622455000186,16.57884286172613,16.367742932968138,16.480833053588867,912800
2007-02-21,16.360199114598394,16.510983491792786,16.330041376359453,16.420513153076172,910500
2007-02-22,16.412976592096392,16.563760995690078,16.322504799539892,16.397897720336914,578600
2007-02-23,16.33758622821394,16.428058034929734,16.262193295617543,16.36774253845215,1360100
2007-02-26,16.352657331452306,16.473285391083127,16.224489838344567,16.30742073059082,2209200
2007-02-27,16.23203621493438,16.428057255180743,15.749522332020051,15.809836387634277,2199200
2007-02-28,15.802295974901888,16.2169563398886,15.749521359249135,16.141563415527344,2607100
2007-03-01,15.953079317695403,16.19433548735428,15.696744277932794,16.126482009887695,1882200
2007-03-02,16.073709530488316,16.111406710738287,15.922925123489597,15.98323917388916,1424500
2007-03-05,15.930471916510541,16.103876165393483,15.734452222992754,15.907855033874512,1600600
2007-03-06,15.98323987826461,16.156642601055108,15.83999346300268,16.14910316467285,1920900
2007-03-07,16.036016814290676,16.232037874579216,15.9530844400915,16.21695899963379,1448800
2007-03-08,16.307426056023868,16.55622169001035,16.239574008573346,16.45821189880371,1877100
2007-03-09,16.586384018419093,16.66177696064842,16.465755886052467,16.53360939025879,1276100
2007-03-12,16.96334464287223,17.03873757332955,16.624077174814566,16.850255966186523,2045400
2007-03-13,16.699467778907835,16.752242391475885,16.41297640868112,16.450672149658203,1882300
2007-03-14,16.450672775784334,16.5336051346908,16.118944778158873,16.46575164794922,1832400
2007-03-15,16.48837337916696,16.842718320601016,16.420519878339057,16.78994369506836,1056300
2007-03-16,16.759783951237562,16.940726119258958,16.654234712725213,16.684391021728516,1808000
2007-03-19,16.71455079045053,17.04627885761438,16.71455079045053,16.963346481323242,749100
2007-03-20,16.97088297978026,17.099050521850586,16.880411181495138,17.099050521850586,1335400
2007-03-21,17.091512434385777,17.58156433227145,16.985963193056712,17.476015090942383,1577200
2007-03-22,17.460938473691773,17.5891060424417,17.310152591162183,17.43832015991211,1420100
2007-03-23,17.415697676376716,17.619258120846123,17.378000498882223,17.543865203857422,1321400
2007-03-26,17.49862859086403,17.641874989342533,17.28753014889601,17.543865203857422,811800
2007-03-27,17.51371094356917,17.51371094356917,17.249836400650878,17.317689895629883,1185300
2007-03-28,17.197054587667072,17.219672889201036,16.918102725414673,16.9859561920166,1725800
2007-03-29,17.43831914953752,17.43831914953752,17.06135590305551,17.287534713745117,1674600
2007-03-30,17.2649152403789,17.45339685094636,17.031198445915415,17.362926483154297,1807400
2007-04-02,17.34784885041435,17.664498036343716,17.212141851015957,17.634340286254883,1695700
2007-04-03,17.679570047483093,18.169621792163838,17.611716574127286,18.154542922973633,2479600
2007-04-04,18.169621792163838,18.33548503925575,18.048993714642428,18.154542922973633,2072000
2007-04-05,18.07161739902926,18.07161739902926,17.86051890271728,17.90575408935547,1951700
2007-04-09,17.981147064681977,18.109314625434873,17.943449877401328,18.07915687561035,1641500
2007-04-10,18.05654000124262,18.116854062891004,17.875596378296816,18.07915687561035,1500600
2007-04-11,18.05653934257661,18.207323772196922,17.905753474955684,18.10931396484375,1456400
2007-04-12,18.124389465315744,18.17716407775879,17.837896657767303,18.17716407775879,2375100
2007-04-13,18.833083045875227,18.833083045875227,17.898214387176928,18.29025650024414,1536600
2007-04-16,18.154551726450393,18.52397557275016,18.02638415218306,18.471200942993164,1546100
2007-04-17,18.621980614892937,18.878315677847766,18.621980614892937,18.735069274902344,1998800
2007-04-18,18.735070370407357,18.885854779903344,18.63705913813457,18.77276611328125,1069300
2007-04-19,19.41360253719715,19.41360253719715,18.569204434897948,18.674755096435547,2264000
2007-04-20,18.900929720163553,19.07433240210998,18.66721299936619,19.04417610168457,2279700
2007-04-23,19.044185664014805,19.24774618659711,18.787850510689125,18.825546264648438,1872200
2007-04-24,19.06680145670903,19.06680145670903,18.56167065527702,18.742612838745117,1813300
2007-04-25,19.10450054453089,19.225128687924855,18.818007625469544,19.179893493652344,1427700
2007-04-26,18.798032108341758,19.18367170779496,18.760223456089907,18.828277587890625,2484300
2007-04-27,18.80559365213516,18.911454992884376,18.692169138758025,18.858524322509766,1402500
2007-04-30,18.903893544184292,19.017316616998876,18.729978069718427,18.813154220581055,2031300
2007-05-01,18.82071663447794,18.843401826765636,18.518254615238657,18.699731826782227,1887000
2007-05-02,18.639238560812068,18.987070948538424,18.5938696205878,18.843400955200195,2300600
2007-05-03,20.26496472268379,21.3235834667622,19.591986858957032,20.665727615356445,9539400
2007-05-04,20.62036005120366,21.13454600251563,20.582551412282427,20.847206115722656,5622600
2007-05-07,20.756473466896608,20.869896527571772,20.522064173615135,20.688419342041016,2047200
2007-05-08,20.567433494144,20.68085654898714,20.385954875692104,20.544748306274414,3158400
2007-05-09,20.52205995074614,20.52205995074614,20.25740667771319,20.43132209777832,3336900
2007-05-10,20.340587910138503,20.40108030805759,19.97007179260254,19.97007179260254,2384300
2007-05-11,19.992756349317297,20.355710725333793,19.992756349317297,20.317903518676758,1994800
2007-05-14,20.46156830983105,20.680854106582256,20.098614000296877,20.2195987701416,2230900
2007-05-15,20.333031152942823,20.49938636959501,20.13643045106026,20.181800842285156,2066800
2007-05-16,20.20448406749869,20.537193049853148,20.12886963527286,20.499385833740234,2554700
2007-05-17,20.63549348037659,20.71110791026103,20.529630682483333,20.680862426757812,2095000
2007-05-18,20.69598476331744,20.718668514147154,20.461575428223753,20.55231475830078,2852100
2007-05-21,20.552311275481998,20.78671912859993,20.49938060951206,20.658172607421875,3113000
2007-05-22,20.63548513928479,20.74134645213493,20.4918151845223,20.64304542541504,1434000
2007-05-23,20.65061040950989,20.703541074279848,20.317902961740884,20.333024978637695,1225300
2007-05-24,20.333022641722636,20.42376194393689,20.151545479546407,20.159107208251953,1263000
2007-05-25,20.151546226411696,20.196915158074166,20.000315973452686,20.030561447143555,1065700
2007-05-29,19.478573130181523,19.735666211610567,19.183672836528732,19.667612075805664,2897700
2007-05-30,19.67517322691772,20.015442453662583,19.66761149624526,20.000320434570312,2417400
2007-05-31,20.07593301416633,20.136425411741218,19.939826201312233,20.06837272644043,1965600
2007-06-01,20.068373238431334,20.174234576325023,19.977633918627774,20.14398765563965,1351000
2007-06-04,20.01544457466695,20.121307373046875,19.939830144434904,20.121307373046875,1145000
2007-06-05,19.95494807552257,20.121303249346653,19.886893948458628,19.93226432800293,1446500
2007-06-06,19.932266662455053,19.932266662455053,19.53906531386806,19.546627044677734,1878700
2007-06-07,20.07592786126959,20.181790611543196,19.213911056518555,19.213911056518555,1212100
2007-06-08,19.16854915771009,19.55418877548741,19.1004950226757,19.546627044677734,1443400
2007-06-11,19.448322343978017,19.781031226028098,19.35002274636789,19.68273162841797,1350700
2007-06-12,19.52394288680948,19.712981840310352,19.455888748168945,19.455888748168945,2027000
2007-06-13,19.584437428246225,19.728107452392578,19.4483291361342,19.728107452392578,2022800
2007-06-14,19.72810270699284,19.84908750593452,19.712979246561986,19.80371856689453,1772500
2007-06-15,19.98519800644276,20.03812868163381,19.81128251874282,19.909582138061523,2089900
2007-06-18,19.833959489820217,19.879329860691602,19.501252090276797,19.849082946777344,1038700
2007-06-19,19.849084278241342,20.083492107791827,19.811277075564675,20.030561447143555,1748000
2007-06-20,20.038126787184627,20.13642639720986,19.788595454694693,19.82640266418457,1356100
2007-06-21,19.826406230572893,19.849091425699005,19.440766566946113,19.788599014282227,1096400
2007-06-22,19.66004546315478,19.75078476911422,19.493691751523546,19.523937225341797,1648400
2007-06-25,19.486133575439453,19.826402789761328,19.191231858990704,19.486133575439453,1477100
2007-06-26,19.63736401880841,19.6524874797261,19.31977855079993,19.539064407348633,1557000
2007-06-27,19.334904946712374,19.614683247148946,19.145865983303374,19.599559783935547,1048400
2007-06-28,19.60711806866091,19.9095800684927,19.41807913848447,19.85664939880371,2127800
2007-06-29,19.879325667662908,19.947378325111572,19.644916461026668,19.74321746826172,1696000
2007-07-02,19.811279369593613,19.93226416287108,19.796155909870805,19.87933349609375,2054400
2007-07-03,19.894450236619953,20.05324363708496,19.788588931144698,20.05324363708496,1510000
2007-07-05,20.068368745899004,20.106175946039592,19.773467104243935,19.849082946777344,804300
2007-07-06,20.227164698939227,20.227164698939227,19.682733121580554,19.83396339416504,975600
2007-07-09,19.841527255456505,20.00032071731778,19.720542447492043,19.9549503326416,1081100
2007-07-10,19.84908803351081,19.84908803351081,19.319778442382812,19.319778442382812,1719600
2007-07-11,19.281966160718014,19.471005044646624,19.21391204712354,19.372705459594727,3252600
2007-07-12,19.5239385865316,19.96250880436549,19.372708322392036,19.9398250579834,1820400
2007-07-13,19.95495098722802,20.045690317304246,19.72810482541654,19.924705505371094,1267900
2007-07-16,19.84908250814728,20.000314189872142,19.667605355428773,19.675167083740234,1309200
2007-07-17,19.765913706322102,19.811284096315326,19.5088205987052,19.652490615844727,899100
2007-07-18,19.463439217228757,19.599547415753392,19.115608436334174,19.508808135986328,3091800
2007-07-19,19.622241299349138,19.77347157636714,19.50881678876993,19.73566436767578,1061400
2007-07-20,19.712973841232852,19.712973841232852,19.160980667137277,19.334896087646484,2748800
2007-07-23,19.433203065430014,19.63736401880841,19.334902011717624,19.539064407348633,1382800
2007-07-24,19.251720413519852,19.34245971789469,18.65435825408089,18.76021957397461,2257800
2007-07-25,18.97951231929053,19.23660542632357,18.767788159894838,19.04000473022461,2336800
2007-07-26,18.967944143458382,18.967944143458382,17.898579965000177,18.459806442260742,3259100
2007-07-27,18.36121715337718,18.467396183246137,17.830327790276712,17.85308074951172,2816400
2007-07-30,17.85307459410037,18.171607234199815,17.61038078561988,18.0654296875,2167100
2007-07-31,18.285374254578386,18.702501655440695,18.201948195781572,18.429471969604492,3003800
2007-08-01,18.019933329723035,18.308130277383047,17.3601119084786,18.194368362426758,4423500
2007-08-02,19.074126309252115,19.878045355287725,18.694919021010282,19.331987380981445,4560600
2007-08-03,19.347163182167716,19.468509443603626,17.936511084773336,17.966848373413086,3841400
2007-08-06,18.141272000936,19.476081481371498,18.02751013341447,19.422992706298828,4226100
2007-08-07,19.27131532716298,19.506423453699874,18.70250436367751,18.92244529724121,4502500
2007-08-08,18.975531695379544,19.074124946793095,17.580048858603632,18.368799209594727,5476300
2007-08-09,18.080599259138538,18.1640253053339,16.70028529423703,17.655887603759766,4696000
2007-08-10,17.557297871938246,18.429474381133076,17.22359503964628,18.103357315063477,2360300
2007-08-13,18.4446463749955,19.1423879985623,18.156449408256776,18.201953887939453,2318700
2007-08-14,18.459811503505204,18.70250394436808,18.0806042030167,18.141277313232422,2970000
2007-08-15,18.14886843493954,18.869361707968537,17.921343101434392,18.073026657104492,3787600
2007-08-16,18.07301848699949,18.67974954227732,17.299435306599555,18.156444549560547,3098300
2007-08-17,18.520486753357584,18.96795153535366,17.936507095964576,18.84660530090332,3115000
2007-08-20,18.79351394339079,18.93761167306538,18.308127625165838,18.755592346191406,2280900
2007-08-21,18.588743694804887,19.01345550404282,18.550822093450762,18.831436157226562,1526700
2007-08-22,19.013457006161033,19.081714447429814,18.83143764496472,18.990705490112305,2866200
2007-08-23,19.021043142668663,19.104469233640827,18.831439442503882,18.93003273010254,2725400
2007-08-24,18.960362672260953,19.203055083016153,18.73283889881817,19.1803035736084,1374400
2007-08-27,19.165137943779154,19.324404320869753,18.884523895707638,18.89969253540039,1402100
2007-08-28,18.839019743331338,18.884524216621777,17.966843198032155,17.99717903137207,1942800
2007-08-29,18.141276937171618,18.801098262830664,18.042683677575265,18.755592346191406,1558800
2007-08-30,18.581158233771664,18.70250445753263,18.330881466444527,18.497732162475586,1618600
2007-08-31,18.763182998842474,18.83902477227939,18.406728544218925,18.55841064453125,1956700
2007-09-04,18.634246932334364,19.005869921557544,18.467396237140616,18.92244529724121,1705600
2007-09-05,18.717671804339094,18.892106808127366,18.52806816198811,18.801097869873047,2439300
2007-09-06,18.785924524364894,19.36990394366042,18.414301652057006,18.520479202270508,1157400
2007-09-07,18.270211170004163,18.52048797589896,18.12611196462191,18.2398738861084,1398100
2007-09-10,18.353636547256784,18.45222982299802,17.906171752957793,18.24745750427246,1651400
2007-09-11,18.45982076334682,18.482573733551487,18.10336624284438,18.31572151184082,1924400
2007-09-12,18.27779480237037,18.361219436818107,18.07302248347261,18.133695602416992,2410500
2007-09-13,18.201953042049578,18.270210481682167,17.997180723151818,18.133695602416992,1646800
2007-09-14,17.982011740059498,18.156448219450844,17.860665504476703,18.08060646057129,1071800
2007-09-17,17.98200933925533,18.019930936912758,17.799990010182803,17.95167350769043,889800
2007-09-18,18.11852969680675,18.61150049004627,18.0881938560347,18.60391616821289,2486700
2007-09-19,18.717671804339094,18.975532873661315,18.588741269677985,18.801097869873047,3147100
2007-09-20,18.85419078399506,18.85419078399506,18.43706181160926,18.45223045349121,1624300
2007-09-21,18.467400274031682,18.8162703802149,18.383974184917697,18.573577880859375,3206300
2007-09-24,18.4977349518785,18.588745356703868,18.330884230686852,18.338468551635742,1807900
2007-09-25,17.93650959661153,18.391558762522305,17.792410380651475,18.323301315307617,2503400
2007-09-26,18.346048904434646,18.61907716673361,18.346048904434646,18.376384735107422,2278200
2007-09-27,18.528067886028435,18.611493950319826,18.45222614090544,18.550819396972656,2681300
2007-09-28,18.399144222219082,18.619083773968484,18.399144222219082,18.55841064453125,2738800
2007-10-01,18.649415420290314,19.03620704590401,18.565989350090966,18.960365295410156,3480800
2007-10-02,19.02103337938505,19.195468346826388,18.99069755514167,19.165132522583008,2777100
2007-10-03,19.021038406493027,19.142384628658764,18.899692184327286,18.960365295410156,1891900
2007-10-04,19.08929724199188,19.21822779335063,18.99828684538992,19.0589599609375,1218400
2007-10-05,19.22581407529526,19.597437126762404,19.195476791145456,19.460922241210938,1935700
2007-10-08,19.5519354372594,19.5519354372594,19.218232496797082,19.415420532226562,1262600
2007-10-09,19.544341552997476,19.642934799194336,19.422995351573267,19.642934799194336,2364100
2007-10-10,19.41541010150751,20.226913327051893,19.21063785396993,19.23339080810547,2171900
2007-10-11,19.1196266163769,19.61259714101823,19.1196266163769,19.165132522583008,1827200
2007-10-12,19.074125107001056,19.309233205854937,19.074125107001056,19.21063995361328,1429700
2007-10-15,19.165134769417065,19.172719088007234,18.641828359182266,18.778343200683594,1630300
2007-10-16,18.68733424132924,18.770760305586915,18.2929597706588,18.437057495117188,2444300
2007-10-17,18.823851898138045,18.823851898138045,18.39155576722421,18.61907958984375,2201100
2007-10-18,18.346048746880758,18.581156857179423,18.103356317338783,18.3005428314209,1632400
2007-10-19,17.89100611192143,18.270213530238443,17.5421345348578,17.549718856811523,2816200
2007-10-22,17.542129769283143,17.98959451706183,17.33735891840768,17.906169891357422,1623700
2007-10-23,17.84550281151363,18.520491598030357,17.70140357794928,17.959264755249023,1100200
2007-10-24,17.93650403245975,17.982008500966284,17.382861751520494,17.557296752929688,2098400
2007-10-25,17.599149444079334,17.70567360480631,17.013273090764773,17.393712997436523,1712000
2007-10-26,17.804585552089875,18.398072269289276,17.424145683663756,17.933935165405273,1637300
2007-10-29,18.070893034078985,18.07850200529751,17.41653602191453,17.492624282836914,1443000
2007-10-30,17.48501729550887,17.637193834619936,17.302406319333418,17.348058700561523,1415200
2007-10-31,17.50784563429412,17.82741523138245,17.393713946318965,17.758935928344727,1839400
2007-11-01,19.72961532065578,19.851355984120964,18.85460375777607,19.265478134155273,10362700
2007-11-02,19.28830095888042,19.577434610426472,18.778511494597925,19.105690002441406,4832400
2007-11-05,18.923073423835817,19.303513166201725,18.74807003938804,19.00676918029785,3117300
2007-11-06,19.196992554729825,19.60786824807147,18.95351130738487,19.227428436279297,3742400
2007-11-07,18.923080666825296,19.128517103376183,18.428507651437123,18.489377975463867,3514100
2007-11-08,18.504601428494347,18.732866300001128,17.987202794595092,18.37525177001953,3853700
2007-11-09,18.09372139958542,18.458943339803024,17.98719724524138,18.139373779296875,3087200
2007-11-12,17.956762618524156,18.99155810481997,17.956762618524156,18.66438102722168,5850500
2007-11-13,18.801335929065242,19.09807998690783,18.77090149695432,19.021991729736328,3799200
2007-11-14,19.295909411095977,19.402432103337645,18.885033681713253,18.923078536987305,4820500
2007-11-15,18.80894588683086,19.090472017758515,17.895891106652392,18.321983337402344,3823700
2007-11-16,18.953513437916026,19.326344321230092,17.971979367816317,18.321983337402344,3405900
2007-11-19,18.17741631586724,18.938296047146913,17.933935034059814,18.22307014465332,4194100
2007-11-20,18.26111826611908,18.47416516834525,17.7969810457843,18.093725204467773,3238900
2007-11-21,17.911111502712192,17.94915491287414,17.386104025151518,17.393712997436523,2070500
2007-11-23,17.71327998655398,17.941543316668675,17.416535915889447,17.827411651611328,832400
2007-11-26,17.83502242956749,17.911110697734827,17.378494271826483,17.42414665222168,2524200
2007-11-27,17.629581092923132,18.093718131831835,17.500231497715596,18.086109161376953,2419300
2007-11-28,18.08611037658316,18.99916512357625,18.08611037658316,18.945903778076172,3195000
2007-11-29,18.961128007183383,18.99917142336573,18.61112248299994,18.846996307373047,2055600
2007-11-30,19.021992021385646,19.645913127485045,18.725249410256133,18.900251388549805,3017500
2007-12-03,18.824161812669455,18.983947289122042,18.489374370171948,18.702421188354492,2636200
2007-12-04,18.57307074525962,18.96872848184236,18.481766006825236,18.786117553710938,2646300
2007-12-05,18.99916585607149,19.250256102582995,18.900252132223937,19.105690002441406,2252600
2007-12-06,19.09808147071165,19.43286895751953,18.968731858849264,19.43286895751953,2205200
2007-12-07,19.478520012200537,19.57743373160792,19.326343496367695,19.516563415527344,2273400
2007-12-10,19.58504183971836,19.843741034479667,19.349169556705196,19.60025978088379,2687300
2007-12-11,19.592646706442586,19.592646706442586,18.367630273208604,18.43610954284668,3501400
2007-12-12,18.885035215386566,19.181777854308752,18.010023790702537,18.405681610107422,3286400
2007-12-13,18.30676591080718,18.58829204966833,18.03285019466605,18.550247192382812,2528600
2007-12-14,18.253506738519025,18.39807431091718,17.789369583129883,17.789369583129883,2236300
2007-12-17,17.675233258059652,18.13176132118424,17.58392851619236,17.873062133789062,2192600
2007-12-18,18.063280063832053,18.13175933837529,17.355661861060344,17.781755447387695,1975700
2007-12-19,17.926323712831717,18.06328227871174,17.629581120933487,17.895889282226562,1612900
2007-12-20,18.063278690335963,18.063278690335963,17.424139810706347,17.774145126342773,1704400
2007-12-21,18.101334177896916,18.162204514066783,17.736110709614433,18.093725204467773,2454000
2007-12-24,17.96437188504386,18.573075122264704,17.96437188504386,18.542640686035156,472900
2007-12-26,18.42090202050713,18.512208248738865,18.131768291755936,18.261117935180664,829300
2007-12-27,18.261114988150506,18.36763769451055,18.078504012420566,18.131765365600586,1363400
2007-12-28,18.192628619353172,18.405675400524814,18.11654037955884,18.169801712036133,1149400
2007-12-31,18.078502888695795,18.23828693830399,17.93393533100533,18.101329803466797,1216800
2008-01-02,18.048068838468446,18.169809493773286,17.629585517265934,17.789369583129883,2104000
2008-01-03,17.812190475471144,18.01762830603493,17.621970584488956,17.86545181274414,1861700
2008-01-04,17.73610795581982,17.804587254786398,16.921966791731663,16.990446090698242,3247300
2008-01-07,17.188272283899835,17.188272283899835,16.46543599912693,16.9752254486084,2739400
2008-01-08,17.043705947780825,17.19588247683987,16.45782819754532,16.488264083862305,2522800
2008-01-09,16.381742668805867,16.823052896165642,16.3056543983101,16.77739906311035,2729700
2008-01-10,16.85348391089486,17.477404989976833,16.495870998833006,17.203489303588867,2617500
2008-01-11,17.08174355161451,17.325224733700068,16.83826091826663,17.051307678222656,1856700
2008-01-14,17.08935619539256,17.287185078,16.929572165938144,17.203489303588867,1252700
2008-01-15,16.975225223154165,17.119792768441258,16.610003325730496,16.670873641967773,1589900
2008-01-16,16.564350612054422,17.226315106166908,16.564350612054422,16.93718147277832,3657200
2008-01-17,16.7926155647954,16.944792092713325,16.039344799253815,16.084997177124023,3423600
2008-01-18,16.161085208926274,16.34369616904679,15.514337151460126,15.689340591430664,3671500
2008-01-22,15.209978072794874,16.275208875375096,14.844756332126602,15.795855522155762,3638100
2008-01-23,15.36216068267822,16.49587119756699,14.624106486508238,15.362160682678223,6053100
2008-01-24,15.457626483286688,15.92349415601495,15.281971984501105,15.870034217834473,4442800
2008-01-25,16.03804808353631,16.664295442301828,15.511083238637175,15.717287063598633,3019900
2008-01-28,15.717291410670466,15.954043206658385,15.312520989351496,15.923495292663574,4325700
2008-01-29,16.419913826212277,17.130170796879135,16.366453874729725,16.85523223876953,5673200
2008-01-30,16.755947637776018,17.573124411818473,16.748310294684355,16.939239501953125,4662400
2008-01-31,16.641382055503506,17.51965567696115,16.36644366884168,17.275266647338867,3827900
2008-02-01,17.397470588695413,17.916796829694746,17.252363977480883,17.85569953918457,2690100
2008-02-04,17.825148131019027,18.038989334258684,17.718228257736207,17.893882751464844,2853100
2008-02-05,17.275273005674975,17.680041938713543,17.19890104164017,17.259998321533203,3244800
2008-02-06,17.336371601089947,17.817512534673348,17.015610493142958,17.38983154296875,3533900
2008-02-07,17.22943720570436,17.825136371001467,17.08433217531664,17.70294189453125,4036600
2008-02-08,17.565481361740975,17.565481361740975,17.11488846244937,17.3287296295166,4838300
2008-02-11,17.244718693246654,17.28290393597913,16.76357793411868,16.962142944335938,2507200
2008-02-12,17.122527059170057,17.77932383310127,17.122527059170057,17.657129287719727,2702400
2008-02-13,17.89388198459501,18.000801853295613,17.512023645894047,17.947341918945312,2591900
2008-02-14,17.924434765154018,17.939709452454675,17.527303092057394,17.611310958862305,2839300
2008-02-15,17.51966222990221,17.993165787733204,17.31345836277868,17.916793823242188,2511000
2008-02-19,18.229921348583055,18.436123785334026,17.870973506693026,18.184097290039062,3695500
2008-02-20,18.054258894727194,18.504851778727634,17.901516457725823,18.43611717224121,3408400
2008-02-21,18.397933509090926,18.634685253637883,18.100084493155272,18.130632400512695,3116900
2008-02-22,18.199363685387304,18.397930145263672,17.76404552425101,18.397930145263672,2571400
2008-02-25,18.397935231148526,18.497217760195362,17.954979607951124,18.367385864257812,12968800
2008-02-26,18.191734025990684,18.51249514172216,18.100088825309804,18.359752655029297,3049700
2008-02-27,18.214638759416506,18.71105419153055,18.168816177428308,18.504850387573242,2229300
2008-02-28,18.260467904926784,18.336839873473913,17.90152154643167,17.939706802368164,2234300
2008-02-29,17.73350165243912,17.79459893156007,17.44328994078311,17.496749877929688,2717700
2008-03-03,17.489108839628667,17.542568765476478,17.153073147147627,17.412736892700195,2226600
2008-03-04,17.122527056934675,17.38982817117461,16.985057829229913,17.298181533813477,4330400
2008-03-05,17.38982273691528,17.527291921661398,16.95450462300153,17.09197235107422,3883100
2008-03-06,17.053798299421093,17.12253293687721,16.671939849853516,16.671939849853516,3180300
2008-03-07,16.526826421905042,16.99269400457045,16.282437347940824,16.618473052978516,2972400
2008-03-10,16.60319286097497,16.809396619944522,16.40462644011614,16.496273040771484,2892900
2008-03-11,16.771217346191406,17.496748764158124,16.3664484440338,16.771217346191406,4002200
2008-03-12,16.740672499188552,16.86286707200441,16.435186067148912,16.44282341003418,3659300
2008-03-13,16.13733083815828,16.565013175571693,16.053323004148403,16.419906616210938,4374500
2008-03-14,16.442826407440105,16.48864901643062,15.915861305688496,16.10679054260254,6223300
2008-03-17,15.640911723079084,16.35880555615858,15.640911723079084,16.022769927978516,5045600
2008-03-18,16.3053530696206,16.77121930131894,16.16024647777647,16.50391960144043,4537400
2008-03-19,16.733034004596796,16.740671346956397,16.282441002099052,16.343538284301758,4138700
2008-03-20,16.41226891292229,16.664295322731125,16.35117164559511,16.626110076904297,4838300
2008-03-24,16.748308635544394,16.893415226562734,16.633751413866378,16.702486038208008,2732300
2008-03-25,16.73303127077199,16.80940322521633,16.542102112998073,16.710119247436523,2755800
2008-03-26,16.610838936804054,16.985059961039212,16.511556402486182,16.748308181762695,4530500
2008-03-27,16.801772895900683,16.885782226516017,16.5650210493273,16.610843658447266,3558800
2008-03-28,16.77885283651487,16.8323142210341,16.565013125133067,16.618473052978516,3716000
2008-03-31,16.725391276243258,16.916320403727024,16.526824808859303,16.80940055847168,3781600
2008-04-01,17.03088167165999,17.328732172475817,16.77121787949952,17.313457489013672,4893600
2008-04-02,17.359282172367053,17.641858023736088,17.24472494595902,17.38983154296875,4100700
2008-04-03,17.321097479024434,17.718230569715196,17.27527487830603,17.687681198120117,2854800
2008-04-04,17.657129095313003,17.748774275013577,17.4967478458262,17.58075714111328,2508600
2008-04-07,17.603667134262114,17.83278298939784,17.557844545904498,17.664764404296875,2609500
2008-04-08,17.542569556270056,17.832782676345893,17.48147228730785,17.718225479125977,2299600
2008-04-09,17.66476413953628,17.87096796906569,17.473834991455078,17.473834991455078,1951400
2008-04-10,17.450925696927477,17.58839492662579,17.35164171695696,17.489110946655273,2151200
2008-04-11,17.33636432846478,17.5272934446079,17.17598311343431,17.18362045288086,1999800
2008-04-14,17.20653577920172,17.25235836801693,17.061429215167408,17.11488914489746,1665300
2008-04-15,17.259995140310842,17.29818038695322,17.06142865308814,17.244720458984375,1659900
2008-04-16,17.40510346927241,17.97789096719043,17.374554103513294,17.954978942871094,2943500
2008-04-17,17.93206247828214,18.199363535790592,17.886239897663813,17.97024917602539,3550400
2008-04-18,18.32156291607138,18.359749623945852,17.85569527672054,17.947341918945312,2418600
2008-04-21,17.832784273923288,17.909156231136397,17.672403018108366,17.68004035949707,2130900
2008-04-22,17.61130312873468,17.680037734353323,17.481471257752094,17.534931182861328,2244000
2008-04-23,17.50438849060109,17.62658305771347,17.366919238431127,17.512025833129883,2508500
2008-04-24,17.469883422977308,17.891306940383146,17.385599888659627,17.784034729003906,2821900
2008-04-25,17.92961204833472,18.30506102026395,17.784029316703744,18.22077751159668,2363900
2008-04-28,18.121166260301887,18.381682090870687,18.029220356250427,18.190126419067383,2127700
2008-04-29,18.20545900709129,18.266756789817343,18.07520103611662,18.144161224365234,1678900
2008-04-30,18.075200280877663,18.075200280877663,17.592478983306986,17.784034729003906,4113200
2008-05-01,18.31272065308064,18.63453421769176,17.715067934126917,18.5732364654541,4821500
2008-05-02,18.84141912361862,19.147907957097676,18.79544616396027,19.025312423706055,3827200
2008-05-05,18.841418949696106,19.040637054982046,18.749471569774123,18.933364868164062,2953600
2008-05-06,18.68051270535324,19.009988769366746,18.649864550873957,18.941028594970703,2554000
2008-05-07,19.04830507483377,19.055967480541035,18.274419635853445,18.320392608642578,2594500
2008-05-08,18.488955353417794,18.488955353417794,18.12116876349955,18.251426696777344,2012300
2008-05-09,17.983253483280567,18.48896055197166,17.967930133815997,18.121173858642578,1919600
2008-05-12,18.228444779287486,18.458311080932617,18.19013275471043,18.458311080932617,1501600
2008-05-13,18.404670557923254,18.5809014373013,18.312723186121634,18.381683349609375,1428400
2008-05-14,18.55791886104545,18.787786617197554,18.37402553299632,18.672853469848633,1513400
2008-05-15,18.749469966699,18.941025652158974,18.519603728728587,18.910377502441406,2109100
2008-05-16,18.902713287082996,18.925700493257374,18.59622451202677,18.795442581176758,2020600
2008-05-19,18.688178439625624,19.05596658909683,18.642205468987115,18.902721405029297,1691300
2008-05-20,18.749476506862152,18.88739688233513,18.511947783244473,18.60389518737793,1755300
2008-05-21,18.519611074803173,18.734154053743357,18.190134931287858,18.22844696044922,2312100
2008-05-22,18.282082041112126,18.7494770976082,18.128836849879495,18.665193557739258,2423500
2008-05-23,18.511942649373367,18.703498348527855,18.358697505468175,18.527267456054688,2415100
2008-05-27,18.62687888055753,18.695839060660987,18.419999801701405,18.58090591430664,1409500
2008-05-28,18.58857022968773,18.70350338785633,18.312729480919568,18.64986801147461,2015800
2008-05-29,18.58090190886589,18.97167569139589,18.58090190886589,18.879728317260742,1419200
2008-05-30,18.849085560992965,18.94869390514538,18.366364266184938,18.45064926147461,2812800
2008-06-02,18.33571488767035,18.40467506805704,17.96792823324419,18.05221176147461,2252700
2008-06-03,18.266751752825208,18.266751752825208,17.891302754475053,18.09052085876465,2629900
2008-06-04,17.944938054918367,18.15181856190321,17.799355313545256,17.88364028930664,2120300
2008-06-05,17.99091588874006,18.243769423085606,17.8223473529945,18.121173858642578,2270600
2008-06-06,18.00623522748004,18.00623522748004,17.370270382159116,17.431568145751953,2809900
2008-06-09,17.48520648562603,17.80702016468773,17.41624630715179,17.669099807739258,2252100
2008-06-10,17.638452420193765,18.036888699531467,17.60014039634152,17.96026611328125,2911400
2008-06-11,17.85298859891093,17.97558411587268,17.469877243041992,17.469877243041992,2330600
2008-06-12,17.607800748008653,18.052209942695807,17.56949019007777,17.79935646057129,1498800
2008-06-13,18.090518407388092,18.105841750677026,17.661432643313947,17.845327377319336,2830200
2008-06-16,17.6767615573311,18.090522612848535,17.63078859386944,18.067535400390625,2435000
2008-06-17,18.190131304520218,18.236104268893232,17.584815979003906,17.584815979003906,1818300
2008-06-18,17.58481194956126,17.78402857001323,17.339619452362964,17.423904418945312,2053200
2008-06-19,17.485202048025673,17.515851657993032,17.010144785162343,17.469877243041992,2432800
2008-06-20,16.925860775175973,17.5081902443611,16.90287356640214,16.933523178100586,2843500
2008-06-23,17.025472289379138,17.056121906836655,16.62703749261082,16.665348052978516,1525300
2008-06-24,16.680673133859223,16.787943873802295,16.420157227036707,16.50444221496582,2616400
2008-06-25,16.565739707178015,16.89521432588301,16.550414898460332,16.59638786315918,2371500
2008-06-26,16.51976309770339,16.51976309770339,16.052368185220526,16.121328353881836,2846500
2008-06-27,16.106005299687705,16.37418360016734,15.945097734818262,16.098342895507812,5148500
2008-06-30,16.136652087740647,16.136652087740647,15.630945146348063,15.669257164001465,3334200
2008-07-01,15.500687679310472,16.412493266756407,15.500687679310472,16.128990173339844,5759300
2008-07-02,16.06003145821645,16.44314291240811,16.06003145821645,16.090681076049805,3168200
2008-07-03,16.312887159669252,16.366522531852162,15.975748655506896,16.037046432495117,1798800
2008-07-07,16.07535906070404,16.243929065173116,15.569651970205763,15.64627456665039,3598200
2008-07-08,15.64626921014984,16.358856628657954,15.516011279224122,16.32820701599121,4550100
2008-07-09,16.32820897531692,16.596387272515464,15.845489209522857,15.868474960327148,4083100
2008-07-10,15.853153459066764,16.190290509378293,15.715233092369177,15.975749015808105,3034700
2008-07-11,15.768865972069007,16.21327516034096,15.615620819649402,15.845488548278809,3931700
2008-07-14,16.014064029242444,16.20561982256222,15.209530281881266,15.385761260986328,2535500
2008-07-15,15.332117590521625,15.623281596045407,14.903033254477231,15.117574691772461,3621400
2008-07-16,15.163551494456307,16.090680477621248,14.887710790031752,16.029382705688477,4097700
2008-07-17,16.228599415438325,16.925862058449347,15.952758735054523,16.803266525268555,5946500
2008-07-18,16.787939638040662,17.308971320224295,16.688331327719133,17.10209083557129,4629000
2008-07-21,16.933529485731817,17.24768081539061,16.87223170095582,16.994827270507812,3636700
2008-07-22,16.84924110770662,17.692086575594967,16.466129664253206,17.630788803100586,3961100
2008-07-23,17.730397135358636,17.776371560820053,17.232352551160034,17.630788803100586,3253600
2008-07-24,17.63462485083534,17.649998300090765,16.896645035967225,16.92739486694336,3091700
2008-07-25,16.935087404006254,17.119582046500362,16.642969787049108,16.850526809692383,2588000
2008-07-28,16.796717969834084,17.05039831545358,16.42772864279359,16.458477020263672,2200000
2008-07-29,16.566102228651555,17.096525420749163,16.32010928919573,17.011964797973633,3453000
2008-07-30,17.127272486428357,17.665381587433824,16.727533291692865,17.250268936157227,3745900
2008-07-31,18.065118587980955,19.12596320460065,18.065118587980955,18.572479248046875,7593100
2008-08-01,18.833847690103834,18.856910072262203,17.726878272466717,17.995933532714844,4712800
2008-08-04,17.934440907087428,18.019001535143367,17.611574787331804,17.688447952270508,3485300
2008-08-05,18.095875080089172,18.472551983341873,17.796069877155787,18.44948959350586,4090000
2008-08-06,18.441797930470564,18.441797930470564,17.972873040895923,18.126619338989258,2703000
2008-08-07,17.865252388052447,18.195805918799547,17.719193544324636,17.85756492614746,3715600
2008-08-08,18.003621389819585,18.726226584792734,17.788376883635408,18.610916137695312,3765200
2008-08-11,18.426423955412528,19.149029247654227,17.903689740715095,18.918411254882812,3294100
2008-08-12,18.58785586551948,18.86459860217203,18.47254688065868,18.657041549682617,3487100
2008-08-13,18.510980817490818,18.587853954907466,18.072805840319024,18.395671844482422,3458400
2008-08-14,18.180432510455486,18.88766293609874,18.103559351231173,18.72623062133789,2585200
2008-08-15,18.841533471837053,19.210522756090718,18.649351369675802,19.056777954101562,2770600
2008-08-18,19.05676771328174,19.10289098246923,18.487907706296124,18.60321807861328,2786300
2008-08-19,18.195805196814398,18.60323186421175,18.172742812014533,18.434110641479492,2812600
2008-08-20,18.364922214501775,18.61860254453473,18.12661680537582,18.572479248046875,2724900
2008-08-21,18.395670794714874,18.649351107350082,18.165051395625465,18.518667221069336,2006500
2008-08-22,18.587859823531826,19.087533175148934,18.587859823531826,18.833852767944336,3591100
2008-08-25,18.74928514769677,18.864595580319694,18.28036182221357,18.549415588378906,3133000
2008-08-26,18.541734657888323,18.703166961669922,18.341865043991973,18.703166961669922,2260900
2008-08-27,18.649352607762992,18.918407861897315,18.572479468548448,18.84922218322754,2224500
2008-08-28,19.14134168803901,19.494957603548322,19.018345230357536,19.471895217895508,4049900
2008-08-29,19.34120793022638,19.779382917691443,19.25664733045832,19.533390045166016,2922100
2008-09-02,19.86394308705319,20.08687357311152,19.61026275947887,19.764007568359375,4010100
2008-09-03,19.64869713181196,19.98693803213175,19.60257383920614,19.794755935668945,3735300
2008-09-04,19.57182396122248,19.802443356260977,19.333518572625763,19.37195587158203,4441700
2008-09-05,19.21821356988351,19.633327686784995,19.026031434184674,19.57951545715332,3668000
2008-09-08,19.994632266337963,20.98629145762982,19.610267943185523,20.094566345214844,5065800
2008-09-09,19.4411417558464,20.532734665934377,19.325831323950975,19.418079376220703,4760100
2008-09-10,19.49495400792021,19.96387736650558,19.210523835595897,19.748634338378906,5152800
2008-09-11,19.156713070503354,19.825507468467492,19.079839932104818,19.779382705688477,5499000
2008-09-12,19.602575299099875,19.956189679134866,19.441143029840372,19.764007568359375,3056300
2008-09-15,19.210527225961584,19.948507432413898,19.033720002729986,19.064468383789062,5936800
2008-09-16,18.72622492351835,19.4642035085668,18.441794760801898,19.279708862304688,7257500
2008-09-17,18.76466560212853,18.887662064719585,17.665383434766696,17.773006439208984,8866400
2008-09-18,18.1343040864337,19.30277167161008,17.357888183108596,19.17977523803711,9024600
2008-09-19,19.986940383911133,19.986940383911133,19.986940383911133,19.986940383911133,57000
2008-09-22,20.60192559515913,21.140036193859842,18.610918432693296,18.90303611755371,2715900
2008-09-23,18.84153735001758,19.887008670160224,18.749289276850067,19.787073135375977,3851200
2008-09-24,19.83319347104303,20.217557696964278,18.44948284421981,19.748634338378906,2552600
2008-09-25,19.963875643562368,20.71723057568839,19.525700698425286,19.633323669433594,2262800
2008-09-26,19.395022178522783,20.179125700495195,19.12596687593616,20.040754318237305,2455500
2008-09-29,19.28739275355593,20.048433578400925,18.526351928710938,18.526351928710938,5691100
2008-09-30,19.064462704987136,19.679446271548873,18.772346573889227,19.295082092285156,5137300
2008-10-01,19.125959780554773,19.756318228792967,18.580163382166294,18.895341873168945,3409200
2008-10-02,18.657044144222322,19.06446937847124,18.249617443739904,18.37261390686035,4433900
2008-10-03,18.979904062655244,19.210521989553406,17.949807918875134,18.06511688232422,6422500
2008-10-06,17.62694133960828,20.140683401638775,16.420038062000266,16.827463150024414,5950100
2008-10-07,16.873588723018162,20.140684375876067,15.62824808784508,16.366228103637695,4216400
2008-10-08,15.904994503580165,18.034371525429666,15.397633765325283,16.13561248779297,3296700
2008-10-09,15.37457123398092,19.04140682518138,10.762199863786645,11.354121208190918,12164800
2008-10-10,11.077375434567294,13.798674504327572,9.555293649565598,12.660955429077148,8035800
2008-10-13,13.37587292941981,15.47450096245949,12.883887257090995,15.3668794631958,5490200
2008-10-14,16.08180298062634,16.08180298062634,14.782651186804614,15.197765350341797,6225400
2008-10-15,13.998549725285695,15.059396213160074,13.429690630639692,13.583436965942383,4738600
2008-10-16,13.829427915599059,13.829427915599059,11.307998207571336,12.453404426574707,8153300
2008-10-17,13.06838373283859,13.06838373283859,11.61548668920692,12.20740795135498,6306500
2008-10-20,12.345778319850668,14.275286877697388,12.107472914304866,14.190726280212402,4556300
2008-10-21,13.96010578846761,14.329095019984043,13.245188236008973,13.921669960021973,4274800
2008-10-22,13.491184364995178,14.013919970932218,12.530273755914802,12.814703941345215,3644600
2008-10-23,12.25485313791305,12.301185610245636,10.710448194461934,11.59075927734375,11736400
2008-10-24,10.803115679272977,12.092694257097088,10.139021617284529,11.660261154174805,5330400
2008-10-27,11.845591934951681,11.891923693934656,10.872616159148837,10.888060569763184,4981000
2008-10-28,11.127440384726837,11.90736526012241,10.478790022474277,11.729758262634277,5399700
2008-10-29,11.72975908600792,12.68729102610584,11.27416009618759,11.714315414428711,5166200
2008-10-30,12.200803159283542,12.43246412325302,10.895780146232424,11.320491790771484,6232900
2008-10-31,12.749065565013941,12.749065565013941,10.725894768026981,12.162191390991211,5979900
2008-11-03,12.100414560287614,13.289605774752584,11.760645010643534,13.011613845825195,5884100
2008-11-04,13.474940546641857,14.301197374280674,12.980729712844937,14.169922828674316,6746300
2008-11-05,13.776094360185088,14.733625397596752,13.37454865882742,13.405437469482422,5223500
2008-11-06,13.683431903959063,13.930538015819351,12.455629440173173,12.62551498413086,4837800
2008-11-07,12.625514654661009,13.019338215113384,12.324355331415683,12.980727195739746,3052100
2008-11-10,13.096559961473938,13.35138832238822,11.945978598940487,12.223971366882324,3290600
2008-11-11,12.139026758299128,12.262579073570587,11.621650885777473,11.907365798950195,2869600
2008-11-12,11.467212695565378,11.644818998794685,10.556013090670584,10.6795654296875,4436500
2008-11-13,10.849446661630342,12.293465433175067,10.285738381500277,12.254855155944824,6019600
2008-11-14,11.791534833853976,12.417018568741927,11.119717879448645,11.613927841186523,5455400
2008-11-17,11.451765376455155,11.698869991729381,10.386125618440285,10.471068382263184,4254500
2008-11-18,10.648674220320137,11.166050040463732,10.154464272837203,10.872612953186035,6205700
2008-11-19,11.003888225555421,11.081108788376879,9.575312968367507,9.652533531188965,4622900
2008-11-20,9.567593663334216,9.567593663334216,7.20465259688762,7.3204827308654785,9047900
2008-11-21,7.691139736157049,9.003884317926252,7.351370836195475,8.942108154296875,8727300
2008-11-24,9.312764928796685,10.664119660002587,8.687280414895088,10.393848419189453,6965100
2008-11-25,10.455622995603056,11.104273286330683,9.258708838801342,10.949832916259766,5078500
2008-11-26,10.579179725615328,10.83400662714307,9.74520064126452,10.764508247375488,4760700
2008-11-28,10.695007118143849,11.667981908471653,10.579176277474696,11.505819320678711,1887800
2008-12-01,11.034772950419867,11.629369188756014,10.49423138420587,10.571451187133789,6768000
2008-12-02,10.980725111012616,11.320494052673785,10.332074576865788,11.274162292480469,6159700
2008-12-03,11.274159292451206,11.768368530632177,10.579176446614435,11.606205940246582,8931900
2008-12-04,11.220105048369565,12.00775215751051,11.158328891154182,11.328213691711426,4086400
2008-12-05,11.096556624051575,13.413166277480295,11.096556624051575,13.359110832214355,5071800
2008-12-08,13.528993269907174,13.552158411037807,12.332078794969798,12.50196361541748,5174900
2008-12-09,12.285743388683994,13.003892050555033,11.969140436891752,12.169913291931152,4357500
2008-12-10,12.339797728194883,12.656400690058808,11.853310717213125,12.432462692260742,4048300
2008-12-11,12.223965318831752,12.702731509164195,11.274156612644735,11.397708892822266,5076000
2008-12-12,10.834001637773545,12.084969688192972,10.834001637773545,12.061803817749023,4194300
2008-12-15,11.969141887551116,12.12358228074967,11.274159749942681,11.513542175292969,2883600
2008-12-16,11.675705001504685,13.84559496194603,11.420878163616221,13.683431625366211,5588400
2008-12-17,13.436324784380217,13.861037093005358,13.088834502260982,13.505823135375977,4352500
2008-12-18,13.60621318074033,14.092700267959493,12.926673932059112,13.13516902923584,3528300
2008-12-19,13.281888578356835,14.162199287722043,13.166056981558308,14.007758140563965,5776400
2008-12-22,14.177643701242618,14.177643701242618,12.795399999630954,13.05794906616211,3519600
2008-12-23,13.250998139946361,13.76065180126278,13.019337920387901,13.112001419067383,2161900
2008-12-24,13.15833498740458,13.258720692424681,12.671846451530788,13.065670013427734,874400
2008-12-26,13.003887573754112,13.281880888544858,12.803114787834026,13.181493759155273,1088600
2008-12-29,13.181500120490849,13.474937977239398,12.548294129315275,12.942117691040039,1356100
2008-12-30,13.112002127127742,13.96142543281134,13.027060827561266,13.884204864501953,1812400
2008-12-31,13.90737064649544,14.47880046129123,13.21238851892541,14.362970352172852,1828100
2009-01-02,14.247142445893521,14.362972572921116,13.660268133045737,14.231698036193848,2895000
2009-01-05,14.069531131854669,15.119727160822563,14.015477184397723,15.019341468811035,3527400
2009-01-06,15.397722807874077,15.837878127152305,15.03478658310375,15.42088794708252,4074500
2009-01-07,14.96528805645476,14.96528805645476,13.359106458744426,13.459493637084961,4938500
2009-01-08,13.34365967623843,14.108139971402073,13.34365967623843,14.046363830566406,3511700
2009-01-09,14.084975037676012,14.15447338847066,13.227829693115053,13.320494651794434,2911200
2009-01-12,13.243277269128669,13.243277269128669,12.254857925385217,12.447909355163574,3107500
2009-01-13,12.64096029553979,13.081115649318022,12.02319718103671,12.787677764892578,3905800
2009-01-14,12.424742669513753,12.548294994709796,11.590763738010512,11.783814430236816,3622300
2009-01-15,12.030918597637106,12.556016695069713,11.158329415433474,12.000030517578125,4515500
2009-01-16,13.1197231682641,14.115865318147845,12.054083396778331,12.517404556274414,4712700
2009-01-20,12.501960959711662,12.517403892898333,10.710450361980682,10.810836791992188,6242200
2009-01-21,11.250991879267309,12.640957471758961,11.166049856623511,12.563736915588379,5155100
2009-01-22,11.97026818700422,12.257306279791386,10.744537633009118,11.248793601989746,6973600
2009-01-23,10.91520892906388,12.140939536684341,10.6979910433672,11.877175331115723,4377100
2009-01-26,11.66770747333279,12.078869831107852,11.054842547652994,11.318607330322266,4793000
2009-01-27,11.543587800387465,11.91596124241274,11.21000270369296,11.853899002075195,3356800
2009-01-28,12.66846599372261,13.413214308214204,12.226272375593425,12.746044158935547,5200600
2009-01-29,12.27282305288162,12.27282305288162,11.42722385829366,11.466012954711914,4025900
2009-01-30,11.46600906853986,11.784078219653583,10.868659849583894,10.985026359558105,4520000
2009-02-02,10.72126122798306,11.543586962529819,10.581621567279052,11.3806734085083,4005700
2009-02-03,11.497045177035181,11.497045177035181,10.7600552343761,11.047093391418457,5031800
2009-02-04,10.860901253843176,11.512555447448197,10.201489096066624,11.008298873901367,4447300
2009-02-05,10.760051562657605,11.861657486664049,10.480771468905097,11.458252906799316,5956700
2009-02-06,11.72201773971595,11.830627041190715,11.109152499634765,11.628924369812012,4259700
2009-02-09,11.582376364347125,11.93147663549624,11.210002199238566,11.403946876525879,3356500
2009-02-10,11.248794210678161,11.403949844926327,9.767056608887437,9.844634056091309,8954600
2009-02-11,9.891177105261843,10.279066403507406,9.712748383192142,10.069605827331543,4734300
2009-02-12,9.48777509491024,10.294585818896572,9.48777509491024,10.217007637023926,4995300
2009-02-13,10.139429837200261,10.573866340343773,9.829118577698036,9.94548511505127,4717600
2009-02-17,9.34037645609959,9.635172480475392,8.735269216507305,8.781815528869629,6672900
2009-02-18,9.511045812836084,9.511045812836084,8.649931093404092,9.061094284057617,5230100
2009-02-19,9.286073835377673,9.286073835377673,7.874155704603251,7.943975925445557,8080800
2009-02-20,7.975008983779412,8.657694684235635,7.687970804014967,8.215500831604004,9752900
2009-02-23,8.35513747466985,8.556839386957828,7.6259050369262695,7.6259050369262695,6908700
2009-02-24,7.757787522534436,8.83612025450922,7.687967316457183,8.82060432434082,8225400
2009-02-25,8.921455364706516,8.921455364706516,7.711240224486183,8.207738876342773,8432700
2009-02-26,8.56459951042325,8.781817407543713,8.262045455982264,8.533568382263184,7389700
2009-02-27,8.215498697980602,8.362896363964055,7.486266115130803,7.897429466247559,9441200
2009-03-02,7.300080951599062,7.788821855904198,7.168198450127491,7.245776653289795,9529500
2009-03-03,7.408688695648609,7.571602295400646,6.671698883376221,6.726003170013428,7682500
2009-03-04,6.896675890148896,7.447479034804663,6.43896614094812,7.1992292404174805,7844800
2009-03-05,6.811337204737271,7.005281891864051,6.035558826150281,6.198472023010254,8132900
2009-03-06,6.438965747605256,6.4622389100871604,5.903678201558244,6.291567325592041,7165900
2009-03-09,6.1596841564099165,6.5863623049377455,6.058832816424723,6.338113307952881,7065800
2009-03-10,6.663939427912184,7.517295589420317,6.423447695402648,7.32335090637207,8297300
2009-03-11,7.408688012678856,7.889670800978714,6.966493574206774,7.703484058380127,9820600
2009-03-12,7.672454007860229,8.541326334701193,7.501782433350616,8.409443855285645,8707100
2009-03-13,8.370652313035423,8.80508871936886,8.176707634105187,8.549081802368164,6236900
2009-03-16,8.611146844705518,8.960247232498341,8.083616909473399,8.122406005859375,5582600
2009-03-17,7.959490475171205,8.905940055847168,7.92845935350708,8.905940055847168,5605700
2009-03-18,8.789573785490374,9.945484025278178,8.455988663197662,9.92996883392334,10246200
2009-03-19,10.14718647067201,10.26355299273886,9.301587474809292,9.379165649414062,10083800
2009-03-20,9.673964907999169,9.673964907999169,8.805092465509379,8.851638793945312,5705100
2009-03-23,9.208494458845369,10.356647491455078,9.208494458845369,10.356647491455078,7154900
2009-03-24,9.782571802392042,10.589381840322927,9.673963228338536,9.844634056091309,6388700
2009-03-25,10.077363331216313,10.403190386068395,9.371404958983497,10.030817031860352,5870800
2009-03-26,10.030821680586273,10.535077683064197,9.511049744572201,10.395437240600586,6180200
2009-03-27,10.00755086258165,10.43422954831605,9.728270631477278,10.170464515686035,3734600
2009-03-30,9.929967302971093,9.937725267372588,9.022306183521879,9.123157501220703,5141600
2009-03-31,9.08436809142222,9.86790471154978,9.08436809142222,9.697233200073242,5734900
2009-04-01,9.441232431215395,10.248042727579803,9.154194230953513,10.170464515686035,5809300
2009-04-02,10.581620676767402,10.752291441024834,10.240277668572244,10.550589561462402,5345700
2009-04-03,10.434225215685347,10.814356668472374,10.17821825851528,10.79884147644043,4667500
2009-04-06,10.573867970771639,10.752296787537984,10.271313891224622,10.581625938415527,3850900
2009-04-07,10.02306320113017,10.434225800881189,9.976516142743078,10.116156578063965,3166600
2009-04-08,10.573864719317417,10.822113688861386,10.217006455677815,10.44198226928711,3876800
2009-04-09,11.008299253670456,11.605649198362757,10.597136756317182,11.3806734085083,6713500
2009-04-13,11.535832587148313,11.722019352574032,10.884178168317858,11.605652809143066,6227600
2009-04-14,11.248795619139125,11.40395127281432,10.434227512543705,10.581625938415527,6080100
2009-04-15,10.418709225848984,11.497041253829163,10.193733409810502,11.458252906799316,5039800
2009-04-16,11.512558371709114,11.605651745893239,10.907451069592112,11.30309772491455,5692700
2009-04-17,11.334126946199413,11.908203767018795,11.093635954905023,11.659954071044922,6196200
2009-04-20,11.256551486598687,11.372918020183937,10.860904088664228,10.876420021057129,6943800
2009-04-21,10.519560014965858,11.962508201599121,9.953241151392849,11.962508201599121,6716600
2009-04-22,10.860904622741677,11.791839156722881,10.860904622741677,11.21776294708252,8119600
2009-04-23,11.369826729252953,11.85331721675987,11.120283443752005,11.775335311889648,5588600
2009-04-24,11.868912689149944,11.993684317658092,11.32303644257801,11.728544235229492,6903500
2009-04-27,11.650561905091882,12.071666534343453,11.424413136488216,11.884509086608887,5275400
2009-04-28,11.65836069830527,12.196439307716462,11.65836069830527,11.931299209594727,4340600
2009-04-29,12.079468346117443,12.718923510986054,11.923503762454098,12.562959671020508,5154000
2009-04-30,12.742318153381348,12.952870889137499,12.469379587111765,12.742318153381348,7948700
2009-05-01,12.734515870071053,13.202410200479653,12.531761610647493,12.991857528686523,6162400
2009-05-04,13.03864930706837,13.857464932439651,12.945071313388755,13.818472862243652,8198300
2009-05-05,13.311584465166726,14.122601470345153,13.280392304334102,13.841864585876465,6088500
2009-05-06,14.153795841869742,14.231778487223991,13.65470929143494,14.06021785736084,9120000
2009-05-07,14.138199521460617,14.379945879452718,13.490946070420904,13.568928718566895,7851100
2009-05-08,13.654709571172138,14.769857406616211,13.428560043751327,14.769857406616211,8155000
2009-05-11,14.052422890270059,14.161597728102647,13.218011801359584,13.272599220275879,7714100
2009-05-12,13.358378794569191,13.584528372513056,12.921677956430912,13.18681812286377,9510300
2009-05-13,12.937272806006108,13.101035037461573,12.45378229452958,12.578553199768066,7440400
2009-05-14,12.469377379812322,13.218008700848086,12.3524041542304,13.054244995117188,6521500
2009-05-15,13.038645629219715,13.108829848380056,12.508367010689884,12.687726020812988,5274900
2009-05-18,12.991855204799919,13.732687886048474,12.80469780359282,13.646906852722168,5659900
2009-05-19,13.514341804982662,13.71709610261404,13.280395339390108,13.358376502990723,6040900
2009-05-20,13.61571710137492,13.85746344851659,12.929473100760914,12.976262092590332,5832100
2009-05-21,12.672135538634423,13.069845817103667,12.516170198585252,12.890486717224121,4482900
2009-05-22,12.976259782499467,13.16341720389379,12.804699184736746,12.93726921081543,3234400
2009-05-26,12.812501102728016,13.654710473172818,12.695527868270894,13.631315231323242,5038900
2009-05-27,13.592324975202796,13.654710800903628,12.617545519005182,12.656536102294922,5536300
2009-05-28,12.984060799707093,13.194613498798489,12.703325354980498,13.140026092529297,4933500
2009-05-29,13.132229295561057,13.381772604876016,12.757914331588617,13.342782020568848,4535000
2009-06-01,13.498745967560204,13.693701865654237,13.249202655983114,13.444158554077148,5085400
2009-06-02,13.49094469567364,13.943242223956238,13.303787251632063,13.724892616271973,4932900
2009-06-03,13.561133427559612,13.561133427559612,13.038651498290207,13.210213661193848,2981700
2009-06-04,13.327180824883692,13.62351303574524,13.280391841567651,13.5767240524292,3426200
2009-06-05,13.802873850813109,13.880854995675953,13.23360167650736,13.405163764953613,4170700
2009-06-08,13.249202946295105,13.615719507280508,13.06984387309345,13.467554092407227,3012700
2009-06-09,13.545539812938738,13.545539812938738,13.085443660354333,13.218013763427734,3018600
2009-06-10,13.30378716306659,13.30378716306659,12.859288050502554,13.093235969543457,3557700
2009-06-11,13.062044811142774,13.412966012967464,12.960668401390874,13.264799118041992,2907300
2009-06-12,13.225810241787775,13.225810241787775,12.843696778275769,13.147829055786133,2619800
2009-06-15,12.991859951831838,13.054245775029054,12.843693063965194,13.00745677947998,3891600
2009-06-16,13.077641289393503,13.15562394186613,12.44598388671875,12.44598388671875,3472700
2009-06-17,12.430387578560797,12.562958390787205,11.939099376010633,12.102862358093262,4691500
2009-06-18,12.17304578669393,12.477177249891207,12.079467046563472,12.297818183898926,4010700
2009-06-19,12.461582489099053,12.66433683154018,12.391398980128978,12.570758819580078,3667400
2009-06-22,12.39919539100602,12.523967052527434,11.767538668629411,11.806529998779297,3938500
2009-06-23,11.798731504136356,12.040476410773126,11.697354343912053,12.001485824584961,3376800
2009-06-24,12.079465946119651,12.46157928609945,12.040474622026322,12.243228912353516,2866700
2009-06-25,12.196441655998242,12.453783390500384,11.978090507446678,12.41479206085205,2970600
2009-06-26,12.360203051396203,12.484974695220146,12.118457433714072,12.430386543273926,2487300
2009-06-29,12.453781565211667,12.601947703722054,12.290018599648795,12.43818473815918,2375700
2009-06-30,12.422587221531135,12.59414783712856,11.962491288334046,12.367999076843262,4297800
2009-07-01,12.570757106537599,12.570757106537599,12.321213048424454,12.477177619934082,3046500
2009-07-02,12.266622069095275,12.383596028594841,11.728544235229492,11.728544235229492,3361400
2009-07-06,11.61157256066755,11.814326112056616,11.502396999382924,11.767537117004395,4276100
2009-07-07,11.767539420995734,11.861118173119822,11.564785086211304,11.588179588317871,3219400
2009-07-08,11.658362708223803,11.868915437866285,11.206065078285594,11.541389465332031,5163300
2009-07-09,11.697352836602374,12.009281948099371,11.61937018687929,11.822124481201172,2998600
2009-07-10,11.728546592466191,11.806529247805745,11.432213543352693,11.5803804397583,2904500
2009-07-13,11.783134625003356,12.508371572948006,11.720748794928115,12.50057315826416,4074600
2009-07-14,12.48497333786752,12.570754391443703,12.227631664534131,12.39139461517334,2548700
2009-07-15,12.555161979902667,12.97626600822764,12.391398971688359,12.781310081481934,4776700
2009-07-16,12.65653823020646,12.874889400567898,12.50837279887844,12.6487398147583,3923700
2009-07-17,12.7033261796646,12.796904171516676,12.523965635056623,12.757913589477539,2645400
2009-07-20,13.007456804601894,13.38177174450812,12.804702506970516,13.358376502990723,3145400
2009-07-21,13.475351695306475,13.607921760425759,13.272597390571372,13.428561210632324,2494500
2009-07-22,13.194613195150483,13.64691074905182,13.116630550533998,13.537735939025879,3566800
2009-07-23,13.670306330436086,14.153796061834937,13.498744210511429,14.052419662475586,3454100
2009-07-24,14.00563429905256,14.808853323568092,13.958845288976606,14.473528861999512,3956700
2009-07-27,14.504716175661661,14.76205784948845,14.364347719502476,14.442330360412598,2513800
2009-07-28,14.3565478225086,14.582697309029365,14.11480299933417,14.28636360168457,3067300
2009-07-29,14.233490710386718,14.421494810461663,14.053320301247034,14.186490058898926,2072300
2009-07-30,14.374497969611324,14.962011498390064,14.311829919639893,14.554668426513672,3130300
2009-07-31,14.640830819194498,14.79750012497659,14.421491998151396,14.703498840332031,2417000
2009-08-03,15.02466955651343,15.06383650140184,14.672161076025048,14.915000915527344,2939500
2009-08-04,14.844506094024577,15.643523196290046,14.805337636873807,15.588688850402832,3977700
2009-08-05,15.972533895682744,16.011702360508888,14.734838795535602,15.471189498901367,6732300
2009-08-06,15.65134965271958,15.94119012515802,15.142171898123246,15.721851348876953,4515400
2009-08-07,15.933359901553532,16.293700654370852,15.75318952514487,16.144865036010742,4367500
2009-08-10,15.996029202761576,16.14486632714799,15.565186704003182,15.761024475097656,3405500
2009-08-11,15.635682490391638,15.980357288071339,15.510346471985054,15.862854957580566,4603900
2009-08-12,16.01169800371977,16.724547434223247,15.800192833581704,16.57571029663086,3798200
2009-08-13,16.881215269981784,17.218056475309844,16.716712259448705,17.022218704223633,3663400
2009-08-14,16.93605180224367,17.0222194090856,16.536542553389953,16.716712951660156,2623100
2009-08-17,16.39553815559647,16.47387356152361,16.003862620084366,16.05086326599121,4033000
2009-08-18,16.1370435700328,16.52871937758639,15.98820634480754,16.513051986694336,3333800
2009-08-19,16.270200116303332,16.834212280660303,16.270200116303332,16.63054084777832,2721500
2009-08-20,16.489544201335555,17.037890706789895,16.489544201335555,16.826385498046875,2815600
2009-08-21,16.99872157182851,17.366896096518314,16.975220498034925,17.351228713989258,3815600
2009-08-24,17.249392395105264,17.578399932405933,17.108388951387305,17.21805763244629,3653800
2009-08-25,16.83421620312134,17.97790967054162,16.83421620312134,17.84473991394043,4640100
2009-08-26,17.774239851048673,18.017078314321797,17.492232929748337,17.727237701416016,4153100
2009-08-27,17.680238922446275,17.813408705625328,17.312064342656683,17.617570877075195,3416000
2009-08-28,17.6567332495497,17.915239034313696,17.50006244309487,17.742900848388672,3164800
2009-08-31,17.500067639500145,17.797740467205944,17.34339678652405,17.64890480041504,3691200
2009-09-01,17.547065944664826,17.664568321577722,16.395540260320384,16.450374603271484,5284400
2009-09-02,16.301535157870653,16.607043087605,16.09003150697589,16.466039657592773,4225700
2009-09-03,16.654042946408953,16.998717815258843,16.34070283569247,16.94388198852539,3009900
2009-09-04,17.030056160166378,17.084890509136088,16.68538118848311,16.85771942138672,3045400
2009-09-08,17.014385137581588,17.178889643432317,16.716712380784333,16.849882125854492,2785400
2009-09-09,16.84204421249938,17.194552712270763,16.72454187728334,17.147550582885742,3784300
2009-09-10,16.967380235946262,17.249387035763366,16.70104081259083,17.147550582885742,3506400
2009-09-11,17.131887885774887,17.225889173775506,16.748044561714508,17.17105484008789,2797600
2009-09-14,16.920382746588196,17.178888529775197,16.567874181277045,17.17105484008789,3586800
2009-09-15,17.2023902511168,17.460897560682206,17.037887229528323,17.21805763244629,4023100
2009-09-16,17.312059700445538,17.977908437794145,17.280724939100352,17.930906295776367,4148500
2009-09-17,17.742906967817355,18.21291805516249,17.60190349220141,17.617570877075195,3374600
2009-09-18,17.69590310902301,17.797738104049184,17.32772859577602,17.594066619873047,3813800
2009-09-21,17.413896749981646,17.500065859767616,17.037888534027314,17.351228713989258,2611000
2009-09-22,17.50006531586793,17.85257394119659,17.406062517739024,17.594066619873047,3208600
2009-09-23,17.037886659431834,17.476562863113152,16.873383643347715,16.889049530029297,3152300
2009-09-24,17.01438239519251,17.01438239519251,16.419035483432765,16.583539962768555,3625300
2009-09-25,16.787214485406636,16.89688316241952,16.270202873597803,16.317203521728516,3844100
2009-09-28,16.223196644915028,16.7950439453125,16.223196644915028,16.7950439453125,5320900
2009-09-29,16.873380527441572,17.092717841716688,16.72454342552389,16.990882873535156,4985900
2009-09-30,17.022214932492357,17.21021897178291,16.55220408720432,16.7950439453125,4975400
2009-10-01,17.014383900617695,17.06921972799707,15.988194465637207,15.988194465637207,4338900
2009-10-02,15.745356767281153,16.19970032700401,15.612187025942202,15.941194534301758,3452700
2009-10-05,16.144865463861855,16.544374674827157,15.878525989884984,16.536540985107422,3566700
2009-10-06,16.520876066482398,17.100555744975356,16.207535901638067,16.865550994873047,3851600
2009-10-07,16.82638300439636,16.959552764892578,16.59137824781423,16.959552764892578,2589200
2009-10-08,17.01438286348236,17.351224026233993,16.920381581951887,16.975215911865234,2742000
2009-10-09,16.920385360717773,17.139722729354954,16.881216906229874,16.920385360717773,2527600
2009-10-12,17.116220506400275,17.265057622212044,16.91254905690089,17.17105484008789,1741400
2009-10-13,17.04572086974806,17.178890622407174,16.8812163545227,17.108388900756836,2794900
2009-10-14,17.37473718137537,17.844748398387335,17.312069118715407,17.813413619995117,3570000
2009-10-15,17.617570877075195,17.82124239806222,17.460901510709522,17.617570877075195,2438000
2009-10-16,17.429564454588945,17.468731417511513,17.037888848867848,17.061389923095703,3676200
2009-10-19,17.16322529802588,17.641070025561728,17.131892025828257,17.562734603881836,2065900
2009-10-20,17.62540036757445,17.62540036757445,17.11622243355815,17.22589111328125,3387600
2009-10-21,17.147552195717534,17.33555624857078,16.677542810646116,16.693208694458008,5243200
2009-10-22,16.77382339284905,17.222068786621094,16.530041099731648,17.222068786621094,2823400
2009-10-23,17.182748827779413,17.198477104035426,16.679454487103797,16.781686782836914,2523100
2009-10-26,16.84459408980297,17.00973644855987,16.215478199399644,16.31770896911621,2859800
2009-10-27,16.341302239357546,16.577220335718998,16.08965436999314,16.121110916137695,2599200
2009-10-28,16.011016534246746,16.199751317566676,15.594226283625195,15.625682830810547,3850700
2009-10-29,15.948099473308858,16.718766616021234,15.861595498130661,16.663719177246094,4208200
2009-10-30,16.51430769557302,16.51430769557302,15.649272230580697,15.688592910766602,5456600
2009-11-02,15.845868519963801,16.246930392172533,15.586358073232306,15.908780097961426,3522800
2009-11-03,15.657138487282086,15.987424745926036,15.657138487282086,15.87732982635498,4585300
2009-11-04,15.885190764020084,15.885190764020084,15.043746262715546,15.083066940307617,6833100
2009-11-05,15.17743137374622,15.279663620784028,14.839282594894955,15.098793029785156,4846500
2009-11-06,14.839281292177667,15.413349552306366,14.78423235633521,15.358302116394043,3131200
2009-11-09,15.4998602899686,16.011018753051758,15.4998602899686,16.011018753051758,4149700
2009-11-10,15.838004385222806,16.089650697213305,15.688590324934905,15.908780097961426,3613900
2009-11-11,16.13683999734395,16.30984651001115,16.042471854115004,16.160430908203125,2907100
2009-11-12,16.026742388673973,16.113246388541413,15.303258344145247,15.334714889526367,5505300
2009-11-13,15.476269186440401,15.594228253424122,15.326853568297865,15.452676773071289,4610200
2009-11-16,15.69645417870097,15.900917198054024,15.625679960396498,15.775094032287598,3661700
2009-11-17,15.672867126700702,15.798690323408387,15.562772204564181,15.570634841918945,4976200
2009-11-18,15.515589230770749,15.594229113071972,15.326854413206412,15.374037742614746,4137000
2009-11-19,15.232484175062616,15.3032584025791,14.933652992523479,15.043747901916504,2781300
2009-11-20,14.95724554475276,15.090932864550766,14.839286497855852,15.00442886352539,3937700
2009-11-23,15.26393686401021,15.31112017504671,15.067337984772644,15.185297012329102,2538100
2009-11-24,15.185296194382284,15.366168293485392,15.09879371212984,15.232481002807617,3632200
2009-11-25,15.3347137841933,15.523448543084015,15.20102647582106,15.46053695678711,2437800
2009-11-27,14.980834012411695,15.318984325016048,14.815691673659101,14.862874984741211,1645000
2009-11-30,14.910055033915073,15.004423135364574,14.68200116363475,14.972968101501465,3779400
2009-12-01,15.138110677461738,15.138110677461738,14.88646440229275,14.957240104675293,2863000
2009-12-02,14.996561460471952,15.248207772352394,14.823554996036732,15.232481002807617,3500400
2009-12-03,15.256073593708496,15.727911230612987,14.737052643092708,14.75278091430664,3676500
2009-12-04,14.980835364749522,15.24034584902307,14.713460744597315,15.01229190826416,4329400
2009-12-07,14.988698423699418,15.145978130111049,14.792099540650101,14.847146987915039,3054100
2009-12-08,14.847146862652862,14.878603403641971,14.595500534461692,14.650547981262207,2813500
2009-12-09,14.626964551933087,14.8707468694848,14.532596380660477,14.658419609069824,3920900
2009-12-10,14.729197801038008,14.988708440087047,14.697742738693718,14.878613471984863,2358200
2009-12-11,14.94151156770827,15.051606436124281,14.815688432395659,14.972968101501465,2815200
2009-12-14,15.05947760703364,15.303259858132714,14.965110961415647,15.271804809570312,2181400
2009-12-15,15.098791236814076,15.224614372126686,14.917919167363372,14.972968101501465,2568000
2009-12-16,15.075201307557695,15.334711754169504,15.059473038082958,15.145977020263672,2853000
2009-12-17,15.633546010168867,15.633546010168867,15.106660825976832,15.161709785461426,4109500
2009-12-18,15.256071906358182,15.263936041095361,14.862874169081268,15.059473037719727,3145500
2009-12-21,15.098798018654646,15.35044440231043,15.098798018654646,15.287532806396484,2705000
2009-12-22,15.334719320607656,15.625686449737577,15.334719320607656,15.468406677246094,1936900
2009-12-23,15.515588864064242,15.680732762986782,15.468405535771073,15.594228744506836,1162500
2009-12-24,15.712183128659959,15.775094714262911,15.649271543057006,15.759367942810059,501700
2009-12-28,15.782958847097825,15.83014216130887,15.70431899012574,15.790822982788086,1508600
2009-12-29,15.82228020534485,15.93237510987763,15.743640344994045,15.806551933288574,1735000
2009-12-30,15.65713800923771,15.727913741066972,15.531314819303635,15.649273872375488,1309800
2009-12-31,15.7043219672659,15.798690113508307,15.334716519338972,15.350444793701172,1542300
2010-01-04,15.515586941245592,15.767233327531034,15.374035473977335,15.680730819702148,3110300
2010-01-05,15.60995047745529,15.955964906407395,15.570629803750316,15.908780097961426,1989000
2010-01-06,15.924515532509128,16.12897862797998,15.877332202763858,16.050338745117188,2435300
2010-01-07,15.916652564066592,16.45140200691919,15.782965203353442,16.404218673706055,3769600
2010-01-08,16.357029411667362,16.357029411667362,16.050335578926948,16.184022903442383,2046300
2010-01-11,16.18401948814314,16.50644152629922,16.18401948814314,16.48284912109375,2172600
2010-01-12,16.349166305559244,16.703043448579034,16.349166305559244,16.443532943725586,5054100
2010-01-13,16.52217006595485,16.632264958848836,16.33343532102355,16.553625106811523,2686700
2010-01-14,16.47499099653899,17.056923651557284,16.47499099653899,16.868188858032227,5754800
2010-01-15,16.836727415379354,17.13555854321715,16.75022343101625,16.820999145507812,6101000
2010-01-19,16.742359988658738,17.2377884662787,16.718767584989102,17.017597198486328,3621800
2010-01-20,16.907506528438674,16.994010530189897,16.64799602311568,16.93109893798828,3954400
2010-01-21,16.996224428057698,17.01990608013557,16.522571812398233,16.562042236328125,5031100
2010-01-22,16.569936064371074,16.64887841527315,15.906822725913814,15.938400268554688,3668400
2010-01-25,16.167334380194614,16.26995990680495,15.969979219775146,16.048921585083008,2502800
2010-01-26,15.891034298615741,16.112072584786752,15.598949551364909,15.630525588989258,2908500
2010-01-27,15.638421629529828,15.796306351457861,15.354231238039786,15.780517578125,3471900
2010-01-28,15.725256393870248,15.812093130548734,15.464747689534901,15.480536460876465,4037700
2010-01-29,15.54368663749806,15.875243234581253,15.4094851218763,15.448955535888672,3336500
2010-02-01,15.559480269681009,15.898931389676754,15.46475063498941,15.867355346679688,3175100
2010-02-02,15.922613388986907,16.41994769906768,15.788411828219035,16.317323684692383,3610400
2010-02-03,16.143652695305985,16.27785426437578,15.591057644853802,15.748942375183105,3713500
2010-02-04,15.583162123687842,15.583162123687842,14.888472673336425,14.920048713684082,4127100
2010-02-05,14.920045581413177,15.18055425881706,14.651642519154636,15.172659873962402,4817000
2010-02-08,15.141085587484302,15.172661624846768,14.78584575653076,14.785845756530762,2748600
2010-02-09,15.03056582267113,15.298967385640267,14.82531632864768,15.006882667541504,3393200
2010-02-10,15.030564819617302,15.259495947792834,14.920044942087838,15.109505653381348,3112000
2010-02-11,15.10950809402592,15.393699959721747,14.97530654696957,15.330546379089355,2863200
2010-02-12,15.085833859291105,15.433177970690684,14.825325022890985,15.409496307373047,3630000
2010-02-16,15.583165052985615,15.851568222045898,15.488435408435253,15.851568222045898,3084100
2010-02-17,16.28574704182178,16.372583793518718,15.938403046434763,16.206806182861328,3316100
2010-02-18,16.167329736219518,16.53046391004727,16.104176163253815,16.51467514038086,3639500
2010-02-19,16.45941861791442,16.63309059527196,16.31732267930362,16.585725784301758,2920300
2010-02-22,16.522572201108087,16.65677375360716,16.475207390137886,16.585725784301758,1603500
2010-02-23,16.506778255791467,16.648874149870547,16.238375234908702,16.29363441467285,3734800
2010-02-24,16.396264402205887,16.569936372863726,16.293638892412517,16.522571563720703,2771900
2010-02-25,16.32521908804927,16.427843108816145,16.11996954081514,16.40416145324707,2800000
2010-02-26,16.45152625511998,16.54625588871086,16.27785425640311,16.42784309387207,2615300
2010-03-01,16.490996901322124,16.830448021829824,16.467315245463706,16.822553634643555,2535400
2010-03-02,16.877810795445967,16.917282726597517,16.70413881547981,16.81465721130371,2507500
2010-03-03,16.838335301505808,16.972536815624785,16.767287352519304,16.854124069213867,2825200
2010-03-04,16.925178514113764,17.114639282226562,16.806765722255808,17.114639282226562,2267500
2010-03-05,17.24883757458008,17.564605461512198,17.098847263649805,17.525135040283203,3338500
2010-03-08,17.57250339710167,17.79354171546094,17.517244193936943,17.698810577392578,2505900
2010-03-09,17.572499988506753,17.809325529189294,17.556711217607898,17.746171951293945,2619900
2010-03-10,17.82511496788633,18.022470094415496,17.65933738433789,17.97510528564453,2297800
2010-03-11,18.07773683028626,18.354034423828125,18.02247761271804,18.354034423828125,3194800
2010-03-12,18.496123878349835,18.59085350193076,18.172461570664602,18.472440719604492,4262000
2010-03-15,18.472440607455557,18.890834041881806,18.37771098444975,18.819786071777344,4206100
2010-03-16,18.867149757796813,19.127658464072955,18.74873698325313,19.080293655395508,3553600
2010-03-17,19.640785655423635,19.66446881763407,19.198710500731902,19.285547256469727,4781200
2010-03-18,19.21450029907889,19.277653895970417,19.09608749311984,19.206605911254883,2622000
2010-03-19,18.89083480834961,19.32501552709293,18.65400772982576,18.89083480834961,5142400
2010-03-22,18.622431178064495,18.953987874333013,18.590853632848336,18.859256744384766,3222800
2010-03-23,18.867151899679225,19.11976624890367,18.732950338441203,19.096084594726562,3393500
2010-03-24,19.009245819252172,19.190812175171533,18.92240908133416,19.08818817138672,2752300
2010-03-25,19.238185735389518,19.49869454155668,19.08819536041427,19.25397300720215,4214900
2010-03-26,19.269760089836687,19.56184642533995,19.269760089836687,19.45922088623047,4124800
2010-03-29,19.546057752547277,19.735518549942658,19.538163364443232,19.63289451599121,3731800
2010-03-30,19.648670790296666,19.73550750514321,19.498682017361382,19.522363662719727,2050400
2010-03-31,19.40395901486269,19.688150923335815,19.38817024090299,19.5539493560791,4751800
2010-04-01,19.711831921354946,19.980235046919436,19.6802558801887,19.86971664428711,1927600
2010-04-05,19.901295970234347,20.090758271304505,19.885508699895635,20.003921508789062,2600300
2010-04-06,19.90918493292208,20.398626316860913,19.838136965806765,20.209165573120117,3523400
2010-04-07,20.185484327915862,20.248637915146052,19.838138845299667,20.01970672607422,2585500
2010-04-08,19.924977985687146,20.12233315769954,19.806565183619803,20.074968338012695,1879700
2010-04-09,20.07496351754114,20.153905868530273,19.98023239521416,20.153905868530273,2333200
2010-04-12,20.248637531604146,20.303896731171328,20.098647200135893,20.161802291870117,1727500
2010-04-13,20.09864934251912,20.240745302667086,19.956554888071576,20.201274871826172,1322100
2010-04-14,20.280212464455246,20.856489050976965,20.280212464455246,20.848594665527344,2524700
2010-04-15,20.524935273058873,20.68281999282405,20.335474512760825,20.5801944732666,2697600
2010-04-16,20.461783259469414,20.532831238256147,19.703938654311084,19.988130569458008,4268200
2010-04-19,19.81446168698613,20.13022969478379,19.696048872274588,20.11444091796875,3112800
2010-04-20,20.26442502591194,20.477568929965397,20.240741868005944,20.43809700012207,1971700
2010-04-21,20.485461377933643,20.667027720935593,20.003914419302365,20.248634338378906,2830300
2010-04-22,20.100141639561414,20.24269608198986,19.735837184963092,20.20309829711914,2370400
2010-04-23,20.163498020763647,20.54364368559883,20.108060520418135,20.51988410949707,2103400
2010-04-26,20.46444924224432,20.66244120355817,20.298135209250116,20.306055068969727,2184900
2010-04-27,20.123906645409587,20.24270154262631,19.149786373449754,19.2210636138916,4427200
2010-04-28,19.458650921930683,19.751679707477667,19.118104485680554,19.228981018066406,4914400
2010-04-29,19.506167397707067,19.77543658640398,19.331935015250917,19.56952476501465,4851300
2010-04-30,19.72791995243739,19.933831784409126,19.292338218631826,19.379453659057617,4575900
2010-05-03,19.569530762469277,19.6566477356754,19.165628366199126,19.292343139648438,3779400
2010-05-04,19.0468293734061,19.054749234497567,18.563729931299182,18.666685104370117,5844300
2010-05-05,18.29445828952246,19.252738697128105,18.143983969699832,18.674602508544922,5665700
2010-05-06,18.571646848118704,18.872593969088186,16.655084574040643,17.94599151611328,5500400
2010-05-07,17.748001358625405,18.22318242323974,17.312419597221655,17.771760940551758,7541500
2010-05-10,18.761721031043106,19.26066017150879,18.737961448903228,19.26066017150879,4757900
2010-05-11,18.95179201456884,19.403213474113908,18.80923755143695,19.04682731628418,2974400
2010-05-12,19.165617815899292,19.308170724637726,18.967625902555532,19.25273323059082,4325200
2010-05-13,19.17354412975143,19.19730371302582,18.64292703165477,18.666685104370117,3663100
2010-05-14,18.44493671760363,18.516212452806663,17.81136136755716,17.985593795776367,5212300
2010-05-17,18.001423689782225,18.14397810346527,17.542082529335953,17.890548706054688,7467100
2010-05-18,18.05686735470424,18.159824026698818,17.383695854156226,17.478731155395508,6286700
2010-05-19,17.391609597970195,17.73215594343489,17.058984621162978,17.462886810302734,7475300
2010-05-20,17.13026210787295,17.399531269062365,16.655082656887995,17.035226821899414,18734300
2010-05-21,16.76595988822766,17.84303667608524,16.670923079068938,17.78759765625,7578200
2010-05-24,17.68464629182951,17.819280919196917,17.431216760445952,17.48665428161621,4382800
2010-05-25,16.8530742691417,17.66880008514269,16.615483037731245,17.57376480102539,10840300
2010-05-26,17.771763140948845,18.064790468193348,17.629208652858374,17.740083694458008,6643000
2010-05-27,18.128142269985965,18.658760750886877,17.96182975878473,18.62708282470703,4135600
2010-05-28,18.635004820473085,18.82507693102078,18.23110101909966,18.294458389282227,5270700
2010-06-01,17.90639059687103,18.39740973637909,17.747996448963473,17.914310455322266,4141100
2010-06-02,18.08062584174745,18.539967131445927,17.938071387951585,18.532047271728516,3711300
2010-06-03,18.56372755599093,18.650842995732145,18.262778915259155,18.421173095703125,2982900
2010-06-04,17.92223767910418,18.033114241773895,17.57377279802591,17.645050048828125,7167700
2010-06-07,17.684642229631926,17.79551724650423,17.201541352301778,17.209461212158203,6816000
2010-06-08,17.27282407007006,17.708407437256835,17.098591629530926,17.645050048828125,5482500
2010-06-09,17.811355363862518,18.025187029072676,17.47080897346678,17.53416633605957,3921000
2010-06-10,17.898478467808165,18.294462498022686,17.811361497782027,18.26278305053711,2882500
2010-06-11,18.00934224127697,18.48452308224202,17.88262755176072,18.44492530822754,3242300
2010-06-14,18.611245596659078,18.793397850602886,18.42909334271527,18.492450714111328,3647300
2010-06-15,18.5954006691318,18.888429373884694,18.397408750140468,18.864669799804688,3367900
2010-06-16,18.60332476206605,18.801316726128768,18.43701223732159,18.55580711364746,2907400
2010-06-17,18.555803709013936,18.674598563543235,18.318212489396814,18.5003662109375,2417100
2010-06-18,18.563727488969747,18.674602508544922,18.516208328672803,18.674602508544922,2206400
2010-06-21,18.928034792776742,19.276501133798178,18.437015481416562,18.563730239868164,1854600
2010-06-22,18.5241268024075,18.753798194977964,18.15982233074796,18.18358039855957,2615000
2010-06-23,18.175660017177744,18.270695298914383,17.86679157513726,18.00934600830078,2852700
2010-06-24,17.8905507637698,17.99350590185004,17.613361762011177,17.68463897705078,3382900
2010-06-25,17.83510918774089,18.02518121420258,17.47080333743735,17.969743728637695,3641900
2010-06-28,18.00142532401938,18.17565918347553,17.89847018843406,18.0489444732666,2743600
2010-06-29,17.77175802340564,17.77175802340564,17.233219672611725,17.352014541625977,4575700
2010-06-30,17.272816798555304,17.589603607337875,17.146102075042275,17.185701370239258,4520400
2010-07-01,17.24114308780464,17.249062948780164,16.56797001047557,16.900596618652344,4671700
2010-07-02,16.97979278033801,17.09858766729372,16.615486748373687,16.837238311767578,3109200
2010-07-06,17.051065465831705,17.27281545950938,16.62340217421012,16.868911743164062,4189700
2010-07-07,17.0510709026313,17.415375443009406,16.87683698283392,17.383697509765625,5086700
2010-07-08,17.581690993681267,17.771763140948845,17.359939399922848,17.740083694458008,3140400
2010-07-09,17.78759734051325,17.97767095545681,17.700481903436163,17.94599151611328,2066900
2010-07-12,17.874711855857736,17.99350671611341,17.68463977733694,17.827194213867188,2387100
2010-07-13,18.072709606662574,18.22318395035474,18.001432365469395,18.12814712524414,2869100
2010-07-14,17.99351099629521,17.99351099629521,17.613366748827325,17.771760940551758,3729000
2010-07-15,17.78759765625,17.84303667608524,17.41537330070926,17.78759765625,3187900
2010-07-16,17.589605421913657,17.59752528177008,17.138183984009203,17.209461212158203,3989200
2010-07-19,17.272822961559918,17.399537730285225,16.900598517249225,17.20154571533203,2369000
2010-07-20,16.860999898493215,17.542091369628906,16.853080037013147,17.542091369628906,3264000
2010-07-21,17.779674675952634,17.779674675952634,17.209456990636433,17.264894485473633,4497900
2010-07-22,17.51832678733822,17.51832678733822,17.106503206730025,17.272815704345703,7647800
2010-07-23,17.193621753044805,17.811357236179386,17.074826874515534,17.78759765625,5736000
2010-07-26,17.77968207272486,17.90639683094295,17.56585035177218,17.676725387573242,4177900
2010-07-27,17.866790763792146,18.215256972305678,17.843032699716144,18.120220184326172,4363700
2010-07-28,18.13812271355313,18.13812271355313,17.796193801463986,17.80414581298828,2710700
2010-07-29,18.05064435362146,18.368717067850714,17.716667624508165,18.08245086669922,4019100
2010-07-30,17.835945937395056,18.281247768140627,17.74847536616826,18.146066665649414,2669200
2010-08-02,18.42437706881069,18.742449739286094,18.16196692608221,18.480039596557617,4180800
2010-08-03,18.392575731074974,18.416431758793628,17.7405261403385,18.07450294494629,3274900
2010-08-04,18.098355243645678,18.233536339483734,17.096425036261905,17.358835220336914,9574500
2010-08-05,17.207746495612984,17.430398111615258,17.09642144595687,17.398590087890625,2804400
2010-08-06,17.144134215778386,17.39064188193915,16.937386584493673,17.34292984008789,4813700
2010-08-09,17.398601125529517,17.764386046965782,17.279323994273064,17.740530014038086,2742900
2010-08-10,17.501973141855558,17.637154274907328,17.358839999013586,17.43040657043457,5489500
2010-08-11,16.945336407897226,17.160036018491013,16.627263753326826,16.635215759277344,3945100
2010-08-12,16.39666616677679,16.595461820261672,16.380762150492288,16.523895263671875,3021500
2010-08-13,16.5000456443846,16.706793386268973,16.404623026326018,16.54775619506836,3128200
2010-08-16,16.404616382236316,16.579557525041693,16.33305134354101,16.47618293762207,2237200
2010-08-17,16.61931978630269,16.80221146156089,16.57160924421159,16.722694396972656,2287200
2010-08-18,16.730646954243845,16.794261518010554,16.50004321265775,16.706790924072266,1913100
2010-08-19,16.61136588953152,16.667028435096594,16.110401462755252,16.245582580566406,2954600
2010-08-20,16.094496748460532,16.26943638647871,15.951363627949954,16.16606330871582,2406600
2010-08-23,16.277383907072178,16.428468994475523,16.181962864168057,16.229673385620117,2262300
2010-08-24,16.022925623461575,16.102444169612497,15.744611470278397,15.7525634765625,3203500
2010-08-25,15.593530514733377,15.657145058979143,15.386782866762045,15.569674491882324,5175800
2010-08-26,15.681003931406249,15.720763980562243,15.35497911178106,15.46630573272705,3061900
2010-08-27,15.561720461453636,16.07858875585094,15.347020833773312,16.070636749267578,2331900
2010-08-30,15.983174121670015,16.054740692938108,15.56967871360788,15.585582733154297,1582100
2010-08-31,15.474253933387041,16.04678642288745,15.466303441424486,15.943411827087402,3453100
2010-09-01,16.229681592941905,16.674983557293206,16.158115016227654,16.643177032470703,3812900
2010-09-02,16.595461481867883,17.05666732788086,16.50003890279707,17.05666732788086,3576700
2010-09-03,17.215703453479154,17.732571854156355,17.215703453479154,17.708717346191406,3914600
2010-09-07,17.541731015992017,17.549683025483876,16.929441452026367,16.929441452026367,3046600
2010-09-08,16.99305440838672,17.255464630103006,16.977150390903166,17.008956909179688,2178000
2010-09-09,17.295221986070107,17.43040309214609,17.096426331057806,17.23160743713379,1633500
2010-09-10,17.255461078730487,17.541725751064952,17.104375977112955,17.390642166137695,2326000
2010-09-13,17.57354084071479,17.700769972138808,17.406551657788967,17.684865951538086,1818000
2010-09-14,17.668958508799918,17.740525070951218,17.454260339036594,17.629199981689453,2662300
2010-09-15,17.43835874913127,17.66100895865021,17.374744186884318,17.613298416137695,1942100
2010-09-16,17.565583368606504,17.597389883227212,17.43835427674285,17.589439392089844,1418700
2010-09-17,17.7246236649606,17.74847817602412,17.573538522565343,17.653057098388672,3955200
2010-09-20,17.692812774855348,18.058596041290386,17.629198227793147,18.002933502197266,1767500
2010-09-21,18.042691846838807,18.13016089289964,17.81208818747321,17.90751075744629,2610400
2010-09-22,17.85185277960165,17.88365929991657,17.565586513313942,17.653057098388672,4067400
2010-09-23,17.454261236029907,17.58944235851941,17.334982615187485,17.414501190185547,2800600
2010-09-24,17.581491520248846,17.851853783233526,17.247514696367226,17.81209373474121,3743500
2010-09-27,17.76438357023326,17.788239599834917,17.589443903226837,17.613298416137695,2966800
2010-09-28,17.692816472869524,17.851853632110945,17.422454212173562,17.772335052490234,2019300
2010-09-29,17.668955943125837,17.804137039038856,17.6132934065776,17.692811965942383,2279200
2010-09-30,17.82799813248021,17.95522725697412,17.55763586375796,17.613298416137695,2701300
2010-10-01,17.700770908321935,17.76438547739848,17.334985998613583,17.52583122253418,2816200
2010-10-04,17.446302766739944,17.58148383917379,17.26340965695996,17.334976196289062,2870600
2010-10-05,17.5178776364628,17.931371539930115,17.223659333010435,17.891613006591797,2595000
2010-10-06,17.883655115167162,17.94726965760198,17.788234059860105,17.851848602294922,1791600
2010-10-07,17.979084959711166,18.082458064223328,17.653060108269276,17.764385223388672,2149400
2010-10-08,17.74052266460382,17.827993232410925,17.501968500917666,17.78823471069336,2318200
2010-10-11,17.820045049471666,17.89956362666437,17.70076794202797,17.732574462890625,1464000
2010-10-12,17.653053444605177,17.756426510096134,17.43835378932738,17.692811965942383,3128200
2010-10-13,17.804133091997823,18.177869783150598,17.748470567789546,17.93136215209961,3047200
2010-10-14,17.883654735780443,18.25738997507021,17.740521639165976,17.90751075744629,2700500
2010-10-15,18.058594344592407,18.185824943453273,17.756425653609874,17.90751075744629,2756800
2010-10-18,17.8995580696159,18.177872245040337,17.827991524029898,18.161968231201172,1546400
2010-10-19,17.875704968707993,18.201729722213173,17.645102797134065,17.708717346191406,4442100
2010-10-20,17.732571854156355,17.81209041965065,17.589440256295205,17.708717346191406,4095300
2010-10-21,17.838474176718247,18.349513232554447,17.718699588383704,17.92630958557129,4173100
2010-10-22,17.94228146333211,18.054072418059025,17.83847720860367,17.90235710144043,1921400
2010-10-25,18.062049736008447,18.10995925403577,17.814513926332367,17.846454620361328,2470200
2010-10-26,17.742656607840143,17.94228146333211,17.742656607840143,17.90235710144043,3912100
2010-10-27,17.766611449035462,18.3095912785763,17.686761205335326,18.23772621154785,3702700
2010-10-28,18.36548199963847,18.42936187610786,18.038097442355788,18.181827545166016,1982300
2010-10-29,18.086011602969013,18.093996779950704,17.742656607840143,17.90235710144043,2159000
2010-11-01,17.998174136122003,18.349512715603048,17.774593793984216,17.942277908325195,1963300
2010-11-02,18.14988521445218,18.29361530434665,18.022125472994045,18.221750259399414,2310800
2010-11-03,18.213762404299448,18.213762404299448,17.359368687925194,17.622873306274414,5130100
2010-11-04,17.894370371974723,18.333544406748377,17.782580949963243,18.301605224609375,2920900
2010-11-05,18.301601648621723,18.58107667205987,18.14988637480964,18.26966094970703,2250100
2010-11-08,18.17383911907757,18.22174863710489,17.73466371427609,17.846454620361328,2387200
2010-11-09,17.87041603993133,17.918327100873523,17.303482192599493,17.359376907348633,3486500
2010-11-10,17.311464555991602,17.66280466405135,17.17571961808328,17.65481948852539,3528300
2010-11-11,17.439219781284535,17.838469315612446,17.319445225589384,17.630859375,2768200
2010-11-12,17.45519751962524,17.574972126039228,17.359376920684,17.431241989135742,2367600
2010-11-15,17.503105306060068,17.70273013777927,17.41526989273831,17.55900001525879,2055800
2010-11-16,17.415272371230216,17.63086758569383,17.175723148281854,17.23960304260254,3378500
2010-11-17,17.27951822440705,17.81451262621897,17.23959388280067,17.423248291015625,3012500
2010-11-18,17.66280329620545,17.950261977796085,17.622877421667592,17.73466682434082,2486100
2010-11-19,17.73467318159324,17.830493791816007,17.59094455078449,17.702733993530273,1793100
2010-11-22,17.574969231223704,17.654819463352958,17.37534441240883,17.58295440673828,1731900
2010-11-23,17.32743665664033,17.383331367949385,17.12781181738418,17.151765823364258,2451700
2010-11-24,17.327435001615495,17.662804760453746,17.327435001615495,17.566984176635742,1675400
2010-11-26,17.33542111615708,17.463182420398006,17.287511578952188,17.3194522857666,720700
2010-11-29,17.143775167347364,17.415264983800455,17.08788047390399,17.35138511657715,1559400
2010-11-30,17.103851474466587,17.303476257537852,17.039971604804432,17.159746170043945,2120200
2010-12-01,17.495117166348923,17.74265148930366,17.191688143664052,17.726682662963867,2413900
2010-12-02,17.766609427987163,18.14988872652763,17.758624252223836,18.10996437072754,2562700
2010-12-03,17.98220837672739,18.05407345065614,17.710718435889188,17.966238021850586,2228400
2010-12-06,17.8784016943009,17.958251941653998,17.782582615890618,17.88638687133789,1449800
2010-12-07,18.11794775820188,18.269661513680926,17.942276954780922,18.093992233276367,2443100
2010-12-08,18.08600650937095,18.63697138180415,18.07802133463814,18.573091506958008,3828400
2010-12-09,18.70085308073823,18.740777435280176,18.493243086483826,18.66092872619629,2631800
2010-12-10,18.692862095020807,18.940396366877355,18.581072718637078,18.932411193847656,1709200
2010-12-13,19.084129989841983,19.259800783182378,18.90047554500094,19.124055862426758,3001900
2010-12-14,19.163981347852786,19.411515680484627,19.028236419051506,19.100101470947266,3425900
2010-12-15,19.10010615287174,19.31570136140692,18.9643611907959,18.9643611907959,3214900
2010-12-16,19.012264058537845,19.13203862469257,18.868533969945677,18.884504318237305,2189100
2010-12-17,18.876521110616725,19.12405696587611,18.81264123381155,19.028236389160156,3058100
2010-12-20,19.044208814145104,19.187938933371466,19.020253286601854,19.15599822998047,1474400
2010-12-21,19.283757199606736,19.443457663920668,19.195923314948928,19.43547248840332,1848200
2010-12-22,19.45144025856408,19.63509470204574,19.45144025856408,19.62710952758789,1779100
2010-12-23,19.55525168469032,19.62711675826996,19.363611996150237,19.45943260192871,1405600
2010-12-27,19.395547298485738,19.619126111276117,19.331665897098276,19.571216583251953,1086100
2010-12-28,19.59517118206822,19.627110358235033,19.419500382593476,19.491365432739258,1102000
2010-12-29,19.491365128734945,19.54725982841736,19.355620205356367,19.379575729370117,831000
2010-12-30,19.363600507217527,19.427480365495956,19.267779958291904,19.315690994262695,813300
2010-12-31,19.275775031396865,19.41950516710014,19.18794113303566,19.33965492248535,1184600
2011-01-03,19.5153222279619,19.86666080375779,19.5153222279619,19.826736450195312,1811300
2011-01-04,19.83472798574946,19.922563419372125,19.667042296380455,19.794803619384766,2038500
2011-01-05,19.67502335715699,20.010393142700195,19.67502335715699,20.010393142700195,2848000
2011-01-06,20.002404776926333,20.050315826518812,19.85867619719807,19.978450775146484,1603600
2011-01-07,20.05031783924562,20.082257019163723,19.714948073514535,19.89061737060547,1793200
2011-01-10,19.722932217122995,19.842706800826885,19.45144234845206,19.826736450195312,1639800
2011-01-11,19.89860242502303,20.002406662894682,19.786813011466396,19.906587600708008,1679200
2011-01-12,20.05830142123112,20.19404635188457,19.994421543453996,20.074270248413086,1126300
2011-01-13,20.050320785591968,20.138154685536144,19.86666476276302,19.88263511657715,1689000
2011-01-14,19.842702217866222,20.03434181213379,19.82673187092323,20.03434181213379,1326800
2011-01-18,20.058302046252667,20.146135929047876,19.922557111369375,20.04233169555664,1372100
2011-01-19,20.002401729498747,20.042327598076316,19.706957917105523,19.770837783813477,1716200
2011-01-20,19.79479727194862,20.066285617603096,19.547261406208587,19.826736450195312,2375800
2011-01-21,19.938527715134654,20.11419854240643,19.858679000574686,20.058303833007812,1816700
2011-01-24,20.01837809431935,20.170093394486397,19.922559026962933,20.114198684692383,2567900
2011-01-25,20.018379394961453,20.28986930847168,19.93852915163197,20.28986930847168,2076600
2011-01-26,20.29785010610391,20.561354786131737,20.217999880001088,20.465534210205078,2281200
2011-01-27,20.427474487068874,20.643850615432502,20.379391412499192,20.53165626525879,1739600
2011-01-28,20.49158314780683,20.49158314780683,19.87451124352724,19.97869300842285,3941000
2011-01-31,20.03478884526868,20.130956504280526,19.93060861582784,19.986705780029297,1667100
2011-02-01,20.15499633411634,20.547677993774414,20.122941468293746,20.547677993774414,2062800
2011-02-02,20.435483627452466,20.563706147538156,20.12294142581023,20.146982192993164,1784500
2011-02-03,20.1710255161948,20.37938750408098,19.738273342462012,20.21910858154297,3899800
2011-02-04,20.283217096682215,20.74000997693176,20.24314813574319,20.65987205505371,2256800
2011-02-07,20.72398514774288,21.044541449284726,20.65987388743451,20.948373794555664,1836400
2011-02-08,20.99646115054215,21.10064138905955,20.868238613043868,21.044544219970703,1682700
2011-02-09,20.96440078744065,21.13269379141546,20.8441923723346,21.06858253479004,1779800
2011-02-10,20.916319953201242,21.06858477709181,20.764055129310673,21.02050018310547,2129700
2011-02-11,20.932352352317746,21.317020010212698,20.85221287478962,21.284963607788086,1525900
2011-02-14,21.244891678164663,21.373114212960793,20.98844660857241,21.1807804107666,1579000
2011-02-15,21.084612745402914,21.28496064708851,21.012487378513445,21.1807804107666,1601200
2011-02-16,21.228863341966644,21.48530840990134,21.204821043647826,21.437225341796875,1479800
2011-02-17,21.244887597508683,21.581472068831648,21.212831205700354,21.46126365661621,1308800
2011-02-18,21.49332336107734,21.66963049866901,21.373114921785987,21.53339385986328,1788500
2011-02-22,21.228859912087124,21.565444391503817,20.94035849300627,21.06858253479004,2265500
2011-02-23,21.092626400276227,21.220848932369513,20.828167236767186,20.91632080078125,2760600
2011-02-24,20.89227765620807,21.18879320499148,20.699943865861975,21.02050018310547,2959000
2011-02-25,21.084606647083856,21.3170108795166,21.068579981269636,21.3170108795166,1727300
2011-02-28,21.357085706368256,21.469281569098783,21.044543473370943,21.26091957092285,3569200
2011-03-01,21.3570836522214,21.3570836522214,20.812137175333753,20.948373794555664,2802300
2011-03-02,20.924332525700606,21.020498649591477,20.435483222234254,20.483566284179688,4681100
2011-03-03,20.748024601220536,21.060568312899356,20.74001050312283,20.95638656616211,1697700
2011-03-04,20.908300519277947,20.996454057226714,20.59575838077989,20.852203369140625,2329800
2011-03-07,20.908308210896852,21.14872509379494,20.6117926286915,20.683917999267578,2276700
2011-03-08,20.707954214623836,21.365094928097278,20.57973171094769,21.18878936767578,6101900
2011-03-09,21.140703501270227,21.48530203221699,21.140703501270227,21.228857040405273,3199300
2011-03-10,20.988441334812308,21.188789186156555,20.82816244232379,20.876245498657227,2567600
2011-03-11,20.772072117179118,21.156739751368864,20.70796084481416,21.092628479003906,1662400
2011-03-14,20.86823717978348,20.948375113816006,20.523638560724418,20.740013122558594,2378300
2011-03-15,20.05081764270592,20.707958491913743,19.834441549859502,20.59576416015625,3202200
2011-03-16,20.515622026979223,20.611788147819247,20.13896705617916,20.243148803710938,5323500
2011-03-17,20.547678974640547,20.667888930679403,20.195067791094694,20.387401580810547,1943400
2011-03-18,20.68391252781195,20.956385738237643,20.531649255569786,20.571718215942383,3652000
2011-03-21,20.860222047580532,21.108652993550777,20.764054391557803,21.036527633666992,1727000
2011-03-22,21.036526275982123,21.268930538060214,20.8281643084913,20.844192504882812,2145500
2011-03-23,20.748022079467773,20.83617561929527,20.53966013985089,20.748022079467773,1474100
2011-03-24,20.852206897592,20.876247663985875,20.611788533922525,20.764053344726562,1625000
2011-03-25,20.780080993611353,21.06858241099706,20.715969737362634,20.95638656616211,1728400
2011-03-28,21.03652721941598,21.164749739232636,20.948373663842148,21.004470825195312,1216000
2011-03-29,20.96440078744065,21.09262330069149,20.828164176045014,21.06858253479004,1575800
2011-03-30,21.164748560707856,21.35708232972305,21.140706266381112,21.325027465820312,1467600
2011-03-31,21.172764254721585,21.26091781203133,21.012485337528048,21.036527633666992,3006900
2011-04-01,21.24489388461681,21.53339538213788,21.14872620926534,21.30099105834961,2379400
2011-04-04,21.325026428208414,21.517360187865222,21.244886979551534,21.252901077270508,1775800
2011-04-05,21.204821180707633,21.268933976638884,21.14070991330957,21.1807804107666,1671200
2011-04-06,21.2689332314153,21.461267026870477,21.252905032994086,21.39715576171875,1933600
2011-04-07,21.333042015996803,21.765792623318152,21.236874365184864,21.38913917541504,2160000
2011-04-08,21.42921051422849,21.54941894467175,20.972417561424237,21.084611892700195,1182800
2011-04-11,21.068582444404043,21.260916213455175,21.044540150072805,21.156734466552734,856000
2011-04-12,20.988438701420616,21.180772431155294,20.948368219059677,21.060564041137695,1147600
2011-04-13,21.156740674141947,21.18879707598925,20.82015609741211,20.82015609741211,1896000
2011-04-14,20.635832446810475,20.748026774866435,20.45952685578925,20.675901412963867,1683800
2011-04-15,20.619800527935457,20.683911779331364,20.267189409524367,20.587745666503906,3099200
2011-04-18,20.331303389393913,20.411441317993756,20.17102447512821,20.315275192260742,2386800
2011-04-19,20.37938412537689,20.459523573359558,20.25917571766931,20.451509475708008,2121000
2011-04-20,20.75915917460937,20.895891399193044,20.598298726571464,20.614383697509766,1807200
2011-04-21,20.710904878007305,20.847637126915185,20.598302390939818,20.75111961364746,1217200
2011-04-25,20.767208463856317,20.783294973564292,20.558088439934636,20.590261459350586,1338600
2011-04-26,20.718940485035304,20.936103659167024,20.686767481122487,20.82349967956543,1400000
2011-04-27,20.839586199016885,21.04870612234596,20.630466275687812,20.98436164855957,1369500
2011-04-28,20.968276799315554,21.289999193605745,20.968276799315554,21.249784469604492,1583600
2011-04-29,21.24174487512818,21.330219124075413,21.1050126422523,21.298046112060547,1176500
2011-05-02,21.434774502759165,21.483032478037586,21.137181865433302,21.21761131286621,1268300
2011-05-03,21.145225372803388,21.33021555868643,20.815458191146867,21.032621383666992,2383000
2011-05-04,21.54737868348979,21.65193788654492,20.847631132266276,21.338258743286133,2872000
2011-05-05,21.169355747561248,21.169355747561248,20.75111582328577,20.920021057128906,2791700
2011-05-06,21.153267017121465,21.298042478300232,20.847631125594482,21.096965789794922,2351200
2011-05-09,21.072847162089207,21.241750920959728,20.968286377374433,21.201536178588867,1561700
2011-05-10,21.281957545108234,21.442819521417388,21.20152809104716,21.426733016967773,1304500
2011-05-11,21.394561925035184,21.499121137641858,21.121097480871853,21.265872955322266,1672700
2011-05-12,21.1934868685898,21.474994587044957,21.05675463585979,21.458908081054688,2459100
2011-05-13,21.41869202079173,21.483036511274154,20.968280587414785,21.088926315307617,1955500
2011-05-16,20.984370897249423,21.322179917037833,20.911983140573767,21.177404403686523,1343900
2011-05-17,21.07283756899405,21.145225299583434,20.936105359446703,21.096965789794922,1621700
2011-05-18,21.04871739621024,21.21762115508076,20.968286377374433,21.201536178588867,1232400
2011-05-19,21.322169890331843,21.676065252761603,21.233695666201097,21.635848999023438,2343600
2011-05-20,21.563474727629654,21.684120495916243,21.450872215108063,21.491086959838867,2418900
2011-05-23,21.201526713674802,21.28195616251072,21.04066474781616,21.056751251220703,1778000
2011-05-24,21.153271345128374,21.19348761151381,20.783290898944596,20.79133415222168,2379900
2011-05-25,20.686771307249135,20.952192502247858,20.59025534584608,20.831546783447266,2193300
2011-05-26,20.77524357646206,21.072837753050287,20.646554617422126,20.976320266723633,2222100
2011-05-27,21.08088146132747,21.129140976094643,20.944150771767774,20.992408752441406,1344000
2011-05-31,21.209571617243714,21.249786344793723,20.968278649663116,21.161312103271484,2190300
2011-06-01,21.05675185386189,21.08892332749832,20.437435261902788,20.461565017700195,2543100
2011-06-02,20.517867851852284,20.7109013110485,20.40526538417788,20.558082580566406,1900800
2011-06-03,20.276575307215914,20.622427504227403,20.236360577649105,20.3248348236084,1734900
2011-06-06,20.244400240622497,20.429390418376908,20.107668036609816,20.131797790527344,2085700
2011-06-07,20.260492466022807,20.381138201501457,20.107673716233183,20.123760223388672,2249500
2011-06-08,20.051372349790345,20.123760097443245,19.930726615066764,20.01115608215332,1885300
2011-06-09,20.059411590852836,20.276573256279143,19.978980605761066,20.212228775024414,2127700
2011-06-10,20.051370520902278,20.172016244621748,19.842250550544847,19.946809768676758,2670600
2011-06-13,19.987024230922593,20.123756447903943,19.87442023605394,20.051368713378906,2410300
2011-06-14,20.284620254138552,20.60634425391809,20.20419078828739,20.44548225402832,2894900
2011-06-15,20.204189555680596,20.276575763711794,19.68138885498047,19.68138885498047,3299500
2011-06-16,19.721605253598952,19.850294232897017,19.592916274300887,19.79399299621582,3044300
2011-06-17,20.00310887544207,20.27657174988843,19.97897912147916,20.139841079711914,2675700
2011-06-20,20.0674605585566,20.28462228583676,19.938771559392844,20.220277786254883,1854900
2011-06-21,20.373094507487295,20.64655898684367,20.357008000679574,20.44548225402832,3649200
2011-06-22,20.41330364615245,20.461563153350113,20.067453049129046,20.07549476623535,3182700
2011-06-23,19.8020341873547,19.946808123420627,19.568784477854877,19.922679901123047,4493700
2011-06-24,19.93072334871429,19.970938075666965,19.536613195022785,19.721603393554688,4109000
2011-06-27,19.705516698578226,19.89050689532122,19.657258719882986,19.842248916625977,3020500
2011-06-28,19.930720846922284,20.07549476623535,19.86637637141871,20.07549476623535,2023300
2011-06-29,20.204187056607225,20.381133996529183,20.075496560008098,20.292659759521484,2566800
2011-06-30,20.37309055760983,20.662641487636606,20.236358344440905,20.493736267089844,2270100
2011-07-01,20.550037349511392,20.88784625410497,20.445478144465163,20.863718032836914,2339300
2011-07-05,20.783292629434644,20.831550619021595,20.52591463951248,20.75111961364746,2456500
2011-07-06,20.6867751793644,20.952196424044214,20.65460369757276,20.936111450195312,2727400
2011-07-07,21.129148415046046,21.241750920959728,21.064803906796218,21.201536178588867,1492000
2011-07-08,20.9119832897218,20.98437104691374,20.71090652732063,20.952198028564453,2973500
2011-07-11,20.638513726568334,20.702858213448692,20.445480265927255,20.509824752807617,3109600
2011-07-12,20.429389998840872,20.68676789896906,20.365045523808828,20.517864227294922,2924800
2011-07-13,20.630466545061402,20.9441472011974,20.493734344718348,20.72698402404785,3644700
2011-07-14,20.783289168507668,20.89589163682409,20.42939372425004,20.501781463623047,2384800
2011-07-15,20.63046472754643,20.63046472754643,20.21222491227363,20.35700035095215,1965200
2011-07-18,20.324835201462097,20.381136437539745,19.802036036906394,19.99506950378418,2063900
2011-07-19,20.11571677789564,20.44548250096821,19.954854776062984,20.3328800201416,2640400
2011-07-20,20.389184883273323,20.48570087424673,20.244409362719196,20.373098373413086,1329500
2011-07-21,20.582212172177307,20.97632233995128,20.558082414687394,20.767202377319336,2225300
2011-07-22,20.654601957455345,20.686773436536587,20.30874973629318,20.55004119873047,2104400
2011-07-25,20.34896469116211,20.453525451030245,20.18810422580965,20.34896469116211,1562700
2011-07-26,20.31678789763676,20.582209053433363,20.155925940265895,20.196142196655273,2008200
2011-07-27,20.151717969860268,20.192101556759752,19.650953173417186,19.67518424987793,2115400
2011-07-28,19.73172446872634,20.127489526142007,19.723647442182926,19.828645706176758,1976200
2011-07-29,19.60249966903794,19.893264989325008,19.51365389700085,19.699420928955078,2466400
2011-08-01,19.933652267176765,19.998266960889826,19.400580658910062,19.562116622924805,2679100
2011-08-02,19.408649875248294,19.69941510964175,19.037114380557774,19.053268432617188,3209100
2011-08-03,19.182502636203044,19.77211182118727,19.053273268001995,19.68326759338379,4666800
2011-08-04,19.392499505113292,19.56211246233482,18.600969290341848,18.657506942749023,5082800
2011-08-05,18.940195011772957,18.940195011772957,17.97097336039163,18.407123565673828,5458700
2011-08-08,17.9709724494286,18.294045803333745,16.468679428100586,16.468679428100586,7613600
2011-08-09,16.75944736508079,18.132511138916016,16.59790990679357,18.132511138916016,10437000
2011-08-10,17.777127621981013,17.922511009706128,17.147133455350584,17.211748123168945,10278200
2011-08-11,17.292518512531768,18.770580529540318,17.292518512531768,18.407123565673828,6054900
2011-08-12,18.56866126023744,18.95634934173332,18.08405038809985,18.156742095947266,4177300
2011-08-15,18.399047327744334,18.867504119873047,18.277893460725455,18.867504119873047,3770800
2011-08-16,18.584812759279416,18.802887852827617,18.318277047343372,18.5928897857666,3377100
2011-08-17,18.770588138358775,18.859433928901478,18.399053997063778,18.633281707763672,2565000
2011-08-18,17.91443402744044,18.04366336339297,17.462131351606587,17.599437713623047,5345600
2011-08-19,17.30059404461813,18.092124118556193,17.284439992365872,17.51866912841797,4189600
2011-08-22,18.03558976686979,18.043666794469605,17.429826561703273,17.5671329498291,3268100
2011-08-23,17.615593684371216,18.512123726560848,17.559056031356644,18.46366310119629,5295400
2011-08-24,18.366741350916787,18.786737569308748,18.261743066586593,18.76250648498535,3720700
2011-08-25,18.932118897277878,19.10173184714873,17.987128280829854,18.253664016723633,4020000
2011-08-26,18.06789755390875,18.657506693323437,17.833668379312645,18.37481689453125,3867700
2011-08-29,18.69788698998608,19.061345458646894,18.66558042640245,19.053268432617188,4854200
2011-08-30,18.907886976199737,19.07750145907577,18.52019893039074,18.940195083618164,4144800
2011-08-31,19.085580034446398,19.28750111688696,18.827121295408173,19.012889862060547,3414400
2011-09-01,19.037115904958483,19.174422277387936,18.730196593928994,18.73827362060547,3713200
2011-09-02,18.245587284776793,18.544429593824066,18.092126846313477,18.092126846313477,2579400
2011-09-06,17.437906396925445,17.865979685425298,17.413675310224637,17.83367156982422,2801300
2011-09-07,18.197126742764024,18.52827716267033,18.124435036878694,18.512123107910156,2348500
2011-09-08,18.38289289726202,18.592890977786347,18.140586708717624,18.221355438232422,2002300
2011-09-09,17.93059761720896,18.18905642659339,17.623676625662934,17.825597763061523,3881400
2011-09-12,17.534826861784747,18.051745904042455,17.486366231132227,18.019437789916992,2911200
2011-09-13,18.148659944725644,18.399043107973576,17.93866190806692,18.164813995361328,2470600
2011-09-14,18.35059449479088,18.423286235747007,17.704447397998884,18.10828971862793,4711500
2011-09-15,18.36674128088525,18.673662185668945,18.14058911633598,18.673662185668945,4309500
2011-09-16,18.746350545409133,18.95634863350756,18.431354183529212,18.70596694946289,3180200
2011-09-19,18.245596169263255,18.294056816388604,17.857907911188057,18.10828971862793,2752200
2011-09-20,18.245590668038894,18.350588961908507,17.84982549801385,17.85790252685547,3049000
2011-09-21,17.841748493458866,17.98713193173448,16.937141288930434,16.96137237548828,3101200
2011-09-22,16.436372321074447,16.91290608007406,16.347526573979028,16.7917537689209,5338000
2011-09-23,16.654448829941046,16.969445173988216,16.589834155763796,16.75944709777832,2791900
2011-09-26,17.03405732347503,17.38136172340303,16.686752923547026,17.36520767211914,3172700
2011-09-27,17.825592327100075,17.906361065536075,17.31675189386372,17.462135314941406,2909500
2011-09-28,17.478286755561122,17.510594865163302,16.79983185926989,16.83213996887207,2836900
2011-09-29,17.235982106269997,17.429826142395736,16.87252357569957,17.421749114990234,3616600
2011-09-30,17.163294939447137,17.38137011546519,16.929065704345703,16.929065704345703,3601700
2011-10-03,16.727138321507965,17.139057430616145,16.161760330200195,16.161760330200195,4181900
2011-10-04,15.935611611808973,16.95329406209328,15.927534583568349,16.91291046142578,5300000
2011-10-05,16.920989284697495,17.599444323526317,16.67868303338104,17.502521514892578,3056400
2011-10-06,17.445972130799678,18.148656244292013,17.268280691107794,18.084041595458984,3241100
2011-10-07,18.22136109652638,18.253669214579116,17.720597590995816,17.769058227539062,4668300
2011-10-10,18.205201444632408,18.49596669049626,18.140585233845712,18.423274993896484,3931900
2011-10-11,18.285967313582766,18.73827151338955,18.18904608543499,18.48788833618164,2247700
2011-10-12,18.673657571229192,19.295573174121103,18.673657571229192,19.029037475585938,3489800
2011-10-13,19.037119880285683,19.085580509928757,18.471741759688104,18.770584106445312,3257800
2011-10-14,19.101730762435068,19.352112429684247,18.883655661668687,19.303651809692383,2178000
2011-10-17,19.101732347065195,19.117886401914358,18.47981510019154,18.544429779052734,3066800
2011-10-18,18.697891515846994,19.529806911851146,18.3344344997459,19.400577545166016,3333700
2011-10-19,19.392501425584726,19.521730798323354,18.72212347680224,18.770584106445312,3052500
2011-10-20,18.84327453513516,19.31980839228655,18.65750751706883,19.25519371032715,2992600
2011-10-21,19.50557677137479,19.796343630748414,19.150195225533217,19.6671142578125,4109300
2011-10-24,19.723655568101666,19.965960302089755,19.63480978005593,19.747886657714844,3787300
2011-10-25,19.505572450165783,19.52172650333796,18.96442399318028,19.04519271850586,4598400
2011-10-26,19.368269406167105,19.642882195123235,18.98058130665336,19.457115173339844,5819800
2011-10-27,20.231826599301666,20.28049936453835,19.809991841172234,20.069581985473633,6272000
2011-10-28,19.939789715868866,19.988462487946528,19.574740057087567,19.66397476196289,4636900
2011-10-31,19.290814303627766,19.736984734364142,19.16101921296702,19.339487075805664,4138500
2011-11-01,18.39847267693182,19.234028415167064,18.333575128842874,18.512042999267578,5668500
2011-11-02,17.94419271694877,18.07398783393416,17.43312308994892,17.9117431640625,7618300
2011-11-03,18.114545445368346,18.13888260629486,17.489905573770912,17.79817008972168,5316500
2011-11-04,17.65215022996313,17.798170101055998,17.457457584265843,17.733272552490234,3634700
2011-11-07,17.595363593367406,17.871178538470367,17.473680893417153,17.85495376586914,2172000
2011-11-08,17.944185954168574,18.293009232552876,17.79005373060762,18.219999313354492,3475400
2011-11-09,17.708933316340286,17.89551355319264,17.514240693457907,17.571025848388672,4340900
2011-11-10,17.790058410325987,17.89551635064281,17.538580593201505,17.684598922729492,2712800
2011-11-11,17.960411241160593,18.34168565129551,17.960411241160593,18.122655868530273,2614600
2011-11-14,18.025307311841587,18.10642961890709,17.84683947412093,17.919849395751953,2394100
2011-11-15,17.78194465456192,18.293012636778197,17.725159495124505,18.163217544555664,3305600
2011-11-16,17.879287345460998,18.155100688068554,17.725155131164495,17.74949073791504,3334800
2011-11-17,17.741381366914098,17.91173681736514,17.311434227194013,17.433116912841797,3658500
2011-11-18,17.60347815816861,17.749496487811577,17.368223568175544,17.619701385498047,3028700
2011-11-21,17.303323135032997,17.441230601681657,17.100518128036697,17.27898597717285,2695600
2011-11-22,17.2059787272021,17.571028415489415,17.14919356397511,17.33577537536621,2748800
2011-11-23,17.100516650181987,17.246536490164754,16.81658935546875,16.81658935546875,2518100
2011-11-25,16.75980966473044,17.068074215603772,16.743584888941363,16.792259216308594,918900
2011-11-28,17.335771992565824,17.48179029210795,17.124854607965847,17.327659606933594,3022600
2011-11-29,17.343885173451085,17.522354586906257,17.214090080363444,17.319549560546875,1931600
2011-11-30,18.138885886694847,18.357914185526113,17.94419320591156,18.260568618774414,3848800
2011-12-01,17.8549604635706,18.163223522231295,17.790062896100977,18.000980377197266,2118800
2011-12-02,18.12265956442774,18.34168939186146,17.863069345519513,17.895517349243164,3354300
2011-12-05,18.23622320819952,18.341682662991744,17.927960323155933,18.106428146362305,2938200
2011-12-06,18.073990198052094,18.08210258733478,17.80628754084364,17.90363311767578,4237300
2011-12-07,17.77383142700996,18.195666230416002,17.62781156834791,18.114543914794922,2613400
2011-12-08,17.927965716561495,17.93607810377673,17.2871010520748,17.33577537536621,2904100
2011-12-09,17.48179437299632,17.603478638605992,17.3519992671404,17.41689682006836,3344500
2011-12-12,17.141081317355848,17.197868028328273,16.88960350073948,17.003173828125,3269400
2011-12-13,17.157306802592277,17.28710190991759,16.5002188783479,16.638126373291016,4775500
2011-12-14,16.54077975543357,16.70302441799985,16.419097032148745,16.435321807861328,4818200
2011-12-15,16.743579862830046,16.808477399225538,16.605672404579714,16.613784790039062,3685100
2011-12-16,16.74357899770312,16.857150840986556,16.581335938737013,16.69490623474121,4723900
2011-12-19,16.73546791864371,16.8165902280969,16.12705291866383,16.151390075683594,2147000
2011-12-20,16.378537033305744,16.638127261819307,16.378537033305744,16.557004928588867,2857700
2011-12-21,16.55700228284004,16.970724723652115,16.548889896085342,16.930164337158203,4281400
2011-12-22,16.946384187071562,17.15730155883278,16.857151045107425,17.116741180419922,2699500
2011-12-23,17.230313208731975,17.31143552098638,17.132967671850224,17.27898597717285,1357400
2011-12-27,17.214085055868846,17.400666801591946,17.20597267150879,17.20597267150879,880400
2011-12-28,17.214091255612157,17.246540804739258,16.986950600841116,17.003173828125,1359800
2011-12-29,17.003170371843453,17.311434836770474,17.003170371843453,17.197864532470703,1104800
2011-12-30,17.15730285795593,17.246537553956028,17.092405319213867,17.092405319213867,1140100
2012-01-03,17.522357962488343,17.627815915708087,17.368225679524237,17.457460403442383,2149800
2012-01-04,17.416891285446443,17.571023504901145,17.30332099073204,17.514238357543945,2078400
2012-01-05,17.335774288254346,17.66026202011713,17.09240732889759,17.6440372467041,2072600
2012-01-06,17.65215185633684,17.749497414514572,17.400674025884655,17.408784866333008,2712700
2012-01-09,17.068069278037623,17.230312347154275,16.905824661641635,17.10051727294922,3052100
2012-01-10,17.287099536631914,17.757607122911764,17.287099536631914,17.7170467376709,3232200
2012-01-11,17.635920447001386,17.806277430651033,17.530462540764308,17.74949073791504,2974600
2012-01-12,17.85495374263104,18.155104298965725,17.757606654429846,18.114543914794922,3364700
2012-01-13,17.895512669706726,18.04964490210902,17.603474523440536,18.041532516479492,2251700
2012-01-17,18.301122848356716,18.398469929593652,18.04153269476404,18.138879776000977,2619200
2012-01-18,18.082100714876372,18.27679339565966,18.01720160733539,18.260568618774414,2518800
2012-01-19,18.357912651253642,18.625615258367255,18.357912651253642,18.447147369384766,2413200
2012-01-20,18.406583779680947,18.503929321383062,18.3579094615504,18.471481323242188,2507300
2012-01-23,18.455259259694078,18.739186634683776,18.455259259694078,18.7148494720459,1526900
2012-01-24,18.58505389295322,18.958215974173235,18.56882911827416,18.917654037475586,3005100
2012-01-25,18.844642639160156,18.909540185570336,18.649949999929625,18.844642639160156,3063500
2012-01-26,18.832416848186593,18.938353599411705,18.48200816025733,18.596094131469727,5206800
2012-01-27,18.53905385771662,18.783524275876594,18.416818648636635,18.677587509155273,2784100
2012-01-30,18.441262060320913,18.66128633706321,18.310877649133946,18.596094131469727,1868400
2012-01-31,18.734626728821134,18.81611736989233,18.514602464220317,18.6042423248291,1861700
2012-02-01,18.807965065124154,18.930200229527323,18.70202833712259,18.832412719726562,2334900
2012-02-02,18.89761183308453,18.91390872115112,18.718332075606877,18.807971954345703,1349600
2012-02-03,19.044297064694387,19.38655662536621,19.044297064694387,19.38655662536621,2442600
2012-02-06,19.215429370725843,19.419155297707373,19.142087912668053,19.272472381591797,2084600
2012-02-07,18.889462581696282,18.889462581696282,18.10715444646513,18.547203063964844,6780900
2012-02-08,18.53089891573649,18.946499741749474,18.53089891573649,18.75092315673828,3395700
2012-02-09,18.767226525261584,18.807971074980582,18.164198174451787,18.3353271484375,4830300
2012-02-10,18.139747517227264,18.2945795783461,17.952320132575597,18.28643035888672,4689000
2012-02-13,18.400518564195192,18.465710773507027,18.27013414557152,18.384220123291016,2280500
2012-02-14,18.294581427903065,18.376070522125925,18.13974935113092,18.359773635864258,2828200
2012-02-15,18.465711446197396,18.612394311068776,18.37607157226379,18.482009887695312,2410600
2012-02-16,18.449414916972145,18.70203612345911,18.384222698528273,18.612396240234375,1577200
2012-02-17,18.718332075606877,18.840568839088917,18.64499063923966,18.807971954345703,1463500
2012-02-21,18.995399178832198,19.150231271123275,18.86501474984129,19.027996063232422,2882100
2012-02-22,19.036143287980906,19.10948471588498,18.905758872663625,18.970951080322266,2932400
2012-02-23,18.922057957151768,19.068740830001047,18.87316418430368,18.938356399536133,1734300
2012-02-24,18.9465064211327,19.04429552526504,18.85686653853681,18.889463424682617,1347500
2012-02-27,18.70203773165492,19.011700407315065,18.669440842477417,18.905763626098633,1835100
2012-02-28,18.905760921138015,19.117634453256862,18.85686559436751,18.954654693603516,2010900
2012-02-29,19.01169901149349,19.23172333437197,18.759079356135857,18.783525466918945,3823500
2012-03-01,18.816119208260563,19.08503726205599,18.775374660896503,18.881311416625977,2245200
2012-03-02,19.09318671863732,19.321358673587092,18.83241788194908,18.922056198120117,2054200
2012-03-05,18.848717335144837,19.190976868479876,18.82427122481703,19.150232315063477,1585700
2012-03-06,18.946500632606714,19.011692830675756,18.726476381259467,18.75907325744629,2850400
2012-03-07,18.81611944107985,18.930205418554735,18.750927231907788,18.922056198120117,2033400
2012-03-08,19.011697784245225,19.190975987070555,18.856865690624936,19.14208221435547,4023100
2012-03-09,19.158378571729234,19.451744284703405,19.06058948263623,19.362104415893555,2087100
2012-03-12,19.37026017000448,19.402855507827066,19.215428041007456,19.313217163085938,1393300
2012-03-13,19.39469858862003,19.753256488218234,19.362103263731875,19.720661163330078,2733200
2012-03-14,19.671765254933327,19.82659731784946,19.59842383325225,19.679914474487305,2351300
2012-03-15,19.802152530326538,20.1118167010574,19.639172778530497,20.079219818115234,2809000
2012-03-16,20.087375441259766,20.21775990597575,19.891798744185788,19.91624641418457,2382800
2012-03-19,19.899939335976807,20.079217508623536,19.720661163330078,19.720661163330078,2247900
2012-03-20,19.639173753349183,19.91624105489051,19.516938544858597,19.810302734375,1473500
2012-03-21,19.891792188583203,19.93253673751451,19.614724903796557,19.704364776611328,1142800
2012-03-22,19.590278897339907,19.590278897339907,19.38655304302134,19.427297592163086,1468700
2012-03-23,19.39470050113693,19.549532583961767,19.321359070025427,19.516937255859375,1761100
2012-03-26,19.736954434389038,19.85919115467368,19.639166923326677,19.83474349975586,1849500
2012-03-27,19.89179200321284,20.05477330602908,19.826599792947324,19.924388885498047,2469500
2012-03-28,19.8754936712982,20.136262513793355,19.826599901906587,20.11181640625,3193500
2012-03-29,19.91624641418457,19.973289423209636,19.639179038086745,19.91624641418457,2299500
2012-03-30,20.03847333069255,20.071068656177285,19.83474749492244,19.948833465576172,2222200
2012-04-02,19.883640186046062,20.185155090589944,19.810298764786864,20.030323028564453,3949400
2012-04-03,19.981433937184615,20.046626154177673,19.769558843380924,19.908092498779297,2526400
2012-04-04,19.73695907633355,19.851046605144557,19.61472388160482,19.712512969970703,2404000
2012-04-05,19.6147277495504,19.745112190212982,19.50879097437648,19.639175415039062,1680400
2012-04-09,19.362106523030878,19.378404965370912,19.109486883980413,19.14208221435547,1874100
2012-04-10,19.1176375726755,19.142085240049866,18.767230332807724,18.79982566833496,1926600
2012-04-11,18.987250904525695,19.036146233564182,18.873164912046036,18.962804794311523,1223600
2012-04-12,18.954652641275825,19.329507446765362,18.832417446194665,19.30506134033203,1259900
2012-04-13,19.223573665296502,19.2643182185235,18.946506351298694,18.962804794311523,1683100
2012-04-16,19.12578245159777,19.272465313921263,18.90575971241744,19.18282699584961,2089400
2012-04-17,19.33766166592406,19.46804611495651,19.21542643924429,19.41100311279297,1923300
2012-04-18,19.313215409123274,19.345810743985655,19.0850418478657,19.166532516479492,1423600
2012-04-19,19.223573983122204,19.34580919912921,19.076891102191762,19.190977096557617,1701600
2012-04-20,19.17467789920348,19.248019330839366,18.987248932631264,19.036144256591797,2191200
2012-04-23,18.848716735839844,18.881313620980592,18.677587751766,18.848716735839844,3719600
2012-04-24,18.897609681972728,19.190973839742995,18.88131124145637,19.101335525512695,2059100
2012-04-25,19.280610799566972,19.47618739334369,19.10948186287657,19.443592071533203,1981100
2012-04-26,19.439502716064453,19.53772404828372,19.234876371684827,19.439502716064453,1898600
2012-04-27,19.521356005387513,19.63594627298296,19.414949418755764,19.562280654907227,1561800
2012-04-30,19.562282864443638,19.603209079761225,19.3822122005727,19.43132209777832,2031800
2012-05-01,19.480430894478662,19.64413262415007,19.251250346349167,19.42313575744629,2598200
2012-05-02,18.408185146264536,18.825623062380057,18.28540965591881,18.727401733398438,5719800
2012-05-03,18.670105201297634,18.694660921985793,18.244483637594104,18.391813278198242,5868600
2012-05-04,18.26085199876641,18.39999795606335,17.859784606834033,18.03167152404785,3114900
2012-05-07,17.95800702077004,18.129892387293218,17.908895577899138,18.039857864379883,3663300
2012-05-08,17.892530153497997,18.072600795677214,17.81886453597575,17.949825286865234,2328800
2012-05-09,17.737015054049166,18.023492304311972,17.687905158944957,17.827051162719727,3446200
2012-05-10,17.712455245947915,17.99893243022236,17.704270005120065,17.81067657470703,3727500
2012-05-11,17.63060405156798,17.884340245064973,17.270461300002157,17.737009048461914,2520200
2012-05-14,17.507831050688818,17.614237633293587,17.434165435400978,17.458721160888672,2521900
2012-05-15,17.425978703674968,17.46690334448048,17.188611415713037,17.229536056518555,2275000
2012-05-16,17.360490595322577,17.38504630776218,16.803908497261343,16.81209373474121,3325600
2012-05-17,16.787541671220062,16.84483678485831,16.37010383605957,16.37010383605957,4103100
2012-05-18,16.411027334865466,16.509248637997786,16.23095676715997,16.288251876831055,3205600
2012-05-21,16.29644308877623,16.574735061618405,16.247333199796792,16.541994094848633,2969900
2012-05-22,16.656586209017977,16.80391743971122,16.451959846649636,16.558364868164062,2177500
2012-05-23,16.411034439572916,16.52562626969912,16.181853901671158,16.47651481628418,4382100
2012-05-24,16.55017939286751,16.607476084909614,16.304628385959404,16.525625228881836,2413300
2012-05-25,16.533811511934946,16.58292140417456,16.378295031804946,16.47651481628418,2047100
2012-05-29,16.640215204344084,16.68113985106631,16.43558884838256,16.58292007446289,1720200
2012-05-30,16.394666682332943,16.443776578065457,16.20640921987,16.24733543395996,1516000
2012-05-31,16.22277889569302,16.460146242039507,16.13274279036499,16.329185485839844,2813300
2012-06-01,15.960859030327635,16.042709901692625,15.764417875756973,15.797157287597656,3932800
2012-06-04,15.813524224249301,15.82170946566591,15.527047019368663,15.592527389526367,2374100
2012-06-05,15.576158619475594,15.838080102655763,15.535232411994203,15.674378395080566,2804700
2012-06-06,15.829892913848667,16.255516052246094,15.739856829640559,16.255516052246094,3439600
2012-06-07,16.460139604879007,16.59928554738077,16.165477241657687,16.190032958984375,5074600
2012-06-08,16.100001776072936,16.21459203602446,15.88719017818068,16.198223114013672,2544800
2012-06-11,16.370106082445805,16.394661803592466,15.928112468855781,15.952668190002441,2266100
2012-06-12,15.993599756208617,16.067263822005767,15.797157043497894,15.911748886108398,3487200
2012-06-13,15.862635377422238,16.059078064746767,15.625269602099314,15.682564735412598,4182900
2012-06-14,15.756228719674507,15.87081897442337,15.617082741261544,15.62526798248291,3769600
2012-06-15,15.739862551867152,15.96904468536377,15.674382165321768,15.96904468536377,3441300
2012-06-18,15.854453761635472,15.903563659275722,15.731676675771597,15.76441764831543,3072800
2012-06-19,15.854448411159987,15.96085341366745,15.805336968918109,15.879002571105957,2939300
2012-06-20,15.911748514512,16.435591573038995,15.870822299829916,16.206409454345703,4253100
2012-06-21,16.214594115475254,16.321000708655163,15.674380590459196,15.690751075744629,2735600
2012-06-22,15.788973377723304,15.879007929867848,15.698937264403263,15.76441764831543,2770300
2012-06-25,15.543417961039573,15.543417961039573,15.035945467630713,15.158720970153809,3665600
2012-06-26,15.166906309873825,15.437013041641103,15.109609617895726,15.330606460571289,3514300
2012-06-27,15.363347142649223,15.527047290312428,15.256940563551701,15.387901306152344,2261300
2012-06-28,15.256941653162567,15.486123749668877,15.117795659065042,15.46975326538086,3207900
2012-06-29,15.846265050338594,15.846265050338594,15.57615833067033,15.658007621765137,3866200
2012-07-02,15.748045344163135,15.870820854678884,15.592528864883018,15.862635612487793,2967600
2012-07-03,15.805347347633344,16.05090003656208,15.788978417312224,16.026344299316406,1567500
2012-07-05,16.01814609548474,16.075441208199038,15.829890279087849,15.903555870056152,2529400
2012-07-06,15.67437816780685,15.788969985918015,15.600712556583659,15.715304374694824,2127200
2012-07-09,15.658008196549202,15.707119646419088,15.518862210934957,15.617083549499512,1611500
2012-07-10,15.723488326108331,15.756229292183454,15.437012678826965,15.5106782913208,2125000
2012-07-11,15.494309935845644,15.764416698353674,15.453383722632061,15.690751075744629,2803200
2012-07-12,15.52704839921361,15.592528775190369,15.363348239859368,15.46975326538086,2135100
2012-07-13,15.469750204207632,15.911743825469992,15.469750204207632,15.895373344421387,2190000
2012-07-16,15.846267708971983,15.854452951689789,15.60071511096411,15.698936462402344,2064200
2012-07-17,15.666193720935805,15.674378962728511,15.248755756559193,15.486123085021973,3581800
2012-07-18,15.510681339910372,15.977229269953474,15.494310853655229,15.911748886108398,3886400
2012-07-19,15.960856957605582,16.042707818341185,15.838081447089833,15.862635612487793,2510200
2012-07-20,15.69893416272718,15.805339180120946,15.494307808283239,15.5106782913208,1814400
2012-07-23,15.207833134574466,15.412459523124271,15.117797024036408,15.346979141235352,1962500
2012-07-24,15.289681028617867,15.437012249508106,14.962279182847974,15.027759552001953,3604400
2012-07-25,15.076870114746672,15.306052197651614,15.052314389771967,15.158720970153809,2471500
2012-07-26,15.422491511491625,15.43897771700631,15.199934025887753,15.31533432006836,2323100
2012-07-27,15.430732131635098,15.727477494312394,15.373031993828034,15.620320320129395,2288200
2012-07-30,15.570868402612273,15.735727357655906,15.570868402612273,15.661540985107422,1377700
2012-07-31,15.669781300965676,15.727481453297257,15.562622527597398,15.570865631103516,1721500
2012-08-01,15.653295581009791,15.71923883889933,15.224663618622154,15.331822395324707,2094400
2012-08-02,15.331824710674688,16.0077435991698,15.158722649941428,15.414254188537598,5517100
2012-08-03,15.70275484345566,16.02422964663889,15.678027100895685,15.809913635253906,3830300
2012-08-06,15.867604295558573,15.917061323273824,15.61207448478412,15.628559112548828,2783800
2012-08-07,15.69451191076048,15.950041851759297,15.69451191076048,15.801669120788574,2342100
2012-08-08,15.7357296277405,15.85112996959214,15.66978635065217,15.760458946228027,2287200
2012-08-09,15.752204907920074,15.958277702331543,15.694504777038567,15.958277702331543,3571900
2012-08-10,15.884095634282597,16.03246833763976,15.809909282604014,16.02422523498535,3346800
2012-08-13,15.983007431030272,16.0242229383953,15.875850256302895,15.983007431030273,2945900
2012-08-14,16.015984117547024,16.156113735619154,15.917068445644412,15.991254806518555,2675600
2012-08-15,15.941795780652365,16.06543917604631,15.900581839591409,16.02422523498535,1714600
2012-08-16,16.073680909109978,16.1890811920166,15.917065116443176,16.1890811920166,1966500
2012-08-17,16.197327681788668,16.255027835310496,15.958283964025195,15.991254806518555,2011500
2012-08-20,15.999493078077343,16.164351957387773,15.867606603513318,16.156108856201172,2288600
2012-08-21,16.180836587550182,16.312724634325,16.10665182129236,16.156108856201172,3195500
2012-08-22,16.139627061307593,16.21381342003534,15.826396991732496,15.925311088562012,2449600
2012-08-23,15.892340247022581,16.007740550727423,15.826396991732496,15.925311088562012,3145100
2012-08-24,15.851121938530294,15.983008425885906,15.7686924908803,15.834635734558105,2186700
2012-08-27,15.917068932673367,15.974769087960698,15.702752947169476,15.752211570739746,1891600
2012-08-28,15.669779245277113,15.801665739650565,15.669779245277113,15.69450855255127,2155000
2012-08-29,15.735724426129421,15.933554191999676,15.653294963964012,15.925311088562012,2292800
2012-08-30,15.867610892474831,15.9253110441664,15.80166763736858,15.8840970993042,3116200
2012-08-31,15.96652983348869,16.22205980286842,15.950043623280568,16.08193016052246,4148800
2012-09-04,16.08192588794825,16.156112241963758,15.95828248865944,16.07368278503418,3088100
2012-09-05,16.0654411673927,16.10665668577348,15.958283964025195,15.991254806518555,2035400
2012-09-06,16.106656027001666,16.47758624398984,16.07368361364563,16.428129196166992,4302500
2012-09-07,16.485829736910087,16.64244555962988,16.436372687918503,16.584745407104492,2361000
2012-09-10,16.543530418897856,16.617716780865123,16.436373213951406,16.444616317749023,2193100
2012-09-11,16.461100016748176,16.667172883332356,16.461100016748176,16.61771583557129,1780600
2012-09-12,16.71663199832274,16.741359736829917,16.49407291849065,16.551773071289062,2304800
2012-09-13,16.50231306882042,16.799056883280215,16.370426579680295,16.790815353393555,2685200
2012-09-14,16.988650718436578,17.24418067932129,16.799062451769064,17.24418067932129,4279500
2012-09-17,17.24418040321887,17.24418040321887,16.897977866958577,16.939191818237305,2164500
2012-09-18,16.856765800362414,16.86500733377044,16.700149938012064,16.78257942199707,1235300
2012-09-19,16.79081729089705,16.84851744002754,16.67541542042492,16.716630935668945,1730000
2012-09-20,16.609473762453288,16.617716866293282,16.419887090767325,16.52704429626465,2413300
2012-09-21,16.716633547996256,16.716633547996256,16.370431026900697,16.395158767700195,2696900
2012-09-24,16.353943864572916,16.485830381850818,16.26327129436512,16.33745765686035,2218800
2012-09-25,16.353945503696178,16.395159454897076,15.908827284111473,15.917070388793945,2536900
2012-09-26,15.867610931396483,15.91706797979468,15.636808751852858,15.867610931396484,3437300
2012-09-27,15.974766162101274,16.081924921332206,15.80990883036211,16.015981674194336,2213700
2012-09-28,15.93355280674348,15.950039012185503,15.809909410350478,15.842880249023438,2666300
2012-10-01,15.958285823089621,16.23030198724631,15.900585662845998,16.06544303894043,2717600
2012-10-02,16.098408205229383,16.139622137633445,15.950035533037568,16.106651306152344,1839200
2012-10-03,16.13962894996069,16.172601367569765,15.950042265342741,16.057199478149414,1722700
2012-10-04,16.11489706399172,16.378671646118164,16.09016932694413,16.378671646118164,1725700
2012-10-05,16.53529218506192,16.65893563401898,16.41989184233023,16.469348907470703,2258100
2012-10-08,16.36218498247137,16.436371335962246,16.25502621755739,16.37042808532715,1495900
2012-10-09,16.37043240377282,16.444618776833725,16.238545867711554,16.304489135742188,1866400
2012-10-10,16.320967699370822,16.320967699370822,16.048951623455007,16.11489486694336,2626000
2012-10-11,16.263270273809223,16.46934314065083,16.164356178163523,16.428129196166992,2301100
2012-10-12,16.41164113275259,16.436370439971856,16.180838982005827,16.279754638671875,1332500
2012-10-15,16.41988712321187,16.41988712321187,16.230300451151294,16.33745765686035,1614900
2012-10-16,16.46934545841808,16.74960472254107,16.41988840363503,16.741361618041992,4352700
2012-10-17,16.815545933317637,17.04634811447901,16.76608888457278,17.038105010986328,3157800
2012-10-18,17.01338327735259,17.16999916903935,16.980412420909655,17.153512954711914,2184800
2012-10-19,17.145267628344374,17.202969371021748,16.83203745772585,16.881494522094727,3973500
2012-10-22,16.5188076737959,16.972167514248714,16.329219373555635,16.963924407958984,1814300
2012-10-23,16.733118962066488,16.93919186343288,16.691905010677797,16.865005493164062,2977000
2012-10-24,16.914457336604272,16.963914372874342,16.799055489026326,16.84027099609375,1720100
2012-10-25,16.848572690116335,17.10574062754972,16.82368659327297,17.022783279418945,1536800
2012-10-26,17.014486509224067,17.10573974569149,16.798798048115437,16.9398250579834,1848500
2012-10-31,16.923234151702744,16.956417723879717,16.674363689494687,16.823686599731445,2830100
2012-11-01,16.89834804836269,17.296541420654638,16.83198248631403,17.022783279418945,3464700
2012-11-02,17.09744278501723,17.238469786075367,16.865162553192167,17.130624771118164,2794000
2012-11-05,16.989596303134523,17.147215074773733,16.8153873310171,17.072553634643555,1366400
2012-11-06,17.122329133503612,17.512228156371968,17.022781591441653,17.3463134765625,2061900
2012-11-07,17.122323761215473,17.188689295860527,16.57480770482399,16.632877349853516,2632000
2012-11-08,16.657769879875087,16.80709277197259,16.242984771728516,16.242984771728516,2208400
2012-11-09,16.1683258526535,16.41719790580583,16.085368501602726,16.30935287475586,1699600
2012-11-12,16.392304486681564,16.392304486681564,16.12684232208418,16.20150375366211,1139400
2012-11-13,16.02729884394824,16.392310239508845,16.002412746208112,16.11025619506836,2509200
2012-11-14,16.184916696633223,16.21809868575294,15.861384786887083,15.911158561706543,1810900
2012-11-15,15.927744981133987,16.09365803539376,15.886265530859614,16.04388427734375,1788600
2012-11-16,16.010709335530546,16.184919955900284,15.79502240711863,16.160032272338867,2205400
2012-11-19,16.350826162894823,16.475262945631517,16.28446061716565,16.408897399902344,1869800
2012-11-20,16.350827152113073,16.47526394237814,16.21809605262455,16.43378448486328,1843400
2012-11-21,16.442079948546045,16.50844549656349,16.309348852511164,16.491853713989258,1212400
2012-11-23,16.558223118927142,16.782207489013672,16.50844934189008,16.782207489013672,390900
2012-11-26,16.666069009732663,16.86516571044922,16.65777311608448,16.86516571044922,1801900
2012-11-27,16.831983292305758,16.939826742443934,16.682660374976063,16.724138259887695,2534200
2012-11-28,16.607996400221825,16.873458620910824,16.591404615858853,16.85686683654785,1593400
2012-11-29,16.92323195764253,16.997893403081214,16.83198031054605,16.914936065673828,1770900
2012-11-30,16.93152784961123,17.01448518701861,16.807092634639954,16.914936065673828,2346000
2012-12-03,17.01448483669726,17.072554497002915,16.939823392795823,16.9564151763916,2255700
2012-12-04,16.973008121673477,17.047669577645163,16.881756461703503,16.948122024536133,3065600
2012-12-05,17.00619085881968,17.188695752074107,16.964712977441774,17.155513763427734,1504900
2012-12-06,17.163809415516557,17.18869551108249,17.014486513002062,17.1389217376709,1122600
2012-12-07,17.188695949417653,17.279949188232422,17.055964828748774,17.279949188232422,1834200
2012-12-10,17.221880540989467,17.404385447151252,17.014487954872944,17.396089553833008,1525700
2012-12-11,17.454161098201414,17.454161098201414,17.246768508625525,17.304838180541992,1667700
2012-12-12,17.412678648251784,17.71132443241476,17.2550598641347,17.495635986328125,2263000
2012-12-13,17.454161098201414,17.62837011395082,17.29654228708537,17.304838180541992,1835200
2012-12-14,17.238471306378308,17.38779263042097,16.956417279386997,17.279949188232422,1833400
2012-12-17,17.338019251170277,17.562003615762364,17.130626672610155,17.329723358154297,3381400
2012-12-18,17.296543507270798,17.64496314562877,17.26335993110337,17.636667251586914,2194300
2012-12-19,17.62836981990426,17.62836981990426,17.396089553833008,17.396089553833008,2040700
2012-12-20,17.379497058594566,17.54541015625,17.313131503076463,17.54541015625,2091600
2012-12-21,17.387793112698347,17.462454567930415,17.221879998400276,17.313133239746094,2957300
2012-12-24,17.313132759539524,17.495637654889293,17.22187952072476,17.279949188232422,596200
2012-12-26,17.304830722918556,17.379492149572467,17.172099649373653,17.23016929626465,1205900
2012-12-27,17.255060389353368,17.29653985079392,16.939824393803498,17.18039894104004,1843600
2012-12-28,17.07255040441301,17.17209949984445,17.006184868218448,17.04766273498535,1283600
2012-12-31,16.997890350300082,17.2799442974612,16.923228918270414,17.271648406982422,1929300
2013-01-02,17.60347940321784,17.802576065063477,17.570297417383376,17.802576065063477,1557300
2013-01-03,17.819166643648114,17.976785416967804,17.744505202721918,17.960193634033203,1629600
2013-01-04,17.97678355978458,18.225653948974735,17.96848766917433,18.15928840637207,1389100
2013-01-07,18.076337574300993,18.101223670611382,17.95190076362995,18.05974578857422,1091800
2013-01-08,17.960199205797753,18.001678676002367,17.810876277621144,17.927017211914062,1342900
2013-01-09,18.217359997702196,18.275431238155956,17.951897799031634,18.05144691467285,1043300
2013-01-10,18.134405395902014,18.408163503404925,18.1012218278267,18.350093841552734,1943300
2013-01-11,18.366681627524045,18.42475128173828,18.209064446736665,18.42475128173828,1721600
2013-01-14,18.391570615680447,18.46623205708983,18.250543624382672,18.44964027404785,1398500
2013-01-15,18.31690786423747,18.433047172665944,18.292020191454483,18.42475128173828,1021300
2013-01-16,18.358388900756836,18.41646014725935,18.233953679953668,18.358388900756836,1069100
2013-01-17,18.433047938635344,18.930790339022543,18.374978282008076,18.67362403869629,2370300
2013-01-18,18.739988507014477,18.806354051090924,18.54089187478514,18.665327072143555,1670100
2013-01-22,18.64873833385557,18.96397590637207,18.623852239690336,18.96397590637207,1330300
2013-01-23,19.080114576040884,19.221141573154977,19.03034080714167,19.20454978942871,3015100
2013-01-24,19.22957961650928,19.40477401674512,19.196210239597665,19.29631996154785,1866300
2013-01-25,19.34637041563516,19.49653654321863,19.146149442595483,19.42979621887207,2390800
2013-01-28,19.438139558580744,19.504879890451686,19.287975005282394,19.32134437561035,1469200
2013-01-29,19.33803116802482,19.53825217721806,19.237919867820633,19.471511840820312,1973200
2013-01-30,19.438144023724913,19.471514992933557,19.187868119521656,19.204553604125977,2351200
2013-01-31,19.212896999222206,19.479858397100298,19.154497801122858,19.446487426757812,2137600
2013-02-01,19.604996038050057,19.688421871348673,19.504884719848633,19.504884719848633,1720900
2013-02-04,19.338028831066307,19.39642641945522,19.137807846069336,19.137807846069336,2149600
2013-02-05,19.321345094039643,19.604991912841797,19.287975722470907,19.604991912841797,2677900
2013-02-06,19.204550604154498,20.122231428239804,19.204550604154498,19.905324935913086,4069600
2013-02-07,19.896984713580032,19.955382316749667,19.58830962240651,19.71344757080078,2140900
2013-02-08,19.796869996642574,20.097202294127744,19.78018451540116,20.072174072265625,2163100
2013-02-11,20.013783763035963,20.197319349843013,19.95538614865261,20.163949966430664,1482800
2013-02-12,20.163949966430664,20.214004837157013,20.063838633762312,20.163949966430664,1509200
2013-02-13,20.322451940529774,20.62278265305534,20.322451940529774,20.430904388427734,2981000
2013-02-14,20.32245604549121,20.46427948521419,20.222344726950997,20.355825424194336,1769200
2013-02-15,20.397542636367127,20.531023356512854,20.355828916811774,20.4058837890625,1918300
2013-02-19,20.464276052593334,20.739580143380905,20.42256234719209,20.689523696899414,2251100
2013-02-20,20.631122418797812,20.681178856346413,20.180625619364513,20.230680465698242,2722900
2013-02-21,20.1305719628082,20.155600185040093,19.871953364605687,19.99709129333496,2156900
2013-02-22,20.138911921407345,20.280735312031968,20.08051433548218,20.230680465698242,1510100
2013-02-25,20.34748132796036,20.389195037583256,19.763503714177684,19.780187606811523,2758400
2013-02-26,19.871952360029866,19.93034995107038,19.67173136594167,19.83024024963379,3370600
2013-02-27,19.846925280947918,20.389190659895217,19.821897060547897,20.347476959228516,2209100
2013-02-28,20.297421817483595,20.53101376420988,20.163941159701416,20.414216995239258,3724100
2013-03-01,20.289086344766517,20.597761470960705,20.022124933579935,20.531021118164062,2765800
2013-03-04,20.439250074664155,21.089969629470577,20.372509729905705,21.039913177490234,4306100
2013-03-05,21.081621611150656,21.465378099661084,21.081621611150656,21.398637771606445,4380900
2013-03-06,21.507094131363804,21.799082103755726,21.457037686483666,21.740684509277344,2699400
2013-03-07,21.7990837097168,21.88250953278132,21.632233654802985,21.799083709716797,2552400
2013-03-08,21.940909717769124,22.132789610799254,21.907540339339153,22.116104125976562,2454500
2013-03-11,22.09107189612385,22.666708288485484,22.05770252373998,22.583282470703125,3807300
2013-03-12,22.53322600795213,22.65836393008495,22.39140260521093,22.51654052734375,3188700
2013-03-13,22.549910047459445,22.916981050095245,22.549910047459445,22.89195442199707,2849000
2013-03-14,22.92532799722754,23.25068854314967,22.91698525592541,23.200632095336914,2857900
2013-03-15,23.125549317914707,23.225660623637076,22.942013780508123,23.133892059326172,4189300
2013-03-18,22.65002192370025,23.12554699794222,22.583281590319185,22.82521629333496,3273300
2013-03-19,22.70841732946426,22.983721377048564,22.70841732946426,22.89195442199707,3458600
2013-03-20,23.00041389584453,23.133894590602804,22.850247716437625,23.017099380493164,1894100
2013-03-21,22.900299668763484,23.000409374545452,22.650022221878398,22.76681900024414,2705800
2013-03-22,22.908641820796955,22.933670043945316,22.733449032403907,22.933670043945312,2195600
2013-03-25,23.067154243223666,23.067154243223666,22.825221080680073,23.017099380493164,2438800
2013-03-26,23.15892096999753,23.517650905247315,23.125550003362545,23.417539596557617,2843800
2013-03-27,23.200633087076,23.44256782153386,23.13389274502129,23.417539596557617,2283000
2013-03-28,23.38416961631936,23.64278823619042,23.375826874876395,23.567705154418945,4057500
2013-04-01,23.57604465984541,23.65112773131108,23.367480926044102,23.400850296020508,1600400
2013-04-02,23.51765313398166,23.559365255013127,23.267375634146614,23.342458724975586,2357100
2013-04-03,23.008758217224425,23.12555343534954,22.566602390983554,22.641685485839844,3170800
2013-04-04,22.70007796136128,22.84190137610414,22.441459354906122,22.50819969177246,2645300
2013-04-05,22.174498817545434,22.216210932905092,21.315215556685768,21.90753746032715,5539800
2013-04-08,22.02433395941411,22.216212247365664,21.715660468572967,22.06604766845703,2566200
2013-04-09,22.091073077668987,22.333007803056237,21.907537541703466,22.28295135498047,2281600
2013-04-10,22.41643125406457,22.89195632197631,22.32466270018159,22.866928100585938,2733900
2013-04-11,22.90030066535329,23.033781339681532,22.750134508930227,22.908641815185547,1836300
2013-04-12,22.758477249977638,22.942012779375183,22.616653834601983,22.908641815185547,2033400
2013-04-15,22.850244319241167,22.866929801409132,22.024332046508793,22.02433204650879,1990300
2013-04-16,22.232896197842244,22.416433322544123,22.099415520540074,22.358034133911133,1779600
2013-04-17,22.14112974491763,22.19118460227368,21.690631255067537,21.80742645263672,2676300
2013-04-18,21.857482209412364,21.89085158285517,21.46538133075697,21.582178115844727,2264500
2013-04-19,21.690634426665266,22.0159934338763,21.60720859139654,21.999309539794922,1495200
2013-04-22,22.082731560858903,22.082731560858903,21.72400321038155,22.06604766845703,1531900
2013-04-23,22.224550688356207,22.708418481110616,22.157810358018185,22.57493782043457,2153200
2013-04-24,22.68339097535499,22.900297438376978,22.591622427980127,22.78350067138672,1466900
2013-04-25,22.9427704033069,23.160712734811355,22.7667380908447,23.11880111694336,1907400
2013-04-26,23.10203741883845,23.127185350583943,22.741591724615606,22.825416564941406,1048100
2013-04-29,22.94276804873323,23.160710357870673,22.791883681772255,23.076887130737305,948100
2013-04-30,23.085269984675158,23.387037122535705,22.909237688666384,23.37865447998047,1568800
2013-05-01,23.160713705633448,23.479247770554775,22.76673904515265,22.775121688842773,1825700
2013-05-02,22.90923732512516,23.093650661937172,22.38952468672686,23.068504333496094,1515300
2013-05-03,23.32836068777736,23.512774031186147,22.951149759412086,22.99306297302246,2782100
2013-05-06,22.69129589962172,23.19424330816634,22.64100163841498,23.11880111694336,2918600
2013-05-07,23.252924635621973,23.621753018552518,23.20263036484882,23.445720672607422,2498600
2013-05-08,23.437332713102418,23.755866753030087,23.37027316766907,23.604982376098633,2272900
2013-05-09,23.613367612335338,23.663661877227213,23.395423666036073,23.504396438598633,1572000
2013-05-10,23.521158679796578,23.59660087190335,23.36189325097183,23.546306610107422,1280000
2013-05-13,23.537930188530463,23.730726242065426,23.43734003952351,23.73072624206543,2049800
2013-05-14,23.722336772114488,24.074399794120197,23.722336772114488,24.066017150878906,1545600
2013-05-15,24.066022095842246,24.292348713384435,23.973816198893463,24.267202377319336,1198800
2013-05-16,24.040870691496135,24.040870691496135,23.454098458347342,23.630130767822266,4041100
2013-05-17,23.688806941177965,23.90675086109164,23.680424298239863,23.848073959350586,2044900
2013-05-20,23.797778369366302,23.87322055783203,23.479245928264312,23.604982376098633,2327100
2013-05-21,23.63851430736185,23.705573856650894,23.294833917402276,23.437334060668945,2801100
2013-05-22,23.437333725653424,23.638513969470637,23.02659379227596,23.12718391418457,3670600
2013-05-23,22.884091595034565,23.236154616442438,22.758355144280124,23.102035522460938,2126300
2013-05-24,22.90085653864551,22.909239181747072,22.50688190582616,22.791885375976562,2138900
2013-05-28,23.152330190845394,23.479245265755267,23.043357433325014,23.278066635131836,1753200
2013-05-29,23.06012457042689,23.864839157531605,23.01821135308242,23.68880844116211,2353700
2013-05-30,23.730723399372184,24.342643668112636,23.663663841009313,24.20014190673828,1916600
2013-05-31,24.049250827500085,24.493519678818114,23.873218536376953,23.873218536376953,2071000
2013-06-03,23.881609267171708,23.97381676512436,23.32836747710797,23.898374557495117,1968200
2013-06-04,23.881605441005664,24.09954938381404,23.504396062119724,23.621749877929688,1747300
2013-06-05,23.55468787711482,23.55468787711482,22.96791566142282,23.043357849121094,2242600
2013-06-06,23.07689133838359,23.529542922973633,22.892476367884132,23.529542922973633,2284600
2013-06-07,23.7474928267781,24.13308655367557,23.546314116633177,24.09955596923828,1894200
2013-06-10,24.191758271957212,24.334260027499184,23.940283739269425,23.99057960510254,1848300
2013-06-11,23.655277098152396,24.024105404662752,23.57145386384043,23.646894454956055,1324500
2013-06-12,23.831314963771632,23.864843945548387,23.32836744651167,23.479251861572266,1739800
2013-06-13,23.428954249505153,23.856457899464594,23.27806985595436,23.797780990600586,1382500
2013-06-14,23.68881026535318,23.822929373532002,23.236157076130244,23.26968765258789,1444600
2013-06-17,23.387037128024915,23.848072875717563,23.37865448546771,23.77263069152832,1943800
2013-06-18,23.848076865819245,24.116315077227227,23.822928933940048,24.05763816833496,1035500
2013-06-19,24.007339902724045,24.16660692437311,23.75586700439453,23.75586700439453,1535100
2013-06-20,23.496010339486396,24.418078655156553,23.39542022566887,24.225282669067383,3738500
2013-06-21,24.451612930266624,24.82044127170468,24.31749382407567,24.4935245513916,6022100
2013-06-24,24.15823016220358,24.325879867785474,23.789401769219058,23.898374557495117,4953400
2013-06-25,24.049261691408617,24.208527171006935,23.814552396826407,24.09955596923828,3369200
2013-06-26,24.334255782345558,24.568963386651234,24.191754051663267,24.51866912841797,2393800
2013-06-27,24.69469854928487,25.08029210591828,24.644404293663314,24.97970199584961,1670900
2013-06-28,24.887502836727652,24.89588548139548,24.610881957993303,24.619264602661133,2394500
2013-07-01,24.820445463868495,25.05515313993177,24.795297527650515,24.92941665649414,1561800
2013-07-02,24.912643072255154,25.130586983778976,24.8623488153883,25.013233184814453,1795400
2013-07-03,24.81205826022079,24.988088984929515,24.74499870811854,24.87073516845703,717100
2013-07-05,25.14735582527935,25.558095778566482,25.105444205100884,25.549713134765625,1212200
2013-07-08,25.692217784592156,25.86825012664775,25.65030615967826,25.75927734375,1183100
2013-07-09,25.985604374250936,26.35443275497611,25.910162169129286,26.33766746520996,2060900
2013-07-10,26.304131631967863,26.44663336886629,26.128100921059886,26.379573822021484,1657700
2013-07-11,26.714868344179774,26.79869156352137,26.18677310890535,26.312509536743164,1488800
2013-07-12,26.362811361548477,26.496930461480982,26.262221237186207,26.46339988708496,1364300
2013-07-15,26.362815399859187,26.46340394080403,26.253842615205233,26.33766746520996,1191700
2013-07-16,26.413105757654993,26.53884221462323,26.061042718848444,26.195161819458008,1192900
2013-07-17,26.25384132746235,26.25384132746235,25.826336052350683,26.111339569091797,1340500
2013-07-18,26.211926757774396,26.631049341305832,26.18677882718523,26.589136123657227,1178300
2013-07-19,26.631052018545223,26.631052018545223,26.144869836725526,26.37119483947754,1219200
2013-07-22,26.379573398431386,26.614282608032223,26.35442706803444,26.614282608032227,881800
2013-07-23,26.765165378649066,26.80707699267792,26.53883882571182,26.631046295166016,786400
2013-07-24,26.74001703239649,26.832222901581872,26.446630942309856,26.471778869628906,2186300
2013-07-25,26.484416144365923,26.720206414983387,26.307571835202072,26.57704734802246,1129200
2013-07-26,26.417042749028713,26.602306730863678,26.3075673367895,26.59388542175293,1375200
2013-07-29,26.60231092048449,26.686522418654008,26.324414100865596,26.467573165893555,736800
2013-07-30,26.619149621909642,26.69493979848266,26.31598891561757,26.42546272277832,1327000
2013-07-31,26.400203332704965,26.897049387094615,26.299149217320345,26.6444149017334,2421100
2013-08-01,26.98126017061023,27.739158788103012,26.98126017061023,27.705476760864258,1796100
2013-08-02,27.553897418730358,27.553897418730358,27.284421916399616,27.40231704711914,1420300
2013-08-05,27.393893754539576,27.393893754539576,27.05705098745215,27.242313385009766,1875800
2013-08-06,27.326525033194308,27.410734917388584,25.844408263326763,26.03809356689453,3973000
2013-08-07,25.911777412176047,25.945461044974728,25.448615013139523,25.633880615234375,2835700
2013-08-08,25.8275723994788,25.97073148873464,25.499149267856993,25.734939575195312,1550200
2013-08-09,25.692830974935696,25.768621164736157,25.457039094867504,25.53282928466797,2048000
2013-08-12,25.414933214941033,25.423354525298752,24.918087147240538,24.951770782470703,2911000
2013-08-13,25.07808969854133,25.254932403564453,24.93493062991276,25.254932403564453,2425800
2013-08-14,25.195983667571685,25.212826288088813,24.884401612807626,25.120193481445312,1832600
2013-08-15,24.91809114309914,24.91809114309914,24.59808772299296,24.74966812133789,1379800
2013-08-16,24.640189466655567,25.069666642642808,24.640189466655567,24.93492889404297,1451500
2013-08-19,24.934926897912444,24.94334820730086,24.58123993460161,24.774925231933594,2006800
2013-08-20,24.808613037711698,24.977036041418685,24.64019164020551,24.884403228759766,2134700
2013-08-21,24.842296600341797,25.137036033789382,24.673873608028693,24.842296600341797,1813500
2013-08-22,24.951768684618525,25.617037691138645,24.884399813621606,25.51598358154297,1279600
2013-08-23,25.57493348186364,25.57493348186364,25.17071863809996,25.38124656677246,1303900
2013-08-26,25.46545901841153,25.608618079547668,25.32229995727539,25.32229995727539,1372900
2013-08-27,25.0696626027186,25.137031466162167,24.539131397675156,24.61492156982422,3316400
2013-08-28,24.614926042579317,24.99387697218345,24.598083422107866,24.842296600341797,1339200
2013-08-29,24.80019303144762,25.238089944597945,24.724402841321435,25.052825927734375,1073800
2013-08-30,25.09493029929325,25.09493029929325,24.749664599395782,24.86756134033203,1358500
2013-09-03,25.238094158120283,25.642309108344236,24.842302126206324,25.044408798217773,1781000
2013-09-04,25.086507894829396,25.89493434234587,25.086507894829396,25.600194931030273,2128300
2013-09-05,25.60019515540969,25.852829627123295,25.541247593870025,25.67598533630371,1719200
2013-09-06,25.76020238119708,25.82757126693976,25.221251295255627,25.4823055267334,1614300
2013-09-09,25.57493400148734,25.81072425842285,25.532827451176953,25.81072425842285,1405100
2013-09-10,26.063358893256595,26.172832712298927,25.970726088235693,26.130727767944336,1383000
2013-09-11,26.08862460526606,26.66126091757495,25.928624510980423,26.49283790588379,1813700
2013-09-12,26.47599768869236,26.47599768869236,26.03809913004074,26.122310638427734,1153600
2013-09-13,26.223364270598836,26.282311847098033,26.02125760565831,26.097047805786133,703500
2013-09-16,26.475989100524185,26.484410409251307,26.265461200947307,26.341251373291016,861300
2013-09-17,26.34125555169999,26.467571990243112,26.24862274720806,26.450729370117188,889500
2013-09-18,26.459149947588273,26.728625437339296,26.30756958305317,26.34967613220215,1822800
2013-09-19,26.425463243912446,26.425463243912446,25.558089260116603,25.617036819458008,2774300
2013-09-20,25.617043298218764,25.911782775668343,25.465462903747497,25.4823055267334,2328800
2013-09-23,25.532821291456845,25.684401623604586,25.30545079323523,25.541242599487305,1774000
2013-09-24,25.532828545074025,25.95388442901311,25.47388097831467,25.667566299438477,1207700
2013-09-25,25.726518074617065,26.046521498230273,25.633886857214076,25.93704605102539,1126700
2013-09-26,26.038092471620207,26.26546300426197,25.869669497915083,26.063356399536133,1147500
2013-09-27,25.894939072920206,25.987571889279156,25.718096357544972,25.785465240478516,1178700
2013-09-30,25.423352690090663,25.743354429580837,25.34756250854288,25.633880615234375,1184600
2013-10-01,25.608625596805243,25.962312698364258,25.56652063960583,25.962312698364258,1044700
2013-10-02,25.7686183588303,25.7686183588303,25.440193703389703,25.633880615234375,1516100
2013-10-03,25.51598394513042,25.54124787443948,25.078087080510947,25.389667510986328,1354400
2013-10-04,25.440198973675933,25.903361468662922,25.31388251366164,25.878097534179688,885400
2013-10-07,25.61704256026437,25.70125406656706,25.414935908858446,25.499147415161133,1038100
2013-10-08,25.524408532793508,25.541251154495843,25.052826368533808,25.086511611938477,1143900
2013-10-09,25.162301478542613,25.204408034942652,24.800194730707638,24.859142303466797,2518400
2013-10-10,25.263350716854656,25.515983581542972,25.25492940720497,25.51598358154297,2600500
2013-10-11,25.4991438917322,26.03809488767665,25.490722581645482,25.970726013183594,1611600
2013-10-14,25.81072016688506,26.4086202369076,25.6422988109438,26.341251373291016,1613400
2013-10-15,26.543362920281496,26.627574417076183,26.17283329810529,26.198097229003906,1072500
2013-10-16,26.391781016168665,26.863363122179035,26.25704327159427,26.829679489135742,1198700
2013-10-17,26.652834975528624,26.981259630643603,26.577044794055983,26.871784210205078,1222900
2013-10-18,26.97283826183579,27.006523502733828,26.610731559386057,26.880207061767578,1145200
2013-10-21,26.905475777990475,26.981265977290807,26.75389537938981,26.821264266967773,1011100
2013-10-22,26.905470775622113,27.30968402593702,26.65283628952479,26.686521530151367,1827300
2013-10-23,26.602314126194766,26.70336665121493,26.18125819080859,26.240205764770508,1578700
2013-10-24,26.422103898491603,26.540551828987965,26.13444717454479,26.481327056884766,842000
2013-10-25,26.4813248297759,26.59977275031066,26.413640995345997,26.52362823486328,740800
2013-10-28,26.50670213628528,26.768976746120973,26.405175595927485,26.557464599609375,1268700
2013-10-29,26.650539749713943,26.96357854569544,26.582855903786886,26.946657180786133,864800
2013-10-30,26.980493820210736,27.09048106016165,26.76052095401881,26.870508193969727,1379700
2013-10-31,26.802825629247724,26.99741646150728,26.625154546181623,26.853588104248047,1409900
2013-11-01,26.89588889112087,26.946651361175558,26.63361263280036,26.658994674682617,1731500
2013-11-04,26.70975848142372,27.005875863363233,26.59131217413188,26.870508193969727,2511400
2013-11-05,27.91960894788829,27.91960894788829,27.276613313395607,27.56427001953125,3248200
2013-11-06,27.411979700369947,27.631950946553555,27.242769311618087,27.369674682617188,1649000
2013-11-07,27.50504285370471,27.691174607495014,27.005875586502246,27.03125762939453,1659200
2013-11-08,27.09048232413507,28.54568725857632,27.05663959835272,28.054977416992188,3432400
2013-11-11,28.046516374072148,28.046516374072148,27.598108357585236,27.87730598449707,1274700
2013-11-12,27.826543770326154,27.970373740732335,27.61503157599115,27.708097457885742,1075400
2013-11-13,27.5558021267599,27.877301492404808,27.36121133970144,27.75039291381836,2020400
2013-11-14,27.860390361500503,28.114204384434036,27.699642233374025,28.105745315551758,1294800
2013-11-15,28.029593836787903,28.190341925061457,27.741937154800762,28.181882858276367,1338800
2013-11-18,28.198804219266155,28.494919968038385,28.122659708521923,28.181882858276367,898700
2013-11-19,28.198804855852778,28.258028006944183,27.99575174681104,28.09727668762207,1057500
2013-11-20,28.173423729810434,28.384935924820155,27.919609741282766,28.054977416992188,978200
2013-11-21,28.20726467132631,28.54568545290285,27.995752489695914,28.461078643798828,1020800
2013-11-22,28.46954730826913,28.757204068744326,28.376481411141793,28.706439971923828,1079000
2013-11-25,28.75719515018346,28.79103464348189,28.596443840483104,28.672588348388672,678400
2013-11-26,28.74027567856168,28.79949883000028,28.469540349865294,28.562602996826172,915400
2013-11-27,28.67259274192225,28.706435467825926,28.37647695881505,28.511844635009766,853500
2013-11-29,28.554144497597438,28.664131735636087,28.376475039748684,28.40185546875,535400
2013-12-02,28.39339128624346,28.765651496682565,28.2157186329842,28.359548568725586,1116400
2013-12-03,28.300333670858222,28.308792738992285,28.038057374820582,28.215726852416992,1959800
2013-12-04,28.21573880980196,28.774131138471475,28.207279738083074,28.68952751159668,2887700
2013-12-05,28.562607357123408,28.782581862407298,28.03805798112521,28.22418975830078,2464000
2013-12-06,28.579523220794247,29.036390280067867,28.494919644226346,29.027931213378906,1594300
2013-12-09,29.078701011533866,29.25637374084118,28.917952875648787,29.01947784423828,1287100
2013-12-10,28.917952875648787,29.21406871212671,28.740283373762036,29.01947784423828,1117100
2013-12-11,29.019472087260105,29.095616605451568,28.791038532685725,28.850261688232422,1568700
2013-12-12,28.76565674679714,28.960247566911573,28.545685497621626,28.579524993896484,1789400
2013-12-13,28.757212995033704,29.027948473938835,28.511857958706717,28.68952751159668,1325200
2013-12-16,28.7825864099406,29.095623625850706,28.74874367648526,28.875652313232422,2517200
2013-12-17,28.81642850746752,28.901032111818107,28.681060804054205,28.79950714111328,1813000
2013-12-18,28.977169774418275,29.307128271520824,28.452620451522428,29.290206909179688,2614800
2013-12-19,29.290213223317284,29.400200488534885,28.94333328909614,29.011018753051758,2552800
2013-12-20,29.05331738219087,29.171763703760337,28.83334610319331,29.087160110473633,2186000
2013-12-23,29.35789049554635,29.569402670258615,29.239444194094627,29.40865135192871,1152800
2013-12-24,29.35789935575317,29.57787066377656,29.290213890256354,29.493267059326172,611700
2013-12-26,29.662470542578486,29.806297281914386,29.467879716019393,29.747074127197266,972700
2013-12-27,29.81475953260309,29.95012720424427,29.52710282693811,29.679391860961914,931500
2013-12-30,29.696313809786275,29.74707790345374,29.51864432308058,29.569408416748047,786600
2013-12-31,29.645549136196653,29.74707408307257,29.544020961900866,29.679391860961914,861000
2014-01-02,29.552477254447957,29.603241331285243,28.98562302573218,29.044849395751953,1205800
2014-01-03,29.104072563820186,29.264820632816768,28.977163985325525,29.053308486938477,852700
2014-01-06,29.180229185520243,29.2309900560664,28.875651052561082,29.011018753051758,1026800
2014-01-07,29.180226028044526,29.33251185062531,29.07023877472821,29.20560646057129,775800
2014-01-08,29.324053433466805,29.46788341829303,29.129462582459787,29.391738891601562,1319700
2014-01-09,29.434042017800213,29.679396973482973,29.290212026481882,29.670934677124023,1274200
2014-01-10,29.69630929920519,29.71323066119082,29.28174722652652,29.383272171020508,845500
2014-01-13,29.23097647756489,29.38326547330252,28.64720414551669,28.731807708740234,1027900
2014-01-14,28.884103772079776,29.00255008054279,28.469541692459238,28.93486785888672,1748000
2014-01-15,28.960241543176892,29.518633458313502,28.93486111939494,29.4171085357666,1667000
2014-01-16,29.391737594023,29.400196662206255,29.129461296460125,29.23944854736328,713300
2014-01-17,29.544018890953595,29.544018890953595,29.011010536652428,29.061771392822266,898800
2014-01-21,29.307130751384534,29.307130751384534,28.90948677127023,29.07023811340332,923800
2014-01-22,29.18868825480442,29.298675520022016,28.86718875585635,29.011018753051758,889900
2014-01-23,28.7656481684409,28.850251725027615,28.10573139029186,28.156492233276367,1950500
2014-01-24,28.004213765675384,28.012676060963113,27.20892906188965,27.20892906188965,1803100
2014-01-27,27.24276924219281,27.462740487815847,26.878968036900325,27.192005157470703,1437500
2014-01-28,27.327374115625197,27.505043579429348,27.158163719298443,27.33583641052246,1637100
2014-01-29,27.04263212006795,27.450565846120416,26.966144343810043,27.06812858581543,1278100
2014-01-30,27.348585592750663,27.824509935331978,27.238102519264594,27.765016555786133,1148400
2014-01-31,27.195606416604974,27.70552274012875,27.195606416604974,27.36557960510254,1484300
2014-02-03,27.263593488115824,27.37407329077993,26.056786922510447,26.099279403686523,2020000
2014-02-04,26.16727748086277,26.762180493070677,26.141781012245467,26.600706100463867,1738200
2014-02-05,26.337245480795037,27.13611689094028,26.26925652807956,27.051130294799805,2824000
2014-02-06,27.12761730283269,27.790510788819258,26.974641758298525,27.756515502929688,2483300
2014-02-07,27.816009070996024,28.104962552841343,27.680031152596424,28.019977569580078,1470400
2014-02-10,27.994475594429048,28.096461450546578,27.56954425317923,27.96048355102539,2164400
2014-02-11,27.765014492823635,28.29193173216416,27.765014492823635,28.20694351196289,1314300
2014-02-12,28.24943585369372,28.640371893807888,28.223937769708034,28.59787940979004,1586600
2014-02-13,28.257936079110674,28.48739940773673,28.113460969588193,28.470401763916016,2082600
2014-02-14,28.38541997515557,28.674373468626115,28.308932190355442,28.5044002532959,1165500
2014-02-18,28.589379844084306,28.997313538702734,28.5128920737203,28.79334831237793,1290500
2014-02-19,28.64887596335818,29.022817693105324,28.436410250354392,28.4619083404541,1663300
2014-02-20,28.52139286004577,28.682865602998305,28.317424389291485,28.529890060424805,1361400
2014-02-21,28.572391453257293,28.648879248387924,28.376923363916756,28.512901306152344,1485200
2014-02-24,28.504391740863717,28.98031271129797,28.487394100209855,28.81034278869629,1355400
2014-02-25,28.776357650756836,28.886840732966846,28.572389132982178,28.776357650756836,1167800
2014-02-26,28.827339860157846,28.94632335576663,28.572381710647974,28.89533042907715,1735500
2014-02-27,28.84433852342457,29.218280181780077,28.75935355123589,29.209779739379883,2012100
2014-02-28,29.226781561376438,29.685708257542988,29.20128671446808,29.5582275390625,1600000
2014-03-03,29.10780243080251,29.498738561289525,29.048312291031422,29.473243713378906,2334600
2014-03-04,29.745192613097906,30.13612865222613,29.67720204526584,30.059640884399414,1804500
2014-03-05,30.025653298639455,30.12763592355435,29.915170230499623,30.076642990112305,1381100
2014-03-06,30.2041334463124,30.569574815612143,30.144643292423627,30.306116104125977,2035700
2014-03-07,30.561062471140612,30.850015924087796,30.357097234924353,30.527067184448242,2134800
2014-03-10,30.433587586002535,30.62905563808171,30.22961909054599,30.595060348510742,1262900
2014-03-11,30.654552077326784,30.72254266000204,30.136135231320925,30.255115509033203,1923000
2014-03-12,30.051152200155073,30.47608364361435,29.95766676387889,30.314607620239258,1228200
2014-03-13,30.442084618685627,30.51007519745072,29.779192685572127,29.855680465698242,1339200
2014-03-14,29.762189706943673,29.99165300619793,29.515728766044436,29.64320945739746,2045100
2014-03-17,29.872674867135224,30.008652767933157,29.72819652392992,29.81318473815918,1006600
2014-03-18,29.82168280776081,30.051146129914276,29.779190320392164,29.966157913208008,600700
2014-03-19,29.9746583914871,30.076641009686853,29.68570493828032,30.01715087890625,1259700
2014-03-20,29.94065958091995,30.510069219621013,29.898167098501922,30.246610641479492,1343900
2014-03-21,30.501572660229883,30.671545853504963,30.25511169207947,30.297607421875,2484900
2014-03-24,30.35708869143161,30.49306655796342,30.000144765555564,30.32309341430664,1643800
2014-03-25,30.54406368921002,30.57805897463515,30.034147375708432,30.102134704589844,1480000
2014-03-26,30.26361993236351,30.331607282009333,29.73670581522144,29.745203018188477,2395800
2014-03-27,29.668701794610524,29.88116743428604,29.133287474877076,29.184280395507812,1222300
2014-03-28,29.269264221191406,29.694195484087746,29.18427926539944,29.269264221191406,779900
2014-03-31,29.481730801533306,30.13612535649209,29.430741123204285,30.008647918701172,1708200
2014-04-01,30.26361322003105,30.289108065247362,29.830181399538976,30.110637664794922,1059500
2014-04-02,30.119127885334592,30.289101045310904,30.000147645941688,30.127628326416016,1444400
2014-04-03,30.17862240000249,30.221118127661583,29.736696658461298,30.085140228271484,2003900
2014-04-04,30.314603591448144,30.314603591448144,29.558226241327834,29.566726684570312,1003300
2014-04-07,29.45624101431369,29.549726429908095,28.827341190658842,28.937824249267578,2077200
2014-04-08,28.90383215907254,29.209783283221142,28.759357040429737,28.97182273864746,1380300
2014-04-09,29.1247935516151,29.294766730867202,28.818842477355066,29.277769088745117,760800
2014-04-10,29.294767773292303,29.3287598167773,28.52139286004577,28.529890060424805,1221100
2014-04-11,28.334419617259652,28.75935092331215,28.113456764578526,28.1219539642334,2111900
2014-04-14,28.42790706663089,28.546887322162615,27.86699783200362,28.189943313598633,1609500
2014-04-15,28.300426483154297,28.478896867172622,27.875495144842766,28.300426483154297,1741400
2014-04-16,28.597883538404584,28.852841721288165,28.461905624735397,28.844341278076172,1353500
2014-04-17,28.818853413154002,28.971829008333184,28.66587781797482,28.827350616455078,1281900
2014-04-21,28.784849597005152,28.878335015499445,28.54688907136078,28.623376846313477,742000
2014-04-22,28.63186998942438,29.03980365070385,28.504392543881856,28.946321487426758,901200
2014-04-23,28.920825920413982,29.082301904236434,28.80184566410407,28.912328720092773,1053200
2014-04-24,29.087300142687507,29.087300142687507,28.481312281163536,28.61787223815918,1640000
2014-04-25,28.55813288457202,28.583740119766603,27.909473779603044,28.054567337036133,2218100
2014-04-28,28.208194753962502,28.33622114891137,27.371764539610247,27.661954879760742,3201900
2014-04-29,27.84972899056038,28.12284895642593,27.72170258212792,28.054567337036133,1494300
2014-04-30,28.0460317121131,28.37036286880941,27.84119012476633,28.35329246520996,1854000
2014-05-01,28.336219640792052,28.67761791607491,28.182589277368564,28.558128356933594,2151300
2014-05-02,28.541054636736693,29.044620045894465,28.506917092269497,28.694684982299805,1149400
2014-05-05,28.489846567935132,28.728825657393486,28.302075422877333,28.5751953125,1050200
2014-05-06,28.44717008000421,28.55812278851768,28.242328550098556,28.25086212158203,1201600
2014-05-07,28.43010191948794,28.711755382456364,28.242330773611712,28.694684982299805,1224400
2014-05-08,28.515449251321105,29.266530541759725,28.515449251321105,29.044618606567383,1873100
2014-05-09,28.942204624460413,28.98487900241927,28.39596477255583,28.447175979614258,2529400
2014-05-12,28.643480670838763,29.232394899631775,28.430105525585976,29.206790924072266,1293200
2014-05-13,29.1982554350307,29.223862667611776,28.976346706355773,29.078765869140625,1294800
2014-05-14,29.019020084792395,29.053160889824692,28.4130354467778,28.472780227661133,1467400
2014-05-15,28.37035800865601,28.37035800865601,27.559531883741933,27.87532615661621,1885000
2014-05-16,27.91800216677443,27.91800216677443,27.550996670363094,27.84972381591797,1678000
2014-05-19,27.772907069252902,28.105771743531474,27.76437024097364,28.080167770385742,1169000
2014-05-20,28.097234450627607,28.3191464003744,27.883859329018907,28.071630477905273,1551900
2014-05-21,28.2167252688596,28.506915544069134,28.165514071171188,28.3703556060791,1075400
2014-05-22,28.353291197005316,28.45571035817434,28.233801633000382,28.395965576171875,794500
2014-05-23,28.39596442036271,28.65201394078643,28.293545263362482,28.558128356933594,1016200
2014-05-27,28.711761039191313,28.94220660293791,28.694690635671577,28.908065795898438,1115000
2014-05-28,28.899528916381666,28.95073686523688,28.652012977427507,28.703224182128906,1252200
2014-05-29,28.856852745590906,29.03608706712878,28.541055220009717,28.822711944580078,1990000
2014-05-30,28.762978665306225,29.04463224658804,28.728837850651676,28.94221305847168,1454400
2014-06-02,29.0616961308072,29.377490455861246,28.848320970880792,29.326282501220703,1227400
2014-06-03,29.283605526091332,29.522584642166205,29.23239432014117,29.496980667114258,1553800
2014-06-04,29.50550799447176,30.23951884515099,29.50550799447176,30.000539779663086,1286100
2014-06-05,30.01760935038309,30.205380491796028,29.676211122904654,29.92372703552246,1265600
2014-06-06,29.957867154863102,30.162708713638484,29.915192779740018,30.09442710876465,836100
2014-06-09,30.017601762009736,30.538237427333264,30.017601762009736,30.3504695892334,1161700
2014-06-10,30.2736677645491,30.521180467708746,30.205386152748883,30.478506088256836,1526000
2014-06-11,30.239525259142855,30.273666063124196,30.01761328911039,30.04322052001953,1025100
2014-06-12,30.026150977202214,30.145640538709742,29.667679036833267,29.778635025024414,1232300
2014-06-13,29.812772105487294,30.009076825703456,29.676212158561007,29.770097732543945,1079300
2014-06-16,29.727420806884762,29.821303116960003,29.514045704644747,29.727420806884766,988700
2014-06-17,29.744487826739235,30.418753928428313,29.744487826739235,30.376079559326172,1089000
2014-06-18,30.290733860342453,30.359012206587455,29.97493633444061,30.213918685913086,1076800
2014-06-19,30.256596402068688,30.256596402068688,29.863986914207672,30.077362060546875,1669900
2014-06-20,30.222449739808567,30.410220874065793,30.128564172679955,30.299264907836914,1813700
2014-06-23,30.273662869877953,30.28219644205004,29.838375804645292,30.085891723632812,1210400
2014-06-24,29.96641049456783,30.265134441182994,29.87252489538968,29.915199279785156,1265000
2014-06-25,29.79570170514076,29.87251687877717,29.61646738527113,29.770097732543945,1827000
2014-06-26,29.787164360995913,29.940794688814798,29.42869251080333,29.898117065429688,1045700
2014-06-27,29.795703266851753,29.949333622176948,29.676213714009076,29.881052017211914,1804600
2014-06-30,29.838375764133833,29.983472537629698,29.65914144615005,29.667675018310547,1215500
2014-07-01,29.727427018257664,30.16271088520523,29.727427018257664,29.99201011657715,835700
2014-07-02,29.983476598927577,30.154177367872485,29.693286268475138,29.778635025024414,952400
2014-07-03,29.974933562040402,30.393150196551623,29.974933562040402,30.27366065979004,712600
2014-07-07,30.11150115163412,30.222457145049933,29.94080363049781,30.060293197631836,1091500
2014-07-08,29.93226437643381,29.94933477833405,29.65061088469549,29.718889236450195,1042900
2014-07-09,29.846921920776367,30.000552314449813,29.72743233810745,29.846921920776367,1285500
2014-07-10,29.445761986861392,29.753022632876952,29.249457297650434,29.61646270751953,1090300
2014-07-11,29.5396519948246,29.744490285787613,29.437232849343093,29.659141540527344,846800
2014-07-14,29.9749385916115,30.2053841322526,29.744493050970398,29.812774658203125,752300
2014-07-15,29.932262789922518,30.08589314303549,29.710354088673824,29.94933319091797,1002900
2014-07-16,30.111497154195714,30.128567555212474,29.693283724746376,29.735958099365234,597800
2014-07-17,29.57378786802389,29.881045253276728,29.36041278457738,29.394550323486328,1115600
2014-07-18,29.531119235957146,29.727427237628206,29.420166502999535,29.684749603271484,1324300
2014-07-21,29.53111722330304,29.650610033173056,29.420164497907262,29.565258026123047,964400
2014-07-22,29.82984676649745,29.83838033996661,29.650612421027375,29.701820373535156,924300
2014-07-23,29.778636762934703,29.923733564552094,29.642076790978276,29.872522354125977,998700
2014-07-24,29.988289496150365,30.15122154140997,29.842505437745036,30.10834503173828,991400
2014-07-25,29.98828278197266,30.19409129082479,29.919677764843772,30.005434036254883,1096400
2014-07-28,29.945416931389172,30.10835228718057,29.55094771332257,30.03974723815918,1153700
2014-07-29,30.056894782923187,30.134073817892208,29.679576873779297,29.679576873779297,1049100
2014-07-30,29.66241581580033,29.808196571884057,29.405153541303143,29.542360305786133,1772200
2014-07-31,29.51663650493509,30.579991553043023,29.310827960957955,29.43946075439453,3012900
2014-08-01,29.327983016808577,29.482341080418223,28.813455047687015,28.98496437072754,1953700
2014-08-04,29.225077593819105,29.45661140895218,29.07929352996585,29.405160903930664,2596500
2014-08-05,29.34512968595115,29.636694508131768,29.16504312573096,29.302249908447266,1745500
2014-08-06,29.147901886076912,29.5680963242134,29.13932462008397,29.499494552612305,1109400
2014-08-07,29.696724043952912,29.8510820926321,29.113594364779964,29.173622131347656,1449000
2014-08-08,29.19934686755329,29.396581421550795,29.044988821595613,29.345130920410156,1333700
2014-08-11,29.439466775735667,29.705303138684076,29.345136477424234,29.499494552612305,1112500
2014-08-12,29.43088125675049,29.85107884832388,29.43088125675049,29.73959732055664,1419800
2014-08-13,29.876805633073182,29.979709902544926,29.670993822861945,29.756750106811523,1043200
2014-08-14,29.782475409421977,30.142645260116367,29.782475409421977,30.1254940032959,814100
2014-08-15,30.211245666698108,30.254122171200265,29.585239541417334,29.87680435180664,1207400
2014-08-18,29.996871000892686,30.245559399036054,29.996871000892686,30.185531616210938,1244600
2014-08-19,30.23697348846954,30.33988103355381,30.07404144898794,30.082618713378906,864100
2014-08-20,29.996867508715567,30.24555587790712,29.996867508715567,30.159799575805664,865500
2014-08-21,30.1597953819793,30.219826420737007,29.99686333754548,30.17694664001465,2119700
2014-08-22,30.12549238972578,30.391328678035084,30.091189877922137,30.099763870239258,1128500
2014-08-25,30.279854284965324,30.528539349102402,30.185524001103538,30.4685115814209,730200
2014-08-26,30.519961352534164,30.708621895512035,30.485658840853176,30.700044631958008,727300
2014-08-27,30.768656373113288,31.20600204309612,30.73435385394295,31.17169952392578,2311900
2014-08-28,30.965887758060664,31.12024580714062,30.845832224613574,31.008764266967773,1153100
2014-08-29,31.06878587007852,31.197418642548854,30.974455606435917,31.10308837890625,1200800
2014-09-02,31.197425861711427,31.58332099715224,31.145972086563305,31.56616973876953,1887900
2014-09-03,31.763404832913825,31.857735119957624,31.386083684738626,31.39466094970703,1842000
2014-09-04,31.38607294570184,31.488980462503278,30.785795454028378,30.83724594116211,2221100
2014-09-05,30.785804877937313,30.871557896921566,30.20267518929402,30.545690536499023,2579200
2014-09-08,30.55426704350775,30.725776348491348,30.451359497756847,30.579992294311523,1301300
2014-09-09,30.502808396601207,30.657166419294853,30.262697370752154,30.554262161254883,1290900
2014-09-10,30.6657531688962,30.914441561282402,30.528546344005317,30.717206954956055,1576400
2014-09-11,30.502814263723764,30.725777348841905,30.459937753898895,30.682897567749023,1006800
2014-09-12,30.67431848989315,30.862979027372912,30.579988221153272,30.802947998046875,1183400
2014-09-15,30.72577315135253,30.8201001515739,30.502810096693672,30.700044631958008,787800
2014-09-16,30.640023572155183,31.034492728941796,30.614298318402927,30.88871192932129,1221900
2014-09-17,30.965890961846345,31.051643988532728,30.665748825907443,30.88871192932129,1114700
2014-09-18,31.008766330573845,31.2574546785602,31.008766330573845,31.22315216064453,1106200
2014-09-19,31.291754801158927,31.41181033340561,30.914433675506018,30.9487361907959,1429300
2014-09-22,30.828670256765328,30.837244247060926,30.442775268127257,30.45134925842285,1418400
2014-09-23,30.39132610351861,30.44277986686532,29.89395280956967,29.979705810546875,1413500
2014-09-24,29.979712537904675,30.245552134615306,29.9539872860923,30.168373107910156,1581800
2014-09-25,30.014007074228672,30.091186080413088,29.66241455078125,29.66241455078125,1264400
2014-09-26,29.739604489337687,29.902536552835944,29.57667242583943,29.833934783935547,1506000
2014-09-29,29.508060212458883,29.911106547301575,29.39657868491924,29.816776275634766,980700
2014-09-30,29.833932484605185,29.885382989498048,29.47376259401457,29.48233985900879,1820700
2014-10-01,29.405156327940364,29.550937097839295,28.967807475708355,28.9935359954834,2277200
2014-10-02,29.002113495414513,29.139320289493966,28.530465345220634,28.93351173400879,2152800
2014-10-03,29.21650382417259,29.456614933047465,29.21650382417259,29.259380340576172,1129100
2014-10-06,29.405155739229112,29.430880987221506,28.976384159262288,29.15646743774414,1096700
2014-10-07,28.924932447078685,29.14789551641242,28.624793628284557,28.641944885253906,1526400
2014-10-08,28.607639318310746,28.984957117565727,28.35895102569687,28.967805862426758,2035200
2014-10-09,28.890636861350938,28.942090644598018,28.48759367535546,28.590497970581055,2822500
2014-10-10,28.539038613506747,28.770575685995325,28.393257829681303,28.436134338378906,1813000
2014-10-13,28.45329599252142,28.684833149610224,28.110277255070795,28.118854522705078,1749500
2014-10-14,28.213180244407976,28.521893132315135,28.101698682201494,28.153152465820312,1483400
2014-10-15,27.72437407372253,27.73294806662684,26.79822581920235,27.372779846191406,2500800
2014-10-16,27.00403449078058,27.75867176807248,26.935431101935862,27.578588485717773,1920900
2014-10-17,27.85300660125331,28.178873978342814,27.681497283244717,28.075969696044922,1341800
2014-10-20,28.127418530403023,28.25605132908394,27.904458720126453,28.21317481994629,1181300
2014-10-21,28.41040785526601,28.9249324798584,28.393256598277222,28.9249324798584,1643500
2014-10-22,28.950656066090804,29.044986338474644,28.616214752197266,28.616214752197266,1068500
2014-10-23,28.967805306246532,29.00210781586586,28.753419528026786,28.856327056884766,1214000
2014-10-24,28.78772510909572,29.19077146195664,28.78772510909572,29.08786392211914,996600
2014-10-27,28.993538387719056,29.362282245999218,28.890630842663278,29.26795196533203,807000
2014-10-28,29.37086073390321,29.79105842901641,29.327984219202285,29.679576873779297,944900
2014-10-29,29.692495169477596,29.873441105837433,29.459848985470092,29.761428833007812,1273800
2014-10-30,29.01179465905802,29.287526070204276,28.62405424416111,28.830848693847656,3067400
2014-10-31,29.339223039156657,29.339223039156657,28.67575121311349,28.830848693847656,2703300
2014-11-03,28.830845107537847,29.2358221776279,28.76191472852952,29.080724716186523,1646000
2014-11-04,29.037647911195016,29.347842888481185,28.89116548883713,29.123811721801758,1349300
2014-11-05,29.67526569039945,29.744199363074603,29.123809456751925,29.56325340270996,2157800
2014-11-06,29.36506624364754,29.36506624364754,28.12428675975747,28.770524978637695,4943700
2014-11-07,28.580963030960227,29.106570684132897,28.572347966929872,28.951473236083984,2797300
2014-11-10,28.977324988748638,29.29613494873047,28.873924498804946,29.29613494873047,1217100
2014-11-11,29.296145500302018,29.606340507980164,29.270297011975174,29.58049201965332,1603400
2014-11-12,29.433995784487358,29.821739362313497,29.416762371368698,29.752805709838867,1884400
2014-11-13,29.74420575029819,30.14918294688281,29.683890417224625,30.097482681274414,2084000
2014-11-14,30.09747455697117,30.106089622110847,29.45123620253338,29.468469619750977,1320900
2014-11-17,29.339221900592907,29.434004055912087,28.727450354181578,29.209976196289062,2698800
2014-11-18,29.175506770585553,29.270288917491346,29.06349120724797,29.1065731048584,1391800
2014-11-19,29.106569120807954,29.3219818663129,28.934241553954116,29.17550277709961,1421100
2014-11-20,28.917011848711603,29.19273993536718,28.88254501614514,29.029024124145508,1508900
2014-11-21,29.321985540435403,29.451234518708667,29.0376423899475,29.07210922241211,1639800
2014-11-24,29.123806408428084,29.330604117870063,29.054876029906147,29.304752349853516,1269100
2014-11-25,29.330600216818176,29.468464242463835,28.977323445667576,29.17550277709961,1465800
2014-11-26,29.209974933849285,29.28752366785533,28.873928228530925,28.99456214904785,968300
2014-11-28,28.977332746974156,29.132430236476786,28.55512218400839,28.624055862426758,743400
2014-12-01,28.451722857079744,28.494804759447728,28.089827645924085,28.374174118041992,1855200
2014-12-02,28.46895060542031,28.727445255083797,28.400016945809885,28.675745010375977,1476900
2014-12-03,28.744675185407385,28.985936390921328,28.107052059058162,28.555110931396484,3947500
2014-12-04,28.503421721024367,28.82223172731462,28.244923745555102,28.3569393157959,2106400
2014-12-05,28.580963372953587,29.2444350671156,28.580963372953587,29.003173828125,3097600
2014-12-08,28.942866696396393,29.48570792444687,28.873933016099727,29.132431030273438,2239900
2014-12-09,28.70159932299469,29.158273354153764,28.606817176088896,29.1065731048584,2647800
2014-12-10,29.054873131996324,29.15827033293552,28.468950181777963,28.49479866027832,2635700
2014-12-11,28.57235063886006,28.960094295242012,28.451720009527477,28.85669708251953,2430900
2014-12-12,28.56373889468581,28.710218022493326,27.590072108119834,27.6073055267334,3535000
2014-12-15,27.796864940543276,28.038129500159254,27.400506196304747,27.814098358154297,3612700
2014-12-16,27.624535402696033,28.67574750780477,27.202324918155526,28.15875816345215,4614900
2014-12-17,28.27077177741669,28.830842980693696,28.158756221986142,28.658512115478516,3154200
2014-12-18,29.097956455450323,29.51154856647494,28.925625587455585,29.502933502197266,2955200
2014-12-19,29.683879031688576,30.36458414321543,29.589096891230678,30.295650482177734,3892900
2014-12-22,30.33873316610164,30.381815061902017,29.856210674036696,30.183635711669922,2587800
2014-12-23,30.304265356855634,30.735090874833823,30.278416877597053,30.519678115844727,1411900
2014-12-24,30.63169158342081,30.674773474895183,30.26118140025349,30.416278839111328,559100
2014-12-26,30.442134764819166,30.700629435937824,30.433516413183636,30.46798324584961,678300
2014-12-29,30.373193248340975,30.68338808827654,30.312877950235418,30.56275749206543,700200
2014-12-30,30.39043312051991,30.77817675286466,30.20086883649849,30.623079299926758,1142200
2014-12-31,30.67477258950299,30.821254960612958,30.03715272543616,30.054386138916016,1176900
2015-01-02,30.26980886780409,30.338739257536997,29.709734249133117,29.933765411376953,1208900
2015-01-05,29.632177273912248,29.761426238294,28.856693348434856,28.985939025878906,1373900
2015-01-06,28.934243843465822,29.003174218274157,28.28800555581538,28.365550994873047,2418800
2015-01-07,28.58958183210087,29.054874183574118,28.30523541055459,28.63266372680664,1669300
2015-01-08,28.89978204416382,29.2530589047755,28.77915140204351,29.09796142578125,2104100
2015-01-09,29.080725154803794,29.080725154803794,28.43448681803038,28.44310188293457,1755600
2015-01-12,28.44310333862743,28.60681916262928,27.977814210410482,28.132911682128906,1915500
2015-01-13,28.33109058913314,28.54650337554426,27.572836660623285,27.805482864379883,1557100
2015-01-14,27.374662531749333,27.624542200684605,27.150632993780643,27.478059768676758,1504500
2015-01-15,27.512521580085448,27.710700950856108,26.995530559557032,27.01276397705078,1648600
2015-01-16,26.969681991038268,27.383275817430945,26.969681991038268,27.357425689697266,1110000
2015-01-20,27.469439591488545,27.727935938121675,26.95245018516077,27.13339614868164,1539300
2015-01-21,27.055845309327548,27.34880682669448,26.81458404335651,27.279874801635742,1220900
2015-01-22,27.391891430266558,28.0725966421172,27.10754496698527,28.038129806518555,1680300
2015-01-23,27.95196138943773,28.05536189132079,27.641769744603156,27.676233291625977,1339500
2015-01-26,27.58145215081299,27.917498863820423,27.400506196304747,27.814098358154297,1197600
2015-01-27,27.41773934561914,27.521138206804295,27.202326557996777,27.434972763061523,1682700
2015-01-28,27.629851850992726,27.725126079961896,26.876311353000535,26.893632888793945,2298200
2015-01-29,26.919621469347163,27.34402971873415,26.815683979768757,27.22277069091797,1774700
2015-01-30,26.858985937649784,27.37000837185184,26.60780469113048,26.902292251586914,2911300
2015-02-02,26.962924137414046,27.71646629161046,26.86764990791712,27.681819915771484,1968400
2015-02-03,28.028274632143606,28.530633821944242,27.941658700067656,28.495990753173828,2070100
2015-02-04,28.539297595067115,28.833785161452482,27.95032246229638,28.06292152404785,3879300
2015-02-05,28.019615205607135,28.565284087843146,27.941662508144848,28.48733139038086,2631200
2015-02-06,28.74717388353861,29.518040949849468,28.721190751257094,29.06764793395996,2205200
2015-02-09,28.816461604679294,29.06764285303018,28.686539357860564,28.95504379272461,1439800
2015-02-10,29.197566899428114,29.249536468051716,28.85111302078581,29.06764793395996,1420100
2015-02-11,29.058981616768513,29.570004090026973,28.989692169985446,29.466068267822266,2072500
2015-02-12,29.5180334561015,29.708581884559006,29.379447974954616,29.66527557373047,1822400
2015-02-13,29.69992465650789,30.167640785915893,29.570002408096766,30.10700798034668,1772300
2015-02-17,29.925126353023632,30.219613986914116,29.743237806695603,29.89914321899414,2188700
2015-02-18,29.812518894552298,29.87315169703098,29.310159721359224,29.353466033935547,1422500
2015-02-19,29.24087013164181,29.56134414820167,29.084968050364854,29.466068267822266,1099800
2015-02-20,29.284175281170228,29.518033323465183,28.773152885946374,29.440080642700195,1538000
2015-02-23,29.33614911169715,29.37945543351987,28.903079285348845,29.06764793395996,1024000
2015-02-24,29.067642950006977,29.656618077179537,28.955043889325754,29.518035888671875,1772300
2015-02-25,29.52669900832426,29.604651704254778,29.20622828241452,29.344810485839844,1154100
2015-02-26,29.249530747788906,29.39677287400246,28.90307363284185,29.11094856262207,1725900
2015-02-27,29.119614198523,29.44874819168467,29.050324744418763,29.06764793395996,1229400
2015-03-02,29.067639159600905,29.483385670910746,28.92905698916429,29.32748031616211,1602700
2015-03-03,29.058981621169618,29.327486074637687,28.92906266940911,29.180240631103516,1517100
2015-03-04,29.015675817988683,29.11961164205057,28.799140923824588,28.98969268798828,1291200
2015-03-05,29.09362731638932,29.249532698105046,28.929061993049448,29.05898094177246,1164000
2015-03-06,29.145595700000193,30.020395147318098,29.145595700000193,29.41409683227539,2785400
2015-03-09,29.370785360159054,29.405431727291173,29.102280970974288,29.16291046142578,1849200
2015-03-10,28.790482833186715,28.87709547479778,28.38339614868164,28.38339614868164,1873300
2015-03-11,28.495992694272527,28.60858845755114,28.33142406414807,28.53929901123047,2097800
2015-03-12,28.660552495890354,29.015669512991447,28.61724618727989,28.99834632873535,1333600
2015-03-13,29.015675172168738,29.39677538795346,28.48732951351842,28.816463470458984,2994100
2015-03-16,28.946380100399427,29.440082648250023,28.816461159647112,29.37944984436035,1896100
2015-03-17,29.19756755255374,29.44874885042901,29.102291659976178,29.284183502197266,1086800
2015-03-18,29.214886324966347,29.78653828993289,29.02433456862412,29.24953269958496,1843300
2015-03-19,29.214884982302085,29.249531355328408,28.64323304360765,28.95504379272461,933800
2015-03-20,29.15425749714792,29.613310407273918,29.03299848723239,29.466068267822266,1908900
2015-03-23,29.50071214807976,29.855829205965318,29.37944984436035,29.37944984436035,1098400
2015-03-24,29.353469139247633,29.440085077623262,28.903076171875,28.903076171875,1469200
2015-03-25,28.937722479842297,29.032998359803525,28.781817095189407,28.816463470458984,1552800
2015-03-26,28.764492719866645,28.963704413350936,28.643233715490126,28.885751724243164,1272900
2015-03-27,28.825116446070606,28.88574593610991,28.573938546218937,28.747163772583008,993600
2015-03-30,28.885749233117448,29.258189459617306,28.87708929243456,29.136930465698242,1106500
2015-03-31,29.015679700913257,29.39677997617981,28.946386939558945,29.21489143371582,1650300
2015-04-01,29.17157863126644,29.17157863126644,28.851107941326976,28.9117374420166,798700
2015-04-02,28.920392499619812,29.24086313544333,28.79913351871683,29.16291046142578,1010800
2015-04-06,28.807798364463874,29.223548232733,28.7211857359428,29.05031967163086,1115100
2015-04-07,29.032997053686454,29.188902431325577,28.747169426661387,28.75583267211914,1132000
2015-04-08,28.807801483472968,28.96370687493871,28.669219280399016,28.83378791809082,1473800
2015-04-09,28.833785545906697,29.29283843631111,28.729846424107148,29.25819206237793,1210600
2015-04-10,29.223551470850232,29.35347042802752,29.02433645586975,29.344810485839844,1437600
2015-04-13,29.25819779521171,29.587331803947123,29.12827882359614,29.396780014038086,1358100
2015-04-14,29.353467253830143,29.595985257584186,29.07630287695124,29.232208251953125,1154400
2015-04-15,29.2841804254033,29.6739405936361,29.23221086107746,29.58732795715332,1431200
2015-04-16,29.50071024564057,29.58732286722331,29.240865772772892,29.47472381591797,1059500
2015-04-17,29.232211981543198,29.29284149021712,28.851111740727053,29.007017135620117,1139300
2015-04-20,29.102285995058917,29.206225114398837,28.972367051974008,29.041656494140625,907600
2015-04-21,29.076305947455154,29.197564962137317,28.6605593382333,28.83378791809082,955200
2015-04-22,28.833787361343965,29.266857150595538,28.62591240871669,29.171581268310547,1394700
2015-04-23,29.167226533885053,29.38482745894346,29.010556922543486,29.332605361938477,946400
2015-04-24,29.245559295314283,29.393529632181096,29.115000749012477,29.31519317626953,1009200
2015-04-27,29.367426165755717,29.454465219085513,29.027965888984593,29.08889389038086,1414100
2015-04-28,29.071485162913966,29.515389592860647,29.02796232127124,29.41094207763672,1228400
2015-04-29,29.567613853947737,29.976701322707346,29.332604463642504,29.645950317382812,1877600
2015-04-30,29.8635502323242,30.377088515292723,29.619834954089487,29.732988357543945,2477800
2015-05-01,29.9505866154056,30.15948493248313,29.79391370767898,29.898361206054688,1897200
2015-05-04,29.976708497654965,30.307462902472327,29.95930002157749,30.272645950317383,1420900
2015-05-05,30.21171198521705,30.49024090686463,30.08115342087849,30.194303512573242,1159900
2015-05-06,30.35098003959879,30.45543088782861,29.93318660766065,30.115970611572266,1639900
2015-05-07,30.089854890995124,30.31616170671936,29.95059043529041,30.142080307006836,2096400
2015-05-08,30.272636850630576,30.411901297061387,29.941885865561343,30.159486770629883,1639400
2015-05-11,30.185607227224608,30.481544683190627,30.1681987509528,30.333574295043945,954900
2015-05-12,30.21171052028821,30.36838344615893,30.002815499344916,30.081151962280273,1713100
2015-05-13,30.01151479067661,30.31615803334185,29.967995276103327,30.237821578979492,1356800
2015-05-14,30.377093222516926,30.43802122143539,30.176897431411223,30.35097885131836,1030700
2015-05-15,30.368392128677225,30.507656622564863,29.915781693460534,30.03763771057129,1355000
2015-05-18,30.037632995690675,30.525060307951726,30.037632995690675,30.46413230895996,2381700
2015-05-19,30.655619623976698,30.707841721389237,30.307456813035454,30.455427169799805,1062200
2015-05-20,30.464134424872178,30.603398906572792,30.176899563680635,30.429317474365234,1250400
2015-05-21,30.35097082812445,31.334527768321383,30.307451314733655,30.420604705810547,2194200
2015-05-22,30.472827550976724,30.5859809448654,30.38578852203228,30.41189956665039,857600
2015-05-26,30.359681634554764,30.377090106792615,30.028927302688782,30.072446823120117,1023500
2015-05-27,30.124673765942152,30.73395704382671,30.081154243306127,30.655620574951172,2040300
2015-05-28,30.612093822923786,30.699136177407553,30.45542422550565,30.673025131225586,1153900
2015-05-29,30.638215857079736,30.681735385049837,30.307461467918092,30.429317474365234,1982900
2015-06-01,30.52505592888788,30.62080086223297,30.316160910977178,30.438016891479492,1524500
2015-06-02,30.46412988593133,31.082115723881827,30.333568001146677,30.951557159423828,1557500
2015-06-03,31.143042568163725,31.508613839867138,31.056003528405384,31.34323501586914,1832800
2015-06-04,31.143044318508082,31.36064525046038,31.038596800862464,31.090822219848633,1468700
2015-06-05,31.38675554646642,31.656578542058156,31.238785205373862,31.412866592407227,1514800
2015-06-08,31.351942572213538,31.639174074887002,31.23878915827468,31.26490020751953,1148000
2015-06-09,31.264892551830698,31.59564681602426,31.203964571627395,31.39545440673828,1065700
2015-06-10,31.55213692512804,32.039564235702876,31.404169876753322,32.02215576171875,2210600
2015-06-11,32.01345635855931,32.274580200963825,31.926417291309527,32.126609802246094,1309500
2015-06-12,31.952527100421324,32.18753655721723,31.90030499024054,32.135311126708984,1397400
2015-06-15,31.700100247417765,32.161416452955955,31.665286623868475,31.891590118408203,1095000
2015-06-16,31.804552129455203,32.19623446017788,31.717509766890927,32.07437515258789,1062700
2015-06-17,32.20492982605106,32.26585780604184,31.804545008875664,31.830656051635742,1219700
2015-06-18,32.00474176871163,32.10048669895025,31.77843496627012,31.987333297729492,1885600
2015-06-19,31.856768443933603,31.99603287843013,31.726209904276498,31.804546356201172,1792200
2015-06-22,32.09178647713526,32.20493989836158,31.996041529968902,32.11790084838867,858700
2015-06-23,32.222341597681336,32.3529001451908,31.83936520986354,32.33549499511719,1654100
2015-06-24,32.187533305920155,32.3006867337612,32.0047492980957,32.0047492980957,689700
2015-06-25,32.06566678759918,32.10918630086132,31.62176243980374,31.67398452758789,1385300
2015-06-26,31.83937376534888,32.117902725936744,31.647883859822056,32.0047492980957,1747800
2015-06-29,31.569545295861563,31.65658434517062,30.977670463644642,31.012487411499023,2025500
2015-06-30,31.34323733494356,31.552135694277037,30.968966780029323,31.116933822631836,1942000
2015-07-01,31.63046749611735,31.63046749611735,31.17785721796113,31.412866592407227,1195400
2015-07-02,31.378049293323883,31.499905266760575,31.221376378812067,31.351938247680664,1295400
2015-07-06,31.012484752371716,31.369350136462913,30.908033917764573,31.177860260009766,1706600
2015-07-07,31.160452588643505,31.29101447509559,30.707842254690096,31.28230857849121,1617400
2015-07-08,30.89932813357276,30.977664591231484,30.30745341355709,30.38578987121582,991100
2015-07-09,30.890630579223668,30.968967049614793,30.646915271158598,30.794885635375977,1438100
2015-07-10,31.169159386002296,31.29101537937151,30.899333029022763,31.212678909301758,961600
2015-07-13,31.456382360705355,31.595646789671875,31.343228974568213,31.526016235351562,1093600
2015-07-14,31.369345333899954,31.56953775575813,31.273600410331674,31.508609771728516,768600
2015-07-15,31.482506268087693,31.70010723478554,31.369356156040432,31.639179229736328,860000
2015-07-16,31.89159212781993,31.952520123278262,31.73491919083372,31.874183654785156,730400
2015-07-17,31.769739118541644,31.89159512089468,31.334537212808197,31.656585693359375,1046900
2015-07-20,31.752322731244586,32.01344314554845,31.499904891942823,31.5782413482666,1469000
2015-07-21,31.58694448224125,31.839362299476463,31.4824936693899,31.604352951049805,1052800
2015-07-22,31.58694448224125,32.196227609237106,31.49119956395714,31.604352951049805,1434700
2015-07-23,31.604354695296795,31.717504768308306,31.412864848160236,31.508609771728516,1459900
2015-07-24,31.94382206158549,33.20590831220145,31.63917872091146,32.73588943481445,3311400
2015-07-27,32.274568502771025,32.42253552752926,32.00474217957342,32.161415100097656,1749600
2015-07-28,32.35290407214032,32.431240538284854,31.908999644205707,32.07437515258789,1409600
2015-07-29,32.13123615416791,32.83982166287411,31.991269017061967,32.76983642578125,1752500
2015-07-30,32.39367635540245,32.76983868804547,31.30018197843553,31.580116271972656,2513400
2015-07-31,31.553869393748034,31.6500974204082,31.212699726192586,31.3526668548584,1741300
2015-08-03,31.361419458049426,31.492640126742945,30.94151799014248,31.195209503173828,1498000
2015-08-04,31.13397407531738,31.413908387204206,31.03774602990374,31.133974075317383,1110900
2015-08-05,31.230200197989156,31.38766365586601,30.959012390072346,31.072736740112305,947500
2015-08-06,31.0202409352832,31.12521877532777,30.679071297836558,30.880273818969727,893800
2015-08-07,30.77530689567961,30.915274046465708,30.442883661157584,30.696575164794922,1084300
2015-08-10,31.116475545421604,31.85130389600927,31.06398661427963,31.720083236694336,1599200
2015-08-11,31.28267838275491,31.571362432843014,31.125218299255035,31.23893928527832,1534100
2015-08-12,30.91527269225361,31.22144977834889,30.39039673406742,31.186460494995117,2199800
2015-08-13,31.238944858995296,31.667596099736866,31.238944858995296,31.50138282775879,1326400
2015-08-14,31.571372377113935,31.973777539973884,31.413908906937387,31.62386131286621,1645300
2015-08-17,31.396416786352983,31.650108337402344,31.30893855216804,31.650108337402344,1035300
2015-08-18,31.632607804962618,31.807567587082467,31.580118869202575,31.685096740722656,717300
2015-08-19,31.52763315506972,31.59761506541322,31.011503635100365,31.098981857299805,1562300
2015-08-20,30.784050913448237,30.827793355937903,30.32915687561035,30.32915687561035,1852700
2015-08-21,29.94424458169748,30.066715397385,29.2881480658748,29.296897888183594,1969200
2015-08-24,28.133422151163526,28.929485894515793,26.07765246518813,27.86223602294922,3361300
2015-08-25,28.807018335348523,28.859507270803185,27.82724656454987,27.835994720458984,4377600
2015-08-26,28.614559196685427,28.815761755558505,28.229650388895177,28.737030029296875,5331800
2015-08-27,29.078206238683755,29.60308224627707,28.85075752153445,29.576839447021484,2919900
2015-08-28,29.41937234546584,29.743045732287786,29.174427346691516,29.375633239746094,1467100
2015-08-31,29.095690345326823,29.594326738764327,28.999465665024793,29.340635299682617,1999000
2015-09-01,28.26464523650545,28.780774741104175,28.142171057161203,28.273391723632812,1899000
2015-09-02,28.7807754653563,28.78952195270376,28.21215701244393,28.62331199645996,988800
2015-09-03,28.693288421147297,29.165678737528847,28.675792112716913,28.78951644897461,1376500
2015-09-04,28.3696197606727,28.544579536899747,28.089685453541485,28.212156295776367,1552400
2015-09-08,28.842012613767213,29.05196169347096,28.553328457823998,29.008222579956055,1712900
2015-09-09,29.401877971959742,29.506852500015977,28.535828938525594,28.58831787109375,1368900
2015-09-10,28.4745920426484,28.93823591359343,28.387113829984003,28.67579460144043,1391000
2015-09-11,28.41336148668882,28.702045644606773,28.352126059932978,28.68454933166504,946500
2015-09-14,28.61455762143793,28.719535475394284,28.334623351713756,28.395858764648438,812000
2015-09-15,28.57081869777642,28.92948469169116,28.430851562031147,28.8595027923584,977800
2015-09-16,28.842008590698242,28.955729602558378,28.64955251358111,28.842008590698242,1702400
2015-09-17,28.850753356031948,28.990720493653576,28.080932430573082,28.159664154052734,1937500
2015-09-18,27.696027105843946,27.993457727683793,27.50357268464056,27.669782638549805,3110000
2015-09-21,27.76601263779973,28.159669663679725,27.71352536805711,27.870988845825195,1476200
2015-09-22,27.459829129692533,27.64353704509887,27.258626573065538,27.477325439453125,1423500
2015-09-23,27.538562564386964,27.71352233577272,27.381099103847795,27.494823455810547,1000400
2015-09-24,27.171149421818928,27.55605993251191,27.03993042251499,27.48607635498047,1073800
2015-09-25,28.04594352278938,28.255892563480245,27.809748349202277,28.002201080322266,1859600
2015-09-28,27.696029005778776,27.844744326900503,27.284875667872928,27.36360740661621,1453200
2015-09-29,27.407340434786434,27.626039289730002,27.223634197532963,27.582300186157227,879300
2015-09-30,27.940965923254357,28.072184901331283,27.722267070279536,28.063438415527344,1469900
2015-10-01,28.054692644017198,28.395862369993434,27.949718113812235,28.352123260498047,1703200
2015-10-02,27.704778902061438,28.072193149757716,27.31112018362245,27.949722290039062,2018500
2015-10-05,28.142170493614902,28.675796298862675,28.010953166851092,28.632057189941406,1257100
2015-10-06,28.570825576990973,28.772028174502392,28.430858407544743,28.50959014892578,1086300
2015-10-07,28.789516068293736,29.01696140072202,28.58831352962421,28.885744094848633,1082200
2015-10-08,28.754521181822472,29.03445541674799,28.658293162864457,28.981969833374023,1030000
2015-10-09,28.955729602558378,29.174428476707853,28.623309716548768,28.842008590698242,889300
2015-10-12,28.83326068570587,29.01696695131715,28.728286153510883,28.964481353759766,464300
2015-10-13,28.789522161542003,28.946985631580578,28.632058691503428,28.667051315307617,667700
2015-10-14,28.614561873803773,28.80701796424464,28.282141964780738,28.360870361328125,1042600
2015-10-15,28.535828164640986,28.8595049010798,28.378364708286966,28.842008590698242,818700
2015-10-16,28.990718207618777,29.060703439450872,28.59705962126207,28.92073631286621,975000
2015-10-19,28.763276151184733,28.868250673797988,28.588316388776036,28.67579460144043,1001900
2015-10-20,28.684547454958246,29.156937862237253,28.53583047322363,29.051959991455078,1336700
2015-10-21,29.121943076340525,29.296902844239803,28.72828443283715,28.763277053833008,1055900
2015-10-22,28.911988028043734,29.279403840544333,28.9032415421393,29.078201293945312,1348700
2015-10-23,29.331885477877456,29.480602414851965,29.095690345326823,29.340635299682617,1566000
2015-10-26,29.279408102126197,29.40187894509198,29.01696676767931,29.16568374633789,833100
2015-10-27,28.91198940036666,28.99947094896188,28.67579422477937,28.8332576751709,1204000
2015-10-28,28.969620260146485,30.034096836746706,28.670510778895892,30.025300979614258,1810100
2015-10-29,30.254026500890905,30.79066433045396,30.157255304620048,30.447568893432617,2200600
2015-10-30,30.49154960820252,30.931416165364077,30.333197379151116,30.48275375366211,1906600
2015-11-02,30.5267435557068,31.080976426696107,30.35079623965604,31.019392013549805,1517800
2015-11-03,30.94902011539138,31.072182249808264,30.597125426271887,30.702695846557617,1281600
2015-11-04,30.737879983582424,30.79066518917941,30.350798543619707,30.421178817749023,934700
2015-11-05,30.39478471864861,30.46516499319856,30.210041531829287,30.342002868652344,911300
2015-11-06,31.27452163549403,31.837550473407386,30.93142614713536,31.74957847595215,1850200
2015-11-09,31.740781530189036,31.740781530189036,31.248129635949475,31.626415252685547,2249200
2015-11-10,31.512046674130058,32.34779398393623,31.441669754901408,32.28621292114258,2300600
2015-11-11,32.37418486906036,32.479751925730696,32.01349434918016,32.1894416809082,1608100
2015-11-12,31.811158454556704,32.00470086942162,31.591225112543476,31.626415252685547,1578700
2015-11-13,31.547237174090874,31.881536773036743,31.46806104160149,31.52964210510254,1283900
2015-11-16,31.450465572383386,32.1894416809082,31.336099303372723,32.1894416809082,1104600
2015-11-17,32.30380153460468,32.4885446860681,32.039878911467724,32.101463317871094,1221400
2015-11-18,32.18943623250265,32.382978600236015,32.08386919370066,32.3389892578125,1582000
2015-11-19,32.24222350506159,32.45335759625475,31.951909934776143,32.25981521606445,1123100
2015-11-20,32.29500637539857,32.70848207132886,32.215830249708006,32.655696868896484,1968800
2015-11-23,32.58531897068105,32.77885799525538,32.31260046689175,32.35658645629883,1414800
2015-11-24,32.092673026440984,32.35659236701057,31.978306748358115,32.27741622924805,1256600
2015-11-25,32.33020611747998,32.40058640830376,32.09267766982519,32.25102996826172,874200
2015-11-27,32.30380466113559,32.514938752981145,32.21582932627004,32.4533576965332,382100
2015-11-30,32.49734873168565,32.59411993710493,32.25102446764852,32.268619537353516,1683300
2015-12-01,32.462162916417704,32.68209626041534,32.048687155808864,32.66450119018555,1625900
2015-12-02,32.72607399327922,32.77885583472239,32.25101728479678,32.3389892578125,1374900
2015-12-03,31.92551500231886,32.17183919640971,31.64400067881062,31.802352905273438,2127300
2015-12-04,31.951905837539694,32.453353434716995,31.81114867615511,32.38297653198242,1685300
2015-12-07,32.286216445412926,32.43576951254623,31.69679332244164,31.9431209564209,1019200
2015-12-08,31.626416248227244,31.687997317456087,31.248130619583435,31.459264755249023,999000
2015-12-09,31.36249182733451,31.67919297960174,30.755473734677896,30.91382598876953,865400
2015-12-10,30.887440562181016,31.212940984225774,30.817060278540726,30.896236419677734,958500
2015-12-11,30.31560195100519,30.561929502087455,29.699788107172722,29.866939544677734,1289200
2015-12-14,29.91093426291284,30.051691466384007,29.119172895939744,29.295120239257812,2169400
2015-12-15,29.64701697341452,29.928531399799166,29.47986547555592,29.814165115356445,2176900
2015-12-16,30.016505740575298,30.245238327299695,29.37430069555469,29.752586364746094,2064600
2015-12-17,29.8581461697647,29.98131164733487,29.075184091321592,29.0927791595459,2386800
2015-12-18,28.84645326929844,28.89923511504176,28.23063934027094,28.23943519592285,3465600
2015-12-21,28.49456402621614,28.64412044791324,28.072292400821212,28.39779281616211,1678400
2015-12-22,28.591331733425623,28.846455191236064,28.265831357963144,28.74088478088379,1036000
2015-12-23,28.969617164954517,29.42707887304466,28.784873981663154,29.383092880249023,1275900
2015-12-24,29.32151097288037,29.603025345746808,29.22473977797327,29.409482955932617,450000
2015-12-28,29.268730176937424,29.488663523602792,29.145568039751463,29.40068817138672,743300
2015-12-29,29.647015452654664,29.840554513418496,29.479863963370192,29.655811309814453,619500
2015-12-30,29.620620710578617,29.752582057347123,29.462271792739443,29.488662719726562,642300
2015-12-31,29.259927359642692,29.647012149880855,28.68810274229761,29.28632164001465,850300
2016-01-04,28.468170490969893,28.811265945434574,28.362603433269125,28.81126594543457,1295300
2016-01-05,28.608925536294567,28.881644050433284,28.485763418914505,28.661710739135742,1020500
2016-01-06,28.151466711350025,28.239438702456457,27.694004974580626,27.87874984741211,1234900
2016-01-07,27.20135494459764,27.579640549336023,26.9902191443163,27.104583740234375,1412500
2016-01-08,27.359708843564118,27.474073446292586,26.699908799159637,26.761489868164062,1991200
2016-01-11,26.911044997360115,27.192559418530443,26.32162354880037,26.603137969970703,2388300
2016-01-12,26.91983737385008,26.972620898214508,26.110482729110917,26.559146881103516,2064600
2016-01-13,26.84066309329165,26.928636758584798,25.644225272404256,25.749794006347656,1756400
2016-01-14,25.89934942728884,26.092890153748407,25.28353543170944,25.934537887573242,2182500
2016-01-15,25.177971050910195,25.380309333451766,24.535764383341665,25.002023696899414,2532800
2016-01-19,25.318723231631594,25.459480415685807,24.553354575123578,24.782085418701172,2606500
2016-01-20,24.227856264032493,24.351018391000405,23.24255421441479,24.104692459106445,2895600
2016-01-21,24.122287416313625,24.83487092726027,24.016718680860212,24.395004272460938,2634700
2016-01-22,24.782085152428266,25.17796577705091,24.5621518449619,24.65012550354004,2497900
2016-01-25,24.518165171400486,24.71170587251259,24.060703501908687,24.078298568725586,2504100
2016-01-26,24.254245840134203,24.834869660619393,24.254245840134203,24.465381622314453,1531000
2016-01-27,24.460957472069452,25.21373719310646,24.390107556353197,24.576087951660156,2069300
2016-01-28,24.806351875217803,25.160601472009436,24.56723276393521,25.072038650512695,2223400
2016-01-29,25.142889740024202,25.373152410954045,24.67350963587853,25.364295959472656,3390300
2016-02-01,25.151742763922268,25.53256167974833,24.921480124371737,25.231449127197266,2339100
2016-02-02,24.75321302537098,24.75321302537098,24.221837824926727,24.301544189453125,2714600
2016-02-03,24.868341467979892,25.16945400062569,23.26536123656201,23.787879943847656,3910600
2016-02-04,23.637322615470456,24.50523437565549,23.637322615470456,24.46980857849121,3683000
2016-02-05,24.390108372045283,24.903770700465643,24.372395470225026,24.514095306396484,2429500
2016-02-08,24.186416553688233,24.186416553688233,23.070528930494277,23.238798141479492,2732200
2016-02-09,22.424016553462014,23.291928331596228,22.424016553462014,23.17679786682129,2622100
2016-02-10,23.353928703655235,23.619615490552835,22.857977557293133,22.875690460205078,2525300
2016-02-11,22.1051915199807,22.114047969611505,21.246136176132964,21.316986083984375,5108100
2016-02-12,21.79522642252053,22.432875657361254,21.74208771938739,22.264606475830078,4805700
2016-02-16,23.17679953942311,23.575331348549195,22.61000024572836,23.539905548095703,2832100
2016-02-17,23.903011563855696,24.558373669683355,23.903011563855696,24.363536834716797,3201700
2016-02-18,24.4786680994197,24.4786680994197,24.07128151608062,24.24840545654297,2511000
2016-02-19,24.05356909766806,24.41667512547241,23.628469604998855,24.372394561767578,2098200
2016-02-22,24.38124997246916,24.85063000882379,24.38124997246916,24.82406234741211,1598600
2016-02-23,24.682360955310113,24.797491422238974,24.452098332257346,24.664648056030273,1803000
2016-02-24,24.239546270908214,24.67350212624482,23.858727419091732,24.593795776367188,1331300
2016-02-25,24.62036854204437,25.107463191163937,24.584944428745718,25.089750289916992,1326200
2016-02-26,25.931093906015636,25.931093906015636,25.31115589056523,25.612268447875977,1500400
2016-02-29,25.541417508400386,25.76282369228791,25.240304963177742,25.266874313354492,1588200
2016-03-01,25.479426785165437,26.710444759321042,25.43514453011235,26.692731857299805,1819200
2016-03-02,26.719296289764827,27.06468936959554,26.675015732061656,26.96727180480957,1682600
2016-03-03,26.860995722632488,27.392370853551608,26.816715165553802,27.383514404296875,1720800
2016-03-04,27.489793589959834,27.78204969562393,27.268387398117486,27.542930603027344,1944300
2016-03-07,27.348093055142606,27.86175537109375,27.29495604016704,27.86175537109375,1401700
2016-03-08,27.472088386154635,27.640355922878378,26.745876143717588,26.976137161254883,1856100
2016-03-09,27.188682719599907,27.268389088740513,26.772437972044454,27.082406997680664,1469800
2016-03-10,27.2595326378143,27.498650056040823,26.66616393932051,27.082406997680664,1737100
2016-03-11,27.42779661255532,28.136297392831565,27.374659603023,28.056591033935547,1357500
2016-03-14,27.76434007106817,28.80052123872779,27.76434007106817,28.29571533203125,3608900
2016-03-15,28.047734936555702,28.05659138645488,27.587209676969096,27.923748016357422,1217200
2016-03-16,27.87946678703155,28.455124227176906,27.70234285015196,28.269142150878906,2220400
2016-03-17,28.189438402812144,28.64996203277166,27.88832582407208,28.46398162841797,1968200
2016-03-18,28.50825997048486,28.835943565991506,28.09201693902534,28.676530838012695,2860900
2016-03-21,28.72080754201432,28.924500805201454,28.40198212889014,28.623388290405273,1761400
2016-03-22,28.30456549570819,28.614536177538405,28.171722124348893,28.410842895507812,2829000
2016-03-23,28.295710279404776,28.472835897829142,27.932604281910397,27.976884841918945,2135600
2016-03-24,27.54293303505923,27.587213601659588,26.86985794972276,27.277244567871094,2475400
2016-03-28,27.454366790171,27.799759896343616,27.27724116745959,27.65806007385254,1678600
2016-03-29,27.46321933812434,27.534069239303196,27.091256934636622,27.480932235717773,1934500
2016-03-30,27.675774911411,28.366561172114864,27.516362177650034,27.711200714111328,2023200
2016-03-31,27.69348337143261,27.879463738197067,27.35694505653268,27.383514404296875,2574300
2016-04-01,27.259531059757766,27.835186823074377,26.843286336298757,27.773193359375,1953000
2016-04-04,27.728911643303977,27.90603727660761,27.472081333128457,27.560644149780273,1666000
2016-04-05,27.277243672596658,27.560645032801474,27.02926980506096,27.162113189697266,2693000
2016-04-06,27.17982428395726,27.666917224963466,27.09126147035745,27.36580467224121,1373600
2016-04-07,26.807860866335716,27.241816779451764,26.444754863744834,26.737010955810547,2913800
2016-04-08,27.091260279846026,27.41008571911666,26.949560459991318,27.100116729736328,1493800
2016-04-11,27.365809565703998,27.83519137927967,27.241822618010435,27.42780303955078,1739300
2016-04-12,27.551787277979283,28.04773667877398,27.4100874491808,28.003456115722656,1360100
2016-04-13,28.313423130285862,28.747379062453074,28.313423130285862,28.676530838012695,1391200
2016-04-14,28.658820282865175,29.030781092998343,28.51712044399673,28.720813751220703,898600
2016-04-15,28.658816846288698,28.765090868098685,28.393130102568605,28.61453628540039,1214100
2016-04-18,28.39312924224065,28.9687832731265,28.39312924224065,28.959928512573242,1105300
2016-04-19,29.07505961147749,29.420452693111194,28.97764035698798,29.33188819885254,1162700
2016-04-20,29.35846122301353,29.9518281719446,29.296467762032382,29.872121810913086,1319700
2016-04-21,29.907546480934645,30.11123975623175,29.721566105018606,29.756988525390625,1027400
2016-04-22,29.81898382629145,30.27065434243828,29.792416164773517,30.040390014648438,1212900
2016-04-25,29.863265508494347,29.88097840763034,29.473588484282583,29.765846252441406,823000
2016-04-26,29.889838633934723,30.270657589023518,29.836699926809302,30.128957748413086,1705900
2016-04-27,30.062169305957486,30.649877485497104,30.05326612913135,30.409454345703125,2351800
2016-04-28,30.266974410600643,31.25538991371611,30.177925673701512,30.587539672851562,1846500
2016-04-29,30.462881088256832,30.64987837881908,30.26698062060896,30.462881088256836,2617500
2016-05-02,30.569734929324387,30.569734929324387,30.151214336052632,30.48068618774414,2123300
2016-05-03,29.964218229283823,30.115596000513296,29.527887870873506,29.937501907348633,1535800
2016-05-04,29.643648386682358,29.88407489356348,29.429934803833977,29.67926788330078,1140600
2016-05-05,29.705981432616582,29.92859819587437,29.55460026723293,29.795026779174805,1432000
2016-05-06,29.563511365908127,29.999838386448193,29.33198799443308,29.973125457763672,1657500
2016-05-09,29.84846166316121,30.097791398108722,29.65255778749509,29.821748733520508,915600
2016-05-10,29.946407057509266,30.382733998327133,29.946407057509266,30.27587890625,1384500
2016-05-11,30.15121594255354,30.694401406117198,30.08888351855729,30.106693267822266,1826300
2016-05-12,30.382735707185564,30.516307127441223,29.85735999603554,30.142309188842773,1337400
2016-05-13,30.035453828432313,30.498497111915526,29.77721756318666,29.937501907348633,1614100
2016-05-16,29.982024219293837,30.453974070009217,29.982024219293837,30.293689727783203,1596100
2016-05-17,30.249165988577246,30.792351418444472,30.106691400158148,30.543018341064453,1722300
2016-05-18,30.57864017787077,31.504726771908544,30.507401179777528,31.415678024291992,2686100
2016-05-19,31.219779784575287,31.61158411125266,30.77454620554356,31.255395889282227,1764800
2016-05-20,31.451302917514383,31.79858460062482,31.264305610741527,31.57596778869629,1709400
2016-05-23,31.424590780608472,31.69173028229589,31.29992590627855,31.486923217773438,1520000
2016-05-24,31.575969994612862,32.22601072323287,31.575969994612862,32.181488037109375,1608600
2016-05-25,32.34176521232324,32.76028584165165,32.27052960978406,32.519859313964844,1436200
2016-05-26,33.10757473493219,33.10757473493219,32.31505937546546,32.37739181518555,2213900
2016-05-27,32.44862995696967,32.849340955522614,32.27944237840886,32.822628021240234,2480800
2016-05-31,33.03633341753293,33.071952922565785,32.57329343955766,32.87604904174805,2218200
2016-06-01,32.475340674979755,32.787002843950376,31.878725869840864,32.72467041015625,2227900
2016-06-02,32.6089098280228,32.83152664109725,32.49315153096545,32.813716888427734,1708500
2016-06-03,32.32395481874588,32.32395481874588,31.60267864691203,31.78076934814453,2393100
2016-06-06,31.87872001004086,32.47533470551277,31.80748441174015,32.350669860839844,1803100
2016-06-07,32.35066932487291,32.65342485871286,32.09243306697886,32.47533416748047,1508100
2016-06-08,32.4397174640983,32.697953744230865,32.4397174640983,32.52876281738281,1942200
2016-06-09,32.27943214343776,32.288335319754424,31.727343496519737,31.78076934814453,1638300
2016-06-10,31.28210942171452,31.30882234707604,30.810159560199562,30.93482780456543,3300700
2016-06-13,30.534120049213143,31.104018494042275,30.534120049213143,30.560832977294922,1983700
2016-06-14,30.48959519449531,30.854686571966287,30.11559724372416,30.18683624267578,2150000
2016-06-15,30.30259371601235,30.623162409057283,30.07107376929231,30.106693267822266,1380900
2016-06-16,29.812838093353076,30.08888411715851,29.412127219074993,30.053264617919922,2098500
2016-06-17,30.079974560238842,30.213545970703187,29.875167555225705,30.035451889038086,1866500
2016-06-20,30.649875892708863,30.917018739686316,30.391643015819675,30.41835594177246,1407200
2016-06-21,30.543021790524104,30.703306145205506,30.28478550833045,30.632070541381836,1826400
2016-06-22,30.640974839379716,31.01497281294407,30.640974839379716,30.72111701965332,1669900
2016-06-23,31.21978044512126,31.629394531250004,31.1930641199475,31.62939453125,1176500
2016-06-24,29.510078772693173,29.910789641935473,28.512756584583073,28.548376083374023,3863500
2016-06-27,28.04971219005664,28.04971219005664,26.642774313222787,26.705106735229492,3279600
2016-06-28,27.283912893213447,27.60448161024985,26.92772637341261,27.31953239440918,1699800
2016-06-29,27.38186259879068,27.791476638680106,26.945533935174534,27.7469539642334,3395000
2016-06-30,27.862711774959372,28.307945251464847,27.675712831642993,28.307945251464844,2971600
2016-07-01,28.112048523613073,28.379189695937917,27.95176415990444,28.201095581054688,2111100
2016-07-05,27.755856388194353,27.82709368007811,26.678390437717603,27.105815887451172,2624000
2016-07-06,26.794155884376224,27.29281699801989,26.52701642667493,27.275007247924805,3359200
2016-07-07,27.070200228538447,27.68462301962798,26.927725624580184,27.141437530517578,2464400
2016-07-08,27.631192330779108,27.91614150634532,27.46200312087502,27.78257179260254,2075200
2016-07-11,27.80038477902945,28.25452324514541,27.738052348109267,27.87162208557129,2131700
2016-07-12,28.31685250279624,28.664134120966374,28.307949326603666,28.51275634765625,2014700
2016-07-13,28.45042479381006,28.575089645492703,28.156570715964385,28.396995544433594,1281400
2016-07-14,29.127176523098424,29.367603035318446,28.99360850310657,29.162796020507812,2077800
2016-07-15,28.913465767374905,29.207318123104667,28.673039259853002,28.851133346557617,2178600
2016-07-18,28.753179352493845,28.95798634851138,28.681940364211957,28.886747360229492,1798700
2016-07-19,28.66413548835988,28.797706915656743,28.58399331135426,28.637422561645508,1718000
2016-07-20,28.770993441596485,28.86894196997329,28.290140388710626,28.762086868286133,1412200
2016-07-21,28.87784740889576,28.993609079345887,28.62851771579916,28.67304039001465,1291100
2016-07-22,28.77989087578757,28.87784278148313,28.539464397315307,28.86003303527832,963400
2016-07-25,28.797708511352536,28.957992874245214,28.681946827738336,28.79770851135254,1133600
2016-07-26,28.779895181267328,29.216225536405847,28.673040084914692,29.1004638671875,2178700
2016-07-27,29.10046243742045,29.2169369218056,28.804800645093614,28.948152542114258,1831000
2016-07-28,29.10942477431715,30.18456232709288,28.99295028624751,30.077049255371094,2310400
2016-07-29,29.906825050793557,30.238325738953453,29.77243112484196,29.93370246887207,1575000
2016-08-01,30.023296397469366,30.11289348812901,29.3602950154857,29.575321197509766,1873600
2016-08-02,29.593237416479862,29.71866991206401,29.136304265740595,29.440927505493164,1701000
2016-08-03,29.503641649149657,30.121846083773594,29.458844820747156,30.077049255371094,1933600
2016-08-04,29.93369888715472,29.969537718824117,29.243816757524765,29.521562576293945,1959400
2016-08-05,29.88890197430927,30.650458347405817,29.870982558523824,30.623580932617188,1382800
2016-08-08,30.757970540144,30.98195807946537,30.677334889277166,30.77588653564453,1175700
2016-08-09,30.78485285729704,30.937162767775177,30.632539529039743,30.76693344116211,1057600
2016-08-10,30.793805494576535,30.910279970283135,30.166639710174497,30.22039794921875,889300
2016-08-11,30.23832358278248,30.42647233147499,30.139768499816135,30.292081832885742,1400700
2016-08-12,30.02329159858238,30.130808090188648,29.790346035660125,29.996414184570312,1091600
2016-08-15,30.193526843842868,30.64150200942576,30.148730010840435,30.587743759155273,913400
2016-08-16,30.498150093150407,30.757976509455514,30.44439184287992,30.587743759155273,1012000
2016-08-17,30.49815296126171,30.61462405446537,30.32792019495242,30.560869216918945,1541400
2016-08-18,30.542944669197144,30.67733857605275,30.301037687524463,30.480228424072266,1177600
2016-08-19,30.354796907183367,30.981962796321945,30.327916074282864,30.90132713317871,1547100
2016-08-22,30.704217441324918,30.847569353781847,30.417513616411064,30.802772521972656,1090300
2016-08-23,30.937164905128302,31.205952747942764,30.84757123604308,30.856529235839844,1092400
2016-08-24,30.88340913374459,31.07155788378251,30.525027632718686,30.605663299560547,1831800
2016-08-25,30.605662924956167,31.017799253646025,30.533988676295834,30.999879837036133,1343800
2016-08-26,31.14322689386294,31.54640516024258,30.90132335181388,31.12531089782715,2160300
2016-08-29,31.143227285874204,31.618083213489058,31.143227285874204,31.456811904907227,1256100
2016-08-30,31.456809137769856,32.01229725303266,31.456809137769856,31.93166160583496,1584500
2016-08-31,32.00334978508014,32.12878229581644,31.483696905995924,31.904794692993164,1718300
2016-09-01,31.9854252089548,32.12877711493451,31.24178484696201,31.60016632080078,1599000
2016-09-02,31.689757464542783,32.0033420837012,31.573286399903917,31.734554290771484,1310000
2016-09-06,31.698723410461163,31.698723410461163,31.18803199935876,31.44785499572754,1176900
2016-09-07,31.277622454164668,31.50161001210563,31.09843172425612,31.367216110229492,974300
2016-09-08,31.438896996313133,31.627045744028912,31.322422497250354,31.44785499572754,1092900
2016-09-09,31.340341691917274,32.20045317633776,31.32242227543611,31.58224868774414,1973400
2016-09-12,31.29554956776256,31.886876729484364,31.01780369718878,31.77936363220215,1883100
2016-09-13,31.322426867901797,31.76144409161054,31.161155513705094,31.591211318969727,1782800
2016-09-14,31.56433165525259,31.73456099801188,31.268669805430722,31.48369598388672,1366900
2016-09-15,31.438893852088373,32.13773394101509,31.367216192824657,31.985424041748047,2170700
2016-09-16,31.65392442833649,31.698721257925044,31.196987880307802,31.358259201049805,2495600
2016-09-19,31.51952969862523,32.057098475206715,31.51952969862523,31.627042770385742,1921100
2016-09-20,31.815194266440812,31.859994516533334,31.358261108398438,31.58224868774414,1281900
2016-09-21,31.779361002209686,32.02126801440977,31.3941020662369,31.842077255249023,1692100
2016-09-22,31.9495890017892,32.07502150259987,31.5464106650554,31.815195083618164,1420600
2016-09-23,31.61808449921302,31.895826883681316,31.367216110229492,31.367216110229492,965000
2016-09-26,31.071558826535533,31.223868747536294,30.793812983924308,30.856529235839844,957800
2016-09-27,30.632540339402745,31.250748250184923,30.444391591677405,31.223867416381836,1817500
2016-09-28,31.42097262164905,31.689756992798795,31.06259118159692,31.55536651611328,932100
2016-09-29,31.456813883440272,31.806233934752065,30.955080512097272,31.08051300048828,1093700
2016-09-30,31.268673466832087,31.79728439262165,31.080521266427077,31.63601303100586,1200600
2016-10-03,31.412019580290664,31.65392657783063,31.322422497250354,31.44785499572754,990500
2016-10-04,31.627041522295784,32.01230038349475,31.582244695644953,31.94062614440918,1695600
2016-10-05,32.11982185241929,32.86346235689248,32.06606701348945,32.62155532836914,1372000
2016-10-06,32.8007345266811,33.08743829241609,32.49611134836536,32.77385711669922,1047700
2016-10-07,32.684267665734545,32.89033583173726,32.299008749970554,32.54987716674805,1247200
2016-10-10,32.85449565280518,32.97993156494684,32.63050807922092,32.74698257446289,1104500
2016-10-11,32.693230953286346,33.05160905553139,32.558837028832286,32.82762145996094,2267800
2016-10-12,32.881377676533475,33.1412040915679,32.76490317707335,33.033687591552734,1295800
2016-10-13,32.64841977166206,32.69322001000391,32.119809086344546,32.29899978637695,3068500
2016-10-14,32.702190760670796,33.11432713903131,32.53196140902963,32.585716247558594,1902600
2016-10-17,32.69322451923317,32.836576415475314,32.540911206975316,32.666343688964844,1518100
2016-10-18,32.97097014804715,33.1232834753296,32.693227744181314,32.74698257446289,780000
2016-10-19,32.827609066567554,32.98888034791596,32.74697342589335,32.80073165893555,954600
2016-10-20,32.69322179060195,32.95304473113265,32.53195049356717,32.65738296508789,1413000
2016-10-21,32.281087898942175,32.33484614681582,32.05710032613735,32.227333068847656,1318900
2016-10-24,32.42443149345869,32.4871477243379,31.967498465941855,32.0839729309082,1332200
2016-10-25,32.10189859396603,32.191492250447624,31.564326401739667,31.60912322998047,1803500
2016-10-26,31.44785405910084,31.833112960251704,31.205950486544857,31.64496421813965,2108900
2016-10-27,33.212803633676415,33.24884656722438,32.42888873384643,32.60909652709961,3530900
2016-10-28,32.672157054319655,32.69919096243849,31.545841604557314,31.69902229309082,2180700
2016-10-31,31.86121202448139,32.15855751614816,31.771104726065722,31.897254943847656,1581700
2016-11-01,32.13153364894224,32.527995531726404,31.455744239524854,31.879240036010742,2103700
2016-11-02,31.71704450680387,32.203613617607076,31.68100158661651,32.11350631713867,2932300
2016-11-03,32.26668696041456,33.00554963692545,32.26668696041456,32.74424362182617,2872300
2016-11-04,32.74424684085164,32.95148849612535,32.2486686706543,32.2486686706543,1646200
2016-11-07,32.85237253406044,33.22180391267578,32.73523818669535,32.906436920166016,2141200
2016-11-08,32.81633638490907,33.15873735978138,32.65415006759392,32.92446517944336,2357400
2016-11-09,34.53734277572685,36.11418459597831,33.31191086831551,35.45641326904297,5287500
2016-11-10,36.114188669224674,37.13237559889749,35.93397746770752,36.0421028137207,5385900
2016-11-11,35.852875043062085,36.44756947666971,35.708706799679696,36.39350509643555,2782100
2016-11-14,36.9071125587654,37.75410417707445,36.853051604230124,37.33060836791992,2216300
2016-11-15,37.069300592084794,38.078478464831605,36.9071108614523,38.0694694519043,1953400
2016-11-16,37.82618104532476,37.94331882503495,37.30357241712332,37.36664581298828,1871500
2016-11-17,37.4837846196942,38.39384961797648,37.37565927636852,38.33077621459961,1870100
2016-11-18,38.30373979034994,38.44790805108272,37.92529939489229,38.33978271484375,1497900
2016-11-21,38.673172867408844,38.673172867408844,37.988374458240685,38.34879684448242,1715500
2016-11-22,38.49297071289794,38.61911753526623,38.17760021973412,38.38484191894531,1663300
2016-11-23,39.168760138330484,39.168760138330484,38.45692771366023,38.781307220458984,1393500
2016-11-25,38.73624836430529,38.81734322653732,38.44790840295836,38.646141052246094,511400
2016-11-28,38.1595719026191,38.53801573901842,37.853213915912036,37.943321228027344,2216200
2016-11-29,38.06045721891313,38.276707883299046,37.84420311728487,37.86222457885742,1217200
2016-11-30,38.907447729939214,38.970521130778415,37.97035229283893,38.08749008178711,2700900
2016-12-01,38.38483476494466,38.96151124681751,38.35780429011588,38.80833053588867,2796900
2016-12-02,38.673169624311114,38.754264482552834,38.26769877034486,38.49296188354492,1191400
2016-12-05,38.81734022976063,39.10567673160491,38.51999127878497,38.628116607666016,1504900
2016-12-06,38.75426423180877,38.898432485834334,38.438897250266066,38.6100959777832,2135900
2016-12-07,38.66415931931988,39.231823308030386,38.52900008102236,39.14171600341797,1417800
2016-12-08,39.475111943659286,40.07881547920145,39.34896170419851,39.7274055480957,1409100
2016-12-09,39.50214100752964,39.52917148211254,39.069636227991,39.249847412109375,1627100
2016-12-12,39.07864881355767,39.2678724646668,38.69119593531162,39.01557540893555,2052000
2016-12-13,39.07864191286153,39.55620202569699,38.71822301255716,39.27687454223633,2019100
2016-12-14,38.853378811205495,39.9346423866029,38.655149619072844,39.27687454223633,2970700
2016-12-15,39.547192232521084,40.5563700332825,39.3489595898342,40.087825775146484,3411900
2016-12-16,40.096829894543546,40.096829894543546,39.177756077750146,39.24082946777344,3093700
2016-12-19,39.24083472511572,39.6643304896465,39.04260551730247,39.41203689575195,1330800
2016-12-20,39.70938406649432,40.403194915608196,39.547194338792764,40.07881546020508,1634600
2016-12-21,40.051783429825896,40.44824528368174,39.86256323393395,40.18693923950195,930900
2016-12-22,40.05178462172161,40.21397434795341,39.81750904505677,40.12386703491211,908200
2016-12-23,40.150907651314256,40.20496861092289,39.91663203553317,40.0698127746582,596200
2016-12-27,40.141883850097656,40.24100016434664,40.02474607532685,40.141883850097656,386900
2016-12-28,40.141892625116235,40.30408236802522,39.601262440248206,39.61027145385742,652000
2016-12-29,39.61927735495595,39.94365678714838,39.37599278081163,39.4751091003418,802100
2016-12-30,39.70037448204307,39.74542641970196,39.40302550645785,39.58323669433594,1054000
2017-01-03,40.286054361878634,40.42121360476981,39.36698044704872,39.89860153198242,1799600
2017-01-04,39.97969121985434,40.565376613648624,39.889587361074554,40.47526931762695,1626200
2017-01-05,40.123868232712816,40.45726014505442,39.60125955044221,40.060794830322266,1220600
2017-01-06,40.286054980477594,40.68252026585025,40.07881332550661,40.43923568725586,1232400
2017-01-09,39.871572014507365,40.44824504848722,39.871572014507365,39.997718811035156,843100
2017-01-10,40.06980489189785,40.46626674575371,39.844541771861984,40.18693923950195,901800
2017-01-11,40.09683514586047,40.53835237108919,39.9887098112658,40.39418411254883,1084700
2017-01-12,39.36698781922791,40.25903142742779,39.36698781922791,40.17793655395508,1494100
2017-01-13,40.511316300829336,40.97085496354401,40.34011757707338,40.35813903808594,1088500
2017-01-17,39.83552345181801,40.0517775275707,39.26786294779582,39.565208435058594,1304100
2017-01-18,39.88058068293253,40.2410030446828,39.421045437081204,40.087825775146484,1465700
2017-01-19,40.18693733529068,40.349127049010725,39.59224286406459,40.03376007080078,989400
2017-01-20,40.358138453655556,40.81767367247341,40.177927283381855,40.56538009643555,1456600
2017-01-23,40.367150200968354,40.75460304027853,40.123865620198536,40.39418411254883,921700
2017-01-24,40.68251979594624,40.997886780902405,40.57439102632498,40.763614654541016,845200
2017-01-25,41.12403191600973,41.538515204444636,41.051949509745576,41.457420349121094,862800
2017-01-26,41.68366577209485,41.88276038931719,41.4483674259479,41.80131149291992,1270500
2017-01-27,41.7289193758524,41.7289193758524,41.31262650109984,41.58412170410156,813800
2017-01-30,41.43932664205132,41.43932664205132,40.8148838383485,41.29452896118164,1023900
2017-01-31,41.19497429077306,41.69271603512293,40.661032268079936,41.113525390625,1518000
2017-02-01,41.55697621259236,41.74702599119365,41.08638629560163,41.42123031616211,1474400
2017-02-02,41.90991551810681,42.34430851459366,40.56148445322681,41.52981948852539,1534900
2017-02-03,42.362416621005316,42.751561067504085,42.109018069547254,42.40766525268555,1103200
2017-02-06,42.04566115176567,42.78774961479909,41.92801542263136,42.51625442504883,1065000
2017-02-07,42.82395553885721,42.914452796619955,42.46195960330807,42.570560455322266,958000
2017-02-08,42.19951000074858,42.39860462914719,42.02756040300833,42.371456146240234,1123400
2017-02-09,42.6339156160546,43.204058091708646,42.49816625681567,42.914459228515625,1146900
2017-02-10,43.1135451504348,43.21309419203278,42.887298583984375,42.887298583984375,1361900
2017-02-13,43.23120174878888,43.8646929339878,43.01400348874239,43.62939453125,1309300
2017-02-14,43.575094231417566,44.0728360345874,43.520793807485795,43.89183807373047,1249400
2017-02-15,43.97328935890738,44.49817967627279,43.85564016015771,44.471031188964844,1445900
2017-02-16,44.389581083532086,44.67012810309882,44.19953477297836,44.43482971191406,1231400
2017-02-17,44.145229429687994,44.145229429687994,43.59318724907916,43.900882720947266,1898700
2017-02-21,44.34432920836471,44.52532716088943,43.882787709063045,43.946136474609375,1924300
2017-02-22,43.61129355510729,43.909940725432634,43.57509672266565,43.71989440917969,1975600
2017-02-23,43.83753813090256,44.09093665978281,43.37599660528862,44.027587890625,1504600
2017-02-24,43.23119786254583,43.87373733520508,43.23119786254583,43.87373733520508,1431400
2017-02-27,43.87374232207345,44.30813540024257,43.73799642703583,44.16333770751953,828600
2017-02-28,43.74704205960361,44.48913062032151,43.64749300473307,44.190486907958984,2166900
2017-03-01,45.16787207414369,45.493667737631675,44.90542518386178,45.122623443603516,1902200
2017-03-02,45.195013143297615,45.195013143297615,43.982331401735834,44.009483337402344,997700
2017-03-03,44.054735790109866,44.452928541263454,43.91898645672283,44.38957977294922,1044800
2017-03-06,43.81038787447146,44.353378288811264,43.68369034127543,44.226680755615234,1045700
2017-03-07,44.16333902655612,44.353385356634526,43.80134651006146,44.08189010620117,1163600
2017-03-08,44.480084316344026,44.652030494851374,44.072839733301095,44.13618850708008,1576900
2017-03-09,44.24477958136558,44.53437492070607,44.00948466274471,44.18143081665039,985200
2017-03-10,44.36243247948409,44.54343044478178,43.79229009708355,44.172386169433594,1221400
2017-03-13,43.78324519341196,44.081888925212915,43.48459800936167,43.91899108886719,1301000
2017-03-14,43.71989321540531,43.87373924276669,43.35789728287997,43.81039047241211,1219900
2017-03-15,43.855639937675086,43.97328913582792,43.22214876979335,43.59319305419922,1634800
2017-03-16,43.78324711770924,43.90994467326894,43.457451430698875,43.728946685791016,1029200
2017-03-17,43.73799866313735,43.74704700903606,43.06830714239954,43.231204986572266,2065200
2017-03-20,43.0501999958218,43.520793307746516,42.86015369261632,43.249298095703125,983100
2017-03-21,43.56604397763065,43.5841441195823,41.493624329529624,41.5750732421875,1674100
2017-03-22,41.267378328340826,41.728923324137895,40.724387870960996,41.46647644042969,1273500
2017-03-23,41.41217151044656,42.199512075952235,41.16782824777102,41.692718505859375,1382100
2017-03-24,41.87372414355256,41.99137335061478,41.194984294904145,41.4393310546875,912900
2017-03-27,40.46193418944056,41.2040226342346,40.280936249972825,41.113525390625,1054600
2017-03-28,40.92347966883243,41.991363728861344,40.92347966883243,41.756065368652344,1139200
2017-03-29,41.6746220615933,41.900868656338375,41.430275324998725,41.68367385864258,1821400
2017-03-30,41.70176825137918,42.489105325918,41.6927164555778,42.371456146240234,1021800
2017-03-31,42.12710755827801,42.67010135785987,42.06375879949739,42.4348030090332,1563700
2017-04-03,42.57055179035908,42.65200068666678,41.54791641499535,42.17235565185547,903400
2017-04-04,42.00946986371816,42.226668133353975,41.8827723115345,42.06377029418945,765000
2017-04-05,42.5343598120744,42.60676037947238,41.58412480459489,41.68367385864258,862800
2017-04-06,41.57506665051906,42.26285812663697,41.3216716078696,42.09996032714844,845000
2017-04-07,41.692722795563036,42.19951641779916,41.529824968853184,41.955169677734375,787700
2017-04-10,41.86467027895456,42.181417597370256,41.53887806757586,41.873722076416016,1255700
2017-04-11,41.64747607170796,41.90087116829377,41.1678343668136,41.7651252746582,888900
2017-04-12,41.80131484718055,41.86466361032301,40.814879668214026,40.9144287109375,1288700
2017-04-13,40.64293741712642,41.18592785393178,40.40764248177717,40.416690826416016,915500
2017-04-17,40.633890029787004,41.22212910814305,40.40764343374643,41.19498062133789,1101700
2017-04-18,40.78773952328032,41.07733491463593,40.37144657973782,40.68819046020508,1506100
2017-04-19,41.09542976574817,41.30357621071377,40.64293659349715,40.76058578491211,976000
2017-04-20,41.02302948811461,41.61126849530441,40.851079886487135,41.41217041015625,1051900
2017-04-21,41.31262981790873,41.4845759880899,41.086383221868154,41.19498062133789,1334400
2017-04-24,42.2628574476308,42.48005220862697,41.93706185388806,42.32620620727539,1712700
2017-04-25,42.78775788280097,42.83300996671073,42.29906782771896,42.66106033325195,1470900
2017-04-26,42.6519775390625,42.84283362633944,42.406589655295484,42.6519775390625,1633100
2017-04-27,43.07912011596205,43.2245347240489,42.18845174110263,42.579254150390625,2116300
2017-04-28,42.17937214809467,42.70650236052875,42.08848930241351,42.106666564941406,1217100
2017-05-01,42.32478286844189,42.48837474911061,41.87945211203326,42.36113739013672,1369400
2017-05-02,42.37022670004506,42.47019990692026,41.94307318015766,42.197547912597656,1536200
2017-05-03,41.97033235527846,42.36113477194878,41.88853641999961,42.27933883666992,1154900
2017-05-04,42.715588110764365,42.95188558336229,42.29752148472899,42.41566848754883,1302600
2017-05-05,42.45202074529176,42.47928837037453,42.01577688050606,42.3338737487793,677400
2017-05-08,42.42476145535416,42.55199883048056,42.252082655819535,42.497467041015625,1041300
2017-05-09,42.57016972536873,42.77011612320415,42.02486578012768,42.161190032958984,1218300
2017-05-10,41.97942498130209,42.29752186945048,41.88854213723585,42.15210723876953,883400
2017-05-11,42.00669120813231,42.13392857236792,41.5068251815522,41.9885139465332,874600
2017-05-12,41.63407152352992,41.870369021678925,41.434125086432495,41.60680389404297,1035700
2017-05-15,41.76129816901097,42.18845162896701,41.76129816901097,42.08848190307617,1115500
2017-05-16,42.17936490221358,42.4156623405667,42.04303719015287,42.32477951049805,1081800
2017-05-17,42.324786825416,42.324786825416,40.634339545103416,40.81610870361328,1767200
2017-05-18,40.76157206464227,41.570444550393475,40.62524781220356,41.13419723510742,1373700
2017-05-19,41.17964313534096,41.5886193697034,40.988783630086076,41.34323501586914,1067300
2017-05-22,41.55227021738734,41.59771163806828,41.03423039431666,41.2069091796875,1101300
2017-05-23,41.22508922889405,41.734038722067595,41.016055906060856,41.534095764160156,954100
2017-05-24,41.7067748427329,41.7067748427329,41.088761768029016,41.25235366821289,893300
2017-05-25,41.43412672091642,41.634073165901285,41.2160030112094,41.26144790649414,1273100
2017-05-26,41.04331732195767,41.152377425064046,40.87063853645941,40.94334411621094,1667800
2017-05-30,40.76157542317876,41.070581941241414,40.67977947819281,40.90699005126953,1406400
2017-05-31,40.97061272046933,40.97061272046933,40.3707734716664,40.87972640991211,1717300
2017-06-01,41.14329063603762,41.59771177829521,40.870638644074695,41.443206787109375,1815700
2017-06-02,41.106937697294406,41.31597101475633,40.816108432394486,41.09785079956055,1149600
2017-06-05,41.11602237471064,41.161463791010995,40.64342401787973,40.7070426940918,1243800
2017-06-06,40.3071593836356,40.4434871315366,39.59826341525117,39.80729675292969,1543000
2017-06-07,39.852723222548114,40.26170284579589,39.58007129603538,40.06175994873047,1530600
2017-06-08,40.0617687300895,41.3523230830469,40.052678365937346,40.98878479003906,1676000
2017-06-09,41.28870494767336,42.29752043049698,41.07967163986566,42.252079010009766,1515900
2017-06-12,42.2611653643101,42.779205178515966,42.2611653643101,42.54290771484375,1914300
2017-06-13,42.70649854379351,43.00641468130412,42.5247294017178,42.861000061035156,1607900
2017-06-14,42.4429379229106,42.89735909239153,41.87945664350259,42.80647277832031,1337500
2017-06-15,42.54291303034456,43.07003980760941,42.50655850309635,42.94280242919922,842300
2017-06-16,42.97914976266973,43.179092695151674,42.67923016350986,43.170005798339844,1487400
2017-06-19,43.32451346953601,43.5880785849869,43.09730288041457,43.53355026245117,1238600
2017-06-20,43.31542315601125,43.44266052117324,42.70650048931941,42.7337646484375,948600
2017-06-21,42.815565531915084,42.815565531915084,41.55227516499164,41.65224838256836,1283400
2017-06-22,41.47956471951166,41.534096509169146,40.9251703256818,41.215999603271484,1210100
2017-06-23,41.32505898441276,41.415941824317414,40.85246058960073,40.99787521362305,1681600
2017-06-26,41.134199616627036,41.52500207010163,40.725223368674754,41.23417282104492,896300
2017-06-27,41.36141516956889,41.743130771814116,41.16147220359143,41.41594696044922,861600
2017-06-28,41.82492242543422,42.29752083027597,41.82492242543422,42.206634521484375,689700
2017-06-29,42.988233877480816,43.26088583464448,41.988508878894784,42.32477951049805,953900
2017-06-30,42.57017046003976,42.59743461768496,42.033953402283665,42.37931442260742,1140900
2017-07-03,42.761025889871355,43.53354385943557,42.59743401240872,42.924617767333984,720100
2017-07-05,42.98824199843876,43.070037947735806,42.52473393039446,42.8155632019043,1181600
2017-07-06,42.82464337322141,43.60624821774397,42.66105150032331,43.006412506103516,1195500
2017-07-07,43.115477368005706,43.36995556897134,42.79738395049644,43.206363677978516,831800
2017-07-10,43.151830401658685,43.56081011501581,43.13365314029191,43.297245025634766,919700
2017-07-11,43.34268503186111,43.433571335730534,43.02459163571312,43.13365173339844,749100
2017-07-12,43.09729795663529,43.32450851979838,42.861000496407215,43.08821105957031,853500
2017-07-13,43.10638989111282,43.80619886718559,43.04277120846604,43.76075744628906,849000
2017-07-14,43.224543025403385,43.51537229743139,43.006419337903175,43.315425872802734,816900
2017-07-17,43.21545450494342,43.551725215023296,42.92462522050269,43.442665100097656,697700
2017-07-18,43.08821528734595,43.40630872020209,42.779208752446394,43.315425872802734,646900
2017-07-19,43.41540391893197,43.75167465209961,43.27907616569599,43.75167465209961,928300
2017-07-20,43.78801567677914,43.997048958167774,43.36994911400187,43.388126373291016,876600
2017-07-21,43.35178224881938,43.688052958899256,43.23363176859079,43.442665100097656,977700
2017-07-24,43.43356959701808,43.878900333797986,43.215445943421294,43.769840240478516,821400
2017-07-25,44.38785794313268,44.50600841254149,44.1424701068028,44.224266052246094,920000
2017-07-26,44.22426421043253,44.415120252865535,43.688047138626885,43.83346176147461,650200
2017-07-27,43.95217875888261,44.45443648271525,43.60516287474145,44.235267639160156,1020700
2017-07-28,44.7192592817375,45.62332238271122,44.14394418248229,45.477210998535156,1379200
2017-07-31,45.75117761281605,46.271699730009814,45.696388011156166,45.7785758972168,1363600
2017-08-01,46.043390448899004,46.1986357482684,45.48634321258659,45.95207214355469,1420100
2017-08-02,45.65985719529147,46.19864364953874,45.60506411257169,45.86989212036133,1174800
2017-08-03,45.89728032895951,46.16210829871913,45.678114996694426,45.82422637939453,1072800
2017-08-04,46.17124602661713,46.66436980665833,46.116452947247915,46.390411376953125,884500
2017-08-07,46.36301661782692,46.56392109211163,46.15298170542493,46.20777130126953,700400
2017-08-08,46.079929060706405,46.96573144377765,46.079929060706405,46.344757080078125,881900
2017-08-09,46.01600368163226,46.372150011603914,45.81509919454235,46.353885650634766,1318300
2017-08-10,46.025130028705156,46.12557877214677,45.568531530339314,45.60505676269531,1545700
2017-08-11,45.732914478958136,45.98860856361482,45.340239429766434,45.38589859008789,743800
2017-08-14,45.88815929000421,46.10732815072765,45.495484215404076,45.532012939453125,1145000
2017-08-15,45.97034327996334,46.18037820008232,45.61419695960634,45.71464920043945,981800
2017-08-16,45.89728680932912,46.02513733536718,45.111940193662036,45.2032585144043,1192800
2017-08-17,45.0388768886165,45.22151698990192,43.95217368550206,43.97956848144531,1761200
2017-08-18,43.83346240004228,44.08002604407099,43.605163116708724,43.76953887939453,1608400
2017-08-21,43.76953549656907,43.89738252798362,43.09376813735886,43.22161865234375,1675600
2017-08-22,43.39512842129521,43.69648166541673,43.39512842129521,43.68735122680664,1397800
2017-08-23,43.404256780602815,44.08002416320667,43.09376962917463,43.77866744995117,1076100
2017-08-24,43.8334650499857,44.28093320514213,43.74214672455989,44.18048095703125,1602400
2017-08-25,44.335716247558594,44.509225917196254,44.12568134329697,44.335716247558594,707900
2017-08-28,44.34485655361826,44.44530531775956,43.97044584714543,44.08002853393555,657500
2017-08-29,43.4499212761558,43.87912155999487,43.376863833375175,43.76953887939453,768100
2017-08-30,43.806067961546425,44.10742120657177,43.806067961546425,43.97044372558594,756000
2017-08-31,44.12569175632465,44.24440837668631,43.84259934886874,43.99784469604492,1137000
2017-09-01,44.14394466359588,44.5457501035667,44.025228074043284,44.38137435913086,627200
2017-09-05,44.00697183506231,44.02523619709959,43.24901997015492,43.44992446899414,1476800
2017-09-06,43.641696522079265,43.86999582991575,43.532110346146645,43.62343215942383,1152300
2017-09-07,43.56863331336254,43.56863331336254,42.08012453116329,42.399742126464844,1537000
2017-09-08,42.33582352303081,43.13030412614959,42.23537127182378,43.020721435546875,861100
2017-09-11,43.65082245681442,44.05263142662498,43.431657094709216,43.869991302490234,952500
2017-09-12,44.0617650045811,44.39051655473273,43.924784030827624,44.31745910644531,743000
2017-09-13,44.14395200033581,44.31745821115699,43.89738834270309,44.26266860961914,962900
2017-09-14,44.27179335401412,44.27179335401412,43.769535664287936,43.88825225830078,803000
2017-09-15,43.723881323557286,44.23526950750076,43.6234290778339,44.226139068603516,1962300
2017-09-18,44.30832935476172,44.847115851744135,44.253536267695885,44.719268798828125,1131300
2017-09-19,44.7649235382465,45.17586294169456,44.65534085851721,44.98408889770508,1041100
2017-09-20,45.15760269417812,45.70551962630038,44.901905106759614,45.367637634277344,933300
2017-09-21,45.40415936818299,45.84249354310811,45.19412446042118,45.68724822998047,967400
2017-09-22,45.477213100708305,45.85162375768965,45.40415914702846,45.76943588256836,607600
2017-09-25,45.623323829735064,46.14384587009471,45.623323829735064,46.01599884033203,623800
2017-09-26,45.98860844583596,46.289961690042325,45.81509876005988,46.13471984863281,664900
2017-09-27,46.801351281955235,47.02965055650136,46.53652328742482,46.87440872192383,904900
2017-09-28,46.82874912577595,46.89267264812064,46.32649138582306,46.655242919921875,1011000
2017-09-29,46.59132021447153,46.837883869368696,46.472603606505324,46.6917724609375,787600
2017-10-02,46.819616903847496,47.257951104761744,46.56392282420683,47.130104064941406,842100
2017-10-03,47.10271144271391,47.19402976578542,46.51826233091574,47.05704879760742,827900
2017-10-04,46.95659293045884,47.32187316171334,46.901803334269985,47.15749740600586,682700
2017-10-05,47.175762537177185,47.851529930974635,46.9474632598034,47.76020812988281,673000
2017-10-06,48.02504072441022,48.17115213657168,47.52278296282838,47.9793815612793,697800
2017-10-09,48.088965369345466,48.10722973173732,47.67802592445601,47.75108337402344,661500
2017-10-10,47.751082088453465,47.97024746411344,47.5136488673225,47.878929138183594,761800
2017-10-11,47.76020876763534,47.8150018490221,47.34013892771521,47.696285247802734,807100
2017-10-12,47.723679680280725,47.86066064091058,47.45885516453783,47.49538040161133,996500
2017-10-13,47.39493496616931,47.82413527131398,47.09357822509571,47.458858489990234,1001100
2017-10-16,47.64148985419307,47.97937528099004,47.50451238273005,47.869789123535156,589100
2017-10-17,48.04329879084365,48.116352745566054,47.376665342488614,47.48624801635742,835700
2017-10-18,47.550176835396,47.7602117685532,47.422329787697784,47.659759521484375,512900
2017-10-19,47.34927211030263,47.741947174072266,47.15750153969069,47.741947174072266,611400
2017-10-20,48.280735949103565,48.31726467388728,47.69629028684787,47.75108337402344,903200
2017-10-23,47.787603829647054,47.988504814051744,47.65062287719675,47.814998626708984,971200
2017-10-24,48.088961685229336,48.326391410992024,47.90632155887384,48.23507308959961,902700
2017-10-25,48.29899479338871,48.33552351399906,47.43145683853087,47.67802047729492,1158800
2017-10-26,48.08896186373573,48.53643000078918,47.623232849192554,48.33552551269531,1729200
2017-10-27,48.22546641608151,48.41807393686829,47.90445038266265,48.106231689453125,941400
2017-10-30,47.84940871837571,48.27131532191326,47.73017751405558,48.06036376953125,1669800
2017-10-31,47.950304509181855,48.22546208418868,47.67515043294894,47.73018264770508,1090400
2017-11-01,47.9594805061956,48.418071820658106,47.66598234484151,47.69349670410156,1505900
2017-11-02,47.665986716331794,48.69323037528053,47.50089354808252,48.52813720703125,1926200
2017-11-03,48.381382200968375,48.592333779337736,47.94113497235747,48.11539840698242,1529600
2017-11-06,48.372212538583476,48.766597843215806,48.18877531626848,48.67488098144531,1279600
2017-11-07,48.66571182074696,48.94086591119863,48.234634863149076,48.33552551269531,1530800
2017-11-08,48.234628634522394,48.40889205292488,47.97781864976639,48.280487060546875,1295200
2017-11-09,48.060376156307385,48.3355302738624,47.84025076299871,48.17960739135742,1341700
2017-11-10,48.1796031139059,48.25297940475249,47.96865152588314,48.078712463378906,1731200
2017-11-13,47.87692358668175,48.66570103695975,47.87692358668175,48.44557571411133,1727900
2017-11-14,48.20712476191452,48.5831695351288,48.051201880995514,48.43642044067383,1500900
2017-11-15,47.93195871008089,48.72991005080347,47.84941214030869,48.50978469848633,1794500
2017-11-16,48.78494504454765,49.170163585995695,48.68405788963848,48.8399772644043,1776400
2017-11-17,48.62902224183396,49.16098633451881,48.54647566725497,49.0325813293457,1296700
2017-11-20,49.197679331169965,49.436148791819406,49.032586165727835,49.41780471801758,1027800
2017-11-21,49.52786127616249,49.729642571339724,49.24353340557402,49.408626556396484,739500
2017-11-22,49.40862792405591,49.61957951177409,49.31691105940422,49.4361457824707,938600
2017-11-24,49.54620246875926,49.720465896155375,49.46365589814556,49.61040496826172,542600
2017-11-27,49.61040670012717,49.72964141712576,49.44531355313648,49.47282791137695,902200
2017-11-28,49.61041055040701,50.81192110258354,49.500349610129334,50.65599822998047,1452200
2017-11-29,51.013698722388455,51.93088138513648,50.94949621589803,51.74744415283203,1583400
2017-11-30,52.114318732955184,52.6187684988299,51.72910369315878,51.93088150024414,2244700
2017-12-01,52.022600348171636,52.22437814936991,50.50924759592697,51.80247497558594,1447500
2017-12-04,52.60042081963667,52.728829322873246,52.26106423658921,52.297752380371094,982200
2017-12-05,52.44450129462353,52.655452872556346,51.73827027348811,51.83916091918945,962300
2017-12-06,51.74743742034172,52.13265590794044,51.63737649478798,51.67406463623047,838700
2017-12-07,51.42642704356708,52.196860551659896,51.42642704356708,52.08679962158203,642100
2017-12-08,52.23354899382739,52.73799871657902,52.16017270750589,52.72882843017578,775600
2017-12-11,52.7288304536934,52.78385917177239,51.82081811887553,51.958396911621094,1292500
2017-12-12,52.11431812367166,52.11431812367166,51.307196408443886,51.729103088378906,2475000
2017-12-13,51.62821726108232,51.75662228484551,50.38084817519789,50.390018463134766,2318600
2017-12-14,50.50924607833107,50.55510450909945,49.65626597069796,49.766326904296875,2347100
2017-12-15,49.867216365602005,50.041483296662065,49.49117164420376,49.55537414550781,2648700
2017-12-18,49.99562227808054,49.99562227808054,49.38111161190862,49.48200225830078,2536100
2017-12-19,49.848875439176574,49.93142201731487,49.50951883961872,49.7204704284668,3032200
2017-12-20,50.21574588017911,50.37166523820383,49.84887145140799,50.26160430908203,1220700
2017-12-21,50.435872610906905,50.839431694527704,50.24326160623034,50.28912353515625,1210400
2017-12-22,50.51842139636229,50.51842139636229,49.88556313672755,50.252437591552734,887700
2017-12-26,50.21575164794922,50.56428204543652,50.13320506693312,50.21575164794922,384000
2017-12-27,50.22492193527356,50.325812589712584,50.04148819859269,50.21575164794922,895400
2017-12-28,50.40835503267276,50.600962539640946,50.197403453787516,50.573448181152344,805300
2017-12-29,50.766053684330416,50.848600255312,50.34415054321289,50.34415054321289,698800
2018-01-02,50.84860304522217,50.97701155061856,50.07816950671393,50.3166389465332,1744600
2018-01-03,50.30746888040113,50.77523400913596,50.21575201139688,50.68351364135742,2057700
2018-01-04,50.97700758750505,51.56400385715752,50.86694316286489,51.13292694091797,1057400
2018-01-05,51.36222814832257,51.39891629384859,50.88529275280668,51.353057861328125,1031100
2018-01-08,51.40808591785242,51.85750694781485,51.206308117609815,51.793304443359375,1571100
2018-01-09,52.022603485229105,52.66462857153996,51.96757126407061,52.24272537231445,1219000
2018-01-10,52.29774875767081,53.059008445155,52.031764981838016,52.75634002685547,1838000
2018-01-11,53.10487828870866,53.655186494268385,53.04984606864299,53.39837646484375,1270200
2018-01-12,53.75607600655935,53.86613694557876,53.46257783665815,53.73773193359375,997300
2018-01-16,53.37085468733727,53.37085468733727,50.78440001329098,50.94032287597656,3415000
2018-01-17,51.21548116888892,51.86668003424302,51.04121771864289,51.68324279785156,2260800
2018-01-18,51.93087833593195,52.24272056290693,51.398914242135795,51.490631103515625,1209200
2018-01-19,51.674070387745495,51.83916354383846,50.94949525809015,51.353057861328125,1822900
2018-01-22,51.380572367425216,51.508977378357876,51.12376234555989,51.45394515991211,1130900
2018-01-23,51.233819707724,51.765783787140556,51.077896849064295,51.54566192626953,1141200
2018-01-24,51.81164780358623,52.389470335741706,51.24299205940683,51.325538635253906,1612000
2018-01-25,51.52731455689371,51.536484842687294,50.4083507562977,50.47255325317383,1686300
2018-01-26,50.68439387286921,51.40280127924429,50.51860781858715,51.33832931518555,1668900
2018-01-29,51.384385861340974,51.835689659333184,50.88702764385416,50.896236419677734,1314500
2018-01-30,50.36203375431779,50.56466193356441,49.43178939819337,49.43178939819336,2003900
2018-01-31,49.36731952598791,49.542317874917885,48.85154379472146,48.98969650268555,3014200
2018-02-01,48.25286810457556,50.03046022620934,46.4200163090508,49.07258605957031,4222400
2018-02-02,48.998914755122016,50.40809292593199,48.519977579610995,48.547607421875,2413000
2018-02-05,47.97656411497027,48.446288958508205,46.23581393971388,46.44765090942383,2452800
2018-02-06,45.28714171241124,46.87131787527917,44.66084318536163,46.64105987548828,2371900
2018-02-07,46.39238837870197,47.18447658929145,46.24502337534524,46.58580780029297,2824700
2018-02-08,46.64106493931595,46.64106493931595,44.062175764359296,44.089805603027344,2511500
2018-02-09,44.61479471280032,45.71082518629825,43.77665562254475,45.32398986816406,2096700
2018-02-12,45.67397639873288,46.908159402469046,45.379246443822,46.49369430541992,3594900
2018-02-13,46.650284268715566,47.12000916426045,46.217397992468534,46.80685806274414,3265300
2018-02-14,46.47527682927083,48.446284872332534,46.42922592903694,48.30813217163086,1587600
2018-02-15,48.63049478367667,48.906803714430204,47.71867496084412,48.03182601928711,1415500
2018-02-16,47.746302053785364,48.639704274848434,47.02789817245294,48.30813217163086,1927100
2018-02-20,48.14234566454396,48.519968664422706,47.94892977731646,48.206817626953125,1455400
2018-02-21,48.25287481914201,48.685761063303964,47.856830705006374,47.87525177001953,1360700
2018-02-22,47.9949842053174,48.10550707564951,47.1200029909963,47.21210479736328,2302400
2018-02-23,47.350262820638676,47.681834957700154,47.18447675210793,47.64499282836914,1091500
2018-02-26,47.85682848025543,48.354186672112974,47.68183364095388,48.27129364013672,1026900
2018-02-27,48.216028626434834,48.8699640821952,47.83840560913086,47.83840560913086,1394700
2018-02-28,48.09629724033704,48.308134201079085,46.92658605527201,46.935794830322266,1942700
2018-03-01,46.88053302764466,47.11079104150646,45.231884805164185,45.41609191894531,2398800
2018-03-02,45.06609817497578,45.37003692236912,44.01612220741229,45.26872634887695,1940100
2018-03-05,44.86347275327665,46.35554728515002,44.688477919100286,46.01476287841797,1431400
2018-03-06,46.217391064749606,46.272654255601495,45.388460769264405,46.01476287841797,1303900
2018-03-07,45.42529902104149,46.11607303719292,45.323984936519274,45.996337890625,1267300
2018-03-08,46.10687098182971,46.10687098182971,45.21346866644267,45.7108268737793,1229600
2018-03-09,46.21739918954718,47.184482361982745,45.876618236366106,47.147640228271484,1383400
2018-03-12,47.11079599051506,47.276582058988126,46.6410676253551,46.68711853027344,1578600
2018-03-13,47.08315748855151,47.156841739130996,46.24501846223126,46.34633255004883,1080700
2018-03-14,46.60422501119947,46.74238123797602,45.48056818635478,45.60029983520508,1108200
2018-03-15,45.86739751378227,46.2726538831839,45.58187981365869,45.876609802246094,1053600
2018-03-16,46.051606148430274,46.77922236880556,45.876611309911375,46.30949401855469,2400500
2018-03-19,46.337122028127155,46.51211684646689,45.443719847561624,45.93186569213867,1227200
2018-03-20,46.245018336873386,46.52132724888059,46.09765334957232,46.3002815246582,851800
2018-03-21,46.4568604682419,47.12921351738722,46.1805515254157,46.631858825683594,1104400
2018-03-22,45.996344592469605,46.18976401540229,44.68848061778874,44.780582427978516,1170000
2018-03-23,44.94637032087399,44.94637032087399,43.168777907102964,43.27009201049805,1399700
2018-03-26,44.080598389405026,44.50427232679623,43.38982429056594,44.43059158325195,2346800
2018-03-27,44.4398013544867,44.78058226711532,43.45429723246909,43.721397399902344,1527900
2018-03-28,43.83191575659701,44.07138254562328,43.01219778758222,43.555606842041016,1797700
2018-03-29,43.87796782032847,44.26480312173168,43.64770979984945,43.850337982177734,1383900
2018-04-02,43.90560192563633,44.17270209858135,42.2845868498404,42.99378204345703,1766700
2018-04-03,43.41746140328342,43.620089630526266,42.80958023501424,43.445091247558594,1512500
2018-04-04,42.64378862137236,44.04375793656361,42.64378862137236,43.91481399536133,1078100
2018-04-05,44.22796608218022,44.41217322244204,43.80429211899929,44.16349411010742,1357500
2018-04-06,43.74902391157697,43.850338002788725,42.56089168211672,42.910884857177734,1700100
2018-04-09,43.28851125713449,43.72139749401266,42.71747230517055,42.781944274902344,1831100
2018-04-10,43.49113614128067,44.19111897936779,43.32535008504398,43.86875915527344,1504800
2018-04-11,43.36218919891318,43.5740261419512,43.04903817149646,43.11351013183594,1150500
2018-04-12,43.46350038944899,44.366111360527526,43.325347692519905,44.2003288269043,1189000
2018-04-13,44.55952866304723,44.65163045667031,43.629284385546356,43.75822830200195,1116500
2018-04-16,44.17270288606397,44.4213819983986,43.90560270835728,44.16349411010742,1590500
2018-04-17,44.49506489112229,44.49506489112229,43.702976671784064,43.804290771484375,1134400
2018-04-18,44.05297136045022,44.31085924949725,43.831922088796354,44.23717498779297,2713300
2018-04-19,44.32006302298517,44.99241602458149,44.264803346403205,44.881893157958984,1294700
2018-04-20,45.08452583493605,45.1582065822087,44.63321852160249,45.02005386352539,1669600
2018-04-23,45.231890505754706,45.27794141163918,44.75295335494655,44.93716049194336,708700
2018-04-24,45.047681425088,45.43451674743644,44.17270019720007,44.43059158325195,953300
2018-04-25,44.53190275991017,44.84505382942886,43.960863814361524,44.633216857910156,1062200
2018-04-26,44.522693959862,44.83584502920817,44.22796395500193,44.57795715332031,1142200
2018-04-27,44.42062856107306,45.309040285038265,44.39286679789739,45.27202224731445,1469600
2018-04-30,45.29053535955201,45.56816713733869,44.77229690551758,44.77229690551758,1292300
2018-05-01,44.614971658254284,44.77229656649108,44.04120614696026,44.32809066772461,1249900
2018-05-02,37.378103664816166,38.581161525210305,36.647013381030504,36.81359100341797,8186900
2018-05-03,36.42491549904056,37.0171899737836,36.02698042440364,36.138031005859375,3501500
2018-05-04,35.93443894819846,36.97091928149767,35.86040287355991,36.887630462646484,3922700
2018-05-07,36.96165902286575,36.998677056194765,36.480435180290506,36.65626907348633,2436300
2018-05-08,36.75807275383253,36.832105302046436,35.21260315344937,35.39768981933594,5605800
2018-05-09,35.36066939892208,35.406940179719214,34.83317473131932,34.9442253112793,3870400
2018-05-10,34.944229240206994,35.332911609119556,34.76839884131481,35.17558670043945,3074500
2018-05-11,35.28663760563839,35.88816482925393,34.98124409146508,35.120059967041016,2972400
2018-05-14,35.25887091589373,35.5827734359974,34.96273368794618,35.05527877807617,2439400
2018-05-15,35.055282819616444,35.53650675307033,35.00901203433398,35.268131256103516,2109100
2018-05-16,35.21259791879801,35.8048723374008,35.21259791879801,35.601280212402344,2761900
2018-05-17,35.65681043920405,36.19356143841303,35.56426886772958,35.96220397949219,2641800
2018-05-18,35.86965482474121,36.128777550012906,35.49022877619315,35.749351501464844,2966300
2018-05-21,36.045491417323205,36.10101494597507,35.77711592805742,35.897422790527344,966700
2018-05-22,35.915929736180956,36.22131971683499,35.85114993633815,36.15653991699219,1286400
2018-05-23,35.925178681966706,35.98070573177579,35.36066603139318,35.6382942199707,1196500
2018-05-24,35.56427117738792,35.78637237544448,35.26813389315591,35.66606903076172,1782300
2018-05-25,35.45322122452255,35.93444520272897,35.38844141305582,35.80488204956055,1667300
2018-05-29,35.2126029762285,35.490231208543825,34.157613575289574,34.41673278808594,2077300
2018-05-30,34.90720642957402,35.39768299896988,34.601812960168694,35.30514144897461,2050200
2018-05-31,35.2866391571201,36.15654189563864,35.0460254329071,35.915931701660156,5107900
2018-06-01,36.32311905532023,36.721054145224024,36.147288667083345,36.20281219482422,2354500
2018-06-04,36.17505008472421,36.52671438806669,35.99921969817019,36.00847244262695,2767200
2018-06-05,35.82338404423228,36.03623245876078,35.14782076414593,35.749351501464844,1687000
2018-06-06,35.962205140673,36.4711908606865,35.869660035975684,36.064002990722656,2103700
2018-06-07,36.18430423330824,36.46193600106675,36.01772658474695,36.3231201171875,1597100
2018-06-08,36.3878990941036,36.684036344759285,36.20281242988518,36.4156608581543,1567000
2018-06-11,36.64701819692347,36.83210486059166,36.36013722196052,36.43416976928711,1124800
2018-06-12,36.202814189798026,36.434171648759325,36.017727516582056,36.21207046508789,2214700
2018-06-13,36.22131875199844,36.40640540243381,35.80487467107739,36.017723083496094,2703200
2018-06-14,36.026978355622404,36.21206500090994,35.730841135256,35.9344367980957,2318800
2018-06-15,35.74009719564486,36.2861009082842,35.37918014546934,36.22132110595703,3155400
2018-06-18,35.89742022485098,36.03623256679393,35.453214376211875,35.73084259033203,1334300
2018-06-19,35.406940491018275,35.758604782590055,35.36066970981433,35.65680694580078,1613600
2018-06-20,35.72159033684508,35.88816799011383,35.1570811010284,35.194095611572266,1277600
2018-06-21,35.138567594076065,35.28663620804984,34.88870114607639,35.05527877807617,1111500
2018-06-22,35.323651896649785,35.48097679002157,35.06453269607785,35.15707778930664,2327500
2018-06-25,35.10155360489892,35.4994887127505,34.93497595369432,35.268131256103516,1546000
2018-06-26,35.33290698799774,35.33290698799774,34.740632532102616,35.05527877807617,1440100
2018-06-27,34.98124372651482,35.16633038194032,33.83371281729852,33.907745361328125,1745900
2018-06-28,33.89849423772143,34.39822364195583,33.45428836160502,34.18537521362305,1602800
2018-06-29,34.47225766953668,35.03677037339208,34.23164749145508,34.23164749145508,1246000
2018-07-02,34.037304035855406,34.81466514332485,34.018795017792534,34.786903381347656,1606900
2018-07-03,34.85169104568161,35.34216777923137,34.70362239799291,34.74989318847656,771900
2018-07-05,34.87945131046965,35.02751995177595,34.64809383778887,34.953487396240234,1630300
2018-07-06,34.79616175488145,35.42545434989447,34.64809311665691,35.27738571166992,1758800
2018-07-09,35.55500850317443,36.52671254307165,35.434705180140924,36.480438232421875,1740900
2018-07-10,36.60074563132292,36.60074563132292,35.74935196223539,35.9251823425293,1793400
2018-07-11,35.555010807521946,35.76786276565011,34.68510807653462,34.703617095947266,1254300
2018-07-12,35.046027587967195,35.07379288415113,34.398225984019454,34.88870620727539,1602900
2018-07-13,34.68510313486862,35.02751111963266,34.46300199402913,34.851680755615234,1379900
2018-07-16,34.99050082020201,35.332908846104196,34.92572101882144,35.29589080810547,715800
2018-07-17,35.25887056278229,35.48097524663573,35.1200582243288,35.32365036010742,869300
2018-07-18,35.24037054300186,35.49948977250681,34.96273876254971,35.3884391784668,1461900
2018-07-19,35.30515389364658,35.397695476261724,34.64809594823273,34.69437026977539,1532400
2018-07-20,34.574059085731065,34.8701963495298,34.28717456694839,34.731380462646484,1335300
2018-07-23,34.62032718377616,35.443959105419204,34.62032718377616,35.351417541503906,1594900
2018-07-24,35.332914754724,35.749358926264385,35.305152986699646,35.5365104675293,1509100
2018-07-25,35.545760557825574,35.545760557825574,34.20388656321834,35.138572692871094,1912900
2018-07-26,35.34215717467972,36.110265481127556,35.25886836470627,35.869651794433594,1914900
2018-07-27,36.1025790303531,36.61500202190438,35.98145970556185,36.14916229248047,1184900
2018-07-30,36.17711603843162,36.83860761852228,36.17711603843162,36.6429557800293,1754900
2018-07-31,37.882087193377984,38.45972747093826,36.75475588511635,37.015625,3287000
2018-08-01,36.86655987187846,37.323084419663076,36.21438346964706,36.24233627319336,1563400
2018-08-02,34.46282222401408,34.47213745412768,32.916234577694595,33.42865753173828,3971300
2018-08-03,33.45661228510361,34.481458361941655,33.3913950013453,33.950401306152344,2141100
2018-08-06,33.95971284618799,34.11809662892937,33.46592037642004,33.57772445678711,1912900
2018-08-07,33.81065212966521,34.378977230661704,33.689532791565426,33.77338409423828,1996300
2018-08-08,33.80133056640625,33.922449894553985,33.55909546418597,33.80133056640625,1524100
2018-08-09,33.76406408712518,34.06220122022375,33.53114422976223,33.5590934753418,1533400
2018-08-10,33.018712866120175,33.018712866120175,32.2081528763101,32.7764778137207,1939700
2018-08-13,32.74852584413775,32.906909604805946,32.385167964696166,32.61808776855469,1144800
2018-08-14,32.673998486637686,33.0653057092593,32.673998486637686,32.92555236816406,1380200
2018-08-15,32.57150723194653,32.86032909225791,32.33858740868477,32.7764778137207,1395100
2018-08-16,33.270274839157516,33.736114599618666,33.07462299274191,33.54977798461914,2167800
2018-08-17,33.44729596415467,33.66158182582108,33.26095935059574,33.540462493896484,1036300
2018-08-20,33.540460933404255,33.745431554190205,33.34480909760409,33.50319290161133,1269300
2018-08-21,33.49388247895933,34.118106107763985,33.47524846038783,33.81065368652344,1627900
2018-08-22,33.698841853930524,33.698841853930524,33.28890420151054,33.42865753173828,1055000
2018-08-23,33.41003009618977,33.41003009618977,32.67400237966578,32.739219665527344,1367100
2018-08-24,32.9814551065835,33.38207756843861,32.90691904201736,33.130523681640625,1663100
2018-08-27,33.35412227013977,34.22058440844028,33.35412227013977,33.73611068725586,1671100
2018-08-28,33.90381667333362,33.90381667333362,33.32617637443702,33.53114700317383,1481200
2018-08-29,33.559097526647264,33.9504012282998,33.018721686374256,33.84791946411133,1949200
2018-08-30,33.913137315660464,34.835498087331224,33.913137315660464,34.248538970947266,3522200
2018-08-31,34.29511903186555,34.89139326249463,33.97834790258451,34.36033630371094,2743300
2018-09-04,34.19263288991589,35.059094970606004,34.19263288991589,34.528038024902344,2545500
2018-09-05,34.4721413401936,35.292020291533866,34.4721413401936,34.854129791259766,2586800
2018-09-06,34.85412839877564,35.08704826339031,34.13673478927346,34.15536880493164,1514300
2018-09-07,34.341708903885795,34.47214347269799,33.83860109211696,34.052886962890625,1626600
2018-09-10,34.06220580307843,34.21127438968395,33.16779072936985,33.484561920166016,1485900
2018-09-11,33.279592251090406,33.633627895494435,32.7951184937176,33.419342041015625,1795100
2018-09-12,33.28890379412204,33.40070432449113,32.60877827375834,32.75784683227539,1916900
2018-09-13,32.75784961293977,33.605677777862766,32.75784961293977,33.58704376220703,2717200
2018-09-14,33.7640628412678,34.62120617877978,33.745428826877344,34.378971099853516,1847700
2018-09-17,34.48145422331109,34.798225372434786,33.88517995533118,33.94108200073242,1388900
2018-09-18,34.21126722526117,35.972140646430546,34.164680414016715,35.8603401184082,4028100
2018-09-19,36.037363553986225,36.98767707600405,35.96282748759647,36.47525405883789,3288100
2018-09-20,36.67090286341273,37.2764923593111,36.67090286341273,36.7827033996582,2611600
2018-09-21,36.950406358058814,37.8168685194702,36.78270377494209,37.742332458496094,3976500
2018-09-24,37.72370347686892,37.975253807334916,36.85724128147448,37.108795166015625,3070300
2018-09-25,37.28581114387529,37.65848078271853,36.764069384604795,36.7827033996582,3280500
2018-09-26,36.829285842235315,37.099473723396095,36.06530901238923,36.195743560791016,2164900
2018-09-27,36.43798550595806,36.969042532147625,36.28891692937985,36.46593475341797,2950900
2018-09-28,36.25164630833293,36.53114942520102,35.70195530505987,36.40071487426758,2863500
2018-10-01,36.633636909468684,37.28581325699929,36.27959771153918,36.54978561401367,1702500
2018-10-02,36.512512664025635,37.024939152830704,36.130524270418476,36.708168029785156,2112700
2018-10-03,37.00630959630825,37.22991067828603,36.475252584017134,36.81997299194336,3134700
2018-10-04,36.950404953566625,37.518729957629475,36.8945029099609,37.04357147216797,3337200
2018-10-05,37.07152293661174,37.677112393871894,36.55909999459938,36.72679901123047,3171200
2018-10-08,36.754755541840424,37.854137592975306,36.4286655972063,37.48146438598633,1943600
2018-10-09,37.22991398469892,37.36966733890295,36.68022290774537,37.09016418457031,2090500
2018-10-10,37.071530325524805,37.54668533451368,36.33550262451172,36.33550262451172,2746300
2018-10-11,36.29823268070181,36.31686669730053,34.36034115741298,34.38829040527344,2964500
2018-10-12,35.05910085741537,35.329285213455016,34.01561725022853,34.77027893066406,3507400
2018-10-15,34.686428167897475,35.059101398223675,34.472142304386274,34.500091552734375,1513500
2018-10-16,34.74233069975594,35.105685149614025,34.267172146806615,35.077735900878906,1974900
2018-10-17,35.068414600929295,35.79512344854219,34.81686071812288,35.39450454711914,1820400
2018-10-18,35.31996883867478,35.64605523406643,34.44419140956923,34.6491584777832,2601100
2018-10-19,34.37897624989785,35.47835838510074,34.16468682934401,35.077735900878906,2780100
2018-10-22,35.21748344090869,35.264066703839326,34.444191324849704,34.54667663574219,2148000
2018-10-23,33.82928536723066,33.95971993414145,33.0094063771231,33.7547492980957,2281600
2018-10-24,33.568411292842086,33.81064995345001,31.565302497593247,31.67710304260254,2557100
2018-10-25,32.43176148550435,32.99076770890807,30.996974343606595,32.496978759765625,3505500
2018-10-26,32.121512869214286,32.92877527972019,31.74604081477581,32.39372634887695,2758000
2018-10-29,32.91938150816064,33.68909588014216,32.281081261039425,32.71287155151367,3570700
2018-10-30,32.93816240519357,34.149056092104956,32.750426366942904,34.02702713012695,4730500
2018-10-31,34.51513447906486,35.059564973569806,34.01763709224311,34.036407470703125,3741400
2018-11-01,34.32739921846427,34.740415588184206,33.98008991709145,34.68409729003906,2243500
2018-11-02,35.219144870127124,35.80112333321255,34.66532555792372,34.89060592651367,2256100
2018-11-05,34.85306024295634,35.49136056398359,34.85306024295634,35.09711456298828,2468300
2018-11-06,35.03140729177706,35.378716600093455,34.843671272417716,34.984474182128906,1689000
2018-11-07,35.20975053730888,35.923146613606086,35.02201812006193,35.716636657714844,2150700
2018-11-08,35.15343073880943,36.148425398361155,35.15343073880943,35.81050491333008,2718900
2018-11-09,35.49136125751453,35.84805576447234,34.98447506665847,35.397491455078125,2286100
2018-11-12,35.29423984842568,35.54768296816556,34.67471341598394,34.74980926513672,2007900
2018-11-13,34.99385898773631,36.458195625749745,34.95631464888984,35.67909240722656,3363500
2018-11-14,36.0921171322217,36.0921171322217,34.34617802785846,34.74980926513672,2245700
2018-11-15,34.26169220718,34.82489667416944,33.79235395776657,34.75918960571289,1972500
2018-11-16,34.37433427451336,34.609003412123464,33.829903737256686,33.89561080932617,2091200
2018-11-19,33.86744810481895,34.07395448932487,33.032023054747114,33.23853302001953,2880700
2018-11-20,32.82551987610864,33.172829194631966,32.21537869045129,32.628395080566406,2457700
2018-11-21,32.79735126368026,33.79234951056724,32.63777799864814,33.304237365722656,1691700
2018-11-23,32.88183409042609,33.670322432299855,32.80674183826813,33.285465240478516,1075200
2018-11-26,33.89560714247475,34.261690384620664,33.623390112911615,33.93315505981445,1820700
2018-11-27,33.68909711467561,34.07395431476942,33.4544280028924,33.58584213256836,1923300
2018-11-28,33.50136400470253,34.36494827270508,33.36994986366811,34.36494827270508,2130200
2018-11-29,33.8111303097057,34.440041889649656,33.8111303097057,34.15843963623047,1659200
2018-11-30,33.98947269645676,34.28046367905133,33.51074929233425,33.70787048339844,2887200
2018-12-03,34.355560581657464,34.580844531056954,33.482591096480625,33.62339401245117,2344300
2018-12-04,33.51074774872515,33.57645480938655,31.455044168482026,31.548913955688477,3365400
2018-12-06,30.844909629505565,30.87306877799067,29.50260197996105,30.4412784576416,3690700
2018-12-07,30.44127802906897,31.201607254361768,30.075194780850175,30.272315979003906,3342200
2018-12-10,30.07519490324869,30.187835076828303,28.845527440718836,29.155290603637695,2980400
2018-12-11,29.455667983987514,29.784205119314493,28.12274727324236,28.451284408569336,3352600
2018-12-12,29.10835669596866,29.296090910233545,28.254161276547862,28.41373634338379,2865000
2018-12-13,28.460671533880127,28.789208670885543,28.282322495440038,28.488832473754883,3423500
2018-12-14,28.254161863156504,28.723500094137897,27.428125574014626,27.869304656982422,2752800
2018-12-17,27.59708949466571,28.2541637787415,27.259167162909158,27.465675354003906,2663300
2018-12-18,27.662794358654157,28.310481610969358,27.20284311263947,27.334259033203125,3234300
2018-12-19,27.2028451915194,28.066427663808117,26.771054850566735,27.043270111083984,3094700
2018-12-20,26.93062995660733,27.12775116712965,26.30171661433842,26.620866775512695,3887200
2018-12-21,26.630252189615685,27.14652353095324,26.348648174936155,26.40496826171875,4465800
2018-12-24,26.038885903345896,26.348649076828014,25.54138671365138,25.569547653198242,1099100
2018-12-26,25.56954909976524,27.033884021761605,25.12837176420536,26.996337890625,2129700
2018-12-27,26.43313038587991,27.268551907094608,26.085821079695908,27.259166717529297,2405100
2018-12-28,27.437513818859987,27.540768807360514,26.968175566233374,27.22161865234375,2218600
2018-12-31,27.35303358192741,27.66279676601216,27.23100642048092,27.57831573486328,1434400
2019-01-02,26.96817685459128,28.470059692822975,26.96817685459128,28.207229614257812,3202100
2019-01-03,28.066425249419975,28.732886454042085,27.794210012319787,28.047651290893555,2331200
2019-01-04,28.667180862093474,29.47444142597958,28.657793882348095,29.418121337890625,2171100
2019-01-07,29.277321379243592,29.784205772838188,28.8830771662774,29.50260353088379,1456300
2019-01-08,29.84052615501397,30.122128382826958,29.211612841873876,29.67156410217285,2285300
2019-01-09,29.802978750127995,30.394345945264885,29.58708358572458,30.319250106811523,1519100
2019-01-10,30.244159626610262,30.422506882268678,29.915622475601616,30.225385665893555,1677800
2019-01-11,29.971941883173233,30.600853439375324,29.756046711009823,30.384958267211914,1746900
2019-01-14,30.112741372764376,30.779200773802437,30.056419498300702,30.53514289855957,1332700
2019-01-15,30.553918038648018,30.63839906322836,30.12212772668917,30.56330680847168,1217400
2019-01-16,30.80736266302939,31.436277784508842,30.675948525015784,31.201608657836914,1080400
2019-01-17,30.98570870591181,31.689716058565153,30.722880440099864,31.55830192565918,1243600
2019-01-18,31.764816667369416,32.43127620196103,31.614628552802753,32.33740997314453,2555900
2019-01-22,32.130898000515174,32.24353818433413,31.792973868291433,31.915002822875977,1266900
2019-01-23,32.074575022416944,32.23415189307827,31.548918462042597,31.849294662475586,1296600
2019-01-24,31.774199291515096,32.34679255104137,31.65217392006316,32.09334945678711,1080900
2019-01-25,32.51899364383615,32.698707545591,32.263608451949324,32.5095329284668,1409600
2019-01-28,32.2163146640579,32.52844970530374,32.03659715987473,32.34873580932617,903200
2019-01-29,32.27306534987025,32.40548649853692,31.951469585305883,31.99876594543457,1201700
2019-01-30,32.083885192871094,32.32035251985229,31.431236669356796,32.083885192871094,2853700
2019-01-31,31.828509683676277,32.935175251626404,31.76229910823682,32.878421783447266,4547900
2019-02-01,32.97301249665346,33.143269301244565,32.65141671111537,32.935176849365234,2021700
2019-02-04,32.916254082133094,32.97300754454181,32.613576165697346,32.868961334228516,3286900
2019-02-05,32.95409194448822,33.02030251765758,32.52844996825261,32.81221008300781,2308200
2019-02-06,33.31351890017812,34.912036766186894,32.1311822397028,34.533687591552734,4484400
2019-02-07,34.1837177287584,34.27830682867343,32.812206449734866,33.379730224609375,2370500
2019-02-08,33.086510101214394,33.51215203899009,32.32035461321814,33.17163848876953,1549900
2019-02-11,33.32297931924901,33.445943354462536,32.8878802509002,33.21893310546875,1945300
2019-02-12,33.625656882216504,34.32560183485798,33.51215356304954,34.079673767089844,1922500
2019-02-13,34.29722298172211,34.52423322616205,33.890502457784805,33.899959564208984,1649300
2019-02-14,33.42702670686663,33.767540288212174,33.237852094096255,33.47431945800781,1178500
2019-02-15,33.89049944280499,34.363434102459834,33.80537105973891,34.353973388671875,1360000
2019-02-19,34.221551928472536,34.94041101654667,34.164798470912054,34.74177932739258,1573400
2019-02-20,34.770158937421115,35.33768276488577,34.61881997173832,35.29039001464844,1875000
2019-02-21,35.34714009607985,35.59306817200434,34.91204101800494,35.09175491333008,1270200
2019-02-22,35.21471639150869,35.43226591473231,35.01608468876608,35.2525520324707,1053900
2019-02-25,35.56468428077333,35.838987244082325,35.24308857404675,35.41334533691406,1671700
2019-02-26,35.299845098991575,35.943036568344695,35.29038799276815,35.43226623535156,1538200
2019-02-27,35.31876412535156,35.51739583667241,35.23363573361326,35.403892517089844,1414800
2019-02-28,35.31876299595732,35.56468744855649,35.167424038618144,35.33768081665039,2095000
2019-03-01,35.73494373023667,36.21733913069612,35.35659814624654,35.630897521972656,1314000
2019-03-04,35.6781977109916,35.86736871921159,34.959334890215125,35.15796661376953,2547300
2019-03-05,35.13904866217536,35.25255197667645,34.5053143057832,35.063377380371094,1636500
2019-03-06,34.94041646767481,35.16742672512803,34.27831073386465,34.32560348510742,1557800
2019-03-07,34.10805056352513,34.17426113034625,33.56890531472161,34.12696838378906,1611000
2019-03-08,33.73916020138348,34.098591588318584,33.57836413324739,34.079673767089844,1225900
2019-03-11,34.25939521643158,34.42019130311526,33.99454929688511,34.17426681518555,1541200
2019-03-12,34.25939018064045,34.5053146324217,34.1080512238046,34.20263671875,1843400
2019-03-13,34.458022360293384,34.543150750200724,34.145883727898024,34.193180084228516,2029500
2019-03-14,34.19317887625868,34.391810576290105,34.07967195492191,34.221553802490234,1547400
2019-03-15,34.126964583939305,34.70394180082217,34.126964583939305,34.41072463989258,3618200
2019-03-18,34.5809856070304,35.05392029395705,34.458021578131984,34.77961730957031,2061400
2019-03-19,35.05392367217529,35.17688410471833,34.25939317723978,34.31614303588867,2371500
2019-03-20,34.26884403847663,34.363433132661186,32.651408414073245,32.670326232910156,3100400
2019-03-21,32.53790577283134,32.89733351344777,31.951464201542265,32.745994567871094,1952200
2019-03-22,32.27305974078757,32.42439868556176,31.270440584735468,31.563657760620117,2179000
2019-03-25,31.620416561779617,31.913637395423102,31.270445869383348,31.478534698486328,1739500
2019-03-26,31.837964234564303,32.08388869384969,31.582579060572492,31.9041748046875,1549100
2019-03-27,31.942008877399378,32.20685114487721,31.62041314908831,31.800127029418945,1196600
2019-03-28,31.87579882140813,32.036594884038124,31.3082750285959,31.743377685546875,2101600
2019-03-29,32.121726378793234,32.15956202361391,31.800130614228866,31.99876594543457,2060500
2019-04-01,32.17847711184663,32.92571479663724,32.17847711184663,32.868961334228516,2037200
2019-04-02,32.868963283539635,33.17164121792585,32.30144305861687,32.34873580932617,2103400
2019-04-03,32.72707674864837,33.03921535351562,32.53790577283134,32.745994567871094,2370100
2019-04-04,32.76492004477413,33.26622974262243,32.670334534759476,32.935176849365234,1567500
2019-04-05,33.058136251704425,33.370271277438206,32.87841875645262,33.048675537109375,2642300
2019-04-08,32.95408928469815,33.38918833275213,32.83112525522017,33.35135269165039,1453900
2019-04-09,33.11488727512178,33.200015668454455,32.708166738316265,32.83112716674805,1695800
2019-04-10,32.859506940639804,33.578366149468636,32.83112840298997,33.46486282348633,1573200
2019-04-11,33.67294632414326,34.722861845889845,33.57836083549433,34.353973388671875,3055800
2019-04-12,34.83637427702478,35.35660176336077,34.618821123922444,35.07284164428711,2896300
2019-04-15,35.06337846133104,35.687652122640586,34.855286038159385,34.94041442871094,3437000
2019-04-16,35.13904989379771,35.53631331257825,34.99716803954441,35.507938385009766,1737000
2019-04-17,35.668735066441826,35.94303806501256,35.38497496125388,35.394432067871094,3209400
2019-04-18,35.328219342583026,35.56468668385388,34.59044239244366,34.59990310668945,2659000
2019-04-22,34.49585375413819,35.08229169672531,34.15534023644085,34.391807556152344,2287800
2019-04-23,34.420186253063775,35.26200942620531,34.335057864307586,34.95933151245117,1838000
2019-04-24,34.7607040668356,35.04446419471963,34.221558741394205,34.28776931762695,1893100
2019-04-25,34.06075861377536,34.694493045858195,33.53107401070335,34.48640060424805,2067200
2019-04-26,34.63882455352462,34.934147734599954,34.39113015778073,34.848411560058594,1057400
2019-04-29,34.96272795470127,35.35331958490674,34.70550854445077,35.210418701171875,2881700
2019-04-30,35.200896049335526,35.258053499394116,34.724564583536996,35.17231369018555,1918300
2019-05-01,35.0675263699928,36.02018937085423,34.34350045423039,34.61024856567383,3256800
2019-05-02,34.8198273141779,35.39142721898947,34.36254957080092,34.80077362060547,2847500
2019-05-03,34.95319798523603,35.19136369315044,34.78171838480802,35.06752014160156,1337700
2019-05-06,34.66740452638088,35.09610358512392,34.18154801588596,34.88651657104492,2506200
2019-05-07,34.59119363988558,34.77219829533121,33.91480017138704,33.95290756225586,2976200
2019-05-08,33.762375221498914,34.353028894738245,33.66711037568402,33.98148727416992,2060400
2019-05-09,33.58136754768771,34.19107122808715,33.45752035194389,34.10533142089844,1492800
2019-05-10,33.962433643246456,34.57213731427925,33.724267919616736,34.50545120239258,994800
2019-05-13,33.74331806137926,33.93385136756959,32.85734491071726,32.943084716796875,2411600
2019-05-14,33.0192948679013,33.86716423917737,32.952608757853994,33.64805221557617,1824800
2019-05-15,33.1907765561456,33.44799598279435,32.800184901039124,33.181251525878906,1401900
2019-05-16,33.30509152006572,33.905270117914604,33.23840541298477,33.505149841308594,1398500
2019-05-17,33.01929550737164,33.59089178573849,33.01929550737164,33.14314270019531,1287800
2019-05-20,33.02882698108377,33.3336825076927,32.90498339821897,33.114566802978516,1603300
2019-05-21,33.34320012143074,33.8004778584302,33.209827902404285,33.638526916503906,1235500
2019-05-22,33.30509400102589,33.390833807105516,32.943084716796875,32.943084716796875,1497600
2019-05-23,32.552493683257744,32.56202234857553,31.409300965352248,31.70462417602539,2462000
2019-05-24,31.904684295114006,32.43817322964744,31.733204670693745,32.38101577758789,1778500
2019-05-28,32.200011505085854,32.295279993937044,31.52362158778809,31.552200317382812,1786200
2019-05-29,31.256872734028523,31.437877386454947,30.85675240482176,31.42835235595703,1955900
2019-05-30,31.514092243828394,31.933262635053936,30.894859870450865,31.06633949279785,1132600
2019-05-31,30.532846045846867,30.628114518901697,29.894561812862126,29.99935531616211,1907000
2019-06-03,29.970774556997018,30.7900652487265,29.942195832348055,30.723379135131836,2627200
2019-06-04,31.26639546941133,31.780834297434374,31.01870471931902,31.52361488342285,1626300
2019-06-05,31.571253240453828,31.695100455860764,30.942495765949552,31.475988388061523,1713000
2019-06-06,31.64746336456104,32.20953463271241,31.361661581271374,32.13331985473633,2310700
2019-06-07,32.02852817353336,32.28574761264968,31.876102243033415,31.923734664916992,1323600
2019-06-10,32.05710565307323,32.45722229692011,31.714146453135733,31.79035758972168,1579000
2019-06-11,32.17142615528967,32.428645571075656,31.83799196410613,31.895153045654297,1072800
2019-06-12,31.780836381274938,31.923733642348438,31.12349662432638,31.371191024780273,1691500
2019-06-13,31.418821901511997,31.80941354384938,31.418821901511997,31.590301513671875,2051100
2019-06-14,31.618882104408264,31.618882104408264,31.03776075569152,31.485509872436523,1100600
2019-06-17,31.447400921936577,31.695095312555978,30.80911851941848,30.86627960205078,1086000
2019-06-18,30.761488766061102,31.885631383045624,30.704327678476485,31.51409339904785,2621500
2019-06-19,31.742727849133995,32.019000965037236,30.942490859907064,31.028230667114258,1801600
2019-06-20,31.38071502064469,31.495037186679387,30.34231411800709,31.237817764282227,2856500
2019-06-21,31.285449972325925,31.39976850346995,30.79006482520771,30.86627960205078,2381500
2019-06-24,30.85675188009451,31.133025003405756,30.675747230746122,30.79006576538086,1593000
2019-06-25,30.751956521349676,31.094915738692986,30.590005576560046,30.89485740661621,1946600
2019-06-26,31.075864211276947,31.466455872896194,30.894859560226326,30.9520206451416,1414200
2019-06-27,31.1425474438933,31.49503531706155,31.037757582429634,31.342609405517578,2053600
2019-06-28,31.666516501745093,32.05710814669676,31.599826755129403,31.96183967590332,2864800
2019-07-01,32.42864396590188,32.85734297099183,32.352429194276844,32.790653228759766,2105000
2019-07-02,32.790657509124294,32.8287648999112,32.17142876238073,32.38101577758789,1820700
2019-07-03,32.390538709829094,32.95260996809977,32.390538709829094,32.847816467285156,576600
2019-07-05,32.89544920180396,33.42894174102409,32.80018436421351,32.962135314941406,1347700
2019-07-08,32.72396994244445,33.095511534974094,32.58107268450595,32.76207733154297,857100
2019-07-09,32.495330838744316,32.933554883540204,32.495330838744316,32.91450119018555,1335800
2019-07-10,31.371190778055794,32.142849064618446,31.12349637954994,31.314029693603516,3123100
2019-07-11,31.294978010663005,31.323560371786982,30.80912148100654,31.104448318481445,2863300
2019-07-12,31.294977713700604,31.552197156650035,31.09491935833579,31.51409339904785,1715500
2019-07-15,31.67604324446519,31.67604324446519,30.82817379622304,31.171133041381836,2705900
2019-07-16,31.266396602606736,31.628409528127232,31.18065679482874,31.399768829345703,3235700
2019-07-17,31.342612687050813,31.428352498403676,30.96154605123348,31.123497009277344,1589100
2019-07-18,31.161604441621662,31.371191455015346,31.075864630153408,31.228290557861328,2336300
2019-07-19,31.342613016174916,31.771308443320123,31.20923714835375,31.39024543762207,3058600
2019-07-22,31.39976784237681,31.485507647459805,30.84722525838015,30.904382705688477,1329500
2019-07-23,31.02823138336237,31.504562849037715,30.94249157417598,31.466455459594727,2580000
2019-07-24,31.39977101974533,31.74273027478162,31.36166362826999,31.561725616455078,1823500
2019-07-25,31.542672255327744,31.542672255327744,31.094919486044866,31.256874084472656,2279200
2019-07-26,31.309727893774948,31.780621046657817,31.050254585344458,31.694129943847656,1438600
2019-07-29,31.54998057224752,31.665300820754897,31.069475259841422,31.232845306396484,1216100
2019-07-30,30.99259543110907,31.52115058898926,30.733122099211897,31.521150588989258,1291000
2019-07-31,31.71334884922108,31.905551696651663,30.348713764814097,30.704288482666016,2350500
2019-08-01,30.723509205984467,30.723509205984467,28.503575162130613,28.74382781982422,3420600
2019-08-02,28.62850728197652,28.897589082771866,28.340202995861414,28.532405853271484,1744900
2019-08-05,27.811648534887752,28.061511522144514,27.331143213159127,27.571395874023438,1953500
2019-08-06,27.725158035759158,27.830867962419806,27.09089114386578,27.532955169677734,3083200
2019-08-07,26.812194026205248,27.10049829150854,26.35090940129857,27.033226013183594,2374800
2019-08-08,27.331143493393753,27.83086764004877,27.244652387957196,27.782817840576172,1661400
2019-08-09,27.638665496163778,27.744377250325297,27.119718884442467,27.2158203125,1650800
2019-08-12,26.802584195403572,26.917906270249723,26.274029115399,26.37013053894043,1240400
2019-08-13,26.293250558350415,27.283090301577666,26.139489009247498,26.841026306152344,2458600
2019-08-14,26.072218120499603,26.2259815107992,25.370680786116854,25.428340911865234,1741500
2019-08-15,25.437950982471246,25.553273065790478,24.688363856334416,24.755634307861328,2147000
2019-08-16,25.02471747062705,25.716644458425186,24.967055513573815,25.64937400817871,1654900
2019-08-19,26.13948814313503,26.235587733403474,25.889625175876247,25.908843994140625,1579000
2019-08-20,25.726255274132722,25.76469474658403,25.293799752915973,25.33224105834961,1197400
2019-08-21,25.553273178410436,25.707034734858855,25.38029096916038,25.610933303833008,937100
2019-08-22,25.812746823480285,26.06260981416046,25.668593758600768,25.707035064697266,1408700
2019-08-23,25.447560509039487,25.7743042630287,24.967055204112082,25.09198760986328,3942000
2019-08-26,25.447559561395984,25.534050659700647,25.0727660240639,25.264968872070312,1492500
2019-08-27,25.428340656263387,25.486002614414506,24.054096980676945,24.179027557373047,3587800
2019-08-28,23.948384895299196,24.38084041059047,23.91955391661901,24.08292579650879,3470900
2019-08-29,24.40966796875,24.496159066183107,24.18863597885747,24.40966796875,2111900
2019-08-30,24.68836465363935,24.697974980308178,24.294350425129412,24.419281005859375,3344500
2019-09-03,24.140589635962588,24.39045080540846,23.74657356187691,24.313570022583008,3892500
2019-09-04,24.630702057861576,24.678753689965404,24.236687839521885,24.34239959716797,2291000
2019-09-05,24.76524588584887,25.514833049869644,24.76524588584887,25.255361557006836,2176900
2019-09-06,25.24574801759012,25.774303095882626,25.024716027248324,25.447559356689453,2582600
2019-09-09,25.70703380129205,26.65843408463433,25.639763351911625,26.591163635253906,3203000
2019-09-10,26.783368683455283,27.552176500730717,26.783368683455283,27.494516372680664,3295400
2019-09-11,27.427242783465623,28.148000717163086,26.975566638573262,28.148000717163086,2326200
2019-09-12,27.773207649420055,28.330593757737077,27.22543186764085,28.17683219909668,2292000
2019-09-13,28.58045437739296,29.03212868929996,28.320981081347952,28.609285354614258,2808800
2019-09-16,28.27293187800217,28.66694607670417,28.196051103450124,28.570844650268555,1651300
2019-09-17,28.29215273850517,28.455524614755706,28.051900087135685,28.388254165649414,1264300
2019-09-18,28.17683061930106,28.657335921357305,28.00384841728365,28.50357437133789,1504700
2019-09-19,28.493965623621722,28.801488740694285,28.36903504467938,28.407474517822266,1647600
2019-09-20,28.493964559044144,29.00330084827998,28.282542882201383,28.3017635345459,2933900
2019-09-23,27.994238754151095,28.69577790483125,27.9077494840767,28.46513557434082,1193300
2019-09-24,28.493964990568806,28.714996996931227,28.09034045013284,28.33059310913086,2139400
2019-09-25,28.301762263046633,28.599675029073232,28.148000717163086,28.148000717163086,1903300
2019-09-26,28.1191712709994,28.253712172727553,27.81164816248801,28.167221069335938,1588000
2019-09-27,28.465133966186567,28.772657056133447,28.22488132304279,28.445913314819336,1009700
2019-09-30,28.570843846179127,28.599674823193077,28.26332075662579,28.561233520507812,1762600
2019-10-01,28.83031925812317,28.85915023725493,27.10050083582871,27.110109329223633,1348300
2019-10-02,26.725703342297752,26.917906188799027,25.841573547759833,25.908843994140625,1529700
2019-10-03,25.726256067346725,25.831965994583904,25.111207992321177,25.572494506835938,2476400
2019-10-04,25.54366284939116,26.18754005432129,25.447561418375166,26.18754005432129,1464000
2019-10-07,26.081827698956666,26.44701276184879,25.966507450767157,26.225980758666992,2825900
2019-10-08,25.7550837256957,25.774304377894204,25.389900498835605,25.601322174072266,1998700
2019-10-09,25.97611834335823,26.302862108657003,25.831965280504633,26.07221794128418,1370900
2019-10-10,26.379741200813257,26.908296287554474,26.302860427596674,26.466232299804688,1512100
2019-10-11,27.09088931137485,27.638665059776997,27.09088931137485,27.18699073791504,1697100
2019-10-14,26.869856994732572,27.302312522044033,26.725705763289536,27.20621109008789,664000
2019-10-15,27.31192173177766,27.80203736502947,27.129329201825268,27.446462631225586,1153000
2019-10-16,27.600222385333023,27.792425228868552,27.02361752069076,27.033226013183594,1688300
2019-10-17,27.302310913304662,27.388802013670624,26.821805614819212,26.95634651184082,1128300
2019-10-18,27.023619160832666,27.359971407960796,27.023619160832666,27.167770385742188,1534800
2019-10-21,27.542563583498982,27.85008668148644,27.484903460871895,27.763595581054688,1194200
2019-10-22,27.677104311928808,27.9654085892715,27.388801867568354,27.83086585998535,1002800
2019-10-23,27.677106092013254,28.176832071828578,27.532954860561777,28.128782272338867,1106100
2019-10-24,28.147999688982456,28.311369721656767,27.311919709921273,27.629053115844727,1240900
2019-10-25,27.52713889930535,27.798914820442945,27.50772580455706,27.6533203125,1198200
2019-10-28,27.789207664417646,28.148342504056615,27.71155713845984,27.760089874267578,1251100
2019-10-29,27.585377066484998,28.031867149572673,27.575670518852487,27.857154846191406,1182400
2019-10-30,27.439781946622045,27.65332043580152,26.29443527005067,26.653568267822266,2008000
2019-10-31,26.546799549871558,27.177710311843875,26.207077800706593,26.731220245361328,1756100
2019-11-01,27.061233040212418,27.798913955688477,27.032115250330378,27.798913955688477,2540900
2019-11-04,28.128929076578835,28.51718170176947,27.99304112059575,28.468650817871094,1469000
2019-11-05,28.65307193452482,29.487814628245218,28.585127955524456,29.0510311126709,1643400
2019-11-06,28.992794260888125,29.118975674222526,28.57542198001073,28.623952865600586,2206700
2019-11-07,28.944261908846812,29.439284724051262,28.81808049383453,28.886024475097656,1109200
2019-11-08,28.87631656328837,29.128681232724315,28.30364324636345,29.118974685668945,1210500
2019-11-11,28.711309867924612,29.031618525475444,28.623952793016695,28.963674545288086,826500
2019-11-12,28.944261527608916,29.361633808538876,28.711309944345953,29.274276733398438,1340400
2019-11-13,28.94426091131212,28.963674005671002,28.662778448446662,28.730722427368164,2027400
2019-11-14,28.662778348776314,28.91514302056047,28.54630163436264,28.75013542175293,1220800
2019-11-15,28.934555720602045,29.03161934561227,28.66277979217501,28.827787399291992,1599400
2019-11-18,28.643367396363786,28.827788103253216,28.03186783980109,28.381296157836914,3046900
2019-11-19,28.517182058243396,28.90543653962189,28.381294100561668,28.41041374206543,1871600
2019-11-20,28.187168891934885,28.788960009527823,27.944510765184763,28.701602935791016,1956600
2019-11-21,28.91514294983007,29.235451599515947,28.72101571006033,29.080148696899414,1584000
2019-11-22,29.11897537304104,29.604291629258388,29.06073794066864,29.32280731201172,1661000
2019-11-25,29.274276077668635,29.55576039155707,29.08014883696388,29.3907527923584,1435700
2019-11-26,29.332514267034448,29.332514267034448,28.963674721769408,29.254863739013672,1798900
2019-11-27,29.604292953320613,29.99254560539231,29.448991892491936,29.749887466430664,1739300
2019-11-29,29.749886957175878,30.196378887916346,29.643118636767984,29.837244033813477,946900
2019-12-02,29.96342686521533,30.312853315353014,29.56546582668597,29.58487892150879,1455300
2019-12-03,29.02191136773694,29.02191136773694,28.07069196245042,28.090105056762695,2315600
2019-12-04,27.99304297952767,28.48806580376913,27.96392333645417,28.148344039916992,2185000
2019-12-05,28.371587822367992,28.468651443632815,27.92509775641822,28.0318660736084,1918400
2019-12-06,28.546301699747158,28.672484961595536,28.11922288103156,28.41041374206543,4271400
2019-12-09,28.42012027353443,28.856903787842096,28.225993032952417,28.740428924560547,1902700
2019-12-10,28.67248681151652,29.177214337470854,28.56571663711527,29.070446014404297,3201800
2019-12-11,29.060738095573452,29.419871090341235,28.895730493526617,29.303396224975586,2788700
2019-12-12,29.536346965835836,30.332265311393268,29.36163282142868,30.099313735961914,2610100
2019-12-13,30.186672737185987,30.40021123214352,29.41987213247248,29.448991775512695,1687200
2019-12-16,29.798419775057685,29.992545172625128,29.429578372410635,29.497522354125977,2524800
2019-12-17,29.41016462115253,29.87606963785691,29.22574577527779,29.613998413085938,2766700
2019-12-18,29.604291205893126,29.652822090286993,28.691896138878807,28.75013542175293,3454600
2019-12-19,28.750135077888423,28.75983977358347,28.264818834416086,28.478357315063477,3184700
2019-12-20,28.63365795875432,28.924846960173944,28.458943817368734,28.546300888061523,4345200
2019-12-23,28.5657158401259,28.73072344535377,28.381295139851304,28.55600929260254,1309100
2019-12-24,28.594833094899457,28.633659284264493,28.21628700526337,28.323057174682617,461600
2019-12-26,28.30364458857487,28.497771836219023,28.158050078509074,28.235700607299805,852300
2019-12-27,28.34247029140615,28.34247029140615,27.95421580279227,27.9930419921875,1452100
2019-12-30,28.1095173688322,28.177463201509344,27.8571545385128,27.905685424804688,1047200
2019-12-31,27.85715410902536,28.39100125534414,27.85715410902536,28.30364418029785,1331000
2020-01-02,28.50747714261411,28.798666150068303,28.284230262142366,28.769546508789062,2168600
2020-01-03,28.32305591997462,28.420119537752704,27.895977112551783,28.206579208374023,1862600
2020-01-06,27.905685783564927,28.031867200346838,27.692147289266824,27.847448348999023,2358000
2020-01-07,27.72126523172742,28.04157390058486,27.546551075744325,27.818328857421875,1767900
2020-01-08,27.87656487090299,28.26481935388407,27.847447080613616,28.060985565185547,1689100
2020-01-09,28.323057044623557,28.323057044623557,27.895978220242316,28.02216148376465,1426400
2020-01-10,28.02216229556114,28.352175656535934,27.789208856361235,27.87656593322754,1480600
2020-01-13,27.96392318610592,28.23570096599335,27.7989155789126,28.17746353149414,1398800
2020-01-14,28.2357000713302,28.255113165993045,27.93480450939453,28.002748489379883,1602300
2020-01-15,27.672732950740894,27.925097624301642,27.565962782721268,27.73097038269043,1126600
2020-01-16,27.973629074128382,28.323057375553486,27.934804735822603,28.284231185913086,1477300
2020-01-17,28.371587000273575,28.759839622748284,28.352173906316203,28.507476806640625,1457600
2020-01-21,28.303644152741455,28.303644152741455,27.740677364843812,27.983335494995117,3084000
2020-01-22,28.060985021742066,28.167755187627556,27.69214549165467,27.828033447265625,1101700
2020-01-23,27.66302585059466,27.934803613151114,26.9835823698708,27.828033447265625,1732400
2020-01-24,27.857154441540192,27.857154441540192,26.94475934201855,27.2747745513916,1609300
2020-01-27,26.575918177035224,26.76033887833107,26.177958983046846,26.2556095123291,1821400
2020-01-28,26.537092208862305,26.993288808971304,26.391497706813436,26.537092208862305,1542000
2020-01-29,26.643863171252207,27.129179426820848,26.595330434894585,26.731220245361328,1639400
2020-01-30,26.481118776007246,26.951893771947592,26.206499093028608,26.93227767944336,2547400
2020-01-31,26.53996662464531,26.687083585032298,25.912266595957547,26.177078247070312,3409100
2020-02-03,26.324194679453132,26.804777738114492,26.265348270617395,26.510543823242188,1848200
2020-02-04,27.118627548217777,27.314784737163254,26.85381590434946,27.118627548217773,2891300
2020-02-05,28.923266364904567,29.62942886352539,27.95229222779085,29.62942886352539,3238800
2020-02-06,29.933473689934473,29.982512052471193,28.678071779642078,28.884037017822266,2227600
2020-02-07,28.4622998762957,28.972307068963442,28.43287573686324,28.893842697143555,2025100
2020-02-10,28.76634124387344,28.86441983594158,28.442683199534073,28.78595733642578,1634300
2020-02-11,28.923267559741788,29.374428355518532,28.884037243544558,29.08019256591797,1524600
2020-02-12,29.42346645287178,29.835395058039726,29.325387857223483,29.60981559753418,2564800
2020-02-13,29.472505273332082,29.64904637410362,29.305772219347144,29.600008010864258,1935900
2020-02-14,29.560776090768687,29.600008278269517,29.266542167287124,29.43327522277832,1438600
2020-02-18,29.2567326716327,29.60981485888105,28.874228215909366,29.060575485229492,1482600
2020-02-19,29.129232406616207,29.286157410675678,28.991921625043968,29.12923240661621,1592700
2020-02-20,28.982113160074213,29.805970354840202,28.982113160074213,29.541160583496094,1702400
2020-02-21,29.256734054195192,29.482313519733417,28.795767076265737,29.39404296875,1328500
2020-02-24,28.41326069013794,28.432876783815214,27.049973981359607,27.059782028198242,2355300
2020-02-25,27.1186273511253,27.157859536906702,25.019754049853397,25.10802459716797,2596500
2020-02-26,25.36302872521826,25.441491227734975,24.754942927693513,24.774559020996094,2873200
2020-02-27,24.048779668498852,24.490130530127967,23.09741975009076,23.460309982299805,3479200
2020-02-28,22.557989986705834,23.107227479979265,22.175485537727102,22.862031936645508,4507700
2020-03-02,23.058190792065687,24.59801861657879,22.597223810612654,24.558788299560547,3963100
2020-03-03,24.43128517060666,25.10802543229654,22.322603752751668,22.352027893066406,3632700
2020-03-04,22.911073857314236,22.94049612744018,21.82240496600611,22.665878295898438,3054300
2020-03-05,21.694903103161888,21.694903103161888,20.84162176542518,21.116241455078125,2596900
2020-03-06,19.90007251356442,20.969123432301426,19.8118019624596,20.25315284729004,3461700
2020-03-09,18.15427841540861,18.87024895938519,16.231944365705026,16.810606002807617,3980900
2020-03-10,17.948314368479586,18.095433202057126,16.369256223175395,18.075817108154297,3900600
2020-03-11,17.467731557876075,17.889468229737222,16.44771897842248,17.144073486328125,4419400
2020-03-12,15.496359456221704,16.084828234348507,13.29940748052132,13.30921459197998,4955700
2020-03-13,14.800003582514048,15.21193218231201,13.574025829626493,15.211932182312012,6192700
2020-03-16,12.848247172186726,13.113057879353947,12.142083727496145,12.210738182067871,4504800
2020-03-17,12.534396058339084,13.240559493207234,11.347649577459972,13.18171215057373,4339400
2020-03-18,12.073429915665411,12.563821040934005,11.210341422951062,11.573230743408203,4323100
2020-03-19,11.288803669028042,12.024390340045297,10.298213394241568,10.61206340789795,4401300
2020-03-20,10.788604188418223,11.759578340892633,10.141288086768617,10.357060432434082,4658600
2020-03-23,10.415906601873566,10.494369101163453,9.395893175758268,10.180519104003906,3879600
2020-03-24,11.484959897918259,13.220943950657706,11.122070586728057,12.848247528076172,5285400
2020-03-25,13.39748458682957,15.574821313953379,12.818822944163383,14.348843574523926,4395300
2020-03-26,14.652885678957468,16.163290231863908,14.3096124696382,15.574821472167969,3682500
2020-03-27,14.603847870300376,16.732144467663016,13.92710760183408,15.663092613220215,4305600
2020-03-30,15.702323336290302,15.878864432610976,14.505768783549685,15.633667945861816,2780200
2020-03-31,15.457128072624233,15.878864728197945,14.515577100298218,14.721541404724121,2383700
2020-04-01,13.71133506340341,13.73095115687971,12.809016276470388,12.848247528076172,2347800
2020-04-02,12.642283044497626,13.838836669223472,12.357856240541901,12.7109375,3040900
2020-04-03,12.701129137615158,13.426907731685331,12.701129137615158,13.20132827758789,3381100
2020-04-06,14.515577073595386,14.711733330938538,13.593641261062354,13.956530570983887,2464400
2020-04-07,15.26097126674291,15.839631972347389,13.858452437681157,13.946722984313965,4506600
2020-04-08,14.182111226559217,15.10404612052505,14.025186217828592,14.91769790649414,3981100
2020-04-09,15.565014008014632,16.604643592060725,15.045199683665002,15.280587196350098,5661800
2020-04-13,15.202124429127528,15.574821785438079,14.309612757460048,15.447319984436035,3213500
2020-04-14,15.849439891979744,16.535988166813144,15.427703254927245,16.045597076416016,3509900
2020-04-15,14.996159611108695,15.241355158010633,14.437114063483245,14.672501564025879,2902400
2020-04-16,14.47634572097316,14.75096447933467,14.025185864562989,14.240958213806152,2488400
2020-04-17,14.996159835906697,15.53559023424658,14.878466083871109,15.211932182312012,2470200
2020-04-20,14.682310312944812,15.162893383385647,14.427306707481453,14.858850479125977,2630800
2020-04-21,14.191919230200465,14.67250230181043,13.927107577264264,14.113456726074219,2154100
2020-04-22,14.54499982576328,14.878465920543578,14.20172568458432,14.348843574523926,2564300
2020-04-23,14.56461616942915,15.094238524571296,14.476345621014326,14.545000076293945,2893700
2020-04-24,14.800000190734863,15.569999694824219,14.619999885559082,15.350000381469727,4519800
2020-04-27,15.489999771118164,16.389999389648438,15.489999771118164,16.219999313354492,2356900
2020-04-28,17.1200008392334,17.65999984741211,16.790000915527344,17.040000915527344,3816600
2020-04-29,17.950000762939453,18.389999389648438,17.719999313354492,18.040000915527344,5826400
2020-04-30,17.5,17.889999389648438,16.920000076293945,17.450000762939453,4047100
2020-05-01,16.719999313354492,16.780000686645508,16.229999542236328,16.5,3006800
2020-05-04,16.139999389648438,17.059999465942383,15.789999961853027,17.0,3831600
2020-05-05,15.300000190734863,15.949999809265137,15.100000381469727,15.180000305175781,5902900
2020-05-06,15.34000015258789,15.619999885559082,14.15999984741211,14.199999809265137,3387700
2020-05-07,14.529999732971191,15.510000228881836,14.529999732971191,14.760000228881836,2839300
2020-05-08,14.920000076293945,15.550000190734863,14.539999961853027,15.520000457763672,2923300
2020-05-11,15.1899995803833,15.239999771118164,14.550000190734863,14.819999694824219,2719000
2020-05-12,15.029999732971191,15.25,14.550000190734863,14.5600004196167,2797600
2020-05-13,14.3100004196167,14.359999656677246,13.359999656677246,13.539999961853027,3213600
2020-05-14,13.119999885559082,13.899999618530273,12.800000190734863,13.819999694824219,4252200
2020-05-15,13.529999732971191,14.270000457763672,13.289999961853027,13.979999542236328,4378400
2020-05-18,14.869999885559082,15.380000114440918,14.739999771118164,15.109999656677246,3324000
2020-05-19,15.0,15.09000015258789,14.390000343322754,14.470000267028809,2406500
2020-05-20,14.720000267028809,14.9399995803833,14.529999732971191,14.630000114440918,2541400
2020-05-21,14.5,15.079999923706055,14.449999809265137,15.0600004196167,2490200
2020-05-22,15.029999732971191,15.100000381469727,14.609999656677246,14.710000038146973,2223400
2020-05-26,15.619999885559082,16.25,15.380000114440918,15.880000114440918,4522700
2020-05-27,16.850000381469727,17.049999237060547,16.18000030517578,16.559999465942383,3232100
2020-05-28,16.739999771118164,16.81999969482422,15.670000076293945,15.920000076293945,3708300
2020-05-29,15.630000114440918,15.710000038146973,15.039999961853027,15.149999618530273,13932800
2020-06-01,15.119999885559082,16.1299991607666,14.960000038146973,16.059999465942383,3796600
2020-06-02,16.239999771118164,16.579999923706055,15.609999656677246,15.649999618530273,3964300
2020-06-03,16.18000030517578,17.15999984741211,16.059999465942383,16.860000610351562,4393300
2020-06-04,16.790000915527344,17.510000228881836,16.360000610351562,17.459999084472656,3413000
2020-06-05,19.100000381469727,19.450000762939453,18.270000457763672,18.56999969482422,3781800
2020-06-08,19.530000686645508,20.25,19.18000030517578,20.219999313354492,4386300
2020-06-09,19.190000534057617,19.68000030517578,19.0,19.440000534057617,2794100
2020-06-10,19.309999465942383,19.31999969482422,18.139999389648438,18.170000076293945,4586100
2020-06-11,16.6200008392334,17.09000015258789,16.06999969482422,16.06999969482422,4361500
2020-06-12,17.06999969482422,17.18000030517578,16.299999237060547,17.079999923706055,2751500
