Date,Open,High,Low,Close,Volume
1973-02-21,0.695037305355072,0.695037305355072,0.695037305355072,0.695037305355072,5600
1973-02-22,0.6843441724777222,0.6843441724777222,0.6843441724777222,0.6843441724777222,12800
1973-02-23,0.6843441724777222,0.6843441724777222,0.6843441724777222,0.6843441724777222,800
1973-02-26,0.6736515760421753,0.6736515760421753,0.6736515760421753,0.6736515760421753,1600
1973-02-27,0.6789980530738831,0.6789980530738831,0.6789980530738831,0.6789980530738831,8000
1973-02-28,0.6683049201965332,0.6683049201965332,0.6683049201965332,0.6683049201965332,6400
1973-03-01,0.6736515760421753,0.6736515760421753,0.6736515760421753,0.6736515760421753,8000
1973-03-02,0.6843441724777222,0.6843441724777222,0.6843441724777222,0.6843441724777222,6400
1973-03-05,0.6789980530738831,0.6789980530738831,0.6789980530738831,0.6789980530738831,4000
1973-03-06,0.6789980530738831,0.6789980530738831,0.6789980530738831,0.6789980530738831,6400
1973-03-07,0.6789980530738831,0.6789980530738831,0.6789980530738831,0.6789980530738831,4000
1973-03-08,0.6843441724777222,0.6843441724777222,0.6843441724777222,0.6843441724777222,2400
1973-03-09,0.6843441724777222,0.6843441724777222,0.6843441724777222,0.6843441724777222,1600
1973-03-12,0.6843441724777222,0.6843441724777222,0.6843441724777222,0.6843441724777222,2400
1973-03-13,0.6843441724777222,0.6843441724777222,0.6843441724777222,0.6843441724777222,8000
1973-03-14,0.6843441724777222,0.6843441724777222,0.6843441724777222,0.6843441724777222,2400
1973-03-15,0.6843441724777222,0.6843441724777222,0.6843441724777222,0.6843441724777222,9600
1973-03-16,0.6683049201965332,0.6683049201965332,0.6683049201965332,0.6683049201965332,4800
1973-03-19,0.6522654294967651,0.6522654294967651,0.6522654294967651,0.6522654294967651,26400
1973-03-20,0.6576116681098938,0.6576116681098938,0.6576116681098938,0.6576116681098938,8000
1973-03-21,0.6576116681098938,0.6576116681098938,0.6576116681098938,0.6576116681098938,5600
1973-03-22,0.6576116681098938,0.6576116681098938,0.6576116681098938,0.6576116681098938,11200
1973-03-23,0.6522654294967651,0.6522654294967651,0.6522654294967651,0.6522654294967651,8000
1973-03-26,0.6522654294967651,0.6522654294967651,0.6522654294967651,0.6522654294967651,12800
1973-03-27,0.6576116681098938,0.6576116681098938,0.6576116681098938,0.6576116681098938,8000
1973-03-28,0.6469190716743469,0.6469190716743469,0.6469190716743469,0.6469190716743469,9600
1973-03-29,0.6469190716743469,0.6469190716743469,0.6469190716743469,0.6469190716743469,800
1973-03-30,0.6576116681098938,0.6576116681098938,0.6576116681098938,0.6576116681098938,8800
1973-04-02,0.6522654294967651,0.6522654294967651,0.6522654294967651,0.6522654294967651,2400
1973-04-03,0.6469190716743469,0.6469190716743469,0.6469190716743469,0.6469190716743469,8000
1973-04-04,0.6522654294967651,0.6522654294967651,0.6522654294967651,0.6522654294967651,800
1973-04-05,0.6469190716743469,0.6469190716743469,0.6469190716743469,0.6469190716743469,4800
1973-04-06,0.6469190716743469,0.6469190716743469,0.6469190716743469,0.6469190716743469,19200
1973-04-09,0.6469190716743469,0.6469190716743469,0.6469190716743469,0.6469190716743469,4000
1973-04-10,0.6469190716743469,0.6469190716743469,0.6469190716743469,0.6469190716743469,7200
1973-04-11,0.6522654294967651,0.6522654294967651,0.6522654294967651,0.6522654294967651,12800
1973-04-12,0.6522654294967651,0.6522654294967651,0.6522654294967651,0.6522654294967651,4000
1973-04-13,0.6576116681098938,0.6576116681098938,0.6576116681098938,0.6576116681098938,10400
1973-04-16,0.6576116681098938,0.6576116681098938,0.6576116681098938,0.6576116681098938,4000
1973-04-17,0.6469190716743469,0.6469190716743469,0.6469190716743469,0.6469190716743469,5600
1973-04-18,0.6522654294967651,0.6522654294967651,0.6522654294967651,0.6522654294967651,4800
1973-04-19,0.6522654294967651,0.6522654294967651,0.6522654294967651,0.6522654294967651,2400
1973-04-23,0.6469190716743469,0.6469190716743469,0.6469190716743469,0.6469190716743469,5600
1973-04-24,0.6683049201965332,0.6683049201965332,0.6683049201965332,0.6683049201965332,10400
1973-04-25,0.6576116681098938,0.6576116681098938,0.6576116681098938,0.6576116681098938,7200
1973-04-26,0.6576116681098938,0.6576116681098938,0.6576116681098938,0.6576116681098938,4000
1973-04-27,0.6576116681098938,0.6576116681098938,0.6576116681098938,0.6576116681098938,5600
1973-04-30,0.6415727138519287,0.6415727138519287,0.6415727138519287,0.6415727138519287,19200
1973-05-01,0.6308799386024475,0.6308799386024475,0.6308799386024475,0.6308799386024475,12800
1973-05-02,0.6415727138519287,0.6415727138519287,0.6415727138519287,0.6415727138519287,6400
1973-05-03,0.0,0.6362264156341553,0.6308799751666414,0.6362264156341553,8800
1973-05-04,0.0,0.6308799386024475,0.6308799386024475,0.6308799386024475,4800
1973-05-07,0.0,0.6362264156341553,0.6308799751666414,0.6362264156341553,2400
1973-05-08,0.0,0.6362263787600954,0.6308799386024475,0.6308799386024475,7200
1973-05-09,0.0,0.6308797423181862,0.6201868653297424,0.6201868653297424,16000
1973-05-10,0.0,0.6255333423614502,0.6148404647142459,0.6255333423614502,11200
1973-05-11,0.0,0.6201868653297424,0.6201868653297424,0.6201868653297424,6400
1973-05-14,0.0,0.614840855113173,0.6041479706764221,0.6041479706764221,9600
1973-05-15,0.0,0.6148406863212585,0.6094942455706389,0.6148406863212585,1600
1973-05-16,0.0,0.6255333423614502,0.6148404647142459,0.6255333423614502,10400
1973-05-17,0.0,0.6201868653297424,0.6201868653297424,0.6201868653297424,8000
1973-05-18,0.0,0.6148405977197595,0.5934548377990723,0.5934548377990723,19200
1973-05-21,0.0,0.5934547848171658,0.5774154663085938,0.5774154663085938,13600
1973-05-22,0.0,0.5827619058114512,0.5720690268057365,0.5774154663085938,6400
1973-05-23,0.0,0.5774157542102742,0.5667228698730469,0.5667228698730469,8000
1973-05-24,0.0,0.577415488590704,0.5667226091723576,0.5720690488815308,11200
1973-05-25,0.0,0.5934547848171658,0.5774154663085938,0.5774154663085938,19200
1973-05-29,0.5774154663085938,0.5774154663085938,0.5774154663085938,0.5774154663085938,0
1973-05-30,0.0,0.582761824131012,0.572068946624021,0.582761824131012,10400
1973-05-31,0.0,0.577415488590704,0.5720690488815308,0.5720690488815308,8800
1973-06-01,0.0,0.5774154663085938,0.566722587302879,0.5774154663085938,16000
1973-06-04,0.0,0.5720690488815308,0.5720690488815308,0.5720690488815308,2400
1973-06-05,0.0,0.577415488590704,0.5667226091723576,0.5720690488815308,5600
1973-06-06,0.0,0.5720687905947367,0.5613759160041809,0.5613759160041809,11200
1973-06-07,0.0,0.5720687905947367,0.5613759160041809,0.5613759160041809,11200
1973-06-08,0.0,0.5613759160041809,0.5613759160041809,0.5613759160041809,4800
1973-06-11,0.0,0.5667228698730469,0.5613764277044333,0.5667228698730469,10400
1973-06-12,0.0,0.5774154663085938,0.566722587302879,0.5774154663085938,12800
1973-06-13,0.0,0.5720690488815308,0.5720690488815308,0.5720690488815308,800
1973-06-14,0.0,0.5774154663085938,0.5774154663085938,0.5774154663085938,1600
1973-06-15,0.0,0.582761824131012,0.5774153853775165,0.582761824131012,4000
1973-06-18,0.0,0.5720690488815308,0.5720690488815308,0.5720690488815308,800
1973-06-19,0.0,0.577415488590704,0.5720690488815308,0.5720690488815308,4800
1973-06-20,0.0,0.5827619282998772,0.5720690488815308,0.5720690488815308,4800
1973-06-21,0.0,0.582761824131012,0.572068946624021,0.582761824131012,4800
1973-06-22,0.0,0.5934548377990723,0.5827619578387286,0.5934548377990723,3200
1973-06-25,0.0,0.6094944128947976,0.5988015284580468,0.6041479706764221,16000
1973-06-26,0.0,0.6308799386024475,0.6094941779718561,0.6308799386024475,9600
1973-06-27,0.0,0.6255333038239643,0.6148404268355205,0.6201868653297424,3200
1973-06-28,0.0,0.6201871270718782,0.6148406863212585,0.6148406863212585,33600
1973-06-29,0.0,0.6255333423614502,0.6201869035378481,0.6255333423614502,9600
1973-07-02,0.0,0.6201870295039394,0.609494149684906,0.609494149684906,9600
1973-07-03,0.609494149684906,0.609494149684906,0.609494149684906,0.609494149684906,0
1973-07-05,0.0,0.609494149684906,0.609494149684906,0.609494149684906,800
1973-07-06,0.0,0.6148406863212585,0.6094942455706389,0.6148406863212585,2400
1973-07-09,0.0,0.6308799386024475,0.614840618129504,0.6308799386024475,6400
1973-07-10,0.0,0.6308797811850524,0.6255333423614502,0.6255333423614502,3200
1973-07-11,0.0,0.6255333423614502,0.6255333423614502,0.6255333423614502,800
1973-07-12,0.0,0.6308797811850524,0.6255333423614502,0.6255333423614502,2400
1973-07-13,0.0,0.6308797811850524,0.6255333423614502,0.6255333423614502,4800
1973-07-16,0.0,0.6255333423614502,0.6255333423614502,0.6255333423614502,800
1973-07-17,0.0,0.6308797423181862,0.6201868653297424,0.6201868653297424,17600
1973-07-18,0.0,0.6201868653297424,0.6201868653297424,0.6201868653297424,1600
1973-07-19,0.0,0.6201871270718782,0.6148406863212585,0.6148406863212585,7200
1973-07-20,0.0,0.6201868653297424,0.6201868653297424,0.6201868653297424,16000
1973-07-23,0.0,0.6201868653297424,0.6201868653297424,0.6201868653297424,800
1973-07-24,0.0,0.6255333423614502,0.6255333423614502,0.6255333423614502,2400
1973-07-25,0.0,0.6255335678224978,0.6148406863212585,0.6148406863212585,21600
1973-07-26,0.0,0.6148406863212585,0.6041478048200193,0.6148406863212585,43200
1973-07-27,0.0,0.609494149684906,0.609494149684906,0.609494149684906,2400
1973-07-30,0.0,0.6148406863212585,0.6094942455706389,0.6148406863212585,11200
1973-07-31,0.6148406863212585,0.6148406863212585,0.6148406863212585,0.6148406863212585,0
1973-08-01,0.0,0.6148405895944227,0.609494149684906,0.609494149684906,14400
1973-08-02,0.0,0.6094944128947976,0.6041479706764221,0.6041479706764221,9600
1973-08-03,0.0,0.6041479706764221,0.6041479706764221,0.6041479706764221,4000
1973-08-06,0.0,0.6094941954527582,0.59880131483078,0.59880131483078,5600
1973-08-07,0.0,0.59880131483078,0.59880131483078,0.59880131483078,3200
1973-08-08,0.0,0.59880131483078,0.59880131483078,0.59880131483078,800
1973-08-09,0.0,0.6041479706764221,0.5988015284580468,0.6041479706764221,3200
1973-08-10,0.0,0.6041477551417691,0.593454874519791,0.59880131483078,8000
1973-08-13,0.0,0.6041477551417691,0.59880131483078,0.59880131483078,2400
1973-08-14,0.0,0.609494149684906,0.6041477097753892,0.609494149684906,8000
1973-08-15,0.0,0.6148405895944227,0.609494149684906,0.609494149684906,5600
1973-08-16,0.0,0.6148405895944227,0.609494149684906,0.609494149684906,1600
1973-08-17,0.0,0.609494149684906,0.609494149684906,0.609494149684906,800
1973-08-20,0.0,0.6094944128947976,0.6041479706764221,0.6041479706764221,6400
1973-08-21,0.0,0.6094944128947976,0.6041479706764221,0.6041479706764221,4800
1973-08-22,0.0,0.6041479706764221,0.6041479706764221,0.6041479706764221,800
1973-08-23,0.0,0.59880131483078,0.59880131483078,0.59880131483078,5600
1973-08-24,0.0,0.5988012777792441,0.5934548377990723,0.5934548377990723,4000
1973-08-27,0.0,0.5934548377990723,0.5934548377990723,0.5934548377990723,3200
1973-08-28,0.0,0.5934548004107042,0.5881083607673645,0.5881083607673645,5600
1973-08-29,0.0,0.5881082628845076,0.582761824131012,0.582761824131012,4800
1973-08-30,0.0,0.582761824131012,0.572068946624021,0.582761824131012,6400
1973-08-31,0.0,0.5881083453143084,0.5774154663085938,0.5774154663085938,14400
1973-09-04,0.0,0.5934548377990723,0.5827619578387286,0.5934548377990723,4800
1973-09-05,0.0,0.5988012400540439,0.5881083607673645,0.5881083607673645,10400
1973-09-06,0.5881083607673645,0.5881083607673645,0.5881083607673645,0.5881083607673645,0
1973-09-07,0.0,0.5934548004107042,0.5827619211240248,0.5881083607673645,5600
1973-09-10,0.0,0.5934548004107042,0.5881083607673645,0.5881083607673645,3200
1973-09-11,0.0,0.5881083607673645,0.5881083607673645,0.5881083607673645,2400
1973-09-12,0.0,0.5934548377990723,0.5881083978189005,0.5934548377990723,3200
1973-09-13,0.0,0.5881082628845076,0.582761824131012,0.582761824131012,7200
1973-09-14,0.0,0.582761824131012,0.582761824131012,0.582761824131012,1600
1973-09-17,0.582761824131012,0.582761824131012,0.582761824131012,0.582761824131012,0
1973-09-18,0.0,0.5881082628845076,0.582761824131012,0.582761824131012,3200
1973-09-19,0.0,0.5934548377990723,0.5881083978189005,0.5934548377990723,2400
1973-09-20,0.0,0.5988012777792441,0.5881083978189005,0.5934548377990723,8000
1973-09-21,0.0,0.5934548377990723,0.5881083978189005,0.5934548377990723,5600
1973-09-24,0.0,0.6041479706764221,0.5934550862396714,0.6041479706764221,8000
1973-09-25,0.0,0.6041479706764221,0.5988015284580468,0.6041479706764221,10400
1973-09-26,0.0,0.609494149684906,0.609494149684906,0.609494149684906,1600
1973-09-27,0.0,0.6255333423614502,0.6148404647142459,0.6255333423614502,6400
1973-09-28,0.0,0.6148406863212585,0.6041478048200193,0.6148406863212585,8000
1973-10-01,0.0,0.6041476796973835,0.5881083607673645,0.5881083607673645,16000
1973-10-02,0.0,0.5934548377990723,0.5881083978189005,0.5934548377990723,8800
1973-10-03,0.0,0.6148406863212585,0.5988013640693997,0.6148406863212585,7200
1973-10-04,0.0,0.6255333423614502,0.6201869035378481,0.6255333423614502,4000
1973-10-05,0.0,0.6415728561016693,0.6255335346991274,0.6362264156341553,11200
1973-10-08,0.0,0.6415728189177432,0.6308799386024475,0.6308799386024475,5600
1973-10-09,0.0,0.6308797811850524,0.6255333423614502,0.6255333423614502,11200
1973-10-10,0.0,0.6255333038239643,0.6201868653297424,0.6201868653297424,3200
1973-10-11,0.0,0.6255334694134561,0.609494149684906,0.609494149684906,12000
1973-10-12,0.0,0.6148405895944227,0.6041477097753892,0.609494149684906,15200
1973-10-15,0.0,0.6148405895944227,0.609494149684906,0.609494149684906,3200
1973-10-16,0.0,0.6148406357637474,0.5881084342088018,0.59880131483078,16800
1973-10-17,0.0,0.5988011403914986,0.582761824131012,0.582761824131012,13600
1973-10-18,0.0,0.5881083607673645,0.5827619211240248,0.5881083607673645,20000
1973-10-19,0.0,0.609494149684906,0.5881083900468391,0.609494149684906,20000
1973-10-22,0.0,0.6308797811850524,0.6148404647142459,0.6255333423614502,20000
1973-10-23,0.0,0.6201870295039394,0.609494149684906,0.609494149684906,5600
1973-10-24,0.0,0.6094944128947976,0.6041479706764221,0.6041479706764221,4000
1973-10-25,0.0,0.6201868653297424,0.6094939883412985,0.6201868653297424,5600
1973-10-26,0.0,0.6148406863212585,0.5988013640693997,0.6148406863212585,17600
1973-10-29,0.0,0.6255333423614502,0.6148404647142459,0.6255333423614502,16800
1973-10-30,0.0,0.6308797811850524,0.6255333423614502,0.6255333423614502,4800
1973-10-31,0.0,0.6362264156341553,0.6201870942316136,0.6362264156341553,15200
1973-11-01,0.0,0.6362262200086545,0.6255333423614502,0.6255333423614502,2400
1973-11-02,0.0,0.6201868653297424,0.6201868653297424,0.6201868653297424,1600
1973-11-05,0.0,0.6308797811850524,0.6148404647142459,0.6255333423614502,8000
1973-11-06,0.0,0.6201868653297424,0.6201868653297424,0.6201868653297424,800
1973-11-07,0.0,0.6201871270718782,0.6148406863212585,0.6148406863212585,5600
1973-11-08,0.0,0.6255333038239643,0.6201868653297424,0.6201868653297424,6400
1973-11-09,0.0,0.6201870295039394,0.609494149684906,0.609494149684906,7200
1973-11-12,0.0,0.6094944128947976,0.6041479706764221,0.6041479706764221,4800
1973-11-13,0.0,0.6094944128947976,0.6041479706764221,0.6041479706764221,1600
1973-11-14,0.0,0.6041477551417691,0.59880131483078,0.59880131483078,5600
1973-11-15,0.0,0.6041479706764221,0.6041479706764221,0.6041479706764221,800
1973-11-16,0.0,0.609494149684906,0.609494149684906,0.609494149684906,800
1973-11-19,0.0,0.609494149684906,0.609494149684906,0.609494149684906,8000
1973-11-20,0.0,0.5988012243200231,0.5774154663085938,0.5774154663085938,14400
1973-11-21,0.5774154663085938,0.5774154663085938,0.5774154663085938,0.5774154663085938,0
1973-11-23,0.0,0.5881083607673645,0.5827619211240248,0.5881083607673645,14400
1973-11-26,0.0,0.5774152278900146,0.5613759160041809,0.5613759160041809,11200
1973-11-27,0.0,0.5667223127988669,0.5506830020592763,0.5560294389724731,5600
1973-11-28,0.0,0.5613759160041809,0.556029478708903,0.5613759160041809,6400
1973-11-29,0.0,0.5560298433490828,0.5453369617462158,0.5453369617462158,4800
1973-11-30,0.0,0.5506834025476494,0.5453369617462158,0.5453369617462158,25600
1973-12-03,0.0,0.5399904564483878,0.5186046957969666,0.5186046957969666,7200
1973-12-04,0.0,0.5132582783699036,0.5132582783699036,0.5132582783699036,6400
1973-12-05,0.0,0.5132581426742229,0.5025652647018433,0.5025652647018433,17600
1973-12-06,0.0,0.5239508748054504,0.507911562311406,0.5239508748054504,6400
1973-12-07,0.0,0.5346443057060242,0.5239514195919037,0.5346443057060242,18400
1973-12-10,0.0,0.53464374980148,0.5239508748054504,0.5239508748054504,12000
1973-12-11,0.0,0.5239508748054504,0.5186044373074357,0.5239508748054504,8800
1973-12-12,0.0,0.5346443057060242,0.529297862648964,0.5346443057060242,6400
1973-12-13,0.0,0.5239508748054504,0.5186044373074357,0.5239508748054504,4000
1973-12-14,0.0,0.5292973123034652,0.5239508748054504,0.5239508748054504,2400
1973-12-17,0.0,0.5292973123034652,0.5239508748054504,0.5239508748054504,3200
1973-12-18,0.0,0.5239508754328678,0.5079115629196167,0.5079115629196167,12000
1973-12-19,0.0,0.5132582783699036,0.5079118379702171,0.5132582783699036,9600
1973-12-20,0.0,0.5239508748054504,0.507911562311406,0.5239508748054504,8000
1973-12-21,0.0,0.5239511359598219,0.5186046957969666,0.5186046957969666,3200
1973-12-24,0.0,0.5292971730232239,0.5239507369320802,0.5292971730232239,3200
1973-12-26,0.0,0.53464374980148,0.5239508748054504,0.5239508748054504,13600
1973-12-27,0.0,0.5453369617462158,0.5346440801433489,0.5453369617462158,7200
1973-12-28,0.0,0.5453371918201446,0.5346443057060242,0.5346443057060242,25600
1973-12-31,0.0,0.5453369617462158,0.5399905209447824,0.5453369617462158,3200
1974-01-02,0.0,0.5613759160041809,0.5506830414136251,0.5613759160041809,4000
1974-01-03,0.0,0.5881083607673645,0.5720690418373454,0.5881083607673645,31200
1974-01-04,0.0,0.5934547016380031,0.582761824131012,0.582761824131012,3200
1974-01-07,0.0,0.5881082628845076,0.582761824131012,0.582761824131012,1600
1974-01-08,0.0,0.5827619282998772,0.5720690488815308,0.5720690488815308,3200
1974-01-09,0.5720690488815308,0.5720690488815308,0.5720690488815308,0.5720690488815308,0
1974-01-10,0.0,0.5720693120416606,0.5667228698730469,0.5667228698730469,4800
1974-01-11,0.0,0.5613758758856701,0.5560294389724731,0.5560294389724731,15200
1974-01-14,0.0,0.5613759160041809,0.556029478708903,0.5613759160041809,1600
1974-01-15,0.0,0.5720690488815308,0.5667226091723576,0.5720690488815308,4000
1974-01-16,0.0,0.5720690488815308,0.5667226091723576,0.5720690488815308,7200
1974-01-17,0.0,0.582761824131012,0.5774153853775165,0.582761824131012,5600
1974-01-18,0.582761824131012,0.582761824131012,0.582761824131012,0.582761824131012,0
1974-01-21,0.0,0.5934548377990723,0.5827619578387286,0.5934548377990723,8000
1974-01-22,0.0,0.5934548377990723,0.5934548377990723,0.5934548377990723,2400
1974-01-23,0.0,0.59880131483078,0.5881084342088018,0.59880131483078,4800
1974-01-24,0.0,0.5934548377990723,0.5934548377990723,0.5934548377990723,800
1974-01-25,0.5934548377990723,0.5934548377990723,0.5934548377990723,0.5934548377990723,0
1974-01-28,0.0,0.5881082628845076,0.5774153853775165,0.582761824131012,7200
1974-01-29,0.0,0.5827619058114512,0.5774154663085938,0.5774154663085938,8800
1974-01-30,0.5774154663085938,0.5774154663085938,0.5774154663085938,0.5774154663085938,0
1974-01-31,0.0,0.5881083607673645,0.5881083607673645,0.5881083607673645,4000
1974-02-01,0.5881083607673645,0.5881083607673645,0.5881083607673645,0.5881083607673645,0
1974-02-04,0.0,0.577415488590704,0.5720690488815308,0.5720690488815308,4000
1974-02-05,0.0,0.5720693120416606,0.5667228698730469,0.5667228698730469,4000
1974-02-06,0.0,0.5720690488815308,0.5560297297540112,0.5720690488815308,6400
1974-02-07,0.5720690488815308,0.5720690488815308,0.5720690488815308,0.5720690488815308,0
1974-02-08,0.0,0.577415488590704,0.5720690488815308,0.5720690488815308,13600
1974-02-11,0.0,0.5774154663085938,0.5774154663085938,0.5774154663085938,3200
1974-02-12,0.0,0.5774154663085938,0.5720690268057365,0.5774154663085938,4000
1974-02-13,0.5774154663085938,0.5774154663085938,0.5774154663085938,0.5774154663085938,0
1974-02-14,0.0,0.5720690488815308,0.5720690488815308,0.5720690488815308,800
1974-02-15,0.0,0.577415488590704,0.5667226091723576,0.5720690488815308,6400
1974-02-19,0.0,0.577415488590704,0.5720690488815308,0.5720690488815308,4000
1974-02-20,0.5720690488815308,0.5720690488815308,0.5720690488815308,0.5720690488815308,0
1974-02-21,0.0,0.5667228698730469,0.5667228698730469,0.5667228698730469,800
1974-02-22,0.0,0.5720690488815308,0.5720690488815308,0.5720690488815308,2400
1974-02-25,0.0,0.5720690488815308,0.5720690488815308,0.5720690488815308,800
1974-02-26,0.0,0.5720690488815308,0.5720690488815308,0.5720690488815308,800
1974-02-27,0.0,0.5774154663085938,0.5774154663085938,0.5774154663085938,800
1974-02-28,0.0,0.5720690488815308,0.5667226091723576,0.5720690488815308,7200
1974-03-01,0.0,0.5720690488815308,0.5720690488815308,0.5720690488815308,800
1974-03-04,0.0,0.577415488590704,0.5720690488815308,0.5720690488815308,6400
1974-03-05,0.0,0.5720690488815308,0.5667226091723576,0.5720690488815308,9600
1974-03-06,0.0,0.5667228698730469,0.5667228698730469,0.5667228698730469,800
1974-03-07,0.0,0.5667223532994589,0.5613759160041809,0.5613759160041809,1600
1974-03-08,0.0,0.5774154663085938,0.5613761478000218,0.5774154663085938,5600
1974-03-11,0.0,0.5881083607673645,0.5827619211240248,0.5881083607673645,2400
1974-03-12,0.0,0.582761824131012,0.5774153853775165,0.582761824131012,5600
1974-03-13,0.0,0.5881083607673645,0.5881083607673645,0.5881083607673645,5600
1974-03-14,0.0,0.5881083607673645,0.5827619211240248,0.5881083607673645,6400
1974-03-15,0.0,0.5827619058114512,0.5774154663085938,0.5774154663085938,9600
1974-03-18,0.0,0.5934548377990723,0.5827619578387286,0.5934548377990723,7200
1974-03-19,0.0,0.59880131483078,0.59880131483078,0.59880131483078,11200
1974-03-20,0.0,0.6041479706764221,0.5934550862396714,0.6041479706764221,3200
1974-03-21,0.0,0.59880131483078,0.593454874519791,0.59880131483078,13600
1974-03-22,0.0,0.59880131483078,0.593454874519791,0.59880131483078,3200
1974-03-25,0.59880131483078,0.59880131483078,0.59880131483078,0.59880131483078,0
1974-03-26,0.0,0.6148406863212585,0.6041478048200193,0.6148406863212585,3200
1974-03-27,0.0,0.6255333038239643,0.6148404268355205,0.6201868653297424,12800
1974-03-28,0.0,0.6094941577395877,0.5934548377990723,0.5934548377990723,9600
1974-03-29,0.5934548377990723,0.5934548377990723,0.5934548377990723,0.5934548377990723,0
1974-04-01,0.0,0.5881083453143084,0.5720690268057365,0.5774154663085938,24000
1974-04-02,0.5774154663085938,0.5774154663085938,0.5774154663085938,0.5774154663085938,0
1974-04-03,0.0,0.577415488590704,0.5720690488815308,0.5720690488815308,4800
1974-04-04,0.0,0.5667228698730469,0.5613764277044333,0.5667228698730469,5600
1974-04-05,0.0,0.5720693120416606,0.5667228698730469,0.5667228698730469,2400
1974-04-08,0.0,0.5613759160041809,0.5613759160041809,0.5613759160041809,2400
1974-04-09,0.0,0.5613759160041809,0.556029478708903,0.5613759160041809,5600
1974-04-10,0.0,0.5667223532994589,0.5613759160041809,0.5613759160041809,11200
1974-04-11,0.0,0.5613758758856701,0.5560294389724731,0.5560294389724731,2400
1974-04-15,0.0,0.5774154663085938,0.5613761478000218,0.5774154663085938,9600
1974-04-16,0.0,0.5720693120416606,0.5667228698730469,0.5667228698730469,4800
1974-04-17,0.0,0.5774154663085938,0.566722587302879,0.5774154663085938,5600
1974-04-18,0.0,0.59880131483078,0.5827619938978127,0.59880131483078,10400
1974-04-19,0.0,0.5934547016380031,0.582761824131012,0.582761824131012,4800
1974-04-22,0.582761824131012,0.582761824131012,0.582761824131012,0.582761824131012,0
1974-04-23,0.0,0.5881083607673645,0.5881083607673645,0.5881083607673645,2400
1974-04-24,0.0,0.5827619058114512,0.5774154663085938,0.5774154663085938,2400
1974-04-25,0.0,0.5774154663085938,0.5774154663085938,0.5774154663085938,800
1974-04-26,0.0,0.5774154663085938,0.5774154663085938,0.5774154663085938,3200
1974-04-29,0.0,0.5774157542102742,0.5613764277044333,0.5667228698730469,17600
1974-04-30,0.0,0.5667228698730469,0.5560299855358196,0.5667228698730469,11200
1974-05-01,0.0,0.5720690488815308,0.5613761694631845,0.5720690488815308,4000
1974-05-02,0.0,0.5934548377990723,0.5774155178585568,0.5934548377990723,9600
1974-05-03,0.0,0.59880131483078,0.593454874519791,0.59880131483078,5600
1974-05-06,0.0,0.6041477177594159,0.5934548377990723,0.5934548377990723,12800
1974-05-07,0.0,0.5881083607673645,0.5881083607673645,0.5881083607673645,1600
1974-05-08,0.5881083607673645,0.5881083607673645,0.5881083607673645,0.5881083607673645,0
1974-05-09,0.0,0.5934548377990723,0.5934548377990723,0.5934548377990723,5600
1974-05-10,0.5934548377990723,0.5934548377990723,0.5934548377990723,0.5934548377990723,0
1974-05-13,0.0,0.59880131483078,0.593454874519791,0.59880131483078,7200
1974-05-14,0.0,0.6041477551417691,0.59880131483078,0.59880131483078,5600
1974-05-15,0.0,0.5934548377990723,0.5934548377990723,0.5934548377990723,4800
1974-05-16,0.0,0.5881083607673645,0.5881083607673645,0.5881083607673645,4000
1974-05-17,0.0,0.5934547016380031,0.582761824131012,0.582761824131012,3200
1974-05-20,0.0,0.5774152278900146,0.5613759160041809,0.5613759160041809,8000
1974-05-21,0.0,0.5667228698730469,0.5613764277044333,0.5667228698730469,4800
1974-05-22,0.0,0.5613759160041809,0.5613759160041809,0.5613759160041809,800
1974-05-23,0.0,0.5560294389724731,0.5560294389724731,0.5560294389724731,4800
1974-05-24,0.0,0.5667228698730469,0.5613764277044333,0.5667228698730469,4000
1974-05-28,0.0,0.5667223532994589,0.556029478708903,0.5613759160041809,12000
1974-05-29,0.0,0.5613759160041809,0.556029478708903,0.5613759160041809,4000
1974-05-30,0.0,0.5613759160041809,0.556029478708903,0.5613759160041809,3200
1974-05-31,0.0,0.5667223532994589,0.5613759160041809,0.5613759160041809,4800
1974-06-03,0.5613759160041809,0.5613759160041809,0.5613759160041809,0.5613759160041809,0
1974-06-04,0.0,0.5720690488815308,0.5560297297540112,0.5720690488815308,6400
1974-06-05,0.0,0.5827619282998772,0.5720690488815308,0.5720690488815308,5600
1974-06-06,0.0,0.5774154663085938,0.5774154663085938,0.5774154663085938,3200
1974-06-07,0.0,0.5881083607673645,0.5720690418373454,0.5881083607673645,9600
1974-06-10,0.0,0.5934548377990723,0.5934548377990723,0.5934548377990723,3200
1974-06-11,0.0,0.59880131483078,0.59880131483078,0.59880131483078,2400
1974-06-12,0.59880131483078,0.59880131483078,0.59880131483078,0.59880131483078,0
1974-06-13,0.0,0.5934548377990723,0.5881083978189005,0.5934548377990723,8800
1974-06-14,0.0,0.609494149684906,0.5988012698658726,0.609494149684906,16800
1974-06-17,0.0,0.6201872973315484,0.5988015284580468,0.6041479706764221,22400
1974-06-18,0.6041479706764221,0.6041479706764221,0.6041479706764221,0.6041479706764221,0
1974-06-19,0.0,0.6094944128947976,0.6041479706764221,0.6041479706764221,6400
1974-06-20,0.0,0.59880131483078,0.59880131483078,0.59880131483078,2400
1974-06-21,0.0,0.59880131483078,0.593454874519791,0.59880131483078,4000
1974-06-24,0.0,0.59880131483078,0.593454874519791,0.59880131483078,3200
1974-06-25,0.0,0.5934548004107042,0.5881083607673645,0.5881083607673645,1600
1974-06-26,0.0,0.5934548377990723,0.5934548377990723,0.5934548377990723,800
1974-06-27,0.0,0.577415488590704,0.5720690488815308,0.5720690488815308,19200
1974-06-28,0.0,0.5827621963788878,0.5667228698730469,0.5667228698730469,24800
1974-07-01,0.0,0.5827619058114512,0.5774154663085938,0.5774154663085938,7200
1974-07-02,0.0,0.5934548004107042,0.5774154814806851,0.5881083607673645,23200
1974-07-03,0.0,0.5934548077182236,0.5667226091723576,0.5720690488815308,9600
1974-07-05,0.0,0.5934548377990723,0.5881083978189005,0.5934548377990723,1600
1974-07-08,0.0,0.5881082628845076,0.5774153853775165,0.582761824131012,20800
1974-07-09,0.0,0.582761824131012,0.582761824131012,0.582761824131012,800
1974-07-10,0.0,0.5881083607673645,0.5827619211240248,0.5881083607673645,3200
1974-07-11,0.0,0.5934548004107042,0.5827619211240248,0.5881083607673645,8800
1974-07-12,0.0,0.5881083607673645,0.5827619211240248,0.5881083607673645,4800
1974-07-15,0.0,0.59880131483078,0.5827619938978127,0.59880131483078,20000
1974-07-16,0.59880131483078,0.59880131483078,0.59880131483078,0.59880131483078,0
1974-07-17,0.59880131483078,0.59880131483078,0.59880131483078,0.59880131483078,0
1974-07-18,0.0,0.6041477551417691,0.59880131483078,0.59880131483078,8800
1974-07-19,0.0,0.6041479706764221,0.6041479706764221,0.6041479706764221,800
1974-07-22,0.6041479706764221,0.6041479706764221,0.6041479706764221,0.6041479706764221,0
1974-07-23,0.0,0.609494149684906,0.6041477097753892,0.609494149684906,2400
1974-07-24,0.0,0.6148406863212585,0.6148406863212585,0.6148406863212585,800
1974-07-25,0.0,0.6094944128947976,0.6041479706764221,0.6041479706764221,3200
1974-07-26,0.0,0.6041479706764221,0.6041479706764221,0.6041479706764221,4800
1974-07-29,0.0,0.6041479706764221,0.5934550862396714,0.6041479706764221,23200
1974-07-30,0.0,0.59880131483078,0.59880131483078,0.59880131483078,800
1974-07-31,0.59880131483078,0.59880131483078,0.59880131483078,0.59880131483078,0
1974-08-01,0.0,0.5934547016380031,0.582761824131012,0.582761824131012,14400
1974-08-02,0.0,0.5934548377990723,0.5827619578387286,0.5934548377990723,12800
1974-08-05,0.0,0.59880131483078,0.593454874519791,0.59880131483078,8800
1974-08-06,0.59880131483078,0.59880131483078,0.59880131483078,0.59880131483078,0
1974-08-07,0.0,0.6041477551417691,0.59880131483078,0.59880131483078,2400
1974-08-08,0.0,0.609494149684906,0.6041477097753892,0.609494149684906,4000
1974-08-09,0.0,0.6041477551417691,0.59880131483078,0.59880131483078,4000
1974-08-12,0.0,0.59880131483078,0.593454874519791,0.59880131483078,10400
1974-08-13,0.0,0.5934548377990723,0.5934548377990723,0.5934548377990723,800
1974-08-14,0.0,0.5881083607673645,0.5881083607673645,0.5881083607673645,1600
1974-08-15,0.0,0.5881083607673645,0.5881083607673645,0.5881083607673645,800
1974-08-16,0.0,0.5934548004107042,0.5881083607673645,0.5881083607673645,3200
1974-08-19,0.0,0.582761824131012,0.582761824131012,0.582761824131012,2400
1974-08-20,0.0,0.5827619058114512,0.5774154663085938,0.5774154663085938,3200
1974-08-21,0.0,0.582761824131012,0.582761824131012,0.582761824131012,4800
1974-08-22,0.0,0.5934548377990723,0.5934548377990723,0.5934548377990723,20800
1974-08-23,0.0,0.5881082628845076,0.582761824131012,0.582761824131012,19200
1974-08-26,0.0,0.5827619058114512,0.5774154663085938,0.5774154663085938,1600
1974-08-27,0.0,0.5667223532994589,0.5613759160041809,0.5613759160041809,10400
1974-08-28,0.0,0.5667228698730469,0.5506835433672059,0.5667228698730469,20000
1974-08-29,0.5667228698730469,0.5667228698730469,0.5667228698730469,0.5667228698730469,0
1974-08-30,0.0,0.5667228698730469,0.5613764277044333,0.5667228698730469,2400
1974-09-03,0.0,0.5613758758856701,0.5560294389724731,0.5560294389724731,2400
1974-09-04,0.0,0.5506834025476494,0.5453369617462158,0.5453369617462158,2400
1974-09-05,0.0,0.5453369617462158,0.5453369617462158,0.5453369617462158,3200
1974-09-06,0.0,0.5506837368011475,0.5453372927545344,0.5506837368011475,4000
1974-09-09,0.0,0.5506837368011475,0.5453372927545344,0.5506837368011475,3200
1974-09-10,0.0,0.5506837368011475,0.5399908487079212,0.5506837368011475,4800
1974-09-11,0.0,0.5453368047676463,0.5399903655052185,0.5399903655052185,2400
1974-09-12,0.0,0.5453371918201446,0.5346443057060242,0.5346443057060242,4800
1974-09-13,0.0,0.5346443057060242,0.5346443057060242,0.5346443057060242,3200
1974-09-16,0.0,0.5292971730232239,0.5292971730232239,0.5292971730232239,1600
1974-09-17,0.0,0.5346443057060242,0.5346443057060242,0.5346443057060242,800
1974-09-18,0.0,0.5346436091143675,0.5239507369320802,0.5292971730232239,6400
1974-09-19,0.0,0.5399907487630844,0.5346443057060242,0.5346443057060242,5600
1974-09-20,0.0,0.5399903655052185,0.5346439262427906,0.5399903655052185,1600
1974-09-23,0.0,0.5346443057060242,0.5346443057060242,0.5346443057060242,1600
1974-09-24,0.0,0.5399907487630844,0.5346443057060242,0.5346443057060242,2400
1974-09-25,0.5346443057060242,0.5346443057060242,0.5346443057060242,0.5346443057060242,0
1974-09-26,0.0,0.5346436091143675,0.5292971730232239,0.5292971730232239,2400
1974-09-27,0.0,0.5346443057060242,0.5239514195919037,0.5346443057060242,9600
1974-09-30,0.0,0.5132582982381185,0.4811796545982361,0.4811796545982361,26400
1974-10-01,0.0,0.4811797934499654,0.46514046700163325,0.47048690915107727,14400
1974-10-02,0.0,0.4758329689502716,0.4758329689502716,0.4758329689502716,800
1974-10-03,0.0,0.4865258446570193,0.4758329689502716,0.4758329689502716,19200
1974-10-04,0.0,0.4811796545982361,0.475833213991589,0.4811796545982361,5600
1974-10-07,0.0,0.48652610182762146,0.48117966114819705,0.48652610182762146,4000
1974-10-08,0.0,0.4918724298477173,0.4918724298477173,0.4918724298477173,800
1974-10-09,0.0,0.4918724298477173,0.4918724298477173,0.4918724298477173,800
1974-10-10,0.0,0.5132582783699036,0.5079118379702171,0.5132582783699036,8000
1974-10-11,0.0,0.5079115629196167,0.5079115629196167,0.5079115629196167,1600
1974-10-14,0.0,0.5346436091143675,0.5132578647497928,0.5292971730232239,68800
1974-10-15,0.0,0.5292975761226771,0.5186046957969666,0.5186046957969666,6400
1974-10-16,0.0,0.5132582783699036,0.5132582783699036,0.5132582783699036,800
1974-10-17,0.0,0.5292971730232239,0.5186043008409364,0.5292971730232239,5600
1974-10-18,0.0,0.5346443057060242,0.5239514195919037,0.5346443057060242,7200
1974-10-21,0.0,0.5346443057060242,0.5346443057060242,0.5346443057060242,800
1974-10-22,0.0,0.5453369617462158,0.5346440801433489,0.5453369617462158,9600
1974-10-23,0.0,0.5453369617462158,0.5399905209447824,0.5453369617462158,4800
1974-10-24,0.0,0.5399907487630844,0.5346443057060242,0.5346443057060242,4000
1974-10-25,0.0,0.5453369617462158,0.5399905209447824,0.5453369617462158,2400
1974-10-28,0.0,0.5346443057060242,0.5346443057060242,0.5346443057060242,1600
1974-10-29,0.0,0.5399903655052185,0.5399903655052185,0.5399903655052185,3200
1974-10-30,0.0,0.5453369617462158,0.5399905209447824,0.5453369617462158,3200
1974-10-31,0.0,0.5453369617462158,0.5453369617462158,0.5453369617462158,1600
1974-11-01,0.0,0.5399907487630844,0.5346443057060242,0.5346443057060242,1600
1974-11-04,0.0,0.5346443057060242,0.5346443057060242,0.5346443057060242,7200
1974-11-05,0.5346443057060242,0.5346443057060242,0.5346443057060242,0.5346443057060242,0
1974-11-06,0.0,0.5453369617462158,0.5346440801433489,0.5453369617462158,44800
1974-11-07,0.0,0.5453368047676463,0.5399903655052185,0.5399903655052185,6400
1974-11-08,0.5399903655052185,0.5399903655052185,0.5399903655052185,0.5399903655052185,0
1974-11-11,0.0,0.5453369617462158,0.5453369617462158,0.5453369617462158,800
1974-11-12,0.0,0.5506837368011475,0.5453372927545344,0.5506837368011475,4000
1974-11-13,0.0,0.5453369617462158,0.5453369617462158,0.5453369617462158,3200
1974-11-14,0.0,0.5560294389724731,0.5453365651460794,0.5560294389724731,27200
1974-11-15,0.0,0.5613759160041809,0.556029478708903,0.5613759160041809,8800
1974-11-18,0.0,0.5560298433490828,0.5453369617462158,0.5453369617462158,14400
1974-11-19,0.0,0.5453368047676463,0.5399903655052185,0.5399903655052185,4000
1974-11-20,0.0,0.5399903655052185,0.5399903655052185,0.5399903655052185,2400
1974-11-21,0.0,0.5399903655052185,0.5346439262427906,0.5399903655052185,3200
1974-11-22,0.0,0.5453369617462158,0.5346440801433489,0.5453369617462158,5600
1974-11-25,0.0,0.5453369617462158,0.5453369617462158,0.5453369617462158,800
1974-11-26,0.0,0.5506837368011475,0.5453372927545344,0.5506837368011475,2400
1974-11-27,0.0,0.5560294389724731,0.5506830020592763,0.5560294389724731,8800
1974-11-29,0.5560294389724731,0.5560294389724731,0.5560294389724731,0.5560294389724731,0
1974-12-02,0.5560294389724731,0.5560294389724731,0.5560294389724731,0.5560294389724731,0
1974-12-03,0.0,0.5613759160041809,0.556029478708903,0.5613759160041809,5600
1974-12-04,0.0,0.5560301808477606,0.5506837368011475,0.5506837368011475,5600
1974-12-05,0.0,0.5506834025476494,0.5453369617462158,0.5453369617462158,9600
1974-12-06,0.0,0.5506837368011475,0.5399908487079212,0.5506837368011475,5600
1974-12-09,0.0,0.5453371918201446,0.5346443057060242,0.5346443057060242,12000
1974-12-10,0.0,0.5346443057060242,0.5346443057060242,0.5346443057060242,800
1974-12-11,0.0,0.5453369617462158,0.5453369617462158,0.5453369617462158,4000
1974-12-12,0.0,0.5453369617462158,0.5453369617462158,0.5453369617462158,800
1974-12-13,0.0,0.5506837368011475,0.5453372927545344,0.5506837368011475,1600
1974-12-16,0.0,0.5453369617462158,0.5453369617462158,0.5453369617462158,2400
1974-12-17,0.0,0.5560294389724731,0.5506830020592763,0.5560294389724731,4800
1974-12-18,0.0,0.5560294389724731,0.5506830020592763,0.5560294389724731,5600
1974-12-19,0.0,0.5506834025476494,0.5453369617462158,0.5453369617462158,16000
1974-12-20,0.0,0.5453368047676463,0.5399903655052185,0.5399903655052185,7200
1974-12-23,0.5399903655052185,0.5399903655052185,0.5399903655052185,0.5399903655052185,0
1974-12-24,0.0,0.5506837368011475,0.5399908487079212,0.5506837368011475,4800
1974-12-26,0.0,0.5506834025476494,0.5453369617462158,0.5453369617462158,1600
1974-12-27,0.5453369617462158,0.5453369617462158,0.5453369617462158,0.5453369617462158,0
1974-12-30,0.0,0.5399907487630844,0.5346443057060242,0.5346443057060242,1600
1974-12-31,0.0,0.5453368047676463,0.5346439262427906,0.5399903655052185,15200
1975-01-02,0.0,0.5613759160041809,0.5453366041183472,0.5613759160041809,6400
1975-01-03,0.0,0.5613759160041809,0.5613759160041809,0.5613759160041809,16800
1975-01-06,0.0,0.5774154663085938,0.566722587302879,0.5774154663085938,9600
1975-01-07,0.0,0.5774154663085938,0.5720690268057365,0.5774154663085938,4800
1975-01-08,0.0,0.5774154663085938,0.5774154663085938,0.5774154663085938,4800
1975-01-09,0.0,0.5774157542102742,0.5667228698730469,0.5667228698730469,8000
1975-01-10,0.0,0.5774154663085938,0.5720690268057365,0.5774154663085938,3200
1975-01-13,0.0,0.577415488590704,0.5720690488815308,0.5720690488815308,5600
1975-01-14,0.0,0.5720690488815308,0.5667226091723576,0.5720690488815308,7200
1975-01-15,0.0,0.5774154663085938,0.5720690268057365,0.5774154663085938,4800
1975-01-16,0.0,0.5881082628845076,0.5774153853775165,0.582761824131012,13600
1975-01-17,0.0,0.5881082628845076,0.582761824131012,0.582761824131012,11200
1975-01-20,0.0,0.5827619058114512,0.5774154663085938,0.5774154663085938,7200
1975-01-21,0.0,0.577415488590704,0.5720690488815308,0.5720690488815308,4000
1975-01-22,0.0,0.5774154663085938,0.5720690268057365,0.5774154663085938,2400
1975-01-23,0.0,0.582761824131012,0.5774153853775165,0.582761824131012,4000
1975-01-24,0.0,0.5774154663085938,0.5774154663085938,0.5774154663085938,8000
1975-01-27,0.0,0.5881083607673645,0.5774154814806851,0.5881083607673645,10400
1975-01-28,0.0,0.609494149684906,0.5881083900468391,0.609494149684906,10400
1975-01-29,0.0,0.6255333423614502,0.6094940258906438,0.6255333423614502,8000
1975-01-30,0.0,0.6469191531340281,0.6415727138519287,0.6415727138519287,10400
1975-01-31,0.0,0.6308799093229729,0.609494149684906,0.609494149684906,33600
1975-02-03,0.0,0.6308799386024475,0.614840618129504,0.6308799386024475,8000
1975-02-04,0.0,0.6255333038239643,0.6201868653297424,0.6201868653297424,7200
1975-02-05,0.0,0.6362264156341553,0.6255335346991274,0.6362264156341553,12000
1975-02-06,0.0,0.6469190716743469,0.6362261944565891,0.6469190716743469,20800
1975-02-07,0.0,0.6415727138519287,0.6362262745698294,0.6415727138519287,2400
1975-02-10,0.0,0.6522654294967651,0.6362261156566807,0.6522654294967651,11200
1975-02-11,0.0,0.6736513595581055,0.6576120414733887,0.6683049201965332,10400
1975-02-12,0.0,0.6843444944366696,0.6683051703483102,0.6789980530738831,12000
1975-02-13,0.0,0.7003835439682007,0.6843442261674022,0.7003835439682007,25600
1975-02-14,0.0,0.7003837461654956,0.695037305355072,0.695037305355072,15200
1975-02-18,0.0,0.6950367282527361,0.6896902918815613,0.6896902918815613,7200
1975-02-19,0.0,0.695037305355072,0.695037305355072,0.695037305355072,1600
1975-02-20,0.0,0.7003834890201688,0.6843441724777222,0.6843441724777222,12000
1975-02-21,0.0,0.6950367282527361,0.6896902918815613,0.6896902918815613,2400
1975-02-24,0.0,0.6843441724777222,0.6843441724777222,0.6843441724777222,3200
1975-02-25,0.0,0.678998017121875,0.6736515760421753,0.6736515760421753,3200
1975-02-26,0.0,0.6789980530738831,0.6736516117110966,0.6789980530738831,2400
1975-02-27,0.0,0.6789980530738831,0.6789980530738831,0.6789980530738831,800
1975-02-28,0.0,0.6843444944366696,0.6789980530738831,0.6789980530738831,4000
1975-03-03,0.0,0.6683049201965332,0.662958480834961,0.6683049201965332,11200
1975-03-04,0.0,0.6843444944366696,0.6736516117110966,0.6789980530738831,12000
1975-03-05,0.0,0.6736513595581055,0.6683049201965332,0.6683049201965332,3200
1975-03-06,0.0,0.6789980530738831,0.6789980530738831,0.6789980530738831,2400
1975-03-07,0.0,0.6789980530738831,0.6789980530738831,0.6789980530738831,3200
1975-03-10,0.0,0.6843441724777222,0.67899773363024,0.6843441724777222,26400
1975-03-11,0.0,0.7057299017906189,0.6896905858408321,0.7057299017906189,24800
1975-03-12,0.0,0.7110763404405478,0.7003834631406899,0.7057299017906189,12000
1975-03-13,0.0,0.7110766277863428,0.6896908645446483,0.695037305355072,17600
1975-03-14,0.0,0.7110764980316162,0.7003836183619678,0.7110764980316162,11200
1975-03-17,0.0,0.7057299832351335,0.7003835439682007,0.7003835439682007,1600
1975-03-18,0.0,0.7057299017906189,0.7003834631406899,0.7057299017906189,3200
1975-03-19,0.0,0.7164229378664403,0.705730058196792,0.7110764980316162,21600
1975-03-20,0.0,0.7057299017906189,0.7057299017906189,0.7057299017906189,1600
1975-03-21,0.0,0.7057299017906189,0.695037024490761,0.7057299017906189,13600
1975-03-24,0.0,0.7110763404405478,0.6896905858408321,0.7057299017906189,25600
1975-03-25,0.0,0.7271156907081604,0.7057299350990969,0.7271156907081604,24000
1975-03-26,0.0,0.7485013814281216,0.7324620661118048,0.7431549429893494,10400
1975-03-27,0.0,0.7538479787962777,0.7485015392303467,0.7485015392303467,11200
1975-03-31,0.0,0.7485015392303467,0.7431550996644156,0.7485015392303467,8800
1975-04-01,0.0,0.7538483142852784,0.7431554303947071,0.7538483142852783,20800
1975-04-02,0.0,0.7805803418159485,0.7591945790264705,0.7805803418159485,18400
1975-04-03,0.0,0.7859267825133179,0.7805803418159485,0.7805803418159485,9600
1975-04-04,0.0,0.775234082066421,0.7538483142852784,0.7538483142852783,27200
1975-04-07,0.0,0.7538479787962777,0.7485015392303467,0.7485015392303467,11200
1975-04-08,0.0,0.7378089427947998,0.7378089427947998,0.7378089427947998,800
1975-04-09,0.0,0.7538483142852784,0.7431554303947071,0.7538483142852783,21600
1975-04-10,0.0,0.7698876261711121,0.7538483006258805,0.7698876261711121,16000
1975-04-11,0.7698876261711121,0.7698876261711121,0.7698876261711121,0.7698876261711121,0
1975-04-14,0.0,0.7538479787962777,0.7485015392303467,0.7485015392303467,5600
1975-04-15,0.0,0.753847819866894,0.7378085045505771,0.7431549429893494,15200
1975-04-16,0.0,0.7431553844092549,0.7378089427947998,0.7378089427947998,13600
1975-04-17,0.0,0.7698876261711121,0.7431554169290595,0.7698876261711121,28800
1975-04-18,0.0,0.7698877361458791,0.7591948509216309,0.7591948509216309,16800
1975-04-21,0.0,0.7645411981758496,0.7485018723399928,0.7538483142852783,24000
1975-04-22,0.0,0.7485015392303467,0.7431550996644156,0.7485015392303467,14400
1975-04-23,0.0,0.743155348474962,0.732462465763092,0.732462465763092,12000
1975-04-24,0.0,0.7431553844092549,0.7217696179514346,0.7378089427947998,24000
1975-04-25,0.0,0.7324621296104263,0.7271156907081604,0.7271156907081604,3200
1975-04-28,0.0,0.7324621296104263,0.7271156907081604,0.7271156907081604,4800
1975-04-29,0.0,0.7271162182537477,0.7164233326911926,0.7164233326911926,18400
1975-04-30,0.0,0.7752340680195225,0.7164232076870071,0.7698876261711121,50400
1975-05-01,0.0,0.7805804252624512,0.7698875427246094,0.7752339839935303,15200
1975-05-02,0.0,0.7859267825133179,0.7752339011185789,0.7805803418159485,16800
1975-05-05,0.0,0.7966194152832031,0.7859265372257105,0.7966194152832031,25600
1975-05-06,0.0,0.8126590847969055,0.8019662021022094,0.8126590847969055,18400
1975-05-07,0.0,0.8126588916778564,0.8019660115242004,0.8019660115242004,16000
1975-05-08,0.0,0.8126590847969055,0.8073126434495574,0.8126590847969055,13600
1975-05-09,0.0,0.8180055261442536,0.8073126434495574,0.8126590847969055,57600
1975-05-12,0.0,0.8180051713981884,0.7966194152832031,0.7966194152832031,12800
1975-05-13,0.0,0.8126588088787154,0.8019659298145219,0.8073123693466187,18400
1975-05-14,0.0,0.8073122933406958,0.7966194152832031,0.7966194152832031,4000
1975-05-15,0.0,0.8019660115242004,0.7966195714473725,0.8019660115242004,4000
1975-05-16,0.0,0.8073123693466187,0.8019659298145219,0.8073123693466187,15200
1975-05-19,0.0,0.8180055261442536,0.8073126434495574,0.8126590847969055,20000
1975-05-20,0.0,0.8126588916778564,0.8019660115242004,0.8019660115242004,13600
1975-05-21,0.0,0.8073123693466187,0.8073123693466187,0.8073123693466187,2400
1975-05-22,0.0,0.8019660115242004,0.7966195714473725,0.8019660115242004,32800
1975-05-23,0.0,0.8180052638053894,0.8073123845399595,0.8180052638053894,9600
1975-05-27,0.0,0.8180052484108122,0.8073123693466187,0.8073123693466187,8000
1975-05-28,0.0,0.8126590847969055,0.7966197607548613,0.8126590847969055,16800
1975-05-29,0.0,0.8019658543119494,0.7966194152832031,0.7966194152832031,3200
1975-05-30,0.0,0.8180052484108122,0.8019659298145219,0.8073123693466187,9600
1975-06-02,0.0,0.8180055261442536,0.8073126434495574,0.8126590847969055,12000
1975-06-03,0.0,0.8180052638053894,0.8126588241726744,0.8180052638053894,8800
1975-06-04,0.0,0.8340442380597515,0.8233513632128316,0.8286978006362915,19200
1975-06-05,0.0,0.8233515024185181,0.8233515024185181,0.8233515024185181,4000
1975-06-06,0.0,0.8233515024185181,0.8233515024185181,0.8233515024185181,3200
1975-06-09,0.0,0.8286979407459111,0.8233515024185181,0.8233515024185181,4800
1975-06-10,0.0,0.8180052638053894,0.8180052638053894,0.8180052638053894,1600
1975-06-11,0.0,0.8180055261442536,0.8126590847969055,0.8126590847969055,9600
1975-06-12,0.0,0.8073123693466187,0.8019659298145219,0.8073123693466187,11200
1975-06-13,0.0,0.8126590847969055,0.8126590847969055,0.8126590847969055,4000
1975-06-16,0.0,0.8180055261442536,0.8126590847969055,0.8126590847969055,16800
1975-06-17,0.0,0.8180052638053894,0.8126588241726744,0.8180052638053894,5600
1975-06-18,0.0,0.8286979407459111,0.8180050640911252,0.8233515024185181,17600
1975-06-19,0.0,0.8500835701918146,0.834044257546686,0.8393906950950623,20000
1975-06-20,0.0,0.8500836099250407,0.8393907343284993,0.84473717212677,13600
1975-06-23,0.0,0.8554303050041199,0.8393909867852927,0.8554303050041199,8800
1975-06-24,0.0,0.8714699745178223,0.8447377667105271,0.8714699745178223,10400
1975-06-25,0.0,0.8768164160792813,0.8607770913949042,0.8714699745178223,5600
1975-06-26,0.0,0.8821627733910956,0.8714698912893853,0.8768163323402405,4000
1975-06-27,0.0,0.8607764855215821,0.84473717212677,0.84473717212677,6400
1975-06-30,0.0,0.8554303050041199,0.8447374261915683,0.8554303050041199,8000
1975-07-01,0.0,0.8607768416404724,0.855430401630283,0.8607768416404724,4800
1975-07-02,0.0,0.8554302671420498,0.8500838279724121,0.8500838279724121,3200
1975-07-03,0.0,0.8554302671420498,0.8500838279724121,0.8500838279724121,7200
1975-07-07,0.0,0.8554300477233114,0.84473717212677,0.84473717212677,14400
1975-07-08,0.0,0.8500843804616195,0.8340450525283813,0.8340450525283813,10400
1975-07-09,0.0,0.8286978006362915,0.8286978006362915,0.8286978006362915,6400
1975-07-10,0.0,0.8393914951727941,0.8340450525283813,0.8340450525283813,5600
1975-07-11,0.0,0.8393914951727941,0.8340450525283813,0.8340450525283813,2400
1975-07-14,0.0,0.84473717212677,0.8393907343284993,0.84473717212677,1600
1975-07-15,0.84473717212677,0.84473717212677,0.84473717212677,0.84473717212677,0
1975-07-16,0.0,0.8393914951727941,0.8340450525283813,0.8340450525283813,3200
1975-07-17,0.0,0.8340442380597515,0.8286978006362915,0.8286978006362915,1600
1975-07-18,0.0,0.8286978006362915,0.8286978006362915,0.8286978006362915,800
1975-07-21,0.0,0.8340450525283813,0.8340450525283813,0.8340450525283813,1600
1975-07-22,0.0,0.8286978006362915,0.8286978006362915,0.8286978006362915,1600
1975-07-23,0.8286978006362915,0.8286978006362915,0.8286978006362915,0.8286978006362915,0
1975-07-24,0.0,0.8340445827035342,0.8180052638053894,0.8180052638053894,16000
1975-07-25,0.0,0.8126590847969055,0.8126590847969055,0.8126590847969055,4800
1975-07-28,0.0,0.8019658543119494,0.7966194152832031,0.7966194152832031,3200
1975-07-29,0.0,0.8073122933406958,0.7966194152832031,0.7966194152832031,8000
1975-07-30,0.0,0.7912728190422058,0.7912728190422058,0.7912728190422058,800
1975-07-31,0.0,0.7966192570087073,0.7912728190422058,0.7912728190422058,2400
1975-08-01,0.0,0.7966194152832031,0.7966194152832031,0.7966194152832031,3200
1975-08-04,0.0,0.8180052638053894,0.8073123845399595,0.8180052638053894,13600
1975-08-05,0.0,0.8447371326434384,0.8233513824499337,0.8393906950950623,20800
1975-08-06,0.0,0.8393906950950623,0.834044257546686,0.8393906950950623,4800
1975-08-07,0.0,0.8340442380597515,0.8286978006362915,0.8286978006362915,9600
1975-08-08,0.0,0.8340450525283813,0.8340450525283813,0.8340450525283813,1600
1975-08-11,0.0,0.8286978006362915,0.8286978006362915,0.8286978006362915,800
1975-08-12,0.0,0.8340442380597515,0.8286978006362915,0.8286978006362915,7200
1975-08-13,0.0,0.8340442380597515,0.8286978006362915,0.8286978006362915,8800
1975-08-14,0.0,0.8233515024185181,0.8180050640911252,0.8233515024185181,4800
1975-08-15,0.0,0.8233515024185181,0.8180050640911252,0.8233515024185181,3200
1975-08-18,0.0,0.8233515024185181,0.8180050640911252,0.8233515024185181,4000
1975-08-19,0.8233515024185181,0.8233515024185181,0.8233515024185181,0.8233515024185181,0
1975-08-20,0.0,0.8180055261442536,0.8126590847969055,0.8126590847969055,4000
1975-08-21,0.0,0.8126590847969055,0.8126590847969055,0.8126590847969055,4800
1975-08-22,0.0,0.8126590847969055,0.8126590847969055,0.8126590847969055,7200
1975-08-25,0.0,0.8180055261442536,0.8126590847969055,0.8126590847969055,9600
1975-08-26,0.0,0.8073122933406958,0.7966194152832031,0.7966194152832031,4800
1975-08-27,0.0,0.7912728190422058,0.7912728190422058,0.7912728190422058,800
1975-08-28,0.0,0.7966194152832031,0.7966194152832031,0.7966194152832031,800
1975-08-29,0.0,0.8019660115242004,0.7966195714473725,0.8019660115242004,1600
1975-09-02,0.0,0.8073123693466187,0.8019659298145219,0.8073123693466187,2400
1975-09-03,0.0,0.8126590847969055,0.8073126434495574,0.8126590847969055,4800
1975-09-04,0.0,0.8126590847969055,0.8019662021022094,0.8126590847969055,6400
1975-09-05,0.0,0.8073124516010285,0.8019660115242004,0.8019660115242004,4800
1975-09-08,0.0,0.8019658543119494,0.7912729762544568,0.7966194152832031,5600
1975-09-09,0.0,0.7966194152832031,0.7912729762544568,0.7966194152832031,4800
1975-09-10,0.7966194152832031,0.7966194152832031,0.7966194152832031,0.7966194152832031,0
1975-09-11,0.0,0.7912728190422058,0.7912728190422058,0.7912728190422058,800
1975-09-12,0.0,0.7966194152832031,0.7912729762544568,0.7966194152832031,4800
1975-09-15,0.0,0.8073122933406958,0.7912729762544568,0.7966194152832031,8800
1975-09-16,0.0,0.7912728997314868,0.7859264612197876,0.7859264612197876,4000
1975-09-17,0.0,0.7912728997314868,0.7859264612197876,0.7859264612197876,9600
1975-09-18,0.0,0.7912728997314868,0.7859264612197876,0.7859264612197876,6400
1975-09-19,0.0,0.7912732232106875,0.7805803418159485,0.7805803418159485,9600
1975-09-22,0.0,0.7912728190422058,0.7805799431092031,0.7912728190422058,6400
1975-09-23,0.0,0.7966194152832031,0.7966194152832031,0.7966194152832031,1600
1975-09-24,0.0,0.7912728190422058,0.7912728190422058,0.7912728190422058,3200
1975-09-25,0.0,0.8073123693466187,0.7966194902824251,0.8073123693466187,5600
1975-09-26,0.0,0.8073123693466187,0.8019659298145219,0.8073123693466187,10400
1975-09-29,0.0,0.8019658543119494,0.7966194152832031,0.7966194152832031,37600
1975-09-30,0.0,0.7966192570087073,0.7912728190422058,0.7912728190422058,4800
1975-10-01,0.0,0.7966192570087073,0.7912728190422058,0.7912728190422058,20000
1975-10-02,0.0,0.7859268665313721,0.7752339839935303,0.7752339839935303,5600
1975-10-03,0.0,0.7805803418159485,0.7805803418159485,0.7805803418159485,800
1975-10-06,0.0,0.7805803418159485,0.7805803418159485,0.7805803418159485,4000
1975-10-07,0.0,0.7752339839935303,0.7698875427246094,0.7752339839935303,4800
1975-10-08,0.0,0.7752340680195225,0.7698876261711121,0.7698876261711121,13600
1975-10-09,0.0,0.8019656949752086,0.7698870671762003,0.7912728190422058,36000
1975-10-10,0.0,0.7912728190422058,0.7912728190422058,0.7912728190422058,11200
1975-10-13,0.0,0.8019660115242004,0.7966195714473725,0.8019660115242004,4800
1975-10-14,0.0,0.8073123693466187,0.7966194902824251,0.8073123693466187,8000
1975-10-15,0.0,0.8073123693466187,0.8073123693466187,0.8073123693466187,3200
1975-10-16,0.0,0.8019658543119494,0.7966194152832031,0.7966194152832031,20000
1975-10-17,0.0,0.8073123693466187,0.8019659298145219,0.8073123693466187,2400
1975-10-20,0.0,0.8180052638053894,0.8126588241726744,0.8180052638053894,3200
1975-10-21,0.0,0.8500838279724121,0.823351632124223,0.8500838279724121,36800
1975-10-22,0.0,0.8500836099250407,0.8340442965302286,0.84473717212677,14400
1975-10-23,0.0,0.8500838279724121,0.8447373888027743,0.8500838279724121,4800
1975-10-24,0.0,0.8500836099250407,0.84473717212677,0.84473717212677,5600
1975-10-27,0.0,0.8500838279724121,0.8500838279724121,0.8500838279724121,3200
1975-10-28,0.0,0.8607767444103956,0.8447374261915683,0.8554303050041199,6400
1975-10-29,0.0,0.8607764855215821,0.84473717212677,0.84473717212677,18400
1975-10-30,0.0,0.8554303050041199,0.8447374261915683,0.8554303050041199,20000
1975-10-31,0.0,0.8500836099250407,0.8393907343284993,0.84473717212677,8800
1975-11-03,0.0,0.8500838279724121,0.8393909496331364,0.8500838279724121,7200
1975-11-04,0.0,0.8500835701918146,0.8393906950950623,0.8393906950950623,4800
1975-11-05,0.0,0.8500838279724121,0.8447373888027743,0.8500838279724121,4000
1975-11-06,0.0,0.8500838279724121,0.8500838279724121,0.8500838279724121,1600
1975-11-07,0.0,0.8500838279724121,0.8447373888027743,0.8500838279724121,6400
1975-11-10,0.0,0.8500838279724121,0.8500838279724121,0.8500838279724121,800
1975-11-11,0.0,0.8500838279724121,0.8500838279724121,0.8500838279724121,7200
1975-11-12,0.0,0.42771515250205994,0.41434905398637056,0.42771515250205994,216000
1975-11-13,0.0,0.43573486083042545,0.4250419808100469,0.4303884208202362,37600
1975-11-14,0.0,0.4277151335710249,0.41434903564693043,0.42504191398620605,20000
1975-11-17,0.0,0.42771515250205994,0.42504193279892205,0.42771515250205994,7200
1975-11-18,0.0,0.4277150238616557,0.422368586063385,0.422368586063385,8000
1975-11-19,0.0,0.4143490247278405,0.3956364881272284,0.39830970764160156,24800
1975-11-20,0.0,0.4009830057621002,0.39296334564685825,0.4009830057621002,5600
1975-11-21,0.0,0.4009828474876043,0.3956364095211029,0.3956364095211029,7200
1975-11-24,0.0,0.4009828474876043,0.39028997155460154,0.3956364095211029,20000
1975-11-25,0.0,0.4009828474876043,0.3929631905378522,0.3956364095211029,14400
1975-11-26,0.0,0.40632936618472104,0.39296326861285524,0.39830970764160156,22400
1975-11-28,0.0,0.40632954239845276,0.4036563217247787,0.40632954239845276,11200
1975-12-01,0.0,0.41167598374580083,0.4009831010511047,0.40632954239845276,8000
1975-12-02,0.0,0.4223687309844821,0.40365619226997973,0.4090026319026947,28800
1975-12-03,0.0,0.4090026242054061,0.39830974514121253,0.4036561846733093,21600
1975-12-04,0.0,0.4009828474876043,0.3956364095211029,0.3956364095211029,29600
1975-12-05,0.0,0.4009830057621002,0.39296334564685825,0.4009830057621002,41600
1975-12-08,0.0,0.4009830951690674,0.38761699199676514,0.38761699199676514,12800
1975-12-09,0.0,0.3956364095211029,0.3929631905378522,0.3956364095211029,13600
1975-12-10,0.0,0.40632954239845276,0.3956366597037566,0.40632954239845276,7200
1975-12-11,0.0,0.4063294458389282,0.4009830057621002,0.4009830057621002,7200
1975-12-12,0.0,0.40632954239845276,0.4009831010511047,0.40632954239845276,5600
1975-12-15,0.0,0.4116758517190522,0.4090026319026947,0.4090026319026947,4000
1975-12-16,0.0,0.4143490715354097,0.4090026319026947,0.4090026319026947,5600
1975-12-17,0.0,0.41434897037295554,0.4063293128818661,0.41167575120925903,12800
1975-12-18,0.0,0.42504208711417096,0.40632954239845276,0.40632954239845276,42400
1975-12-19,0.0,0.4116758859157562,0.4009830057621002,0.4009830057621002,12800
1975-12-22,0.0,0.41167575120925903,0.4009828745544731,0.41167575120925903,8000
1975-12-23,0.0,0.4063294044393577,0.39830974514121253,0.4036561846733093,9600
1975-12-24,0.0,0.40632954239845276,0.40632954239845276,0.40632954239845276,2400
1975-12-26,0.0,0.40632954239845276,0.4036563217247787,0.40632954239845276,3200
1975-12-29,0.0,0.4036561466703479,0.39830970764160156,0.39830970764160156,4800
1975-12-30,0.0,0.4009830057621002,0.3956365656852722,0.4009830057621002,16000
1975-12-31,0.0,0.4009829271559747,0.39830970764160156,0.39830970764160156,5600
1976-01-02,0.0,0.40365622580051425,0.4009830057621002,0.4009830057621002,10400
1976-01-05,0.0,0.4036561846733093,0.3956365253751641,0.4036561846733093,17600
1976-01-06,0.0,0.41167598374580083,0.40632954239845276,0.40632954239845276,12800
1976-01-07,0.0,0.41434920441947487,0.4009831010511047,0.40632954239845276,25600
1976-01-08,0.0,0.40632954239845276,0.4009831010511047,0.40632954239845276,5600
1976-01-09,0.0,0.40632954239845276,0.4009831010511047,0.40632954239845276,14400
1976-01-12,0.0,0.41167575120925903,0.4036560937181696,0.41167575120925903,8800
1976-01-13,0.0,0.41167598374580083,0.4036563217247787,0.40632954239845276,71200
1976-01-14,0.0,0.422368586063385,0.40632927266857294,0.422368586063385,14400
1976-01-15,0.0,0.42236896890860337,0.4036564196531589,0.4170225262641907,24800
1976-01-16,0.0,0.4303883722051978,0.41434905398637056,0.42771515250205994,17600
1976-01-19,0.0,0.43306189775466924,0.4223690113903564,0.4330618977546692,10400
1976-01-20,0.0,0.4651401356646889,0.44375438230079517,0.45712047815322876,51200
1976-01-21,0.0,0.47048690915107727,0.4624672459269112,0.47048690915107727,20000
1976-01-22,0.0,0.4651401853838632,0.45979374647140503,0.45979374647140503,13600
1976-01-23,0.0,0.47048675328835676,0.4624670927209416,0.46514031291007996,24000
1976-01-26,0.0,0.4758331819943019,0.459793861252921,0.46781352162361145,17600
1976-01-27,0.0,0.47583335130052135,0.47048690915107727,0.47048690915107727,17600
1976-01-28,0.0,0.47048662429632143,0.45979374647140503,0.45979374647140503,8800
1976-01-29,0.0,0.4651401990226337,0.44910088181495667,0.44910088181495667,51200
1976-01-30,0.0,0.4651401853838632,0.4544473075589468,0.45979374647140503,20800
1976-02-02,0.0,0.45979374647140503,0.4544473075589468,0.45979374647140503,18400
1976-02-03,0.0,0.46781353309921836,0.4544474321535264,0.46514031291007996,44800
1976-02-04,0.0,0.4785061180591583,0.4651400253759416,0.4785061180591583,19200
1976-02-05,0.0,0.49989204777253643,0.48652595023851136,0.4945456087589264,15200
1976-02-06,0.0,0.4972188693025838,0.4918724298477173,0.4918724298477173,7200
1976-02-09,0.0,0.5105847816718252,0.4945454691585741,0.5079115629196167,24000
1976-02-10,0.0,0.5186046957969666,0.5025653753084005,0.5186046957969666,17600
1976-02-11,0.0,0.5239508748054504,0.5186044373074357,0.5239508748054504,4000
1976-02-12,0.0,0.5212779389694333,0.5105850581700603,0.5132582783699036,20800
1976-02-13,0.0,0.5159313621673178,0.5025652647018433,0.5025652647018433,15200
1976-02-17,0.0,0.5025653467383436,0.4918724670205065,0.49721890687942505,8000
1976-02-18,0.0,0.4972188693025838,0.4918724298477173,0.4918724298477173,5600
1976-02-19,0.0,0.49989203937718124,0.489199161529541,0.489199161529541,26400
1976-02-20,0.0,0.49721890687942505,0.48919924709104723,0.49721890687942505,7200
1976-02-23,0.0,0.4918724298477173,0.48652599039285077,0.4918724298477173,12000
1976-02-24,0.0,0.4811796545982361,0.46514033277829486,0.4811796545982361,72000
1976-02-25,0.0,0.4785061180591583,0.4704864624492283,0.4785061180591583,24000
1976-02-26,0.0,0.4865262355994095,0.47048690915107727,0.47048690915107727,18400
1976-02-27,0.0,0.4651401853838632,0.45979374647140503,0.45979374647140503,7200
1976-03-01,0.0,0.4651403413016415,0.4517742395401001,0.4517742395401001,13600
1976-03-02,0.0,0.4597938285154455,0.4544473886489868,0.4544473886489868,4800
1976-03-03,0.0,0.4597936973237155,0.45712047815322876,0.45712047815322876,1600
1976-03-04,0.0,0.4651401853838632,0.45979374647140503,0.45979374647140503,4800
1976-03-05,0.0,0.4651401356646889,0.454447258982742,0.45712047815322876,13600
1976-03-08,0.0,0.4624669164942022,0.45712047815322876,0.45712047815322876,6400
1976-03-09,0.0,0.4517741726187175,0.4437545127497462,0.44642773270606995,32800
1976-03-10,0.0,0.44910079349171034,0.44108113646507263,0.44108113646507263,12800
1976-03-11,0.0,0.44910079349171034,0.44108113646507263,0.44108113646507263,5600
1976-03-12,0.0,0.44910088181495667,0.443754442745731,0.44910088181495667,6400
1976-03-15,0.0,0.4491010482718305,0.43840816617012024,0.43840816617012024,16000
1976-03-16,0.0,0.4384080313146114,0.42771515250205994,0.42771515250205994,5600
1976-03-17,0.0,0.4384080313146114,0.42771515250205994,0.42771515250205994,20800
1976-03-18,0.0,0.4277151335710249,0.42236869440138713,0.42504191398620605,11200
1976-03-19,0.0,0.4303883722051978,0.42771515250205994,0.42771515250205994,3200
1976-03-22,0.0,0.4277150238616557,0.4170221482651143,0.422368586063385,12800
1976-03-23,0.0,0.42771515250205994,0.42236871309578417,0.42771515250205994,13600
1976-03-24,0.0,0.43840816617012024,0.42771528406841,0.43840816617012024,8800
1976-03-25,0.0,0.45979374647140503,0.4437544297340304,0.45979374647140503,41600
1976-03-26,0.0,0.48652610182762146,0.4651403391099238,0.48652610182762146,16800
1976-03-29,0.0,0.5025652672793414,0.48385273073170637,0.4945456087589264,27200
1976-03-30,0.0,0.4972188693025838,0.4918724298477173,0.4918724298477173,8000
1976-03-31,0.0,0.4865262355994095,0.47048690915107727,0.47048690915107727,17600
1976-04-01,0.0,0.4651401853838632,0.45979374647140503,0.45979374647140503,4800
1976-04-02,0.0,0.46514031291007996,0.4544474321535264,0.46514031291007996,16800
1976-04-05,0.0,0.46514026838190414,0.4544473886489868,0.4544473886489868,23200
1976-04-06,0.0,0.4651401853838632,0.45979374647140503,0.45979374647140503,8000
1976-04-07,0.0,0.46781352162361145,0.465140301500048,0.46781352162361145,9600
1976-04-08,0.0,0.4678133548351756,0.454447258982742,0.45712047815322876,17600
1976-04-09,0.0,0.45177426879725807,0.43038850459383754,0.43840816617012024,27200
1976-04-12,0.0,0.44108113646507263,0.4330614794384349,0.44108113646507263,10400
1976-04-13,0.0,0.44642773270606995,0.4437545127497462,0.44642773270606995,9600
1976-04-14,0.0,0.44910088181495667,0.43840800367650534,0.44910088181495667,18400
1976-04-15,0.0,0.44910095266239375,0.44642773270606995,0.44642773270606995,6400
1976-04-19,0.0,0.44910088181495667,0.44642766228034386,0.44910088181495667,2400
1976-04-20,0.0,0.46514031291007996,0.44642777158611124,0.46514031291007996,14400
1976-04-21,0.0,0.47850618787695853,0.4704865310968978,0.4758329689502716,44800
1976-04-22,0.0,0.4865260083796614,0.47315990924835205,0.47315990924835205,19200
1976-04-23,0.0,0.47583312907461395,0.4651402497695664,0.47315990924835205,16000
1976-04-26,0.47315990924835205,0.47315990924835205,0.47315990924835205,0.47315990924835205,0
1976-04-27,0.0,0.48117940680364546,0.4731597500235847,0.4758329689502716,10400
1976-04-28,0.0,0.4758329689502716,0.4758329689502716,0.4758329689502716,4800
1976-04-29,0.0,0.47583319366663357,0.46514031291007996,0.46514031291007996,18400
1976-04-30,0.0,0.5025653087574503,0.46781345230081806,0.4918724298477173,36800
1976-05-03,0.0,0.4998921967215008,0.4811796545982361,0.4811796545982361,25600
1976-05-04,0.0,0.49721890687942505,0.48652602716158794,0.49721890687942505,14400
1976-05-05,0.0,0.5025652647018433,0.4891991672363687,0.5025652647018433,27200
1976-05-06,0.0,0.5239508748054504,0.5025651248133912,0.5239508748054504,12000
1976-05-07,0.0,0.5346443057060242,0.5239514195919037,0.5346443057060242,11200
1976-05-10,0.0,0.5346440162855325,0.5186046957969666,0.5186046957969666,12800
1976-05-11,0.0,0.5239511591692766,0.5105850581700603,0.5132582783699036,10400
1976-05-12,0.0,0.5239508448487118,0.5159311890602112,0.5159311890602112,10400
1976-05-13,0.0,0.5159311890602112,0.5159311890602112,0.5159311890602112,800
1976-05-14,0.0,0.5159314985697468,0.5132582783699036,0.5132582783699036,9600
1976-05-17,0.0,0.5132582783699036,0.5105850581700603,0.5132582783699036,3200
1976-05-18,0.0,0.5132582783699036,0.5105850581700603,0.5132582783699036,5600
1976-05-19,0.0,0.510584923181128,0.5025652647018433,0.5025652647018433,10400
1976-05-20,0.0,0.5025652647018433,0.4972188257156534,0.5025652647018433,15200
1976-05-21,0.0,0.5052386522293091,0.4945457707006465,0.5052386522293091,14400
1976-05-24,0.0,0.5079117036880331,0.4998920452087483,0.5025652647018433,4000
1976-05-25,0.0,0.5025653467383436,0.49454568694996576,0.49721890687942505,18400
1976-05-26,0.0,0.4972188693025838,0.4918724298477173,0.4918724298477173,4800
1976-05-27,0.0,0.4918724298477173,0.48652599039285077,0.4918724298477173,1600
1976-05-28,0.0,0.49721890687942505,0.4918724670205065,0.49721890687942505,4800
1976-06-01,0.0,0.5052384867861465,0.4945456087589264,0.4945456087589264,20800
1976-06-02,0.0,0.49721890687942505,0.49454568694996576,0.49721890687942505,6400
1976-06-03,0.0,0.49989212680888434,0.49454568694996576,0.49721890687942505,4800
1976-06-04,0.0,0.49721890687942505,0.49454568694996576,0.49721890687942505,6400
1976-06-07,0.0,0.49721890687942505,0.49721890687942505,0.49721890687942505,4000
1976-06-08,0.0,0.4918724298477173,0.4918724298477173,0.4918724298477173,13600
1976-06-09,0.0,0.4918724298477173,0.48652599039285077,0.4918724298477173,5600
1976-06-10,0.0,0.48652610182762146,0.48652610182762146,0.48652610182762146,1600
1976-06-11,0.0,0.48385301232337957,0.4785065701982593,0.4838530123233795,12000
1976-06-14,0.0,0.4918724298477173,0.48385277066541754,0.4918724298477173,3200
1976-06-15,0.0,0.4865258446570193,0.4758329689502716,0.4758329689502716,8800
1976-06-16,0.0,0.4758329689502716,0.4704865310968978,0.4758329689502716,82400
1976-06-17,0.0,0.4811796545982361,0.475833213991589,0.4811796545982361,10400
1976-06-18,0.0,0.489199161529541,0.4785062836819008,0.489199161529541,17600
1976-06-21,0.0,0.4918724298477173,0.4811795509379843,0.4918724298477173,15200
1976-06-22,0.0,0.48652610182762146,0.48652610182762146,0.48652610182762146,4800
1976-06-23,0.0,0.49454576284675805,0.48652610182762146,0.48652610182762146,12800
1976-06-24,0.0,0.48919931550820667,0.4811796545982361,0.4811796545982361,11200
1976-06-25,0.0,0.4972188693025838,0.48652599039285077,0.4918724298477173,34400
1976-06-28,0.0,0.489199161529541,0.4811795031438108,0.489199161529541,3200
1976-06-29,0.0,0.48919932216733364,0.4838528814879092,0.48652610182762146,7200
1976-06-30,0.0,0.4918723809914511,0.489199161529541,0.489199161529541,20000
1976-07-01,0.0,0.5025652647018433,0.4945456062225585,0.5025652647018433,10400
1976-07-02,0.0,0.5025655451942893,0.49187266125398527,0.49989232420921326,14400
1976-07-06,0.0,0.5105847120285034,0.502565056865752,0.5105847120285034,17600
1976-07-07,0.0,0.5132582783699036,0.4998921773706873,0.5132582783699036,12000
1976-07-08,0.0,0.5132582783699036,0.5079118379702171,0.5132582783699036,8800
1976-07-09,0.0,0.5159314985697468,0.5132582783699036,0.5132582783699036,11200
1976-07-12,0.0,0.5132582783699036,0.5079118379702171,0.5132582783699036,6400
1976-07-13,0.0,0.51860471876959,0.5079118379702171,0.5132582783699036,14400
1976-07-14,0.0,0.5159314985697468,0.5105850581700603,0.5132582783699036,10400
1976-07-15,0.0,0.51860471876959,0.5079118379702171,0.5132582783699036,12000
1976-07-16,0.0,0.5292971730232239,0.5132578647497928,0.5292971730232239,6400
1976-07-19,0.0,0.5292971730232239,0.5239507369320802,0.5292971730232239,7200
1976-07-20,0.0,0.5239511061740177,0.49721890687942505,0.49721890687942505,27200
1976-07-21,0.0,0.5025655451942893,0.49989232420921326,0.49989232420921326,5600
1976-07-22,0.0,0.5079117036880331,0.5025652647018433,0.5025652647018433,8800
1976-07-23,0.0,0.5079115629196167,0.5025651254151997,0.5079115629196167,5600
1976-07-26,0.0,0.5132582783699036,0.5079118379702171,0.5132582783699036,4000
1976-07-27,0.0,0.5132580004240337,0.5079115629196167,0.5079115629196167,1600
1976-07-28,0.0,0.5132580004240337,0.5025651254151997,0.5079115629196167,12000
1976-07-29,0.0,0.5079115629196167,0.5025651254151997,0.5079115629196167,11200
1976-07-30,0.0,0.5132583133758061,0.4998922114649778,0.5052386522293091,11200
1976-08-02,0.0,0.521277904510498,0.5079118043948442,0.521277904510498,14400
1976-08-03,0.0,0.5292971730232239,0.5212775188865083,0.5292971730232239,11200
1976-08-04,0.0,0.531970784603021,0.521277904510498,0.521277904510498,9600
1976-08-05,0.0,0.5266243445567595,0.5186046844873673,0.521277904510498,6400
1976-08-06,0.0,0.5292971730232239,0.526623954977652,0.5292971730232239,4800
1976-08-09,0.0,0.5319710628030264,0.5266246199607849,0.5266246199607849,8800
1976-08-10,0.0,0.5346443057060242,0.529297862648964,0.5346443057060242,11200
1976-08-11,0.0,0.5533566229483661,0.5346440801433489,0.5453369617462158,24000
1976-08-12,0.0,0.5453366247975097,0.5239508748054504,0.5239508748054504,18400
1976-08-13,0.0,0.5292975645798903,0.5132582444411057,0.521277904510498,21600
1976-08-16,0.0,0.5346443057060242,0.5266246411204338,0.5346443057060242,28800
1976-08-17,0.0,0.5399900452055112,0.5292971730232239,0.5292971730232239,16800
1976-08-18,0.0,0.5346443057060242,0.5239514195919037,0.5346443057060242,8800
1976-08-19,0.0,0.5319703910687957,0.5292971730232239,0.5292971730232239,12800
1976-08-20,0.0,0.5292971730232239,0.5292971730232239,0.5292971730232239,15200
1976-08-23,0.0,0.529297599568963,0.5132582783699036,0.5132582783699036,10400
1976-08-24,0.0,0.51860471876959,0.5132582783699036,0.5132582783699036,7200
1976-08-25,0.0,0.5105847120285034,0.5052382752533359,0.5105847120285034,5600
1976-08-26,0.0,0.5105852081495172,0.49989232420921326,0.49989232420921326,4800
1976-08-27,0.49989232420921326,0.49989232420921326,0.49989232420921326,0.49989232420921326,0
1976-08-30,0.0,0.5079115629196167,0.4945454691585741,0.5079115629196167,12800
1976-08-31,0.0,0.5052386522293091,0.4945457707006465,0.5052386522293091,28000
1976-09-01,0.0,0.5105847120285034,0.502565056865752,0.5105847120285034,8800
1976-09-02,0.0,0.518604407656378,0.5105847518678773,0.5159311890602112,19200
1976-09-03,0.0,0.5159311488036711,0.5079114936409197,0.5105847120285034,12000
1976-09-07,0.0,0.5186046957969666,0.5159314757155389,0.5186046957969666,4000
1976-09-08,0.0,0.51860471876959,0.5132582783699036,0.5132582783699036,6400
1976-09-09,0.0,0.5186046957969666,0.5186046957969666,0.5186046957969666,9600
1976-09-10,0.0,0.5212779389694333,0.5132582783699036,0.5132582783699036,8000
1976-09-13,0.0,0.5239511359598219,0.5186046957969666,0.5186046957969666,13600
1976-09-14,0.0,0.521277904510498,0.5186046844873673,0.521277904510498,8800
1976-09-15,0.0,0.521277904510498,0.5186046844873673,0.521277904510498,3200
1976-09-16,0.0,0.5239511359598219,0.5159314757155389,0.5186046957969666,8000
1976-09-17,0.0,0.5239508748054504,0.5132579998094208,0.5239508748054504,11200
1976-09-20,0.0,0.5186043671912548,0.5105847120285034,0.5105847120285034,14400
1976-09-21,0.0,0.5132582783699036,0.5079118379702171,0.5132582783699036,8000
1976-09-22,0.0,0.5292978413819056,0.5186049556974227,0.5266246199607849,16000
1976-09-23,0.0,0.5212779158783942,0.5186046957969666,0.5186046957969666,2400
1976-09-24,0.0,0.5266246199607849,0.5186049556974227,0.5266246199607849,4800
1976-09-27,0.0,0.51860471876959,0.5132582783699036,0.5132582783699036,5600
1976-09-28,0.0,0.5105850929936404,0.5025654318471434,0.5052386522293091,9600
1976-09-29,0.0,0.5186046957969666,0.5079118154712559,0.5186046957969666,5600
1976-09-30,0.0,0.521277904510498,0.5132582444411057,0.521277904510498,8000
1976-10-01,0.0,0.5159311488036711,0.5105847120285034,0.5105847120285034,13600
1976-10-04,0.0,0.5239508748054504,0.5186044373074357,0.5239508748054504,28800
1976-10-05,0.0,0.5292975761226771,0.5132582556341112,0.5186046957969666,14400
1976-10-06,0.0,0.5186045816604127,0.5025652647018433,0.5025652647018433,9600
1976-10-07,0.0,0.5346436091143675,0.5052382106130773,0.5292971730232239,43200
1976-10-08,0.5292971730232239,0.5292971730232239,0.5292971730232239,0.5292971730232239,0
1976-10-11,0.5292971730232239,0.5292971730232239,0.5292971730232239,0.5292971730232239,0
1976-10-12,0.0,0.6415728010270039,0.6068209409713745,0.6068209409713745,192800
1976-10-13,0.0,0.6148407335195066,0.5907817482948303,0.5907817482948303,83200
1976-10-14,0.0,0.5907818596318083,0.5667228698730469,0.5667228698730469,96000
1976-10-15,0.0,0.6148406863212585,0.5693959399409916,0.6148406863212585,92000
1976-10-18,0.0,0.6201871270718782,0.6068210251953291,0.6148406863212585,80000
1976-10-19,0.0,0.614840855113173,0.5934550862396714,0.6041479706764221,31200
1976-10-20,0.0,0.620186595417006,0.5934544145800661,0.6121669411659241,36000
1976-10-21,0.0,0.6201868653297424,0.6148404268355205,0.6201868653297424,20800
1976-10-22,0.0,0.614840855113173,0.596128307348859,0.6041479706764221,25600
1976-10-25,0.0,0.6094941954527582,0.59880131483078,0.59880131483078,15200
1976-10-26,0.0,0.6014745235443115,0.6014745235443115,0.6014745235443115,4800
1976-10-27,0.0,0.6469189831402512,0.6282064505700786,0.6388993263244629,127200
1976-10-28,0.0,0.6469189831402512,0.6362261073858668,0.6388993263244629,72800
1976-10-29,0.0,0.6469192618651014,0.6362263815036948,0.6442460417747498,31200
1976-11-01,0.0,0.6362262200086545,0.6255333423614502,0.6255333423614502,32800
1976-11-03,0.0,0.6308799386024475,0.6201870582871518,0.6308799386024475,24000
1976-11-04,0.0,0.6442458782440577,0.6255333423614502,0.6255333423614502,27200
1976-11-05,0.0,0.6308799386024475,0.6201870582871518,0.6308799386024475,17600
1976-11-08,0.0,0.6255333038239643,0.6201868653297424,0.6201868653297424,4800
1976-11-09,0.0,0.6201872973315484,0.6041479706764221,0.6041479706764221,25600
1976-11-10,0.0,0.6094944128947976,0.5988015284580468,0.6041479706764221,26400
1976-11-11,0.0,0.6148406863212585,0.6041478048200193,0.6148406863212585,20800
1976-11-12,0.0,0.614840159249618,0.60949372308223,0.6121669411659241,12000
1976-11-15,0.0,0.6148406009842121,0.6068209409713745,0.6068209409713745,8000
1976-11-16,0.0,0.612167403962877,0.6014745235443115,0.6014745235443115,5600
1976-11-17,0.0,0.6041479706764221,0.5934550862396714,0.6041479706764221,72800
1976-11-18,0.0,0.609494149684906,0.6041477097753892,0.609494149684906,10400
1976-11-19,0.0,0.6175139066965684,0.6094942455706389,0.6148406863212585,22400
1976-11-22,0.0,0.6255337975241921,0.6175141334533691,0.6175141334533691,6400
1976-11-23,0.0,0.620186595417006,0.6121669411659241,0.6121669411659241,5600
1976-11-24,0.0,0.6094944128947976,0.6041479706764221,0.6041479706764221,28800
1976-11-26,0.0,0.6094941954527582,0.59880131483078,0.59880131483078,44000
1976-11-29,0.0,0.5988012777792441,0.5934548377990723,0.5934548377990723,32000
1976-11-30,0.0,0.5881082628845076,0.582761824131012,0.582761824131012,25600
1976-12-01,0.0,0.59880131483078,0.5907816543642963,0.59880131483078,8000
1976-12-02,0.0,0.6148406863212585,0.6041478048200193,0.6148406863212585,15200
1976-12-03,0.0,0.6201868653297424,0.6201868653297424,0.6201868653297424,4800
1976-12-06,0.0,0.6201870295039394,0.609494149684906,0.609494149684906,7200
1976-12-07,0.0,0.6148405977197595,0.5934548377990723,0.5934548377990723,24000
1976-12-08,0.0,0.59880131483078,0.59880131483078,0.59880131483078,800
1976-12-09,0.0,0.6121669411659241,0.6041472869148421,0.6121669411659241,5600
1976-12-10,0.0,0.6094944128947976,0.6014747495672345,0.6041479706764221,15200
1976-12-13,0.0,0.609494149684906,0.6014744898206309,0.609494149684906,11200
1976-12-14,0.0,0.6121669411659241,0.606820504998536,0.6121669411659241,8000
1976-12-15,0.0,0.6175139066965684,0.6148406863212585,0.6148406863212585,12800
1976-12-16,0.0,0.6255333423614502,0.6121672453024448,0.6255333423614502,22400
1976-12-17,0.0,0.6335531586812715,0.6308799386024475,0.6308799386024475,12800
1976-12-20,0.0,0.6362264156341553,0.6362264156341553,0.6362264156341553,10400
1976-12-21,0.0,0.6576116681098938,0.636225922805507,0.6576116681098938,44800
1976-12-22,0.0,0.6683045407620872,0.6576116681098938,0.6576116681098938,16000
1976-12-23,0.0,0.6549386484701126,0.644245772576723,0.6522654294967651,66400
1976-12-27,0.0,0.646919259075391,0.6201870582871518,0.6308799386024475,83200
1976-12-28,0.0,0.6469190716743469,0.6282065365432707,0.6469190716743469,71200
1976-12-29,0.0,0.6415728561016693,0.6362264156341553,0.6362264156341553,26400
1976-12-30,0.0,0.6415727138519287,0.6362262745698294,0.6415727138519287,12000
1976-12-31,0.0,0.6576116681098938,0.6415723591316037,0.6576116681098938,12000
1977-01-03,0.0,0.6602850864168074,0.6415725536033756,0.6522654294967651,39200
1977-01-04,0.0,0.65761186744346,0.6469189915500704,0.6522654294967651,17600
1977-01-05,0.0,0.6415728561016693,0.6282067549328845,0.6362264156341553,127200
1977-01-06,0.0,0.6469192965691831,0.6362264156341553,0.6362264156341553,50400
1977-01-07,0.0,0.6469191531340281,0.638899494210879,0.6415727138519287,42400
1977-01-10,0.0,0.6522654294967651,0.6469189915500704,0.6522654294967651,17600
1977-01-11,0.0,0.6549386484701126,0.6522654294967651,0.6522654294967651,39200
1977-01-12,0.0,0.6549386484701126,0.6522654294967651,0.6522654294967651,43200
1977-01-13,0.0,0.6495922803878784,0.6495922803878784,0.6495922803878784,3200
1977-01-14,0.0,0.6522654294967651,0.6469189915500704,0.6522654294967651,29600
1977-01-17,0.0,0.6522654294967651,0.6522654294967651,0.6522654294967651,10400
1977-01-18,0.0,0.665631722538702,0.6576120632310067,0.6629585027694702,68000
1977-01-19,0.0,0.6629583053901548,0.6522654294967651,0.6522654294967651,25600
1977-01-20,0.0,0.6469192965691831,0.6362264156341553,0.6362264156341553,62400
1977-01-21,0.0,0.6415727138519287,0.6282066156466802,0.6415727138519287,73600
1977-01-24,0.0,0.6522654294967651,0.6469189915500704,0.6522654294967651,57600
1977-01-25,0.0,0.6576116681098938,0.6576116681098938,0.6576116681098938,9600
1977-01-26,0.0,0.6629585027694702,0.6629585027694702,0.6629585027694702,24800
1977-01-27,0.0,0.6629585027694702,0.6629585027694702,0.6629585027694702,14400
1977-01-28,0.0,0.65761186744346,0.6522654294967651,0.6522654294967651,22400
1977-01-31,0.0,0.6522654294967651,0.6522654294967651,0.6522654294967651,25600
1977-02-01,0.0,0.6629585027694702,0.6522656236925433,0.6629585027694702,78400
1977-02-02,0.0,0.6736514682313836,0.6629585877832664,0.6709782481193542,30400
1977-02-03,0.0,0.6789980530738831,0.6736516117110966,0.6789980530738831,28800
1977-02-04,0.0,0.6789974068464497,0.6736509705720682,0.676324188709259,39200
1977-02-07,0.0,0.6736515760421753,0.6709783555023253,0.6736515760421753,7200
1977-02-08,0.0,0.7190958666351606,0.6736511464388865,0.7084029912948608,189600
1977-02-09,0.0,0.7190961577838524,0.7084032781142041,0.7110764980316162,79200
1977-02-10,0.0,0.7217693439646725,0.7110764647948254,0.7190961241722107,32800
1977-02-11,0.0,0.7190961577838524,0.7110764980316162,0.7110764980316162,125600
1977-02-14,0.0,0.7164229378664403,0.7110764980316162,0.7110764980316162,64800
1977-02-15,0.0,0.7110765320266608,0.7030568718910217,0.7030568718910217,68000
1977-02-16,0.0,0.7003837461654956,0.695037305355072,0.695037305355072,68800
1977-02-17,0.0,0.7084031211155833,0.695037024490761,0.7057299017906189,55200
1977-02-18,0.0,0.7164233326911926,0.7030572257379988,0.7164233326911926,51200
1977-02-22,0.0,0.7217697754724701,0.7164233326911926,0.7164233326911926,18400
1977-02-23,0.0,0.716423046276364,0.7137498259544373,0.7137498259544373,8000
1977-02-24,0.0,0.716423046276364,0.7110766056325105,0.7137498259544373,13600
1977-02-25,0.0,0.7137497179490283,0.7110764980316162,0.7110764980316162,21600
1977-02-28,0.0,0.7137498259544373,0.7110766056325105,0.7137498259544373,10400
1977-03-01,0.0,0.7164229378664403,0.7110764980316162,0.7110764980316162,48000
1977-03-02,0.0,0.7164233326911926,0.7137501113005539,0.7164233326911926,20000
1977-03-03,0.0,0.724442732113379,0.719096291285974,0.7217695116996765,7200
1977-03-04,0.0,0.7164233326911926,0.7137501113005539,0.7164233326911926,15200
1977-03-07,0.0,0.7164226478000857,0.7084029912948608,0.7084029912948608,40800
1977-03-08,0.0,0.7164229378664403,0.7110764980316162,0.7110764980316162,15200
1977-03-09,0.0,0.7110762101299357,0.7084029912948608,0.7084029912948608,27200
1977-03-10,0.0,0.7164229378664403,0.7084032781142041,0.7110764980316162,13600
1977-03-11,0.0,0.7164233326911926,0.7137501113005539,0.7164233326911926,8000
1977-03-14,0.0,0.7164233326911926,0.7137501113005539,0.7164233326911926,27200
1977-03-15,0.0,0.7217693439646725,0.716422904379749,0.7190961241722107,20000
1977-03-16,0.0,0.7217693439646725,0.7190961241722107,0.7190961241722107,16000
1977-03-17,0.0,0.7190961241722107,0.716422904379749,0.7190961241722107,9600
1977-03-18,0.0,0.7190961241722107,0.7190961241722107,0.7190961241722107,20000
1977-03-21,0.0,0.7137495597655122,0.7057299017906189,0.7057299017906189,32800
1977-03-22,0.0,0.7137494703819013,0.6977101564407349,0.6977101564407349,20000
1977-03-23,0.0,0.7057299832351335,0.6950371047012678,0.7003835439682007,18400
1977-03-24,0.0,0.7110764980316162,0.7003836183619678,0.7110764980316162,20000
1977-03-25,0.0,0.7110764980316162,0.705730058196792,0.7110764980316162,9600
1977-03-28,0.0,0.7057299017906189,0.7057299017906189,0.7057299017906189,12800
1977-03-29,0.0,0.7030568718910217,0.7003836518458086,0.7030568718910217,42400
1977-03-30,0.0,0.7030568718910217,0.6977104318005957,0.7030568718910217,20000
1977-03-31,0.0,0.703056763601667,0.6950371047012678,0.7003835439682007,18400
1977-04-01,0.0,0.7030568718910217,0.6923639917101696,0.7030568718910217,36800
1977-04-04,0.0,0.7110765320266608,0.7003836518458086,0.7030568718910217,33600
1977-04-05,0.0,0.7057299017906189,0.7003834631406899,0.7057299017906189,21600
1977-04-06,0.0,0.7030568718910217,0.7003836518458086,0.7030568718910217,18400
1977-04-07,0.0,0.7110764980316162,0.705730058196792,0.7110764980316162,8000
1977-04-11,0.0,0.7137496421355327,0.7003835439682007,0.7003835439682007,24000
1977-04-12,0.0,0.7057299017906189,0.7030566824656544,0.7057299017906189,12000
1977-04-13,0.0,0.7057299017906189,0.7030566824656544,0.7057299017906189,9600
1977-04-14,0.0,0.7057299017906189,0.7030566824656544,0.7057299017906189,9600
1977-04-15,0.0,0.7057299832351335,0.6923638850678014,0.7003835439682007,30400
1977-04-18,0.0,0.7003835439682007,0.6950371047012678,0.7003835439682007,9600
1977-04-19,0.0,0.7030568718910217,0.6950372117553827,0.7030568718910217,8800
1977-04-20,0.0,0.7110764980316162,0.7030568382793799,0.7110764980316162,14400
1977-04-21,0.0,0.7084029912948608,0.7057297724597859,0.7084029912948608,4000
1977-04-22,0.0,0.7084029912948608,0.7057297724597859,0.7084029912948608,4000
1977-04-25,0.0,0.7030569665707074,0.695037305355072,0.695037305355072,10400
1977-04-26,0.0,0.6950373771622426,0.6789980530738831,0.6789980530738831,23200
1977-04-27,0.0,0.6923635100671487,0.6843438555103863,0.6896902918815613,13600
1977-04-28,0.0,0.6923635100671487,0.6870170736959738,0.6896902918815613,17600
1977-04-29,0.0,0.6896906113252044,0.6816709530539811,0.6843441724777222,8000
1977-05-02,0.0,0.6950372572571154,0.681671156156017,0.6923640370368958,26400
1977-05-03,0.0,0.6977105257602838,0.6870176441394366,0.695037305355072,12800
1977-05-04,0.0,0.7003835439682007,0.6950371047012678,0.7003835439682007,8000
1977-05-05,0.0,0.7110764980316162,0.705730058196792,0.7110764980316162,20000
1977-05-06,0.0,0.7057299017906189,0.7057299017906189,0.7057299017906189,3200
1977-05-09,0.0,0.7110764980316162,0.7110764980316162,0.7110764980316162,22400
1977-05-10,0.0,0.7057298134113181,0.6977101564407349,0.6977101564407349,7200
1977-05-11,0.0,0.6950370501726866,0.6816709530539811,0.6843441724777222,28800
1977-05-12,0.0,0.6843441724777222,0.6843441724777222,0.6843441724777222,6400
1977-05-13,0.0,0.695037305355072,0.6843444237342248,0.695037305355072,24000
1977-05-16,0.0,0.6977101564407349,0.6896904994701517,0.6977101564407349,20000
1977-05-17,0.0,0.7003837461654956,0.695037305355072,0.695037305355072,8000
1977-05-18,0.0,0.6896902918815613,0.6896902918815613,0.6896902918815613,18400
1977-05-19,0.0,0.6896907803365739,0.6282067185236236,0.6308799386024475,77600
1977-05-20,0.0,0.6469191531340281,0.6362262745698294,0.6415727138519287,137600
1977-05-23,0.0,0.6308799386024475,0.6308799386024475,0.6308799386024475,4800
1977-05-24,0.0,0.6362263787600954,0.6308799386024475,0.6308799386024475,26400
1977-05-25,0.0,0.6388996474853548,0.6335532069206238,0.6335532069206238,24800
1977-05-26,0.0,0.6362264156341553,0.6362264156341553,0.6362264156341553,8800
1977-05-27,0.0,0.6362264272029893,0.6335532069206238,0.6335532069206238,40800
1977-05-31,0.0,0.6335531586812715,0.6308799386024475,0.6308799386024475,27200
1977-06-01,0.0,0.6308799386024475,0.6255334984447997,0.6308799386024475,18400
1977-06-02,0.0,0.6335532069206238,0.6335532069206238,0.6335532069206238,1600
1977-06-03,0.0,0.6442460763354262,0.6362264156341553,0.6362264156341553,62400
1977-06-06,0.0,0.6388993679208959,0.6282064914703369,0.6282064914703369,97600
1977-06-07,0.0,0.6335532069206238,0.6335532069206238,0.6335532069206238,12800
1977-06-08,0.0,0.6335531933624857,0.622860312461853,0.622860312461853,142400
1977-06-09,0.0,0.6308799386024475,0.6201870582871518,0.6308799386024475,36000
1977-06-10,0.0,0.6014745349862746,0.5800887737423182,0.59880131483078,446400
1977-06-13,0.0,0.609494149684906,0.5988012698658726,0.609494149684906,94400
1977-06-14,0.0,0.6148406009842121,0.6068209409713745,0.6068209409713745,90400
1977-06-15,0.0,0.6175138095491811,0.609494149684906,0.609494149684906,332000
1977-06-16,0.0,0.6282065230710753,0.6121672075884096,0.6201868653297424,140800
1977-06-17,0.0,0.6308799386024475,0.6255334984447997,0.6308799386024475,50400
1977-06-20,0.0,0.6308799386024475,0.6308799386024475,0.6308799386024475,35200
1977-06-21,0.0,0.6362264156341553,0.6308799751666414,0.6362264156341553,239200
1977-06-22,0.0,0.6362263787600954,0.6308799386024475,0.6308799386024475,61600
1977-06-23,0.0,0.6415727138519287,0.6335530549287797,0.6415727138519287,78400
1977-06-24,0.0,0.6415727138519287,0.6335530549287797,0.6415727138519287,16000
1977-06-27,0.0,0.6282065617732513,0.6228601229496491,0.6255333423614502,59200
1977-06-28,0.0,0.6255333038239643,0.6201868653297424,0.6201868653297424,28000
1977-06-29,0.0,0.6175141334533691,0.6175141334533691,0.6175141334533691,8000
1977-06-30,0.0,0.6308799386024475,0.614840618129504,0.6308799386024475,82400
1977-07-01,0.0,0.6308799386024475,0.6255334984447997,0.6308799386024475,8800
1977-07-05,0.0,0.6308799386024475,0.6308799386024475,0.6308799386024475,23200
1977-07-06,0.0,0.6308799386024475,0.6255334984447997,0.6308799386024475,13600
1977-07-07,0.0,0.6308799386024475,0.6255334984447997,0.6308799386024475,22400
1977-07-08,0.0,0.6308799386024475,0.6282067185236236,0.6308799386024475,16800
1977-07-11,0.0,0.6308797811850524,0.6255333423614502,0.6255333423614502,12800
1977-07-12,0.0,0.6308799386024475,0.6282067185236236,0.6308799386024475,10400
1977-07-13,0.0,0.6335531586812715,0.6308799386024475,0.6308799386024475,28800
1977-07-15,0.0,0.6469189831402512,0.6362261073858668,0.6388993263244629,36800
1977-07-18,0.0,0.6415727138519287,0.638899494210879,0.6415727138519287,14400
1977-07-19,0.0,0.6522654294967651,0.6415725536033756,0.6522654294967651,28800
1977-07-20,0.0,0.6549387574195862,0.6495923185835079,0.6549387574195862,16800
1977-07-21,0.0,0.6522654294967651,0.6522654294967651,0.6522654294967651,6400
1977-07-22,0.0,0.6549386484701126,0.6495922105234178,0.6522654294967651,19200
1977-07-25,0.0,0.6522654294967651,0.6469189915500704,0.6522654294967651,6400
1977-07-26,0.0,0.6549387574195862,0.6495923185835079,0.6549387574195862,48800
1977-07-27,0.0,0.6522655102832258,0.641572633065468,0.6469190716743469,24800
1977-07-28,0.0,0.6469190716743469,0.641572633065468,0.6469190716743469,4800
1977-07-29,0.0,0.6442460417747498,0.6415728216843981,0.6442460417747498,8800
1977-08-01,0.0,0.6469190716743469,0.6362261944565891,0.6469190716743469,29600
1977-08-02,0.0,0.6469192618651014,0.6442460417747498,0.6442460417747498,14400
1977-08-03,0.0,0.6469190716743469,0.641572633065468,0.6469190716743469,8000
1977-08-04,0.0,0.6495922803878784,0.641572622605312,0.6495922803878784,32800
1977-08-05,0.0,0.6495922803878784,0.6442458418661675,0.6495922803878784,4000
1977-08-08,0.0,0.6469190716743469,0.641572633065468,0.6469190716743469,8800
1977-08-09,0.0,0.649592481955453,0.6442460417747498,0.6442460417747498,16000
1977-08-10,0.0,0.649592481955453,0.6442460417747498,0.6442460417747498,17600
1977-08-11,0.0,0.6469190716743469,0.6442458523699075,0.6469190716743469,8800
1977-08-12,0.0,0.6469190716743469,0.6442458523699075,0.6469190716743469,52800
1977-08-15,0.0,0.6522654294967651,0.644245772576723,0.6522654294967651,9600
1977-08-16,0.0,0.6522654294967651,0.6522654294967651,0.6522654294967651,1600
1977-08-17,0.0,0.6495922803878784,0.6442458418661675,0.6495922803878784,16000
1977-08-18,0.0,0.6522654294967651,0.644245772576723,0.6522654294967651,12000
1977-08-19,0.0,0.6522654294967651,0.6469189915500704,0.6522654294967651,7200
1977-08-22,0.0,0.6576116681098938,0.6522652317837971,0.6576116681098938,4800
1977-08-23,0.0,0.65761186744346,0.6469189915500704,0.6522654294967651,44000
1977-08-24,0.0,0.649592481955453,0.6442460417747498,0.6442460417747498,19200
1977-08-25,0.0,0.6469192618651014,0.6415728216843981,0.6442460417747498,37600
1977-08-26,0.0,0.6549387574195862,0.6442458797474296,0.6549387574195862,23200
1977-08-29,0.0,0.6576119768376253,0.6549387574195862,0.6549387574195862,3200
1977-08-30,0.0,0.6549386484701126,0.6522654294967651,0.6522654294967651,15200
1977-08-31,0.0,0.6522654294967651,0.6469189915500704,0.6522654294967651,16800
1977-09-01,0.0,0.6549387189095893,0.6495922803878784,0.6495922803878784,8000
1977-09-02,0.0,0.6549387189095893,0.6495922803878784,0.6495922803878784,8000
1977-09-06,0.0,0.6522654294967651,0.6469189915500704,0.6522654294967651,4000
1977-09-07,0.0,0.6549387574195862,0.6442458797474296,0.6549387574195862,21600
1977-09-08,0.0,0.6549386484701126,0.6522654294967651,0.6522654294967651,11200
1977-09-09,0.0,0.6549387189095893,0.6495922803878784,0.6495922803878784,7200
1977-09-12,0.6495922803878784,0.6495922803878784,0.6495922803878784,0.6495922803878784,0
1977-09-13,0.0,0.6469190716743469,0.6469190716743469,0.6469190716743469,1600
1977-09-14,0.0,0.6469190716743469,0.6469190716743469,0.6469190716743469,2400
1977-09-15,0.0,0.6576116681098938,0.6522652317837971,0.6576116681098938,14400
1977-09-16,0.0,0.6602850556373596,0.654938617939891,0.6602850556373596,2400
1977-09-19,0.0,0.6549386484701126,0.6522654294967651,0.6522654294967651,6400
1977-09-20,0.0,0.6576116681098938,0.6522652317837971,0.6576116681098938,18400
1977-09-21,0.0,0.6602850556373596,0.6576118367886253,0.6602850556373596,20800
1977-09-22,0.0,0.6576116681098938,0.6522652317837971,0.6576116681098938,8800
1977-09-23,0.0,0.6683049201965332,0.6602852611541749,0.6683049201965332,19200
1977-09-26,0.0,0.6683049423079337,0.6629585027694702,0.6629585027694702,5600
1977-09-27,0.0,0.6576116681098938,0.6522652317837971,0.6576116681098938,7200
1977-09-28,0.0,0.6602850556373596,0.6602850556373596,0.6602850556373596,8000
1977-09-29,0.0,0.6736515760421753,0.6549390322632259,0.6736515760421753,21600
1977-09-30,0.0,0.6843441724777222,0.6736512947827578,0.6843441724777222,22400
1977-10-03,0.0,0.6950372572571154,0.6843443763762367,0.6923640370368958,21600
1977-10-04,0.0,0.6896902918815613,0.6896902918815613,0.6896902918815613,40000
1977-10-05,0.0,0.695037305355072,0.6896908645446483,0.695037305355072,16000
1977-10-06,0.0,0.7057299017906189,0.6977102438157254,0.7057299017906189,15200
1977-10-07,0.0,0.7137498259544373,0.7110766056325105,0.7137498259544373,38400
1977-10-10,0.0,0.7137498259544373,0.7137498259544373,0.7137498259544373,4000
1977-10-11,0.0,0.7110762101299357,0.7084029912948608,0.7084029912948608,4800
1977-10-12,0.0,0.7084032028685999,0.7003835439682007,0.7003835439682007,64800
1977-10-13,0.0,0.6977103366851807,0.6683049201965332,0.6683049201965332,34400
1977-10-14,0.0,0.6683049201965332,0.6683049201965332,0.6683049201965332,800
1977-10-17,0.0,0.6683048713638122,0.6602852129074465,0.6656316518783569,7200
1977-10-18,0.0,0.6736513595581055,0.6683049201965332,0.6683049201965332,6400
1977-10-19,0.0,0.6736511812835444,0.6522654294967651,0.6522654294967651,24000
1977-10-20,0.0,0.6576116681098938,0.6576116681098938,0.6576116681098938,4800
1977-10-21,0.0,0.6522654294967651,0.6522654294967651,0.6522654294967651,2400
1977-10-24,0.0,0.6683049201965332,0.6495923824310303,0.6683049201965332,11200
1977-10-25,0.0,0.6683049201965332,0.6683049201965332,0.6683049201965332,3200
1977-10-26,0.0,0.6789980530738831,0.6736516117110966,0.6789980530738831,20000
1977-10-27,0.0,0.6789980530738831,0.6709783910297034,0.6789980530738831,18400
1977-10-28,0.0,0.6789980530738831,0.6789980530738831,0.6789980530738831,1600
1977-10-31,0.0,0.678998017121875,0.6736515760421753,0.6736515760421753,4800
1977-11-01,0.0,0.678998017121875,0.6736515760421753,0.6736515760421753,18400
1977-11-02,0.0,0.6763247965820252,0.6736515760421753,0.6736515760421753,11200
1977-11-03,0.0,0.6683049201965332,0.662958480834961,0.6683049201965332,8000
1977-11-04,0.0,0.6656313225990389,0.6549384499468455,0.6576116681098938,13600
1977-11-07,0.0,0.6576119768376253,0.6549387574195862,0.6549387574195862,5600
1977-11-08,0.0,0.6602850556373596,0.6602850556373596,0.6602850556373596,1600
1977-11-09,0.0,0.6683049201965332,0.662958480834961,0.6683049201965332,5600
1977-11-10,0.0,0.678998017121875,0.6709783555023253,0.6736515760421753,7200
1977-11-11,0.0,0.7003836976975547,0.6789979359357974,0.6923640370368958,24800
1977-11-14,0.0,0.7030569179177745,0.6870175965964563,0.6923640370368958,24800
1977-11-15,0.0,0.6950367282527361,0.6896902918815613,0.6896902918815613,8000
1977-11-16,0.0,0.7003835439682007,0.6950371047012678,0.7003835439682007,33600
1977-11-17,0.0,0.7003833754309293,0.6977101564407349,0.6977101564407349,3200
1977-11-18,0.0,0.6977101564407349,0.6923637184603462,0.6977101564407349,8000
1977-11-21,0.0,0.6950370501726866,0.6843441724777222,0.6843441724777222,10400
1977-11-22,0.0,0.6977101564407349,0.6923637184603462,0.6977101564407349,23200
1977-11-23,0.0,0.7190962665982907,0.705730164988657,0.7137498259544373,51200
1977-11-25,0.0,0.7137498259544373,0.7137498259544373,0.7137498259544373,7200
1977-11-28,0.0,0.7190965540818314,0.711076889909915,0.7164233326911926,42400
1977-11-29,0.0,0.716423046276364,0.7110766056325105,0.7137498259544373,8800
1977-11-30,0.0,0.7164233326911926,0.711076889909915,0.7164233326911926,27200
1977-12-01,0.0,0.7190961241722107,0.716422904379749,0.7190961241722107,6400
1977-12-02,0.0,0.7217693439646725,0.716422904379749,0.7190961241722107,26400
1977-12-05,0.0,0.7217695116996765,0.713749850458569,0.7217695116996765,17600
1977-12-06,0.0,0.7190965540818314,0.7137501113005539,0.7164233326911926,8800
1977-12-07,0.0,0.7164233326911926,0.711076889909915,0.7164233326911926,6400
1977-12-08,0.0,0.7271156907081604,0.7110763740013628,0.7271156907081604,50400
1977-12-09,0.0,0.737808907119027,0.7271160244071571,0.732462465763092,20000
1977-12-12,0.0,0.7297890782356262,0.7271158581688291,0.7297890782356262,4800
1977-12-13,0.0,0.7324621296104263,0.7271156907081604,0.7271156907081604,6400
1977-12-14,0.0,0.7271156907081604,0.7271156907081604,0.7271156907081604,3200
1977-12-15,0.7271156907081604,0.7271156907081604,0.7271156907081604,0.7271156907081604,0
1977-12-16,0.0,0.7324623933544865,0.7217695116996765,0.7217695116996765,25600
1977-12-19,0.0,0.716423046276364,0.7137498259544373,0.7137498259544373,3200
1977-12-20,0.0,0.7271157835495959,0.7190961241722107,0.7190961241722107,10400
1977-12-21,0.0,0.724442996863109,0.7164233326911926,0.7164233326911926,5600
1977-12-22,0.0,0.7164229378664403,0.7110764980316162,0.7110764980316162,4800
1977-12-23,0.0,0.7164229378664403,0.7110764980316162,0.7110764980316162,4800
1977-12-27,0.0,0.7057300919362347,0.6977104318005957,0.7030568718910217,71200
1977-12-28,0.0,0.7137498259544373,0.7030569446667303,0.7137498259544373,12800
1977-12-29,0.0,0.7164233326911926,0.7164233326911926,0.7164233326911926,3200
1977-12-30,0.0,0.7217695116996765,0.719096291285974,0.7217695116996765,8000
1978-01-03,0.0,0.7244422435760498,0.721769024965068,0.7244422435760498,27200
1978-01-04,0.0,0.7190965540818314,0.7164233326911926,0.7164233326911926,32800
1978-01-05,0.0,0.7271157835495959,0.7190961241722107,0.7190961241722107,4800
1978-01-06,0.0,0.716423046276364,0.7084033853105838,0.7137498259544373,18400
1978-01-09,0.0,0.7110764225020663,0.7003835439682007,0.7003835439682007,116800
1978-01-10,0.0,0.7003837461654956,0.695037305355072,0.695037305355072,58400
1978-01-11,0.0,0.7003837814406743,0.6736515760421753,0.6736515760421753,12800
1978-01-12,0.0,0.6683047433368495,0.6522654294967651,0.6522654294967651,80000
1978-01-13,0.0,0.646919259075391,0.6228602783659757,0.6308799386024475,23200
1978-01-16,0.0,0.6308799386024475,0.6255334984447997,0.6308799386024475,17600
1978-01-17,0.0,0.6362264156341553,0.6335531954003983,0.6362264156341553,2400
1978-01-18,0.0,0.6522654294967651,0.6415725536033756,0.6522654294967651,44000
1978-01-19,0.0,0.6576116681098938,0.6522652317837971,0.6576116681098938,12800
1978-01-20,0.0,0.6629585027694702,0.6602852830002385,0.6629585027694702,12800
1978-01-23,0.0,0.6683049423079337,0.6629585027694702,0.6629585027694702,8800
1978-01-24,0.0,0.6709781398773194,0.662958480834961,0.6683049201965332,8800
1978-01-25,0.0,0.6736515760421753,0.6683051349624755,0.6736515760421753,21600
1978-01-26,0.0,0.68434423828125,0.6683049201965332,0.6683049201965332,16800
1978-01-27,0.0,0.6629585027694702,0.6629585027694702,0.6629585027694702,3200
1978-01-30,0.0,0.6629585027694702,0.6629585027694702,0.6629585027694702,2400
1978-01-31,0.0,0.6896902918815613,0.6629581100256867,0.6896902918815613,20800
1978-02-01,0.0,0.7164233326911926,0.6950375615660824,0.7164233326911926,154400
1978-02-02,0.0,0.74850182602371,0.7244428387586621,0.7378089427947998,102400
1978-02-03,0.0,0.7404815552419401,0.7190958063540863,0.7244422435760498,24800
1978-02-06,0.0,0.7351356864410595,0.7271160244071571,0.732462465763092,10400
1978-02-07,0.0,0.7404822111129762,0.7324625481767345,0.7404822111129761,7200
1978-02-08,0.0,0.7431549429893494,0.7351352853311909,0.7431549429893494,12000
1978-02-09,0.0,0.7485015392303467,0.7431550996644156,0.7485015392303467,87200
1978-02-10,0.0,0.7485013814281216,0.7431549429893494,0.7431549429893494,6400
1978-02-13,0.0,0.7485015392303467,0.7485015392303467,0.7485015392303467,3200
1978-02-14,0.0,0.7485018740492178,0.7404822111129762,0.7404822111129761,61600
1978-02-15,0.7404822111129762,0.7404822111129762,0.7404822111129762,0.7404822111129761,0
1978-02-16,0.0,0.7431549429893494,0.7324620661118048,0.7431549429893494,11200
1978-02-17,0.0,0.7458282709121704,0.7431550513031662,0.7458282709121704,5600
1978-02-21,0.0,0.7458282709121704,0.7458282709121704,0.7458282709121704,1600
1978-02-22,0.0,0.7485015392303467,0.7485015392303467,0.7485015392303467,12800
1978-02-23,0.0,0.7485015392303467,0.7458283194473811,0.7485015392303467,12000
1978-02-24,0.0,0.7485015392303467,0.7485015392303467,0.7485015392303467,11200
1978-02-27,0.0,0.7485013814281216,0.7431549429893494,0.7431549429893494,2400
1978-02-28,0.0,0.7458282709121704,0.7431550513031662,0.7458282709121704,10400
1978-03-01,0.0,0.7458282709121704,0.7378086120851578,0.7458282709121704,23200
1978-03-02,0.7458282709121704,0.7458282709121704,0.7458282709121704,0.7458282709121704,0
1978-03-03,0.0,0.7431549429893494,0.7404817237699632,0.7431549429893494,4000
1978-03-06,0.0,0.7485015392303467,0.7324622205325535,0.7485015392303467,23600
1978-03-07,0.0,0.7645406126976013,0.7485012991445048,0.7645406126976013,13600
1978-03-08,0.0,0.7805803418159485,0.7698874604212095,0.7805803418159485,12400
1978-03-09,0.0,0.7912728997314868,0.7752335841963892,0.7859264612197876,91600
1978-03-10,0.0,0.7859267825133179,0.7805803418159485,0.7805803418159485,8800
1978-03-13,0.0,0.7859264612197876,0.7752335841963892,0.7859264612197876,6800
1978-03-14,0.0,0.7966194152832031,0.7859265372257105,0.7966194152832031,7200
1978-03-15,0.0,0.7966194152832031,0.7966194152832031,0.7966194152832031,6000
1978-03-16,0.0,0.7912728190422058,0.7912728190422058,0.7912728190422058,12800
1978-03-17,0.0,0.8019660115242004,0.7912731313705444,0.8019660115242004,20000
1978-03-20,0.0,0.8180052484108122,0.7912730507503282,0.8073123693466187,22400
1978-03-21,0.0,0.8340446519851685,0.8019660115242004,0.8019660115242004,17600
1978-03-22,0.0,0.8126585709082114,0.7912728190422058,0.7912728190422058,7600
1978-03-23,0.0,0.8180055261442536,0.8019662021022094,0.8126590847969055,4000
1978-03-27,0.0,0.8233519674916017,0.8126590847969055,0.8126590847969055,28400
1978-03-28,0.0,0.8126588916778564,0.8019660115242004,0.8019660115242004,31200
1978-03-29,0.0,0.8180052638053894,0.8126588241726744,0.8180052638053894,4800
1978-03-30,0.0,0.8180055261442536,0.8126590847969055,0.8126590847969055,37200
1978-03-31,0.0,0.8126590847969055,0.8126590847969055,0.8126590847969055,20400
1978-04-03,0.0,0.8180055261442536,0.8126590847969055,0.8126590847969055,10800
1978-04-04,0.0,0.823351687942909,0.8073123693466187,0.8073123693466187,18000
1978-04-05,0.0,0.8126590847969055,0.8126590847969055,0.8126590847969055,10400
1978-04-06,0.0,0.8554303050041199,0.8233516685664654,0.8554303050041199,10000
1978-04-07,0.0,0.8554300477233114,0.8340442965302286,0.84473717212677,4400
1978-04-10,0.0,0.84473725572809,0.8233515024185181,0.8233515024185181,29200
1978-04-11,0.0,0.8500835701918146,0.8233513824499337,0.8393906950950623,7200
1978-04-12,0.0,0.8340445827035342,0.8180052638053894,0.8180052638053894,11600
1978-04-13,0.0,0.8393906754832114,0.8180049257893717,0.8286978006362915,4800
1978-04-14,0.0,0.8393914951727941,0.8286986098839687,0.8340450525283813,106400
1978-04-17,0.0,0.8554300077401908,0.834044257546686,0.8393906950950623,34400
1978-04-18,0.0,0.8286981430708193,0.8180052638053894,0.8180052638053894,58000
1978-04-19,0.0,0.8286978006362915,0.8180049257893717,0.8286978006362915,6000
1978-04-20,0.0,0.8340450525283813,0.8340450525283813,0.8340450525283813,16400
1978-04-21,0.0,0.8554303050041199,0.8340445473790169,0.8554303050041199,23200
1978-04-24,0.0,0.8768163323402405,0.8447376860351097,0.8768163323402405,22000
1978-04-25,0.0,0.892855368105762,0.8661231714558889,0.8875089287757874,36000
1978-04-26,0.0,0.8821628576407403,0.8607770913949042,0.8714699745178223,61600
1978-04-27,0.0,0.8714697216608509,0.855430401630283,0.8607768416404724,19200
1978-04-28,0.0,0.8661231838166714,0.8500838655978441,0.8554303050041199,27200
1978-05-01,0.0,0.8768163323402405,0.85543056813682,0.8768163323402405,17200
1978-05-02,0.0,0.8768166818736512,0.860777352327182,0.8661237955093384,12800
1978-05-03,0.0,0.8982024546022769,0.8661237955093385,0.8661237955093384,60800
1978-05-04,0.0,0.8661237955093385,0.860777352327182,0.8661237955093384,14800
1978-05-05,0.0,0.8768164160792813,0.8607770913949042,0.8714699745178223,6000
1978-05-08,0.0,0.8768166818736512,0.8661237955093385,0.8661237955093384,3200
1978-05-09,0.0,0.8714697216608509,0.8607768416404724,0.8607768416404724,3200
1978-05-10,0.0,0.8661232816506617,0.8607768416404724,0.8607768416404724,8800
1978-05-11,0.0,0.8661237955093385,0.860777352327182,0.8661237955093384,8000
1978-05-12,0.0,0.8661237955093385,0.860777352327182,0.8661237955093384,14400
1978-05-15,0.0,0.8661232816506617,0.8607768416404724,0.8607768416404724,8400
1978-05-16,0.0,0.8661232816506617,0.8607768416404724,0.8607768416404724,7200
1978-05-17,0.0,0.8661232816506617,0.8607768416404724,0.8607768416404724,6000
1978-05-18,0.0,0.8714695846509634,0.8393909496331364,0.8500838279724121,14800
1978-05-19,0.0,0.8554300077401908,0.8393906950950623,0.8393906950950623,39600
1978-05-22,0.0,0.850083694055483,0.8233515024185181,0.8233515024185181,8400
1978-05-23,0.0,0.8126588088787154,0.8019659298145219,0.8073123693466187,4800
1978-05-24,0.0,0.796619663908057,0.7805803418159485,0.7805803418159485,10800
1978-05-25,0.0,0.8073123693466187,0.7912730507503282,0.8073123693466187,10400
1978-05-26,0.0,0.8393906950950623,0.8126585073531812,0.8393906950950623,10400
1978-05-30,0.0,0.8340443790733041,0.8233515024185181,0.8233515024185181,4800
1978-05-31,0.0,0.8340450525283813,0.8340450525283813,0.8340450525283813,400
1978-06-01,0.0,0.8233517034381044,0.8126588241726744,0.8180052638053894,14400
1978-06-02,0.0,0.8286978006362915,0.8180049257893717,0.8286978006362915,32000
1978-06-05,0.0,0.8286978006362915,0.8286978006362915,0.8286978006362915,800
1978-06-06,0.0,0.8714696232229471,0.8233516685664654,0.8554303050041199,27600
1978-06-07,0.0,0.930280682603283,0.855430512738651,0.9035484790802002,25600
1978-06-08,0.0,0.9142413604894333,0.8982020383755835,0.9035484790802002,17600
1978-06-09,0.0,0.9142409563064575,0.9142409563064575,0.9142409563064575,1200
1978-06-12,0.0,0.9249339318552682,0.9142410540303518,0.9195874929428101,29200
1978-06-13,0.0,0.9409738183021545,0.9195880497043784,0.9409738183021545,44400
1978-06-14,0.0,0.9677057498031192,0.951666427983178,0.9623593091964722,34000
1978-06-15,0.0,0.9837453510221197,0.9677060246467591,0.967706024646759,20400
1978-06-16,0.0,0.9730524667718793,0.9623595825216389,0.967706024646759,104800
1978-06-19,0.0,0.978398323059082,0.9677054452114418,0.978398323059082,10000
1978-06-20,0.0,0.9837448596954346,0.9677055413308351,0.9837448596954346,52400
1978-06-21,0.0,0.9890915256935161,0.9730522036552429,0.9730522036552429,8400
1978-06-22,0.0,0.9997846484184265,0.9783988805378185,0.9997846484184265,8800
1978-06-23,0.0,0.9997840787543625,0.978398323059082,0.978398323059082,12400
1978-06-26,0.0,0.9997841780600341,0.9837448596954346,0.9837448596954346,10800
1978-06-27,0.0,0.9944377386051676,0.9677055413308351,0.9837448596954346,78800
1978-06-28,0.0,0.9944378137588501,0.983744934041013,0.9944378137588501,30800
1978-06-29,0.0,1.0158235731945242,0.9944378137588501,0.9944378137588501,47200
1978-06-30,0.0,0.9997842536177687,0.9944378137588501,0.9944378137588501,23200
1978-07-03,0.0,1.0104773044586182,0.9944379821656243,1.0104773044586182,9200
1978-07-05,0.0,1.0158234073760661,1.0051305294036865,1.0051305294036865,36000
1978-07-06,0.0,1.0265165567398071,0.9890914739420017,1.0265165567398071,72000
1978-07-07,0.0,1.015823412585903,0.9890912175178528,0.9890912175178528,11600
1978-07-10,0.0,0.9997846484184265,0.9890917644781225,0.9997846484184265,6400
1978-07-11,0.0,0.9944378137588501,0.983744934041013,0.9944378137588501,14800
1978-07-12,0.0,0.9783984564118466,0.9463198184967041,0.9463198184967041,6800
1978-07-13,0.0,0.9516659379005432,0.9356266243404218,0.9516659379005432,8000
1978-07-14,0.0,0.9730521904097663,0.9623593091964722,0.9623593091964722,26800
1978-07-17,0.0,0.9623593091964722,0.9623593091964722,0.9623593091964722,15600
1978-07-18,0.0,0.9730521904097663,0.9570128685898251,0.9623593091964722,22800
1978-07-19,0.0,0.9623588136072909,0.9516659379005432,0.9516659379005432,8000
1978-07-20,0.0,0.9623593091964722,0.9623593091964722,0.9623593091964722,23200
1978-07-21,0.0,0.9623595868999308,0.9409738183021545,0.9409738183021545,34400
1978-07-24,0.0,0.9302803707677264,0.9195874929428101,0.9195874929428101,34800
1978-07-25,0.0,0.9302806258201599,0.9195877450636064,0.9302806258201599,3600
1978-07-26,0.0,0.9302806258201599,0.9195877450636064,0.9302806258201599,9200
1978-07-27,0.0,0.9409732485926429,0.9195874929428101,0.9195874929428101,6000
1978-07-28,0.0,0.9249348044395447,0.9142419165269488,0.9249348044395447,5600
1978-07-31,0.0,0.9142411254256605,0.8875089287757874,0.8875089287757874,18800
1978-08-01,0.0,0.8982017636299133,0.8768160073530107,0.8982017636299133,14400
1978-08-02,0.0,0.8982019053247875,0.8875090254994924,0.8928554654121399,3600
1978-08-03,0.0,0.8982024546022769,0.8661237955093385,0.8661237955093384,8400
1978-08-04,0.0,0.8714696232229471,0.8554303050041199,0.8554303050041199,13200
1978-08-07,0.0,0.8554302671420498,0.8447373888027743,0.8500838279724121,12800
1978-08-08,0.0,0.8554303050041199,0.8500838655978441,0.8554303050041199,24800
1978-08-09,0.0,0.8661237955093385,0.8661237955093385,0.8661237955093384,3600
1978-08-10,0.0,0.8768163323402405,0.8607770091876751,0.8768163323402405,11600
1978-08-11,0.0,0.8714702386914949,0.860777352327182,0.8661237955093384,10400
1978-08-14,0.0,0.8821622729301453,0.8661229588768699,0.8821622729301453,12000
1978-08-15,0.0,0.8714702386914949,0.8661237955093385,0.8661237955093384,7200
1978-08-16,0.0,0.8714697216608509,0.8607768416404724,0.8607768416404724,8000
1978-08-17,0.0,0.8928554654121399,0.8714697057615498,0.8928554654121399,5200
1978-08-18,0.0,0.9195874929428101,0.8875088594680608,0.9195874929428101,13600
1978-08-21,0.0,0.919587657030891,0.8928554576985976,0.9088947772979736,16800
1978-08-22,0.0,0.9088949786453713,0.8768163323402405,0.8768163323402405,70800
1978-08-23,0.0,0.8982017636299133,0.8768160073530107,0.8982017636299133,5200
1978-08-24,0.0,0.9142409563064575,0.8982016412835372,0.9142409563064575,10000
1978-08-25,0.0,0.8982018074357366,0.8821624894458128,0.8875089287757874,9200
1978-08-28,0.0,0.919587657030891,0.8982018975650563,0.9088947772979736,26000
1978-08-29,0.0,0.9302806258201599,0.9088948643070528,0.9302806258201599,10000
1978-08-30,0.0,0.9409738183021545,0.9302809340032665,0.9409738183021545,38800
1978-08-31,0.0,0.9570131447504867,0.9409738183021545,0.9409738183021545,6800
1978-09-01,0.0,0.9516667026010427,0.9302809340032665,0.9409738183021545,12800
1978-09-05,0.0,0.9409738183021545,0.9302809340032665,0.9409738183021545,2800
1978-09-06,0.0,0.9409738183021545,0.9409738183021545,0.9409738183021545,6400
1978-09-07,0.0,0.9516659379005432,0.9409730621937956,0.9516659379005432,181600
1978-09-08,0.0,0.9463202604515987,0.9409738183021545,0.9409738183021545,6800
1978-09-11,0.0,0.9409738183021545,0.9409738183021545,0.9409738183021545,5600
1978-09-12,0.0,0.9623593091964722,0.9409735467698839,0.9623593091964722,12800
1978-09-13,0.0,0.9623588136072909,0.9516659379005432,0.9516659379005432,7600
1978-09-14,0.0,0.9463198184967041,0.9463198184967041,0.9463198184967041,4800
1978-09-15,0.0,0.9302804434155844,0.8875089287757874,0.8875089287757874,9600
1978-09-18,0.0,0.898202096543661,0.8768163323402405,0.8768163323402405,8800
1978-09-19,0.0,0.8768163323402405,0.8768163323402405,0.8768163323402405,7600
1978-09-20,0.0,0.8661231838166714,0.8554303050041199,0.8554303050041199,28000
1978-09-21,0.0,0.8554303050041199,0.8554303050041199,0.8554303050041199,4000
1978-09-22,0.0,0.8554303050041199,0.8554303050041199,0.8554303050041199,2800
1978-09-25,0.0,0.8714697216608509,0.8447375216099046,0.8607768416404724,5200
1978-09-26,0.0,0.8768163323402405,0.8447376860351097,0.8768163323402405,6000
1978-09-27,0.0,0.8768164160792813,0.8714699745178223,0.8714699745178223,10000
1978-09-28,0.0,0.8714699745178223,0.8714699745178223,0.8714699745178223,2400
1978-09-29,0.0,0.8768163323402405,0.8714698912893853,0.8768163323402405,3200
1978-10-02,0.0,0.8768166818736512,0.8661237955093385,0.8661237955093384,29200
1978-10-03,0.0,0.8821622729301453,0.8768158349123868,0.8821622729301453,1600
1978-10-04,0.0,0.8768163323402405,0.8661234502385302,0.8768163323402405,12400
1978-10-05,0.0,0.8768163323402405,0.8661234502385302,0.8768163323402405,2000
1978-10-06,0.0,0.8768163323402405,0.8768163323402405,0.8768163323402405,33200
1978-10-09,0.0,0.8768160626292228,0.8554303050041199,0.8554303050041199,14400
1978-10-10,0.0,0.8286979407459111,0.8233515024185181,0.8233515024185181,21600
1978-10-11,0.0,0.839390817400697,0.8233515024185181,0.8233515024185181,12400
1978-10-12,0.0,0.8447379378172067,0.8286986098839687,0.8340450525283813,18000
1978-10-13,0.0,0.8500838279724121,0.8393909496331364,0.8500838279724121,5200
1978-10-16,0.0,0.8875090416914188,0.855430401630283,0.8607768416404724,20400
1978-10-17,0.0,0.8554303050041199,0.8554303050041199,0.8554303050041199,3200
1978-10-18,0.0,0.8500838279724121,0.8447373888027743,0.8500838279724121,6400
1978-10-19,0.0,0.8554303050041199,0.8554303050041199,0.8554303050041199,2800
1978-10-20,0.0,0.84473717212677,0.84473717212677,0.84473717212677,16800
1978-10-23,0.0,0.84473725572809,0.8233515024185181,0.8233515024185181,29200
1978-10-24,0.0,0.8340445827035342,0.8180052638053894,0.8180052638053894,5200
1978-10-25,0.0,0.8233515024185181,0.8126586257637322,0.8233515024185181,6400
1978-10-26,0.0,0.8180055261442536,0.8073126434495574,0.8126590847969055,11200
1978-10-27,0.0,0.8126588916778564,0.8019660115242004,0.8019660115242004,19600
1978-10-30,0.0,0.7912728019527622,0.7485012991445048,0.7645406126976013,37600
1978-10-31,0.0,0.7805800797308193,0.7271156907081604,0.7271156907081604,15200
1978-11-01,0.0,0.7485015392303467,0.7164229018347604,0.7485015392303467,29600
1978-11-02,0.0,0.7805805240117066,0.7431554303947071,0.7538483142852783,43200
1978-11-03,0.0,0.7805803418159485,0.7645410197238399,0.7805803418159485,3600
1978-11-06,0.0,0.7698870505486335,0.753847736995537,0.7645406126976013,4400
1978-11-07,0.0,0.7485013814281216,0.7431549429893494,0.7431549429893494,3600
1978-11-08,0.0,0.7378085685126922,0.7110763740013628,0.7271156907081604,7200
1978-11-09,0.0,0.732462465763092,0.7164231416952871,0.732462465763092,6400
1978-11-10,0.0,0.7378089427947998,0.7324625011803447,0.7378089427947998,1600
1978-11-13,0.0,0.7378089427947998,0.7378089427947998,0.7378089427947998,4000
1978-11-14,0.0,0.7431553844092549,0.7378089427947998,0.7378089427947998,10400
1978-11-15,0.0,0.7912728190422058,0.7485013153101947,0.7912728190422058,11200
1978-11-16,0.0,0.7912728190422058,0.7912728190422058,0.7912728190422058,5200
1978-11-17,0.0,0.7859267825133179,0.7805803418159485,0.7805803418159485,12000
1978-11-20,0.0,0.7912728997314868,0.7859264612197876,0.7859264612197876,2400
1978-11-21,0.0,0.7966194152832031,0.7966194152832031,0.7966194152832031,6000
1978-11-22,0.0,0.7966194152832031,0.7966194152832031,0.7966194152832031,11600
1978-11-24,0.0,0.7966194152832031,0.7966194152832031,0.7966194152832031,400
1978-11-27,0.0,0.7966194152832031,0.7912729762544568,0.7966194152832031,6000
1978-11-28,0.0,0.8073123693466187,0.8073123693466187,0.8073123693466187,5600
1978-11-29,0.0,0.80731213294171,0.7912728190422058,0.7912728190422058,9200
1978-11-30,0.0,0.7912728190422058,0.7912728190422058,0.7912728190422058,10400
1978-12-01,0.0,0.796619663908057,0.7805803418159485,0.7805803418159485,22000
1978-12-04,0.0,0.7805803418159485,0.7698874604212095,0.7805803418159485,1600
1978-12-05,0.0,0.7912728190422058,0.7698870671762003,0.7912728190422058,4800
1978-12-06,0.0,0.7912728190422058,0.7912728190422058,0.7912728190422058,1200
1978-12-07,0.0,0.7966192570087073,0.7912728190422058,0.7912728190422058,5200
1978-12-08,0.0,0.7912728190422058,0.7859263810757044,0.7912728190422058,2400
1978-12-11,0.0,0.8019660115242004,0.8019660115242004,0.8019660115242004,400
1978-12-12,0.0,0.7912728190422058,0.7912728190422058,0.7912728190422058,116000
1978-12-13,0.0,0.7859264612197876,0.7859264612197876,0.7859264612197876,3600
1978-12-14,0.0,0.7912728190422058,0.7859263810757044,0.7912728190422058,1600
1978-12-15,0.0,0.7859267825133179,0.7805803418159485,0.7805803418159485,16400
1978-12-18,0.0,0.7698876261711121,0.7645411843227016,0.7698876261711121,2000
1978-12-19,0.0,0.775234082066421,0.7538483142852784,0.7538483142852783,4400
1978-12-20,0.0,0.7538483142852784,0.7485018723399928,0.7538483142852783,5600
1978-12-21,0.0,0.7698876261711121,0.74850185877747,0.7698876261711121,7200
1978-12-22,0.0,0.7698876261711121,0.759194742474291,0.7698876261711121,2400
1978-12-26,0.0,0.7645408579281399,0.7485015392303467,0.7485015392303467,5600
1978-12-27,0.0,0.7538479787962777,0.7378086600984846,0.7485015392303467,74400
1978-12-28,0.0,0.7431553844092549,0.7164231763369796,0.7378089427947998,27600
1978-12-29,0.0,0.753848267638165,0.7378089427947998,0.7378089427947998,5200
1979-01-02,0.0,0.7431550074149581,0.7164228129036286,0.7271156907081604,7200
1979-01-03,0.0,0.7378085685126922,0.7271156907081604,0.7271156907081604,6400
1979-01-04,0.0,0.743155348474962,0.7271160244071571,0.732462465763092,6000
1979-01-05,0.0,0.7378089427947998,0.7378089427947998,0.7378089427947998,400
1979-01-08,0.0,0.7485013814281216,0.7431549429893494,0.7431549429893494,5200
1979-01-09,0.0,0.7485013814281216,0.7431549429893494,0.7431549429893494,3600
1979-01-10,0.0,0.7591948509216309,0.7485019656973825,0.7591948509216309,22800
1979-01-11,0.0,0.7645411508670752,0.7378089427947998,0.7378089427947998,33200
1979-01-12,0.0,0.7271159525270815,0.7217695116996765,0.7217695116996765,6400
1979-01-15,0.0,0.7378086188367304,0.7003835439682007,0.7003835439682007,14000
1979-01-16,0.0,0.7217695116996765,0.6789979850804364,0.7217695116996765,27600
1979-01-17,0.0,0.7912728997314868,0.7538478301495922,0.7859264612197876,45200
1979-01-18,0.0,0.8019658543119494,0.7859265372257105,0.7966194152832031,6800
1979-01-19,0.0,0.7912728190422058,0.7805799431092031,0.7912728190422058,5200
1979-01-22,0.0,0.7805804252624512,0.7752339839935303,0.7752339839935303,12000
1979-01-23,0.0,0.7752339839935303,0.7752339839935303,0.7752339839935303,2000
1979-01-24,0.0,0.7698876261711121,0.7698876261711121,0.7698876261711121,1200
1979-01-25,0.0,0.8126590847969055,0.7912733194075132,0.8126590847969055,13600
1979-01-26,0.0,0.8286979407459111,0.8126586257637322,0.8233515024185181,13600
1979-01-29,0.0,0.8340448501862978,0.8019662021022094,0.8126590847969055,10800
1979-01-30,0.0,0.8073123693466187,0.7805801716861346,0.8073123693466187,20800
1979-01-31,0.0,0.8019657767548853,0.7805800227080884,0.7859264612197876,8000
1979-02-01,0.0,0.7912728190422058,0.7698870671762003,0.7912728190422058,14000
1979-02-02,0.0,0.8126588916778564,0.7912731313705444,0.8019660115242004,19600
1979-02-05,0.0,0.8073123693466187,0.8019659298145219,0.8073123693466187,1600
1979-02-06,0.0,0.8019660115242004,0.8019660115242004,0.8019660115242004,2400
1979-02-07,0.0,0.8233515024185181,0.8073121874363391,0.8233515024185181,5200
1979-02-08,0.0,0.8340445827035342,0.8180052638053894,0.8180052638053894,2800
1979-02-09,0.0,0.8180052638053894,0.8180052638053894,0.8180052638053894,800
1979-02-12,0.0,0.8286979407459111,0.8233515024185181,0.8233515024185181,2800
1979-02-13,0.0,0.8340445827035342,0.8180052638053894,0.8180052638053894,16400
1979-02-14,0.0,0.8340443790733041,0.8233515024185181,0.8233515024185181,3200
1979-02-15,0.0,0.8286981430708193,0.8180052638053894,0.8180052638053894,6000
1979-02-16,0.0,0.8340445827035342,0.8180052638053894,0.8180052638053894,16000
1979-02-20,0.0,0.8180052638053894,0.8180052638053894,0.8180052638053894,2800
1979-02-21,0.0,0.8286981430708193,0.8180052638053894,0.8180052638053894,6000
1979-02-22,0.0,0.8233515024185181,0.8019657491089462,0.8233515024185181,34400
1979-02-23,0.0,0.8340442380597515,0.8286978006362915,0.8286978006362915,20000
1979-02-26,0.0,0.8286978006362915,0.8286978006362915,0.8286978006362915,400
1979-02-27,0.0,0.8233519674916017,0.8126590847969055,0.8126590847969055,8000
1979-02-28,0.0,0.8286984088389497,0.8126590847969055,0.8126590847969055,9600
1979-03-01,0.0,0.8073123693466187,0.8073123693466187,0.8073123693466187,6000
1979-03-02,0.0,0.8073123693466187,0.8019659298145219,0.8073123693466187,37200
1979-03-05,0.0,0.8126590847969055,0.7912733194075132,0.8126590847969055,13200
1979-03-06,0.0,0.8180052638053894,0.8073123845399595,0.8180052638053894,4800
1979-03-07,0.0,0.8180052638053894,0.8073123845399595,0.8180052638053894,4000
1979-03-08,0.0,0.8233517034381044,0.8180052638053894,0.8180052638053894,10800
1979-03-09,0.0,0.8286981430708193,0.8180052638053894,0.8180052638053894,6400
1979-03-12,0.0,0.8233515024185181,0.8233515024185181,0.8233515024185181,400
1979-03-13,0.0,0.8286981430708193,0.8180052638053894,0.8180052638053894,3600
1979-03-14,0.0,0.8180052638053894,0.8180052638053894,0.8180052638053894,1600
1979-03-15,0.0,0.8126590847969055,0.8126590847969055,0.8126590847969055,3600
1979-03-16,0.0,0.8233519674916017,0.8126590847969055,0.8126590847969055,3200
1979-03-19,0.0,0.8126590847969055,0.8126590847969055,0.8126590847969055,14800
1979-03-20,0.0,0.8233519674916017,0.8126590847969055,0.8126590847969055,56400
1979-03-21,0.0,0.8126590847969055,0.8019662021022094,0.8126590847969055,8800
1979-03-22,0.0,0.8233516104269347,0.7966194152832031,0.7966194152832031,72800
1979-03-23,0.0,0.796619749069214,0.7698875427246094,0.7752339839935303,10400
1979-03-26,0.0,0.764541293533755,0.7431555230852583,0.7591948509216309,13200
1979-03-27,0.0,0.7431549429893494,0.7217691892342601,0.7431549429893494,26000
1979-03-28,0.0,0.7698876261711121,0.7431554169290595,0.7698876261711121,20800
1979-03-29,0.0,0.7698876261711121,0.74850185877747,0.7698876261711121,8800
1979-03-30,0.0,0.7698877361458791,0.7591948509216309,0.7591948509216309,9200
1979-04-02,0.0,0.7431553844092549,0.7378089427947998,0.7378089427947998,49600
1979-04-03,0.0,0.7698876261711121,0.737808975080649,0.7698876261711121,9200
1979-04-04,0.0,0.7698877361458791,0.7591948509216309,0.7591948509216309,8000
1979-04-05,0.0,0.7859267825133179,0.7591945790264705,0.7805803418159485,12000
1979-04-06,0.0,0.7805803418159485,0.7752339011185789,0.7805803418159485,3200
1979-04-09,0.0,0.7752339839935303,0.7645411014556885,0.7752339839935303,12400
1979-04-10,0.0,0.7859268665313721,0.7698875427246094,0.7752339839935303,11200
1979-04-11,0.0,0.7912732232106875,0.7805803418159485,0.7805803418159485,3600
1979-04-12,0.0,0.7805803418159485,0.7805803418159485,0.7805803418159485,400
1979-04-16,0.0,0.7912728997314868,0.7805800227080884,0.7859264612197876,31200
1979-04-17,0.0,0.7805803418159485,0.7698874604212095,0.7805803418159485,6800
1979-04-18,0.0,0.7805803418159485,0.7698874604212095,0.7805803418159485,3600
1979-04-19,0.0,0.7752339839935303,0.7752339839935303,0.7752339839935303,1200
1979-04-20,0.0,0.7805803418159485,0.7698874604212095,0.7805803418159485,6800
1979-04-23,0.0,0.8073123693466187,0.7805801716861346,0.8073123693466187,10800
1979-04-24,0.0,0.8073122933406958,0.7966194152832031,0.7966194152832031,7200
1979-04-25,0.0,0.8019657767548853,0.7805800227080884,0.7859264612197876,33600
1979-04-26,0.0,0.8126588916778564,0.7912731313705444,0.8019660115242004,4400
1979-04-27,0.0,0.8180052638053894,0.8073123845399595,0.8180052638053894,4800
1979-04-30,0.0,0.8233514468412142,0.7912728190422058,0.7912728190422058,17600
1979-05-01,0.0,0.8286978006362915,0.8019656135189918,0.8286978006362915,7600
1979-05-02,0.0,0.8286981274750059,0.8073123693466187,0.8073123693466187,14000
1979-05-03,0.0,0.8233515024185181,0.8073121874363391,0.8233515024185181,11200
1979-05-04,0.0,0.8286978006362915,0.8126584883659117,0.8286978006362915,46000
1979-05-07,0.0,0.823351687942909,0.7966194902824251,0.8073123693466187,16400
1979-05-08,0.0,0.8073123693466187,0.7966194902824251,0.8073123693466187,6800
1979-05-09,0.0,0.8126590847969055,0.8073126434495574,0.8126590847969055,7200
1979-05-10,0.0,0.8126588916778564,0.8019660115242004,0.8019660115242004,2800
1979-05-11,0.0,0.8073122933406958,0.7966194152832031,0.7966194152832031,6800
1979-05-14,0.0,0.8073123693466187,0.7966194902824251,0.8073123693466187,2400
1979-05-15,0.0,0.8126588916778564,0.8019660115242004,0.8019660115242004,9600
1979-05-16,0.0,0.8233515024185181,0.8126586257637322,0.8233515024185181,17200
1979-05-17,0.0,0.8286979407459111,0.8233515024185181,0.8233515024185181,7200
1979-05-18,0.0,0.8233519674916017,0.8126590847969055,0.8126590847969055,4400
1979-05-21,0.0,0.8233515024185181,0.8073121874363391,0.8233515024185181,9600
1979-05-22,0.0,0.8554302671420498,0.8393909496331364,0.8500838279724121,14000
1979-05-23,0.0,0.8554303050041199,0.8447374261915683,0.8554303050041199,800
1979-05-24,0.0,0.8554308231060321,0.8340450525283813,0.8340450525283813,84800
1979-05-25,0.0,0.84473717212677,0.8286978587319579,0.84473717212677,8000
1979-05-29,0.0,0.8554303050041199,0.8393909867852927,0.8554303050041199,3600
1979-05-30,0.0,0.8500838279724121,0.8393909496331364,0.8500838279724121,10400
1979-05-31,0.0,0.8554300477233114,0.8393907343284993,0.84473717212677,14800
1979-06-01,0.0,0.8447371326434384,0.834044257546686,0.8393906950950623,30400
1979-06-04,0.0,0.8500835701918146,0.8393906950950623,0.8393906950950623,8000
1979-06-05,0.0,0.8500838279724121,0.8500838279724121,0.8500838279724121,2000
1979-06-06,0.0,0.8393906950950623,0.8393906950950623,0.8393906950950623,12800
1979-06-07,0.0,0.8554303050041199,0.8393909867852927,0.8554303050041199,12400
1979-06-08,0.0,0.8500836099250407,0.84473717212677,0.84473717212677,6800
1979-06-11,0.0,0.8554303050041199,0.8447374261915683,0.8554303050041199,6000
1979-06-12,0.0,0.8661231838166714,0.8554303050041199,0.8554303050041199,14400
1979-06-13,0.0,0.8768163323402405,0.8500841270859648,0.8768163323402405,11600
1979-06-14,0.0,0.8875089287757874,0.8661231714558889,0.8875089287757874,6000
1979-06-15,0.0,0.8875089287757874,0.8875089287757874,0.8875089287757874,4000
1979-06-18,0.0,0.9035482467657112,0.8875089287757874,0.8875089287757874,8800
1979-06-19,0.0,0.8875087109479037,0.8821622729301453,0.8821622729301453,8800
1979-06-20,0.0,0.9035484790802002,0.8821627162617339,0.9035484790802002,6400
1979-06-21,0.0,0.9409732485926429,0.9195874929428101,0.9195874929428101,9600
1979-06-22,0.0,0.9409738183021545,0.9249344918538224,0.9409738183021545,13200
1979-06-25,0.0,0.9516662581492279,0.9409733788441804,0.9463198184967041,2400
1979-06-26,0.0,0.9302812483958426,0.9195883604832468,0.9249348044395447,8400
1979-06-27,0.0,0.9516659379005432,0.9249337486336741,0.9516659379005432,9600
1979-06-28,0.0,0.9570126978017517,0.9463198184967041,0.9463198184967041,2800
1979-06-29,0.0,0.9463199469549903,0.9302806258201599,0.9302806258201599,5200
1979-07-02,0.0,0.9409735065767135,0.9195877450636064,0.9302806258201599,20400
1979-07-03,0.0,0.9409741363084385,0.9195883604832468,0.9249348044395447,16000
1979-07-05,0.0,0.9356276923521406,0.9249348044395447,0.9249348044395447,3600
1979-07-06,0.0,0.9409738183021545,0.9302809340032665,0.9409738183021545,22400
1979-07-09,0.0,0.9409735065767135,0.9302806258201599,0.9302806258201599,4400
1979-07-10,0.0,0.9409734834943498,0.930280603000096,0.9356270432472229,10400
1979-07-11,0.0,0.9516667026010427,0.9409738183021545,0.9409738183021545,16800
1979-07-12,0.0,0.9570123757539171,0.9463195000471694,0.9516659379005432,7600
1979-07-13,0.0,0.9570122361183167,0.9516657990450299,0.9570122361183167,40400
1979-07-16,0.0,0.9730521904097663,0.9570128685898251,0.9623593091964722,8000
1979-07-17,0.0,0.9730521904097663,0.9623593091964722,0.9623593091964722,2000
1979-07-18,0.0,0.9623586731916033,0.9570122361183167,0.9570122361183167,23600
1979-07-19,0.0,0.9570122361183167,0.9570122361183167,0.9570122361183167,20000
1979-07-20,0.0,0.9516659379005432,0.9516659379005432,0.9516659379005432,4400
1979-07-23,0.0,0.9516662581492279,0.9463198184967041,0.9463198184967041,5600
1979-07-24,0.0,0.9516659379005432,0.9463195000471694,0.9516659379005432,3200
1979-07-25,0.0,0.9570122361183167,0.9570122361183167,0.9570122361183167,4400
1979-07-26,0.0,0.978398323059082,0.9570125673638016,0.978398323059082,13600
1979-07-27,0.0,0.9677060246467591,0.9677060246467591,0.967706024646759,1600
1979-07-30,0.0,0.9730521904097663,0.9623593091964722,0.9623593091964722,18000
1979-07-31,0.0,0.9570122361183167,0.9570122361183167,0.9570122361183167,2400
1979-08-01,0.0,0.9677060246467591,0.9570131403965186,0.967706024646759,5200
1979-08-02,0.0,1.0158231258392334,0.9730516258038973,1.0158231258392334,14000
1979-08-03,0.0,1.021170013053443,0.9944378137588501,0.9944378137588501,32400
1979-08-06,0.0,0.9997846484184265,0.9730524385676664,0.9997846484184265,34800
1979-08-07,0.0,0.9997846484184265,0.9997846484184265,0.9997846484184265,16000
1979-08-08,0.0,1.0051310903885786,0.9837453225079705,0.9997846484184265,7600
1979-08-09,0.0,1.0051310903885786,0.9997846484184265,0.9997846484184265,17600
1979-08-10,0.0,0.9997840955450729,0.9890912175178528,0.9890912175178528,5600
1979-08-13,0.0,0.9997840955450729,0.9837447785042428,0.9890912175178528,8000
1979-08-14,0.0,0.9944376565314628,0.9890912175178528,0.9890912175178528,3600
1979-08-15,0.0,1.0051305294036865,0.9944376514313068,1.0051305294036865,5200
1979-08-16,0.0,1.0211695633436504,1.0051302508303994,1.0158231258392334,14800
1979-08-17,0.0,1.0479022490672576,1.0211700488359499,1.042555809020996,26400
1979-08-20,0.0,1.0479023183385532,1.0265165567398071,1.0265165567398071,6400
1979-08-21,0.0,1.0211701859872808,1.0051308636942868,1.0104773044586182,15200
1979-08-22,0.0,1.0211701859872808,0.9997844229299556,1.0104773044586182,14400
1979-08-23,0.0,1.0104773044586182,0.9997844229299556,1.0104773044586182,2400
1979-08-24,0.0,1.0104773044586182,0.9944379821656243,1.0104773044586182,18000
1979-08-27,0.0,0.9997842536177687,0.9944378137588501,0.9944378137588501,4000
1979-08-28,0.0,1.0211701859872808,1.0051308636942868,1.0104773044586182,8800
1979-08-29,0.0,1.0104773044586182,1.0104773044586182,1.0104773044586182,2000
1979-08-30,0.0,0.9997846484184265,0.9997846484184265,0.9997846484184265,1600
1979-08-31,0.0,1.0051305294036865,0.9944376514313068,1.0051305294036865,7200
1979-09-04,0.0,1.0104773044586182,0.9944379821656243,1.0104773044586182,13600
1979-09-05,0.0,1.0158239743288826,0.9944382064482745,0.9997846484184265,8400
1979-09-06,0.0,0.9997841780600341,0.9837448596954346,0.9837448596954346,12800
1979-09-07,0.0,0.9997840787543625,0.978398323059082,0.978398323059082,6800
1979-09-10,0.0,0.9837447619829022,0.978398323059082,0.978398323059082,4800
1979-09-11,0.0,0.9783986443346673,0.9730522036552429,0.9730522036552429,4800
1979-09-12,0.0,0.9783986443346673,0.9730522036552429,0.9730522036552429,2800
1979-09-13,0.0,0.9837447619829022,0.9730518841352619,0.978398323059082,10800
1979-09-14,0.0,0.9730522036552429,0.9730522036552429,0.9730522036552429,3600
1979-09-17,0.0,0.9783986443346673,0.9730522036552429,0.9730522036552429,2400
1979-09-18,0.0,0.9783986443346673,0.9730522036552429,0.9730522036552429,1600
1979-09-19,0.0,0.9783986443346673,0.9730522036552429,0.9730522036552429,3200
1979-09-20,0.0,0.9730522036552429,0.9730522036552429,0.9730522036552429,1200
1979-09-21,0.0,0.9837448596954346,0.9783984202405681,0.9837448596954346,3600
1979-09-24,0.0,0.9997841780600341,0.9837448596954346,0.9837448596954346,16400
1979-09-25,0.0,0.9730522036552429,0.9730522036552429,0.9730522036552429,5200
1979-09-26,0.0,0.9730522036552429,0.9730522036552429,0.9730522036552429,2000
1979-09-27,0.0,0.9730522036552429,0.9730522036552429,0.9730522036552429,10000
1979-09-28,0.0,0.9837450850140917,0.9730522036552429,0.9730522036552429,2400
1979-10-01,0.0,0.9730522036552429,0.9730522036552429,0.9730522036552429,4400
1979-10-02,0.0,0.9730522036552429,0.9730522036552429,0.9730522036552429,7600
1979-10-03,0.0,0.9730522036552429,0.9730522036552429,0.9730522036552429,69200
1979-10-04,0.0,0.9730522036552429,0.9730522036552429,0.9730522036552429,400
1979-10-05,0.0,0.978398323059082,0.9730518841352619,0.978398323059082,12800
1979-10-08,0.0,0.9783986443346673,0.9730522036552429,0.9730522036552429,1600
1979-10-09,0.0,0.978398323059082,0.9730518841352619,0.978398323059082,14400
1979-10-10,0.0,0.9623586731916033,0.9570122361183167,0.9570122361183167,17200
1979-10-11,0.0,0.9570126978017517,0.9463198184967041,0.9463198184967041,7200
1979-10-12,0.0,0.9409734834943498,0.9249341627529689,0.9356270432472229,7200
1979-10-15,0.0,0.9249341048880252,0.8928554654121399,0.8928554654121399,63200
1979-10-16,0.0,0.8982019053247875,0.8875090254994924,0.8928554654121399,92400
1979-10-17,0.0,0.8928554654121399,0.8821625855868448,0.8928554654121399,3600
1979-10-18,0.0,0.8821627733910956,0.8768163323402405,0.8768163323402405,3600
1979-10-19,0.0,0.8714696232229471,0.8554303050041199,0.8554303050041199,36400
1979-10-22,0.0,0.8393914951727941,0.8340450525283813,0.8340450525283813,5600
1979-10-23,0.0,0.8447374619689642,0.8180052638053894,0.8180052638053894,11600
1979-10-24,0.0,0.8073125453027961,0.7805803418159485,0.7805803418159485,9600
1979-10-25,0.0,0.7912728997314868,0.7805800227080884,0.7859264612197876,18800
1979-10-26,0.0,0.7859264612197876,0.7859264612197876,0.7859264612197876,1200
1979-10-29,0.0,0.7912728190422058,0.7859263810757044,0.7912728190422058,10400
1979-10-30,0.0,0.7859264612197876,0.7859264612197876,0.7859264612197876,4800
1979-10-31,0.0,0.7966194152832031,0.7912729762544568,0.7966194152832031,4400
1979-11-01,0.0,0.8073123693466187,0.8073123693466187,0.8073123693466187,4400
1979-11-02,0.0,0.8286978006362915,0.8126584883659117,0.8286978006362915,7200
1979-11-05,0.0,0.8180055261442536,0.8126590847969055,0.8126590847969055,21600
1979-11-06,0.0,0.8073123693466187,0.8019659298145219,0.8073123693466187,7600
1979-11-07,0.0,0.8286978006362915,0.8233513632128316,0.8286978006362915,3600
1979-11-08,0.0,0.8286978006362915,0.8286978006362915,0.8286978006362915,1200
1979-11-09,0.0,0.8286978006362915,0.8286978006362915,0.8286978006362915,3200
1979-11-12,0.0,0.8393914951727941,0.8340450525283813,0.8340450525283813,5200
1979-11-13,0.0,0.84473717212677,0.8233514209336872,0.84473717212677,15600
1979-11-14,0.0,0.84473717212677,0.84473717212677,0.84473717212677,1600
1979-11-15,0.0,0.8554303050041199,0.8500838655978441,0.8554303050041199,2800
1979-11-16,0.0,0.8554303050041199,0.8554303050041199,0.8554303050041199,1200
1979-11-19,0.0,0.8607768416404724,0.855430401630283,0.8607768416404724,4000
1979-11-20,0.0,0.8554303050041199,0.8554303050041199,0.8554303050041199,3200
1979-11-21,0.0,0.8554303050041199,0.8554303050041199,0.8554303050041199,8800
1979-11-23,0.0,0.8661232816506617,0.8607768416404724,0.8607768416404724,3200
1979-11-26,0.0,0.8661237955093385,0.860777352327182,0.8661237955093384,9200
1979-11-27,0.0,0.8768163323402405,0.8768163323402405,0.8768163323402405,2400
1979-11-28,0.0,0.8714699745178223,0.8714699745178223,0.8714699745178223,2000
1979-11-29,0.0,0.8714699745178223,0.8714699745178223,0.8714699745178223,400
1979-11-30,0.0,0.8768163323402405,0.8714698912893853,0.8768163323402405,11600
1979-12-03,0.0,0.8821628576407403,0.8661235329563632,0.8714699745178223,12800
1979-12-04,0.0,0.8661232816506617,0.8607768416404724,0.8607768416404724,18800
1979-12-05,0.0,0.8714699745178223,0.8607770913949042,0.8714699745178223,2400
1979-12-06,0.0,0.8768166818736512,0.8661237955093385,0.8661237955093384,4800
1979-12-07,0.0,0.8607767444103956,0.8554303050041199,0.8554303050041199,257200
1979-12-10,0.0,0.8554302671420498,0.8500838279724121,0.8500838279724121,4800
1979-12-11,0.0,0.8661237955093385,0.8554309091450256,0.8661237955093384,3200
1979-12-12,0.0,0.8554303050041199,0.8554303050041199,0.8554303050041199,18000
1979-12-13,0.0,0.8554302671420498,0.8500838279724121,0.8500838279724121,8400
1979-12-14,0.0,0.8607767063116877,0.8500838279724121,0.8500838279724121,6400
1979-12-17,0.0,0.8661231454813255,0.8500838279724121,0.8500838279724121,10400
1979-12-18,0.0,0.8554302671420498,0.8500838279724121,0.8500838279724121,8800
1979-12-19,0.0,0.8500835701918146,0.8393906950950623,0.8393906950950623,15600
1979-12-20,0.0,0.8607767063116877,0.8500838279724121,0.8500838279724121,5600
1979-12-21,0.0,0.8607767063116877,0.8447373888027743,0.8500838279724121,2400
1979-12-24,0.8500838279724121,0.8500838279724121,0.8500838279724121,0.8500838279724121,0
1979-12-26,0.0,0.8286984088389497,0.8126590847969055,0.8126590847969055,4000
1979-12-27,0.0,0.8126588916778564,0.8019660115242004,0.8019660115242004,5200
1979-12-28,0.0,0.8126588916778564,0.8019660115242004,0.8019660115242004,4400
1979-12-31,0.0,0.8073122933406958,0.7912729762544568,0.7966194152832031,4800
1980-01-02,0.0,0.8126590847969055,0.7966197607548613,0.8126590847969055,15600
1980-01-03,0.0,0.8019656949752086,0.7912728190422058,0.7912728190422058,7200
1980-01-04,0.0,0.8126588088787154,0.8019659298145219,0.8073123693466187,8800
1980-01-07,0.0,0.796619749069214,0.7698875427246094,0.7752339839935303,106800
1980-01-08,0.0,0.8073123693466187,0.769887292621941,0.8073123693466187,32400
1980-01-09,0.0,0.8073124516010285,0.7912731313705444,0.8019660115242004,3600
1980-01-10,0.0,0.8073123693466187,0.7912730507503282,0.8073123693466187,10000
1980-01-11,0.0,0.8019661903381348,0.7752339839935303,0.7752339839935303,6800
1980-01-14,0.0,0.7912732232106875,0.7698874604212095,0.7805803418159485,13600
1980-01-15,0.0,0.7859269517163435,0.7698876261711121,0.7698876261711121,30800
1980-01-16,0.0,0.780580509867933,0.7698876261711121,0.7698876261711121,8400
1980-01-17,0.0,0.780580509867933,0.7698876261711121,0.7698876261711121,36800
1980-01-18,0.0,0.7752341787580033,0.7485019656973825,0.7591948509216309,13600
1980-01-21,0.0,0.7591947092526201,0.7217696179514346,0.7378089427947998,16800
1980-01-22,0.0,0.7431550074149581,0.7217692518058946,0.7271156907081604,13200
1980-01-23,0.0,0.7485013814281216,0.7378085045505771,0.7431549429893494,11600
1980-01-24,0.0,0.7859264612197876,0.748501391637893,0.7859264612197876,13200
1980-01-25,0.0,0.7859264612197876,0.7805800227080884,0.7859264612197876,10800
1980-01-28,0.0,0.8286978006362915,0.7698869889782322,0.8286978006362915,58400
1980-01-29,0.0,0.8340445827035342,0.8180052638053894,0.8180052638053894,10800
1980-01-30,0.0,0.8286981430708193,0.8126588241726744,0.8180052638053894,8000
1980-01-31,0.0,0.8393906950950623,0.8286978199983098,0.8393906950950623,2000
1980-02-01,0.0,0.8661231838166714,0.8393909867852927,0.8554303050041199,16400
1980-02-04,0.0,0.8661237955093385,0.8554309091450256,0.8661237955093384,7200
1980-02-05,0.0,0.8875092992021993,0.8714699745178223,0.8714699745178223,14000
1980-02-06,0.0,0.8768160626292228,0.8554303050041199,0.8554303050041199,14400
1980-02-07,0.0,0.8554308231060321,0.8340450525283813,0.8340450525283813,14000
1980-02-08,0.0,0.8340450525283813,0.8340450525283813,0.8340450525283813,25200
1980-02-11,0.0,0.8447371326434384,0.834044257546686,0.8393906950950623,16000
1980-02-12,0.0,0.8500838279724121,0.8340445104634986,0.8500838279724121,8000
1980-02-13,0.0,0.8554308231060321,0.8340450525283813,0.8340450525283813,27200
1980-02-14,0.0,0.8340450525283813,0.8340450525283813,0.8340450525283813,6000
1980-02-15,0.0,0.8554300077401908,0.8393906950950623,0.8393906950950623,8000
1980-02-19,0.0,0.8554308231060321,0.8340450525283813,0.8340450525283813,86000
1980-02-20,0.0,0.8393906950950623,0.834044257546686,0.8393906950950623,41200
1980-02-21,0.0,0.8447379378172067,0.8126592819507306,0.8340450525283813,80400
1980-02-22,0.0,0.8233517718315124,0.8019660115242004,0.8019660115242004,19200
1980-02-25,0.0,0.8233519674916017,0.8019662021022094,0.8126590847969055,16000
1980-02-26,0.0,0.8073123693466187,0.8073123693466187,0.8073123693466187,2400
1980-02-27,0.0,0.8180052484108122,0.8073123693466187,0.8073123693466187,6800
1980-02-28,0.0,0.8019656949752086,0.7859263810757044,0.7912728190422058,14800
1980-02-29,0.0,0.7912728019527622,0.7645406126976013,0.7645406126976013,12400
1980-03-03,0.0,0.764541293533755,0.7591948509216309,0.7591948509216309,4000
1980-03-04,0.0,0.7752339839935303,0.7698875427246094,0.7752339839935303,24800
1980-03-05,0.0,0.7698876261711121,0.759194742474291,0.7698876261711121,7600
1980-03-06,0.0,0.7698877361458791,0.7538484083095067,0.7591948509216309,4000
1980-03-07,0.0,0.7698876261711121,0.7698876261711121,0.7698876261711121,400
1980-03-10,0.0,0.7752340680195225,0.759194742474291,0.7698876261711121,6000
1980-03-11,0.0,0.7698877361458791,0.7591948509216309,0.7591948509216309,4800
1980-03-12,0.0,0.759194756230564,0.7538483142852784,0.7538483142852783,8800
1980-03-13,0.0,0.7538479787962777,0.7485015392303467,0.7485015392303467,3600
1980-03-14,0.0,0.7591948509216309,0.7485019656973825,0.7591948509216309,3200
1980-03-17,0.0,0.7645406126976013,0.727115547740376,0.7645406126976013,18800
1980-03-18,0.0,0.8180052638053894,0.7645408674782398,0.8180052638053894,12800
1980-03-19,0.0,0.8661231454813255,0.8340445104634986,0.8500838279724121,23200
1980-03-20,0.0,0.8554308231060321,0.8340450525283813,0.8340450525283813,3200
1980-03-21,0.0,0.8233514468412142,0.7912728190422058,0.7912728190422058,7600
1980-03-24,0.0,0.7805804379665069,0.732462465763092,0.732462465763092,6800
1980-03-25,0.0,0.7378085685126922,0.7164228129036286,0.7271156907081604,23600
1980-03-26,0.0,0.7110763404405478,0.695037024490761,0.7057299017906189,15600
1980-03-27,0.0,0.6896906113252044,0.6736512947827578,0.6843441724777222,14800
1980-03-28,0.0,0.6843444582015749,0.6629586938827756,0.6736515760421753,11600
1980-03-31,0.0,0.7217697754724701,0.6843446760035273,0.7164233326911926,11600
1980-04-01,0.0,0.7271158175360887,0.7110764980316162,0.7110764980316162,22000
1980-04-02,0.0,0.7378091038163028,0.7003840043473599,0.7164233326911926,16000
1980-04-03,0.0,0.7164229378664403,0.7110764980316162,0.7110764980316162,12400
1980-04-07,0.0,0.7110764350891113,0.6683049201965332,0.6683049201965332,18400
1980-04-08,0.0,0.6896902918815613,0.6683045463968617,0.6896902918815613,8400
1980-04-09,0.0,0.732462465763092,0.7003838176274821,0.732462465763092,11600
1980-04-10,0.0,0.7378085685126922,0.7271156907081604,0.7271156907081604,8400
1980-04-11,0.0,0.7431549429893494,0.7271156276730325,0.7431549429893494,17600
1980-04-14,0.0,0.7645410383189165,0.7164230708722714,0.7217695116996765,19200
1980-04-15,0.0,0.7110764980316162,0.7110764980316162,0.7110764980316162,4000
1980-04-16,0.0,0.7271162182537477,0.711076889909915,0.7164233326911926,8000
1980-04-17,0.0,0.7271159525270815,0.7217695116996765,0.7217695116996765,20400
1980-04-18,0.0,0.7217695116996765,0.7057301892174614,0.7217695116996765,32400
1980-04-21,0.0,0.7217692177404057,0.7057299017906189,0.7057299017906189,4000
1980-04-22,0.0,0.7217695116996765,0.6950373075626515,0.7217695116996765,6000
1980-04-23,0.0,0.7591944183622088,0.7057300227028983,0.7485015392303467,16400
1980-04-24,0.0,0.74850182602371,0.7324625011803447,0.7378089427947998,6400
1980-04-25,0.0,0.7324621296104263,0.7271156907081604,0.7271156907081604,3200
1980-04-28,0.0,0.7698876261711121,0.737808975080649,0.7698876261711121,20000
1980-04-29,0.0,0.8393912915336459,0.7591946713234249,0.8126590847969055,24000
1980-04-30,0.0,0.8500838279724121,0.8126587537849473,0.8500838279724121,7600
1980-05-01,0.0,0.8554303050041199,0.8340445473790169,0.8554303050041199,13200
1980-05-02,0.0,0.8661231838166714,0.8554303050041199,0.8554303050041199,16400
1980-05-05,0.0,0.8714702386914949,0.8447380227807127,0.8661237955093384,17200
1980-05-06,0.0,0.8714697216608509,0.8500839616200938,0.8607768416404724,8000
1980-05-07,0.0,0.9302805367638083,0.8661232583663042,0.9088947772979736,17200
1980-05-08,0.0,0.9142414196962263,0.8768163323402405,0.8768163323402405,12000
1980-05-09,0.0,0.8714702386914949,0.8554309091450256,0.8661237955093384,22400
1980-05-12,0.0,0.8714699745178223,0.8607770913949042,0.8714699745178223,11600
1980-05-13,0.0,0.8982019053247875,0.8821625855868448,0.8928554654121399,11600
1980-05-14,0.0,0.8982015869834207,0.8821622729301453,0.8821622729301453,10800
1980-05-15,0.0,0.8982018074357366,0.8714696107858635,0.8875089287757874,11600
1980-05-16,0.0,0.8982017636299133,0.871469568283785,0.8982017636299133,14400
1980-05-19,0.0,0.898202096543661,0.8768163323402405,0.8768163323402405,15600
1980-05-20,0.0,0.8875087109479037,0.8768158349123868,0.8821622729301453,10000
1980-05-21,0.0,0.9035484790802002,0.8821627162617339,0.9035484790802002,7600
1980-05-22,0.0,0.8982017636299133,0.8982017636299133,0.8982017636299133,9200
1980-05-23,0.0,0.9356270432472229,0.8821626407759531,0.9356270432472229,11200
1980-05-27,0.0,0.9356276923521406,0.9249348044395447,0.9249348044395447,32000
1980-05-28,0.0,0.9516662581492279,0.9302804995391328,0.9463198184967041,7200
1980-05-29,0.0,0.96770511026489,0.9409729248984566,0.9570122361183167,11600
1980-05-30,0.0,0.9516662581492279,0.9356269391916566,0.9463198184967041,15200
1980-06-02,0.0,0.9409738183021545,0.9409738183021545,0.9409738183021545,19600
1980-06-03,0.0,1.0051305294036865,0.9516661395417882,1.0051305294036865,18800
1980-06-04,0.0,0.9997842536177687,0.983744934041013,0.9944378137588501,34000
1980-06-05,0.0,1.0479023183385532,0.9890914739420017,1.0265165567398071,35200
1980-06-06,0.0,1.0318623781204224,1.0265159409280884,1.0318623781204224,22400
1980-06-09,0.0,1.037209391593933,1.0265165112682224,1.037209391593933,21200
1980-06-10,0.0,1.053248712082499,1.037209391593933,1.037209391593933,20000
1980-06-11,0.0,1.0906745996048202,1.0318637143320113,1.0746352672576904,42400
1980-06-12,0.0,1.0853278969750186,1.0425563542370868,1.0532492399215698,16000
1980-06-13,0.0,1.0746344727339203,1.0318629514310778,1.037209391593933,37200
1980-06-16,0.0,1.0639407821375915,1.0318621655907294,1.0585943460464478,28800
1980-06-17,0.0,1.079980731010437,1.0532485346982974,1.079980731010437,28400
1980-06-18,0.0,1.085327940583229,1.058595725297928,1.0692886114120483,57600
1980-06-19,0.0,1.0585946246069304,1.0265159996188415,1.0479017496109009,13200
1980-06-20,0.0,1.03720943753918,1.0211701163401206,1.0265165567398071,7200
1980-06-23,0.0,1.0158239743288826,0.9997846484184265,0.9997846484184265,12400
1980-06-24,0.0,1.0158234073760661,0.9837447734589272,1.0051305294036865,19200
1980-06-25,0.0,0.9997846773974803,0.9623595825216389,0.967706024646759,57200
1980-06-26,0.0,1.042555809020996,0.9730520884195963,1.042555809020996,94400
1980-06-27,0.0,1.0479023183385532,1.0265165567398071,1.0265165567398071,11600
1980-06-30,0.0,1.0479017508657356,1.0158231258392334,1.0158231258392334,33200
1980-07-01,0.0,1.0692886114120483,1.0158241808414459,1.0692886114120483,44000
1980-07-02,0.0,1.0906745996048202,1.0692888231419806,1.0746352672576904,32000
1980-07-03,0.0,1.085326910018921,1.0532482821365883,1.085326910018921,26400
1980-07-07,0.0,1.1120603616955211,1.0746352533692296,1.101367473602295,43200
1980-07-08,0.0,1.1120588779449463,1.085326693378962,1.1120588779449463,86000
1980-07-09,0.0,1.1120603760676597,1.0692888231419806,1.0746352672576904,66400
1980-07-10,0.0,1.0692883975541772,1.0479026296030935,1.0639419555664062,11200
1980-07-11,0.0,1.0692886114120483,1.0639421683549881,1.0692886114120483,14800
1980-07-14,0.0,1.079980731010437,1.0532485346982974,1.079980731010437,16000
1980-07-15,0.0,1.0746350544691086,1.0479028391838074,1.0692886114120483,19600
1980-07-16,0.0,1.0746339371009748,1.0479017496109009,1.0479017496109009,16800
1980-07-17,0.0,1.0585951291597806,1.0265164888822114,1.042555809020996,38400
1980-07-18,0.0,1.0746350544691086,1.0265170669555663,1.0692886114120483,48800
1980-07-21,0.0,1.0692886114120483,1.058595725297928,1.0692886114120483,8000
1980-07-22,0.0,1.0639415924082096,1.0265165112682224,1.037209391593933,53200
1980-07-23,0.0,1.0692886114120483,1.058595725297928,1.0692886114120483,20800
1980-07-24,0.0,1.0746336543198787,1.0585943460464478,1.0585943460464478,137600
1980-07-25,0.0,1.0692886114120483,1.0532492822408677,1.0692886114120483,12400
1980-07-28,0.0,1.0692886114120483,1.0532492822408677,1.0692886114120483,15200
1980-07-29,0.0,1.0692886114120483,1.058595725297928,1.0692886114120483,21600
1980-07-30,0.0,1.0692886114120483,1.0692886114120483,1.0692886114120483,13200
1980-07-31,0.0,1.0799814975261688,1.058595725297928,1.0692886114120483,348000
1980-08-01,0.0,1.2403747096206204,1.0906743136319248,1.2350282669067383,224000
1980-08-04,0.0,1.224334807925754,1.202949047088623,1.202949047088623,176000
1980-08-05,0.0,1.2082955102835382,1.186909749039582,1.19760262966156,21200
1980-08-06,0.0,1.245720624923706,1.1869097799702264,1.245720624923706,308000
1980-08-07,0.0,1.3152243789238265,1.2564135327117856,1.2671064138412476,61200
1980-08-08,0.0,1.2991850336058801,1.256413509865769,1.2724528312683105,40400
1980-08-11,0.0,1.3366098403930664,1.2831454467773438,1.3366098403930664,432800
1980-08-12,0.0,1.341955924620394,1.3045308589935303,1.3045308589935303,38400
1980-08-13,0.0,1.3045309992974679,1.2671059296454912,1.2991845607757568,21600
1980-08-14,0.0,1.2991844887429096,1.2564129829406738,1.2564129829406738,24400
1980-08-15,0.0,1.2671064138412476,1.2296813298881306,1.2671064138412476,37200
1980-08-18,0.0,1.2777988001190383,1.2403737306594849,1.2403737306594849,26400
1980-08-19,0.0,1.2510671356449956,1.2189884911412778,1.229681372642517,169600
1980-08-20,0.0,1.2457204989173956,1.218988299369812,1.218988299369812,14400
1980-08-21,0.0,1.2671064138412476,1.2189884487586684,1.2671064138412476,7600
1980-08-22,0.0,1.2617604804761482,1.2350282669067383,1.2350282669067383,40400
1980-08-25,0.0,1.2296812019684242,1.2082954419341907,1.213641881942749,15200
1980-08-26,0.0,1.2243338823318481,1.2082945738296842,1.2243338823318481,27600
1980-08-27,0.0,1.218988825789595,1.2082959413528442,1.2082959413528442,5600
1980-08-28,0.0,1.2296812664972594,1.1708704233169556,1.1708704233169556,23600
1980-08-29,0.0,1.1708696664765823,1.1441374823104502,1.1494839191436768,10000
1980-09-02,0.0,1.165523648262024,1.1227521382340597,1.165523648262024,43600
1980-09-03,0.0,1.1869096755981445,1.1494845957369417,1.1869096755981445,24800
1980-09-04,0.0,1.2403737306594849,1.1869093457172657,1.2403737306594849,15200
1980-09-05,0.0,1.2403737306594849,1.229680853671041,1.2403737306594849,30000
1980-09-08,0.0,1.2564130461421505,1.2403737306594849,1.2403737306594849,118000
1980-09-09,0.0,1.2510671356449956,1.2243349318918975,1.229681372642517,12800
1980-09-10,0.0,1.261759877204895,1.22433479610136,1.261759877204895,25200
1980-09-11,0.0,1.2724528271752877,1.245720624923706,1.245720624923706,13600
1980-09-12,0.0,1.2510666076479287,1.2403737306594849,1.2403737306594849,8400
1980-09-15,0.0,1.2831456378354864,1.2510669968895993,1.261759877204895,23600
1980-09-16,0.0,1.299184963910906,1.2724527630073896,1.2884920835494995,26000
1980-09-17,0.0,1.352648377418518,1.3045304509490845,1.352648377418518,29600
1980-09-18,0.0,1.3686889164031497,1.3259173877655512,1.3473031520843506,20000
1980-09-19,0.0,1.3473026206694454,1.3259168647858035,1.3312633037567139,24400
1980-09-22,0.0,1.352649059640356,1.3312633037567139,1.3312633037567139,9600
1980-09-23,0.0,1.3419562797546387,1.325916961669922,1.3366098403930664,15600
1980-09-24,0.0,1.3366090815241745,1.3152233362197876,1.3152233362197876,7600
1980-09-25,0.0,1.3205703148626007,1.2991845607757568,1.2991845607757568,13200
1980-09-26,0.0,1.2777988788409111,1.2510666847229004,1.2510666847229004,10000
1980-09-29,0.0,1.23502736508579,1.1922558546066284,1.1922558546066284,16800
1980-09-30,0.0,1.2189883909055164,1.186909749039582,1.19760262966156,10400
1980-10-01,0.0,1.2403742541437563,1.1976027281387993,1.229681372642517,24400
1980-10-02,0.0,1.2403742541437563,1.2136420503906582,1.229681372642517,10400
1980-10-03,0.0,1.2403737306594849,1.2403737306594849,1.2403737306594849,4800
1980-10-06,0.0,1.2510666847229004,1.2296809294284918,1.2510666847229004,3200
1980-10-07,0.0,1.2510666847229004,1.2403738070756962,1.2510666847229004,800
1980-10-08,0.0,1.2403737306594849,1.2243344151768192,1.2403737306594849,10400
1980-10-09,0.0,1.245720624923706,1.2350277440230735,1.245720624923706,6800
1980-10-10,0.0,1.2510670653740226,1.2403741844733898,1.245720624923706,3600
1980-10-13,0.0,1.267106317362543,1.2457205567319514,1.261759877204895,6000
1980-10-14,0.0,1.2938383062680563,1.26175967057546,1.2831454277038574,7600
1980-10-15,0.0,1.2831457080759205,1.245720624923706,1.245720624923706,30000
1980-10-16,0.0,1.2777992717358244,1.2510670693982548,1.2724528312683105,18400
1980-10-17,0.0,1.2884921761001715,1.2617599732765166,1.2671064138412476,14800
1980-10-20,0.0,1.2831452386132602,1.2403737306594849,1.2403737306594849,9600
1980-10-21,0.0,1.240374059007879,1.218988299369812,1.218988299369812,34000
1980-10-22,0.0,1.218988299369812,1.218988299369812,1.218988299369812,8000
1980-10-23,0.0,1.2189883909055164,1.19760262966156,1.19760262966156,14800
1980-10-24,0.0,1.218988299369812,1.1976025397317451,1.218988299369812,6800
1980-10-27,0.0,1.2082955102835382,1.19760262966156,1.19760262966156,17200
1980-10-28,0.0,1.2403737306594849,1.1976022227057095,1.2403737306594849,12000
1980-10-29,0.0,1.2564135763956152,1.2189884911412778,1.229681372642517,10000
1980-10-30,0.0,1.229681710226346,1.2082959413528442,1.2082959413528442,12000
1980-10-31,0.0,1.2082955102835382,1.19760262966156,1.19760262966156,19600
1980-11-03,0.0,1.2403737306594849,1.1976022227057095,1.2403737306594849,15600
1980-11-05,0.0,1.3205703363930883,1.283145266130936,1.2938381433486938,36000
1980-11-06,0.0,1.2831457122033385,1.2403741884632271,1.2724528312683105,10000
1980-11-07,0.0,1.2884915284033103,1.2617593390173494,1.2777986526489258,13600
1980-11-10,0.0,1.2884920835494995,1.277799203188093,1.2884920835494995,2800
1980-11-11,0.0,1.2938383062680563,1.2831454277038574,1.2831454277038574,3200
1980-11-12,0.0,1.3045310205664515,1.288491704739815,1.2938381433486938,4400
1980-11-13,0.0,1.3366098403930664,1.304531204223633,1.3366098403930664,25200
1980-11-14,0.0,1.464924786708973,1.3259173251964427,1.443539023399353,30400
1980-11-17,0.0,1.4274991195310245,1.406113364931309,1.4114598035812378,14800
1980-11-18,0.0,1.4168059825897217,1.406113107249422,1.4168059825897217,10000
1980-11-19,0.0,1.4168059825897217,1.400766669579272,1.4168059825897217,9200
1980-11-20,0.0,1.4221524202598714,1.400766669579272,1.4168059825897217,12000
1980-11-21,0.0,1.4168059825897217,1.406113107249422,1.4168059825897217,18000
1980-11-24,0.0,1.443539023399353,1.411460378434923,1.443539023399353,12400
1980-11-25,0.0,1.4328452956001714,1.4168059825897217,1.4168059825897217,10000
1980-11-26,0.0,1.4595773615960266,1.4168058638203187,1.4488844871520996,16800
1980-11-28,0.0,1.4381925331965815,1.422153211265021,1.4274996519088745,8800
1980-12-01,0.0,1.4274996519088745,1.4274996519088745,1.4274996519088745,21600
1980-12-02,0.0,1.4488851275142685,1.411460050419804,1.4381922483444214,38000
1980-12-03,0.0,1.46492379881799,1.4328451754862093,1.4488844871520996,14000
1980-12-04,0.0,1.4542324365074955,1.4328466653823853,1.4328466653823853,9600
1980-12-05,0.0,1.4328458757328806,1.4221529960632324,1.4221529960632324,14000
1980-12-08,0.0,1.4114604450407482,1.3473031520843506,1.3473031520843506,25200
1980-12-09,0.0,1.347302719116211,1.3366098403930664,1.3366098403930664,16800
1980-12-10,0.0,1.3473031520843506,1.3473031520843506,1.3473031520843506,2000
1980-12-11,0.0,1.347302936462767,1.3419564962387085,1.3419564962387085,3600
1980-12-12,0.0,1.3579958169108843,1.3419564962387085,1.3419564962387085,12000
1980-12-15,0.0,1.3579961061477661,1.3366103406966203,1.3579961061477661,8000
1980-12-16,0.0,1.363342046737671,1.3579956073386996,1.363342046737671,105200
1980-12-17,1.363342046737671,1.363342046737671,1.363342046737671,1.363342046737671,0
1980-12-18,0.0,1.3793812226504087,1.3686883449554443,1.3686883449554443,6400
1980-12-19,0.0,1.390074610710144,1.3686888474684495,1.390074610710144,18000
1980-12-22,0.0,1.3900743198765855,1.3740350008010864,1.3740350008010864,6400
1980-12-23,0.0,1.411459966470267,1.37938133086867,1.4007670879364014,16000
1980-12-24,0.0,1.4007674923309912,1.390074610710144,1.390074610710144,2800
1980-12-26,0.0,1.3740350008010864,1.3740350008010864,1.3740350008010864,400
1980-12-29,0.0,1.390074610710144,1.3847281698997203,1.390074610710144,13600
1980-12-30,0.0,1.3900745145142308,1.3793816336333522,1.3847280740737915,4400
1980-12-31,0.0,1.3954209549546701,1.3847280740737915,1.3847280740737915,4000
1981-01-02,0.0,1.4007674923309912,1.390074610710144,1.390074610710144,11600
1981-01-05,0.0,1.4114603739518385,1.390074610710144,1.390074610710144,14800
1981-01-06,0.0,1.4168062422311667,1.4007669262813798,1.4114598035812378,10400
1981-01-07,0.0,1.3686889888733391,1.3579961061477661,1.3579961061477661,59600
1981-01-08,0.0,1.390074610710144,1.3686888474684495,1.390074610710144,21600
1981-01-09,0.0,1.4114598035812378,1.4007669262813798,1.4114598035812378,19200
1981-01-12,0.0,1.4221529960632324,1.411460116393584,1.4221529960632324,18000
1981-01-13,0.0,1.4702710367384413,1.432845955803281,1.4595781564712524,35200
1981-01-14,0.0,1.4863107688185098,1.4542321191317793,1.4756178855895996,13200
1981-01-15,0.0,1.4916564537321821,1.4542313814163208,1.4542313814163208,8800
1981-01-16,0.0,1.4916567972728185,1.4595781564712524,1.4595781564712524,25600
1981-01-19,0.0,1.454230924374063,1.4488844871520996,1.4488844871520996,10400
1981-01-20,0.0,1.4542313814163208,1.4435385036117891,1.4542313814163208,9200
1981-01-21,0.0,1.4488844871520996,1.4328451754862093,1.4488844871520996,14400
1981-01-22,0.0,1.443538755402529,1.4221529960632324,1.4221529960632324,16000
1981-01-23,0.0,1.4221529960632324,1.4221529960632324,1.4221529960632324,8000
1981-01-26,0.0,1.4328466653823853,1.411460894257275,1.4328466653823853,19200
1981-01-27,0.0,1.4274996519088745,1.4274996519088745,1.4274996519088745,800
1981-01-28,0.0,1.4381931081636627,1.4275002226011078,1.4328466653823853,7600
1981-01-29,0.0,1.4328466653823853,1.4275002226011078,1.4328466653823853,11600
1981-01-30,0.0,1.454230924374063,1.443538049930136,1.4488844871520996,12000
1981-02-02,0.0,1.443539023399353,1.438192582571948,1.443539023399353,24400
1981-02-03,0.0,1.443539023399353,1.443539023399353,1.443539023399353,7200
1981-02-04,0.0,1.4595778203185867,1.4435385036117891,1.4542313814163208,8400
1981-02-05,0.0,1.475617325438886,1.4381922483444214,1.4381922483444214,30400
1981-02-06,0.0,1.432846285226777,1.3579961061477661,1.3579961061477661,16400
1981-02-09,0.0,1.3526491383711499,1.2831454277038574,1.2831454277038574,20400
1981-02-10,0.0,1.2831456378354864,1.261759877204895,1.261759877204895,31600
1981-02-11,0.0,1.2831457122033385,1.2617599503332828,1.2724528312683105,6800
1981-02-12,0.0,1.2617595623701048,1.2457202458992982,1.2510666847229004,25600
1981-02-13,0.0,1.261759877204895,1.2457205567319514,1.261759877204895,2000
1981-02-17,0.0,1.2510666076479287,1.2403737306594849,1.2403737306594849,13600
1981-02-18,0.0,1.251066063168788,1.2243338823318481,1.2243338823318481,14400
1981-02-19,0.0,1.2296812481350368,1.1869097264607746,1.202949047088623,23600
1981-02-20,0.0,1.2243338823318481,1.2029481376622961,1.2243338823318481,13600
1981-02-23,0.0,1.2136418754990037,1.1869096755981445,1.1869096755981445,28400
1981-02-24,0.0,1.2082954872979057,1.1869097264607746,1.202949047088623,7600
1981-02-25,0.0,1.20294899553866,1.1869096755981445,1.1869096755981445,6800
1981-02-26,0.0,1.1976026247625482,1.1708704233169556,1.1708704233169556,11200
1981-02-27,0.0,1.218988299369812,1.1762167800936782,1.218988299369812,33200
1981-03-02,0.0,1.2457201691537068,1.2082950996941533,1.2403737306594849,6800
1981-03-03,0.0,1.2777992717358244,1.2510670693982548,1.2724528312683105,20800
1981-03-04,0.0,1.2938381433486938,1.283145266130936,1.2938381433486938,12400
1981-03-05,0.0,1.2884918669859569,1.2724525491396588,1.2831454277038574,4000
1981-03-06,0.0,1.2831457122033385,1.2403741884632271,1.2724528312683105,79600
1981-03-09,0.0,1.2617589355035639,1.2243338823318481,1.2243338823318481,8400
1981-03-10,0.0,1.240374059007879,1.218988299369812,1.218988299369812,8400
1981-03-11,0.0,1.2243348312165057,1.19760262966156,1.19760262966156,19600
1981-03-12,0.0,1.208295359394767,1.176216721534729,1.176216721534729,26800
1981-03-13,0.0,1.1869096008214084,1.176216721534729,1.176216721534729,14000
1981-03-16,0.0,1.176216690628617,1.1494844931143302,1.1548309326171875,54400
1981-03-17,0.0,1.165523648262024,1.133445015741051,1.165523648262024,42000
1981-03-18,0.0,1.1441380977630615,1.1334452183447152,1.1441380977630615,23600
1981-03-19,0.0,1.213641881942749,1.1334452818143737,1.213641881942749,14400
1981-03-20,0.0,1.213641881942749,1.1762168018828405,1.213641881942749,8800
1981-03-23,0.0,1.2296809262758948,1.1922558546066284,1.1922558546066284,10000
1981-03-24,0.0,1.2029487322264187,1.1869094157967333,1.1922558546066284,3600
1981-03-25,0.0,1.1869096755981445,1.1869096755981445,1.1869096755981445,2000
1981-03-26,0.0,1.1815631611780686,1.1548309629613702,1.176216721534729,36400
1981-03-27,0.0,1.1922558546066284,1.1762165381769427,1.1922558546066284,16400
1981-03-30,0.0,1.1922558546066284,1.1922558546066284,1.1922558546066284,1600
1981-03-31,0.0,1.2403737306594849,1.2082950996941533,1.2403737306594849,24000
1981-04-01,0.0,1.2510670653740226,1.2403741844733898,1.245720624923706,2800
1981-04-02,0.0,1.2457201691537068,1.2403737306594849,1.2403737306594849,5600
1981-04-03,0.0,1.240373190834012,1.2243338823318481,1.2243338823318481,4000
1981-04-06,0.0,1.2296811179681257,1.176216721534729,1.176216721534729,139600
1981-04-07,0.0,1.1869096008214084,1.1655238422480496,1.176216721534729,10400
1981-04-08,0.0,1.20294899553866,1.1869096755981445,1.1869096755981445,4400
1981-04-09,0.0,1.1976028200727782,1.1762170554286213,1.1815634965896606,18800
1981-04-10,0.0,1.1922558546066284,1.1922558546066284,1.1922558546066284,2400
1981-04-13,0.0,1.1922561155783162,1.176216795637801,1.1869096755981445,10000
1981-04-14,0.0,1.1869096008214084,1.176216721534729,1.176216721534729,3200
1981-04-15,0.0,1.176216690628617,1.1548309326171875,1.1548309326171875,11200
1981-04-16,0.0,1.1655238116229023,1.1548309326171875,1.1548309326171875,6400
1981-04-20,0.0,1.1815632290554487,1.16017746925354,1.16017746925354,9600
1981-04-21,0.0,1.1762161209033086,1.0906731302921588,1.1120588779449463,32000
1981-04-22,0.0,1.1548309326171875,1.1013665375886141,1.1548309326171875,16000
1981-04-23,0.0,1.1441386240833211,1.1120599710716392,1.1334457397460938,16000
1981-04-24,0.0,1.1655238116229023,1.133445174605758,1.1548309326171875,9600
1981-04-27,0.0,1.1334457397460938,1.1227528554088666,1.1334457397460938,8000
1981-04-28,0.0,1.1334447267523222,1.1174054145812988,1.1174054145812988,4800
1981-04-29,0.0,1.1227517517713401,1.1120588779449463,1.1120588779449463,11200
1981-04-30,0.0,1.1120588779449463,1.1120588779449463,1.1120588779449463,15600
1981-05-01,0.0,1.154830977181408,1.122752338926369,1.1441380977630615,22800
1981-05-04,0.0,1.1280993223190308,1.1120599954614143,1.1280993223190308,12000
1981-05-05,0.0,1.12275185197164,1.1174054145812988,1.1174054145812988,6400
1981-05-06,0.0,1.1280993223190308,1.1174064377472863,1.1280993223190308,5600
1981-05-07,0.0,1.1548315337483916,1.1280993223190308,1.1280993223190308,12400
1981-05-08,0.0,1.1494845599635666,1.1280988007084305,1.1387916803359985,5600
1981-05-11,0.0,1.1334446255977337,1.1013660041185527,1.1120588779449463,114800
1981-05-12,0.0,1.1013674878362398,1.0639423790262705,1.0746352672576904,7200
1981-05-13,0.0,1.0906729625933098,1.0479014738641603,1.0585943460464478,12800
1981-05-14,0.0,1.0746352672576904,1.0479030466791408,1.0746352672576904,10000
1981-05-15,0.0,1.101367473602295,1.0853281414624556,1.101367473602295,9200
1981-05-18,0.0,1.0799814975261688,1.0692886114120483,1.0692886114120483,9200
1981-05-19,0.0,1.0799800904110224,1.0585943460464478,1.0585943460464478,24000
1981-05-20,0.0,1.0906739234924316,1.0692881602866977,1.0906739234924316,3200
1981-05-21,0.0,1.0799814975261688,1.058595725297928,1.0692886114120483,16000
1981-05-22,0.0,1.069287218228735,1.0585943460464478,1.0585943460464478,7200
1981-05-26,0.0,1.0692886114120483,1.058595725297928,1.0692886114120483,6800
1981-05-27,0.0,1.0799814975261688,1.0532492822408677,1.0692886114120483,8000
1981-05-28,0.0,1.106713917648908,1.0799816974158425,1.101367473602295,14800
1981-05-29,0.0,1.1013662239600872,1.0746340340581435,1.085326910018921,10400
1981-06-01,0.0,1.085326526502166,1.0585943460464478,1.0585943460464478,18000
1981-06-02,0.0,1.0585952545260335,0.9516664409375453,0.9730522036552429,48800
1981-06-03,0.0,1.0479017496109009,0.9837444996347232,1.0479017496109009,20000
1981-06-04,0.0,1.0692885684482942,1.0532492399215698,1.0532492399215698,6800
1981-06-05,0.0,1.0585946246069304,1.042555312112886,1.0479017496109009,6400
1981-06-08,0.0,1.0479023898089375,0.9944379821656243,1.0104773044586182,24400
1981-06-09,0.0,1.0211694240570068,1.0211694240570068,1.0211694240570068,7600
1981-06-10,0.0,1.0158235731945242,0.9944378137588501,0.9944378137588501,124400
1981-06-11,0.0,1.0425558317567885,1.0158236309425117,1.037209391593933,22000
1981-06-12,0.0,1.0692874384667588,1.0265159409280884,1.0318623781204224,24800
1981-06-15,0.0,1.0265162853484457,1.0051305294036865,1.0051305294036865,40800
1981-06-16,0.0,1.0158235731945242,0.9944378137588501,0.9944378137588501,22000
1981-06-17,0.0,1.0479023183385532,1.0104772355407476,1.0265165567398071,19200
1981-06-18,0.0,1.0265165567398071,1.0158236759404342,1.0265165567398071,15600
1981-06-19,0.0,1.0372087343825096,1.0211694240570068,1.0211694240570068,8800
1981-06-22,0.0,1.0479017496109009,1.0318624371168565,1.0479017496109009,24800
1981-06-23,0.0,1.0585943460464478,1.0425550377730166,1.0585943460464478,41600
1981-06-24,0.0,1.069287218228735,1.053247909955304,1.0585943460464478,24800
1981-06-25,0.0,1.0585943460464478,1.0479014738641603,1.0585943460464478,6000
1981-06-26,0.0,1.0585946246069304,1.0479017496109009,1.0479017496109009,12800
1981-06-29,0.0,1.0746352672576904,1.0585959349105607,1.0746352672576904,17200
1981-06-30,0.0,1.0692874384667588,1.0318623781204224,1.0318623781204224,24800
1981-07-01,0.0,1.0479017496109009,1.0318624371168565,1.0479017496109009,4400
1981-07-02,0.0,1.03720943753918,1.0265165567398071,1.0265165567398071,14000
1981-07-06,0.0,1.0158235731945242,0.983744934041013,0.9944378137588501,26400
1981-07-07,0.0,1.015823412585903,0.9890912175178528,0.9890912175178528,22800
1981-07-08,0.0,0.9944377386051676,0.9837448596954346,0.9837448596954346,23600
1981-07-09,0.0,0.9783986310164133,0.9570128685898251,0.9623593091964722,20800
1981-07-10,0.0,1.0158234964246335,0.9730519807857015,0.9837448596954346,23200
1981-07-13,0.0,1.0479017496109009,0.9783980621367084,1.0479017496109009,26000
1981-07-14,0.0,1.0479023183385532,1.0265165567398071,1.0265165567398071,4400
1981-07-15,0.0,1.0479022719196438,1.0318629514310778,1.037209391593933,4000
1981-07-16,0.0,1.037209391593933,1.037209391593933,1.037209391593933,1600
1981-07-17,0.0,1.0585951291597806,1.042555809020996,1.042555809020996,9200
1981-07-20,0.0,1.053248689113519,1.042555809020996,1.042555809020996,8800
1981-07-21,0.0,1.0318623781204224,1.0318623781204224,1.0318623781204224,7200
1981-07-22,0.0,1.0479022719196438,1.037209391593933,1.037209391593933,2400
1981-07-23,0.0,1.0265164529123614,0.9944378137588501,0.9944378137588501,16800
1981-07-24,0.0,1.0211694240570068,0.9997836769563366,1.0211694240570068,12000
1981-07-27,0.0,1.0265166267516121,1.0104773044586182,1.0104773044586182,8000
1981-07-28,0.0,1.0104771333356057,0.9944378137588501,0.9944378137588501,11600
1981-07-29,0.0,0.9944378137588501,0.983744934041013,0.9944378137588501,15200
1981-07-30,0.0,1.0051306175149006,0.9837448596954346,0.9837448596954346,16800
1981-07-31,0.0,1.0211694240570068,0.9944372401811691,1.0211694240570068,7200
1981-08-03,0.0,1.0585943460464478,1.0265157294995857,1.0585943460464478,15600
1981-08-04,0.0,1.0692886114120483,1.058595725297928,1.0692886114120483,14400
1981-08-05,0.0,1.0799814541327772,1.0372099113948454,1.0532492399215698,28400
1981-08-06,0.0,1.0639407821375915,1.0479014738641603,1.0585943460464478,1600
1981-08-07,0.0,1.0639407821375915,1.0265157294995857,1.0585943460464478,6400
1981-08-10,0.0,1.0639419555664062,1.037209745627552,1.0639419555664062,10800
1981-08-11,0.0,1.0799814975261688,1.0639421683549881,1.0692886114120483,9600
1981-08-12,0.0,1.096020221710205,1.0799809013924948,1.096020221710205,12000
1981-08-13,0.0,1.0853277235174899,1.0639419555664062,1.0639419555664062,5200
1981-08-14,0.0,1.063941001274425,1.0318623781204224,1.0318623781204224,7600
1981-08-17,0.0,1.0585943460464478,1.037208601681873,1.0585943460464478,9200
1981-08-18,0.0,1.03720943753918,1.0265165567398071,1.0265165567398071,64800
1981-08-19,0.0,1.0318622976073422,1.0158229872818394,1.0211694240570068,6400
1981-08-20,0.0,1.0425558317567885,1.0265165112682224,1.037209391593933,8000
1981-08-21,0.0,1.0318623781204224,1.0318623781204224,1.0318623781204224,800
1981-08-24,0.0,1.0692883975541772,1.037209745627552,1.0639419555664062,14400
1981-08-25,0.0,1.0960206074930317,1.0532490715908644,1.0639419555664062,16000
1981-08-26,0.0,1.0639419555664062,1.0532490715908644,1.0639419555664062,6400
1981-08-27,0.0,1.0639407821375915,1.0585943460464478,1.0585943460464478,8800
1981-08-28,0.0,1.0853271702728648,1.0639414132231533,1.079980731010437,7200
1981-08-31,0.0,1.079981281529719,1.0639419555664062,1.0639419555664062,5600
1981-09-01,0.0,1.0639416395376127,1.0265165567398071,1.0265165567398071,15200
1981-09-02,0.0,1.042555809020996,1.031862928928473,1.042555809020996,3200
1981-09-03,0.0,1.0532481871089157,1.042555312112886,1.0479017496109009,10400
1981-09-04,0.0,1.053248689113519,1.031862928928473,1.042555809020996,4400
1981-09-08,0.0,1.053248689113519,1.0372093689747346,1.042555809020996,88400
1981-09-09,0.0,1.03720943753918,1.0265165567398071,1.0265165567398071,8800
1981-09-10,0.0,1.0318624383524844,1.0158231258392334,1.0158231258392334,11200
1981-09-11,0.0,1.0265164529123614,0.9944378137588501,0.9944378137588501,32800
1981-09-14,0.0,1.0051306934766873,0.9944378137588501,0.9944378137588501,3200
1981-09-15,0.0,1.0265160008480674,1.0104766883348164,1.0158231258392334,16400
1981-09-16,0.0,1.0158234073760661,0.9944376514313068,1.0051305294036865,28800
1981-09-17,0.0,0.9944379663729406,0.9623593222963941,0.9730522036552429,26800
1981-09-18,0.0,0.9677057498031192,0.951666427983178,0.9623593091964722,9600
1981-09-21,0.0,0.9944378137588501,0.9623591746053388,0.9944378137588501,8800
1981-09-22,0.0,0.9944379663729406,0.9730522036552429,0.9730522036552429,11600
1981-09-23,0.0,0.9837448596954346,0.9570126624211021,0.9837448596954346,8400
1981-09-24,0.0,0.989091299150301,0.9730519807857015,0.9837448596954346,8800
1981-09-25,0.0,0.9783979844114634,0.9570122361183167,0.9570122361183167,10400
1981-09-28,0.0,0.9516659379005432,0.9302801864870479,0.9516659379005432,76800
1981-09-29,0.0,0.9730522036552429,0.9623593222963941,0.9730522036552429,6000
1981-09-30,0.0,0.9623586731916033,0.9570122361183167,0.9570122361183167,1600
1981-10-01,0.0,0.9783989088969995,0.9570131403965186,0.967706024646759,8000
1981-10-02,0.0,0.9783986310164133,0.9623593091964722,0.9623593091964722,8000
1981-10-05,0.0,0.9837448596954346,0.9516662229662356,0.9837448596954346,6400
1981-10-06,0.0,0.9944378137588501,0.983744934041013,0.9944378137588501,2000
1981-10-07,0.0,1.0265158608321745,0.9890908034060014,1.0211694240570068,29200
1981-10-08,0.0,1.037209391593933,1.0104771907796564,1.037209391593933,13600
1981-10-09,0.0,1.0906743836402892,1.0479028391838074,1.0692886114120483,27200
1981-10-12,0.0,1.0799814541327772,1.0479027970793284,1.0532492399215698,12800
1981-10-13,0.0,1.053248689113519,1.031862928928473,1.042555809020996,9600
1981-10-14,0.0,1.0585951291597806,1.0372093689747346,1.042555809020996,24400
1981-10-15,0.0,1.037208815312756,1.0318623781204224,1.0318623781204224,3600
1981-10-16,0.0,1.03720943753918,1.0265165567398071,1.0265165567398071,6400
1981-10-19,0.0,1.0265165567398071,1.005130795141061,1.0265165567398071,13600
1981-10-20,0.0,1.0265160008480674,1.0104766883348164,1.0158231258392334,7200
1981-10-21,0.0,1.0158234073760661,0.9944376514313068,1.0051305294036865,16800
1981-10-22,0.0,1.0158231258392334,1.0051302508303994,1.0158231258392334,19200
1981-10-23,0.0,1.0051305294036865,1.0051305294036865,1.0051305294036865,1600
1981-10-26,0.0,1.0051305294036865,0.989091212445117,1.0051305294036865,8000
1981-10-27,0.0,1.0104773044586182,0.9997844229299556,1.0104773044586182,8800
1981-10-28,0.0,1.0265165567398071,1.0158236759404342,1.0265165567398071,6400
1981-10-29,0.0,1.0265160008480674,1.0158231258392334,1.0158231258392334,46800
1981-10-30,0.0,1.0051306175149006,0.9837448596954346,0.9837448596954346,8000
1981-11-02,0.0,1.0158235731945242,0.9944378137588501,0.9944378137588501,30400
1981-11-03,0.0,0.9944379663729406,0.9730522036552429,0.9730522036552429,111200
1981-11-04,0.0,0.9997846484184265,0.9837453225079705,0.9997846484184265,84400
1981-11-05,0.0,1.0265165567398071,1.005130795141061,1.0265165567398071,14400
1981-11-06,0.0,1.0158234073760661,0.9997840904174966,1.0051305294036865,6000
1981-11-09,0.0,0.9944379528363546,0.951666427983178,0.9623593091964722,25600
1981-11-10,0.0,0.9890912175178528,0.9623590224498026,0.9890912175178528,33200
1981-11-11,0.0,0.9890912175178528,0.9730519004770227,0.9890912175178528,7600
1981-11-12,0.0,0.9944379663729406,0.9730522036552429,0.9730522036552429,46800
1981-11-13,0.0,0.9944376565314628,0.9623590224498026,0.9890912175178528,410400
1981-11-16,0.0,0.9997841780600341,0.9623591018759686,0.9837448596954346,10400
1981-11-17,0.0,0.9944377386051676,0.9730519807857015,0.9837448596954346,18400
1981-11-18,0.0,1.0051305294036865,0.9837447734589272,1.0051305294036865,31600
1981-11-19,0.0,1.0051303164342815,0.9516659379005432,0.9516659379005432,16000
1981-11-20,0.0,0.9837448596954346,0.9570126624211021,0.9837448596954346,9600
1981-11-23,0.0,0.9730524667718793,0.9516666982713985,0.967706024646759,39600
1981-11-24,0.0,0.9730524667718793,0.9623595825216389,0.967706024646759,6800
1981-11-25,0.0,0.978398323059082,0.9730518841352619,0.978398323059082,12800
1981-11-27,0.0,0.978398323059082,0.9730518841352619,0.978398323059082,800
1981-11-30,0.0,0.9997846484184265,0.9783988805378185,0.9997846484184265,14800
1981-12-01,0.0,1.0158234073760661,0.9837447734589272,1.0051305294036865,26800
1981-12-02,0.0,1.0051305176781826,0.9677054452114418,0.978398323059082,12800
1981-12-03,0.0,1.0158231258392334,0.9783980633083142,1.0158231258392334,16400
1981-12-04,0.0,1.0211694240570068,1.005130113731504,1.0211694240570068,13600
1981-12-07,0.0,1.0265160008480674,0.9944373758215653,1.0158231258392334,14400
1981-12-08,0.0,0.9944378137588501,0.9944378137588501,0.9944378137588501,7200
1981-12-09,0.0,1.0051305294036865,0.9944376514313068,1.0051305294036865,6000
1981-12-10,0.0,1.0051306934766873,0.983744934041013,0.9944378137588501,9600
1981-12-11,0.0,1.0051306934766873,0.9890913738999315,0.9944378137588501,11200
1981-12-14,0.0,0.9837448596954346,0.9837448596954346,0.9837448596954346,10000
1981-12-15,0.0,0.9944378137588501,0.983744934041013,0.9944378137588501,8000
1981-12-16,0.0,0.9890912175178528,0.9677054614634127,0.9890912175178528,11200
1981-12-17,0.0,1.0051306934766873,0.9890913738999315,0.9944378137588501,33600
1981-12-18,0.0,1.037209391593933,1.005130750616801,1.037209391593933,36000
1981-12-21,0.0,1.0639419555664062,1.037209745627552,1.0639419555664062,19200
1981-12-22,0.0,1.1067131757736206,1.0532487711468757,1.1067131757736206,16000
1981-12-23,0.0,1.1120603760676597,1.0585959349105607,1.0746352672576904,25600
1981-12-24,0.0,1.063941569206042,1.042555809020996,1.042555809020996,6800
1981-12-28,0.0,1.0585943460464478,1.0158228573172983,1.0585943460464478,20000
1981-12-29,0.0,1.0479016896974236,1.0318623781204224,1.0318623781204224,16400
1981-12-30,0.0,1.0479022719196438,1.0265165112682224,1.037209391593933,9200
1981-12-31,0.0,1.037209391593933,1.021170071105367,1.037209391593933,22800
1982-01-04,0.0,1.069287218228735,1.0425550377730166,1.0585943460464478,33200
1982-01-05,0.0,1.063941569206042,1.042555809020996,1.042555809020996,20400
1982-01-06,0.0,1.037208815312756,1.0265159409280884,1.0318623781204224,17600
1982-01-07,0.0,1.0265160008480674,1.0104766883348164,1.0158231258392334,12400
1982-01-08,0.0,1.0265166267516121,1.0104773044586182,1.0104773044586182,40400
1982-01-11,0.0,1.0585951522453543,1.0265165112682224,1.037209391593933,28800
1982-01-12,0.0,1.0318622976073422,1.0211694240570068,1.0211694240570068,16400
1982-01-13,0.0,1.0158231258392334,1.0051302508303994,1.0158231258392334,234800
1982-01-14,0.0,1.021170013053443,0.983744934041013,0.9944378137588501,55200
1982-01-15,0.0,1.0104773044586182,0.989091541401293,1.0104773044586182,12000
1982-01-18,0.0,1.0104771333356057,0.9944378137588501,0.9944378137588501,17200
1982-01-19,0.0,1.0158237452229495,0.9997844229299556,1.0104773044586182,6800
1982-01-20,0.0,1.0158239743288826,0.9997846484184265,0.9997846484184265,5200
1982-01-21,0.0,1.0104771333356057,0.983744934041013,0.9944378137588501,12800
1982-01-22,0.0,1.0104773044586182,0.989091541401293,1.0104773044586182,33200
1982-01-25,0.0,1.0051310903885786,0.9944382064482745,0.9997846484184265,6400
1982-01-26,0.0,1.0051310903885786,0.9837453225079705,0.9997846484184265,63200
1982-01-27,0.0,1.0104775323587305,0.9997846484184265,0.9997846484184265,7200
1982-01-28,0.0,1.0158231258392334,1.0104766883348164,1.0158231258392334,7200
1982-01-29,0.0,1.0158234073760661,1.0051305294036865,1.0051305294036865,17600
1982-02-01,0.0,0.9997846484184265,0.9837453225079705,0.9997846484184265,7200
1982-02-02,0.0,1.0211694240570068,1.005130113731504,1.0211694240570068,23600
1982-02-03,0.0,1.0211695633436504,1.0051302508303994,1.0158231258392334,12800
1982-02-04,0.0,1.0265165567398071,1.005130795141061,1.0265165567398071,18800
1982-02-05,0.0,1.0265166267516121,1.0104773044586182,1.0104773044586182,12400
1982-02-08,0.0,1.0211694240570068,1.0158229872818394,1.0211694240570068,8000
1982-02-09,0.0,1.0211701859872808,1.0051308636942868,1.0104773044586182,11600
1982-02-10,0.0,1.0211694240570068,0.9997836769563366,1.0211694240570068,9200
1982-02-11,0.0,1.0265166267516121,1.0104773044586182,1.0104773044586182,10800
1982-02-12,0.0,1.0211694240570068,1.005130113731504,1.0211694240570068,12000
1982-02-16,0.0,1.0158234073760661,0.9944376514313068,1.0051305294036865,13600
1982-02-17,0.0,1.0051306934766873,0.9944378137588501,0.9944378137588501,14000
1982-02-18,0.0,0.9837450850140917,0.9623593222963941,0.9730522036552429,27200
1982-02-19,0.0,0.9944378137588501,0.9783984941820945,0.9944378137588501,5600
1982-02-22,0.0,1.0265165567398071,1.0104772355407476,1.0265165567398071,25600
1982-02-23,0.0,1.0104775323587305,0.9837453225079705,0.9997846484184265,14800
1982-02-24,0.0,1.010476973572293,0.9890912175178528,0.9890912175178528,9600
1982-02-25,0.0,1.0104775323587305,0.9837453225079705,0.9997846484184265,20400
1982-02-26,0.0,1.0158239743288826,0.9997846484184265,0.9997846484184265,4000
1982-03-01,0.0,1.0158235731945242,0.9944378137588501,0.9944378137588501,8400
1982-03-02,0.0,1.0211694240570068,0.9944372401811691,1.0211694240570068,21600
1982-03-03,0.0,1.0265158608321745,1.0104765505066717,1.0211694240570068,12000
1982-03-04,0.0,1.0265166267516121,1.0104773044586182,1.0104773044586182,8800
1982-03-05,0.0,1.0211694240570068,1.0104765505066717,1.0211694240570068,41600
1982-03-08,0.0,1.0265168582691866,0.9997846484184265,0.9997846484184265,61200
1982-03-09,0.0,1.0211694240570068,0.9890908034060014,1.0211694240570068,16800
1982-03-10,0.0,1.0479022719196438,1.0158236309425117,1.037209391593933,11600
1982-03-11,0.0,1.0372095082802748,1.0104773044586182,1.0104773044586182,66000
1982-03-12,0.0,1.0265166267516121,1.0104773044586182,1.0104773044586182,31200
1982-03-15,0.0,1.0265165567398071,1.005130795141061,1.0265165567398071,189600
1982-03-16,0.0,1.0425558317567885,1.0265165112682224,1.037209391593933,20800
1982-03-17,0.0,1.0479017496109009,1.0318624371168565,1.0479017496109009,16800
1982-03-18,0.0,1.0639419555664062,1.0479026296030935,1.0639419555664062,12000
1982-03-19,0.0,1.1013662239600872,1.0692875960777546,1.085326910018921,263200
1982-03-22,0.0,1.1227518320083618,1.0906732082366943,1.1227518320083618,26800
1982-03-23,0.0,1.1387917425574325,1.096020221710205,1.096020221710205,38800
1982-03-24,0.0,1.1013668050952987,1.0799810418895648,1.0906739234924316,36800
1982-03-25,0.0,1.0853281554891103,1.0692888231419806,1.0746352672576904,14000
1982-03-26,0.0,1.06928749960296,1.0479017496109009,1.0479017496109009,24800
1982-03-29,0.0,1.0746352672576904,1.0532494907948509,1.0746352672576904,10400
1982-03-30,0.0,1.096020221710205,1.0639415810747845,1.096020221710205,11200
1982-03-31,0.0,1.1067131627351046,1.0265165567398071,1.0265165567398071,61600
1982-04-01,0.0,1.0532492399215698,1.0318634685526038,1.0532492399215698,126400
1982-04-02,0.0,1.0960197859796985,1.063941158097366,1.085326910018921,37200
1982-04-05,0.0,1.0960208266973495,1.0639421683549881,1.0692886114120483,21600
1982-04-06,0.0,1.106713101922012,1.0639415810747845,1.096020221710205,26400
1982-04-07,0.0,1.1174053148581433,1.0906731302921588,1.1120588779449463,123600
1982-04-08,0.0,1.1013666618161086,1.0692880211806879,1.096020221710205,30400
1982-04-12,0.0,1.1013668050952987,1.0906739234924316,1.0906739234924316,35200
1982-04-13,0.0,1.0853271702728648,1.0692878524855811,1.079980731010437,148800
1982-04-14,0.0,1.0853281554891103,1.0746352672576904,1.0746352672576904,16800
1982-04-15,0.0,1.0746350544691086,1.0692886114120483,1.0692886114120483,7200
1982-04-16,0.0,1.0853271702728648,1.0585949739607252,1.079980731010437,47600
1982-04-19,0.0,1.106713917648908,1.0906745855090687,1.101367473602295,15600
1982-04-20,0.0,1.1120603616955211,1.101367473602295,1.101367473602295,12800
1982-04-21,0.0,1.1120588779449463,1.1013660041185527,1.1120588779449463,24800
1982-04-22,0.0,1.122752497161644,1.1067131757736206,1.1067131757736206,30000
1982-04-23,0.0,1.1334457397460938,1.1120599710716392,1.1334457397460938,20000
1982-04-26,0.0,1.1869094032760061,1.1494843320015375,1.165523648262024,51600
1982-04-27,0.0,1.1708702511257596,1.1548309326171875,1.1548309326171875,12400
1982-04-28,0.0,1.1494840184847515,1.1227518320083618,1.1227518320083618,12800
1982-04-29,0.0,1.1334447065989177,1.1227518320083618,1.1227518320083618,24000
1982-04-30,0.0,1.1548309326171875,1.133445174605758,1.1548309326171875,23600
1982-05-03,0.0,1.16017746925354,1.1441381494021086,1.16017746925354,12800
1982-05-04,0.0,1.165523648262024,1.154830770755033,1.165523648262024,69600
1982-05-05,0.0,1.165523648262024,1.154830770755033,1.165523648262024,14800
1982-05-06,0.0,1.1708703491544943,1.16017746925354,1.16017746925354,12000
1982-05-07,0.0,1.1815631611780686,1.1655238422480496,1.176216721534729,25200
1982-05-10,0.0,1.1762167891049715,1.16017746925354,1.16017746925354,8400
1982-05-11,0.0,1.1869096755981445,1.1655239156774573,1.1869096755981445,14800
1982-05-12,0.0,1.1869099377506998,1.1762170554286213,1.1815634965896606,9200
1982-05-13,0.0,1.1922558546066284,1.181562976986838,1.1922558546066284,8400
1982-05-14,0.0,1.2189883219513074,1.1922561219085157,1.213641881942749,159600
1982-05-17,0.0,1.2136416098462093,1.1922558546066284,1.1922558546066284,22400
1982-05-18,0.0,1.1655238565997543,1.1441380977630615,1.1441380977630615,41200
1982-05-19,0.0,1.1441380977630615,1.1013665800896761,1.1441380977630615,22800
1982-05-20,0.0,1.1441386240833211,1.1334457397460938,1.1334457397460938,10800
1982-05-21,0.0,1.1334457397460938,1.1227528554088666,1.1334457397460938,8000
1982-05-24,0.0,1.1387922068907752,1.1280993223190308,1.1280993223190308,26000
1982-05-25,0.0,1.1387921819147075,1.1280992975774802,1.1334457397460938,8800
1982-05-26,0.0,1.1441386240833211,1.1334457397460938,1.1334457397460938,10000
1982-05-27,0.0,1.1441380977630615,1.1334452183447152,1.1441380977630615,9600
1982-05-28,0.0,1.1548309997773505,1.1334452405222144,1.1387916803359985,19600
1982-06-01,0.0,1.1601767928101294,1.1387910454772239,1.1494839191436768,19200
1982-06-02,0.0,1.1548309997773505,1.1387916803359985,1.1387916803359985,8000
1982-06-03,0.0,1.1387916803359985,1.1280988007084305,1.1387916803359985,18400
1982-06-04,0.0,1.1494850662519347,1.1334457397460938,1.1334457397460938,14800
1982-06-07,0.0,1.1387911438941956,1.1227518320083618,1.1227518320083618,19600
1982-06-08,0.0,1.1334457397460938,1.1227528554088666,1.1334457397460938,9600
1982-06-09,0.0,1.1280993223190308,1.1174064377472863,1.1280993223190308,25200
1982-06-10,0.0,1.1227532497887474,1.0906745855090687,1.101367473602295,16000
1982-06-11,0.0,1.1120596866981656,1.0906739234924316,1.0906739234924316,14000
1982-06-14,0.0,1.101367473602295,1.0906745855090687,1.101367473602295,24400
1982-06-15,0.0,1.1013674878362398,1.0746352672576904,1.0746352672576904,6000
1982-06-16,0.0,1.101367473602295,1.0906745855090687,1.101367473602295,28400
1982-06-17,0.0,1.1013668050952987,1.0906739234924316,1.0906739234924316,2800
1982-06-18,0.0,1.0906743836402892,1.0692886114120483,1.0692886114120483,5600
1982-06-21,0.0,1.0692885684482942,1.0532492399215698,1.0532492399215698,20000
1982-06-22,0.0,1.0532481871089157,1.0479017496109009,1.0479017496109009,48800
1982-06-23,0.0,1.0479017496109009,1.0479017496109009,1.0479017496109009,60800
1982-06-24,0.0,1.0639421256060528,1.0532492399215698,1.0532492399215698,40400
1982-06-25,0.0,1.0639419555664062,1.0425561876153226,1.0639419555664062,26800
1982-06-28,0.0,1.0906736095352927,1.0692878524855811,1.079980731010437,54400
1982-06-29,0.0,1.1120603616955211,1.0906745855090687,1.101367473602295,74000
1982-06-30,0.0,1.112059616236295,1.0960202948482716,1.1067131757736206,38400
1982-07-01,0.0,1.106713101922012,1.0906737816043017,1.096020221710205,22400
1982-07-02,0.0,1.1067126619404761,1.085326910018921,1.085326910018921,3200
1982-07-06,0.0,1.096020221710205,1.0853273414983982,1.096020221710205,19600
1982-07-07,0.0,1.101367473602295,1.0906745855090687,1.101367473602295,9200
1982-07-08,0.0,1.101367473602295,1.0853281414624556,1.101367473602295,13600
1982-07-09,0.0,1.1120588779449463,1.1013660041185527,1.1120588779449463,2800
1982-07-12,0.0,1.154830977181408,1.1441380977630615,1.1441380977630615,19200
1982-07-13,0.0,1.1494845374722347,1.1441380977630615,1.1441380977630615,10000
1982-07-14,0.0,1.16017746925354,1.1441381494021086,1.16017746925354,25200
1982-07-15,0.0,1.1655238116229023,1.144138053611473,1.1548309326171875,19600
1982-07-16,0.0,1.1708703491544943,1.16017746925354,1.16017746925354,15600
1982-07-19,0.0,1.160177372120045,1.1548309326171875,1.1548309326171875,4800
1982-07-20,0.0,1.1601774168905812,1.1441380977630615,1.1441380977630615,152400
1982-07-21,0.0,1.154830977181408,1.1441380977630615,1.1441380977630615,23600
1982-07-22,0.0,1.1441380977630615,1.1441380977630615,1.1441380977630615,2000
1982-07-23,0.0,1.1441386240833211,1.1334457397460938,1.1334457397460938,13600
1982-07-26,0.0,1.1494845599635666,1.1334452405222144,1.1387916803359985,5200
1982-07-27,0.0,1.1441380977630615,1.128098778635542,1.1441380977630615,12000
1982-07-28,0.0,1.1494845374722347,1.1334452183447152,1.1441380977630615,9600
1982-07-29,0.0,1.1548309997773505,1.1334452405222144,1.1387916803359985,13600
1982-07-30,0.0,1.1708702511257596,1.144138053611473,1.1548309326171875,20400
1982-08-02,0.0,1.176216721534729,1.1655238422480496,1.176216721534729,35200
1982-08-03,0.0,1.1922561155783162,1.1815632356179726,1.1869096755981445,40800
1982-08-04,0.0,1.176216721534729,1.1548309629613702,1.176216721534729,19200
1982-08-05,0.0,1.176216721534729,1.1548309629613702,1.176216721534729,15600
1982-08-06,0.0,1.1655239092040173,1.1441381494021086,1.16017746925354,18800
1982-08-09,0.0,1.1708708349263894,1.1334457397460938,1.1334457397460938,55600
1982-08-10,0.0,1.160177372120045,1.133445174605758,1.1548309326171875,84000
1982-08-11,0.0,1.1762165257690151,1.144137893248042,1.165523648262024,136800
1982-08-12,0.0,1.1708702963089275,1.1441380977630615,1.1441380977630615,9200
1982-08-13,0.0,1.1601767928101294,1.1441374823104502,1.1494839191436768,4800
1982-08-16,0.0,1.1708700870155195,1.1387914544945463,1.165523648262024,12000
1982-08-17,0.0,1.1976022934165236,1.154830782937362,1.1922558546066284,32400
1982-08-18,0.0,1.1815632290554487,1.154831029303063,1.16017746925354,63200
1982-08-19,0.0,1.176216690628617,1.144138053611473,1.1548309326171875,18400
1982-08-20,0.0,1.1708703491544943,1.154831029303063,1.16017746925354,17200
1982-08-23,0.0,1.1815629645225105,1.154830770755033,1.165523648262024,15200
1982-08-24,0.0,1.154830977181408,1.1387916580538884,1.1441380977630615,20400
1982-08-25,0.0,1.1441386240833211,1.1227528554088666,1.1334457397460938,42000
1982-08-26,0.0,1.1334447267523222,1.0906732276295932,1.1174054145812988,22400
1982-08-27,0.0,1.12275185197164,1.1120589771909577,1.1174054145812988,10800
1982-08-30,0.0,1.1174054145812988,1.1067125398006166,1.1174054145812988,10400
1982-08-31,0.0,1.1494845599635666,1.1120594812670783,1.1387916803359985,20800
1982-09-01,0.0,1.154830977181408,1.1387916580538884,1.1441380977630615,10400
1982-09-02,0.0,1.1387921819147075,1.1227528554088666,1.1334457397460938,45200
1982-09-03,0.0,1.1441381201497824,1.1387916803359985,1.1387916803359985,4800
1982-09-07,0.0,1.1334446255977337,1.0906731302921588,1.1120588779449463,37600
1982-09-08,0.0,1.1441375811894734,1.0960196455319722,1.1227518320083618,28800
1982-09-09,0.0,1.133445764604903,1.1174064377472863,1.1280993223190308,10400
1982-09-10,0.0,1.1280993223190308,1.1120599954614143,1.1280993223190308,8800
1982-09-13,0.0,1.1387922068907752,1.1280993223190308,1.1280993223190308,15200
1982-09-14,0.0,1.1387922068907752,1.1280993223190308,1.1280993223190308,23200
1982-09-15,0.0,1.128098289361981,1.1174054145812988,1.1174054145812988,15600
1982-09-16,0.0,1.1494845599635666,1.1174059210808625,1.1387916803359985,25200
1982-09-17,0.0,1.1762165257690151,1.1387914544945463,1.165523648262024,43600
1982-09-20,0.0,1.1922558420295015,1.154830770755033,1.165523648262024,18800
1982-09-21,0.0,1.2136419275071886,1.176216846042209,1.202949047088623,17600
1982-09-22,0.0,1.256413378736429,1.218988299369812,1.218988299369812,51600
1982-09-23,0.0,1.229681195439519,1.176216795637801,1.1869096755981445,53600
1982-09-24,0.0,1.2189883219513074,1.1869096818999572,1.213641881942749,21200
1982-09-27,0.0,1.218988299369812,1.1869096599127116,1.218988299369812,28400
1982-09-28,0.0,1.2403737306594849,1.2136415381883752,1.2403737306594849,19200
1982-09-29,0.0,1.2350276190983622,1.218988299369812,1.218988299369812,18000
1982-09-30,0.0,1.2243347392793287,1.2082954195507785,1.218988299369812,11600
1982-10-01,0.0,1.2350281524447213,1.2082959413528442,1.2082959413528442,42400
1982-10-04,0.0,1.229681372642517,1.2189884911412778,1.229681372642517,11200
1982-10-05,0.0,1.240374059007879,1.218988299369812,1.218988299369812,31600
1982-10-06,0.0,1.2350278133931367,1.2189884911412778,1.229681372642517,167600
1982-10-07,0.0,1.245720694894376,1.229681372642517,1.229681372642517,135200
1982-10-08,0.0,1.2403742541437563,1.229681372642517,1.229681372642517,52800
1982-10-11,0.0,1.2777986526489258,1.2350271496313885,1.2777986526489258,69200
1982-10-12,0.0,1.2884915284033103,1.2671057768945415,1.2777986526489258,45200
1982-10-13,0.0,1.3205703148626007,1.2724523681672022,1.2991845607757568,160400
1982-10-14,0.0,1.315224063396454,1.2831454277038574,1.2831454277038574,50800
1982-10-15,0.0,1.2831453176645133,1.2510666847229004,1.2510666847229004,33600
1982-10-18,0.0,1.304531474073394,1.2617599503332828,1.2724528312683105,30400
1982-10-19,0.0,1.3045309992974679,1.283145245210624,1.2991845607757568,116400
1982-10-20,0.0,1.3366097427276245,1.2724524750766983,1.3312633037567139,194000
1982-10-21,0.0,1.3686889164031497,1.3205709466858515,1.3473031520843506,97600
1982-10-22,0.0,1.3900747543244851,1.3579961061477661,1.3579961061477661,172000
1982-10-25,0.0,1.3686886973590016,1.3419564962387085,1.3419564962387085,27200
1982-10-26,0.0,1.3419561816985348,1.3259168647858035,1.3312633037567139,16800
1982-10-27,0.0,1.3419563241543309,1.3259170055389404,1.3259170055389404,29200
1982-10-28,0.0,1.336609486673699,1.2938379831001408,1.3045308589935303,19200
1982-10-29,0.0,1.2991845819575727,1.283145266130936,1.2938381433486938,16800
1982-11-01,0.0,1.3205703925113288,1.2777988818227028,1.3098775148391724,21200
1982-11-02,0.0,1.3259170055389404,1.3045312473850865,1.3259170055389404,26800
1982-11-03,0.0,1.3793805587904255,1.3152233234978477,1.352648377418518,40800
1982-11-04,0.0,1.4542310462807708,1.352648730547923,1.4168059825897217,48000
1982-11-05,0.0,1.4114602762759882,1.3847280740737915,1.3847280740737915,6000
1982-11-08,0.0,1.390074243732527,1.363342046737671,1.363342046737671,20800
1982-11-09,0.0,1.3900745145142308,1.3579958718715948,1.3847280740737915,154400
1982-11-10,0.0,1.4007669780403376,1.3686883449554443,1.3686883449554443,15200
1982-11-11,0.0,1.3847282396422491,1.3473031520843506,1.3473031520843506,20800
1982-11-12,0.0,1.379380572132948,1.3152233362197876,1.3152233362197876,33200
1982-11-15,0.0,1.3045308589935303,1.2938379831001408,1.3045308589935303,17600
1982-11-16,0.0,1.3098773651934685,1.2564129829406738,1.2564129829406738,32400
1982-11-17,0.0,1.3045311848322552,1.2724525491396588,1.2831454277038574,32400
1982-11-18,0.0,1.2617594846363724,1.2082950996941533,1.2403737306594849,44800
1982-11-19,0.0,1.2991846341353197,1.235027368252094,1.2510666847229004,33200
1982-11-22,0.0,1.2296814670390133,1.1815634965896606,1.1815634965896606,47600
1982-11-23,0.0,1.224334761959866,1.1708703618742822,1.213641881942749,18800
1982-11-24,0.0,1.2243352680079707,1.192256614697718,1.2082959413528442,40800
1982-11-26,0.0,1.19760262966156,1.19760262966156,1.19760262966156,2800
1982-11-29,0.0,1.2350282669067383,1.2082960533373284,1.2350282669067383,24000
1982-11-30,0.0,1.3045310205664515,1.229680880042147,1.2938381433486938,32800
1982-12-01,0.0,1.3205703925113288,1.2938381983309375,1.3098775148391724,7200
1982-12-02,0.0,1.2991845607757568,1.288491683732335,1.2991845607757568,18400
1982-12-03,0.0,1.3098772799120788,1.2724522147717336,1.2777986526489258,66000
1982-12-06,0.0,1.3045310205664515,1.2671059503042994,1.2938381433486938,26000
1982-12-07,0.0,1.3045308589935303,1.2831451072067512,1.3045308589935303,13600
1982-12-08,0.0,1.2938381953117175,1.2403738070756962,1.2510666847229004,65200
1982-12-09,0.0,1.261759877204895,1.2403741165743036,1.261759877204895,5600
1982-12-10,0.0,1.2671060011937068,1.2510666847229004,1.2510666847229004,63200
1982-12-13,0.0,1.261759877204895,1.229681236259008,1.261759877204895,30400
1982-12-14,0.0,1.2831456378354864,1.2564134370472473,1.261759877204895,130000
1982-12-15,0.0,1.272452722036891,1.213641881942749,1.213641881942749,19200
1982-12-16,0.0,1.2243346783247862,1.176216721534729,1.176216721534729,34400
1982-12-17,0.0,1.1869099377506998,1.1762170554286213,1.1815634965896606,9200
1982-12-20,0.0,1.2082955102835382,1.192256189350571,1.19760262966156,18400
1982-12-21,0.0,1.2082959413528442,1.1976030569160936,1.2082959413528442,5600
1982-12-22,0.0,1.2243347554593473,1.1869096755981445,1.1869096755981445,14800
1982-12-23,0.0,1.2082955102835382,1.19760262966156,1.19760262966156,18800
1982-12-27,0.0,1.2029489888573572,1.16017746925354,1.16017746925354,16400
1982-12-28,0.0,1.1334446255977337,1.1120588779449463,1.1120588779449463,102000
1982-12-29,0.0,1.1334447267523222,1.1120589771909577,1.1174054145812988,20800
1982-12-30,0.0,1.1441375811894734,1.112058957417806,1.1227518320083618,26400
1982-12-31,0.0,1.1387916803359985,1.1334452405222144,1.1387916803359985,14000
1983-01-03,0.0,1.1494839191436768,1.1387910454772239,1.1494839191436768,60800
1983-01-04,0.0,1.1494845599635666,1.1334452405222144,1.1387916803359985,44800
1983-01-05,0.0,1.154830977181408,1.1441380977630615,1.1441380977630615,161200
1983-01-06,0.0,1.1762165257690151,1.1387914544945463,1.165523648262024,107200
1983-01-07,0.0,1.224334761959866,1.1762168018828405,1.213641881942749,316400
1983-01-10,0.0,1.2938383062680563,1.224334595600764,1.2831454277038574,55600
1983-01-11,0.0,1.2884920779931344,1.2403741165743036,1.261759877204895,90800
1983-01-12,0.0,1.2777992949707095,1.2564135327117856,1.2671064138412476,29200
1983-01-13,0.0,1.283145090526118,1.2724522147717336,1.2777986526489258,20800
1983-01-14,0.0,1.2777986526489258,1.2724522147717336,1.2777986526489258,15200
1983-01-17,0.0,1.3152242844530162,1.2724527630073896,1.2884920835494995,36000
1983-01-18,0.0,1.2991847455501557,1.2831454277038574,1.2831454277038574,42400
1983-01-19,0.0,1.2831457122033385,1.2724528312683105,1.2724528312683105,24000
1983-01-20,0.0,1.2724528544059786,1.2617599732765166,1.2671064138412476,22000
1983-01-21,0.0,1.2777988788409111,1.2403738070756962,1.2510666847229004,35200
1983-01-24,0.0,1.2510666847229004,1.2296809294284918,1.2510666847229004,84400
1983-01-25,0.0,1.2403745946630969,1.202949499134469,1.2082959413528442,11600
1983-01-26,0.0,1.2403742541437563,1.2189884911412778,1.229681372642517,23200
1983-01-27,0.0,1.2350278133931367,1.2189884911412778,1.229681372642517,52000
1983-01-28,0.0,1.2510669388269122,1.218988299369812,1.218988299369812,66800
1983-01-31,0.0,1.261759877204895,1.2189883559437122,1.261759877204895,11600
1983-02-01,0.0,1.3473027636927943,1.3045312473850865,1.3259170055389404,88000
1983-02-02,0.0,1.3473031520843506,1.3098780645264518,1.3473031520843506,51600
1983-02-03,0.0,1.411459966470267,1.3579955738009386,1.4007670879364014,185200
1983-02-04,0.0,1.4061137437820435,1.3900744235107654,1.4061137437820435,54400
1983-02-07,0.0,1.4221528450041325,1.3900742094025356,1.4007670879364014,42800
1983-02-08,0.0,1.3900747543244851,1.3526496647849797,1.3579961061477661,47200
1983-02-09,0.0,1.3847270201342974,1.3579948382784228,1.3793805837631226,60000
1983-02-10,0.0,1.390074610710144,1.3579959658476022,1.390074610710144,50800
1983-02-11,0.0,1.384727661497891,1.3686883449554443,1.3686883449554443,36800
1983-02-14,0.0,1.3900734565054722,1.3686877110207727,1.3793805837631226,58400
1983-02-15,0.0,1.4221528450041325,1.352649134534006,1.4007670879364014,48800
1983-02-16,0.0,1.448885993726218,1.4275002226011078,1.4328466653823853,70800
1983-02-17,0.0,1.464924931526184,1.4328462833905742,1.464924931526184,76000
1983-02-18,0.0,1.4970030784606934,1.4542315619332449,1.4970030784606934,21200
1983-02-22,0.0,1.5290823963516993,1.5076966285705569,1.5076966285705566,108800
1983-02-23,0.0,1.5397752523422241,1.507696601251761,1.5397752523422241,36800
1983-02-24,0.0,1.561161019735866,1.5290823686454031,1.5397752523422241,70800
1983-02-25,0.0,1.5397752523422241,1.5130430431001716,1.5397752523422241,73600
1983-02-28,0.0,1.539775205913343,1.5237358808517456,1.5237358808517456,28800
1983-03-01,0.0,1.534428596496582,1.5183892731882556,1.534428596496582,68800
1983-03-02,0.0,1.5718535650266359,1.539774920842419,1.561160683631897,57600
1983-03-03,0.0,1.561160683631897,1.5290820394476798,1.561160683631897,83600
1983-03-04,0.0,1.5825456380844116,1.5611598862184062,1.5825456380844116,32000
1983-03-07,0.0,1.5825463958265047,1.5344284310885368,1.5451213121414185,66800
1983-03-08,0.0,1.5344288633387284,1.5023502111434937,1.5023502111434937,11200
1983-03-09,0.0,1.5023502111434937,1.5023502111434937,1.5023502111434937,28000
1983-03-10,0.0,1.534428596496582,1.5023499498799289,1.534428596496582,36400
1983-03-11,0.0,1.5183897018432617,1.502350374006889,1.5183897018432617,13200
1983-03-14,0.0,1.5130423971584865,1.4970030784606934,1.4970030784606934,156000
1983-03-15,0.0,1.486310311230746,1.4649245513569225,1.4702709913253784,4000
1983-03-16,0.0,1.4756174768720356,1.4595781564712524,1.4595781564712524,40400
1983-03-17,0.0,1.4702717648513282,1.4328466653823853,1.4328466653823853,72400
1983-03-18,0.0,1.4328452956001714,1.4168059825897217,1.4168059825897217,70000
1983-03-21,0.0,1.4221524202598714,1.4114595449195717,1.4168059825897217,29600
1983-03-22,0.0,1.4381923155677048,1.4168065562284082,1.4221529960632324,34800
1983-03-23,0.0,1.5076966285705569,1.4328464413365576,1.5076966285705566,33600
1983-03-24,0.0,1.5397745949881416,1.4970030784606934,1.4970030784606934,35600
1983-03-25,0.0,1.4756178855895996,1.4756178855895996,1.4756178855895996,1200
1983-03-28,0.0,1.491656751199202,1.4702709913253784,1.4702709913253784,29200
1983-03-29,0.0,1.4649242592208527,1.4542313814163208,1.4542313814163208,6800
1983-03-30,0.0,1.4542313814163208,1.4435385036117891,1.4542313814163208,26400
1983-03-31,0.0,1.518389512461128,1.4702715349535571,1.5076966285705566,21200
1983-04-04,0.0,1.5397752523422241,1.507696601251761,1.5397752523422241,35200
1983-04-05,0.0,1.5397752523422241,1.507696601251761,1.5397752523422241,16000
1983-04-06,0.0,1.5397745949881416,1.4970030784606934,1.4970030784606934,20000
1983-04-07,0.0,1.486310311230746,1.4702709913253784,1.4702709913253784,43600
1983-04-08,0.0,1.4970030784606934,1.470270880631038,1.4970030784606934,161200
1983-04-11,0.0,1.5397750375993577,1.5076963909827044,1.534428596496582,36800
1983-04-12,0.0,1.5397752523422241,1.5397752523422241,1.5397752523422241,16000
1983-04-13,0.0,1.5504680892877412,1.5237358808517456,1.5237358808517456,70800
1983-04-14,0.0,1.5237359544064137,1.5076966285705569,1.5076966285705566,9200
1983-04-15,0.0,1.539774101097267,1.507695473991074,1.5290812253952026,43200
1983-04-18,0.0,1.5290820101545894,1.513042688369751,1.513042688369751,6800
1983-04-19,0.0,1.518389512461128,1.5076966285705569,1.5076966285705566,20800
1983-04-20,0.0,1.518389512461128,1.5076966285705569,1.5076966285705566,20400
1983-04-21,0.0,1.5183888367244176,1.4970030784606934,1.4970030784606934,62000
1983-04-22,0.0,1.5023495180266244,1.4970030784606934,1.4970030784606934,43200
1983-04-25,0.0,1.5397752523422241,1.507696601251761,1.5397752523422241,21600
1983-04-26,0.0,1.550468136039045,1.5290823686454031,1.5397752523422241,29600
1983-04-27,0.0,1.561160683631897,1.539774920842419,1.561160683631897,27200
1983-04-28,0.0,1.5932388305664062,1.571853074451421,1.5932388305664062,49600
1983-04-29,0.0,1.6520503520965577,1.5985859394073487,1.630664587020874,20400
1983-05-02,0.0,1.630664587020874,1.6146252632141114,1.630664587020874,34400
1983-05-03,0.0,1.6413574936358553,1.625318169593811,1.625318169593811,34800
1983-05-04,0.0,1.6360110522885072,1.625318169593811,1.625318169593811,14000
1983-05-05,0.0,1.6360110522885072,1.625318169593811,1.625318169593811,9600
1983-05-06,0.0,1.6787829903455882,1.6306650065458739,1.6680901050567627,172800
1983-05-09,0.0,1.6680892185100074,1.6467034592983407,1.6520498991012573,19600
1983-05-10,0.0,1.6413569672434938,1.6360105276107788,1.6360105276107788,48800
1983-05-11,0.0,1.6360105276107788,1.6253176483453489,1.6360105276107788,86400
1983-05-12,0.0,1.6520498465089237,1.6360105276107788,1.6360105276107788,14000
1983-05-13,0.0,1.6680901050567627,1.6306650065458739,1.6680901050567627,37200
1983-05-16,0.0,1.6627432346343995,1.630664587020874,1.630664587020874,40800
1983-05-17,0.0,1.6360110522885072,1.619971728246463,1.625318169593811,73200
1983-05-18,0.0,1.625318169593811,1.619971728246463,1.625318169593811,26400
1983-05-19,0.0,1.6360108356664675,1.619971513748169,1.619971513748169,12800
1983-05-20,0.0,1.625318169593811,1.6039324042044187,1.625318169593811,13200
1983-05-23,0.0,1.619971513748169,1.6092786324693031,1.619971513748169,4800
1983-05-24,0.0,1.619971178225334,1.6092782991611405,1.6146247386932373,3200
1983-05-25,0.0,1.6039320230484009,1.5878927028179168,1.6039320230484009,62000
1983-05-26,0.0,1.6039304908701408,1.5932376209310066,1.5985840559005737,22400
1983-05-27,0.0,1.614624903202057,1.5878927028179168,1.6039320230484009,74800
1983-05-31,0.0,1.603931730443781,1.5878924131393433,1.5878924131393433,10400
1983-06-01,0.0,1.5985840559005737,1.5771983160223053,1.5985840559005737,33200
1983-06-02,0.0,1.5932388305664062,1.58789239153766,1.5932388305664062,5600
1983-06-03,0.0,1.5932388305664062,1.5771995134801673,1.5932388305664062,12400
1983-06-06,0.0,1.5985852695951526,1.5825459525089136,1.5932388305664062,15200
1983-06-07,0.0,1.5932386764863722,1.566506483927876,1.5718529224395752,52400
1983-06-08,0.0,1.5611598525013957,1.5290812253952026,1.5290812253952026,11600
1983-06-09,0.0,1.5183897018432617,1.5183897018432617,1.5183897018432617,8400
1983-06-10,0.0,1.5504679679870605,1.529082202911377,1.5504679679870605,7200
1983-06-13,0.0,1.5825456380844116,1.5558134482519048,1.5825456380844116,42400
1983-06-14,0.0,1.6039323806762695,1.577200174331665,1.577200174331665,13600
1983-06-15,0.0,1.582546446421375,1.5504678022371579,1.561160683631897,8800
1983-06-16,0.0,1.56116080201046,1.534428596496582,1.534428596496582,23200
1983-06-17,0.0,1.5397752523422241,1.5397752523422241,1.5397752523422241,7600
1983-06-20,0.0,1.5344287642261438,1.5237358808517456,1.5237358808517456,15200
1983-06-21,0.0,1.534428596496582,1.4970035087771534,1.534428596496582,24400
1983-06-22,0.0,1.5397750375993577,1.523735714291031,1.534428596496582,49200
1983-06-23,0.0,1.5397752523422241,1.5237359267969925,1.5397752523422241,21600
1983-06-24,0.0,1.561160683631897,1.5344284801450494,1.561160683631897,7600
1983-06-27,0.0,1.5344290296796341,1.5183897018432617,1.5183897018432617,12800
1983-06-28,0.0,1.5130430952085718,1.5023502111434937,1.5023502111434937,14000
1983-06-29,0.0,1.5076959575925555,1.4916566388947623,1.4970030784606934,29200
1983-06-30,0.0,1.539775205913343,1.49700367241575,1.5237358808517456,128000
1983-07-01,0.0,1.5397752523422241,1.518389484948582,1.5397752523422241,21200
1983-07-05,0.0,1.534428838296985,1.5076966285705569,1.5076966285705566,18400
1983-07-06,0.0,1.5076966285705569,1.4916573027346998,1.5076966285705566,20000
1983-07-07,0.0,1.518389512461128,1.5076966285705569,1.5076966285705566,32400
1983-07-08,0.0,1.497002892634448,1.4542313814163208,1.4542313814163208,28800
1983-07-11,0.0,1.4702709913253784,1.4595781113884665,1.4702709913253784,10400
1983-07-12,0.0,1.4863103571392242,1.4595781564712524,1.4595781564712524,14800
1983-07-13,0.0,1.4756171370253843,1.4542313814163208,1.4542313814163208,28000
1983-07-14,0.0,1.4756178855895996,1.4542321191317793,1.4756178855895996,22000
1983-07-15,0.0,1.475617814238054,1.4542320488143141,1.464924931526184,9600
1983-07-18,0.0,1.4756174312938344,1.4542316714200105,1.4702709913253784,24800
1983-07-19,0.0,1.4863098859786987,1.4649241322236095,1.4863098859786987,35200
1983-07-20,0.0,1.4756171370253843,1.4542313814163208,1.4542313814163208,46400
1983-07-21,0.0,1.4863107688185098,1.4595785607462344,1.4756178855895996,29600
1983-07-22,0.0,1.4970029810423493,1.4756172241703156,1.4916565418243408,60000
1983-07-25,0.0,1.561160683631897,1.4863105138687238,1.561160683631897,22400
1983-07-26,0.0,1.5825457994629737,1.5558136069044775,1.5718529224395752,8000
1983-07-27,0.0,1.5932388522408225,1.582545974037864,1.5878924131393433,16000
1983-07-28,0.0,1.582546446421375,1.561160683631897,1.561160683631897,20800
1983-07-29,0.0,1.5504679679870605,1.5504679679870605,1.5504679679870605,400
1983-08-01,0.0,1.5451213121414185,1.5290819905620958,1.5451213121414185,16800
1983-08-02,0.0,1.571853684216011,1.534428596496582,1.534428596496582,48000
1983-08-03,0.0,1.52908258706751,1.5183897018432617,1.5183897018432617,2000
1983-08-04,0.0,1.5451213121414185,1.5344284310885368,1.5451213121414185,6800
1983-08-05,0.0,1.5451205389482991,1.5237347875441705,1.5290812253952026,23600
1983-08-08,0.0,1.5825456380844116,1.5397741343524005,1.5825456380844116,14800
1983-08-09,0.0,1.5932395466358589,1.566507339477539,1.566507339477539,82800
1983-08-10,0.0,1.5932388305664062,1.5771995134801673,1.5932388305664062,20800
1983-08-11,0.0,1.6039317086238989,1.5932388305664062,1.5932388305664062,18400
1983-08-12,0.0,1.6573962549500119,1.5825461015006563,1.6146247386932373,57200
1983-08-15,0.0,1.6467037169453334,1.614625073108736,1.619971513748169,19200
1983-08-16,0.0,1.6199697957788424,1.5985840559005737,1.5985840559005737,10800
1983-08-17,0.0,1.619971513748169,1.5878928699115715,1.619971513748169,32800
1983-08-18,0.0,1.6360110522885072,1.625318169593811,1.625318169593811,8400
1983-08-19,0.0,1.6627423763275146,1.6146244297456895,1.6627423763275146,24000
1983-08-22,0.0,1.6627432346343995,1.630664587020874,1.630664587020874,37600
1983-08-23,0.0,1.630664610941159,1.625318169593811,1.625318169593811,27600
1983-08-24,0.0,1.6520498991012573,1.6253177000866739,1.6520498991012573,8400
1983-08-25,0.0,1.6467030048370361,1.6413565665096432,1.6467030048370361,3600
1983-08-26,0.0,1.6467030048370361,1.6360101281822503,1.6467030048370361,15200
1983-08-29,0.0,1.641357421875,1.6360109807614007,1.641357421875,4000
1983-08-30,0.0,1.6360110522885072,1.6092788455517668,1.625318169593811,34000
1983-08-31,0.0,1.7001676559448242,1.6306639467395325,1.7001676559448242,59600
1983-09-01,0.0,1.7108613271561879,1.6787826772720094,1.6841291189193726,17200
1983-09-02,0.0,1.7108605342840997,1.6894747776055485,1.7001676559448242,13200
1983-09-06,0.0,1.7108613271561879,1.6787826772720094,1.6841291189193726,112800
1983-09-07,0.0,1.7001672198500815,1.6787814686569986,1.68947434425354,90400
1983-09-08,0.0,1.6841294329900007,1.646704334479112,1.6680901050567627,22400
1983-09-09,0.0,1.7001688736094287,1.6787831016143415,1.6948224306106567,50800
1983-09-12,0.0,1.7108600154803817,1.6787813901901245,1.6787813901901245,84000
1983-09-13,0.0,1.7001676559448242,1.6894747776055485,1.7001676559448242,10000
1983-09-14,0.0,1.7055160999298096,1.6894767635668333,1.7055160999298096,14800
1983-09-15,0.0,1.7215536832809448,1.710860803260566,1.7215536832809448,7600
1983-09-16,0.0,1.7964035272598267,1.7108605021522159,1.7964035272598267,42000
1983-09-19,0.0,1.796403810649575,1.7803644909116323,1.7857109308242798,34800
1983-09-20,0.0,1.7964035272598267,1.775017770982924,1.7964035272598267,22400
1983-09-21,0.0,1.796403810649575,1.7857109308242798,1.7857109308242798,39200
1983-09-22,0.0,1.7964035272598267,1.775017770982924,1.7964035272598267,52800
1983-09-23,0.0,1.8070964272342511,1.7857106706989345,1.7910571098327637,12800
1983-09-26,0.0,1.7910580921318031,1.7429401135372173,1.7589794397354126,20800
1983-09-27,0.0,1.7375930033115126,1.7215536832809448,1.7215536832809448,10000
1983-09-28,0.0,1.7429394433217018,1.710860803260566,1.7215536832809448,19200
1983-09-29,0.0,1.7108605342840997,1.7001676559448242,1.7001676559448242,2400
1983-09-30,0.0,1.7108617596069722,1.689475987611885,1.6948224306106567,6400
1983-10-03,0.0,1.6948212061446315,1.6734354496002197,1.6734354496002197,14000
1983-10-04,0.0,1.6894755605667355,1.6787826772720094,1.6841291189193726,6000
1983-10-05,0.0,1.7055160999298096,1.6787838726581825,1.7055160999298096,5600
1983-10-06,0.0,1.7589788896228196,1.7215538068648872,1.7482860088348389,12000
1983-10-07,0.0,1.7750178575515747,1.7375927822417525,1.7750178575515747,42000
1983-10-10,0.0,1.7857109308242798,1.7643251711736896,1.7857109308242798,10400
1983-10-11,0.0,1.8070969581604004,1.785711195341934,1.8070969581604004,18000
1983-10-12,0.0,1.8070964935314224,1.7750178575515747,1.7750178575515747,206400
1983-10-13,0.0,1.7643255467821912,1.753632664680481,1.753632664680481,7200
1983-10-14,0.0,1.7696723238675427,1.7589794397354126,1.7589794397354126,5200
1983-10-17,0.0,1.7536328321585626,1.7322470659127265,1.7429399490356445,11600
1983-10-18,0.0,1.7429394433217018,1.7215536832809448,1.7215536832809448,13600
1983-10-19,0.0,1.7215554362927858,1.7055160999298096,1.7055160999298096,13600
1983-10-20,0.0,1.7055153166082004,1.689475987611885,1.6948224306106567,69600
1983-10-21,0.0,1.732247591018677,1.7055153751078949,1.7322475910186768,53200
1983-10-24,0.0,1.732246899383356,1.721554017288397,1.7269004583358765,20400
1983-10-25,0.0,1.7269004583358765,1.7162075762409175,1.7269004583358765,79200
1983-10-26,0.0,1.726900123291134,1.710860803260566,1.7215536832809448,10800
1983-10-27,0.0,1.710862545384135,1.7001696544754843,1.7055160999298096,10400
1983-10-28,0.0,1.7108613271561879,1.6841291189193726,1.6841291189193726,16000
1983-10-31,0.0,1.6680891654070684,1.6360105276107788,1.6360105276107788,35600
1983-11-01,0.0,1.678781634801394,1.6467030048370361,1.6467030048370361,23200
1983-11-02,0.0,1.6680887581466082,1.6413565665096432,1.6467030048370361,18400
1983-11-03,0.0,1.6467027885969294,1.6092777252197266,1.6092777252197266,21600
1983-11-04,0.0,1.6092769258397082,1.5985840559005737,1.5985840559005737,9600
1983-11-07,0.0,1.6199707038499214,1.5825456380844116,1.5825456380844116,23600
1983-11-08,0.0,1.6146247386932373,1.5825461015006563,1.6146247386932373,6800
1983-11-09,0.0,1.6146247386932373,1.6039318596290437,1.6146247386932373,4400
1983-11-10,0.0,1.6413574936358553,1.625318169593811,1.625318169593811,15200
1983-11-11,0.0,1.636011028289795,1.6253181457519532,1.630664587020874,10000
1983-11-14,0.0,1.6413574936358553,1.625318169593811,1.625318169593811,7600
1983-11-15,0.0,1.6360104968216245,1.6146247386932373,1.6146247386932373,137200
1983-11-16,0.0,1.625318169593811,1.6146252868991149,1.625318169593811,12800
1983-11-17,0.0,1.6253162307484095,1.5985840559005737,1.5985840559005737,18000
1983-11-18,0.0,1.6360110522885072,1.5825466388150264,1.625318169593811,47200
1983-11-21,0.0,1.6573963389041741,1.641357019495424,1.6520498991012573,29200
1983-11-22,0.0,1.657395601272583,1.6253169767318234,1.657395601272583,21600
1983-11-23,0.0,1.646703910827637,1.6199717044830324,1.630664587020874,14800
1983-11-25,0.0,1.6306643950270348,1.619971513748169,1.619971513748169,7200
1983-11-28,0.0,1.6253171418164227,1.5825456380844116,1.5825456380844116,13200
1983-11-29,0.0,1.5718529224395752,1.5504671683927784,1.5718529224395752,24400
1983-11-30,0.0,1.6146241628450413,1.582545537093153,1.6092777252197266,20800
1983-12-01,0.0,1.6146233608092753,1.5878911859614395,1.5985840559005737,26400
1983-12-02,0.0,1.5932388305664062,1.58789239153766,1.5932388305664062,3200
1983-12-05,0.0,1.5932385140174146,1.5825456380844116,1.5825456380844116,19600
1983-12-06,0.0,1.5878924131393433,1.582545974037864,1.5878924131393433,1600
1983-12-07,0.0,1.5932385140174146,1.5825456380844116,1.5825456380844116,19200
1983-12-08,0.0,1.5665071243292665,1.5558142429345274,1.561160683631897,43600
1983-12-09,0.0,1.5665066676451167,1.5504673502289552,1.5558137893676758,30800
1983-12-12,0.0,1.5665066676451167,1.5558137893676758,1.5558137893676758,19600
1983-12-13,0.0,1.5665071243292665,1.5558142429345274,1.561160683631897,10000
1983-12-14,0.0,1.566507339477539,1.561160898045875,1.566507339477539,14400
1983-12-15,0.0,1.5611602285063961,1.5237351545353526,1.5558137893676758,26800
1983-12-16,0.0,1.5451210345540727,1.4863101993288312,1.4970030784606934,16800
1983-12-19,0.0,1.518389512461128,1.4970037446799855,1.5076966285705566,11600
1983-12-20,0.0,1.518389512461128,1.4970037446799855,1.5076966285705566,14800
1983-12-21,0.0,1.518389512461128,1.4970037446799855,1.5076966285705566,10800
1983-12-22,0.0,1.502350021017729,1.464924931526184,1.464924931526184,32000
1983-12-23,0.0,1.4381922483444214,1.411460050419804,1.4381922483444214,20800
1983-12-27,0.0,1.448885993726218,1.4275002226011078,1.4328466653823853,13600
1983-12-28,0.0,1.4809644222259524,1.4328464446085025,1.4809644222259521,23600
1983-12-29,0.0,1.4863107688185098,1.4649250023606895,1.4756178855895996,20800
1983-12-30,0.0,1.4702709913253784,1.4542316714200105,1.4702709913253784,44800
1984-01-03,0.0,1.4863098859786987,1.4702705706623818,1.4863098859786987,15600
1984-01-04,0.0,1.5451213121414185,1.4863104663505686,1.5451213121414185,23600
1984-01-05,0.0,1.577200174331665,1.5504679679870605,1.5504679679870605,27200
1984-01-06,0.0,1.5718529224395752,1.5451207298810792,1.5718529224395752,20400
1984-01-09,0.0,1.5932385140174146,1.571852762151409,1.5825456380844116,23600
1984-01-10,0.0,1.582546446421375,1.561160683631897,1.561160683631897,38000
1984-01-11,0.0,1.561160633720741,1.5451213121414185,1.5451213121414185,27600
1984-01-12,0.0,1.5397750375993577,1.534428596496582,1.534428596496582,10400
1984-01-13,0.0,1.5237358808517456,1.5076965557901483,1.5237358808517456,32400
1984-01-16,0.0,1.5611608505249024,1.534428644180298,1.5504679679870605,36000
1984-01-17,0.0,1.5718529224395752,1.53977429136938,1.5718529224395752,22000
1984-01-18,0.0,1.593239670826329,1.5397752523422241,1.5397752523422241,45200
1984-01-19,0.0,1.550468136039045,1.5397752523422241,1.5397752523422241,21200
1984-01-20,0.0,1.5504679679870605,1.529082202911377,1.5504679679870605,36400
1984-01-23,0.0,1.561160683631897,1.539774920842419,1.561160683631897,26000
1984-01-24,0.0,1.571853903432687,1.5397752523422241,1.5397752523422241,35600
1984-01-25,0.0,1.5558141931943001,1.5397748716149775,1.5451213121414185,8000
1984-01-26,0.0,1.5504677526678594,1.5344284310885368,1.5451213121414185,38400
1984-01-27,0.0,1.5558143609076844,1.534428596496582,1.534428596496582,10400
1984-01-30,0.0,1.5504669767993313,1.5290812253952026,1.5290812253952026,12400
1984-01-31,0.0,1.539774101097267,1.5290812253952026,1.5290812253952026,16800
1984-02-01,0.0,1.5397752523422241,1.5290823686454031,1.5397752523422241,18800
1984-02-02,0.0,1.561160683631897,1.5451213615397885,1.561160683631897,20400
1984-02-03,0.0,1.61462426588342,1.571852762151409,1.5825456380844116,40800
1984-02-06,0.0,1.593239498138428,1.5504679679870605,1.5504679679870605,47600
1984-02-07,0.0,1.5558144092559816,1.5397750854492187,1.5504679679870605,15200
1984-02-08,0.0,1.571853684216011,1.5290821553938065,1.534428596496582,29600
1984-02-09,0.0,1.5237358808517456,1.5076965557901483,1.5237358808517456,82000
1984-02-10,0.0,1.539774101097267,1.5183883496931383,1.5290812253952026,12800
1984-02-13,0.0,1.5290812253952026,1.507695473991074,1.5290812253952026,16400
1984-02-14,0.0,1.5183888367244176,1.4970030784606934,1.4970030784606934,69200
1984-02-15,0.0,1.4970030784606934,1.4970030784606934,1.4970030784606934,20800
1984-02-16,0.0,1.491656324417471,1.4863098859786987,1.4863098859786987,20400
1984-02-17,0.0,1.491656324417471,1.4863098859786987,1.4863098859786987,28800
1984-02-21,0.0,1.4809643272040547,1.4702714439751445,1.4756178855895996,38800
1984-02-22,0.0,1.464924931526184,1.4542320488143141,1.464924931526184,20800
1984-02-23,0.0,1.464924786708973,1.4221532600897329,1.443539023399353,24800
1984-02-24,0.0,1.4756178855895996,1.4542321191317793,1.4756178855895996,2800
1984-02-27,0.0,1.4756178855895996,1.4435392359028691,1.4756178855895996,20800
1984-02-28,0.0,1.4756171370253843,1.4542313814163208,1.4542313814163208,11600
1984-02-29,0.0,1.4809644222259524,1.45423221243848,1.4809644222259521,7200
1984-03-01,0.0,1.5076966285705569,1.4702715349535571,1.5076966285705566,5200
1984-03-02,0.0,1.582546787129508,1.507696601251761,1.5397752523422241,13800
1984-03-05,0.0,1.539774101097267,1.4970025982890096,1.5290812253952026,23000
1984-03-06,0.0,1.507696462373664,1.4542320488143141,1.464924931526184,53400
1984-03-07,0.0,1.4863100148299162,1.4435385036117891,1.4542313814163208,18800
1984-03-08,0.0,1.4649242592208527,1.4435385036117891,1.4542313814163208,5000
1984-03-09,0.0,1.4542324365074955,1.4328466653823853,1.4328466653823853,16200
1984-03-12,0.0,1.4756182076326056,1.4328466653823853,1.4328466653823853,10400
1984-03-13,0.0,1.5183888367244176,1.4328458036695209,1.4970030784606934,10800
1984-03-14,0.0,1.5183885166113325,1.454231255346065,1.4863098859786987,22000
1984-03-15,0.0,1.4863098859786987,1.4649241322236095,1.4863098859786987,4800
1984-03-16,0.0,1.4970027628562432,1.4649241322236095,1.4863098859786987,7200
1984-03-19,0.0,1.497002892634448,1.4542313814163208,1.4542313814163208,11200
1984-03-20,0.0,1.497002892634448,1.4542313814163208,1.4542313814163208,14600
1984-03-21,0.0,1.5183888367244176,1.4756173201969691,1.4970030784606934,8000
1984-03-22,0.0,1.4863107688185098,1.4542321191317793,1.4756178855895996,9400
1984-03-23,0.0,1.5076966285705569,1.4649250930082716,1.5076966285705566,5200
1984-03-26,0.0,1.4970030784606934,1.4970030784606934,1.4970030784606934,400
1984-03-27,0.0,1.4649242592208527,1.4435385036117891,1.4542313814163208,7400
1984-03-28,0.0,1.4756178855895996,1.4435392359028691,1.4756178855895996,2200
1984-03-29,0.0,1.4756182076326056,1.4328466653823853,1.4328466653823853,28800
1984-03-30,0.0,1.443538755402529,1.4221529960632324,1.4221529960632324,5400
1984-04-02,0.0,1.4435384354808114,1.4114598035812378,1.4114598035812378,49200
1984-04-03,0.0,1.464924931526184,1.4221534006787042,1.464924931526184,9600
1984-04-04,0.0,1.464924786708973,1.443539023399353,1.443539023399353,9600
1984-04-05,0.0,1.4435384354808114,1.4114598035812378,1.4114598035812378,14600
1984-04-06,0.0,1.4756178855895996,1.422153469445049,1.4756178855895996,31400
1984-04-09,0.0,1.497003431673403,1.443539023399353,1.443539023399353,7000
1984-04-10,0.0,1.443538755402529,1.4221529960632324,1.4221529960632324,21200
1984-04-11,0.0,1.443538755402529,1.4221529960632324,1.4221529960632324,8600
1984-04-12,0.0,1.443539023399353,1.4221532600897329,1.443539023399353,2000
1984-04-13,0.0,1.4542316350721773,1.4221529960632324,1.4221529960632324,7600
1984-04-16,0.0,1.443539023399353,1.4221532600897329,1.443539023399353,18800
1984-04-17,0.0,1.4435384354808114,1.4007669262813798,1.4114598035812378,107000
1984-04-18,0.0,1.4114598035812378,1.4114598035812378,1.4114598035812378,22000
1984-04-19,0.0,1.4756171370253843,1.4435385036117891,1.4542313814163208,7800
1984-04-23,0.0,1.4649253220700507,1.42215377981983,1.4328466653823853,7400
1984-04-24,0.0,1.4542313814163208,1.4328456258072573,1.4542313814163208,17800
1984-04-25,0.0,1.464924931526184,1.4328462833905742,1.464924931526184,8800
1984-04-26,0.0,1.464924931526184,1.4328462833905742,1.464924931526184,11200
1984-04-27,0.0,1.4863098859786987,1.454231255346065,1.4863098859786987,8400
1984-04-30,0.0,1.5183897018432617,1.497003931394765,1.5183897018432617,29000
1984-05-01,0.0,1.5290817158562797,1.4970030784606934,1.4970030784606934,18000
1984-05-02,0.0,1.5611598525013957,1.4970025982890096,1.5290812253952026,25000
1984-05-03,0.0,1.5290812253952026,1.507695473991074,1.5290812253952026,22000
1984-05-04,0.0,1.5504683575160065,1.497003931394765,1.5183897018432617,6400
1984-05-07,0.0,1.52908258706751,1.497003931394765,1.5183897018432617,9400
1984-05-08,0.0,1.539774101097267,1.5290812253952026,1.5290812253952026,5000
1984-05-09,0.0,1.561160683631897,1.5504678022371579,1.561160683631897,3000
1984-05-10,0.0,1.5718529224395752,1.53977429136938,1.5718529224395752,3200
1984-05-11,0.0,1.5718541279645033,1.497003931394765,1.5183897018432617,9200
1984-05-14,0.0,1.5076966285705569,1.4649250930082716,1.5076966285705566,58800
1984-05-15,0.0,1.518389345085534,1.464924931526184,1.464924931526184,7400
1984-05-16,0.0,1.464924931526184,1.4328462833905742,1.464924931526184,31400
1984-05-17,0.0,1.4863105500185931,1.443539023399353,1.443539023399353,32000
1984-05-18,0.0,1.4435384888201952,1.3686883449554443,1.3686883449554443,215800
1984-05-21,0.0,1.4114603739518385,1.3686888474684495,1.390074610710144,11600
1984-05-22,0.0,1.4221529960632324,1.3900743570542873,1.4221529960632324,3800
1984-05-23,0.0,1.4114592019901717,1.3793805837631226,1.3793805837631226,9200
1984-05-24,0.0,1.3900742340087893,1.3366098403930664,1.3366098403930664,57000
1984-05-25,0.0,1.3686889164031497,1.336610269924951,1.3473031520843506,8200
1984-05-29,0.0,1.3793812226504087,1.3473025895655155,1.3686883449554443,15200
1984-05-30,0.0,1.3686889164031497,1.3473031520843506,1.3473031520843506,11800
1984-05-31,0.0,1.3686884765625,1.3366098403930664,1.3366098403930664,22000
1984-06-01,0.0,1.3686889164031497,1.336610269924951,1.3473031520843506,29800
1984-06-04,0.0,1.3793805837631226,1.3579948382784228,1.3793805837631226,27200
1984-06-05,0.0,1.3900741003453732,1.3686883449554443,1.3686883449554443,15800
1984-06-06,0.0,1.3686883449554443,1.35799546726048,1.3686883449554443,8400
1984-06-07,0.0,1.3686883449554443,1.35799546726048,1.3686883449554443,11400
1984-06-08,0.0,1.3686889164031497,1.336610269924951,1.3473031520843506,18400
1984-06-11,0.0,1.3686876994807546,1.3152233362197876,1.3152233362197876,67000
1984-06-12,0.0,1.3473031520843506,1.3259173877655512,1.3473031520843506,28400
1984-06-13,0.0,1.3473023625670888,1.3045308589935303,1.3045308589935303,18800
1984-06-14,0.0,1.3473027636927943,1.3259170055389404,1.3259170055389404,118600
1984-06-15,0.0,1.3473031520843506,1.3259173877655512,1.3473031520843506,50200
1984-06-18,0.0,1.3473031520843506,1.3259173877655512,1.3473031520843506,9400
1984-06-19,0.0,1.347302719116211,1.325916961669922,1.3366098403930664,34800
1984-06-20,0.0,1.3579955978393556,1.3366098403930664,1.3366098403930664,20000
1984-06-21,0.0,1.3579955978393556,1.3366098403930664,1.3366098403930664,20600
1984-06-22,0.0,1.3579961061477661,1.3366103406966203,1.3579961061477661,10200
1984-06-25,0.0,1.3793805837631226,1.3793805837631226,1.3793805837631226,18800
1984-06-26,0.0,1.3793805837631226,1.3366090927937233,1.3793805837631226,17200
1984-06-27,0.0,1.3793817985625494,1.336610269924951,1.3473031520843506,22200
1984-06-28,0.0,1.4114598035812378,1.3579954170819484,1.4114598035812378,77400
1984-06-29,0.0,1.454231905054163,1.411460378434923,1.443539023399353,44600
1984-07-02,0.0,1.4328455581809534,1.4114598035812378,1.4114598035812378,4200
1984-07-03,0.0,1.464924931526184,1.4328462833905742,1.464924931526184,45000
1984-07-05,0.0,1.4970030784606934,1.443538682801383,1.4970030784606934,42200
1984-07-06,0.0,1.52908258706751,1.497003931394765,1.5183897018432617,58600
1984-07-09,0.0,1.5504669767993313,1.4970025982890096,1.5290812253952026,47800
1984-07-10,0.0,1.5290817158562797,1.4970030784606934,1.4970030784606934,23000
1984-07-11,0.0,1.5397751849630605,1.4756178855895996,1.4756178855895996,22200
1984-07-12,0.0,1.4970028219801006,1.4114598035812378,1.4114598035812378,21800
1984-07-13,0.0,1.4542313814163208,1.4114598701981937,1.4542313814163208,37000
1984-07-16,0.0,1.4756178855895996,1.4328463526739592,1.4756178855895996,28000
1984-07-17,0.0,1.464924931526184,1.4542320488143141,1.464924931526184,4200
1984-07-18,0.0,1.464924931526184,1.464924931526184,1.464924931526184,4200
1984-07-19,0.0,1.475617394411474,1.4221529960632324,1.4221529960632324,8600
1984-07-20,0.0,1.4328455581809534,1.4007669262813798,1.4114598035812378,10000
1984-07-23,0.0,1.4221533272001479,1.3473031520843506,1.3473031520843506,30000
1984-07-24,0.0,1.3686881143538678,1.3045308589935303,1.3045308589935303,26400
1984-07-25,0.0,1.3686889164031497,1.304531623446752,1.3473031520843506,55200
1984-07-26,0.0,1.3366098403930664,1.325916961669922,1.3366098403930664,15200
1984-07-27,0.0,1.3579961061477661,1.3366103406966203,1.3579961061477661,34200
1984-07-30,0.0,1.3793805837631226,1.3579948382784228,1.3793805837631226,20600
1984-07-31,0.0,1.4114598035812378,1.3686882943818064,1.4114598035812378,23600
1984-08-01,0.0,1.454231905054163,1.3686888518156828,1.443539023399353,37200
1984-08-02,0.0,1.497002892634448,1.4542313814163208,1.4542313814163208,10000
1984-08-03,0.0,1.5076959575925555,1.464924441065107,1.4970030784606934,20000
1984-08-06,0.0,1.582546615600586,1.5183893203735352,1.5504679679870605,50800
1984-08-07,0.0,1.5504679679870605,1.5397750854492187,1.5504679679870605,20000
1984-08-08,0.0,1.5932385140174146,1.5504670102854035,1.5825456380844116,66800
1984-08-09,0.0,1.582546787129508,1.5397752523422241,1.5397752523422241,65400
1984-08-10,0.0,1.561161019735866,1.5397752523422241,1.5397752523422241,21200
1984-08-13,0.0,1.5397752802422706,1.5076966285705569,1.5076966285705566,6600
1984-08-14,0.0,1.5290823963516993,1.4970037446799855,1.5076966285705566,8400
1984-08-15,0.0,1.5290823963516993,1.5076966285705569,1.5076966285705566,11600
1984-08-16,0.0,1.5290823963516993,1.4970037446799855,1.5076966285705566,8800
1984-08-17,0.0,1.507695639733788,1.4863098859786987,1.4863098859786987,51200
1984-08-20,0.0,1.49700365204742,1.4542321191317793,1.4756178855895996,63400
1984-08-21,0.0,1.4970030784606934,1.4756173201969691,1.4970030784606934,24000
1984-08-22,0.0,1.4970030784606934,1.4756173201969691,1.4970030784606934,4400
1984-08-23,0.0,1.52908258706751,1.497003931394765,1.5183897018432617,19200
1984-08-24,0.0,1.550468136039045,1.5397752523422241,1.5397752523422241,10000
1984-08-27,0.0,1.5397752523422241,1.5290823686454031,1.5397752523422241,5000
1984-08-28,0.0,1.561160683631897,1.539774920842419,1.561160683631897,16400
1984-08-29,0.0,1.5932388305664062,1.5290815622214502,1.5932388305664062,21800
1984-08-30,0.0,1.6573958814918222,1.5932386215631065,1.6467030048370361,43800
1984-08-31,0.0,1.678781350966423,1.6253169767318234,1.657395601272583,49000
1984-09-04,0.0,1.7108606100082397,1.6253175795078278,1.7108606100082397,48200
1984-09-05,0.0,1.7429386407706386,1.6787813901901245,1.6787813901901245,105400
1984-09-06,0.0,1.6680897003725956,1.625318169593811,1.625318169593811,13800
1984-09-07,0.0,1.6360103427963768,1.5932388305664062,1.5932388305664062,85000
1984-09-10,0.0,1.5825457994629737,1.5718529224395752,1.5718529224395752,12000
1984-09-11,0.0,1.6253174647388842,1.5611601963939281,1.5932388305664062,96000
1984-09-12,0.0,1.614624903202057,1.593239142894745,1.6039320230484009,23400
1984-09-13,0.0,1.6146245866813915,1.5825459525089136,1.5932388305664062,47600
1984-09-14,0.0,1.6787829903455882,1.6039327933238103,1.6680901050567627,73800
1984-09-17,0.0,1.7108600154803817,1.668088515093372,1.6787813901901245,96600
1984-09-18,0.0,1.7108605342840997,1.6787818992662729,1.7001676559448242,44600
1984-09-19,0.0,1.68947451145618,1.6467030048370361,1.6467030048370361,38400
1984-09-20,0.0,1.7001672198500815,1.6573957174639158,1.68947434425354,79800
1984-09-21,0.0,1.6894742258133428,1.657395601272583,1.657395601272583,37600
1984-09-24,0.0,1.6573968176778995,1.625318169593811,1.625318169593811,76600
1984-09-25,0.0,1.6253176177574309,1.6039318596290437,1.6146247386932373,23200
1984-09-26,0.0,1.6360105276107788,1.593239010549059,1.6360105276107788,23800
1984-09-27,0.0,1.6680897003725956,1.625318169593811,1.625318169593811,36600
1984-09-28,0.0,1.625318169593811,1.625318169593811,1.625318169593811,7000
1984-10-01,0.0,1.6253176177574309,1.6039318596290437,1.6146247386932373,30600
1984-10-02,0.0,1.6146250906055921,1.561160683631897,1.561160683631897,47400
1984-10-03,0.0,1.625318169593811,1.539775108036242,1.625318169593811,89400
1984-10-04,0.0,1.625318169593811,1.6039324042044187,1.625318169593811,4000
1984-10-05,0.0,1.6039317086238989,1.5825459525089136,1.5932388305664062,5200
1984-10-08,0.0,1.5932385140174146,1.5825456380844116,1.5825456380844116,1600
1984-10-09,0.0,1.6039317086238989,1.5825459525089136,1.5932388305664062,9800
1984-10-10,0.0,1.5825457994629737,1.5504671683927784,1.5718529224395752,11200
1984-10-11,0.0,1.5932386764863722,1.5718529224395752,1.5718529224395752,18200
1984-10-12,0.0,1.5718529224395752,1.5611600454161767,1.5718529224395752,2000
1984-10-15,0.0,1.5932386764863722,1.5504671683927784,1.5718529224395752,18200
1984-10-16,0.0,1.582546446421375,1.561160683631897,1.561160683631897,17800
1984-10-17,0.0,1.5825456380844116,1.5611598862184062,1.5825456380844116,42800
1984-10-18,0.0,1.625318169593811,1.5825466388150264,1.625318169593811,28800
1984-10-19,0.0,1.6360110522885072,1.6146252868991149,1.625318169593811,14400
1984-10-22,0.0,1.6467039349832033,1.6146252868991149,1.625318169593811,34600
1984-10-23,0.0,1.678781634801394,1.6467030048370361,1.6467030048370361,65600
1984-10-24,0.0,1.6680901050567627,1.6680901050567627,1.6680901050567627,23000
1984-10-25,0.0,1.678781634801394,1.6467030048370361,1.6467030048370361,91800
1984-10-26,0.0,1.6787813901901245,1.6360098898031148,1.6787813901901245,70600
1984-10-29,0.0,1.6894758756344135,1.6680901050567627,1.6680901050567627,16200
1984-10-30,0.0,1.7001676559448242,1.6680890209269972,1.7001676559448242,12800
1984-10-31,0.0,1.7001671403836291,1.6467027648998673,1.6787813901901245,109400
1984-11-01,0.0,1.6787829903455882,1.6360114491902866,1.6680901050567627,27800
1984-11-02,0.0,1.7322463676333428,1.6894748523831367,1.7108606100082397,337200
1984-11-05,0.0,1.7643255467821912,1.71086113627364,1.753632664680481,75400
1984-11-06,0.0,1.8605605426587557,1.7750175292031807,1.828481912612915,52200
1984-11-07,0.0,1.8819462960226494,1.817789035930968,1.828481912612915,125800
1984-11-08,0.0,1.8391757214941629,1.753632664680481,1.753632664680481,142800
1984-11-09,0.0,1.7964036148714733,1.742939221571727,1.7750178575515747,18800
1984-11-12,0.0,1.7429404773829897,1.732247591018677,1.7322475910186768,7400
1984-11-13,0.0,1.7643245458602905,1.7322459177537397,1.7643245458602905,6400
1984-11-14,0.0,1.785710736211524,1.7643249788916255,1.7750178575515747,13600
1984-11-15,0.0,1.7857109308242798,1.7536322913483946,1.7857109308242798,38000
1984-11-16,0.0,1.839174678108909,1.7643245458602905,1.7643245458602905,61200
1984-11-19,0.0,1.7750178575515747,1.7536321002316764,1.7750178575515747,11200
1984-11-20,0.0,1.8391750398136322,1.7643248928444728,1.7964035272598267,29000
1984-11-21,0.0,1.8070969581604004,1.796404076751167,1.8070969581604004,13200
1984-11-23,0.0,1.8177895545959473,1.7964037951301126,1.8177895545959473,8600
1984-11-26,0.0,1.8177892835367295,1.7964035272598267,1.7964035272598267,20600
1984-11-27,0.0,1.7964035272598267,1.775017770982924,1.7964035272598267,24600
1984-11-28,0.0,1.807096405398278,1.7964035272598267,1.7964035272598267,20600
1984-11-29,0.0,1.807096405398278,1.7964035272598267,1.7964035272598267,17800
1984-11-30,0.0,1.8070969581604004,1.785711195341934,1.8070969581604004,8200
1984-12-03,0.0,1.8177892835367295,1.7857106491213754,1.7964035272598267,5800
1984-12-04,0.0,1.7964035272598267,1.7857106491213754,1.7964035272598267,21600
1984-12-05,0.0,1.849868483797333,1.8070969581604004,1.8070969581604004,16200
1984-12-06,0.0,1.8391749858856201,1.7964034745859545,1.8391749858856201,17400
1984-12-07,0.0,1.8284821616751807,1.7964035272598267,1.7964035272598267,29800
1984-12-10,0.0,1.7964035272598267,1.775017770982924,1.7964035272598267,40800
1984-12-11,0.0,1.7964035272598267,1.7643248928444728,1.7964035272598267,94400
1984-12-12,0.0,1.785710736211524,1.7750178575515747,1.7750178575515747,9400
1984-12-13,0.0,1.785710736211524,1.7750178575515747,1.7750178575515747,21000
1984-12-14,0.0,1.7964035272598267,1.7643248928444728,1.7964035272598267,37400
1984-12-17,0.0,1.7750191364759282,1.7001689319257385,1.7322475910186768,28000
1984-12-18,0.0,1.796403810649575,1.7536322913483946,1.7857109308242798,16600
1984-12-19,0.0,1.785710736211524,1.7536321002316764,1.7750178575515747,31400
1984-12-20,0.0,1.7964049092045538,1.732247591018677,1.7322475910186768,11800
1984-12-21,0.0,1.7536321252584457,1.7108606100082397,1.7108606100082397,71600
1984-12-24,0.0,1.7108600954466229,1.6787814686569986,1.68947434425354,26000
1984-12-26,0.0,1.7001672198500815,1.68947434425354,1.68947434425354,8200
1984-12-27,0.0,1.7001672198500815,1.68947434425354,1.68947434425354,32800
1984-12-28,0.0,1.7001672198500815,1.68947434425354,1.68947434425354,11400
1984-12-31,0.0,1.7001676559448242,1.6894747776055485,1.7001676559448242,13400
1985-01-02,0.0,1.7001672198500815,1.68947434425354,1.68947434425354,32800
1985-01-03,0.0,1.7001671006602626,1.657395601272583,1.657395601272583,9600
1985-01-04,0.0,1.657395601272583,1.6039312270379835,1.657395601272583,71000
1985-01-07,0.0,1.6573968176778995,1.625318169593811,1.625318169593811,34000
1985-01-08,0.0,1.6680887581466082,1.6360101281822503,1.6467030048370361,30000
1985-01-09,0.0,1.6787829903455882,1.646704334479112,1.6680901050567627,15400
1985-01-10,0.0,1.6680887581466082,1.6360101281822503,1.6467030048370361,7400
1985-01-11,0.0,1.6680891654070684,1.6360105276107788,1.6360105276107788,28600
1985-01-14,0.0,1.6573962861416387,1.6360105276107788,1.6360105276107788,43400
1985-01-15,0.0,1.6680887581466082,1.6467030048370361,1.6467030048370361,17400
1985-01-16,0.0,1.6680887581466082,1.6467030048370361,1.6467030048370361,69000
1985-01-17,0.0,1.657395601272583,1.6360098515787433,1.657395601272583,114800
1985-01-18,0.0,1.678781634801394,1.6467030048370361,1.6467030048370361,22800
1985-01-21,0.0,1.7001676559448242,1.6680890209269972,1.7001676559448242,19000
1985-01-22,0.0,1.7536323233420803,1.710860803260566,1.7215536832809448,79800
1985-01-23,0.0,1.7750174218958075,1.7429387937892566,1.7643245458602905,16800
1985-01-24,0.0,1.7857109308242798,1.7643251711736896,1.7857109308242798,17800
1985-01-25,0.0,1.7857114815273167,1.7429399490356445,1.7429399490356445,19800
1985-01-28,0.0,1.7750178575515747,1.7322463429117778,1.7750178575515747,83800
1985-01-29,0.0,1.7643255467821912,1.753632664680481,1.753632664680481,6800
1985-01-30,0.0,1.7750178575515747,1.7536321002316764,1.7750178575515747,56800
1985-01-31,0.0,1.7857102979313244,1.7536316698247736,1.7643245458602905,22200
1985-02-01,0.0,1.785710736211524,1.7536321002316764,1.7750178575515747,206000
1985-02-04,0.0,1.7964035272598267,1.775017770982924,1.7964035272598267,15800
1985-02-05,0.0,1.8712540864944458,1.7643252815519062,1.8712540864944458,80800
1985-02-06,0.0,1.9461030946763533,1.8605601015037665,1.9140244722366333,247000
1985-02-07,0.0,1.9140256554230877,1.8605612516403198,1.8605612516403198,41600
1985-02-08,0.0,1.8712540864944458,1.839175445011684,1.8712540864944458,9000
1985-02-11,0.0,1.8712536742289863,1.7964035272598267,1.7964035272598267,44200
1985-02-12,0.0,1.8605624967916852,1.7964051693161098,1.8498696088790894,27000
1985-02-13,0.0,1.8819469669886997,1.8498683255059378,1.8712540864944458,51400
1985-02-14,0.0,1.8926405209031973,1.871254752305421,1.881947636604309,110200
1985-02-15,0.0,1.8712553847042812,1.8391767209664935,1.8498696088790894,57600
1985-02-19,0.0,1.8605624967916852,1.8391767209664935,1.8498696088790894,22800
1985-02-20,0.0,1.8819469669886997,1.8498683255059378,1.8712540864944458,238600
1985-02-21,0.0,1.881947636604309,1.860561868006533,1.881947636604309,34400
1985-02-22,0.0,1.881947636604309,1.871254752305421,1.881947636604309,13600
1985-02-25,0.0,1.881947013153427,1.8605612516403198,1.8605612516403198,13800
1985-02-26,0.0,1.8819469669886997,1.8498683255059378,1.8712540864944458,38200
1985-02-27,0.0,1.8712540864944458,1.8498683255059378,1.8712540864944458,6600
1985-02-28,0.0,1.8605607415354528,1.8391749858856201,1.8391749858856201,35200
1985-03-01,0.0,1.8605624967916852,1.8391767209664935,1.8498696088790894,24400
1985-03-04,0.0,1.8712553847042812,1.8498696088790894,1.8498696088790894,13200
1985-03-05,0.0,1.881947013153427,1.8498683708837664,1.8605612516403198,40000
1985-03-06,0.0,1.9033327746665343,1.8605612516403198,1.8605612516403198,60200
1985-03-07,0.0,1.9033318758010864,1.8605603729740958,1.9033318758010864,43600
1985-03-08,0.0,1.9140253956035034,1.8926396369934082,1.8926396369934082,35000
1985-03-11,0.0,1.8926405209031973,1.881947636604309,1.881947636604309,30600
1985-03-12,0.0,1.8926396369934082,1.8819467576883608,1.8926396369934082,13800
1985-03-13,0.0,1.8926405209031973,1.881947636604309,1.881947636604309,27600
1985-03-14,0.0,1.9033318758010864,1.8819461243875912,1.9033318758010864,37000
1985-03-15,0.0,1.9140244722366333,1.8926387239434865,1.9140244722366333,8200
1985-03-18,0.0,1.956796646118164,1.9140251347276032,1.956796646118164,21000
1985-03-19,0.0,1.999568157508725,1.956796646118164,1.956796646118164,91600
1985-03-20,0.0,1.956796646118164,1.9354108904228835,1.956796646118164,7000
1985-03-21,0.0,1.9995685072355374,1.9247183492106776,1.9888756275177002,44800
1985-03-22,0.0,1.9674907020442394,1.9354120492935183,1.935412049293518,9800
1985-03-25,0.0,1.9567972886693346,1.9461044073104858,1.9461044073104858,10200
1985-03-26,0.0,1.9140247515078341,1.9033318758010864,1.9033318758010864,10400
1985-03-27,0.0,1.9033334052020854,1.871254752305421,1.881947636604309,30800
1985-03-28,0.0,1.8712539694266406,1.7750180509989848,1.7857109308242798,15800
1985-03-29,0.0,1.9033334052020854,1.7643259093165398,1.881947636604309,87800
1985-04-01,0.0,1.881947013153427,1.8605612516403198,1.8605612516403198,101400
1985-04-02,0.0,1.8819469669886997,1.860561206000192,1.8712540864944458,73600
1985-04-03,0.0,1.8819469669886997,1.8712540864944458,1.8712540864944458,87800
1985-04-04,0.0,1.8819469669886997,1.8712540864944458,1.8712540864944458,9200
1985-04-08,0.0,1.8712540864944458,1.817789684023176,1.8712540864944458,37400
1985-04-09,0.0,1.8712540864944458,1.8498683255059378,1.8712540864944458,4800
1985-04-10,0.0,1.881947013153427,1.8605612516403198,1.8605612516403198,23200
1985-04-11,0.0,1.8819469669886997,1.860561206000192,1.8712540864944458,10600
1985-04-12,0.0,1.881947636604309,1.860561868006533,1.881947636604309,16600
1985-04-15,0.0,1.9033327279772077,1.8712540864944458,1.8712540864944458,44200
1985-04-16,0.0,1.8712540864944458,1.8498683255059378,1.8712540864944458,6400
1985-04-17,0.0,1.9140247515078341,1.8605603729740958,1.9033318758010864,17200
1985-04-18,0.0,1.9140262895009734,1.881947636604309,1.881947636604309,68600
1985-04-19,0.0,1.9033318758010864,1.8926390000943387,1.9033318758010864,9000
1985-04-22,0.0,1.9033334052020854,1.881947636604309,1.881947636604309,20000
1985-04-23,0.0,1.8926396369934082,1.8712538783833133,1.8926396369934082,28400
1985-04-24,0.0,1.9140262895009734,1.881947636604309,1.881947636604309,111600
1985-04-25,0.0,1.9033318758010864,1.8819461243875912,1.9033318758010864,8600
1985-04-26,0.0,1.881947636604309,1.881947636604309,1.881947636604309,10200
1985-04-29,0.0,1.8819469669886997,1.8498683255059378,1.8712540864944458,18800
1985-04-30,0.0,1.8605607960905348,1.7964035272598267,1.7964035272598267,94400
1985-05-01,0.0,1.8177904991003184,1.6680901050567627,1.6680901050567627,337600
1985-05-02,0.0,1.678781634801394,1.6467030048370361,1.6467030048370361,121800
1985-05-03,0.0,1.668088476119503,1.6360098515787433,1.657395601272583,98600
1985-05-06,0.0,1.6894742652868768,1.6467027648998673,1.6787813901901245,31000
1985-05-07,0.0,1.7001676559448242,1.6680890209269972,1.7001676559448242,42000
1985-05-08,0.0,1.7108605342840997,1.6680890209269972,1.7001676559448242,20800
1985-05-09,0.0,1.7108600954466229,1.68947434425354,1.68947434425354,104000
1985-05-10,0.0,1.7108600954466229,1.68947434425354,1.68947434425354,28600
1985-05-13,0.0,1.7001671403836291,1.6787813901901245,1.6787813901901245,64600
1985-05-14,0.0,1.7108600954466229,1.68947434425354,1.68947434425354,42200
1985-05-15,0.0,1.6894758756344135,1.6680901050567627,1.6680901050567627,40800
1985-05-16,0.0,1.7322465633013233,1.6894750432198091,1.7215536832809448,26400
1985-05-17,0.0,1.7643262501116153,1.7108618182900512,1.7322475910186768,23800
1985-05-20,0.0,1.785710736211524,1.742939221571727,1.7750178575515747,25800
1985-05-21,0.0,1.7750184288839015,1.7429397825787707,1.753632664680481,37200
1985-05-22,0.0,1.7750178575515747,1.742939221571727,1.7750178575515747,21400
1985-05-23,0.0,1.7857109308242798,1.7536322913483946,1.7857109308242798,65600
1985-05-24,0.0,1.7964036148714733,1.7750178575515747,1.7750178575515747,76000
1985-05-28,0.0,1.8070969581604004,1.775018313932701,1.8070969581604004,99400
1985-05-29,0.0,1.8070969581604004,1.796404076751167,1.8070969581604004,39400
1985-05-30,0.0,1.8177895545959473,1.7857109153971953,1.8177895545959473,41000
1985-05-31,0.0,1.8284827209788665,1.796404076751167,1.8070969581604004,25000
1985-06-03,0.0,1.828481912612915,1.7964032825670744,1.828481912612915,69000
1985-06-04,0.0,1.8284824343288646,1.80709667486303,1.8177895545959473,12000
1985-06-05,0.0,1.839174789294862,1.8070961592490213,1.828481912612915,14400
1985-06-06,0.0,1.8605612516403198,1.8177897286141056,1.8605612516403198,54400
1985-06-07,0.0,1.8605605426587557,1.828481912612915,1.828481912612915,39800
1985-06-10,0.0,1.839174789294862,1.817789035930968,1.828481912612915,47400
1985-06-11,0.0,1.828482250851321,1.7750178575515747,1.7750178575515747,18400
1985-06-12,0.0,1.7964031739668413,1.7643245458602905,1.7643245458602905,21200
1985-06-13,0.0,1.7429391693019267,1.7001676559448242,1.7001676559448242,31800
1985-06-14,0.0,1.700168760923239,1.6680901050567627,1.6680901050567627,70200
1985-06-17,0.0,1.7108605342840997,1.6787818992662729,1.7001676559448242,49000
1985-06-18,0.0,1.7429399490356445,1.7001684165439723,1.7429399490356445,19400
1985-06-19,0.0,1.732247591018677,1.7108618182900512,1.7322475910186768,10600
1985-06-20,0.0,1.732246290962651,1.7001676559448242,1.7001676559448242,7400
1985-06-21,0.0,1.7429394433217018,1.710860803260566,1.7215536832809448,68000
1985-06-24,0.0,1.7643255467821912,1.7215540183753502,1.753632664680481,7400
1985-06-25,0.0,1.808432870441013,1.7755522727966309,1.7755522727966309,161800
1985-06-26,0.0,1.808432936668396,1.7755523378198796,1.808432936668396,111600
1985-06-27,0.0,1.8193931362845681,1.7865125374360518,1.808432936668396,70400
1985-06-28,0.0,1.8632339239120483,1.8084329261499292,1.8632339239120483,79800
1985-07-01,0.0,1.9289957284927368,1.863234510475939,1.9289957284927368,95800
1985-07-02,0.0,1.9289947268606602,1.8961141349255355,1.9070743322372437,86400
1985-07-03,0.0,1.9070743322372437,1.8961141349255355,1.9070743322372437,22400
1985-07-05,0.0,1.9289953504289898,1.9070749487195695,1.9180351495742798,10400
1985-07-08,0.0,1.9289947268606602,1.9070743322372437,1.9070743322372437,106800
1985-07-09,0.0,1.918034529548952,1.8961141349255355,1.9070743322372437,41200
1985-07-10,0.0,1.9289947268606602,1.8961141349255355,1.9070743322372437,85400
1985-07-11,0.0,1.9289957284927368,1.9070753224871375,1.9289957284927368,54400
1985-07-12,0.0,1.9399549241723686,1.9070743322372437,1.9070743322372437,75600
1985-07-15,0.0,1.9399560689926147,1.918035661433376,1.9399560689926147,17800
1985-07-16,0.0,1.9728359962974849,1.928995196379763,1.9618757963180542,76800
1985-07-17,0.0,2.016677222409091,1.9837966155219864,1.994756817817688,108600
1985-07-18,0.0,1.994756817817688,1.9837966155219864,1.994756817817688,32000
1985-07-19,0.0,2.038597583770752,1.983796573454334,2.038597583770752,55200
1985-07-22,0.0,2.0385973038880723,2.016676902770996,2.016676902770996,24800
1985-07-23,0.0,2.0495577858340357,2.027637381707468,2.038597583770752,43400
1985-07-24,0.0,2.038597583770752,2.027637381707468,2.038597583770752,93600
1985-07-25,0.0,2.060517705005148,2.016676902770996,2.016676902770996,180600
1985-07-26,0.0,2.016677720950601,1.983797105935102,2.0057175159454346,52200
1985-07-29,0.0,1.994757087890711,1.9399560689926147,1.9399560689926147,36000
1985-07-30,0.0,1.9837965965270996,1.9509159899548272,1.9837965965270996,11200
1985-07-31,0.0,1.9618764941611986,1.9509162902832031,1.9509162902832031,19200
1985-08-01,0.0,1.994756817817688,1.9289956040434784,1.994756817817688,32600
1985-08-02,0.0,1.9947563962563457,1.9618757963180542,1.9618757963180542,109400
1985-08-05,0.0,1.9728365405039354,1.9289957284927368,1.9289957284927368,87800
1985-08-06,0.0,1.9509161344983361,1.9289957284927368,1.9289957284927368,32200
1985-08-07,0.0,1.9289947268606602,1.9070743322372437,1.9070743322372437,61400
1985-08-08,0.0,1.9618757963180542,1.9070747964209018,1.9618757963180542,33600
1985-08-09,0.0,1.9618764765518533,1.9289958652129953,1.9399560689926147,25800
1985-08-12,0.0,1.9180351495742798,1.9180351495742798,1.9180351495742798,9600
1985-08-13,0.0,1.9399559314955364,1.9289957284927368,1.9289957284927368,10600
1985-08-14,0.0,1.950916272772234,1.9289958652129953,1.9399560689926147,43800
1985-08-15,0.0,1.9618764765518533,1.9399560689926147,1.9399560689926147,25400
1985-08-16,0.0,1.9618764765518533,1.9399560689926147,1.9399560689926147,32000
1985-08-19,0.0,1.9399560689926147,1.9399560689926147,1.9399560689926147,8200
1985-08-20,0.0,1.9618764765518533,1.9399560689926147,1.9399560689926147,79200
1985-08-21,0.0,1.9618757963180542,1.9509155963386238,1.9618757963180542,68600
1985-08-22,0.0,1.9728359962974849,1.9618757963180542,1.9618757963180542,61400
1985-08-23,0.0,1.9618757963180542,1.9618757963180542,1.9618757963180542,11000
1985-08-26,0.0,2.016676902770996,1.972836100536844,2.016676902770996,111000
1985-08-27,0.0,2.0385976270004944,1.994756817817688,1.994756817817688,50400
1985-08-28,0.0,2.0385973038880723,2.005716702212458,2.016676902770996,15800
1985-08-29,0.0,2.016677222409091,1.994756817817688,1.994756817817688,16600
1985-08-30,0.0,2.0385973038880723,1.983796301095382,2.016676902770996,46600
1985-09-03,0.0,2.0495571639086747,1.994756170221277,2.027636766433716,25800
1985-09-04,0.0,2.060518741607666,2.0276381233905223,2.060518741607666,23000
1985-09-05,0.0,2.0714778479407814,2.0495574474334717,2.0495574474334717,12400
1985-09-06,0.0,2.0605176476871265,2.0276370469261615,2.0495574474334717,24600
1985-09-09,0.0,2.038597583770752,2.027637381707468,2.038597583770752,18600
1985-09-10,0.0,2.0276374052901294,1.9837965965270996,1.9837965965270996,65400
1985-09-11,0.0,1.9728369795518113,1.8961155414581297,1.8961155414581299,36600
1985-09-12,0.0,1.9289957284927368,1.9070753224871375,1.9289957284927368,11800
1985-09-13,0.0,1.9180351495742798,1.9180351495742798,1.9180351495742798,10800
1985-09-16,0.0,1.9399555512837001,1.9180351495742798,1.9180351495742798,13400
1985-09-17,0.0,1.928994898210492,1.8741939067840576,1.8741939067840576,11800
1985-09-18,0.0,1.8851549625396729,1.8851549625396729,1.8851549625396729,3200
1985-09-19,0.0,1.8741939067840576,1.8741939067840576,1.8741939067840576,7800
1985-09-20,0.0,1.8741939067840576,1.8741939067840576,1.8741939067840576,4000
1985-09-23,0.0,1.8741939067840576,1.8741939067840576,1.8741939067840576,5200
1985-09-24,0.0,1.9289953504289898,1.8851545470101492,1.9180351495742798,18800
1985-09-25,0.0,1.9516856105341387,1.9292524425969646,1.9404690265655518,18800
1985-09-26,0.0,1.9404693294403166,1.9292527437210083,1.9292527437210083,4800
1985-09-30,0.0,1.9516859151596246,1.9292527437210083,1.9292527437210083,30400
1985-10-01,0.0,1.9853350533680483,1.9292521422559565,1.9741184711456299,38000
1985-10-02,0.0,1.9853356723175493,1.9292527437210083,1.9292527437210083,85400
1985-10-03,0.0,1.9629021945027256,1.9292524425969646,1.9404690265655518,60600
1985-10-04,0.0,1.97411847114563,1.940468724478375,1.9741184711456299,27800
1985-10-07,0.0,1.97411847114563,1.9516853067007933,1.9741184711456299,9000
1985-10-08,0.0,1.9853357076644897,1.962902535826473,1.9853357076644897,4600
1985-10-09,0.0,1.9629021945027256,1.9404690265655518,1.9404690265655518,57600
1985-10-10,0.0,1.9516838788986206,1.929250730865303,1.9516838788986206,51200
1985-10-11,0.0,1.9516859151596246,1.9292527437210083,1.9292527437210083,4600
1985-10-14,0.0,1.9292527437210083,1.9292527437210083,1.9292527437210083,7200
1985-10-15,0.0,1.9516856105341387,1.9404690265655518,1.9404690265655518,6000
1985-10-16,0.0,1.962902500878933,1.9292527437210083,1.9292527437210083,22600
1985-10-17,0.0,1.9404680680113229,1.9180349111557007,1.9180349111557007,12200
1985-10-18,0.0,1.9292514895835118,1.9180349111557007,1.9180349111557007,40600
1985-10-21,0.0,1.9292508237502155,1.9068176746368408,1.9068176746368408,22000
1985-10-22,0.0,1.9404691693311682,1.8731696605682375,1.8731696605682373,72200
1985-10-23,0.0,1.884385585784912,1.8731690049171448,1.884385585784912,20000
1985-10-24,0.0,1.884385585784912,1.8731690049171448,1.884385585784912,18200
1985-10-25,0.0,1.8619518207340706,1.839518666267395,1.839518666267395,22800
1985-10-28,0.0,1.8619521242199522,1.8507355451583862,1.8507355451583862,3000
1985-10-29,0.0,1.8619518207340706,1.839518666267395,1.839518666267395,25000
1985-10-30,0.0,1.8619524240493774,1.817086100578308,1.8619524240493774,32400
1985-10-31,0.0,1.8731685774457967,1.8283022642135622,1.828302264213562,36600
1985-11-01,0.0,1.8619524240493774,1.8395192623138428,1.8619524240493774,43200
1985-11-04,0.0,1.8619521242199522,1.8507355451583862,1.8507355451583862,25600
1985-11-05,0.0,1.8619521242199522,1.8507355451583862,1.8507355451583862,60200
1985-11-06,0.0,1.8619521242199522,1.8507355451583862,1.8507355451583862,14200
1985-11-07,0.0,1.8731690049171448,1.85073584318161,1.8619524240493774,7600
1985-11-08,0.0,1.9516838788986206,1.850734712748692,1.9516838788986206,84800
1985-11-11,0.0,1.97411847114563,1.9516853067007933,1.9741184711456299,93200
1985-11-12,0.0,1.9965501749652557,1.929250730865303,1.9516838788986206,171800
1985-11-13,0.0,1.940467861367435,1.839518666267395,1.839518666267395,81000
1985-11-14,0.0,1.8619519991377382,1.8283022642135622,1.828302264213562,65600
1985-11-15,0.0,1.861953289806843,1.7497874289751054,1.7946537733078003,307400
1985-11-18,0.0,1.828302201665478,1.7722193120438374,1.81708562374115,664800
1985-11-19,0.0,1.8731696605682375,1.8395199061867722,1.8731696605682373,65200
1985-11-20,0.0,1.8731690049171448,1.85073584318161,1.8619524240493774,10000
1985-11-21,0.0,1.9516859151596246,1.8619532294051593,1.9292527437210083,85000
1985-11-22,0.0,1.9516838788986206,1.929250730865303,1.9516838788986206,41600
1985-11-25,0.0,1.9853357076644897,1.962902535826473,1.9853357076644897,62400
1985-11-26,0.0,2.01898455619812,1.9741182327270508,2.01898455619812,259400
1985-11-27,0.0,2.0414175381317983,2.018984378372108,2.030200958251953,91600
1985-11-29,0.0,2.0862843990325928,2.0526346506610995,2.0862843990325928,34200
1985-12-02,0.0,2.0638506978914886,2.030200958251953,2.030200958251953,89600
1985-12-03,0.0,2.0750668048858643,2.0302004955910347,2.0750668048858643,44400
1985-12-04,0.0,2.063849925994873,2.052633350310118,2.063849925994873,37400
1985-12-05,0.0,2.131150007247925,2.0638505333348327,2.131150007247925,104200
1985-12-06,0.0,2.1087165368569867,2.0750668048858643,2.0750668048858643,26400
1985-12-09,0.0,2.131150007247925,2.086283691305863,2.131150007247925,24000
1985-12-10,0.0,2.1311498198279724,2.0975000858306885,2.0975000858306885,224800
1985-12-11,0.0,2.1423665862334405,2.108716849276894,2.131150007247925,25400
1985-12-12,0.0,2.1311498198279724,2.0975000858306885,2.0975000858306885,51600
1985-12-13,0.0,2.176016330718994,2.1087168565730456,2.176016330718994,70200
1985-12-16,0.0,2.1872329097433187,2.1199334355973707,2.176016330718994,57600
1985-12-17,0.0,2.1760166278060193,2.142366886138916,2.142366886138916,134200
1985-12-18,0.0,2.153583466694617,2.142366886138916,2.142366886138916,67600
1985-12-19,0.0,2.1535840715680803,2.097501153037662,2.119934320449829,293000
1985-12-20,0.0,2.131150007247925,2.0975002702913788,2.131150007247925,22000
1985-12-23,0.0,2.108716663829783,2.0750669298324995,2.0975000858306885,25200
1985-12-24,0.0,2.131150007247925,2.0975002702913788,2.131150007247925,7200
1985-12-26,0.0,2.1769814415180937,2.1540658473968506,2.1540658473968506,4000
1985-12-27,0.0,2.2113552056057917,2.142608411649135,2.1884396076202393,82000
1985-12-30,0.0,2.245729446411133,2.199898233219069,2.245729446411133,17000
1985-12-31,0.0,2.245728487820969,2.2228128910064697,2.2228128910064697,33400
1986-01-02,0.0,2.2342706894137194,2.18843949578472,2.2228128910064697,64000
1986-01-03,0.0,2.222812768708857,2.1998971731551573,2.211354970932007,32200
1986-01-06,0.0,2.2228128910064697,2.19989729419197,2.2228128910064697,33000
1986-01-07,0.0,2.2342705664857063,2.211354970932007,2.211354970932007,35200
1986-01-08,0.0,2.257185686551608,2.2113545050987833,2.2342700958251953,34600
1986-01-09,0.0,2.245728487820969,2.2113550925992196,2.2228128910064697,51800
1986-01-10,0.0,2.268645053007165,2.234271643113117,2.245729446411133,32000
1986-01-13,0.0,2.257187249709149,2.245729446411133,2.245729446411133,25400
1986-01-14,0.0,2.2457278911884018,2.2342700958251953,2.2342700958251953,19000
1986-01-15,0.0,2.2457278911884018,2.2228123004619893,2.2342700958251953,35600
1986-01-16,0.0,2.257185459136963,2.2342698707193285,2.257185459136963,19000
1986-01-17,0.0,2.2571862862282193,2.2228128910064697,2.2228128910064697,21800
1986-01-20,0.0,2.2342705664857063,2.211354970932007,2.211354970932007,7000
1986-01-21,0.0,2.222812768708857,2.211354970932007,2.211354970932007,3200
1986-01-22,0.0,2.222812768708857,2.1998971731551573,2.211354970932007,13200
1986-01-23,0.0,2.2113548326999584,2.142608050336229,2.1540658473968506,59400
1986-01-24,0.0,2.1769802570343018,2.1655224662078054,2.1769802570343018,9800
1986-01-27,0.0,2.1769822842229614,2.165524482727051,2.165524482727051,11600
1986-01-28,0.0,2.1655238789896814,2.131150484085083,2.131150484085083,51600
1986-01-29,0.0,2.1884400857188715,2.13115107823932,2.165524482727051,116200
1986-01-30,0.0,2.1769822842229614,2.165524482727051,2.165524482727051,7400
1986-01-31,0.0,2.188438047860798,2.1655224662078054,2.1769802570343018,23000
1986-02-03,0.0,2.199896812438965,2.165523424744606,2.199896812438965,80800
1986-02-04,0.0,2.2113546083370843,2.199896812438965,2.199896812438965,71600
1986-02-05,0.0,2.2228124042352038,2.199896812438965,2.199896812438965,35600
1986-02-06,0.0,2.2113546083370843,2.199896812438965,2.199896812438965,11200
1986-02-07,0.0,2.1884400857188715,2.1540666812311406,2.165524482727051,93400
1986-02-10,0.0,2.188438047860798,2.1655224662078054,2.1769802570343018,70400
1986-02-11,0.0,2.2113546083370843,2.199896812438965,2.199896812438965,37800
1986-02-12,0.0,2.2113552056057917,2.1884396076202393,2.1884396076202393,17800
1986-02-13,0.0,2.2113552056057917,2.1769818086274633,2.1884396076202393,18200
1986-02-14,0.0,2.211354970932007,2.1884393753783073,2.211354970932007,11600
1986-02-18,0.0,2.245729446411133,2.188440429921053,2.245729446411133,107200
1986-02-19,0.0,2.2342705664857063,2.211354970932007,2.211354970932007,86800
1986-02-20,0.0,2.2457278911884018,2.2113545050987833,2.2342700958251953,19800
1986-02-21,0.0,2.257185459136963,2.2228120765105115,2.257185459136963,17200
1986-02-24,0.0,2.26864325334578,2.2342698707193285,2.257185459136963,31000
1986-02-25,0.0,2.3030176162719727,2.268644219014182,2.3030176162719727,170400
1986-02-26,0.0,2.3030178534924683,2.280102252960205,2.280102252960205,18200
1986-02-27,0.0,2.2915600532263367,2.280102252960205,2.280102252960205,25600
1986-02-28,0.0,2.314476497173309,2.280103083848953,2.2915608882904053,34600
1986-03-03,0.0,2.314476497173309,2.280103083848953,2.2915608882904053,34000
1986-03-04,0.0,2.3259343016147613,2.2915608882904053,2.2915608882904053,81200
1986-03-05,0.0,2.3144756537586,2.280102252960205,2.280102252960205,35000
1986-03-06,0.0,2.3030176162719727,2.2915598171860423,2.3030176162719727,9800
1986-03-07,0.0,2.314476497173309,2.2915608882904053,2.2915608882904053,54600
1986-03-10,0.0,2.325933575630188,2.3030179738998413,2.3144757747650146,23200
1986-03-11,0.0,2.4061360359191895,2.32593150138855,2.4061360359191895,247200
1986-03-12,0.0,2.417593826566424,2.4061360359191895,2.4061360359191895,119800
1986-03-13,0.0,2.6467513933055726,2.394679832038375,2.6009202003479004,255600
1986-03-14,0.0,2.658207989155465,2.5550878516451236,2.6238346099853516,151200
1986-03-17,0.0,2.66966578221217,2.6238346099853516,2.6238346099853516,95200
1986-03-18,0.0,2.6238357968267367,2.5780046038690645,2.6009202003479004,34400
1986-03-19,0.0,2.6238357968267367,2.589462402108482,2.6009202003479004,97400
1986-03-20,0.0,2.6238357968267367,2.5780046038690645,2.6009202003479004,34400
1986-03-21,0.0,2.6009206750467753,2.4634270710795447,2.5550894737243652,66200
1986-03-24,0.0,2.5550887509169082,2.5092575625596543,2.5321731567382812,30400
1986-03-25,0.0,2.5943421729623455,2.547597268945006,2.559283494949341,87000
1986-03-26,0.0,2.64108911090427,2.5709717008802624,2.6294028759002686,53600
1986-03-27,0.0,2.757951021194458,2.6527749229285678,2.757951021194458,77800
1986-03-31,0.0,2.757951797583164,2.7112068518614154,2.73457932472229,33200
1986-04-01,0.0,2.7579529152407667,2.7112079505756688,2.7228941917419434,29000
1986-04-02,0.0,2.7112061238921847,2.6410887241363525,2.6410887241363525,14000
1986-04-03,0.0,2.6527752546327457,2.6177165508270264,2.6177165508270264,60000
1986-04-04,0.0,2.6177161276877463,2.5592849641232878,2.594343662261963,36000
1986-04-07,0.0,2.617715309108544,2.5826566219329834,2.5826566219329834,154000
1986-04-08,0.0,2.652775764465332,2.5826583433781423,2.652775764465332,186600
1986-04-09,0.0,2.7228924313495897,2.6761474969058203,2.7112061977386475,234000
1986-04-10,0.0,2.8046967433049126,2.7112068518614154,2.73457932472229,85000
1986-04-11,0.0,2.7813239097595215,2.746265205014654,2.7813239097595215,418000
1986-04-14,0.0,2.7930097206164217,2.757951021194458,2.757951021194458,111800
1986-04-15,0.0,2.8280688494193456,2.75795143992961,2.7813239097595215,41800
1986-04-16,0.0,2.839755116656608,2.8046964115126993,2.816382646560669,31000
1986-04-17,0.0,2.851441017786662,2.8046960830688477,2.8046960830688477,26200
1986-04-18,0.0,2.828068550427755,2.7579511483510335,2.8046960830688477,141400
1986-04-21,0.0,2.816382646560669,2.78132394141676,2.816382646560669,7200
1986-04-22,0.0,2.8631269537712916,2.804695791449429,2.828068256378174,28400
1986-04-23,0.0,2.8514407213069193,2.804695791449429,2.828068256378174,9000
1986-04-24,0.0,2.8631265663806302,2.804695411964699,2.839754104614258,13000
1986-04-25,0.0,2.88649955125359,2.81638215324743,2.8748133182525635,30600
1986-04-28,0.0,2.886499123495133,2.8514404296875,2.8514404296875,61600
1986-04-29,0.0,2.8981853547643444,2.8514404296875,2.8514404296875,36200
1986-04-30,0.0,2.8397550843343016,2.7813239097595215,2.7813239097595215,92800
1986-05-01,0.0,2.757951021194458,2.7112060886318403,2.757951021194458,27800
1986-05-02,0.0,2.7579529152407667,2.7112079505756688,2.7228941917419434,17000
1986-05-05,0.0,2.6995208263397217,2.6761483516527975,2.6995208263397217,61600
1986-05-06,0.0,2.664461058539313,2.594343662261963,2.594343662261963,15600
1986-05-07,0.0,2.5475983176120494,2.5125396251678467,2.5125396251678467,50600
1986-05-08,0.0,2.5475987465150896,2.5008538153863724,2.53591251373291,24000
1986-05-09,0.0,2.5242258559825808,2.5125396251678467,2.5125396251678467,193200
1986-05-12,0.0,2.5008548577626546,2.4541099071502686,2.4541099071502686,75400
1986-05-13,0.0,2.4774827098394456,2.454110231444734,2.46579647064209,70000
1986-05-14,0.0,2.559283494949341,2.4774799129189966,2.559283494949341,30200
1986-05-15,0.0,2.652773996284105,2.5826566219329834,2.5826566219329834,67000
1986-05-16,0.0,2.6060298949748546,2.582657429549071,2.594343662261963,10000
1986-05-19,0.0,2.6177161276877463,2.582657429549071,2.594343662261963,14000
1986-05-20,0.0,2.6410887241363525,2.5943437909657976,2.6410887241363525,34800
1986-05-21,0.0,2.699519780407781,2.6177161506984543,2.687833547592163,21200
1986-05-22,0.0,2.8046960830688477,2.7112062136332193,2.8046960830688477,158000
1986-05-23,0.0,2.80469532254376,2.7462641699907646,2.769636631011963,26800
1986-05-27,0.0,2.7579511321824173,2.6878337305167626,2.7112061977386475,28800
1986-05-28,0.0,2.757951021194458,2.7112060886318403,2.757951021194458,42600
1986-05-29,0.0,2.7579520130570314,2.6761483516527975,2.6995208263397217,30200
1986-05-30,0.0,2.746265561152727,2.676148142570104,2.73457932472229,55600
1986-06-02,0.0,2.8046963795894335,2.722892735184742,2.7813239097595215,50000
1986-06-03,0.0,2.8046963795894335,2.7696376748445655,2.7813239097595215,61800
1986-06-04,0.0,2.7930101446744775,2.7813239097595215,2.7813239097595215,43200
1986-06-05,0.0,2.7930101446744775,2.7813239097595215,2.7813239097595215,8800
1986-06-06,0.0,2.8981857842546166,2.7813234542443497,2.8748133182525635,55000
1986-06-09,0.0,2.8631275541642136,2.7813239097595215,2.7813239097595215,55800
1986-06-10,0.0,2.7579509288706676,2.71120599787286,2.746264696121216,10400
1986-06-11,0.0,2.73457932472229,2.6995206154309783,2.73457932472229,8600
1986-06-12,0.0,2.7228931855525214,2.652775764465332,2.652775764465332,82600
1986-06-13,0.0,2.664461489234652,2.594344081623214,2.6177165508270264,76800
1986-06-16,0.0,2.64108911090427,2.6294028759002686,2.6294028759002686,46400
1986-06-17,0.0,2.652775764465332,2.641089527617467,2.652775764465332,16800
1986-06-18,0.0,2.676147368916294,2.6410886697601854,2.664461135864258,55400
1986-06-19,0.0,2.6761478159162735,2.6294028759002686,2.6294028759002686,19200
1986-06-20,0.0,2.6878336573069075,2.629402490843714,2.6410887241363525,76600
1986-06-23,0.0,2.664461135864258,2.617716203656113,2.664461135864258,50000
1986-06-24,0.0,2.687833547592163,2.6410886163296907,2.687833547592163,142200
1986-06-25,0.0,2.7273756974594185,2.6916458848289455,2.7035558223724365,13800
1986-06-26,0.0,2.7154657599159275,2.6916458848289455,2.7035558223724365,100000
1986-06-27,0.0,2.703555265707629,2.66782546043396,2.66782546043396,12800
1986-06-30,0.0,2.7035558223724365,2.6797359472854545,2.7035558223724365,27800
1986-07-01,0.0,2.7154657599159275,2.6797359472854545,2.7035558223724365,70200
1986-07-02,0.0,2.7988345623016357,2.6916451535326367,2.7988345623016357,121600
1986-07-03,0.0,2.822655852024372,2.73928626989707,2.786926031112671,119200
1986-07-07,0.0,2.7631053174947544,2.715465570641397,2.7273755073547363,54400
1986-07-08,0.0,2.7154648303985596,2.6678250965319186,2.7154648303985596,35800
1986-07-09,0.0,2.7631044387817383,2.715464707078605,2.7631044387817383,9800
1986-07-10,0.0,2.7631053676852932,2.727375556896259,2.7511954307556152,116400
1986-07-11,0.0,2.7750143717075213,2.751194505855955,2.7631044387817383,5400
1986-07-14,0.0,2.7750143717075213,2.751194505855955,2.7631044387817383,37800
1986-07-15,0.0,2.7869243046333048,2.751194505855955,2.7631044387817383,38400
1986-07-16,0.0,2.7869243046333048,2.7392845729301714,2.7631044387817383,63200
1986-07-17,0.0,2.7750143717075213,2.7631044387817383,2.7631044387817383,43400
1986-07-18,0.0,2.7869243046333048,2.751194505855955,2.7631044387817383,13200
1986-07-21,0.0,2.7750144977318616,2.7154648303985596,2.7154648303985596,32800
1986-07-22,0.0,2.7154645329028106,2.6916446685791016,2.6916446685791016,123400
1986-07-23,0.0,2.679735395525183,2.6559155253427367,2.66782546043396,161600
1986-07-24,0.0,2.644005298614502,2.6320953648369594,2.644005298614502,7000
1986-07-25,0.0,2.66782546043396,2.632095655160291,2.66782546043396,19000
1986-07-28,0.0,2.6678255413650374,2.5725460577448573,2.5963659286499023,52600
1986-07-29,0.0,2.5963661162941545,2.5249064984144987,2.5725462436676025,48000
1986-07-30,0.0,2.560635805130005,2.536815937175307,2.560635805130005,15200
1986-07-31,0.0,2.5725457391073534,2.536815937175307,2.560635805130005,72200
1986-08-01,0.0,2.6082758376125916,2.5725460316178985,2.584455966949463,234200
1986-08-04,0.0,2.5963661162941545,2.5725462436676025,2.5725462436676025,10600
1986-08-05,0.0,2.5963659022810273,2.584455966949463,2.584455966949463,12400
1986-08-06,0.0,2.620184149371979,2.584454365516906,2.608274221420288,25400
1986-08-07,0.0,2.6440040052753604,2.608274221420288,2.608274221420288,24600
1986-08-08,0.0,2.6201857995549473,2.5963659286499023,2.5963659286499023,24800
1986-08-11,0.0,2.6320940773236696,2.596364293468597,2.608274221420288,78600
1986-08-12,0.0,2.655915232392045,2.596365563504331,2.644005298614502,17000
1986-08-13,0.0,2.6797348875635945,2.63209515622913,2.6559150218963623,78400
1986-08-14,0.0,2.7750135888224063,2.6559142931647926,2.739283800125122,36400
1986-08-15,0.0,2.763105510089891,2.7035558223724365,2.7035558223724365,220400
1986-08-18,0.0,2.7392838001251225,2.691644081862077,2.739283800125122,217800
1986-08-19,0.0,2.7511937296908835,2.7154639409935997,2.739283800125122,29000
1986-08-20,0.0,2.7511954307556152,2.6678258722478696,2.7511954307556152,358800
1986-08-21,0.0,2.7511937296908835,2.7154639409935997,2.739283800125122,16400
1986-08-22,0.0,2.786924572973292,2.727374902610615,2.775014638900757,17400
1986-08-25,0.0,2.7631053676852932,2.727375556896259,2.7511954307556152,19600
1986-08-26,0.0,2.7750143717075213,2.751194505855955,2.7631044387817383,29000
1986-08-27,0.0,2.8107459117204714,2.7631061505048704,2.786926031112671,48200
1986-08-28,0.0,2.834563671532324,2.810743808746338,2.810743808746338,53200
1986-08-29,0.0,2.822655852024372,2.786926031112671,2.786926031112671,128200
1986-09-02,0.0,2.8107441704848717,2.7631044387817383,2.7631044387817383,181400
1986-09-03,0.0,2.7869235183881678,2.7392838001251225,2.739283800125122,191200
1986-09-04,0.0,2.786926031112671,2.75119621020097,2.786926031112671,7600
1986-09-05,0.0,2.8107459117204714,2.786926031112671,2.786926031112671,19400
1986-09-08,0.0,2.822653740139331,2.775014014567359,2.810743808746338,17600
1986-09-09,0.0,2.834563671532324,2.810743808746338,2.810743808746338,25600
1986-09-10,0.0,2.834564036336438,2.7631044387817383,2.7631044387817383,40400
1986-09-11,0.0,2.7750148762549673,2.6559155253427367,2.66782546043396,29400
1986-09-12,0.0,2.6559163841334255,2.584456750479611,2.6201865673065186,27000
1986-09-15,0.0,2.6201832014630098,2.501083965032873,2.536813735961914,53600
1986-09-16,0.0,2.5606369068272308,2.4772673331165764,2.5129971504211426,159800
1986-09-17,0.0,2.5725457391073534,2.5129960692206095,2.560635805130005,24800
1986-09-18,0.0,2.5963659286499023,2.5606361222923346,2.5963659286499023,22400
1986-09-19,0.0,2.644004552073069,2.584454899999351,2.632094621658325,28800
1986-09-22,0.0,2.691645330616406,2.632095655160291,2.66782546043396,11600
1986-09-23,0.0,2.6916446685791016,2.644004939931684,2.6916446685791016,10800
1986-09-24,0.0,2.763103659256645,2.691644081862077,2.739283800125122,66000
1986-09-25,0.0,2.791720415306924,2.7553066707594427,2.7795825004577637,11800
1986-09-26,0.0,2.7795834834115545,2.755307645128484,2.7674455642700195,14400
1986-09-29,0.0,2.8159964084625244,2.779582661801371,2.8159964084625244,27400
1986-09-30,0.0,2.864549398422241,2.7795839501639543,2.864549398422241,60200
1986-10-01,0.0,2.9009617648573003,2.8402721881866455,2.8402721881866455,59800
1986-10-02,0.0,2.8888235092163086,2.8281339396949576,2.8888235092163086,12200
1986-10-03,0.0,2.888823849523169,2.8402721881866455,2.8402721881866455,26400
1986-10-06,0.0,2.9130985736846924,2.8281331986188887,2.9130985736846924,58600
1986-10-07,0.0,2.9130993370248492,2.8766855953120385,2.8888235092163086,28200
1986-10-08,0.0,2.9373777258940255,2.888826027945364,2.9252398014068604,36200
1986-10-09,0.0,2.9373769255007725,2.864549398422241,2.864549398422241,60800
1986-10-10,0.0,2.900961928226777,2.8766860961914062,2.8766860961914062,13800
1986-10-13,0.0,2.9131002705466296,2.8766865171647966,2.9009623527526855,29600
1986-10-14,0.0,2.9009614231205787,2.8645476814077684,2.8888235092163086,40000
1986-10-15,0.0,2.8888252407817516,2.864549398422241,2.864549398422241,10600
1986-10-16,0.0,2.8888251564719463,2.80385971069336,2.8038597106933594,37400
1986-10-17,0.0,2.8159959793090823,2.791720151901245,2.791720151901245,43600
1986-10-20,0.0,2.8281338930130007,2.7674443244934084,2.791720151901245,16800
1986-10-21,0.0,2.8645480188549075,2.7674446961818595,2.8402721881866455,18800
1986-10-22,0.0,2.8281355523443845,2.80385971069336,2.8038597106933594,10800
1986-10-23,0.0,2.803858065605164,2.7674443244934084,2.791720151901245,9800
1986-10-24,0.0,2.779581829314715,2.7553060054779053,2.7553060054779053,276600
1986-10-27,0.0,2.7795844024366088,2.6703430940439037,2.6946189403533936,14800
1986-10-28,0.0,2.731030248105526,2.694616511464119,2.7188923358917236,15000
1986-10-29,0.0,2.7553060054779053,2.7310301816410956,2.7553060054779053,2200
1986-10-30,0.0,2.7795834834115545,2.731031806845414,2.7674455642700195,28000
1986-10-31,0.0,2.852410155123678,2.7674447462476532,2.8159964084625244,72200
1986-11-03,0.0,2.81599724083616,2.7674455642700195,2.7674455642700195,31200
1986-11-04,0.0,2.80385971069336,2.7795838690423347,2.8038597106933594,9600
1986-11-05,0.0,2.803858065605164,2.7795822381973267,2.791720151901245,50400
1986-11-06,0.0,2.791720415306924,2.767444585608603,2.7795825004577637,24200
1986-11-07,0.0,2.8159964084625244,2.779582661801371,2.8159964084625244,69000
1986-11-10,0.0,2.828134298324585,2.815996382881132,2.828134298324585,13800
1986-11-11,0.0,2.815997631518872,2.80385971069336,2.8038597106933594,2600
1986-11-12,0.0,2.8159964084625244,2.8038584929088066,2.8159964084625244,26600
1986-11-13,0.0,2.8159964084625244,2.8038584929088066,2.8159964084625244,11800
1986-11-14,0.0,2.8159956336021423,2.7188923358917236,2.7188923358917236,62000
1986-11-17,0.0,2.76744391739631,2.7310301816410956,2.7553060054779053,31600
1986-11-18,0.0,2.803858065605164,2.7431684970855716,2.791720151901245,32600
1986-11-19,0.0,2.7795834834115545,2.743169725986949,2.7674455642700195,69000
1986-11-20,0.0,2.791720151901245,2.75530641078949,2.791720151901245,52600
1986-11-21,0.0,2.803858065605164,2.7674443244934084,2.791720151901245,5800
1986-11-24,0.0,2.79172140255309,2.731031806845414,2.7674455642700195,307200
1986-11-25,0.0,2.76744391739631,2.7310301816410956,2.7553060054779053,56200
1986-11-26,0.0,2.731032371520996,2.706756528218587,2.731032371520996,41800
1986-11-28,0.0,2.731032709817629,2.694618940353394,2.6946189403533936,36400
1986-12-01,0.0,2.7188933162945803,2.633927900160375,2.7067553997039795,24200
1986-12-02,0.0,2.7067554809830403,2.6460658962076358,2.670341730117798,50600
1986-12-03,0.0,2.7067568635081387,2.6339293245796687,2.6946189403533936,32000
1986-12-04,0.0,2.6946174032677153,2.633927822113037,2.633927822113037,17200
1986-12-05,0.0,2.670341730117798,2.633927979252555,2.670341730117798,35600
1986-12-08,0.0,2.6824800968170166,2.6339284208565275,2.6824800968170166,12800
1986-12-09,0.0,2.718894786662884,2.6703430940439037,2.6946189403533936,53200
1986-12-10,0.0,2.6946175640279595,2.6460658962076358,2.670341730117798,45400
1986-12-11,0.0,2.6824796470728787,2.658203813162717,2.670341730117798,11200
1986-12-12,0.0,2.6824806367969947,2.6460668724965832,2.6582047939300537,4600
1986-12-15,0.0,2.646066427230835,2.621790588448901,2.646066427230835,22400
1986-12-16,0.0,2.670341730117798,2.5853763114322317,2.670341730117798,50000
1986-12-17,0.0,2.718894786662884,2.646067247734414,2.6946189403533936,91600
1986-12-18,0.0,2.6946175640279595,2.6460658962076358,2.670341730117798,36200
1986-12-19,0.0,2.694618940353394,2.6582051708891585,2.6946189403533936,45200
1986-12-22,0.0,2.6946175640279595,2.6096521453423933,2.670341730117798,69200
1986-12-23,0.0,2.682480121558567,2.5732388496398926,2.5732388496398926,108000
1986-12-24,0.0,2.6217896938323975,2.5732380328355013,2.6217896938323975,12600
1986-12-26,0.0,2.6876816981368594,2.650524808300866,2.6752960681915283,12800
1986-12-29,0.0,2.687681986906818,2.6505250930786133,2.6505250930786133,33600
1986-12-30,0.0,2.6629107243546812,2.613368199250408,2.6505250930786133,31600
1986-12-31,0.0,2.662909746170044,2.638138492717299,2.662909746170044,42400
1987-01-02,0.0,2.6876816981368594,2.650524808300866,2.6752960681915283,3800
1987-01-05,0.0,2.8734657764434814,2.7000669795891334,2.8734657764434814,113800
1987-01-06,0.0,2.910622618137262,2.8610801054881168,2.8982369899749756,145600
1987-01-07,0.0,2.898236407057304,2.811537027359009,2.811537027359009,47000
1987-01-08,0.0,2.8115358489804563,2.774378987540186,2.799150228500366,39800
1987-01-09,0.0,2.8610804080963135,2.7867666312626427,2.8610804080963135,32600
1987-01-12,0.0,2.8982369899749756,2.8239232210012584,2.8982369899749756,31200
1987-01-13,0.0,2.9106228801825527,2.8734659923504347,2.8858516216278076,13800
1987-01-14,0.0,2.8858516216278076,2.861080363073062,2.8858516216278076,13200
1987-01-15,0.0,2.9477789593145314,2.8610795781582214,2.9353933334350586,62600
1987-01-16,0.0,3.022092413902283,2.94777866601944,2.9725499153137207,89600
1987-01-19,0.0,3.022093078236521,2.9477793140175903,3.009707450866699,27000
1987-01-20,0.0,3.0592507114095135,2.9973225593566895,2.9973225593566895,58000
1987-01-21,0.0,3.0716363418200783,2.94778003771443,2.9973225593566895,50000
1987-01-22,0.0,3.1087923452078576,3.022092957094491,3.0840210914611816,52600
1987-01-23,0.0,3.1335632087754424,3.022092580795288,3.022092580795288,35600
1987-01-26,0.0,3.022092413902283,2.9725499153137207,2.9725499153137207,21000
1987-01-27,0.0,3.059248685836792,2.972549330367733,3.059248685836792,69000
1987-01-28,0.0,3.121178477041183,3.0716359615325928,3.0716359615325928,34800
1987-01-29,0.0,3.0592507114095135,2.9973225593566895,2.9973225593566895,23600
1987-01-30,0.0,2.9973231937925697,2.885852496502763,2.9230093955993652,41000
1987-02-02,0.0,2.9973225593566895,2.94778003771443,2.9973225593566895,89400
1987-02-03,0.0,2.9849362792330307,2.947779396089051,2.960165023803711,38200
1987-02-04,0.0,2.972550211073477,2.9353933334350586,2.9353933334350586,86600
1987-02-05,0.0,3.0716359615325928,2.9353940438839694,3.0716359615325928,82200
1987-02-06,0.0,3.09640671833452,3.0716354645878434,3.0840210914611816,36200
1987-02-09,0.0,3.1707218200203,3.0964080273635743,3.1459505558013916,40000
1987-02-10,0.0,3.1459489057186563,3.1211776544925254,3.133563280105591,15800
1987-02-11,0.0,3.1459505558013916,3.1211792915824828,3.1459505558013916,5400
1987-02-12,0.0,3.145950606891087,3.1211793422698975,3.1211793422698975,20800
1987-02-13,0.0,3.158334970474243,3.1211780884686635,3.158334970474243,14600
1987-02-17,0.0,3.170720597809436,3.0964068337982775,3.158334970474243,56000
1987-02-18,0.0,3.2698068872604082,3.195493094368126,3.2574212551116943,44200
1987-02-19,0.0,3.2698071002960205,3.23265020142902,3.2698071002960205,47000
1987-02-20,0.0,3.2821925194091217,3.245035622962981,3.2574212551116943,18400
1987-02-23,0.0,3.269807873791411,3.2450366020202637,3.2450366020202637,57000
1987-02-24,0.0,3.306963999163021,3.245035834384687,3.2698071002960205,34200
1987-02-25,0.0,3.306963972775441,3.2698070742049308,3.2821927070617676,13000
1987-02-26,0.0,3.2945780754089355,3.2574211798216166,3.2945780754089355,18200
1987-02-27,0.0,3.306963999163021,3.2698071002960205,3.2698071002960205,40800
1987-03-02,0.0,3.294578366207354,3.257421467340354,3.2698071002960205,10800
1987-03-03,0.0,3.269807873791411,3.2450366020202637,3.2450366020202637,24400
1987-03-04,0.0,3.2574184831478257,3.1707191318853356,3.1831047534942627,69200
1987-03-05,0.0,3.257421255111695,3.20787872651684,3.2574212551116943,15400
1987-03-06,0.0,3.257421255111695,3.2326499908142674,3.2574212551116943,15000
1987-03-09,0.0,3.2574222379058373,3.2326509661346905,3.2450366020202637,7800
1987-03-10,0.0,3.2574222379058373,3.220265330249117,3.2450366020202637,18800
1987-03-11,0.0,3.2326495885849,3.220263957977295,3.220263957977295,12200
1987-03-12,0.0,3.2326495647430424,3.2078783037105283,3.232649564743042,12400
1987-03-13,0.0,3.306963999163021,3.23265020142902,3.2698071002960205,36800
1987-03-16,0.0,3.2698071002960205,3.245035834384687,3.2698071002960205,4600
1987-03-17,0.0,3.306963999163021,3.2698071002960205,3.2698071002960205,18400
1987-03-18,0.0,3.3069647814481313,3.2450366020202637,3.2450366020202637,27600
1987-03-19,0.0,3.2698064804077145,3.220263957977295,3.220263957977295,21200
1987-03-20,0.0,3.220263957977295,3.1954926967620847,3.220263957977295,43800
1987-03-23,0.0,3.2574222379058373,3.170722786706823,3.2450366020202637,17800
1987-03-24,0.0,3.2945777173243265,3.2326495647430424,3.232649564743042,57400
1987-03-25,0.0,3.269807873791411,3.220265330249117,3.2450366020202637,9400
1987-03-26,0.0,3.3161485323539144,3.253103883449848,3.2783217430114746,31200
1987-03-27,0.0,3.2783230902656677,3.164842675602625,3.1774516105651855,34800
1987-03-30,0.0,3.127014398574829,3.0765786824687837,3.127014398574829,122800
1987-03-31,0.0,3.1648430824279785,3.127016272677843,3.1648430824279785,13400
1987-04-01,0.0,3.1648417784843916,3.0639703273773193,3.0639703273773193,55200
1987-04-02,0.0,3.127014332130307,3.0639696883373575,3.0765786170959473,90400
1987-04-03,0.0,3.177451229095459,3.063970828056336,3.152233362197876,31600
1987-04-06,0.0,3.177450114680875,3.1017965405218066,3.127014398574829,13600
1987-04-07,0.0,3.22788667678833,3.1270152181386948,3.22788667678833,112800
1987-04-08,0.0,3.2278852500463193,3.1900584697723393,3.190058469772339,167800
1987-04-09,0.0,3.2278867706539125,3.190059972560312,3.2026689052581787,87200
1987-04-10,0.0,3.22788667678833,3.2026688121259212,3.22788667678833,10400
1987-04-13,0.0,3.215276323288326,3.1900584697723393,3.190058469772339,13200
1987-04-14,0.0,3.1774493074610164,3.1144046783447266,3.1144046783447266,14200
1987-04-15,0.0,3.127014398574829,3.089187611495295,3.127014398574829,14200
1987-04-16,0.0,3.177451229095459,3.1144065618515016,3.152233362197876,117600
1987-04-20,0.0,3.1522314558145004,3.1144046783447266,3.1144046783447266,15200
1987-04-21,0.0,3.089187860488891,3.0387521403176443,3.0891878604888916,16800
1987-04-22,0.0,3.2531039855059456,3.0639700328602513,3.2152771949768066,73600
1987-04-23,0.0,3.190060162544251,3.1270154953002933,3.152233362197876,35400
1987-04-24,0.0,3.1522333621978764,3.1270154953002933,3.152233362197876,106000
1987-04-27,0.0,3.127014332130307,3.0765786170959473,3.0765786170959473,26400
1987-04-28,0.0,3.152232256627852,3.0765786824687837,3.127014398574829,29400
1987-04-29,0.0,3.127014398574829,3.1144054695483177,3.127014398574829,32000
1987-04-30,0.0,3.1774516105651855,3.1396248056775047,3.1774516105651855,45800
1987-05-01,0.0,3.2531046360496463,3.1774510398624454,3.2026689052581787,22400
1987-05-04,0.0,3.2278867706539125,3.190059972560312,3.2026689052581787,16000
1987-05-05,0.0,3.2531052203405473,3.1774516105651855,3.1774516105651855,29800
1987-05-06,0.0,3.2278873504154264,3.164842675602625,3.1774516105651855,65400
1987-05-07,0.0,3.2278877653448705,3.1648430824279785,3.1648430824279785,51200
1987-05-08,0.0,3.202669892178114,3.1648430824279785,3.1648430824279785,8200
1987-05-11,0.0,3.265713140946026,3.1774506236231606,3.2531042098999023,61400
1987-05-12,0.0,3.3287580013275146,3.202668683095412,3.3287580013275146,47600
1987-05-13,0.0,3.316148636387844,3.202668264800427,3.2152771949768066,81000
1987-05-14,0.0,3.22788667678833,3.190059879794717,3.22788667678833,23600
1987-05-15,0.0,3.2531046360496463,3.202668905258179,3.2026689052581787,13600
1987-05-18,0.0,3.202669095993042,3.1522333621978764,3.152233362197876,20200
1987-05-19,0.0,3.1774516263283976,3.0513622760772705,3.0513622760772705,21400
1987-05-20,0.0,3.026142120361328,2.9630974928538008,3.026142120361328,47600
1987-05-21,0.0,3.026142921768317,2.9883161352462126,3.000925064086914,126800
1987-05-22,0.0,2.988316059112549,2.950489273554162,2.988316059112549,62600
1987-05-26,0.0,3.089187545854537,3.0135339733029975,3.0765786170959473,19800
1987-05-27,0.0,3.1017961502075195,3.0765782953277836,3.1017961502075195,24800
1987-05-28,0.0,3.114405403371717,3.0639696883373575,3.0765786170959473,42200
1987-05-29,0.0,3.0765786170959473,3.0513607595787673,3.0765786170959473,25800
1987-06-01,0.0,3.089186747868856,3.026142120361328,3.026142120361328,32800
1987-06-02,0.0,3.026142921768317,2.9883161352462126,3.000925064086914,45200
1987-06-03,0.0,3.0639703273773193,3.0009256704353993,3.0639703273773193,16800
1987-06-04,0.0,3.1017980161777214,3.038753341052158,3.0513622760772705,25200
1987-06-05,0.0,3.0765786170959473,3.0513607595787673,3.0765786170959473,8400
1987-06-08,0.0,3.0513622760772705,3.0261444060270453,3.0513622760772705,13400
1987-06-09,0.0,3.0765792587657033,3.0387524646005515,3.0639703273773193,20200
1987-06-10,0.0,3.1144046783447266,3.0387511234051785,3.1144046783447266,39400
1987-06-11,0.0,3.177451229095459,3.1144065618515016,3.152233362197876,17800
1987-06-12,0.0,3.127014398574829,3.1144054695483177,3.127014398574829,12600
1987-06-15,0.0,3.202668905258179,3.1774510398624454,3.2026689052581787,15800
1987-06-16,0.0,3.190060545527746,3.152233740640065,3.1774516105651855,20000
1987-06-17,0.0,3.215276323288326,3.1648406162563525,3.190058469772339,24600
1987-06-18,0.0,3.202668905258179,3.1648421071645783,3.2026689052581787,8800
1987-06-19,0.0,3.2783224061131477,3.2152777444571257,3.22788667678833,48800
1987-06-22,0.0,3.303539934084397,3.227886347807655,3.2531042098999023,35200
1987-06-23,0.0,3.2783215147975815,3.227885799185311,3.240494728088379,36600
1987-06-24,0.0,3.3539757728576656,3.2278864580885807,3.353975772857666,13000
1987-06-25,0.0,3.3750215405202737,3.2980248513829293,3.323690414428711,13200
1987-06-26,0.0,3.298024251055812,3.2466931343078613,3.2466931343078613,6600
1987-06-29,0.0,3.285191774368286,3.27235899399966,3.285191774368286,2600
1987-06-30,0.0,3.2723586926818364,3.233860355120874,3.2466931343078613,47200
1987-07-01,0.0,3.2980256071166383,3.2338616847991943,3.2338616847991943,20200
1987-07-02,0.0,3.259527253726172,3.2338616847991943,3.2338616847991943,3400
1987-07-06,0.0,3.2338616847991943,3.221028900335705,3.2338616847991943,21200
1987-07-07,0.0,3.2723586926818364,3.2081947967468984,3.2466931343078613,21400
1987-07-08,0.0,3.3236907942350524,3.2081957473311316,3.3108580112457275,52800
1987-07-09,0.0,3.413519382476806,3.285191586143092,3.4135193824768066,33600
1987-07-10,0.0,3.413520381306157,3.387854814529419,3.387854814529419,16400
1987-07-13,0.0,3.387855100267716,3.362189531326294,3.362189531326294,9600
1987-07-14,0.0,3.387854814529419,3.336523680975943,3.387854814529419,18200
1987-07-15,0.0,3.37502192619235,3.3108580112457275,3.3108580112457275,19000
1987-07-16,0.0,3.3108583925299144,3.285192823595574,3.298025608062744,10400
1987-07-17,0.0,3.362189531326294,3.323691177914161,3.362189531326294,7600
1987-07-20,0.0,3.4135209569391214,3.375022600281913,3.4006881713867188,31600
1987-07-21,0.0,3.439184665679932,3.375020772663515,3.4391846656799316,27600
1987-07-22,0.0,3.477683683677956,3.439185340316207,3.464850902557373,15400
1987-07-23,0.0,3.477683001489782,3.439184665679932,3.4391846656799316,13200
1987-07-24,0.0,3.439185948082895,3.362189247752681,3.387854814529419,30200
1987-07-27,0.0,3.4520170688629155,3.3878531828245713,3.452017068862915,14400
1987-07-28,0.0,3.426353742491524,3.4006881713867183,3.4006881713867188,5600
1987-07-29,0.0,3.4520170688629155,3.40068596003224,3.452017068862915,36000
1987-07-30,0.0,3.4905178546905518,3.452019495999112,3.4905178546905518,16200
1987-07-31,0.0,3.4905172819580983,3.464851713708406,3.477684497833252,15400
1987-08-03,0.0,3.4905164647985387,3.4648509025573726,3.464850902557373,16400
1987-08-04,0.0,3.5803460504697715,3.46485101658365,3.5418477058410645,29200
1987-08-05,0.0,3.580346965961319,3.5161830418401485,3.567514181137085,16400
1987-08-06,0.0,3.657343674906724,3.567514181137085,3.567514181137085,19200
1987-08-07,0.0,3.567514572073432,3.4905178546905518,3.4905178546905518,13400
1987-08-10,0.0,3.503350640921032,3.452019495999112,3.4905178546905518,41800
1987-08-11,0.0,3.554680109024048,3.477683427962155,3.554680109024048,39200
1987-08-12,0.0,3.631678056716919,3.580346918106079,3.593179702758789,96800
1987-08-13,0.0,3.606011229731976,3.554680109024048,3.554680109024048,5000
1987-08-14,0.0,3.5931772752241655,3.5290133953094482,3.5290133953094482,58400
1987-08-17,0.0,3.580346965961319,3.49051747219168,3.567514181137085,73200
1987-08-18,0.0,3.54184678697238,3.503348452331376,3.516181230545044,11200
1987-08-19,0.0,3.5161834271515118,3.4905178546905518,3.4905178546905518,16400
1987-08-20,0.0,3.5290133953094482,3.4905150673606182,3.5290133953094482,5000
1987-08-21,0.0,3.6701765547335987,3.4905175625438423,3.6445109844207764,70200
1987-08-24,0.0,3.670176410675049,3.593179702758789,3.593179702758789,13200
1987-08-25,0.0,3.695840395413912,3.5675126039064846,3.6701748371124268,144200
1987-08-26,0.0,3.7728389749754814,3.70867504682964,3.7600061893463135,62800
1987-08-27,0.0,3.73434038211902,3.6958420276641846,3.6958420276641846,36600
1987-08-28,0.0,3.7215075973007417,3.6958420276641846,3.6958420276641846,61800
1987-08-31,0.0,3.7086744765371398,3.683008909225464,3.683008909225464,47600
1987-09-01,0.0,3.6701778131173857,3.593181075779259,3.6188466548919678,88400
1987-09-02,0.0,3.593179750785553,3.567514181137085,3.567514181137085,21200
1987-09-03,0.0,3.567513268926869,3.5418477058410645,3.5418477058410645,9000
1987-09-04,0.0,3.593178449554994,3.554680109024048,3.554680109024048,19800
1987-09-08,0.0,3.54184758928087,3.4648509025573726,3.464850902557373,9200
1987-09-09,0.0,3.516181337299632,3.439184665679932,3.4391846656799316,22200
1987-09-10,0.0,3.490515400485922,3.4391842916552466,3.452017068862915,34200
1987-09-11,0.0,3.4648498460705843,3.4520170688629155,3.452017068862915,2400
1987-09-14,0.0,3.54184678697238,3.47768289590404,3.516181230545044,36400
1987-09-15,0.0,3.541848999612472,3.4905178546905518,3.4905178546905518,5600
1987-09-16,0.0,3.477684497833252,3.464851713708406,3.477684497833252,9600
1987-09-17,0.0,3.4520177213769205,3.413519382476806,3.4135193824768066,44800
1987-09-18,0.0,3.3878537978249037,3.3365226796760417,3.349355459213257,26600
1987-09-21,0.0,3.36218957901001,3.32369122505188,3.33652400970459,8600
1987-09-22,0.0,3.362189531326294,3.336523962384872,3.362189531326294,2800
1987-09-23,0.0,3.5161820270397044,3.349355872472127,3.464850902557373,82600
1987-09-24,0.0,3.4648498460705843,3.4391842916552466,3.452017068862915,7600
1987-09-25,0.0,3.499548404621628,3.460374355316162,3.460374355316162,6800
1987-09-28,0.0,3.499549222796151,3.460375164332015,3.4864912033081055,41800
1987-09-29,0.0,3.551782042891891,3.5126079762423483,3.5256659984588623,10600
1987-09-30,0.0,3.538722276687622,3.512606245125352,3.538722276687622,14200
1987-10-01,0.0,3.5256659984588623,3.499549954025834,3.5256659984588623,3400
1987-10-02,0.0,3.630128860473633,3.4995486856364515,3.630128860473633,38000
1987-10-05,0.0,3.643186877957351,3.630128860473633,3.630128860473633,13000
1987-10-06,0.0,3.695419383387194,3.656245326319485,3.682361364364624,35000
1987-10-07,0.0,3.6693020539624355,3.6301280106816978,3.6562440395355225,19200
1987-10-08,0.0,3.630128860473633,3.564838773055042,3.630128860473633,10400
1987-10-09,0.0,3.6954212188720703,3.617073065821779,3.6954212188720703,9600
1987-10-12,0.0,3.6693045803729225,3.5517823696136475,3.5517823696136475,16400
1987-10-13,0.0,3.6170730590820317,3.5778989826298795,3.6170730590820312,13000
1987-10-14,0.0,3.6562471355341835,3.6170730590820317,3.6170730590820312,8600
1987-10-15,0.0,3.617072153974463,3.5256659984588623,3.5256659984588623,34800
1987-10-16,0.0,3.52566620399212,3.3950859742146338,3.408143997192383,19800
1987-10-19,0.0,3.382025994806208,3.0555756092071533,3.0555756092071533,97400
1987-10-20,0.0,2.9249946594238283,2.6768924338477,2.742182493209839,119000
1987-10-21,0.0,3.081692310801724,2.7160677993506717,2.9772281646728516,245600
1987-10-22,0.0,2.9902861829389606,2.9380541098745248,2.9772281646728516,33000
1987-10-23,0.0,3.003343618021602,2.9511115550994873,2.9511115550994873,15800
1987-10-26,0.0,2.8727644955346343,2.8466484546661377,2.8466484546661377,65200
1987-10-27,0.0,2.87276438144451,2.781358242034912,2.781358242034912,49600
1987-10-28,0.0,2.8074758064072087,2.755243698381028,2.7683017253875732,31400
1987-10-29,0.0,2.781358242034912,2.7160681424566278,2.781358242034912,16800
1987-10-30,0.0,2.8727645874023433,2.7683004205877126,2.8727645874023438,48600
1987-11-02,0.0,2.9511115550994873,2.8335894135247286,2.9511115550994873,61200
1987-11-03,0.0,2.97722892416009,2.8858227729797363,2.8858227729797363,36400
1987-11-04,0.0,2.8988790120164007,2.846646957745835,2.8597049713134766,23600
1987-11-05,0.0,2.8988807945769297,2.872764751382543,2.8858227729797363,6600
1987-11-06,0.0,2.9902870655059814,2.8858228885450736,2.9902870655059814,12400
1987-11-09,0.0,2.9772284541811262,2.8988803369658336,2.9249963760375977,11600
1987-11-10,0.0,2.9249963760375977,2.872764297894069,2.9249963760375977,29800
1987-11-11,0.0,2.990286976230302,2.9380548893092486,2.9641709327697754,8800
1987-11-12,0.0,3.029460575269616,2.9511124569436777,3.0033445358276367,33400
1987-11-13,0.0,3.212271586793368,3.029459382666916,3.1861555576324463,45000
1987-11-16,0.0,3.1861563165982565,3.1339242458343506,3.1339242458343506,44800
1987-11-17,0.0,3.1469822635253273,3.1339242458343506,3.1339242458343506,33800
1987-11-18,0.0,3.160041168022947,3.0947510612456135,3.1469831466674805,45000
1987-11-19,0.0,3.225332248110731,3.1078100204467773,3.1078100204467773,19000
1987-11-20,0.0,3.212272955446827,3.094750774149992,3.1992149353027344,125400
1987-11-23,0.0,3.264506897294378,3.19921675934849,3.2514488697052,52800
1987-11-24,0.0,3.264506897294378,3.225332814526845,3.2514488697052,47200
1987-11-25,0.0,3.2514456305347506,3.1861555576324463,3.1861555576324463,56600
1987-11-27,0.0,3.1861560435234746,3.094749927520752,3.094749927520752,14000
1987-11-30,0.0,3.0686355308020783,3.0164034366607666,3.0164034366607666,18800
1987-12-01,0.0,3.01640298895167,2.833590686590963,2.8858227729797363,48800
1987-12-02,0.0,3.0294597148895264,2.8988795547649775,3.0294597148895264,44600
1987-12-03,0.0,3.0033445358276367,2.9249964175016983,3.0033445358276367,86000
1987-12-04,0.0,2.9772284541811262,2.8988803369658336,2.9249963760375977,37800
1987-12-07,0.0,2.9249968377713165,2.872764751382543,2.8858227729797363,13000
1987-12-08,0.0,2.9511122468341093,2.8858221528776027,2.911938190460205,11600
1987-12-09,0.0,2.9249962092515065,2.8727641340863013,2.911938190460205,17800
1987-12-10,0.0,2.911938190460205,2.8988801716689037,2.911938190460205,13400
1987-12-11,0.0,2.9772281646728516,2.8988800550761975,2.9772281646728516,12000
1987-12-14,0.0,2.9772289545000388,2.9249968675789852,2.9641709327697754,11800
1987-12-15,0.0,3.081691640055078,2.9902855320873427,3.0555756092071533,30000
1987-12-16,0.0,3.1339239772362046,3.0816919109489347,3.094749927520752,30800
1987-12-17,0.0,3.107809216289197,3.081693172454834,3.081693172454834,72400
1987-12-18,0.0,3.1339239772362046,3.068633894377117,3.094749927520752,35400
1987-12-21,0.0,3.186158172222746,3.0947519951507823,3.1078100204467773,47600
1987-12-22,0.0,3.1339239772362046,3.0816919109489347,3.094749927520752,41600
1987-12-23,0.0,3.251447753560159,3.107809499386818,3.238389730453491,41600
1987-12-24,0.0,3.264506897294378,3.225332814526845,3.2514488697052,8600
1987-12-28,0.0,3.3063772480662275,3.266380749097684,3.2797129154205322,11400
1987-12-29,0.0,3.3063772480662275,3.2797129154205322,3.2797129154205322,21200
1987-12-30,0.0,3.293043227469335,3.253046751022339,3.253046751022339,19000
1987-12-31,0.0,3.2930426597595215,3.2530461902077863,3.2930426597595215,13800
1988-01-04,0.0,3.2930426597595215,3.2663783467250314,3.2930426597595215,25200
1988-01-05,3.3063761190589207,3.4263655749925106,3.2797117955181228,3.346372604370117,54000
1988-01-06,3.346370498185913,3.4663598785989533,3.346370498185913,3.4530277252197266,58000
1988-01-07,3.4796932630760726,3.4796932630760726,3.426364630691765,3.439696788787842,15400
1988-01-08,3.4663632439403997,3.4663632439403997,3.2797129154205322,3.2797129154205322,42000
1988-01-11,3.26637864112854,3.26637864112854,3.253046483409648,3.26637864112854,16000
1988-01-12,3.26637864112854,3.293042956566324,3.26637864112854,3.26637864112854,24800
1988-01-13,3.293042956566324,3.306375114285216,3.26637864112854,3.26637864112854,13600
1988-01-14,3.2797129154205322,3.2797129154205322,3.2530485827748366,3.2797129154205322,15600
1988-01-15,3.279710948467255,3.3063752651214604,3.279710948467255,3.30637526512146,17800
1988-01-18,3.293043227469335,3.293043227469335,3.253046751022339,3.253046751022339,27000
1988-01-19,3.266380749097684,3.3063772480662275,3.2530485827748366,3.2797129154205322,20600
1988-01-20,3.293042831895757,3.293042831895757,3.21304988861084,3.21304988861084,32200
1988-01-21,3.199719304623811,3.199719304623811,3.066397666931152,3.0663976669311523,48600
1988-01-22,3.0797298307004177,3.0797298307004177,3.0397333393926202,3.0663976669311523,158000
1988-01-25,3.0930609396087254,3.119725258053628,3.0930609396087254,3.1063930988311768,18600
1988-01-26,3.133057386447222,3.1730538637210164,3.119725227355957,3.119725227355957,18800
1988-01-27,3.146389545538487,3.146389545538487,3.119725227355957,3.119725227355957,56200
1988-01-28,3.1197263487314775,3.1730550042653487,3.1197263487314775,3.146390676498413,4600
1988-01-29,3.146389545538487,3.1597217046297517,3.119725227355957,3.119725227355957,8400
1988-02-01,3.146390676498413,3.1863871681488165,3.1330585126149453,3.146390676498413,27000
1988-02-02,3.1730544237910956,3.186386585235596,3.146390100902095,3.1863865852355957,63400
1988-02-03,3.186386411200093,3.2263828933490477,3.159722089767456,3.159722089767456,23200
1988-02-04,3.173054250483774,3.173054250483774,3.1463899290511375,3.159722089767456,9000
1988-02-05,3.186385574182534,3.21304988861084,3.173053416968381,3.21304988861084,33600
1988-02-08,3.1997175777659694,3.2130497343399944,3.1730532646179195,3.17305326461792,10200
1988-02-09,3.19971912465197,3.19971912465197,3.1330583095550537,3.1330583095550537,117000
1988-02-10,3.1330577683348193,3.159722089767456,3.1330577683348193,3.159722089767456,9200
1988-02-11,3.133056794895845,3.1730532646179195,3.133056794895845,3.17305326461792,54200
1988-02-12,3.1863871681488165,3.1863871681488165,3.146390676498413,3.146390676498413,9000
1988-02-16,3.159722840381881,3.159722840381881,3.1330585126149453,3.146390676498413,19600
1988-02-17,3.15972263559382,3.15972263559382,3.1063939835162873,3.1330583095550537,56800
1988-02-18,3.1063930988311768,3.146389576498531,3.1063930988311768,3.1063930988311768,10600
1988-02-19,3.1063930682646923,3.146389545538487,3.1063930682646923,3.119725227355957,22800
1988-02-22,3.1330585126149453,3.146390676498413,3.106394184848009,3.146390676498413,11600
1988-02-23,3.1330585126149453,3.1730550042653487,3.1330585126149453,3.146390676498413,27600
1988-02-24,3.133057386447222,3.146389545538487,3.1063930682646923,3.119725227355957,28000
1988-02-25,3.1463899290511375,3.159722089767456,3.1463899290511375,3.159722089767456,2200
1988-02-26,3.1330585126149453,3.146390676498413,3.1197263487314775,3.146390676498413,16400
1988-02-29,3.1330577683348193,3.186386411200093,3.1330577683348193,3.159722089767456,11800
1988-03-01,3.173053416968381,3.2397142030391457,3.173053416968381,3.21304988861084,29800
1988-03-02,3.2530485827748366,3.3063772480662275,3.2263842501291413,3.2797129154205322,33000
1988-03-03,3.3063748162767665,3.3063748162767665,3.2797105032422764,3.2930426597595215,53600
1988-03-04,3.3063787536621096,3.333043098449707,3.3063787536621096,3.333043098449707,30400
1988-03-07,3.333040442599718,3.346372604370117,3.3197082808293197,3.346372604370117,2200
1988-03-08,3.3597047328948975,3.3597047328948975,3.333040409617954,3.3597047328948975,10800
1988-03-09,3.3330395817756657,3.359703898429871,3.3063752651214604,3.30637526512146,68200
1988-03-10,3.3063752651214604,3.3063752651214604,3.3063752651214604,3.30637526512146,10400
1988-03-11,3.2797113725961733,3.2797113725961733,3.1997184122889495,3.2263827323913574,24200
1988-03-14,3.199718571916411,3.199718571916411,3.159722089767456,3.159722089767456,11600
1988-03-15,3.186386411200093,3.186386411200093,3.1463899290511375,3.159722089767456,40000
1988-03-16,3.1863862522377455,3.2263827323913574,3.1863862522377455,3.2263827323913574,28400
1988-03-17,3.2130495952480618,3.2530460632387013,3.2130495952480618,3.2397139072418213,12600
1988-03-18,3.2530470524937654,3.2530470524937654,3.2263827323913574,3.2263827323913574,28200
1988-03-21,3.2263820458249928,3.2263820458249928,3.199717731396687,3.21304988861084,1800
1988-03-22,3.2397139072418213,3.2530460632387013,3.2130495952480618,3.2397139072418213,26000
1988-03-23,3.1997184122889495,3.2263827323913574,3.1997184122889495,3.2263827323913574,52000
1988-03-24,3.253046751022339,3.306375386285,3.253046751022339,3.253046751022339,41200
1988-03-25,3.2819170157114663,3.29553492863973,3.227445363998413,3.268299102783203,37800
1988-03-28,3.268299102783203,3.29553492863973,3.25468118985494,3.268299102783203,43000
1988-03-29,3.29553492863973,3.3227707544962564,3.268299102783203,3.268299102783203,24000
1988-03-30,3.2819168567657466,3.309152681303222,3.268298944497009,3.281916856765747,22400
1988-03-31,3.2682971076486496,3.3363866307246632,3.2410612984182445,3.2546792030334473,43600
1988-04-04,3.2819164751037477,3.404477671269448,3.2819164751037477,3.377241849899292,54200
1988-04-05,3.4044773578643803,3.4180952672958376,3.3908594484329226,3.40447735786438,38600
1988-04-06,3.3772416209794613,3.4453311697895312,3.3772416209794613,3.418095350265503,25800
1988-04-07,3.4453319708506265,3.4725677967071533,3.4317140579223633,3.4725677967071533,17600
1988-04-08,3.4589488506317134,3.4589488506317134,3.4044772151886944,3.458948850631714,17200
1988-04-11,3.4589503644004695,3.4589503644004695,3.4044787051185725,3.4317145347595215,20400
1988-04-12,3.431713032910204,3.4589488506317134,3.4044772151886944,3.458948850631714,34600
1988-04-13,3.4861860312963193,3.4861860312963193,3.418096460372563,3.4453322887420654,66600
1988-04-14,3.418096619939047,3.4453324495799955,3.418096619939047,3.4317145347595215,2600
1988-04-15,3.431714534759521,3.431714534759521,3.418096619939047,3.4317145347595215,13800
1988-04-18,3.4044775139375862,3.4044775139375862,3.3772416938260856,3.390859603881836,8800
1988-04-19,3.39085976058437,3.39085976058437,3.3772418498992924,3.377241849899292,10400
1988-04-20,3.3772427178183095,3.4453322887420654,3.3772427178183095,3.4453322887420654,60600
1988-04-21,3.4453324495799955,3.4453324495799955,3.431714534759521,3.4317145347595215,33600
1988-04-22,3.4317140579223633,3.4861857096354165,3.4317140579223633,3.4725677967071533,41800
1988-04-25,3.513423204421997,3.513423204421997,3.4589515268340594,3.513423204421997,54600
1988-04-26,3.4861873656280284,3.527041123818982,3.4725694462310437,3.513423204421997,13800
1988-04-27,3.513423204421997,3.527041123818982,3.4861873656280284,3.513423204421997,43000
1988-04-28,3.4861865043640137,3.4998044203966856,3.45895067229867,3.4861865043640137,42600
1988-04-29,3.45894988377889,3.4725677967071533,3.4317140579223633,3.4725677967071533,20000
1988-05-02,3.4453311697895312,3.472566989313559,3.418095350265503,3.418095350265503,15200
1988-05-03,3.4180955819545256,3.4180955819545256,3.3772418498992924,3.377241849899292,27800
1988-05-04,3.39085976058437,3.4180955819545256,3.3772418498992924,3.377241849899292,59600
1988-05-05,3.4180955819545256,3.4180955819545256,3.3772418498992924,3.377241849899292,16800
1988-05-06,3.377242002330843,3.377242002330843,3.3227703571319585,3.322770357131958,23200
1988-05-09,3.3363879550763262,3.377241685138485,3.309152135034887,3.350005865097046,23400
1988-05-10,3.3227700362970802,3.3227700362970802,3.295534216327432,3.309152126312256,29400
1988-05-11,3.268299102783203,3.268299102783203,3.227445363998413,3.268299102783203,27000
1988-05-12,3.2819170157114663,3.2819170157114663,3.25468118985494,3.268299102783203,16800
1988-05-13,3.2955353260040288,3.322771155144558,3.2955353260040288,3.2955353260040283,7000
1988-05-16,3.3227700450556066,3.377241685138485,3.2955342250141673,3.350005865097046,29200
1988-05-17,3.3772422426469095,3.3772422426469095,3.2819168567657466,3.281916856765747,20400
1988-05-18,3.281916773268945,3.281916773268945,3.227445125579834,3.227445125579834,9400
1988-05-19,3.254681270680529,3.254681270680529,3.200209617614746,3.200209617614746,76000
1988-05-20,3.2274462419041132,3.2274462419041132,3.186592492006593,3.2138283252716064,21200
1988-05-23,3.2002095381418862,3.2002095381418862,3.159355799357096,3.186591625213623,16200
1988-05-24,3.186591784841513,3.200209698451947,3.1593559576206456,3.172973871231079,16000
1988-05-25,3.2002095381418862,3.2002095381418862,3.17297371228536,3.186591625213623,74000
1988-05-26,3.1729737910818545,3.200209617614746,3.1729737910818545,3.200209617614746,16200
1988-05-27,3.1865917043483005,3.200209617614746,3.1729737910818545,3.200209617614746,6200
1988-05-31,3.172973477890723,3.227445125579834,3.172973477890723,3.227445125579834,24800
1988-06-01,3.2410612984182445,3.2546792030334473,3.227443393803042,3.2546792030334473,7200
1988-06-02,3.2819170157114663,3.2819170157114663,3.268299102783203,3.268299102783203,34200
1988-06-03,3.268298221235516,3.2955340397458115,3.2410624027252197,3.2410624027252197,69600
1988-06-06,3.2410624027252197,3.254680311980368,3.2274444934700717,3.2410624027252197,11600
1988-06-07,3.254680311980368,3.254680311980368,3.2274444934700717,3.2410624027252197,15000
1988-06-08,3.2410630375021117,3.2546809494243893,3.227445125579834,3.227445125579834,81000
1988-06-09,3.254680311980368,3.254680311980368,3.2274444934700717,3.2410624027252197,34400
1988-06-10,3.227445125579834,3.2410630375021117,3.213827213657556,3.227445125579834,51600
1988-06-13,3.213827213657556,3.2410630375021117,3.213827213657556,3.227445125579834,84000
1988-06-14,3.2410632769266763,3.2410632769266763,3.17297371228536,3.186591625213623,20800
1988-06-15,3.21382745107015,3.21382745107015,3.186591625213623,3.186591625213623,13000
1988-06-16,3.1729733132082845,3.200209135639257,3.1457374907773117,3.159355401992798,18200
1988-06-17,3.1593554019927983,3.1593554019927983,3.1457374907773117,3.159355401992798,14600
1988-06-20,3.1593559576206456,3.200209698451947,3.1457380440102116,3.172973871231079,12400
1988-06-21,3.1729733132082845,3.1865912244237706,3.1457374907773117,3.159355401992798,10400
1988-06-22,3.1865917043483005,3.2274454441476377,3.1865917043483005,3.200209617614746,39600
1988-06-23,3.2274462419041132,3.2546820751691268,3.2138283252716064,3.2138283252716064,26000
1988-06-24,3.2138283252716064,3.2138283252716064,3.2138283252716064,3.2138283252716064,17200
1988-06-27,3.2572564388843293,3.299016136818744,3.2572564388843293,3.271176338195801,15800
1988-06-28,3.243337522403828,3.39645646122976,3.243337522403828,3.354696750640869,40400
1988-06-29,3.3686166541704994,3.39645646122976,3.3546967506408696,3.354696750640869,52400
1988-06-30,3.3825365577001296,3.3825365577001296,3.3407768471112393,3.354696750640869,28200
1988-07-01,3.3268567790587746,3.3546965847412746,3.3129368762175244,3.3407766819000244,11800
1988-07-05,3.3407766819000244,3.3407766819000244,3.3129368762175244,3.3407766819000244,17600
1988-07-06,3.3546965847412746,3.368616487582525,3.3407766819000244,3.3407766819000244,198000
1988-07-07,3.382536649703979,3.382536649703979,3.3407769379792387,3.3825366497039795,165800
1988-07-08,3.3964559066394147,3.3964559066394147,3.32685640035582,3.3686161041259766,34000
1988-07-11,3.312937409190808,3.312937409190808,3.2850975990295406,3.285097599029541,23400
1988-07-12,3.28509823682439,3.3129380523906984,3.28509823682439,3.299018144607544,23600
1988-07-13,3.312936305999756,3.34077610689051,3.299016405554379,3.312936305999756,22600
1988-07-14,3.2990175041101746,3.354697124432709,3.2850975990295406,3.285097599029541,22200
1988-07-15,3.2850975990295406,3.312937409190808,3.2850975990295406,3.285097599029541,33800
1988-07-18,3.3268579601738524,3.3268579601738524,3.28509823682439,3.299018144607544,80000
1988-07-19,3.312937409190808,3.312937409190808,3.2850975990295406,3.285097599029541,7000
1988-07-20,3.2711760648365678,3.2850959629848084,3.2294163703918457,3.2294163703918457,7200
1988-07-21,3.2015785313489142,3.2294183446649916,3.159818811374798,3.173738718032837,21000
1988-07-22,3.2015771592766176,3.2015771592766176,3.1598174571990967,3.1598174571990967,10600
1988-07-25,3.131978346833161,3.145898250596864,3.118058443069458,3.118058443069458,7000
1988-07-26,3.1041403569115533,3.15982000456916,3.1041403569115533,3.1319801807403564,11400
1988-07-27,3.1180580838798955,3.1876575946807857,3.1180580838798955,3.187657594680786,7800
1988-07-28,3.2154980736263723,3.312937409190808,3.2154980736263723,3.285097599029541,32400
1988-07-29,3.299018144607544,3.299018144607544,3.215498697908619,3.299018144607544,22000
1988-08-01,3.3268579601738524,3.3268579601738524,3.299018144607544,3.299018144607544,31800
1988-08-02,3.3268579601738524,3.340777867957007,3.299018144607544,3.299018144607544,16200
1988-08-03,3.312936948433082,3.326856851577759,3.312936948433082,3.326856851577759,2200
1988-08-04,3.3407767547224356,3.396456367301143,3.326856851577759,3.326856851577759,33800
1988-08-05,3.299018144607544,3.3268579601738524,3.299018144607544,3.299018144607544,25400
1988-08-08,3.312936036130215,3.312936036130215,3.271176338195801,3.271176338195801,23000
1988-08-09,3.2990175041101746,3.2990175041101746,3.2294179787070063,3.285097599029541,10000
1988-08-10,3.257255993880235,3.285095788699724,3.215496301651001,3.215496301651001,12400
1988-08-11,3.2433362685400864,3.2433362685400864,3.2015765740953643,3.2294163703918457,5200
1988-08-12,3.201575517654419,3.201575517654419,3.201575517654419,3.201575517654419,2000
1988-08-15,3.2015765740953643,3.2294163703918457,3.2015765740953643,3.2294163703918457,18400
1988-08-16,3.2015764042412562,3.215496301651001,3.2015764042412562,3.215496301651001,9600
1988-08-17,3.2154954112094383,3.2154954112094383,3.201575517654419,3.201575517654419,2800
1988-08-18,3.2154975151404357,3.2572572231292725,3.1876577098145447,3.2572572231292725,41400
1988-08-19,3.271177679684029,3.271177679684029,3.2433378696441646,3.243337869644165,27600
1988-08-22,3.1876572585841103,3.2015771592766176,3.1598174571990967,3.1598174571990967,17600
1988-08-23,3.1598174571990967,3.1598174571990967,3.1598174571990967,3.1598174571990967,1600
1988-08-24,3.159816879650642,3.2294163703918457,3.159816879650642,3.2294163703918457,38200
1988-08-25,3.2015764042412562,3.215496301651001,3.187656506831512,3.215496301651001,48800
1988-08-26,3.2015764042412562,3.215496301651001,3.187656506831512,3.215496301651001,8600
1988-08-29,3.201575517654419,3.2294153047644576,3.201575517654419,3.201575517654419,37600
1988-08-30,3.215496301651001,3.215496301651001,3.2015764042412562,3.215496301651001,14400
1988-08-31,3.2294161990607457,3.2294161990607457,3.215496301651001,3.215496301651001,26400
1988-09-01,3.2015764042412562,3.2294161990607457,3.2015764042412562,3.215496301651001,10000
1988-09-02,3.1876556240994,3.201575517654419,3.1598158369893614,3.201575517654419,32400
1988-09-06,3.2015771592766176,3.2294169606616316,3.1458975565065894,3.1598174571990967,41200
1988-09-07,3.1876556240994,3.2154954112094383,3.1737357305443807,3.201575517654419,28400
1988-09-08,3.1876556240994,3.2154954112094383,3.1876556240994,3.201575517654419,20200
1988-09-09,3.2015764042412562,3.215496301651001,3.2015764042412562,3.215496301651001,4800
1988-09-12,3.2015765740953643,3.2294163703918457,3.2015765740953643,3.2294163703918457,133800
1988-09-13,3.2015765740953643,3.2294163703918457,3.1876566759471237,3.2294163703918457,7200
1988-09-14,3.2433373620112738,3.3407766819000244,3.2433373620112738,3.3407766819000244,37400
1988-09-15,3.3407766819000244,3.368616487582525,3.3407766819000244,3.3407766819000244,6400
1988-09-16,3.3407766819000244,3.3407766819000244,3.3268567790587746,3.3407766819000244,9600
1988-09-19,3.326856206445133,3.34077610689051,3.2850965051090015,3.312936305999756,19400
1988-09-20,3.299017045288405,3.326856851577759,3.299017045288405,3.326856851577759,15600
1988-09-21,3.3407766819000244,3.410376196106275,3.3407766819000244,3.3407766819000244,37200
1988-09-22,3.34077610689051,3.354696007335887,3.312936305999756,3.312936305999756,5600
1988-09-23,3.326856943581609,3.3546967506408696,3.326856943581609,3.354696750640869,13200
1988-09-26,3.3546965847412746,3.3546965847412746,3.3407766819000244,3.3407766819000244,9400
1988-09-27,3.370930431252819,3.39937710155875,3.3567070960998535,3.3567070960998535,4000
1988-09-28,3.35670591803158,3.385152578353882,3.35670591803158,3.385152578353882,28600
1988-09-29,3.3851535379886624,3.4278235405683515,3.3851535379886624,3.413600206375122,11600
1988-09-30,3.4136001973212524,3.4136001973212524,3.3709301948547368,3.3709301948547363,18800
1988-10-03,3.3709304372635844,3.3993771076202393,3.3709304372635844,3.3993771076202393,10200
1988-10-04,3.39937710155875,3.39937710155875,3.3567070960998535,3.3567070960998535,20200
1988-10-05,3.3709301948547368,3.3851535290102417,3.328260192388221,3.3709301948547363,16400
1988-10-06,3.3567058752323016,3.3567058752323016,3.29981255531311,3.2998125553131104,22800
1988-10-07,3.2998137534932885,3.3424837589263916,3.2713670832045536,3.3424837589263916,86600
1988-10-10,3.370930429215127,3.385153764359494,3.3424837589263916,3.3424837589263916,9200
1988-10-11,3.328260201215744,3.413600206375122,3.328260201215744,3.413600206375122,22600
1988-10-12,3.3851535379886624,3.4278235405683515,3.3851535379886624,3.413600206375122,57800
1988-10-13,3.3851535379886624,3.413600206375122,3.370930203795433,3.413600206375122,6600
1988-10-14,3.413599497055117,3.4278228282928467,3.399376165817387,3.4278228282928467,10400
1988-10-17,3.4420459407274837,3.470492601394653,3.3993759497267297,3.4704926013946533,16200
1988-10-18,3.4704925876018424,3.4847159178788996,3.442045927047729,3.4420459270477295,25600
1988-10-19,3.484717841148376,3.58428120803833,3.484717841148376,3.5558345317840576,16400
1988-10-20,3.527387855529785,3.555834531784057,3.5131645174026485,3.5558345317840576,22600
1988-10-21,3.5558335723415495,3.5558335723415495,3.5273869037628174,3.5273869037628174,21400
1988-10-24,3.5131619542012578,3.5985019207000737,3.498938626451455,3.5985019207000732,13400
1988-10-25,3.5700564662770073,3.6696197940217843,3.5700564662770073,3.6553964614868164,22000
1988-10-26,3.6553955161294267,3.7122888315555658,3.6553955161294267,3.669618844985962,49600
1988-10-27,3.6980674220066443,3.7122907582451314,3.612727404575722,3.626950740814209,60000
1988-10-28,3.6127278842926023,3.6127278842926023,3.555834531784057,3.5558345317840576,74600
1988-10-31,3.5842821645546716,3.5842821645546716,3.5273887968633275,3.570058822631836,71000
1988-11-01,3.541608572006226,3.5558318996046445,3.5131619168093886,3.5416085720062256,112600
1988-11-02,3.5416095427104404,3.5842795372009277,3.5273862112136114,3.5842795372009277,17800
1988-11-03,3.5558335723415495,3.5558335723415495,3.5273869037628174,3.5273869037628174,14600
1988-11-04,3.5273869037628174,3.5273869037628174,3.498940235184085,3.5273869037628174,8800
1988-11-07,3.4989392620618225,3.5273859227289917,3.4562692710610685,3.4704926013946533,21200
1988-11-08,3.4420461713531867,3.4989394964995206,3.4420461713531867,3.4562695026397705,13600
1988-11-09,3.4847161652129373,3.4989394964995206,3.45626950263977,3.4562695026397705,8000
1988-11-10,3.4420459407274837,3.470492601394653,3.4420459407274837,3.4704926013946533,2800
1988-11-11,3.45626950263977,3.45626950263977,3.45626950263977,3.4562695026397705,1400
1988-11-14,3.427823777976894,3.470493783511876,3.3851537724419116,3.3993771076202393,40600
1988-11-15,3.399376872181892,3.4562702089548107,3.399376872181892,3.413600206375122,11000
1988-11-16,3.399376863165747,3.4278235314767573,3.3709301948547368,3.3709301948547363,14000
1988-11-17,3.3424837589263916,3.370930429215127,3.328260423782024,3.3424837589263916,12400
1988-11-18,3.328260192388221,3.3709301948547368,3.328260192388221,3.3709301948547363,5400
1988-11-21,3.370930203795433,3.413600206375122,3.370930203795433,3.413600206375122,10400
1988-11-22,3.4136004427985664,3.427823777976894,3.3851537724419116,3.3993771076202393,27200
1988-11-23,3.4278225967706724,3.4704925876018424,3.4278225967706724,3.4420459270477295,14200
1988-11-25,3.4989373828718056,3.541607350955608,3.470490737482604,3.5131607055664062,22800
1988-11-28,3.4989373828718056,3.555830673650209,3.4989373828718056,3.5131607055664062,91200
1988-11-29,3.498939548219953,3.5842795372009277,3.498939548219953,3.5842795372009277,30600
1988-11-30,3.5842795372009277,3.6127262001945857,3.5700562057040983,3.5842795372009277,30800
1988-12-01,3.6127252484498764,3.6127252484498764,3.5985019207000737,3.5985019207000732,1600
1988-12-02,3.5985031313469436,3.6696197940217843,3.5985031313469436,3.6553964614868164,22400
1988-12-05,3.641172647476196,3.6838426394388075,3.641172647476196,3.6411726474761963,55400
1988-12-06,3.641173128951848,3.6838431265567526,3.641173128951848,3.6553964614868164,36600
1988-12-07,3.6553964614868164,3.6838431265567526,3.6553964614868164,3.6553964614868164,45000
1988-12-08,3.6696195712456334,3.698066234588623,3.6696195712456334,3.698066234588623,66000
1988-12-09,3.698066958003171,3.7407369613647456,3.698066958003171,3.740736961364746,5400
1988-12-12,3.7407369613647456,3.7407369613647456,3.7407369613647456,3.740736961364746,54200
1988-12-13,3.7265134001136726,3.783406734466553,3.7265134001136726,3.7834067344665527,55000
1988-12-14,3.783406252231238,3.783406252231238,3.7691829204559326,3.7691829204559326,4800
1988-12-15,3.769183154359008,3.769183154359008,3.75495982170105,3.75495982170105,3600
1988-12-16,3.78340436278211,3.7976276874542236,3.769181038109997,3.7976276874542236,11200
1988-12-19,3.783406734466553,3.8118534016429932,3.7691834008783327,3.7834067344665527,36000
1988-12-20,3.7834060316655176,3.8118526935577397,3.7834060316655176,3.8118526935577393,55400
1988-12-21,3.8260743367984498,3.8260743367984498,3.78340436278211,3.7976276874542236,23600
1988-12-22,3.783406734466553,3.8118534016429932,3.783406734466553,3.7834067344665527,24400
1988-12-23,3.797630068054773,3.797630068054773,3.783406734466553,3.7834067344665527,62400
1988-12-27,3.8502414977108987,3.922887563705444,3.8502414977108987,3.9228875637054443,64000
1988-12-28,3.9083566665649414,3.9083566665649414,3.8647690457482318,3.9083566665649414,15200
1988-12-29,3.8938288365987908,3.9083580486756517,3.8647704124450684,3.8647704124450684,57200
1988-12-30,3.8792993507601996,3.8792993507601996,3.8357117176055904,3.835711717605591,24200
1989-01-03,3.8357117176055904,3.8647701397086633,3.8357117176055904,3.835711717605591,48600
1989-01-04,3.8647704124450684,3.87929962452193,3.835711988291346,3.8647704124450684,8800
1989-01-05,3.8502388500542226,3.893826459677478,3.8502388500542226,3.8792972564697266,7400
1989-01-06,3.893828338047243,3.893828338047243,3.8502407073974605,3.850240707397461,24400
1989-01-09,3.8502407073974605,3.864769917614055,3.8502407073974605,3.850240707397461,13200
1989-01-10,3.879299127830649,3.879299127830649,3.8502407073974605,3.850240707397461,2200
1989-01-11,3.87929962452193,3.87929962452193,3.8647704124450684,3.8647704124450684,14200
1989-01-12,3.893826459677478,3.893826459677478,3.879297256469726,3.8792972564697266,7200
1989-01-13,3.879298944081833,3.9083573631386255,3.879298944081833,3.8938281536102295,23400
1989-01-16,3.9228848660929816,3.9228848660929816,3.879297256469726,3.8792972564697266,14600
1989-01-17,3.879298294602285,3.9519443300817287,3.879298294602285,3.93741512298584,28600
1989-01-18,3.9228858735038443,3.9519442873816506,3.9083566665649414,3.9083566665649414,16200
1989-01-19,3.908360030721216,3.9519476890563965,3.908360030721216,3.9519476890563965,21200
1989-01-20,3.9519476890563965,3.9519476890563965,3.9519476890563965,3.9519476890563965,15000
1989-01-23,3.9519476890563965,3.9519476890563965,3.9519476890563965,3.9519476890563965,18000
1989-01-24,3.9519463675362725,4.068180084228516,3.9519463675362725,4.068180084228516,181600
1989-01-25,4.010061740875244,4.039120159287384,4.010061740875244,4.010061740875244,27800
1989-01-26,3.9810032652411267,3.9810032652411267,3.9664740562438965,3.9664740562438965,4000
1989-01-27,3.966476908501457,3.9955353473915776,3.9519476890563965,3.9519476890563965,27200
1989-01-30,3.9519476890563965,3.966476908501457,3.9519476890563965,3.9519476890563965,30600
1989-01-31,3.981005668640137,4.010064104177657,3.9664764508713777,3.9810056686401367,23000
1989-02-01,3.9810032652411267,4.0100616832355875,3.9664740562438965,3.9664740562438965,22200
1989-02-02,4.010063660273913,4.024592876434326,3.9810052279530876,4.024592876434326,18800
1989-02-03,3.9955348864088966,3.9955348864088966,3.9664764508713777,3.9810056686401367,24000
1989-02-06,3.995531647863354,4.053648471832275,3.995531647863354,4.053648471832275,103400
1989-02-07,4.024592440468925,4.068180084228516,4.024592440468925,4.068180084228516,23800
1989-02-08,4.053649462839039,4.08270788192749,4.039120253294813,4.08270788192749,34200
1989-02-09,4.053652225171819,4.053652225171819,3.9519476890563965,3.9519476890563965,92600
1989-02-10,3.9519476890563965,3.966476908501457,3.9519476890563965,3.9519476890563965,48600
1989-02-13,3.9810032652411267,3.995532474238357,3.951944847246666,3.9664740562438965,20600
1989-02-14,3.9810052279530876,4.024592876434326,3.9519467956322623,4.024592876434326,27600
1989-02-15,4.024588772948359,4.155351585065815,4.024588772948359,4.126293182373047,26200
1989-02-16,4.111765362692218,4.111765362692218,4.097236156463623,4.097236156463623,58200
1989-02-17,4.126295510560168,4.126295510560168,4.068178672383264,4.08270788192749,24400
1989-02-21,4.053647175641127,4.126293182373047,4.053647175641127,4.126293182373047,64000
1989-02-22,4.140828119149899,4.155357340620601,4.082711233267093,4.111769676208496,19600
1989-02-23,4.097236089808966,4.097236089808966,4.053648471832275,4.053648471832275,31800
1989-02-24,4.053648471832275,4.068177677824506,4.024590059847815,4.053648471832275,33600
1989-02-27,4.024593363562934,4.053651799400933,4.010064145643934,4.039122581481934,7000
1989-02-28,4.039119265840045,4.082706883816736,4.039119265840045,4.053648471832275,132200
1989-03-01,4.068178672383264,4.097237091471716,4.068178672383264,4.08270788192749,6200
1989-03-02,4.082706950235028,4.1262945689208115,4.068177744006435,4.097236156463623,21000
1989-03-03,4.068178672383264,4.111766301015942,4.068178672383264,4.08270788192749,17800
1989-03-06,4.097237091471716,4.111766301015942,4.08270788192749,4.08270788192749,45400
1989-03-07,4.08270788192749,4.097237091471716,4.08270788192749,4.08270788192749,14400
1989-03-08,4.097240454737794,4.126298897679197,4.097240454737794,4.111769676208496,19000
1989-03-09,4.1408239268926605,4.198940753936768,4.1408239268926605,4.198940753936768,51600
1989-03-10,4.184413909912109,4.184413909912109,4.155355479982164,4.184413909912109,15600
1989-03-13,4.155357367485658,4.198945032179563,4.155357367485658,4.169886589050293,8400
1989-03-14,4.198942217220555,4.228000640869141,4.16988379357197,4.228000640869141,19800
1989-03-15,4.213471412658691,4.22800062442648,4.198942200890903,4.213471412658691,12200
1989-03-16,4.2425295321146645,4.358763217926025,4.228000321388245,4.358763217926025,30000
1989-03-17,4.32970330851648,4.32970330851648,4.28611569131665,4.315174102783203,26600
1989-03-20,4.28611370981956,4.300642908835897,4.271584510803223,4.271584510803223,21600
1989-03-21,4.271588276342018,4.271588276342018,4.228000640869141,4.228000640869141,35600
1989-03-22,4.213472339842055,4.228001554807028,4.184413909912109,4.184413909912109,57600
1989-03-23,4.1844134918630935,4.242530345916748,4.1844134918630935,4.242530345916748,61000
1989-03-27,4.213471412658691,4.22800062442648,4.198942200890903,4.213471412658691,45400
1989-03-28,4.237175620298615,4.311252117156982,4.237175620298615,4.311252117156982,35200
1989-03-29,4.2964382694192125,4.326068878173828,4.2964382694192125,4.326068878173828,127600
1989-03-30,4.326067478583535,4.340882778167725,4.311252178999345,4.340882778167725,15200
1989-03-31,4.326067478583535,4.340882778167725,4.311252178999345,4.340882778167725,8600
1989-04-03,4.311252178999345,4.385328676920295,4.296436879415154,4.340882778167725,67800
1989-04-04,4.355698015272003,4.355698015272003,4.311252117156982,4.311252117156982,64000
1989-04-05,4.311252178999345,4.340882778167725,4.311252178999345,4.340882778167725,25000
1989-04-06,4.311252117156982,4.340882715900329,4.311252117156982,4.311252117156982,45800
1989-04-07,4.31125357379652,4.326068878173828,4.31125357379652,4.326068878173828,36800
1989-04-10,4.2964382694192125,4.340884182551136,4.2964382694192125,4.326068878173828,33000
1989-04-11,4.326067478583535,4.370513377336105,4.326067478583535,4.340882778167725,16600
1989-04-12,4.326068011784957,4.370513916015625,4.326068011784957,4.370513916015625,9600
1989-04-13,4.355698614605402,4.385329217425848,4.34088331319518,4.370513916015625,10800
1989-04-14,4.37050910223098,4.37050910223098,4.355693817138672,4.355693817138672,115000
1989-04-17,4.340878532046363,4.385324387323289,4.340878532046363,4.355693817138672,20600
1989-04-18,4.326066193757234,4.400142669677734,4.326066193757234,4.400142669677734,17400
1989-04-19,4.370513916015625,4.414959820246292,4.355698614605402,4.370513916015625,23400
1989-04-20,4.385329723358154,4.4149603295970605,4.370514420238701,4.385329723358154,103600
1989-04-21,4.385329723358154,4.400145026477608,4.385329723358154,4.385329723358154,91600
1989-04-24,4.414954957507906,4.414954957507906,4.355693817138672,4.355693817138672,245000
1989-04-25,4.355699117119248,4.385329723358154,4.355699117119248,4.385329723358154,25800
1989-04-26,4.4149603295970605,4.4149603295970605,4.385329723358154,4.385329723358154,7600
1989-04-27,4.414959820246292,4.444590423066737,4.370513916015625,4.370513916015625,211000
1989-04-28,4.355693817138672,4.385324387323289,4.340878532046363,4.355693817138672,10400
1989-05-01,4.340882778167725,4.3556980777519145,4.311252178999345,4.340882778167725,41000
1989-05-02,4.32606805392674,4.340883355481283,4.148284435272217,4.148284435272217,77200
1989-05-03,4.1482858177569275,4.177916430740906,4.118655204772949,4.118655204772949,57200
1989-05-04,4.103838920593262,4.133469526518123,4.103838920593262,4.103838920593262,131200
1989-05-05,4.103838920593262,4.103838920593262,4.089023617630831,4.103838920593262,14000
1989-05-08,4.089022159576416,4.1038374572560405,4.089022159576416,4.089022159576416,6200
1989-05-09,4.089022542094137,4.103837841159695,4.044576644897461,4.044576644897461,38000
1989-05-10,4.07420621147015,4.07420621147015,4.000129734897965,4.014945030212402,25800
1989-05-11,4.0001314923279265,4.0001314923279265,3.9408702850341797,3.9408702850341797,48000
1989-05-12,3.9408703980622466,4.000131607055664,3.9408703980622466,4.000131607055664,65600
1989-05-15,4.000130747700786,4.0593919439630195,3.970500149569669,4.044576644897461,20400
1989-05-16,4.029760968857917,4.118652754935665,4.029760968857917,4.089022159576416,308000
1989-05-17,4.11865383216313,4.177915038381304,4.11865383216313,4.148284435272217,71800
1989-05-18,4.118654223555692,4.148284829480553,4.089023617630831,4.103838920593262,171800
1989-05-19,4.103836608189408,4.148282492032615,4.089021313575006,4.133467197418213,119400
1989-05-22,4.13347156982961,4.192732810974121,4.13347156982961,4.192732810974121,38600
1989-05-23,4.177911365535897,4.2075419425964355,4.1482807884753585,4.2075419425964355,43600
1989-05-24,4.207544866975371,4.237175464630127,4.207544866975371,4.237175464630127,36200
1989-05-25,4.222363038345496,4.251993656158447,4.222363038345496,4.251993656158447,6800
1989-05-26,4.237176474597719,4.2668070793151855,4.237176474597719,4.2668070793151855,72600
1989-05-30,4.237175464630127,4.237175464630127,4.207544866975371,4.237175464630127,14200
1989-05-31,4.237175464630127,4.251990763457505,4.237175464630127,4.237175464630127,6200
1989-06-01,4.237176244599478,4.237176244599478,4.103838530608586,4.148284435272217,82800
1989-06-02,4.118655204772949,4.163101124248917,4.118655204772949,4.118655204772949,145600
1989-06-05,4.133470511264939,4.163101124248917,4.089024591788972,4.118655204772949,298600
1989-06-06,4.1038398982809605,4.163101124248917,4.1038398982809605,4.118655204772949,84200
1989-06-07,4.118655368738008,4.222362518310547,4.118655368738008,4.222362518310547,21000
1989-06-08,4.192732810974121,4.207548121260249,4.148286880115738,4.192732810974121,27400
1989-06-09,4.177916597065173,4.222362518310547,4.148285982901591,4.222362518310547,72000
1989-06-12,4.222361172238985,4.296437684032652,4.222361172238985,4.2668070793151855,20400
1989-06-13,4.266808439555922,4.266808439555922,4.207547211228756,4.222362518310547,11800
1989-06-14,4.192726654066166,4.2075419425964355,4.177911365535897,4.2075419425964355,14600
1989-06-15,4.177911365535897,4.2075419425964355,4.1482807884753585,4.2075419425964355,57600
1989-06-16,4.207547211228756,4.222362518310547,4.177916597065173,4.222362518310547,62400
1989-06-19,4.192731904146965,4.222362518310547,4.177916597065173,4.222362518310547,11000
1989-06-20,4.207547211228756,4.25199313247413,4.192731904146965,4.222362518310547,24600
1989-06-21,4.192728483930548,4.2223590739229895,4.177913188934326,4.177913188934326,48200
1989-06-22,4.192728483930548,4.192728483930548,4.177913188934326,4.177913188934326,43200
1989-06-23,4.192732810974121,4.192732810974121,4.177917500687993,4.192732810974121,576800
1989-06-26,4.207544866975371,4.237175464630127,4.207544866975371,4.237175464630127,13400
1989-06-27,4.2915744172765855,4.306685594802207,4.261352062225342,4.261352062225342,16200
1989-06-28,4.276467800140381,4.291578993780453,4.276467800140381,4.276467800140381,24600
1989-06-29,4.2764633602195685,4.321796894073486,4.2764633602195685,4.321796894073486,39000
1989-06-30,4.321800487797435,4.336911678314209,4.276466916247112,4.336911678314209,48200
1989-07-03,4.306689262390137,4.321800452784488,4.291578071995785,4.306689262390137,23200
1989-07-05,4.291578071995785,4.321800452784488,4.291578071995785,4.306689262390137,19400
1989-07-06,4.306689297280661,4.336911678314209,4.291578106763886,4.336911678314209,19000
1989-07-07,4.306689078609149,4.352022647857666,4.306689078609149,4.352022647857666,59400
1989-07-10,4.321794808316393,4.488017685559331,4.321794808316393,4.442684173583984,86400
1989-07-11,4.503131915613548,4.503131915613548,4.382242468214527,4.397353649139404,60800
1989-07-12,4.367130756378174,4.367130756378174,4.367130756378174,4.367130756378174,2000
1989-07-13,4.367134059347758,4.367134059347758,4.321800487797435,4.336911678314209,10600
1989-07-14,4.306689262390137,4.321800452784488,4.306689262390137,4.306689262390137,59400
1989-07-17,4.336911678314209,4.336911678314209,4.291578106763886,4.336911678314209,54400
1989-07-18,4.336908072024793,4.352019249976098,4.321796894073486,4.321796894073486,14400
1989-07-19,4.3217963534341735,4.336907529495131,4.291574001312256,4.291574001312256,12800
1989-07-20,4.291578071995785,4.306689262390137,4.291578071995785,4.306689262390137,46000
1989-07-21,4.291574001312256,4.306685177373215,4.276462825251297,4.291574001312256,19800
1989-07-24,4.291574001312256,4.306685177373215,4.291574001312256,4.291574001312256,42400
1989-07-25,4.321800487797435,4.336911678314209,4.321800487797435,4.336911678314209,296400
1989-07-26,4.30668571612218,4.352019249976098,4.30668571612218,4.321796894073486,122800
1989-07-27,4.352022868830983,4.352022868830983,4.336911678314209,4.336911678314209,22000
1989-07-28,4.352022868830983,4.397356440381306,4.321800487797435,4.336911678314209,62800
1989-07-31,4.321800487797435,4.336911678314209,4.321800487797435,4.336911678314209,6400
1989-08-01,4.336908072024793,4.352019249976098,4.2764633602195685,4.321796894073486,47200
1989-08-02,4.35201870555609,4.367129881617049,4.291574001312256,4.291574001312256,17400
1989-08-03,4.336911678314209,4.352022868830983,4.306689297280661,4.336911678314209,28600
1989-08-04,4.3822416058787095,4.3822416058787095,4.321796894073486,4.321796894073486,35400
1989-08-07,4.291578071995785,4.321800452784488,4.291578071995785,4.306689262390137,16800
1989-08-08,4.30668571612218,4.321796894073486,4.291574538170875,4.321796894073486,19800
1989-08-09,4.291574001312256,4.306685177373215,4.291574001312256,4.291574001312256,86000
1989-08-10,4.276462825251297,4.306685177373215,4.261351649190338,4.291574001312256,77200
1989-08-11,4.306689297280661,4.336911678314209,4.291578106763886,4.336911678314209,23000
1989-08-14,4.306690187420525,4.306690187420525,4.276467800140381,4.276467800140381,7600
1989-08-15,4.276466881601434,4.336911643178839,4.276466881601434,4.306689262390137,46400
1989-08-16,4.321796894073486,4.3822416058787095,4.321796894073486,4.321796894073486,134600
1989-08-17,4.321796894073486,4.336908072024793,4.30668571612218,4.321796894073486,51200
1989-08-18,4.321796894073486,4.336908072024793,4.291574538170875,4.321796894073486,29400
1989-08-21,4.306685177373215,4.35201870555609,4.291574001312256,4.291574001312256,175600
1989-08-22,4.382242521735182,4.503131970610635,4.382242521735182,4.427576065063477,246000
1989-08-23,4.45780025323232,4.533356189727783,4.45780025323232,4.533356189727783,183200
1989-08-24,4.533355212906032,4.684467053336233,4.533355212906032,4.669355869293213,287600
1989-08-25,4.684467174504933,4.684467174504933,4.5635776990338375,4.593800067901611,42200
1989-08-28,4.624023914337158,4.639135103599698,4.593801535812078,4.624023914337158,16200
1989-08-29,4.593800067901611,4.624022436769385,4.593800067901611,4.593800067901611,126200
1989-08-30,4.62402126437328,4.6391324449758065,4.578687722565698,4.608910083770752,66600
1989-08-31,4.608911252335498,4.639133621203272,4.593800067901611,4.593800067901611,14200
1989-09-01,4.5937975408199945,4.63913106918335,4.5937975408199945,4.63913106918335,119400
1989-09-05,4.654245730267455,4.654245730267455,4.5635786056518555,4.5635786056518555,226600
1989-09-06,4.5786897516250615,4.608912126223246,4.533356189727783,4.533356189727783,143000
1989-09-07,4.503131970610635,4.54846551393893,4.427576065063477,4.427576065063477,152200
1989-09-08,4.412461832267087,4.442684173583984,4.3973506616086375,4.442684173583984,130600
1989-09-11,4.442687299696066,4.488020843570515,4.442687299696066,4.457798480987549,308400
1989-09-12,4.457798480987549,4.503132024861999,4.457798480987549,4.457798480987549,22800
1989-09-13,4.457799695633553,4.503133251860335,4.457799695633553,4.4729108810424805,22800
1989-09-14,4.442688510224626,4.4729108810424805,4.442688510224626,4.4729108810424805,104400
1989-09-15,4.457799695633553,4.4729108810424805,4.442688510224626,4.4729108810424805,45000
1989-09-18,4.442687299696066,4.472909662279032,4.442687299696066,4.457798480987549,5400
1989-09-19,4.45779842728234,4.488020789501204,4.427576065063477,4.427576065063477,151600
1989-09-20,4.457798480987549,4.472909662279032,4.457798480987549,4.457798480987549,21600
1989-09-21,4.472908084024518,4.5031304359436035,4.472908084024518,4.5031304359436035,25400
1989-09-22,4.5031317112057705,4.5484652519226065,4.5031317112057705,4.548465251922607,15600
1989-09-25,4.518242835998535,4.548465196105549,4.518242835998535,4.518242835998535,32400
1989-09-26,4.589080191774911,4.604479789733887,4.573680593815935,4.604479789733887,25200
1989-09-27,4.5736799240112305,4.589079519714972,4.558280328307489,4.5736799240112305,72800
1989-09-28,4.589080333709717,4.589080333709717,4.57368073527445,4.589080333709717,33800
1989-09-29,4.604482374693218,4.696880014319169,4.589082768088893,4.681480407714844,145400
1989-10-02,4.650679668822845,4.743077278137207,4.635280067270452,4.743077278137207,70600
1989-10-03,4.712279796600343,4.727679403778775,4.696880189421909,4.712279796600342,26200
1989-10-04,4.681477651288433,4.7738752365112305,4.681477651288433,4.7738752365112305,11000
1989-10-05,4.758478340995273,4.78927755355835,4.758478340995273,4.78927755355835,17000
1989-10-06,4.789277856018166,4.789277856018166,4.758478641510011,4.75847864151001,15400
1989-10-09,4.743077644935021,4.804676055908203,4.727678042191726,4.804676055908203,12600
1989-10-10,4.773878248764088,4.773878248764088,4.758478641510011,4.75847864151001,3000
1989-10-11,4.758476066278712,4.758476066278712,4.727676868438721,4.727676868438721,26400
1989-10-12,4.727676443899831,4.7738752365112305,4.727676443899831,4.7738752365112305,59000
1989-10-13,4.758476649180497,4.758476649180497,4.666079044342041,4.666079044342041,24600
1989-10-16,4.712277121191857,4.712277121191857,4.558281136839182,4.589080333709717,140000
1989-10-17,4.589080191774911,4.619879387692863,4.573680593815935,4.604479789733887,37400
1989-10-18,4.589081326988448,4.635280132293701,4.589081326988448,4.635280132293701,146600
1989-10-19,4.6352815879018685,4.681480407714844,4.619881981297543,4.681480407714844,112400
1989-10-20,4.650681972503662,4.681481190864614,4.650681972503662,4.650681972503662,12000
1989-10-23,4.666080801110518,4.681480407714844,4.666080801110518,4.681480407714844,43000
1989-10-24,4.666078181569792,4.666078181569792,4.558280995856959,4.604479789733887,121200
1989-10-25,4.604481549263,4.650680360794067,4.604481549263,4.6198811531066895,127600
1989-10-26,4.619878165575923,4.619878165575923,4.512081008379151,4.527480602264404,106000
1989-10-27,4.512082385033676,4.542881582201142,4.481283187866211,4.481283187866211,50400
1989-10-30,4.512084124410028,4.512084124410028,4.450485706329346,4.450485706329346,51800
1989-10-31,4.435087835331827,4.450487445871174,4.404288614253134,4.4196882247924805,32200
1989-11-01,4.419685915468496,4.512083530426025,4.419685915468496,4.512083530426025,51600
1989-11-02,4.512084124410028,4.512084124410028,4.450485706329346,4.450485706329346,229400
1989-11-03,4.450485706329346,4.450485706329346,4.450485706329346,4.450485706329346,71400
1989-11-06,4.450485706329346,4.450485706329346,4.450485706329346,4.450485706329346,12400
1989-11-07,4.435088157653809,4.450487769312329,4.435088157653809,4.435088157653809,5800
1989-11-08,4.435084392115013,4.481283187866211,4.435084392115013,4.481283187866211,32200
1989-11-09,4.450487769312329,4.450487769312329,4.435088157653809,4.435088157653809,9000
1989-11-10,4.465885639190674,4.481285244843056,4.465885639190674,4.465885639190674,1000
1989-11-13,4.481284915369686,4.481284915369686,4.450485706329346,4.450485706329346,28200
1989-11-14,4.450482632838139,4.527480602264404,4.450482632838139,4.527480602264404,13600
1989-11-15,4.542884328593947,4.542884328593947,4.4812858970197915,4.49668550491333,53400
1989-11-16,4.4966866042878895,4.4966866042878895,4.419688545995289,4.435088157653809,108000
1989-11-17,4.435088157653809,4.450487769312329,4.435088157653809,4.435088157653809,95400
1989-11-20,4.450487445871174,4.450487445871174,4.4196882247924805,4.4196882247924805,44800
1989-11-21,4.435088157653809,4.435088157653809,4.404288934336768,4.435088157653809,18200
1989-11-22,4.4350861018091745,4.450485706329346,4.4350861018091745,4.450485706329346,10600
1989-11-24,4.450485706329346,4.450485706329346,4.450485706329346,4.450485706329346,800
1989-11-27,4.419686497289004,4.465885310849516,4.419686497289004,4.450485706329346,28400
1989-11-28,4.435087835331827,4.435087835331827,4.404288614253134,4.4196882247924805,16800
1989-11-29,4.435087835331827,4.46588705641052,4.4196882247924805,4.4196882247924805,7800
1989-11-30,4.404289402878075,4.404289402878075,4.388889789581299,4.388889789581299,10600
1989-12-01,4.388889789581299,4.404289402878075,4.388889789581299,4.388889789581299,45000
1989-12-04,4.419686822233529,4.465885639190674,4.404287216581147,4.465885639190674,38200
1989-12-05,4.435084392115013,4.512082385033676,4.435084392115013,4.481283187866211,42800
1989-12-06,4.4350861018091745,4.450485706329346,4.4350861018091745,4.450485706329346,20200
1989-12-07,4.435088157653809,4.465887380970849,4.435088157653809,4.435088157653809,31400
1989-12-08,4.419685508821394,4.419685508821394,4.388886306669329,4.404285907745361,33200
1989-12-11,4.388889003713787,4.4196882247924805,4.388889003713787,4.4196882247924805,11000
1989-12-12,4.388886306669329,4.419685508821394,4.388886306669329,4.404285907745361,51200
1989-12-13,4.404288934336768,4.435088157653809,4.404288934336768,4.435088157653809,39800
1989-12-14,4.465885639190674,4.496684850495437,4.465885639190674,4.465885639190674,12200
1989-12-15,4.49668550491333,4.5120851128068695,4.4812858970197915,4.49668550491333,12600
1989-12-18,4.512084456147819,4.542883667452582,4.465885639190674,4.465885639190674,56200
1989-12-19,4.465883589282479,4.496682786449944,4.465883589282479,4.481283187866211,19200
1989-12-20,4.481285244843056,4.496684850495437,4.465885639190674,4.465885639190674,5400
1989-12-21,4.465885310849516,4.4966845198898575,4.4350861018091745,4.450485706329346,41000
1989-12-22,4.465885639190674,4.481285244843056,4.450486033538292,4.465885639190674,24800
1989-12-26,4.543229755257413,4.590391309810258,4.543229755257413,4.574670791625977,3800
1989-12-27,4.558950424194336,4.558950424194336,4.527509386786099,4.558950424194336,31000
1989-12-28,4.558948662041793,4.558948662041793,4.527507636786332,4.5432281494140625,2800
1989-12-29,4.527507405885508,4.606109965015466,4.448904846755552,4.464625358581543,59200
1990-01-02,4.448908964792888,4.543232123057048,4.448908964792888,4.5275115966796875,32200
1990-01-03,4.511792510852479,4.5432335736458755,4.480351448059082,4.480351448059082,54200
1990-01-04,4.480348727881272,4.496069249733487,4.417466640472412,4.417466640472412,55200
1990-01-05,4.417464586014443,4.43318510055542,4.401744071473467,4.43318510055542,34800
1990-01-08,4.448907840251922,4.46462836265564,4.370305228233337,4.4017462730407715,23800
1990-01-09,4.417466626750479,4.433187148553862,4.370305061340332,4.370305061340332,16400
1990-01-10,4.370305687841708,4.386026211898693,4.3074235916137695,4.3074235916137695,23600
1990-01-11,4.338864957585054,4.338864957585054,4.275982856750488,4.275982856750488,37600
1990-01-12,4.260259628295898,4.275980143529463,4.244539113062334,4.260259628295898,28800
1990-01-15,4.244539409765081,4.244539409765081,4.213098377100154,4.228818893432617,19200
1990-01-16,4.213099002838135,4.213099002838135,4.181657965503522,4.213099002838135,16400
1990-01-17,4.213099132884633,4.213099132884633,4.150217056274414,4.150217056274414,39600
1990-01-18,4.134496212005615,4.165937247838357,4.134496212005615,4.134496212005615,58400
1990-01-19,4.165937273125899,4.181657791137695,4.150216755114104,4.181657791137695,29400
1990-01-22,4.165938377380371,4.197379421737959,4.165938377380371,4.165938377380371,12400
1990-01-23,4.181656215967757,4.197376728057861,4.165935703877652,4.197376728057861,5800
1990-01-24,4.197379421737959,4.197379421737959,4.165938377380371,4.165938377380371,12800
1990-01-25,4.197379421737959,4.2130999439167525,4.165938377380371,4.165938377380371,186400
1990-01-26,4.197379079358331,4.197379079358331,4.103055953979492,4.103055953979492,9400
1990-01-29,4.134496995772439,4.150217516668912,4.103055953979492,4.103055953979492,29400
1990-01-30,4.103055953979492,4.118776474875966,4.103055953979492,4.103055953979492,66000
1990-01-31,4.11877614901616,4.11877614901616,4.055894070405227,4.087335109710693,38600
1990-02-01,4.055895724634485,4.055895724634485,3.9615725682476373,3.993013620376587,92200
1990-02-02,3.9615725682476373,4.0087341464410615,3.9615725682476373,3.993013620376587,16200
1990-02-05,4.024451440618944,4.0716129809386965,4.024451440618944,4.055892467498779,41000
1990-02-06,4.055892467498779,4.055892467498779,4.055892467498779,4.055892467498779,20000
1990-02-07,4.040171954058861,4.087333494378615,4.024451440618944,4.055892467498779,128400
1990-02-08,4.087333494378615,4.087333494378615,4.055892467498779,4.055892467498779,148000
1990-02-09,4.0558943580178655,4.071614878785376,4.008732795715332,4.008732795715332,58000
1990-02-12,3.9615708704917663,3.9615708704917663,3.898688793182373,3.898688793182373,40800
1990-02-13,3.9301306368356728,3.9301306368356728,3.8829690691936447,3.91441011428833,19400
1990-02-14,3.8986879567630957,3.8986879567630957,3.820085376989646,3.835805892944336,249400
1990-02-15,3.820084000405995,3.898686551854678,3.820084000405995,3.8829660415649414,39800
1990-02-16,3.898688793182373,3.898688793182373,3.851527235200328,3.898688793182373,15400
1990-02-20,3.8358065621191715,3.8358065621191715,3.741483449935913,3.741483449935913,25200
1990-02-21,3.7257629312387035,3.757203968633123,3.6786013751470743,3.741483449935913,48600
1990-02-22,3.7729238291255762,3.835805892944336,3.7729238291255762,3.835805892944336,34200
1990-02-23,3.82008712145747,3.8515281677246094,3.82008712145747,3.8515281677246094,24200
1990-02-26,3.867248773574829,3.898689820514462,3.8515282501050128,3.867248773574829,39400
1990-02-27,3.8672469248537156,3.8672469248537156,3.835805892944336,3.835805892944336,31400
1990-02-28,3.8358076445910396,3.8672486908581796,3.8358076445910396,3.8515281677246094,130800
1990-03-01,3.8672455312752048,3.898686551854678,3.8672455312752048,3.8829660415649414,120800
1990-03-02,3.8829692139917493,3.8829692139917493,3.8358076445910396,3.8515281677246094,373200
1990-03-05,3.8358077266351964,3.867248773574829,3.8358077266351964,3.867248773574829,141400
1990-03-06,3.8515282501050128,3.8829692970446454,3.8515282501050128,3.867248773574829,175400
1990-03-07,3.867248773574829,3.867248773574829,3.8358077266351964,3.867248773574829,139000
1990-03-08,3.8986899108886717,3.930130958557129,3.8986899108886717,3.930130958557129,19000
1990-03-09,3.930130023730131,3.993012104109813,3.930130023730131,3.9772915840148926,25200
1990-03-12,3.9615725682476373,3.993013620376587,3.9615725682476373,3.993013620376587,43200
1990-03-13,4.040173550752493,4.087335109710693,4.040173550752493,4.087335109710693,90800
1990-03-14,4.103055953979492,4.118776474875966,4.08733543308302,4.103055953979492,29200
1990-03-15,4.103055176172873,4.134496212005615,4.087334658256502,4.134496212005615,177600
1990-03-16,4.134496409501602,4.27598107750736,4.103055372166989,4.213099002838135,102200
1990-03-19,4.181659705498639,4.307423907167771,4.165939180289998,4.275982856750488,59000
1990-03-20,4.2445400401727476,4.27598107750736,4.213099002838135,4.213099002838135,9000
1990-03-21,4.181658558461858,4.181658558461858,4.103055953979492,4.103055953979492,14400
1990-03-22,4.134498277693305,4.165939329234698,4.087336700381213,4.118777751922607,28600
1990-03-23,4.08733543308302,4.134496995772439,4.08733543308302,4.103055953979492,44400
1990-03-26,4.10305722615191,4.118777751922607,4.10305722615191,4.118777751922607,11200
1990-03-27,4.149656968958237,4.165740910698386,4.101405143737793,4.101405143737793,30800
1990-03-28,4.085322322384004,4.085322322384004,3.9888186454772954,3.988818645477295,27200
1990-03-29,3.9888186454772954,3.9888186454772954,3.956650753175059,3.988818645477295,9800
1990-03-30,3.9888169928248147,4.020984871799208,3.956649113850421,4.004900932312012,16600
1990-04-02,3.9405668070239406,4.020986537779532,3.9244828608728226,3.988818645477295,76800
1990-04-03,3.988817409593232,3.988817409593232,3.940565586090088,3.940565586090088,25600
1990-04-04,3.972734919408473,3.972734919408473,3.892315184197775,3.956650972366333,68600
1990-04-05,3.9244816449223734,3.956649527257803,3.9244816449223734,3.940565586090088,67400
1990-04-06,3.9083967394516117,3.9566485510497795,3.9083967394516117,3.924480676651001,20200
1990-04-09,3.9244800251022527,3.972731828689575,3.9244800251022527,3.972731828689575,108800
1990-04-10,3.9405670253241936,3.9888188664506123,3.9405670253241936,3.956650972366333,53400
1990-04-11,3.9566478941604677,3.972731828689575,3.9566478941604677,3.972731828689575,22200
1990-04-12,3.9888169928248147,4.004900932312012,3.956649113850421,4.004900932312012,39000
1990-04-16,3.9888169928248147,4.004900932312012,3.9888169928248147,4.004900932312012,98800
1990-04-17,3.972734699326177,3.9888186454772954,3.972734699326177,3.988818645477295,119200
1990-04-18,3.988817409593232,3.988817409593232,3.9244816449223734,3.940565586090088,28000
1990-04-19,3.9405646138503903,3.9405646138503903,3.924480676651001,3.924480676651001,20400
1990-04-20,3.8923141827721817,3.8923141827721817,3.860146296964147,3.876230239868164,89000
1990-04-23,3.8440608978271484,3.860144834638141,3.827976961016156,3.8440608978271484,31800
1990-04-24,3.827980053424835,3.8601479530334473,3.827980053424835,3.8601479530334473,23200
1990-04-25,3.8601479530334473,3.8601479530334473,3.8440640032291413,3.8601479530334473,18200
1990-04-26,3.8440623540601297,3.8923141827721817,3.827978411156112,3.876230239868164,41800
1990-04-27,3.8601442869858222,4.020983632276899,3.8279764179276072,3.972731828689575,85800
1990-04-30,3.9888164254485585,3.9888164254485585,3.9083967394516117,3.924480676651001,23200
1990-05-01,3.924480676651001,3.924480676651001,3.8762288650528327,3.924480676651001,36800
1990-05-02,3.9244816449223734,3.956649527257803,3.9244816449223734,3.940565586090088,15800
1990-05-03,3.9405646138503903,3.9888164254485585,3.924480676651001,3.924480676651001,97000
1990-05-04,3.8923128022522224,3.9566485510497795,3.8762288650528327,3.924480676651001,762200
1990-05-07,3.9566499543882507,3.972733897292268,3.876230239868164,3.876230239868164,21400
1990-05-08,3.8923141827721817,3.924482068580216,3.876230239868164,3.876230239868164,44400
1990-05-09,3.892312526702881,3.9083964627636365,3.892312526702881,3.892312526702881,54200
1990-05-10,3.908395767211914,3.908395767211914,3.876227900815108,3.908395767211914,39600
1990-05-11,3.9083967394516117,3.9566485510497795,3.8923128022522224,3.924480676651001,42600
1990-05-14,3.924480398824392,3.924480398824392,3.892312526702881,3.892312526702881,38600
1990-05-15,3.860146296964147,3.8923141827721817,3.860146296964147,3.876230239868164,20200
1990-05-16,3.876227900815108,3.908395767211914,3.876227900815108,3.908395767211914,20400
1990-05-17,3.892311834013511,3.9244797004103167,3.892311834013511,3.908395767211914,70200
1990-05-18,3.908399802446365,3.908399802446365,3.8601479530334473,3.8601479530334473,26600
1990-05-21,3.827978411156112,3.876230239868164,3.827978411156112,3.876230239868164,31800
1990-05-22,3.8762310224194683,3.9888186454772954,3.8601470762683503,3.988818645477295,57800
1990-05-23,3.9888169928248147,4.020984871799208,3.956649113850421,4.004900932312012,72000
1990-05-24,4.020984871799208,4.020984871799208,3.9727330533376177,4.004900932312012,47800
1990-05-25,3.972734919408473,3.9888188664506123,3.956650972366333,3.956650972366333,40400
1990-05-29,3.924483078282054,3.956650972366333,3.924483078282054,3.956650972366333,8200
1990-05-30,3.95665148244911,4.037071228027344,3.95665148244911,4.037071228027344,120600
1990-05-31,4.05315329057897,4.069237232208252,4.0370693489496885,4.069237232208252,47600
1990-06-01,4.069236499922616,4.117488316127232,4.053152561187744,4.053152561187744,21600
1990-06-04,4.053155433474563,4.165743084404412,4.053155433474563,4.085323333740234,24000
1990-06-05,4.085321173837533,4.101405115466815,4.069237232208252,4.069237232208252,8200
1990-06-06,4.101405115466815,4.101405115466815,4.05315329057897,4.069237232208252,163600
1990-06-07,4.053152561187744,4.085320438657488,4.053152561187744,4.053152561187744,12000
1990-06-08,4.05315329057897,4.085321173837533,4.05315329057897,4.069237232208252,97200
1990-06-11,4.053154430081768,4.053154430081768,3.972734699326177,3.988818645477295,19200
1990-06-12,4.020984683718,4.053152561187744,3.988816806248256,4.053152561187744,10600
1990-06-13,4.053152561187744,4.053152561187744,4.037068622452872,4.053152561187744,50400
1990-06-14,4.020988464355469,4.020988464355469,3.972736602783203,4.020988464355469,28000
1990-06-15,4.020987278911697,4.05315517714299,3.9888193806804035,4.037071228027344,23400
1990-06-18,4.020987278911697,4.069239126258638,4.020987278911697,4.037071228027344,8800
1990-06-19,4.053154430081768,4.053154430081768,3.972734699326177,3.988818645477295,65800
1990-06-20,4.020984871799208,4.020984871799208,3.956649113850421,4.004900932312012,38800
1990-06-21,3.9888154332039285,3.9888154332039285,3.908395767211914,3.908395767211914,79000
1990-06-22,3.8762294765280076,3.8762294765280076,3.8279776573181152,3.8279776573181152,20200
1990-06-25,3.795811414718628,3.811895361391165,3.747559574701018,3.795811414718628,228800
1990-06-26,3.8604823162681177,3.909975679297196,3.7449978025336015,3.761495590209961,42800
1990-06-27,3.777994735190209,3.876981496810913,3.777994735190209,3.876981496810913,49000
1990-06-28,3.8439853181315877,3.9264742734563,3.8439853181315877,3.9099764823913574,275800
1990-06-29,3.8769801798808214,3.9099757558798074,3.843984603881836,3.843984603881836,63600
1990-07-02,3.843984603881836,3.860482391881329,3.827486815882343,3.843984603881836,17200
1990-07-03,3.8439852595329285,3.8934786319732666,3.8274874687194824,3.8934786319732666,91000
1990-07-05,3.860482391881329,3.860482391881329,3.827486815882343,3.843984603881836,13800
1990-07-06,3.843984191234295,3.893477549919715,3.8274864050058217,3.8604819774627686,24000
1990-07-09,3.8274871694061146,3.860482748452719,3.8109893798828125,3.8109893798828125,102400
1990-07-10,3.810988295026221,3.810988295026221,3.7779927253723145,3.7779927253723145,17000
1990-07-11,3.79449159035951,3.8274871694061146,3.777993800836208,3.8109893798828125,26000
1990-07-12,3.761495590209961,3.761495590209961,3.7449978025336015,3.761495590209961,100600
1990-07-13,3.7449978025336015,3.7779933778863204,3.728500014857242,3.761495590209961,12400
1990-07-16,3.7779927253723145,3.7779927253723145,3.7449971557184076,3.7779927253723145,55800
1990-07-17,3.777991129004437,3.7944889068603516,3.744995573292608,3.7944889068603516,25600
1990-07-18,3.761494940545361,3.7779927253723145,3.7449971557184076,3.7779927253723145,13400
1990-07-19,3.744996479127259,3.761494260973635,3.728498697280884,3.728498697280884,21800
1990-07-20,3.7284981753375077,3.761493734411291,3.6625070571899414,3.6625070571899414,54800
1990-07-23,3.662510190691267,3.662510190691267,3.464536666870117,3.464536666870117,43800
1990-07-24,3.497530873917855,3.5140286610589775,3.4810330867767334,3.4810330867767334,32800
1990-07-25,3.4645345293242356,3.4645345293242356,3.3490500450134277,3.3490500450134277,31800
1990-07-26,3.316056524004255,3.497532254173642,3.316056524004255,3.464536666870117,125200
1990-07-27,3.497532254173642,3.497532254173642,3.41504328591483,3.464536666870117,29800
1990-07-30,3.4480357401579327,3.4645335188189756,3.365546846852719,3.3985424041748047,37400
1990-07-31,3.3985424041748047,3.3985424041748047,3.3325512895306337,3.3985424041748047,47400
1990-08-01,3.3985454922630676,3.464536666870117,3.3985454922630676,3.464536666870117,28000
1990-08-02,3.3985424041748047,3.4645335188189756,3.3820446255137617,3.3985424041748047,24800
1990-08-03,3.415041488759658,3.4315392737295114,3.3160547789405377,3.3655481338500977,76400
1990-08-06,3.349048705836434,3.349048705836434,3.266559821456226,3.3160531520843506,23400
1990-08-07,3.3160547309992268,3.3490503004619057,3.2335658073425293,3.2335658073425293,81600
1990-08-08,3.250063430635553,3.2995567823711194,3.101583375428852,3.1345789432525635,46600
1990-08-09,3.134580371306115,3.2005715370178223,3.134580371306115,3.2005715370178223,38800
1990-08-10,3.1675760159317736,3.1675760159317736,3.134580432432484,3.151078224182129,112400
1990-08-13,3.167574668417172,3.2335658073425293,3.1510768836858323,3.2335658073425293,3600
1990-08-14,3.217069328445749,3.233567119873676,3.1840737455898953,3.2005715370178223,10800
1990-08-15,3.151078224182129,3.1675760159317736,3.134580432432484,3.151078224182129,72000
1990-08-16,3.134578838944435,3.1840721890330315,3.134578838944435,3.167574405670166,15000
1990-08-17,3.151078224182129,3.151078224182129,3.134580432432484,3.151078224182129,55000
1990-08-20,3.151077632459334,3.2170687870658123,3.151077632459334,3.1840732097625732,42400
1990-08-21,3.200570078899986,3.200570078899986,3.1345789432525635,3.1345789432525635,24200
1990-08-22,3.1675760159317736,3.200571599431063,3.134580432432484,3.151078224182129,19800
1990-08-23,3.134580432432484,3.1675760159317736,3.1180826406828395,3.151078224182129,34200
1990-08-24,3.1180825233459473,3.1510781056035766,3.0850869410883184,3.1180825233459473,40000
1990-08-27,3.1015847934189664,3.1015847934189664,3.0190958361471854,3.068589210510254,49600
1990-08-28,3.0685878462969938,3.08508563041687,3.002596709817489,3.08508563041687,60600
1990-08-29,3.08508563041687,3.134578982776499,3.08508563041687,3.08508563041687,77600
1990-08-30,3.101583522074931,3.101583522074931,3.0355923833073795,3.0520901679992676,54200
1990-08-31,3.08508700196461,3.08508700196461,3.0355936276015414,3.068589210510254,33400
1990-09-04,3.0685878462969938,3.08508563041687,3.052090062177118,3.08508563041687,21600
1990-09-05,3.0685892654339058,3.151078224182129,3.0685892654339058,3.151078224182129,41800
1990-09-06,3.151078224182129,3.151078224182129,3.1180826406828395,3.151078224182129,8800
1990-09-07,3.134580432432484,3.151078224182129,3.101584848933195,3.151078224182129,6200
1990-09-10,3.1180825233459473,3.134580314474762,3.1180825233459473,3.1180825233459473,16200
1990-09-11,3.118081159340708,3.1345789432525635,3.101583375428852,3.1345789432525635,96200
1990-09-12,3.1345789432525635,3.1675745110762747,3.1345789432525635,3.1345789432525635,12800
1990-09-13,3.134578838944435,3.200569972395897,3.134578838944435,3.167574405670166,19200
1990-09-14,3.2005709984141926,3.2005709984141926,3.1840732097625732,3.1840732097625732,4600
1990-09-17,3.1840732097625732,3.2005709984141926,3.1675754211109535,3.1840732097625732,34400
1990-09-18,3.2005707721419747,3.2500641345977783,3.167575197171439,3.2500641345977783,26000
1990-09-19,3.2170689761638642,3.29955792427063,3.2170689761638642,3.29955792427063,48800
1990-09-20,3.2830606611763558,3.382047414779663,3.2830606611763558,3.382047414779663,225000
1990-09-21,3.3490504569346364,3.3820460279389186,3.332552671432495,3.332552671432495,68200
1990-09-24,3.332553136228311,3.332553136228311,3.250064197212759,3.266561985015869,43400
1990-09-25,3.350232311487198,3.4012510776519775,3.3332260560989377,3.4012510776519775,35600
1990-09-26,3.4182573330402373,3.4352635884284974,3.4012510776519775,3.4012510776519775,74600
1990-09-27,3.4012491275102668,3.4012491275102668,3.3162178993225098,3.3162178993225098,11200
1990-09-28,3.2992136478424072,3.333226159675834,3.2652011360089803,3.2992136478424072,8400
1990-10-01,3.282207489013672,3.299213745433432,3.265201232593912,3.282207489013672,15200
1990-10-02,3.282206731183188,3.3502317411558966,3.282206731183188,3.3332254886627197,17400
1990-10-03,3.333226011256979,3.3672385215759277,3.2652009906190815,3.3672385215759277,40200
1990-10-04,3.3332254886627197,3.367237993649074,3.2992129836763655,3.3332254886627197,38400
1990-10-05,3.3332254467298035,3.384244203567505,3.2992129421713363,3.384244203567505,29000
1990-10-08,3.3842447767354025,3.3842447767354025,3.3672385215759277,3.3672385215759277,2600
1990-10-09,3.3842458064013186,3.4352645874023438,3.3842458064013186,3.4352645874023438,72800
1990-10-10,3.401250498635428,3.401250498635428,3.3332254886627197,3.3332254886627197,22800
1990-10-11,3.3502317411558966,3.3502317411558966,3.3162192361695424,3.3332254886627197,46200
1990-10-12,3.299213745433432,3.3162200018531918,3.282207489013672,3.282207489013672,15600
1990-10-15,3.2992135009380306,3.4012510318948768,3.2992135009380306,3.3672385215759277,44000
1990-10-16,3.350231170654297,3.3842436698487566,3.333224921057067,3.350231170654297,13600
1990-10-17,3.3162178993225098,3.3332241449600613,3.2992116536849587,3.3162178993225098,9000
1990-10-18,3.299212421862607,3.3672374202515267,3.299212421862607,3.350231170654297,39200
1990-10-19,3.3502317411558966,3.367237993649074,3.3332254886627197,3.3332254886627197,17800
1990-10-22,3.3332254886627197,3.367237993649074,3.3332254886627197,3.3332254886627197,30000
1990-10-23,3.3162178993225098,3.3502303905976127,3.3162178993225098,3.3162178993225098,35800
1990-10-24,3.3162200018531918,3.3332262582729517,3.265201232593912,3.282207489013672,30400
1990-10-25,3.265201232593912,3.282207489013672,3.231188719754392,3.282207489013672,20200
1990-10-26,3.265202113560268,3.2822083745683943,3.2141833305358887,3.2141833305358887,10600
1990-10-29,3.1291509175168875,3.1291509175168875,3.0611258975708684,3.078132152557373,53800
1990-10-30,3.0611258975708684,3.078132152557373,3.0611258975708684,3.078132152557373,9400
1990-10-31,3.0611258975708684,3.0951384075438777,3.0611258975708684,3.078132152557373,26400
1990-11-01,3.0781316342561142,3.146156642747962,3.0611253821331523,3.129150390625,26600
1990-11-02,3.129150390625,3.163162894870924,3.112144138502038,3.129150390625,7000
1990-11-05,3.095138603082582,3.129151115204369,3.0441198348999023,3.0441198348999023,84200
1990-11-06,3.0101064482042865,3.1631627082824707,3.0101064482042865,3.1631627082824707,57200
1990-11-07,3.2141832961118157,3.2141832961118157,3.1291519919818733,3.180170774459839,49200
1990-11-08,3.146158252807862,3.197177035285827,3.146158252807862,3.180170774459839,25200
1990-11-09,3.1631645475115096,3.2481958525521417,3.1631645475115096,3.2141833305358887,16200
1990-11-12,3.214182324707508,3.2652010917663574,3.214182324707508,3.2652010917663574,21600
1990-11-13,3.2992116536849587,3.3332241449600613,3.2992116536849587,3.3162178993225098,63000
1990-11-14,3.3162178993225098,3.3332241449600613,3.2822054080474072,3.3162178993225098,51400
1990-11-15,3.3162178993225098,3.3162178993225098,3.2992116536849587,3.3162178993225098,11400
1990-11-16,3.2992116536849587,3.3332241449600613,3.2992116536849587,3.3162178993225098,6800
1990-11-19,3.3162199037591207,3.3162199037591207,3.2992136478424072,3.2992136478424072,40200
1990-11-20,3.2822073474526405,3.3162198588252068,3.2652010917663574,3.2652010917663574,10800
1990-11-21,3.2822075442263956,3.2822075442263956,3.1801700039913783,3.2311887741088867,11200
1990-11-23,3.2311887741088867,3.2311887741088867,3.2311887741088867,3.2311887741088867,7400
1990-11-26,3.214181755451446,3.214181755451446,3.1971755027770996,3.1971755027770996,48200
1990-11-27,3.2141832961118157,3.2141832961118157,3.16316451363385,3.180170774459839,31000
1990-11-28,3.1631630407797324,3.1631630407797324,3.1461567878723145,3.1461567878723145,22400
1990-11-29,3.129150390625,3.129150390625,3.112144138502038,3.129150390625,20800
1990-11-30,3.1291509175168875,3.1291509175168875,3.0611258975708684,3.078132152557373,22400
1990-12-03,3.0951390481938077,3.1121453067003673,3.0101077556610107,3.0101077556610107,29800
1990-12-04,3.010106945305728,3.0441194531622897,2.993100691377447,3.027113199234009,12800
1990-12-05,3.010106945305728,3.0781319610188516,3.010106945305728,3.027113199234009,356400
1990-12-06,3.0951394703298964,3.180170774459839,3.0781332095039082,3.180170774459839,224200
1990-12-07,3.1971755027770996,3.2311880081257924,3.1631629974284072,3.1971755027770996,34200
1990-12-10,3.2141814616418656,3.2141814616418656,3.1631627082824707,3.1631627082824707,20800
1990-12-11,3.1461564571626726,3.1971752105220674,3.1461564571626726,3.1631627082824707,33600
1990-12-12,3.1631627082824707,3.1631627082824707,3.0951377038032777,3.1631627082824707,67400
1990-12-13,3.1631627473674837,3.1801689986974164,3.0441189880579547,3.1121439933776855,196200
1990-12-14,3.0951384075438777,3.112144662530383,3.078132152557373,3.078132152557373,45400
1990-12-17,3.078132531145117,3.0951387882232666,3.078132531145117,3.0951387882232666,13600
1990-12-18,3.0951387882232666,3.112145045301417,3.0951387882232666,3.0951387882232666,10600
1990-12-19,3.0951380291500605,3.1631630407797324,3.0951380291500605,3.1461567878723145,23200
1990-12-20,3.146156642747962,3.1801691469938858,3.129150390625,3.129150390625,27000
1990-12-21,3.095137886379076,3.129150390625,3.095137886379076,3.129150390625,290000
1990-12-24,3.1631630407797324,3.2141817995019863,3.1461567878723145,3.1461567878723145,24200
1990-12-26,3.182731087391193,3.217899386699383,3.182731087391193,3.200315237045288,27800
1990-12-27,3.2003162605327793,3.217900415810432,3.182732105255127,3.182732105255127,34400
1990-12-28,3.18273186430018,3.305820941925049,3.18273186430018,3.305820941925049,45600
1990-12-31,3.340989828109741,3.4113264560699466,3.32340567111969,3.340989828109741,55400
1991-01-02,3.4113253886883075,3.4640778431525594,3.3937412372002234,3.4289095401763916,48000
1991-01-03,3.411326240381429,3.411326240381429,3.3234054609901547,3.393742084503174,77600
1991-01-04,3.376158142089844,3.376158142089844,3.32340567111969,3.340989828109741,22200
1991-01-07,3.3761579286249193,3.411326240381429,3.3585737727466642,3.393742084503174,48000
1991-01-08,3.3585739850997927,3.3585739850997927,3.340989828109741,3.340989828109741,2600
1991-01-09,3.3585753440856934,3.4113278364011754,3.3585753440856934,3.3585753440856934,5800
1991-01-10,3.3761587142944336,3.3761587142944336,3.35857455432415,3.3761587142944336,8800
1991-01-11,3.3761587142944336,3.3761587142944336,3.3761587142944336,3.3761587142944336,5200
1991-01-14,3.4113264560699466,3.4113264560699466,3.340989828109741,3.340989828109741,23800
1991-01-15,3.340989828109741,3.340989828109741,3.340989828109741,3.340989828109741,7800
1991-01-16,3.3409911799805325,3.376159508190854,3.3409911799805325,3.3585753440856934,4800
1991-01-17,3.376159508190854,3.376159508190854,3.3409911799805325,3.3585753440856934,319200
1991-01-18,3.358572934224055,3.4640778431525594,3.358572934224055,3.4289095401763916,39600
1991-01-21,3.4113253886883075,3.4640778431525594,3.4113253886883075,3.4289095401763916,10400
1991-01-22,3.4113274472100397,3.464079933507102,3.4113274472100397,3.446495771408081,16600
1991-01-23,3.4289116093090604,3.4992482577051436,3.4113274472100397,3.446495771408081,24000
1991-01-24,3.4289107539437036,3.481663227081299,3.4289107539437036,3.481663227081299,140400
1991-01-25,3.446493134498596,3.551998026371002,3.446493134498596,3.5168297290802,147000
1991-01-28,3.551999941326323,3.6926732063293457,3.551999941326323,3.6926732063293457,41000
1991-01-29,3.710255774082961,3.7981765270233154,3.710255774082961,3.7981765270233154,97400
1991-01-30,3.7981756343397985,3.7981756343397985,3.727839048518691,3.7805914878845215,28600
1991-01-31,3.780593944487171,3.798178102368506,3.763009786605835,3.763009786605835,68200
1991-02-01,3.815762066841126,3.8860986948013307,3.7981779098510744,3.8685145378112793,47000
1991-02-04,3.938850471257094,3.9740187790361756,3.9036821634780132,3.9212663173675537,78000
1991-02-05,3.886100531718053,3.9036846970199446,3.833348035812378,3.833348035812378,18600
1991-02-06,3.8157611927485355,3.8860978045964347,3.8157611927485355,3.8509294986724854,60400
1991-02-07,3.815762260249842,3.850930576012513,3.763009786605835,3.763009786605835,57200
1991-02-08,3.7278414708431638,3.780593944487171,3.7278414708431638,3.763009786605835,11600
1991-02-11,3.7805914878845215,3.8157597807950756,3.763007341429245,3.7805914878845215,16000
1991-02-12,3.833346418131178,3.833346418131178,3.763009786605835,3.763009786605835,46600
1991-02-13,3.780593944487171,3.780593944487171,3.745425628724499,3.763009786605835,72400
1991-02-14,3.7278414708431638,3.815762260249842,3.7278414708431638,3.763009786605835,27200
1991-02-15,3.7981779098510744,3.8860986948013307,3.7981779098510744,3.8685145378112793,64200
1991-02-19,3.886100529560021,3.9564371907285283,3.868516364267894,3.9388530254364014,99000
1991-02-20,3.903684694852148,3.9388530254364014,3.886100529560021,3.9388530254364014,17600
1991-02-21,3.9388530254364014,3.9740213560206548,3.9388530254364014,3.9388530254364014,110600
1991-02-22,3.9212688601442744,3.9388530254364014,3.9212688601442744,3.9388530254364014,14000
1991-02-25,3.9388510214315877,3.9564351777772644,3.9036827087402344,3.9036827087402344,50000
1991-02-26,3.903684694852148,3.9564371907285283,3.903684694852148,3.9388530254364014,13400
1991-02-27,3.9212663173675537,3.938850471257094,3.9036821634780132,3.9212663173675537,17400
1991-02-28,3.921265709135268,3.9564340114593506,3.903681557973226,3.9564340114593506,57200
1991-03-01,3.9388530254364014,3.9916055213127817,3.9388530254364014,3.9388530254364014,59600
1991-03-04,3.8860980095884723,3.9564346251466347,3.8860980095884723,3.9212663173675537,31200
1991-03-05,3.921266350070987,3.9740188121795654,3.8860980419986015,3.9740188121795654,164200
1991-03-06,3.97401877693508,4.061939546336299,3.97401877693508,4.044355392456055,40400
1991-03-07,4.009187084695568,4.044355392456055,4.009187084695568,4.044355392456055,86400
1991-03-08,4.009185965925325,4.026770114898682,3.9916018169519685,4.026770114898682,53400
1991-03-11,3.991603374481201,4.026771686150639,3.991603374481201,3.991603374481201,34600
1991-03-12,3.9564342875229683,4.009186744689941,3.9564342875229683,4.009186744689941,44200
1991-03-13,4.026771686150639,4.044355841985358,3.991603374481201,3.991603374481201,18600
1991-03-14,4.009187120251951,4.044355428324336,3.9740188121795654,3.9740188121795654,12200
1991-03-15,3.9564342875229683,4.0443550494679235,3.9564342875229683,4.009186744689941,24600
1991-03-18,4.0267728252328325,4.061941146850586,4.0267728252328325,4.061941146850586,14400
1991-03-19,4.026770114898682,4.026770114898682,3.9916018169519685,4.026770114898682,19000
1991-03-20,4.009187418839027,4.079524040222168,4.009187418839027,4.079524040222168,7600
1991-03-21,4.009188664423955,4.114693629277217,4.009188664423955,4.061941146850586,18600
1991-03-22,4.097108195567953,4.097108195567953,4.061939884876383,4.079524040222168,27600
1991-03-25,4.080967803188807,4.1351399421691895,4.062910423528679,4.1351399421691895,29400
1991-03-26,4.099026241133698,4.117083625455874,4.044854088167174,4.080968856811523,73800
1991-03-27,4.062912437048825,4.062912437048825,3.972625494003296,3.972625494003296,33000
1991-03-28,4.008741757699421,4.044856548309326,3.9726269670895165,4.044856548309326,169400
1991-04-01,4.008739471435547,4.026796856442013,3.9906820864290804,4.008739471435547,52800
1991-04-02,3.9906821250915527,4.062911665817192,3.972624739910143,3.9906821250915527,125200
1991-04-03,4.0087388865152995,4.062911033630371,3.990681504143609,4.062911033630371,40000
1991-04-04,4.044853076600192,4.135139975631446,4.044853076600192,4.117082595825195,27800
1991-04-05,4.117083587310388,4.135140971465258,4.008739282381168,4.099026203155518,63800
1991-04-08,4.099025182848934,4.153197321829317,4.099025182848934,4.1351399421691895,42200
1991-04-09,4.135139223895496,4.315712989131106,4.135139223895496,4.279598236083984,39800
1991-04-10,4.261540859560424,4.297655612607546,4.243483483036862,4.279598236083984,9200
1991-04-11,4.261540859560424,4.297655612607546,4.261540859560424,4.279598236083984,14000
1991-04-12,4.315715831868789,4.315715831868789,4.261543666615205,4.297658443450928,20000
1991-04-15,4.297659490068081,4.297659490068081,4.261544704437256,4.261544704437256,13000
1991-04-16,4.243487311621844,4.279602097252668,4.225429918806432,4.261544704437256,27800
1991-04-17,4.243485261996588,4.3337721824646,4.243485261996588,4.3337721824646,98600
1991-04-18,4.333771599663629,4.387943744659424,4.333771599663629,4.387943744659424,26200
1991-04-19,4.36988762612285,4.460174560546875,4.36988762612285,4.460174560546875,12000
1991-04-22,4.478231947431681,4.478231947431681,4.424059786777265,4.460174560546875,46400
1991-04-23,4.478232994858099,4.478232994858099,4.424060821533203,4.424060821533203,37200
1991-04-24,4.424060821533203,4.460175603749801,4.406003430424905,4.424060821533203,87600
1991-04-25,4.424060821533203,4.4421182126415015,4.406003430424905,4.424060821533203,26000
1991-04-26,4.460175603749801,4.460175603749801,4.406003430424905,4.424060821533203,25600
1991-04-29,4.460172555923462,4.5324020709991455,4.460172555923462,4.514344692230225,155600
1991-04-30,4.514345574000525,4.550460338592529,4.496288191704523,4.550460338592529,49400
1991-05-01,4.586576685538659,4.694921016693115,4.586576685538659,4.694921016693115,62800
1991-05-02,4.731035544459981,4.875494645054179,4.731035544459981,4.80326509475708,174000
1991-05-03,4.839378216687371,4.91160774230957,4.821320835281821,4.91160774230957,44800
1991-05-06,4.875496003165174,4.893553395769489,4.839381217956543,4.839381217956543,43600
1991-05-07,4.839381217956543,4.893553395769489,4.839381217956543,4.839381217956543,24000
1991-05-08,4.857434717814128,4.8935494740804035,4.857434717814128,4.875492095947266,37400
1991-05-09,4.875493563683946,4.8935509472531455,4.857436180114746,4.857436180114746,20600
1991-05-10,4.857436180114746,4.875493563683946,4.839378796545547,4.857436180114746,24400
1991-05-13,4.8574358472284285,4.875493229560132,4.785206317901611,4.785206317901611,43800
1991-05-14,4.785206317901611,4.82132108256502,4.7671489355699075,4.785206317901611,20200
1991-05-15,4.839380437677557,4.839380437677557,4.76715087890625,4.76715087890625,28800
1991-05-16,4.803263700233316,4.803263700233316,4.749091553238203,4.785206317901611,22000
1991-05-17,4.767149486469226,4.785206870887669,4.731034717632338,4.749092102050781,21200
1991-05-20,4.76714808340291,4.78520546250671,4.7310333251953125,4.7310333251953125,36000
1991-05-21,4.694918566987715,4.749090704299111,4.694918566987715,4.7310333251953125,19800
1991-05-22,4.749090704299111,4.76714808340291,4.7310333251953125,4.7310333251953125,147800
1991-05-23,4.731036099520597,4.76715087890625,4.731036099520597,4.76715087890625,15400
1991-05-24,4.767151647539281,4.875496003165174,4.767151647539281,4.839381217956543,99600
1991-05-28,4.803265528732472,4.821322917938232,4.803265528732472,4.821322917938232,3800
1991-05-29,4.857437257479904,4.875494645054179,4.785207707182805,4.80326509475708,51000
1991-05-30,4.785208268599076,4.785208268599076,4.76715087890625,4.76715087890625,12000
1991-05-31,4.767150319608531,4.80326509475708,4.731035544459981,4.80326509475708,24400
1991-06-03,4.803265347847572,4.803265347847572,4.694921016693115,4.694921016693115,55600
1991-06-04,4.694921016693115,4.694921016693115,4.694921016693115,4.694921016693115,31400
1991-06-05,4.694920259363511,4.694920259363511,4.568518560072955,4.604633331298828,53800
1991-06-06,4.622690411121673,4.749092102050781,4.622690411121673,4.749092102050781,224200
1991-06-07,4.712978405218858,4.749093182270343,4.694921016693115,4.694921016693115,89000
1991-06-10,4.749090704299111,4.76714808340291,4.7310333251953125,4.7310333251953125,49600
1991-06-11,4.749091553238203,4.785206317901611,4.731034170906499,4.785206317901611,41200
1991-06-12,4.82132304798473,4.82132304798473,4.749093489213423,4.76715087890625,85000
1991-06-13,4.803265528732472,4.821322917938232,4.767150750320949,4.821322917938232,72400
1991-06-14,4.803266432747912,4.857438610560858,4.803266432747912,4.839381217956543,69600
1991-06-17,4.83937733968099,4.875492095947266,4.767147827148437,4.875492095947266,129400
1991-06-18,4.839378796545547,4.857436180114746,4.839378796545547,4.857436180114746,58200
1991-06-19,4.839381217956543,4.857438610560858,4.821323825352227,4.839381217956543,45400
1991-06-20,4.875492095947266,4.875492095947266,4.83937733968099,4.875492095947266,44600
1991-06-21,4.875493563683946,4.8935509472531455,4.857436180114746,4.857436180114746,61000
1991-06-24,4.875493347644806,5.200526237487793,4.875493347644806,5.200526237487793,313400
1991-06-25,5.238896185452821,5.6631729892042815,5.238896185452821,5.626279354095459,370800
1991-06-26,5.552490091637561,5.718511390058618,5.552490091637561,5.60783052444458,92600
1991-06-27,5.607832005818684,5.607832005818684,5.460257479349772,5.5340447425842285,133600
1991-06-28,5.497150956207376,5.589385032653809,5.441810510339517,5.589385032653809,80600
1991-07-01,5.589385190010071,5.607832005818684,5.460257479349772,5.5340447425842285,45000
1991-07-02,5.534043280701888,5.60783052444458,5.515596469766215,5.60783052444458,180800
1991-07-03,5.607830244495022,5.71851110458374,5.5893834344802364,5.71851110458374,65400
1991-07-05,5.700069430479809,5.884537696838379,5.700069430479809,5.884537696838379,30600
1991-07-08,5.939876046425626,6.1796847066850455,5.939876046425626,6.105897426605225,316800
1991-07-09,6.142785785447305,6.271913414570823,6.124338981286803,6.1796793937683105,198000
1991-07-10,6.216580864978813,6.327261829933924,6.216580864978813,6.308815002441406,133000
1991-07-11,6.271918773651123,6.308812413496129,6.1427910341936,6.271918773651123,55000
1991-07-12,6.235026160875956,6.271919806798299,6.16123886903127,6.198132514953613,148000
1991-07-15,6.179684674038606,6.327259233418633,6.179684674038606,6.271918773651123,101800
1991-07-16,6.290366426913325,6.308813249279639,6.161238670349121,6.161238670349121,77800
1991-07-17,6.198132315081751,6.198132315081751,6.161238670349121,6.161238670349121,6800
1991-07-18,6.142790202870747,6.308811559705091,6.124343385444708,6.290364742279053,60200
1991-07-19,6.253472983837128,6.271919806798299,6.198132514953613,6.198132514953613,14400
1991-07-22,6.235025133806116,6.271918773651123,6.198131493961109,6.271918773651123,294200
1991-07-23,6.271918773651123,6.271918773651123,6.235025133806116,6.271918773651123,81200
1991-07-24,6.25347195372862,6.290365593573626,6.235025133806116,6.271918773651123,239600
1991-07-25,6.271921062188163,6.271921062188163,6.216580582227679,6.253474235534668,126400
1991-07-26,6.253471107426976,6.290364742279053,6.235024290000938,6.290364742279053,14400
1991-07-29,6.290365424865189,6.327259063720703,6.290365424865189,6.327259063720703,138800
1991-07-30,6.327261829933924,6.382602312411481,6.308815002441406,6.308815002441406,225600
1991-07-31,6.3088096863882885,6.456384181976318,6.3088096863882885,6.456384181976318,354400
1991-08-01,6.456382601868873,6.622403868774072,6.41948898700105,6.58551025390625,218400
1991-08-02,6.5855147151623745,6.603961535092801,6.530174255371094,6.530174255371094,37600
1991-08-05,6.530175856772186,6.530175856772186,6.345707612230599,6.382601261138916,35400
1991-08-06,6.382599025964737,6.493279933929443,6.290364935994148,6.493279933929443,175200
1991-08-07,6.456386297941208,6.530173569917679,6.456386297941208,6.493279933929443,90200
1991-08-08,6.530169831604517,6.603957061340161,6.530169831604517,6.58551025390625,90400
1991-08-09,6.603963851928711,6.640857504732781,6.603963851928711,6.603963851928711,239200
1991-08-12,6.622410678330747,6.622410678330747,6.585517025526675,6.603963851928711,18200
1991-08-13,6.60396317953474,6.60396317953474,6.5670695304870605,6.5670695304870605,104200
1991-08-14,6.603962521035027,6.622409343719482,6.585515698350572,6.622409343719482,173600
1991-08-15,6.622410678330747,6.640857504732781,6.585517025526675,6.603963851928711,184000
1991-08-16,6.5855147151623745,6.622408355023229,6.419493335788533,6.530174255371094,87000
1991-08-19,6.419494910047234,6.456388558955552,6.308813963322281,6.382601261138916,96200
1991-08-20,6.456388755776416,6.530176055842433,6.419495105743408,6.419495105743408,81600
1991-08-21,6.419495498277865,6.677751064300537,6.419495498277865,6.677751064300537,173600
1991-08-22,6.677751157536853,6.677751157536853,6.603963851928711,6.603963851928711,21000
1991-08-23,6.603957989869686,6.659298419952393,6.603957989869686,6.659298419952393,46000
1991-08-26,6.659300065894429,6.696193695068359,6.659300065894429,6.696193695068359,84200
1991-08-27,6.696192375906221,6.714639186859131,6.659298754000401,6.714639186859131,133600
1991-08-28,6.714640509655324,6.714640509655324,6.640853251307464,6.696193695068359,39000
1991-08-29,6.7146388500351,6.7146388500351,6.659298419952393,6.659298419952393,78600
1991-08-30,6.640850676207983,6.640850676207983,6.58551025390625,6.58551025390625,12800
1991-09-03,6.640857504732781,6.640857504732781,6.603963851928711,6.603963851928711,48400
1991-09-04,6.567063446472339,6.603957061340161,6.530169831604517,6.58551025390625,116600
1991-09-05,6.5670695304870605,6.5855163550109,6.53017588143938,6.5670695304870605,160000
1991-09-06,6.567068502638075,6.64085578918457,6.567068502638075,6.64085578918457,94400
1991-09-09,6.622409343719482,6.659302989088393,6.585515698350572,6.622409343719482,107400
1991-09-10,6.659302989088393,6.659302989088393,6.622409343719482,6.622409343719482,135400
1991-09-11,6.622407221403278,6.788428572357678,6.622407221403278,6.751534938812256,146000
1991-09-12,6.7515345185272135,6.84376859664917,6.7515345185272135,6.84376859664917,16000
1991-09-13,6.8253227751305765,6.936003684997559,6.8253227751305765,6.936003684997559,174200
1991-09-16,6.972898537350684,7.194260395679277,6.972898537350684,7.157366752624512,207400
1991-09-17,7.120474621653557,7.120474621653557,7.065134145319462,7.08358097076416,189600
1991-09-18,7.046686942856033,7.1204742406869865,7.028240118398295,7.102027416229248,340600
1991-09-19,7.102023233403814,7.231150928556611,7.102023233403814,7.12047004699707,94600
1991-09-20,7.1573647917533405,7.3418329564892515,7.120471158806159,7.231152057647705,161200
1991-09-23,7.268045476766733,7.304939108628493,7.194258213043213,7.194258213043213,73400
1991-09-24,7.268040418624878,7.378721237182617,7.268040418624878,7.378721237182617,35800
1991-09-25,7.792317140449598,7.792317140449598,7.642464887748645,7.717391014099121,221000
1991-09-26,7.717393763472394,7.717393763472394,7.605004533907262,7.679930686950684,261800
1991-09-27,7.698662964581269,7.698662964581269,7.605005264282227,7.605005264282227,54400
1991-09-30,7.605003948305167,7.642467021942139,7.605003948305167,7.642467021942139,120000
1991-10-01,7.642467021942139,7.67993009557911,7.605003948305167,7.642467021942139,259800
1991-10-02,7.642466008516728,7.642466008516728,7.5675398711783295,7.623734474182129,124200
1991-10-03,7.642467021942139,7.642467021942139,7.605003948305167,7.642467021942139,34200
1991-10-04,7.642467021942139,7.67993009557911,7.605003948305167,7.642467021942139,68600
1991-10-07,7.605003718102332,7.642466790605299,7.530077573096397,7.567540645599365,23000
1991-10-08,7.567541966983928,7.605005046028403,7.492615808894978,7.530078887939453,22200
1991-10-09,7.54880952835083,7.567541065642024,7.530077991059637,7.54880952835083,24400
1991-10-10,7.511349962700525,7.530081508742172,7.417692232492288,7.4364237785339355,57200
1991-10-11,7.4364219763523955,7.492616600858836,7.417690434850248,7.4738850593566895,61600
1991-10-14,7.511346264212739,7.67993009557911,7.511346264212739,7.642467021942139,130400
1991-10-15,7.267837334628129,7.605005046028403,7.267837334628129,7.530078887939453,144400
1991-10-16,7.492613615813079,7.64246588812934,7.492613615813079,7.586271286010742,79600
1991-10-17,7.605003948305167,7.67993009557911,7.586272411486681,7.642467021942139,29600
1991-10-18,7.679930853208676,7.754857007874127,7.661199314542314,7.736125469207764,94000
1991-10-21,7.829784023194086,8.017099430447534,7.829784023194086,7.867247104644775,88200
1991-10-22,7.904703210149815,8.017092355317821,7.60499882303513,7.923434734344482,248600
1991-10-23,7.979638522504324,7.979638522504324,7.7735915184021,7.7735915184021,73600
1991-10-24,7.773586626406069,7.773586626406069,7.511345149852612,7.586271286010742,177800
1991-10-25,7.54880952835083,7.54880952835083,7.511346453768445,7.54880952835083,46000
1991-10-28,7.586273724222418,7.754857584760694,7.586273724222418,7.605005264282227,147400
1991-10-29,7.567541966983928,7.567541966983928,7.492615808894978,7.530078887939453,95600
1991-10-30,7.567545755248414,7.5862773041475435,7.511351108551025,7.511351108551025,111200
1991-10-31,7.511345326900482,7.511345326900482,7.455150723457336,7.492613792419434,45600
1991-11-01,7.492616548011052,7.492616548011052,7.455153465270996,7.455153465270996,140600
1991-11-04,7.473884483863568,7.717394504641077,7.473884483863568,7.605005264282227,272800
1991-11-05,7.605005264282227,7.642468344401844,7.586273724222418,7.605005264282227,61800
1991-11-06,7.623733356161026,7.717391014099121,7.586270292985787,7.717391014099121,159000
1991-11-07,7.6799328259702,7.942174434661865,7.6799328259702,7.942174434661865,101800
1991-11-08,7.904710186095465,7.9421732675461545,7.867247104644775,7.867247104644775,53400
1991-11-11,7.923434734344482,7.923434734344482,7.885971685955147,7.923434734344482,81000
1991-11-12,7.92344172682081,7.9421732675461545,7.829784023194086,7.867247104644775,109600
1991-11-13,7.8672401617604795,7.923434734344482,7.811045589176476,7.923434734344482,71200
1991-11-14,8.054562050457958,8.204414367675781,8.054562050457958,8.204414367675781,143600
1991-11-15,8.166949033737183,8.223143637180328,8.054559826850891,8.092022895812988,80000
1991-11-18,8.017098370983115,8.054561447483035,7.904709141483352,7.998366832733154,118000
1991-11-19,7.9796369380860535,7.9983684801942365,7.829784601220587,7.90471076965332,83400
1991-11-20,7.904711347705913,7.9609059781398415,7.904711347705913,7.942174434661865,63000
1991-11-21,7.960901260375977,7.998364325130687,7.942169727998622,7.960901260375977,46200
1991-11-22,7.979636348996844,7.998367889722188,7.829784023194086,7.867247104644775,99200
1991-11-25,7.867246682173849,7.8859782218933105,7.829783602734926,7.8859782218933105,19400
1991-11-26,7.885976196188915,7.904707731096727,7.829781591465479,7.848513126373291,50400
1991-11-27,7.811054706573486,7.829786252632415,7.792323160514557,7.811054706573486,12600
1991-11-29,7.792322536597505,7.792322536597505,7.754859447479247,7.754859447479248,9400
1991-12-02,7.679927950923883,7.717391014099121,7.530075698222929,7.717391014099121,122800
1991-12-03,7.698663238116674,7.867247104644775,7.698663238116674,7.867247104644775,58000
1991-12-04,7.904708594221123,8.166950111564953,7.867245520314862,8.129487037658691,74800
1991-12-05,8.166951288371326,8.260608986632464,7.923441272892364,8.204414367675781,152400
1991-12-06,8.166947456959928,8.391725827334971,8.166947456959928,8.335531234741211,151600
1991-12-09,8.372994296470385,8.429188889064147,8.316799703876624,8.335531234741211,51000
1991-12-10,8.354264147385308,8.61650562286377,8.354264147385308,8.61650562286377,49800
1991-12-11,8.635238570025843,8.8225539403084,8.541580884884565,8.766359329223633,79600
1991-12-12,8.841287509479647,8.878750592146933,8.560314389474996,8.63524055480957,77200
1991-12-13,8.691434660716036,8.953676223754883,8.653971580281915,8.953676223754883,57800
1991-12-16,8.953674805766404,9.290842476276437,8.953674805766404,9.272110939025879,132800
1991-12-17,9.25338184270526,9.25338184270526,9.122261047363281,9.122261047363281,130400
1991-12-18,9.103529724342694,9.122261266985374,9.028603553771973,9.028603553771973,79800
1991-12-19,9.047330490448191,9.066062023554709,8.916209758702564,8.934941291809082,77000
1991-12-20,8.972402062909357,9.028596647854508,8.691429138183594,8.691429138183594,89400
1991-12-23,8.691435178810499,8.74762980281143,8.616509013475927,8.63524055480957,52600
1991-12-24,8.653971156668156,8.803823471069336,8.653971156668156,8.803823471069336,26800
1991-12-26,8.84128630065918,9.384500925064087,8.84128630065918,9.365769386291504,67400
1991-12-27,9.403236617894422,9.740404464751194,9.403236617894422,9.684209823608398,78200
1991-12-30,9.684203153255956,10.04010230202165,9.49688781180033,9.983907699584961,129800
1991-12-31,10.040100602542653,10.189952850341797,9.77785916889415,10.189952850341797,107400
1992-01-02,10.040101224043237,10.040101224043237,9.478155260010967,9.515618324279785,121100
1992-01-03,9.590545773042315,9.777861120172048,9.590545773042315,9.628008842468262,165500
1992-01-06,9.665474006652833,9.702937084197998,9.21591707611084,9.365769386291504,250100
1992-01-07,9.312983753204346,9.42609691619873,9.199870590209962,9.42609691619873,103900
1992-01-08,9.350687735421316,9.426096507481166,9.237574577331543,9.237574577331543,132700
1992-01-09,9.23757180934999,9.275276184082031,9.19986743461795,9.275276184082031,121200
1992-01-10,9.237574977874756,9.42609691619873,9.237574977874756,9.42609691619873,133200
1992-01-13,9.426092728972435,9.652318954467773,9.275275245308876,9.652318954467773,86200
1992-01-14,9.727729973426232,9.87854749239408,9.727729973426232,9.803138732910156,36200
1992-01-15,9.803138644538791,9.803138644538791,9.576912368126358,9.765434265136719,249000
1992-01-16,9.840841575102372,10.029363444357207,9.803137201251404,9.953954696655273,93200
1992-01-17,9.953956251878004,9.953956251878004,9.69002559368427,9.803138732910156,34400
1992-01-20,9.727731457878562,9.727731457878562,9.576913915895949,9.614618301391602,40700
1992-01-21,9.6523232421875,9.6523232421875,9.42609691619873,9.42609691619873,54000
1992-01-22,9.426100533983485,9.46380493611942,9.312987327575684,9.312987327575684,72300
1992-01-23,9.312980558814072,9.312980558814072,9.19986743461795,9.275276184082031,60300
1992-01-24,9.27527783240801,9.27527783240801,9.162164688110352,9.162164688110352,89400
1992-01-27,9.162169719031947,9.350691729711619,9.124465316896014,9.312987327575684,165200
1992-01-28,9.312981152337445,9.312981152337445,9.04905051239266,9.124459266662598,124200
1992-01-29,9.124459266662598,9.162163643797568,9.08675488952763,9.124459266662598,82000
1992-01-30,9.049050929182666,9.049050929182666,8.709711519338317,8.898233413696289,99900
1992-01-31,8.860530771760859,8.973643930549295,8.822826385498047,8.822826385498047,86200
1992-02-03,8.973642081402717,9.011346459896007,8.822824567429564,8.860528945922852,186400
1992-02-04,8.82282630363759,9.011348233202495,8.78512191772461,8.78512191772461,175600
1992-02-05,8.860528801308304,9.199868202209473,8.860528801308304,9.199868202209473,99700
1992-02-06,9.237575986945771,9.53921112121339,9.237575986945771,9.463802337646484,62700
1992-02-07,9.501505934845857,9.727732266627902,8.973644494021087,9.08675765991211,175400
1992-02-10,9.16216305988591,9.275276184082031,9.124458685153867,9.275276184082031,113500
1992-02-11,9.312982213840563,9.350686595273116,9.124460306677799,9.162164688110352,130000
1992-02-12,9.162165861863356,9.162165861863356,8.747417612972422,8.822826385498047,100000
1992-02-13,8.822823862875662,8.860528238358036,7.540875096474925,8.181849479675293,633700
1992-02-14,8.219553736458838,8.747414985589222,8.219553736458838,8.521188735961914,99600
1992-02-18,8.558895681658361,8.935939544286484,8.558895681658361,8.822826385498047,110400
1992-02-19,8.898233324416141,8.93593770290943,8.785120188936274,8.860528945922852,125200
1992-02-20,9.199868444669045,9.199868444669045,8.860529034824694,8.898233413696289,88400
1992-02-21,8.973642171439478,9.049050929182666,8.74741589820991,8.898233413696289,66900
1992-02-24,8.822824567429564,8.898233324416141,8.709711431949698,8.860528945922852,263000
1992-02-25,8.898233413696289,8.973642171439478,8.74741589820991,8.898233413696289,172900
1992-02-26,8.97364175812272,9.237572398067506,8.93593738098775,9.124459266662598,121400
1992-02-27,8.973643218414693,9.049051984955993,8.898234451873392,8.935938835144043,40700
1992-02-28,8.898233413696289,8.898233413696289,8.8228246559531,8.898233413696289,10800
1992-03-02,8.860528945922852,8.860528945922852,8.747415810442986,8.860528945922852,67000
1992-03-03,8.935941096476592,8.935941096476592,8.558897168355218,8.634305953979492,56200
1992-03-04,8.634300695998329,8.672005065849849,8.408074476889201,8.445778846740723,54400
1992-03-05,8.445787062338733,8.445787062338733,8.14415181011235,8.219560623168945,40800
1992-03-06,8.219552627631597,8.445778846740723,8.144143887928553,8.445778846740723,72500
1992-03-09,8.408074476889201,8.596596326146807,8.370370107037681,8.445778846740723,116800
1992-03-10,8.52118672688802,8.558891092936198,8.445777994791666,8.483482360839844,37000
1992-03-11,8.483484951225487,8.52118932878649,8.294963063420475,8.37037181854248,122500
1992-03-12,8.370371636477383,8.370371636477383,8.294962882995605,8.294962882995605,20900
1992-03-13,8.294965665634365,8.294965665634365,8.181852497466624,8.257261276245117,20500
1992-03-16,8.294965665634365,8.370374444412858,8.219556886855871,8.257261276245117,19300
1992-03-17,8.257261276245117,8.332670055023613,8.219556886855871,8.257261276245117,45700
1992-03-18,8.294965665634365,8.332670055023613,8.257261276245117,8.257261276245117,49700
1992-03-19,8.294961367334638,8.483483216592244,8.294961367334638,8.445778846740723,95700
1992-03-20,8.445784496084991,8.445784496084991,8.370375705941376,8.408080101013184,84900
1992-03-23,8.445784496084991,8.445784496084991,8.332671310869568,8.408080101013184,54200
1992-03-24,8.408076013218272,8.408076013218272,7.993327869068493,8.294962882995605,112300
1992-03-25,8.294966771052435,8.332671165466309,8.219557982224686,8.332671165466309,50300
1992-03-26,8.332667259736494,8.332667259736494,8.294962882995605,8.294962882995605,8300
1992-03-27,8.257261276245117,8.294965665634365,8.144148108077376,8.257261276245117,13900
1992-03-30,8.294969436225541,8.294969436225541,8.14415181011235,8.219560623168945,16000
1992-03-31,8.219560623168945,8.257265029697244,8.068742997055754,8.219560623168945,40900
1992-04-01,8.181856216640648,8.257265029697244,8.106447403584053,8.219560623168945,29600
1992-04-02,8.219550874498156,8.219550874498156,7.993324703640408,8.144142150878906,37100
1992-04-03,8.068742997055754,8.257265029697244,8.068742997055754,8.219560623168945,71900
1992-04-06,8.219552701018577,8.219552701018577,8.106439590454102,8.106439590454102,120100
1992-04-07,8.167223008173817,8.167223008173817,8.053261756896973,8.053261756896973,48700
1992-04-08,7.977285890868216,7.977285890868216,7.445466831477002,7.5214409828186035,75200
1992-04-09,7.521441728166006,7.82533836364746,7.521441728166006,7.825338363647461,61700
1992-04-10,7.901310925235116,8.053259212258869,7.901310925235116,8.01527214050293,37000
1992-04-13,8.053261756896973,8.12923592441487,8.015274673138025,8.053261756896973,194000
1992-04-14,8.129232096117597,8.243193293726723,8.091245030247888,8.167219161987305,49400
1992-04-15,8.243194897969563,8.281181971232096,8.205207824707031,8.205207824707031,107200
1992-04-16,8.281184259450662,8.281184259450662,7.977287589379077,8.053261756896973,22800
1992-04-20,8.01527422352841,8.091248386784603,7.901312978644119,7.939300060272217,121400
1992-04-21,7.939298950708829,7.97728602702801,7.749363569112925,7.901311874389648,69700
1992-04-22,7.939299601953006,7.939299601953006,7.82533836364746,7.825338363647461,38900
1992-04-23,7.863325443082642,7.939299601953006,7.82533836364746,7.825338363647461,13100
1992-04-24,7.9013125225178245,7.9013125225178245,7.7493642047770965,7.825338363647461,21700
1992-04-27,7.787351907739317,7.9393002376464255,7.787351907739317,7.863326072692871,29800
1992-04-28,7.863325288819103,7.863325288819103,7.673389895369367,7.787351131439209,20400
1992-04-29,7.8253389902160935,7.901313155169648,7.711377742785762,7.863326072692871,37500
1992-04-30,7.901311874389648,7.901311874389648,7.863324798070467,7.901311874389648,44700
1992-05-01,7.901313155169648,7.901313155169648,7.787351907739317,7.863326072692871,17300
1992-05-04,7.9013125225178245,7.9013125225178245,7.82533836364746,7.825338363647461,44400
1992-05-05,7.863326810712191,7.863326810712191,7.521443036333401,7.559430122375488,81400
1992-05-06,7.521441580609578,7.787351131439209,7.48345450191963,7.787351131439209,217400
1992-05-07,7.787352638628016,7.901313896754279,7.521443036333401,7.559430122375488,122700
1992-05-08,7.48345327131527,7.48345327131527,7.217543764212697,7.369492053985596,400700
1992-05-11,7.3694909347771365,7.407478001451246,7.331503868103027,7.331503868103027,278200
1992-05-12,7.369497596902192,7.369497596902192,7.179562091827393,7.179562091827393,196600
1992-05-13,7.179562091827393,7.217549192842353,7.179562091827393,7.179562091827393,91700
1992-05-14,7.179557009883549,7.2175440840099165,6.7616991944935005,6.989621639251709,149900
1992-05-15,6.989623019569798,7.217545509338379,6.951635937941702,7.217545509338379,174400
1992-05-18,7.407480239868164,7.521441474327674,7.331506083561824,7.407480239868164,52600
1992-05-19,7.407479126428821,7.407479126428821,7.255530836655922,7.369492053985596,124000
1992-05-20,7.369493161714995,7.407480239868164,7.369493161714995,7.407480239868164,102100
1992-05-21,7.331503868103027,7.3694909347771365,7.293516801428918,7.331503868103027,15000
1992-05-22,7.293523394872272,7.369497596902192,7.179562091827393,7.179562091827393,85200
1992-05-26,7.141570707162222,7.407480254769325,7.141570707162222,7.293519020080566,321000
1992-05-27,7.293516801428918,7.331503868103027,7.25552973475481,7.331503868103027,83400
1992-05-28,7.293517909099147,7.369492053985596,7.293517909099147,7.369492053985596,114300
1992-05-29,7.331506330990097,7.82533836364746,7.331506330990097,7.825338363647461,103200
1992-06-01,7.825336610569674,7.825336610569674,7.711375397794387,7.749362468719482,97500
1992-06-02,7.597417208417577,7.597417208417577,7.2935205200808735,7.559430122375488,90200
1992-06-03,7.521440825486546,7.673389124991325,7.445466675734156,7.483453750610352,181300
1992-06-04,7.445466675734156,7.483453750610352,7.407479600857962,7.483453750610352,80900
1992-06-05,7.445468864249225,7.635404294459664,7.445468864249225,7.559430122375488,154100
1992-06-08,7.483453135919797,8.01527214050293,7.483453135919797,8.01527214050293,102900
1992-06-09,8.015274853933425,8.053261938549223,7.939300684701829,7.977287769317627,82000
1992-06-10,7.977287320123202,7.977287320123202,7.863326072692871,7.863326072692871,65000
1992-06-11,7.787350349619909,7.787350349619909,7.445466675734156,7.483453750610352,66400
1992-06-12,7.445467605590821,7.673390083312989,7.445467605590821,7.597415924072266,41200
1992-06-15,7.559429412878654,7.901313155169648,7.521442330401876,7.863326072692871,135400
1992-06-16,7.9013123675090515,7.9013123675090515,7.787351131439209,7.787351131439209,41000
1992-06-17,7.825338401794434,7.863325481414796,7.559428844451904,7.597415924072266,23600
1992-06-18,7.559428844451904,7.673390083312989,7.559428844451904,7.597415924072266,36800
1992-06-19,7.635401255944196,7.749362468719482,7.635401255944196,7.749362468719482,27200
1992-06-22,7.711375397794387,7.749362468719482,7.635401255944196,7.749362468719482,16100
1992-06-23,7.825334648587811,7.825334648587811,7.59741228018234,7.635399341583252,29000
1992-06-24,7.673390865325928,7.673390865325928,7.40748128088394,7.673390865325928,75600
1992-06-25,7.71137794881764,7.71137794881764,7.5594296148507905,7.673390865325928,38000
1992-06-26,7.635403781834215,7.749365032309353,7.635403781834215,7.673390865325928,15700
1992-06-29,7.82533836364746,7.82533836364746,7.787351284212279,7.825338363647461,39200
1992-06-30,7.825338815387926,7.939300060272217,7.7493646521317325,7.939300060272217,148800
1992-07-01,8.015275214905063,8.357158991844143,8.015275214905063,8.319171905517578,56500
1992-07-02,8.281187057495117,8.281187057495117,8.243199960901103,8.281187057495117,37900
1992-07-06,8.319168422903333,8.623064986297063,8.281181352479118,8.509103775024414,77100
1992-07-07,8.493801211027822,8.608582308474144,8.493801211027822,8.532061576843262,85000
1992-07-08,8.455539195625871,8.455539195625871,8.264237403869629,8.264237403869629,23800
1992-07-09,8.340764265794022,8.532066198495718,8.340764265794022,8.455545425415039,37200
1992-07-10,8.570321180555554,8.646841905381944,8.570321180555554,8.60858154296875,128100
1992-07-13,8.60857857125146,8.60857857125146,8.570318222045898,8.570318222045898,10900
1992-07-14,8.60858154296875,8.60858154296875,8.493800455729167,8.60858154296875,14500
1992-07-15,8.60858154296875,8.60858154296875,8.493800455729167,8.60858154296875,39800
1992-07-16,8.685098983930505,8.876400723664657,8.685098983930505,8.799880027770996,24400
1992-07-17,8.799880653751055,8.799880653751055,8.685099601745605,8.685099601745605,16600
1992-07-20,8.608586971576397,8.646847358116737,8.4172850388747,8.455545425415039,18500
1992-07-21,8.493797523634774,8.60857857125146,8.455537174429212,8.570318222045898,3300
1992-07-22,8.493799001520332,8.493799001520332,8.417278289794922,8.417278289794922,28200
1992-07-23,8.49380581195538,8.608586971576397,8.4172850388747,8.455545425415039,23100
1992-07-24,8.379022598266602,8.417282975427636,8.379022598266602,8.379022598266602,22900
1992-07-27,8.379019543871902,8.417279907085929,8.302498817443848,8.302498817443848,9500
1992-07-28,8.302501843944532,8.379022598266602,8.302501843944532,8.379022598266602,25700
1992-07-29,8.379019368489583,8.60858154296875,8.379019368489583,8.60858154296875,23200
1992-07-30,8.60857857125146,8.60857857125146,8.493797523634774,8.570318222045898,41500
1992-07-31,8.57031971324574,8.57031971324574,8.379017933932218,8.417278289794922,18200
1992-08-03,8.340758120572126,8.379018478923374,8.264237403869629,8.264237403869629,33800
1992-08-04,8.302496697181878,8.379017404068348,8.187715636852175,8.22597599029541,34900
1992-08-05,8.187723015839198,8.264243791688164,8.111202239990234,8.111202239990234,33200
1992-08-06,8.187715636852175,8.22597599029541,8.111194929965706,8.22597599029541,24100
1992-08-07,8.264243791688164,8.264243791688164,8.111202239990234,8.111202239990234,23000
1992-08-10,8.149462627914717,8.149462627914717,8.072941852065753,8.111202239990234,32900
1992-08-11,8.149462627914717,8.225983403763681,8.03468146414127,8.111202239990234,57600
1992-08-12,8.14945528340894,8.22597599029541,8.111194929965706,8.22597599029541,55200
1992-08-13,8.149457645416259,8.149457645416259,8.034676551818848,8.034676551818848,19400
1992-08-14,8.111202239990234,8.111202239990234,8.072941852065753,8.111202239990234,21700
1992-08-17,8.072934576522472,8.264236343738645,8.072934576522472,8.22597599029541,21700
1992-08-18,8.225984770223635,8.340765953063965,8.187724375943525,8.340765953063965,27400
1992-08-19,8.302497762220877,8.340758120572126,8.22597704551838,8.264237403869629,19800
1992-08-20,8.22597704551838,8.264237403869629,8.187716687167132,8.264237403869629,59700
1992-08-21,8.302497762220877,8.340758120572126,8.264237403869629,8.264237403869629,82400
1992-08-24,8.225983403763681,8.225983403763681,8.03468146414127,8.111202239990234,32500
1992-08-25,8.072942043726261,8.072942043726261,7.958160877227783,7.958160877227783,10300
1992-08-26,7.881633656199385,7.919894013753751,7.843373298645019,7.8433732986450195,6600
1992-08-27,7.919895363766611,7.996416091918945,7.80511427153811,7.996416091918945,45900
1992-08-28,7.919895185303578,8.302498817443848,7.919895185303578,8.302498817443848,44100
1992-08-31,8.264245164503745,8.340765953063965,8.225984770223635,8.340765953063965,37900
1992-09-01,8.4172850388747,8.49380581195538,8.37902465233436,8.455545425415039,50800
1992-09-02,8.417278837274623,8.455539195625871,8.264237403869629,8.264237403869629,203600
1992-09-03,8.340762221105567,8.53206410691074,8.340762221105567,8.379022598266602,53300
1992-09-04,8.417278289794922,8.455538645657626,8.379017933932218,8.417278289794922,32700
1992-09-08,8.417278495994774,8.493799209594727,8.417278495994774,8.493799209594727,35100
1992-09-09,8.455538852794751,8.57031992319468,8.455538852794751,8.493799209594727,72500
1992-09-10,8.532058199071674,8.72335995241409,8.532058199071674,8.685099601745605,110600
1992-09-11,8.60857890040864,8.685099601745605,8.570318549740158,8.685099601745605,94300
1992-09-14,8.723362266243278,8.838143348693848,8.685101905426421,8.838143348693848,30800
1992-09-15,8.761627117792765,8.83814787864685,8.68510635693868,8.723366737365723,37900
1992-09-16,8.646838635983675,8.876400723664657,8.646838635983675,8.799880027770996,39700
1992-09-17,8.76162487192357,8.99118709564209,8.76162487192357,8.99118709564209,46700
1992-09-18,8.83814787864685,8.83814787864685,8.68510635693868,8.723366737365723,27500
1992-09-21,8.685102365713204,8.723362728557754,8.646842002868652,8.646842002868652,7600
1992-09-22,8.723366737365723,8.723366737365723,8.646845976511637,8.723366737365723,31700
1992-09-23,8.685102267795138,8.685102267795138,8.60858154296875,8.60858154296875,161600
1992-09-24,8.6085816400241,8.761623091402306,8.570321277179549,8.646842002868652,102300
1992-09-25,8.493797523634774,8.570318222045898,8.493797523634774,8.570318222045898,84100
1992-09-28,8.493801211027822,8.570321942658703,8.493801211027822,8.532061576843262,9800
1992-09-29,8.532058199071674,8.72335995241409,8.532058199071674,8.685099601745605,176300
1992-09-30,8.723366192993687,8.952928461230364,8.723366192993687,8.914668083190918,108000
1992-10-01,8.876407373420015,8.876407373420015,8.761626243591309,8.761626243591309,75900
1992-10-02,8.838140375717826,8.838140375717826,8.761619679824166,8.799880027770996,21900
1992-10-05,8.723365992715914,8.761626369876948,8.264241466783497,8.379022598266602,53700
1992-10-06,8.440692539128783,8.556318464322327,8.440692539128783,8.517776489257812,13500
1992-10-07,8.479229130157053,8.517771080748675,8.44068717956543,8.44068717956543,39900
1992-10-08,8.517769514177948,8.63339534468715,8.47922757067488,8.594853401184082,36100
1992-10-09,8.63339645798142,8.749022303400812,8.517770612562025,8.556312561035156,88800
1992-10-12,8.63339645798142,8.63339645798142,8.556312561035156,8.556312561035156,3500
1992-10-13,8.51777092326771,8.59485482302579,8.479228973388672,8.479228973388672,34400
1992-10-14,8.479228973388672,8.479228973388672,8.479228973388672,8.479228973388672,10000
1992-10-15,8.517768486304217,8.517768486304217,8.325058792043942,8.363600730895996,15700
1992-10-16,8.325065969306731,8.325065969306731,8.209440053066361,8.247982025146484,58300
1992-10-19,8.20943415792365,8.20943415792365,8.016724435906662,8.055266380310059,32800
1992-10-20,8.132351708643645,8.132351708643645,7.939641952514648,7.939641952514648,39500
1992-10-21,7.939646363258362,8.016730308532715,7.939646363258362,8.016730308532715,33200
1992-10-22,7.939642751918119,7.978184707024518,7.8240168865989235,7.862558841705322,83000
1992-10-23,7.9011000012888495,7.939641952514648,7.8625580500630505,7.939641952514648,95400
1992-10-26,8.016726641587807,8.209436416625977,8.016726641587807,8.209436416625977,67700
1992-10-27,8.209434207650117,8.325060041560683,8.209434207650117,8.286518096923828,103100
1992-10-28,8.286515099030954,8.325057029724121,8.286515099030954,8.325057029724121,93800
1992-10-29,8.363603278382184,8.479229130157053,8.32506132779056,8.44068717956543,167900
1992-10-30,8.440693085346746,8.440693085346746,8.363609130229424,8.402151107788086,114900
1992-11-02,8.325061173872514,8.479228973388672,8.325061173872514,8.479228973388672,55700
1992-11-03,8.479228973388672,8.479228973388672,8.440687023509632,8.479228973388672,25000
1992-11-04,8.44068717956543,8.517771080748675,8.402145228973806,8.44068717956543,33300
1992-11-05,8.440692539128783,8.556318464322327,8.440692539128783,8.517776489257812,57700
1992-11-06,8.479234514193298,8.517776489257812,8.479234514193298,8.517776489257812,35900
1992-11-09,8.517776489257812,8.517776489257812,8.440692539128783,8.517776489257812,54200
1992-11-10,8.517770307404655,8.67193809577397,8.440686413219996,8.63339614868164,33700
1992-11-11,8.633391281654095,8.941726684570312,8.633391281654095,8.941726684570312,58300
1992-11-12,8.941730647892147,8.941730647892147,8.864646762996525,8.903188705444336,17200
1992-11-13,8.941736049406519,9.018819980866919,8.903194083676318,8.980278015136719,17200
1992-11-16,8.941728873874832,8.941728873874832,8.826103069471277,8.864645004272461,22700
1992-11-17,8.864646399073663,8.864646399073663,8.74902057647705,8.74902057647705,16400
1992-11-18,8.787566184997559,8.864650098901047,8.749024228045815,8.787566184997559,74100
1992-11-19,8.826108141949302,8.826108141949302,8.749024228045815,8.787566184997559,67100
1992-11-20,8.749024228045815,8.787566184997559,8.71048227109407,8.787566184997559,57700
1992-11-23,8.710479736328125,8.749021682064091,8.710479736328125,8.710479736328125,74800
1992-11-24,8.671940314142327,8.787566184997559,8.671940314142327,8.787566184997559,69200
1992-11-25,8.787564302102114,9.095899891649555,8.787564302102114,9.018815994262695,73500
1992-11-27,9.095900853474935,9.365694522857666,9.095900853474935,9.250068664550781,36100
1992-11-30,9.250065511908412,9.365691330807268,9.21152357227546,9.327149391174316,97100
1992-12-01,9.365695789212085,9.404237747192383,9.288611873251492,9.404237747192383,173700
1992-12-02,9.40423327044022,9.40423327044022,9.250065511908412,9.327149391174316,109600
1992-12-03,9.327153831231788,9.519863621133272,9.327153831231788,9.404237747192383,46500
1992-12-04,9.36569373461665,9.519861532717336,9.36569373461665,9.442777633666992,56400
1992-12-07,9.442782054545908,9.519865989685059,9.404240086976333,9.519865989685059,62400
1992-12-08,9.5198604644291,9.712570190429688,9.481318519228982,9.712570190429688,64900
1992-12-09,9.712569166974324,9.751111108113111,9.481317520141602,9.481317520141602,247500
1992-12-10,9.51986624425151,9.712576087252552,9.51986624425151,9.674034118652344,26300
1992-12-11,9.674029823272459,9.674029823272459,9.558403968811035,9.558403968811035,26500
1992-12-14,9.635486300029452,9.82819602603004,9.635486300029452,9.712570190429688,43900
1992-12-15,9.712575827532934,9.712575827532934,9.481324022115484,9.519865989685059,55300
1992-12-16,9.481321829336661,9.5198637879925,9.25007007740162,9.36569595336914,224000
1992-12-17,9.365691696725241,9.481317520141602,9.250065873308879,9.481317520141602,215500
1992-12-18,9.558402709960937,9.635486602783203,9.519860763549804,9.635486602783203,91400
1992-12-21,9.59694766998291,9.59694766998291,9.519863752954935,9.59694766998291,112100
1992-12-22,9.635486300029452,9.789654080829923,9.635486300029452,9.712570190429688,106900
1992-12-23,9.712575410541735,10.329246865179305,9.712575410541735,10.25216293334961,132900
1992-12-24,10.175065994262695,10.175065994262695,10.020898327682957,10.175065994262695,23600
1992-12-28,10.175075372659935,10.213617324829102,10.097991468321602,10.213617324829102,45900
1992-12-29,10.213619961458095,10.560497620526483,10.175077999339385,10.483413696289062,92300
1992-12-30,10.560493933758613,10.560493933758613,10.444868087768555,10.444868087768555,80000
1992-12-31,10.483409727886047,10.521951675415039,10.40632583282806,10.521951675415039,19900
1993-01-04,10.329243820704772,10.406327729814508,10.09799209337556,10.290701866149902,70500
1993-01-05,10.24259279039171,10.47537899017334,10.1649973904645,10.47537899017334,75100
1993-01-06,10.397779771897676,10.47537514332975,10.320184400465605,10.35898208618164,108300
1993-01-07,10.164999475440826,10.164999475440826,9.621831564539407,9.660629272460938,295800
1993-01-08,9.62182933822451,9.854615531891232,9.62182933822451,9.815817832946777,224500
1993-01-11,9.815821026998853,9.854618738568018,9.777023315429688,9.777023315429688,131100
1993-01-12,9.777016371488571,9.932207107543945,9.777016371488571,9.932207107543945,37900
1993-01-13,10.00980504106455,10.087400428979777,9.893411959191704,9.971007347106934,52600
1993-01-14,10.009802475571632,10.08739784359932,9.893409423530102,9.932207107543945,119000
1993-01-15,9.854611739516258,10.08739784359932,9.777016371488571,9.932207107543945,92500
1993-01-18,9.932214071584303,10.009809494018555,9.932214071584303,10.009809494018555,32500
1993-01-19,10.00980504106455,10.00980504106455,9.93220965314932,9.971007347106934,31400
1993-01-20,9.971007347106934,10.087400428979777,9.971007347106934,9.971007347106934,33400
1993-01-21,10.00980536265723,10.087400753065426,9.971007667453133,10.048603057861328,111300
1993-01-22,10.242592498546339,10.242592498546339,10.087401703113818,10.164997100830078,81800
1993-01-25,10.242590262409399,10.242590262409399,10.08739950085774,10.203792572021484,118900
1993-01-26,10.087401703113818,10.203794799688207,10.048604004255688,10.164997100830078,44600
1993-01-27,10.16500033888706,10.16500033888706,9.971011782801428,10.009809494018555,35600
1993-01-28,9.854612043792127,9.932207414215686,9.854612043792127,9.893409729003906,38500
1993-01-29,9.932210599459134,10.087401390075684,9.893412901804997,10.087401390075684,33700
1993-02-01,10.164996465047201,10.242591857910156,10.126198768615723,10.126198768615723,117800
1993-02-02,10.126198768615723,10.164996465047201,10.009805679321289,10.126198768615723,38700
1993-02-03,10.048604004255688,10.358985595120728,10.048604004255688,10.164997100830078,102200
1993-02-04,10.16499457214818,10.242589950561523,10.126196882941507,10.242589950561523,133700
1993-02-05,10.320187896262597,10.320187896262597,10.126199401971947,10.164997100830078,32200
1993-02-08,10.126198448269523,10.164996143473621,9.932209972249035,10.048603057861328,57700
1993-02-09,10.048603692421546,10.087401390075684,10.048603692421546,10.087401390075684,104700
1993-02-10,10.087398155062806,10.126195840274587,9.893409729003906,9.893409729003906,198200
1993-02-11,9.932207107543945,9.971004791557789,9.893409423530102,9.932207107543945,35600
1993-02-12,9.932207107543945,9.971004791557789,9.854611739516258,9.932207107543945,39700
1993-02-16,9.893416450137183,9.93221416170635,9.738225603860522,9.777023315429688,43400
1993-02-17,9.854611939531031,9.854611939531031,9.544230461120605,9.544230461120605,45900
1993-02-18,9.621828395828063,9.699423786116999,9.389042224961253,9.583030700683594,28900
1993-02-19,9.58302943552694,9.621827125549316,9.544231745504565,9.621827125549316,24300
1993-02-22,9.621830789666427,9.621830789666427,8.72948357933446,8.845876693725586,156100
1993-02-23,8.768283086402393,8.768283086402393,8.147519682055322,8.30271053314209,165000
1993-02-24,8.38030423616108,8.884674398522629,8.38030423616108,8.845876693725586,92800
1993-02-25,8.845870374596638,9.001061082922895,8.807072697515073,8.923465728759766,148500
1993-02-26,8.923471734878865,9.117460250854492,8.923471734878865,9.117460250854492,32100
1993-03-01,9.233851750691732,9.233851750691732,9.07866096496582,9.07866096496582,108700
1993-03-02,9.078662547659368,9.117460250854492,9.001067141269116,9.117460250854492,132400
1993-03-03,9.195054054260254,9.27264944712321,9.156256357828777,9.195054054260254,24800
1993-03-04,9.272650718688965,9.272650718688965,9.117459911681618,9.272650718688965,49600
1993-03-05,9.272649127896093,9.311446822991892,9.195053737704493,9.233851432800293,69200
1993-03-08,9.156253124105518,9.156253124105518,8.923467027729956,9.001062393188477,101600
1993-03-09,9.078660652417096,9.272649127896093,9.039862957321295,9.233851432800293,96200
1993-03-10,9.233851750691732,9.311447143554688,9.233851750691732,9.311447143554688,67800
1993-03-11,9.311447143554688,9.311447143554688,9.195054054260254,9.311447143554688,72700
1993-03-12,9.350246122192637,9.350246122192637,9.195055315185291,9.272650718688965,25300
1993-03-15,9.27264944712321,9.311447143554688,9.156256357828777,9.195054054260254,64400
1993-03-16,9.156257645766622,9.156257645766622,9.001066838211257,9.039864540100098,71800
1993-03-17,9.001067182382643,9.001067182382643,8.884674072265625,8.884674072265625,76500
1993-03-18,8.807080015405878,8.807080015405878,8.49669834085413,8.613091468811035,77700
1993-03-19,8.380301475524902,8.45789685955754,8.380301475524902,8.380301475524902,756300
1993-03-22,8.380302429199219,8.53549321492513,8.380302429199219,8.496695518493652,138300
1993-03-23,8.4966958292893,8.729482016393117,8.4966958292893,8.69068431854248,96600
1993-03-24,8.690686887448972,8.76828230608691,8.574293759492067,8.613091468811035,159400
1993-03-25,8.651885986328125,8.651885986328125,8.496695206304302,8.651885986328125,47100
1993-03-26,8.690685576042243,8.768280982971191,8.651887872577769,8.768280982971191,106700
1993-03-29,8.729482012173152,8.807077407836914,8.690684314341272,8.807077407836914,181300
1993-03-30,8.807078665520947,8.923471775637964,8.768280962148609,8.884674072265625,136800
1993-03-31,9.001065572102865,9.233851750691732,8.962267875671387,9.195054054260254,153800
1993-04-01,9.156256675720215,9.272649769055642,9.078661280163264,9.156256675720215,169800
1993-04-02,8.768278154833563,8.768278154833563,7.681942808217016,7.875931262969971,502900
1993-04-05,8.023086669398289,8.062223677541695,7.827401628681257,7.983949661254883,354600
1993-04-06,7.983949661254883,7.983949661254883,7.749127612394445,7.983949661254883,449800
1993-04-07,7.944812413558219,8.062223434448242,7.944812413558219,8.062223434448242,156200
1993-04-08,8.062224284768691,8.062224284768691,7.944813251495361,7.944813251495361,102600
1993-04-12,7.944812653111477,7.983949661254883,7.8665386368246635,7.983949661254883,137400
1993-04-13,7.983953180447431,8.336186408996582,7.983953180447431,8.336186408996582,133800
1993-04-14,8.375326497839131,8.610148736096303,8.375326497839131,8.531874656677246,142400
1993-04-15,8.492733420290019,8.64928150177002,8.45359639992002,8.64928150177002,28600
1993-04-16,8.571006136281149,8.80582822220666,8.571006136281149,8.766691207885742,83200
1993-04-19,8.688415288925171,8.688415288925171,8.453593254089355,8.453593254089355,112000
1993-04-20,8.453597345084788,8.49273436983055,8.375323295593262,8.375323295593262,74900
1993-04-21,8.297049246101736,8.375323295593262,8.257912221355973,8.375323295593262,58300
1993-04-22,8.297049246101736,8.414460320339025,8.297049246101736,8.375323295593262,51400
1993-04-23,8.414460320339025,8.414460320339025,8.297049246101736,8.375323295593262,34900
1993-04-26,8.336186270847499,8.414460320339025,8.336186270847499,8.375323295593262,28600
1993-04-27,8.336186270847499,8.414460320339025,8.336186270847499,8.375323295593262,46100
1993-04-28,8.453596248183139,8.453596248183139,8.375322208848111,8.414459228515625,27500
1993-04-29,8.336182236671448,8.492730259895325,8.336182236671448,8.453593254089355,35100
1993-04-30,8.492733267850655,8.531870287518169,8.414459228515625,8.414459228515625,36300
1993-05-03,8.336185189180597,8.453596248183139,8.336185189180597,8.414459228515625,77300
1993-05-04,8.375323434390932,8.414460459785282,8.297049383602232,8.336186408996582,156300
1993-05-05,8.375319971357072,8.49273099899292,8.218771934509277,8.218771934509277,123700
1993-05-06,8.257912358207882,8.375323434390932,8.257912358207882,8.336186408996582,35900
1993-05-07,8.414460320339025,8.49273436983055,8.375323295593262,8.375323295593262,97700
1993-05-10,8.414456833443142,8.571004867553711,8.375319824915499,8.571004867553711,87400
1993-05-11,8.571005113663212,8.571005113663212,8.414457075057491,8.492731094360352,103700
1993-05-12,8.49273436983055,8.49273436983055,8.257912221355973,8.375323295593262,112700
1993-05-13,8.297049383602232,8.375323434390932,8.297049383602232,8.336186408996582,72600
1993-05-14,8.375323295593262,8.414460320339025,8.297049246101736,8.375323295593262,26600
1993-05-17,8.297049383602232,8.375323434390932,8.257912358207882,8.336186408996582,67400
1993-05-18,8.336182838367625,8.453593864260126,8.179634803844289,8.257908821105957,103900
1993-05-19,8.29704761505127,8.336184632103398,8.218773580947012,8.29704761505127,36700
1993-05-20,8.375323295593262,8.375323295593262,8.297049246101736,8.375323295593262,54000
1993-05-21,8.453593254089355,8.453593254089355,8.375319242477417,8.453593254089355,35600
1993-05-24,8.41446353754866,8.531874656677246,8.375326497839131,8.531874656677246,23100
1993-05-25,8.610142335763426,8.727553367614746,8.57100532514632,8.727553367614746,33300
1993-05-26,8.727554193564822,8.80582822220666,8.688417179243904,8.766691207885742,39300
1993-05-27,8.844964399466065,8.923238420700278,8.727553367614746,8.727553367614746,25300
1993-05-28,8.766691465635558,8.766691465635558,8.610143403749209,8.688417434692383,23800
1993-06-01,8.688417179243904,8.766691207885742,8.688417179243904,8.766691207885742,36800
1993-06-02,8.76669256288002,8.844966603620021,8.64928150177002,8.64928150177002,18600
1993-06-03,8.610142707824707,8.649279720133002,8.531868683208119,8.610142707824707,84200
1993-06-04,8.649285775805833,8.649285775805833,8.531874656677246,8.531874656677246,48200
1993-06-07,8.610148736096303,8.610148736096303,8.492737616967718,8.531874656677246,53400
1993-06-08,8.610144326853199,8.610144326853199,8.414459228515625,8.414459228515625,79700
1993-06-09,8.414460459785282,8.453597485179632,8.336186408996582,8.336186408996582,80900
1993-06-10,8.297051062950722,8.297051062950722,8.1405029296875,8.1405029296875,23100
1993-06-11,8.218775332813532,8.375323434390932,8.179638307419182,8.336186408996582,33600
1993-06-14,8.257912358207882,8.414460459785282,8.257912358207882,8.336186408996582,24400
1993-06-15,8.336188096266525,8.336188096266525,8.1405029296875,8.1405029296875,33200
1993-06-16,8.21877699631911,8.21877699631911,8.101365896371695,8.1405029296875,25700
1993-06-17,8.101360562952554,8.101360562952554,8.023086547851562,8.023086547851562,84000
1993-06-18,8.062223677541695,8.062223677541695,7.983949661254883,7.983949661254883,56500
1993-06-21,7.983950262586471,8.023087273677582,7.905676240404251,7.944813251495361,44100
1993-06-22,7.944810501419672,7.944810501419672,7.827399508787854,7.905673503875732,123300
1993-06-23,7.944813400808007,7.983950412634647,7.709991329848164,7.749128341674805,210000
1993-06-24,7.827403197935478,7.827403197935478,7.749129165956123,7.788266181945801,71000
1993-06-25,7.827401040169188,7.866538045370034,7.592579008964112,7.70999002456665,154200
1993-06-28,7.709988705965938,7.709988705965938,7.553440711936172,7.670851707458496,108600
1993-06-29,7.6708533788464734,7.6708533788464734,7.55344235774168,7.592579364776611,69800
1993-06-30,7.631716014164958,7.749127029767496,7.592579008964112,7.70999002456665,76300
1993-07-01,7.788266181945801,7.866540213925156,7.709992149966446,7.788266181945801,74500
1993-07-02,7.788264155387879,7.905675172805787,7.709990143775941,7.827401161193848,73200
1993-07-06,7.817926382655419,7.857410859335498,7.738957429295263,7.778441905975342,46200
1993-07-07,7.778441905975342,7.896895336015575,7.738957429295263,7.778441905975342,51700
1993-07-08,7.817924431392124,7.817924431392124,7.738955497741699,7.738955497741699,44200
1993-07-09,7.778439964566912,7.778439964566912,7.699471030916486,7.738955497741699,89800
1993-07-12,7.738956901354667,7.7784413753411705,7.699472427368163,7.699472427368164,67900
1993-07-13,7.699471030916486,7.778439964566912,7.699471030916486,7.738955497741699,122500
1993-07-14,7.6994752256493815,7.6994752256493815,7.5020527839660645,7.5020527839660645,138400
1993-07-15,7.5020551681518555,7.5020551681518555,7.462570667266846,7.462570667266846,147400
1993-07-16,7.423083703596514,7.462568191381601,7.186176776885986,7.186176776885986,258500
1993-07-19,7.186176776885986,7.186176776885986,6.870300874605284,7.186176776885986,601000
1993-07-20,7.186178196801079,7.186178196801079,7.067724710040622,7.107209205627441,108700
1993-07-21,7.107204095177029,7.265141963958741,7.107204095177029,7.26514196395874,154600
1993-07-22,7.186173562080629,7.38359591268724,7.186173562080629,7.344111442565918,16600
1993-07-23,7.344111442565918,7.423080382808562,7.344111442565918,7.344111442565918,30400
1993-07-26,7.304630756378174,7.344115246953192,7.22566177522814,7.304630756378174,55900
1993-07-27,7.225658416748047,7.304627361193381,7.225658416748047,7.225658416748047,101600
1993-07-28,7.22566177522814,7.304630756378174,7.22566177522814,7.304630756378174,21900
1993-07-29,7.225657496763313,7.304626431154169,7.225657496763313,7.26514196395874,68000
1993-07-30,7.265141963958741,7.304626431154169,7.265141963958741,7.26514196395874,85900
1993-08-02,7.304626431154169,7.304626431154169,7.265141963958741,7.26514196395874,166500
1993-08-03,7.344115246953192,7.344115246953192,7.265146265803157,7.304630756378174,29200
1993-08-04,7.344111833416048,7.383596305638715,7.146689472302714,7.225658416748047,103800
1993-08-05,7.186178196801079,7.225662692387898,7.1072092056274405,7.107209205627441,50000
1993-08-06,7.225661264671074,7.225661264671074,7.107207801315811,7.186176776885986,35300
1993-08-09,7.225661264671074,7.225661264671074,7.107207801315811,7.186176776885986,88800
1993-08-10,7.186173029567885,7.383595365545024,7.186173029567885,7.26514196395874,111500
1993-08-11,7.304627971446261,7.5415348245742475,7.304627971446261,7.423081398010254,66600
1993-08-12,7.423083807292737,7.581021760639391,7.265145853946083,7.5020527839660645,100400
1993-08-13,7.5415358543396,7.659989297077918,7.5415358543396,7.5415358543396,11000
1993-08-16,7.502048767131308,7.502048767131308,7.265141963958741,7.26514196395874,131900
1993-08-17,7.344115246953192,7.344115246953192,7.265146265803157,7.304630756378174,127900
1993-08-18,7.383595365545024,7.383595365545024,7.265141963958741,7.26514196395874,160300
1993-08-19,7.344111833416048,7.344111833416048,7.225658416748047,7.225658416748047,110900
1993-08-20,7.225657496763313,7.265141963958741,7.225657496763313,7.26514196395874,163500
1993-08-23,7.344111833416048,7.344111833416048,7.225658416748047,7.225658416748047,43500
1993-08-24,7.225659020403598,7.423081398010254,7.225659020403598,7.423081398010254,40000
1993-08-25,7.423084228103225,7.423084228103225,7.265146265803157,7.304630756378174,79500
1993-08-26,7.265146265803157,7.344115246953192,7.265146265803157,7.304630756378174,15800
1993-08-27,7.265141963958741,7.344110898349596,7.265141963958741,7.26514196395874,6400
1993-08-30,7.344110898349596,7.344110898349596,7.265141963958741,7.26514196395874,23000
1993-08-31,7.304626431154169,7.344110898349596,7.225657496763313,7.26514196395874,114300
1993-09-01,7.265141963958741,7.304626431154169,7.186173029567885,7.26514196395874,142900
1993-09-02,7.265142502323274,7.4625648529298845,7.265142502323274,7.344111442565918,71400
1993-09-03,7.344115246953192,7.423084228103225,7.304630756378174,7.304630756378174,39500
1993-09-07,7.265146265803157,7.50205320925326,7.265146265803157,7.304630756378174,46500
1993-09-08,7.304627361193381,7.304627361193381,7.225658416748047,7.225658416748047,98700
1993-09-09,7.225658062307592,7.423080413736761,7.225658062307592,7.383595943450928,42200
1993-09-10,7.344111442565918,7.423080382808562,7.344111442565918,7.344111442565918,15500
1993-09-13,7.423081398010254,7.462565873531585,7.344112446967592,7.423081398010254,51300
1993-09-14,7.383595365545024,7.383595365545024,7.265141963958741,7.26514196395874,95800
1993-09-15,7.265142502323274,7.344111442565918,7.265142502323274,7.344111442565918,46600
1993-09-16,7.304626431154169,7.344110898349596,7.265141963958741,7.26514196395874,15400
1993-09-17,7.225659020403598,7.462565873531585,7.225659020403598,7.423081398010254,51300
1993-09-20,7.383596922488923,7.502050349052917,7.383596922488923,7.423081398010254,54900
1993-09-21,7.4625648529298845,7.4625648529298845,7.265142502323274,7.344111442565918,77600
1993-09-22,7.265142502323274,7.344111442565918,7.265142502323274,7.344111442565918,81800
1993-09-23,7.304626972444596,7.38359591268724,7.265142502323274,7.344111442565918,44500
1993-09-24,7.423079832740452,7.423079832740452,7.265141963958741,7.26514196395874,33200
1993-09-27,7.344110898349596,7.344110898349596,7.265141963958741,7.26514196395874,18700
1993-09-28,7.265143261275478,7.30462773552154,7.067720890045166,7.067720890045166,71100
1993-09-29,7.028237342834473,7.067721822288599,6.988752863380346,7.028237342834473,57300
1993-09-30,7.107205364291228,7.186174312783353,7.028236415799103,7.067720890045166,30300
1993-10-01,7.107202572058577,7.186171489525895,7.0677181133249185,7.146687030792236,20500
1993-10-04,7.146689091959307,7.38359591268724,7.146689091959307,7.344111442565918,44500
1993-10-05,7.414269005998651,7.533853989966372,7.414269005998651,7.493992328643799,36000
1993-10-06,7.454130667321225,7.493992328643798,7.454130667321225,7.493992328643799,121800
1993-10-07,7.454129294345253,7.573714256286621,7.454129294345253,7.573714256286621,30100
1993-10-08,7.493992328643798,7.533853989966372,7.493992328643798,7.493992328643799,40000
1993-10-11,7.5338526023061645,7.613575910267077,7.5338526023061645,7.573714256286621,50100
1993-10-12,7.613576009101474,7.733160972595215,7.613576009101474,7.733160972595215,63100
1993-10-13,7.653442382812499,7.852750778198241,7.653442382812499,7.852750778198242,69500
1993-10-14,7.892612934112549,7.9324746155979655,7.733166208170881,7.892612934112549,42500
1993-10-15,7.852751252627131,7.9324746155979655,7.812889571141715,7.892612934112549,78800
1993-10-18,7.892609136188449,7.932470798492431,7.812885811580485,7.932470798492432,93800
1993-10-19,7.892611513137817,8.012196536064147,7.892611513137817,7.972334861755371,163000
1993-10-20,7.972331140555587,8.1317777633667,7.972331140555587,8.1317777633667,109400
1993-10-21,8.131775888582556,8.211499181607875,8.131775888582556,8.171637535095215,188700
1993-10-22,8.131777692196975,8.171639347550881,8.012192726135254,8.012192726135254,91800
1993-10-25,8.012194123100395,8.052055785404377,7.932470798492431,7.932470798492432,130500
1993-10-26,7.9324746155979655,7.9324746155979655,7.892612934112549,7.892612934112549,161300
1993-10-27,7.932473187446594,8.012196536064147,7.892611513137817,7.972334861755371,122800
1993-10-28,7.972334871197691,8.052058219909668,7.972334871197691,8.052058219909668,58600
1993-10-29,8.01219654555368,8.091919894265656,8.01219654555368,8.052058219909668,87300
1993-11-01,8.05205438148916,8.091916036843068,8.012192726135254,8.012192726135254,99400
1993-11-02,8.012196550228325,8.091919898986816,8.012196550228325,8.091919898986816,16500
1993-11-03,8.091916153731855,8.211501121520996,8.091916153731855,8.211501121520996,34700
1993-11-04,8.211500377071147,8.211500377071147,7.8128838539123535,7.8128838539123535,38000
1993-11-05,7.733165740966796,7.89261245727539,7.653442382812499,7.852750778198242,37400
1993-11-08,7.852749848129726,8.131781568621644,7.812888173773737,8.052058219909668,80300
1993-11-09,8.1317777633667,8.211501074772254,8.1317777633667,8.1317777633667,77300
1993-11-10,8.13177780966157,8.211501121520996,8.13177780966157,8.211501121520996,22100
1993-11-11,8.211499181607875,8.211499181607875,8.131775888582556,8.171637535095215,16700
1993-11-12,8.211499181607875,8.211499181607875,8.131775888582556,8.171637535095215,71200
1993-11-15,8.211501144556609,8.291224456639682,8.171639488515071,8.251362800598145,45500
1993-11-16,8.291224433380423,8.291224433380423,8.13177780966157,8.211501121520996,40200
1993-11-17,8.251360828120534,8.251360828120534,8.171637535095215,8.171637535095215,46200
1993-11-18,8.171639419069477,8.171639419069477,8.052054451961142,8.1317777633667,37300
1993-11-19,8.131781568621644,8.131781568621644,8.052058219909668,8.052058219909668,25200
1993-11-22,8.091919898986816,8.131781573366062,8.05205822460757,8.091919898986816,22800
1993-11-23,8.091916107663922,8.171639419069477,8.091916107663922,8.1317777633667,15000
1993-11-24,8.131777832473533,8.251362800598145,8.131777832473533,8.251362800598145,23100
1993-11-26,8.291222474633194,8.291222474633194,8.171637535095215,8.171637535095215,7300
1993-11-29,8.211504922124552,8.211504922124552,8.091919898986816,8.091919898986816,12600
1993-11-30,8.131775888582556,8.171637535095215,8.091914242069896,8.171637535095215,32700
1993-12-01,8.251362800598145,8.251362800598145,8.171639488515071,8.251362800598145,44600
1993-12-02,8.171639621537615,8.490532875061035,8.131777964847188,8.490532875061035,64700
1993-12-03,8.570257290456091,8.809427261352539,8.570257290456091,8.809427261352539,120100
1993-12-06,8.809427261352539,8.809427261352539,8.769565599536465,8.809427261352539,60400
1993-12-07,8.769563568962946,8.769563568962946,8.450670348273384,8.610116958618164,156200
1993-12-08,8.57025618844189,8.57025618844189,8.370947904989753,8.490532875061035,99100
1993-12-09,8.530397378830683,8.530397378830683,8.291227358863466,8.370950698852539,31200
1993-12-10,8.37095164335691,8.37095164335691,8.211504945388207,8.291228294372559,65900
1993-12-13,8.291224456639682,8.291224456639682,8.211501144556609,8.251362800598145,58700
1993-12-14,8.291228294372559,8.37095164335691,8.251366619880383,8.291228294372559,21100
1993-12-15,8.291228294372559,8.331089968864735,8.211504945388207,8.291228294372559,25300
1993-12-16,8.331086089310137,8.331086089310137,8.211501121520996,8.211501121520996,28700
1993-12-17,8.21150495881718,8.410813331604004,8.21150495881718,8.410813331604004,36100
1993-12-20,8.251362800598145,8.331086112681218,8.211501144556609,8.251362800598145,22500
1993-12-21,8.251362800598145,8.291224456639682,8.211501144556609,8.251362800598145,123000
1993-12-22,8.251362800598145,8.251362800598145,8.211501144556609,8.251362800598145,97300
1993-12-23,8.251365679873233,8.33108901977539,8.211504009922155,8.33108901977539,34700
1993-12-27,8.291228294372559,8.331089968864735,8.291228294372559,8.291228294372559,6600
1993-12-28,8.291224456639682,8.331086112681218,8.251362800598145,8.251362800598145,13400
1993-12-29,8.251366619880383,8.331089968864735,8.211504945388207,8.291228294372559,23500
1993-12-30,8.211504945388207,8.331089968864735,8.211504945388207,8.291228294372559,20600
1993-12-31,8.211499181607875,8.251360828120534,8.171637535095215,8.171637535095215,43900
1994-01-03,8.171639465591282,8.291224433380423,8.171639465591282,8.211501121520996,35200
1994-01-04,8.12781100179635,8.288757754307168,8.12781100179635,8.208284378051758,43300
1994-01-05,8.248517036437988,8.288753704908418,8.248517036437988,8.248517036437988,209200
1994-01-06,8.248517036437988,8.248517036437988,8.208280367967559,8.248517036437988,123900
1994-01-07,8.208280367967559,8.288753704908418,8.208280367967559,8.248517036437988,14300
1994-01-10,8.208280367967559,8.369227041849275,8.208280367967559,8.248517036437988,28500
1994-01-11,8.328995484572191,8.409468870896559,8.328995484572191,8.369232177734375,29500
1994-01-12,8.409470558166504,8.44970725940175,8.369233856931258,8.409470558166504,29800
1994-01-13,8.409470558166504,8.44970725940175,8.369233856931258,8.409470558166504,100900
1994-01-14,8.369232177734375,8.409468870896559,8.369232177734375,8.369232177734375,34500
1994-01-17,8.369232177734375,8.409468870896559,8.369232177734375,8.369232177734375,22700
1994-01-18,8.369232177734375,8.369232177734375,8.328995484572191,8.369232177734375,143200
1994-01-19,8.409463315770246,8.409463315770246,8.288753316022348,8.32898998260498,68600
1994-01-20,8.32898998260498,8.32898998260498,8.288753316022348,8.32898998260498,17300
1994-01-21,8.288757754307168,8.288757754307168,8.208284378051758,8.208284378051758,38700
1994-01-24,8.248517036437988,8.288753704908418,8.208280367967559,8.248517036437988,440600
1994-01-25,8.208284378051758,8.248521066179462,8.168047689924054,8.208284378051758,790700
1994-01-26,8.208280367967559,8.248517036437988,8.16804369949713,8.248517036437988,33800
1994-01-27,8.168047689924054,8.208284378051758,8.12781100179635,8.208284378051758,32900
1994-01-28,8.20828384928184,8.20828384928184,8.12781047821045,8.12781047821045,15700
1994-01-31,8.208285552527517,8.288758940297393,8.12781216475764,8.168048858642578,55000
1994-02-01,8.168046415148684,8.168046415148684,8.087573051452637,8.087573051452637,33500
1994-02-02,8.168047163746143,8.168047163746143,8.12781047821045,8.12781047821045,12200
1994-02-03,8.168046415148684,8.168046415148684,8.087573051452637,8.087573051452637,15800
1994-02-04,7.081655979156495,7.162129342556001,6.920709252357484,7.081655979156494,572700
1994-02-07,7.081652081878492,7.323072039215258,7.041415422322364,7.202362060546875,95600
1994-02-08,7.202366777732547,7.202366777732547,7.121893405914307,7.121893405914307,278300
1994-02-09,7.2023660242557535,7.2023660242557535,7.041419297456742,7.081655979156494,80500
1994-02-10,7.041415107043492,7.081651764798027,6.960941791534424,6.960941791534424,115200
1994-02-11,7.001178449288958,7.081651764798027,6.880468476025356,6.960941791534424,86900
1994-02-14,6.920709821912977,6.9609465069241,6.8804731369018555,6.8804731369018555,85100
1994-02-15,6.880473917928236,7.001183986663818,6.880473917928236,7.001183986663818,84500
1994-02-16,6.920705133779889,7.041415107043492,6.880468476025356,6.960941791534424,83800
1994-02-17,7.0414201464763915,7.0414201464763915,6.8804734002712165,6.92071008682251,206800
1994-02-18,6.920710253292287,6.960946940811429,6.759763503215722,6.800000190734863,341600
1994-02-22,6.880472390791949,6.880472390791949,6.799999029496137,6.840235710144043,57300
1994-02-23,6.920709071439855,6.920709071439855,6.759762348848231,6.840235710144043,63400
1994-02-24,6.759762015885221,6.8402353732171886,6.679288658553254,6.719525337219238,49500
1994-02-25,6.719526616682917,6.7999999893378025,6.478106498718262,6.478106498718262,99300
1994-02-28,6.437866993439504,6.437866993439504,5.9550269689315405,6.276920318603516,169000
1994-03-01,6.317162528727789,6.3976359367370605,6.317162528727789,6.3976359367370605,192300
1994-03-02,6.397632971117574,6.397632971117574,6.2366862297058105,6.2366862297058105,35000
1994-03-03,6.317159765645077,6.317159765645077,6.115976333618164,6.115976333618164,347100
1994-03-04,6.196451382921232,6.276924777504624,6.075741291046143,6.075741291046143,99500
1994-03-07,6.156209192458232,6.317155838012695,6.115972531069616,6.317155838012695,324000
1994-03-08,6.397629160789927,6.397629160789927,6.276919176624079,6.317155838012695,173000
1994-03-09,6.437872640741696,6.478109344746332,6.3976359367370605,6.3976359367370605,422100
1994-03-10,6.357393656021509,6.357393656021509,6.276920318603516,6.276920318603516,47300
1994-03-11,6.276922647055093,6.276922647055093,5.955029177975344,6.196449279785156,1527700
1994-03-14,6.19644970642893,6.276923079239695,6.115976333618164,6.115976333618164,104300
1994-03-15,6.1562130200235465,6.19644970642893,6.075739647212782,6.115976333618164,47500
1994-03-16,6.115976173646988,6.2366862297058105,6.115976173646988,6.2366862297058105,36400
1994-03-17,6.276919176624079,6.357392499401311,6.276919176624079,6.317155838012695,128900
1994-03-18,6.518346048750967,6.518346048750967,6.317162528727789,6.3976359367370605,95800
1994-03-21,6.437872640741696,6.518346048750967,6.3573992327324245,6.3976359367370605,93600
1994-03-22,6.357392499401311,6.397629160789927,6.317155838012695,6.317155838012695,91500
1994-03-23,6.317159915272194,6.437869977347459,6.317159915272194,6.357396602630615,100000
1994-03-24,6.357396602630615,6.357396602630615,6.317159915272194,6.357396602630615,47900
1994-03-25,6.317159915272194,6.357396602630615,6.276923227913772,6.357396602630615,27900
1994-03-28,6.317159915272194,6.357396602630615,6.276923227913772,6.357396602630615,67000
1994-03-29,6.317156987312512,6.357393656021509,6.196446981185522,6.276920318603516,46600
1994-03-30,6.317160036049637,6.317160036049637,6.156213283538818,6.156213283538818,51500
1994-03-31,6.236682891845703,6.236682891845703,5.955026245117187,6.035499572753906,53900
1994-04-04,5.955030918121338,5.955030918121338,5.794084136550491,5.955030918121338,27700
1994-04-05,6.033300702325229,6.033300702325229,5.911004066467285,5.911004066467285,51700
1994-04-06,5.951769611753266,5.951769611753266,5.870238521181304,5.911004066467285,28400
1994-04-07,5.99253642480105,6.1555986404418945,5.911005316980628,6.1555986404418945,27600
1994-04-08,6.155595318583034,6.155595318583034,6.033298722849596,6.074064254760742,11000
1994-04-11,6.155594110488892,6.155594110488892,5.951766490936279,5.951766490936279,88400
1994-04-12,5.951766490936279,5.992532014846802,5.870235443115234,5.951766490936279,62600
1994-04-13,5.951768908235762,5.951768908235762,5.870237827301025,5.870237827301025,66300
1994-04-14,5.911002427759305,5.911002427759305,5.788705825805664,5.788705825805664,26800
1994-04-15,5.870235683201076,5.870235683201076,5.788704632045506,5.829470157623291,32200
1994-04-18,5.911004066467285,5.911004066467285,5.829472975895322,5.911004066467285,31200
1994-04-19,5.829471359790211,5.870236893774758,5.788705825805664,5.788705825805664,539900
1994-04-20,5.870235683201076,5.870235683201076,5.788704632045506,5.829470157623291,37900
1994-04-21,5.9110012087788615,5.9110012087788615,5.829470157623291,5.829470157623291,46100
1994-04-22,5.788705825805664,5.870236893774758,5.788705825805664,5.788705825805664,17500
1994-04-25,5.870238521181304,5.911004066467285,5.829472975895322,5.911004066467285,10300
1994-04-26,5.8702366108797035,5.992533206939697,5.8702366108797035,5.992533206939697,31900
1994-04-28,5.911004066467285,5.951769611753266,5.870238521181304,5.911004066467285,53700
1994-04-29,5.911002142899702,6.0332987389596955,5.911002142899702,5.992533206939697,80600
1994-05-02,5.911000967025757,5.992532014846802,5.911000967025757,5.951766490936279,69300
1994-05-03,5.951766490936279,5.992532014846802,5.951766490936279,5.951766490936279,39400
1994-05-04,5.951766490936279,5.992532014846802,5.951766490936279,5.951766490936279,12400
1994-05-05,5.951765098571777,6.155592670440673,5.951765098571777,6.1148271560668945,74900
1994-05-06,6.074061641693115,6.1148271560668945,6.074061641693115,6.1148271560668945,170000
1994-05-09,6.074064254760742,6.155595318583034,5.951767659027304,6.074064254760742,77000
1994-05-10,6.0332961273193355,6.196358184814453,6.0332961273193355,6.1148271560668945,90800
1994-05-11,6.074061641693115,6.1148271560668945,6.074061641693115,6.1148271560668945,31400
1994-05-12,6.114833086531684,6.1555986404418945,6.114833086531684,6.1555986404418945,154800
1994-05-13,6.155596448229504,6.27789306640625,6.1148309088372566,6.27789306640625,55600
1994-05-16,6.196360850494179,6.237126382405325,6.074064254760742,6.074064254760742,81400
1994-05-17,6.114831486263791,6.155597029505549,6.033300399780273,6.033300399780273,83100
1994-05-18,5.992534856538515,6.033300399780273,5.9110037700549976,6.033300399780273,31700
1994-05-19,6.074064270979693,6.074064270979693,5.992533206939697,5.992533206939697,12300
1994-05-20,6.033300702325229,6.033300702325229,5.911004066467285,5.911004066467285,10200
1994-05-23,5.9110037700549976,6.033300399780273,5.788707140329722,6.033300399780273,37300
1994-05-24,5.951768908235762,5.951768908235762,5.849855057067341,5.870237827301025,46700
1994-05-25,5.9110012087788615,5.9110012087788615,5.707173580889935,5.829470157623291,39400
1994-05-26,5.788707430609341,5.911004066467285,5.788707430609341,5.911004066467285,6800
1994-05-27,5.870238521181304,5.911004066467285,5.870238521181304,5.911004066467285,15600
1994-05-31,5.829471359790211,5.911002427759305,5.788705825805664,5.788705825805664,32400
1994-06-01,5.829470157623291,5.870235683201076,5.788704632045506,5.829470157623291,22000
1994-06-02,5.829469919204712,5.951766490936279,5.829469919204712,5.951766490936279,23400
1994-06-03,5.870235443115234,5.951766490936279,5.870235443115234,5.951766490936279,14400
1994-06-06,5.911000967025757,6.033297538757324,5.911000967025757,5.951766490936279,15200
1994-06-07,5.992533206939697,6.0332987389596955,5.992533206939697,5.992533206939697,20600
1994-06-08,5.9110033677683935,5.9110033677683935,5.788706746366289,5.870237827301025,100900
1994-06-09,5.951766490936279,5.992532014846802,5.829469919204712,5.951766490936279,64600
1994-06-10,5.992532014846802,5.992532014846802,5.911000967025757,5.951766490936279,18500
1994-06-13,5.911004066467285,5.951769611753266,5.911004066467285,5.911004066467285,10200
1994-06-14,5.911002127116158,6.155595318583034,5.911002127116158,6.074064254760742,45700
1994-06-15,6.074065152336569,6.237127304077148,6.074065152336569,6.237127304077148,43900
1994-06-16,6.196361766142004,6.237127304077148,6.196361766142004,6.237127304077148,91200
1994-06-17,6.27789116533179,6.27789116533179,6.196360111236572,6.196360111236572,27300
1994-06-20,6.1555986404418945,6.196364194352106,6.1555986404418945,6.1555986404418945,40900
1994-06-21,6.1555986404418945,6.196364194352106,6.114833086531684,6.1555986404418945,45000
1994-06-22,6.196360111236572,6.237125638284182,6.155594584188964,6.196360111236572,39200
1994-06-23,6.196361766142004,6.359423917882583,6.196361766142004,6.237127304077148,23000
1994-06-24,6.237129748262317,6.237129748262317,6.1555986404418945,6.1555986404418945,41600
1994-06-27,6.1555986404418945,6.196364194352106,6.114833086531684,6.1555986404418945,11700
1994-06-28,6.074065369445008,6.27789306640625,6.074065369445008,6.27789306640625,50700
1994-06-29,6.237127527014001,6.400189684582995,6.155596448229504,6.27789306640625,27600
1994-06-30,6.237124690642724,6.359421253204346,6.155593648934976,6.359421253204346,43900
1994-07-01,6.3594222194270085,6.3594222194270085,6.196360111236572,6.196360111236572,33900
1994-07-05,6.275629704793294,6.275629704793294,6.15176859219869,6.193055629730225,51700
1994-07-06,6.193057800594129,6.275631904602051,6.193057800594129,6.275631904602051,14400
1994-07-07,6.275632635339514,6.358206748962402,6.275632635339514,6.358206748962402,17300
1994-07-08,6.275632635339514,6.482067919396735,6.275632635339514,6.358206748962402,32900
1994-07-11,6.316918640751993,6.3994927406311035,6.275631590812438,6.3994927406311035,43600
1994-07-12,6.358206861159381,6.358206861159381,6.234345688539393,6.316919803619385,27100
1994-07-13,6.275631904602051,6.358206008609973,6.275631904602051,6.275631904602051,62600
1994-07-14,6.316919508576393,6.605928897857666,6.275632452964783,6.605928897857666,15500
1994-07-15,6.523352617135077,7.018797119702298,6.523352617135077,6.729787826538086,30300
1994-07-18,6.688498497009277,6.688498497009277,6.647211469249961,6.688498497009277,6400
1994-07-19,6.688503009080887,6.688503009080887,6.564641842246056,6.605928897857666,15500
1994-07-20,6.605928897857666,6.605928897857666,6.564641842246056,6.605928897857666,11500
1994-07-21,6.605929736024844,6.647216796875,6.605929736024844,6.647216796875,13300
1994-07-22,6.5646400277207535,6.771075248718262,6.5646400277207535,6.771075248718262,38000
1994-07-25,6.729785524768594,6.729785524768594,6.647211469249961,6.688498497009277,16000
1994-07-26,6.688501160319258,6.771075248718262,6.688501160319258,6.771075248718262,14600
1994-07-27,6.729785524768594,6.729785524768594,6.688498497009277,6.688498497009277,21300
1994-07-28,6.605928897857666,6.688503009080887,6.605928897857666,6.605928897857666,43500
1994-07-29,6.6472137427768825,6.771074868418688,6.6472137427768825,6.729787826538086,52200
1994-08-01,6.688503857725156,6.72979091857531,6.605929736024844,6.647216796875,9200
1994-08-02,6.647216796875,6.647216796875,6.647216796875,6.647216796875,12900
1994-08-03,6.605928897857666,6.688503009080887,6.564641842246056,6.605928897857666,21600
1994-08-04,6.647211469249961,6.688498497009277,6.564637413731328,6.688498497009277,9500
1994-08-05,6.688503872264516,6.8123650550842285,6.605929750384707,6.8123650550842285,3800
1994-08-08,6.77107552447951,6.894936662122428,6.6885014327175645,6.853649616241455,73500
1994-08-09,6.812363777841841,6.936224937438965,6.812363777841841,6.936224937438965,29400
1994-08-10,6.936224937438965,7.018799043837048,6.894937884239924,6.936224937438965,38300
1994-08-11,6.936225556490714,7.060086727142334,6.936225556490714,7.060086727142334,74900
1994-08-12,7.142663228171212,7.2252373695373535,7.060089086805071,7.2252373695373535,45700
1994-08-15,7.183948749719664,7.183948749719664,7.0600875643796694,7.101374626159668,38300
1994-08-16,7.060085987903663,7.060085987903663,6.977511882781983,6.977511882781982,10200
1994-08-17,6.936223708003401,6.936223708003401,6.853649616241455,6.853649616241455,17900
1994-08-18,6.894936662122428,6.936223708003401,6.812362570360483,6.853649616241455,25400
1994-08-19,6.812363884406175,6.936225045940833,6.812363884406175,6.894937992095947,8600
1994-08-22,6.936223708003401,6.936223708003401,6.853649616241455,6.853649616241455,11100
1994-08-23,6.894937992095947,6.894937992095947,6.77107683056129,6.894937992095947,25800
1994-08-24,6.894936662122428,6.894936662122428,6.77107552447951,6.853649616241455,30100
1994-08-25,6.771076724642799,6.936224937438965,6.771076724642799,6.936224937438965,23600
1994-08-26,6.936223708003401,6.936223708003401,6.853649616241455,6.853649616241455,10600
1994-08-29,6.853649616241455,6.894936662122428,6.853649616241455,6.853649616241455,22700
1994-08-30,6.894936662122428,6.936223708003401,6.812362570360483,6.853649616241455,19200
1994-08-31,6.894939317259678,7.101374626159668,6.8536522554796795,7.101374626159668,18100
1994-09-01,7.142660315165263,7.142660315165263,6.894937992095947,6.894937992095947,12800
1994-09-02,6.936223035941095,6.936223035941095,6.729787826538086,6.729787826538086,36100
1994-09-06,6.729790064692497,6.729790064692497,6.605928897857666,6.605928897857666,19800
1994-09-07,6.605924441490644,6.729785524768594,6.605924441490644,6.688498497009277,17200
1994-09-08,6.729790064692497,6.729790064692497,6.605928897857666,6.605928897857666,15500
1994-09-09,6.523354786634445,6.605928897857666,6.275632452964783,6.605928897857666,23800
1994-09-12,6.60592734095562,6.853649616241455,6.60592734095562,6.853649616241455,64300
1994-09-13,6.812362292917763,6.812362292917763,6.729788204518759,6.771075248718262,16000
1994-09-14,6.729787826538086,6.771074868418688,6.729787826538086,6.729787826538086,2700
1994-09-15,6.6885026182447165,6.936224937438965,6.6885026182447165,6.936224937438965,71900
1994-09-16,6.936224830221143,7.018798935342823,6.853650725099462,6.977511882781982,199800
1994-09-19,6.977511882781983,7.018798935342823,6.936224830221143,6.977511882781982,34900
1994-09-20,6.9775122883676115,7.183947563171387,6.9775122883676115,7.183947563171387,34400
1994-09-21,7.142661230130629,7.307809466665441,7.142661230130629,7.266522407531738,47200
1994-09-22,7.266516914580788,7.4523085402376825,7.266516914580788,7.390377998352051,41800
1994-09-23,7.472955203825428,7.844538611750449,7.431668158500425,7.6793904304504395,66900
1994-09-26,7.679394587172263,7.9271169932100785,7.679394587172263,7.885829925537109,39300
1994-09-27,7.927112382711823,8.050973513691696,7.927112382711823,8.009686470031738,39100
1994-09-28,8.009685897827149,8.133547019958497,8.009685897827149,8.050972938537598,13500
1994-09-29,7.968403690993184,8.17483901977539,7.84454249372386,8.17483901977539,80400
1994-09-30,8.1335483619145,8.1335483619145,8.050974266869682,8.09226131439209,59300
1994-10-03,8.009691128556016,8.009691128556016,7.844542857864139,7.885829925537109,70800
1994-10-04,7.9241994973067404,7.9241994973067404,7.590548992156983,7.590548992156982,25600
1994-10-05,7.590545300514468,7.757370471954346,7.507132714794529,7.757370471954346,22100
1994-10-06,7.67395797223676,7.67395797223676,7.465426505599892,7.548839092254639,34300
1994-10-07,7.548839092254639,7.632251678909387,7.548839092254639,7.548839092254639,36500
1994-10-10,7.548839092254639,7.548839092254639,7.548839092254639,7.548839092254639,2300
1994-10-11,7.590545385582013,7.590545385582013,7.548839092254639,7.548839092254639,48700
1994-10-12,7.590542415000873,7.590542415000873,7.465423583984375,7.465423583984375,29800
1994-10-13,7.548839092254639,7.548839092254639,7.465426505599892,7.548839092254639,12900
1994-10-14,7.548839092254639,7.548839092254639,7.507132798927265,7.548839092254639,8400
1994-10-17,7.507129860989874,7.507129860989874,7.423717306978875,7.465423583984375,74100
1994-10-18,7.256897482005033,7.382016404108567,7.256897482005033,7.340310096740723,21400
1994-10-19,7.382015013962649,7.507133912504388,7.382015013962649,7.4237213134765625,39000
1994-10-20,7.340312238420759,7.340312238420759,7.256899599347795,7.298605918884277,31000
1994-10-21,7.2151915888453635,7.256897898607476,7.13177896932114,7.173485279083252,16800
1994-10-24,7.2151915888453635,7.2986042083695875,7.173485279083252,7.173485279083252,25400
1994-10-25,7.090072659559028,7.256897898607476,7.006660040034804,7.173485279083252,16200
1994-10-26,7.131777502508725,7.131777502508725,7.00665859895594,7.090071201324463,58900
1994-10-27,7.090071201324463,7.090071201324463,7.00665859895594,7.090071201324463,58400
1994-10-28,7.048365945165807,7.340310096740723,7.048365945165807,7.340310096740723,28300
1994-10-31,7.29860246181488,7.507133960723877,7.29860246181488,7.507133960723877,73700
1994-11-01,7.507129860989874,7.548836137995373,7.465423583984375,7.465423583984375,64100
1994-11-02,7.465423583984375,7.507129860989874,7.465423583984375,7.465423583984375,58200
1994-11-03,7.465429018844257,7.5071353262121026,7.340310096740723,7.340310096740723,32900
1994-11-04,7.340308453403624,7.382014751434326,7.340308453403624,7.382014751434326,18000
1994-11-07,7.382016404108567,7.382016404108567,7.340310096740723,7.340310096740723,28200
1994-11-08,7.423717306978875,7.465423583984375,7.340304752967877,7.465423583984375,11300
1994-11-09,7.38201855795724,7.38201855795724,7.298605918884277,7.298605918884277,74700
1994-11-10,7.2986042083695875,7.2986042083695875,7.173485279083252,7.173485279083252,43100
1994-11-11,7.173480315015496,7.215186595916748,7.131774034114243,7.215186595916748,46200
1994-11-14,7.215189815906996,7.465427612990475,7.215189815906996,7.4237213134765625,53600
1994-11-15,7.423720212272518,7.548839092254639,7.423720212272518,7.548839092254639,30900
1994-11-16,7.548842679013263,7.590548992156983,7.548842679013263,7.590548992156982,39100
1994-11-17,7.590547342769436,7.673959950931737,7.590547342769436,7.632253646850586,36700
1994-11-18,7.590548992156983,7.632255305300703,7.590548992156983,7.590548992156982,21600
1994-11-21,7.590547342769436,7.632253646850586,7.590547342769436,7.632253646850586,37900
1994-11-22,7.590542415000873,7.632248692006372,7.465423583984375,7.465423583984375,56000
1994-11-23,7.423724877493722,7.423724877493722,7.298605918884277,7.298605918884277,3400
1994-11-25,7.3403095815373565,7.3403095815373565,7.25689697265625,7.25689697265625,900
1994-11-28,7.25689697265625,7.298603277096803,7.1734843637751435,7.25689697265625,30600
1994-11-29,7.2151915888453635,7.2151915888453635,7.090072659559028,7.173485279083252,70100
1994-11-30,7.173485279083252,7.256897898607476,7.13177896932114,7.173485279083252,54000
1994-12-01,7.090072659559028,7.2151915888453635,7.090072659559028,7.173485279083252,19700
1994-12-02,7.173483261280815,7.382014751434326,7.173483261280815,7.382014751434326,70700
1994-12-05,7.340312238420759,7.340312238420759,7.298605918884277,7.298605918884277,21400
1994-12-06,7.298605918884277,7.298605918884277,7.173486960274833,7.298605918884277,49400
1994-12-07,7.2568958573422195,7.382014751434326,7.2568958573422195,7.382014751434326,35200
1994-12-08,7.340309008430032,7.361162159022163,7.090071201324463,7.090071201324463,35000
1994-12-09,7.090071201324463,7.131777502508725,7.090071201324463,7.090071201324463,24700
1994-12-12,7.090069644422416,7.13177593644843,6.881538184292345,6.923244476318359,35900
1994-12-13,6.839834467569987,6.881540775299072,6.798128159840902,6.881540775299072,114100
1994-12-14,6.881537364304432,6.881537364304432,6.79812479019165,6.79812479019165,44800
1994-12-15,6.839832305908203,6.839832305908203,6.798126011359982,6.839832305908203,47400
1994-12-16,6.839829350695198,6.839829350695198,6.7147105211093105,6.7564167976379395,60200
1994-12-19,6.75641850313526,6.79812479019165,6.75641850313526,6.79812479019165,37300
1994-12-20,6.79812479019165,6.79812479019165,6.75641850313526,6.79812479019165,9600
1994-12-21,6.798128095472822,6.798128095472822,6.631302866136066,6.714715480804443,78900
1994-12-22,6.71471474468708,6.71471474468708,6.631302139163017,6.673008441925049,70600
1994-12-23,6.6313066482543945,6.673012979375491,6.6313066482543945,6.6313066482543945,8100
1994-12-27,6.589600317133297,6.714719310496588,6.589600317133297,6.6313066482543945,74100
1994-12-28,6.714715480804443,6.714715480804443,6.673009173470255,6.714715480804443,54300
1994-12-29,6.71471474468708,6.71471474468708,6.631302139163017,6.673008441925049,48300
1994-12-30,6.6313066482543945,6.673012979375491,6.6313066482543945,6.6313066482543945,19100
1995-01-03,6.63130190372467,6.758014678955078,6.546826720237732,6.758014678955078,60900
1995-01-04,6.758014844811481,6.800252437591553,6.715777252031409,6.800252437591553,65900
1995-01-05,6.800253550211588,6.9692039489746085,6.800253550211588,6.969203948974609,36500
1995-01-06,7.011439996607164,7.180390357971192,7.011439996607164,7.180390357971191,42200
1995-01-09,7.180390690648278,7.26486587524414,7.180390690648278,7.264865875244141,42000
1995-01-10,7.307102605968178,7.518290542556854,7.053677082061768,7.053677082061768,119900
1995-01-11,6.969201213743057,6.969201213743057,6.80025088128868,6.884726047515869,45800
1995-01-12,6.842489108806703,7.0114394571723,6.842489108806703,6.926964282989502,14100
1995-01-13,6.926964621946036,7.053677389420658,6.926964621946036,7.011439800262451,12000
1995-01-16,6.969203012330191,7.138153388386681,6.969203012330191,7.095915794372559,48000
1995-01-17,6.92696103931945,6.969198606632374,6.8424859046936035,6.8424859046936035,222800
1995-01-18,6.842485901656424,6.842485901656424,6.631298065185547,6.631298065185547,218700
1995-01-19,6.6735397662991796,6.6735397662991796,6.420114205553641,6.4623517990112305,34900
1995-01-20,6.4623517990112305,6.4623517990112305,6.377876612096051,6.4623517990112305,141100
1995-01-23,6.420111900720841,6.589062213897705,6.420111900720841,6.589062213897705,26600
1995-01-24,6.758017721055429,6.800255331812026,6.63130488878564,6.673542499542236,78500
1995-01-25,6.673539130918441,6.673539130918441,6.546826362609863,6.546826362609863,25200
1995-01-26,6.631301541482248,6.715776720354634,6.546826362609863,6.546826362609863,9900
1995-01-27,6.50458877317367,6.589063952046056,6.462351183737478,6.546826362609863,23200
1995-01-30,6.546826362609863,6.589063952046056,6.50458877317367,6.546826362609863,98600
1995-01-31,6.546829667272447,6.673542499542236,6.546829667272447,6.673542499542236,50500
1995-02-01,6.8002522706985475,6.842489862442016,6.673539495468139,6.758014678955078,107900
1995-02-02,6.758014844811481,6.842490030371625,6.715777252031409,6.800252437591553,12100
1995-02-03,6.7580188295376376,6.842494064906858,6.673543594168417,6.715781211853027,26900
1995-02-06,6.715777252031409,7.011440401491912,6.715777252031409,6.800252437591553,66000
1995-02-07,6.842489862442016,6.842489862442016,6.715777087211609,6.758014678955078,60200
1995-02-08,6.8002522706985475,6.8002522706985475,6.758014678955078,6.758014678955078,155900
1995-02-09,6.715781211853027,6.7580188295376376,6.715781211853027,6.715781211853027,4700
1995-02-10,6.7580188295376376,6.7580188295376376,6.673543594168417,6.715781211853027,27300
1995-02-13,6.715780110298833,6.715780110298833,6.673542499542236,6.673542499542236,29900
1995-02-14,6.673543594168417,6.715781211853027,6.673543594168417,6.715781211853027,22200
1995-02-15,6.715781211853027,6.715781211853027,6.631305976483807,6.715781211853027,16900
1995-02-16,6.715781211853027,6.715781211853027,6.673543594168417,6.715781211853027,23300
1995-02-17,6.631298065185547,6.673535632479722,6.631298065185547,6.631298065185547,11900
1995-02-21,6.715780110298833,6.715780110298833,6.63130488878564,6.673542499542236,67700
1995-02-22,6.63130488878564,6.673542499542236,6.589067278029043,6.673542499542236,8500
1995-02-23,6.63130488878564,6.758017721055429,6.63130488878564,6.673542499542236,17300
1995-02-24,6.631298065185547,6.715773199773897,6.631298065185547,6.631298065185547,50400
1995-02-27,6.63130488878564,6.715780110298833,6.63130488878564,6.673542499542236,114400
1995-02-28,6.673543594168417,6.7580188295376376,6.673543594168417,6.715781211853027,19600
1995-03-01,6.673542499542236,6.715780110298833,6.6524236941639385,6.673542499542236,13800
1995-03-02,6.63130488878564,6.673542499542236,6.63130488878564,6.673542499542236,41500
1995-03-03,6.673537370486137,6.673537370486137,6.589062213897705,6.589062213897705,48600
1995-03-06,6.589060497891372,6.631298065185547,6.589060497891372,6.631298065185547,17300
1995-03-07,6.589062213897705,6.673537370486137,6.589062213897705,6.589062213897705,69800
1995-03-08,6.589060497891372,6.631298065185547,6.589060497891372,6.631298065185547,100000
1995-03-09,6.631299792191921,6.631299792191921,6.589062213897705,6.589062213897705,63900
1995-03-10,6.589062213897705,6.631299792191921,6.589062213897705,6.589062213897705,16600
1995-03-13,6.589062213897705,6.673537370486137,6.589062213897705,6.589062213897705,8600
1995-03-14,6.673537370486137,6.673537370486137,6.589062213897705,6.589062213897705,11700
1995-03-15,6.589062213897705,6.631299792191921,6.589062213897705,6.589062213897705,6500
1995-03-16,6.673535632479722,6.715773199773897,6.631298065185547,6.631298065185547,8400
1995-03-17,6.673542499542236,6.715780110298833,6.63130488878564,6.673542499542236,68700
1995-03-20,6.673539659251338,6.842490030371625,6.673539659251338,6.800252437591553,17300
1995-03-21,6.800255331812026,6.842492942568622,6.673542499542236,6.673542499542236,27500
1995-03-22,6.758010767068073,6.758010767068073,6.631298065185547,6.631298065185547,27000
1995-03-23,6.63130190372467,6.758014678955078,6.63130190372467,6.758014678955078,34000
1995-03-24,6.758017721055429,6.779136526433727,6.673542499542236,6.673542499542236,12100
1995-03-27,6.673542499542236,6.715780110298833,6.63130488878564,6.673542499542236,54800
1995-03-28,6.63130488878564,6.758017721055429,6.63130488878564,6.673542499542236,69100
1995-03-29,6.758010770067757,6.884723472006527,6.758010770067757,6.8424859046936035,10400
1995-03-30,6.842490230287824,7.138153388386681,6.842490230287824,7.095915794372559,25900
1995-03-31,7.053677082061768,7.0959146693795025,7.053677082061768,7.053677082061768,226500
1995-04-03,7.053677420644365,7.180390188679892,7.053677420644365,7.138152599334717,24700
1995-04-04,7.138151168823242,7.138151168823242,7.095407748650648,7.138151168823242,47900
1995-04-05,7.138152851944877,7.180896282196044,7.138152851944877,7.180896282196045,66300
1995-04-06,7.180897007327108,7.266383876461954,7.180897007327108,7.223640441894531,15100
1995-04-07,7.266383876461954,7.266383876461954,7.223640441894531,7.223640441894531,43100
1995-04-10,7.180896781472599,7.266383647918701,7.180896781472599,7.266383647918701,21500
1995-04-11,7.309126853942871,7.351870285837274,7.266383422048468,7.309126853942871,38600
1995-04-12,7.309129473774933,7.351872920989991,7.309129473774933,7.35187292098999,38700
1995-04-13,7.351872920989991,7.394616368205049,7.351872920989991,7.35187292098999,6500
1995-04-17,7.351872920989991,7.394616368205049,7.309129473774933,7.35187292098999,12600
1995-04-18,7.351872920989991,7.394616368205049,7.351872920989991,7.35187292098999,13400
1995-04-19,7.309126853942871,7.309126853942871,7.309126853942871,7.309126853942871,42900
1995-04-20,7.35187502179827,7.480105400085449,7.35187502179827,7.480105400085449,49700
1995-04-21,7.437361940656389,7.480105400085449,7.437361940656389,7.480105400085449,2400
1995-04-24,7.4373584007948965,7.60833215713501,7.394614961709869,7.60833215713501,26900
1995-04-25,7.565585187027574,7.693815444434821,7.522841767891825,7.651072025299072,21400
1995-04-26,7.565584770223712,7.736558437347412,7.522841353442787,7.736558437347412,8200
1995-04-27,7.651071603785562,7.779301854128336,7.608328187004637,7.736558437347412,41500
1995-04-28,7.693818358124279,7.822048664093018,7.608331487478454,7.822048664093018,27300
1995-05-01,7.779301854128336,7.779301854128336,7.693815020566487,7.736558437347412,20500
1995-05-02,7.693815020566487,7.779301854128336,7.651071603785562,7.736558437347412,49700
1995-05-03,7.651071916455808,7.864789009094238,7.651071916455808,7.864789009094238,65400
1995-05-04,7.8647947416200745,7.8647947416200745,7.779307842254639,7.779307842254639,7100
1995-05-05,7.693819035305066,7.736562474390094,7.60833215713501,7.60833215713501,48200
1995-05-08,7.565588052155541,7.822048664093018,7.565588052155541,7.822048664093018,40400
1995-05-09,7.822045270909261,7.822045270909261,7.736558437347412,7.736558437347412,52800
1995-05-10,7.693820942889203,7.779307842254639,7.651077493206485,7.779307842254639,18000
1995-05-11,7.822045590566552,7.864789009094238,7.779302172038866,7.864789009094238,28200
1995-05-12,7.8647886876901865,7.8647886876901865,7.736558437347412,7.736558437347412,55800
1995-05-15,7.822047766517191,7.993021488189697,7.822047766517191,7.993021488189697,40700
1995-05-16,7.950279505465042,8.206740134673593,7.907536067263618,8.163996696472168,36800
1995-05-17,8.206736996299343,8.206736996299343,8.078506730732165,8.12125015258789,16800
1995-05-18,8.078507607983004,8.078507607983004,7.907533901993946,7.950277328491211,9000
1995-05-19,7.993019264677296,7.993019264677296,7.822045590566552,7.864789009094238,6800
1995-05-22,7.822045590566552,7.95027584614961,7.822045590566552,7.864789009094238,29400
1995-05-23,7.864791196935317,7.993021488189697,7.822047766517191,7.993021488189697,12600
1995-05-24,7.950277328491211,8.078507607983004,7.950277328491211,7.950277328491211,7000
1995-05-25,7.950276465164988,8.12125015258789,7.907533043309262,8.12125015258789,11300
1995-05-26,8.12125015258789,8.163993574443616,8.12125015258789,8.12125015258789,14300
1995-05-30,8.163995209862204,8.163995209862204,7.907534627353444,7.993021488189697,18500
1995-05-31,7.950277328491211,7.950277328491211,7.864790475496681,7.950277328491211,21100
1995-06-01,7.907534627353444,8.035764918607823,7.907534627353444,7.993021488189697,12800
1995-06-02,7.950279722822473,8.078510040932514,7.950279722822473,8.0357666015625,13200
1995-06-05,7.993021488189697,8.035764918607823,7.907534627353444,7.993021488189697,37200
1995-06-06,8.03576418148574,8.03576418148574,7.907533901993946,7.950277328491211,14600
1995-06-07,7.950278057771571,8.035764918607823,7.907534627353444,7.993021488189697,6200
1995-06-08,7.950275632497426,7.950275632497426,7.907532215118408,7.907532215118408,3500
1995-06-09,7.907532215118408,7.993019049876445,7.822045380360371,7.907532215118408,15700
1995-06-12,7.864792844082447,8.0357666015625,7.864792844082447,8.0357666015625,8300
1995-06-13,7.950281024943143,7.993024471313805,7.864794132201819,7.9289093017578125,18800
1995-06-14,7.993019264677296,7.993019264677296,7.864789009094238,7.864789009094238,13200
1995-06-15,7.907533901993946,7.950277328491211,7.864790475496681,7.950277328491211,14100
1995-06-16,7.950275632497426,7.950275632497426,7.864788797739389,7.907532215118408,36400
1995-06-19,7.822051291937356,7.822051291937356,7.736564392571921,7.779307842254639,48200
1995-06-20,7.7365585456023345,7.950275632497426,7.7365585456023345,7.907532215118408,35400
1995-06-21,7.907532215118408,7.993019049876445,7.864788797739389,7.907532215118408,57200
1995-06-22,7.907532215118408,7.950275632497426,7.864788797739389,7.907532215118408,26100
1995-06-23,7.95027584614961,7.95027584614961,7.864789009094238,7.864789009094238,10000
1995-06-26,7.779305913475122,7.864792791645178,7.522845278964954,7.60833215713501,52200
1995-06-27,7.480102303353223,7.7365629537539045,7.437358861619775,7.52284574508667,78300
1995-06-28,7.480100859170673,7.522844292651648,7.394613992208722,7.437357425689697,56400
1995-06-29,7.351870514364804,7.437357380810906,7.266383647918701,7.266383647918701,18800
1995-06-30,7.266383142698379,7.3518700032007125,7.180896282196044,7.180896282196045,35700
1995-07-03,7.223637219798358,7.39461088180542,7.223637219798358,7.39461088180542,4800
1995-07-05,7.351871978152881,7.608332628553564,7.351871978152881,7.52284574508667,45200
1995-07-06,7.695786142349243,7.78225564956665,7.695786142349243,7.78225564956665,98900
1995-07-07,7.739017009735107,7.739017009735107,7.695782277837146,7.739017009735107,13900
1995-07-10,7.69578504562378,7.739019793071105,7.69578504562378,7.695785045623779,136000
1995-07-11,7.69578504562378,7.739019793071105,7.60931555072913,7.695785045623779,52100
1995-07-12,7.739017284833468,7.86872148513794,7.739017284833468,7.8687214851379395,81400
1995-07-13,7.868723790289947,7.868723790289947,7.825489044189453,7.825489044189453,63100
1995-07-14,7.782252018268292,7.86872148513794,7.739017284833468,7.8687214851379395,74500
1995-07-17,7.782254540518429,7.782254540518429,7.69578504562378,7.695785045623779,52400
1995-07-18,7.69578504562378,7.69578504562378,7.652550298176455,7.695785045623779,258700
1995-07-19,7.652551174163818,7.695785926560225,7.652551174163818,7.652551174163818,161000
1995-07-20,7.695785926560225,7.695785926560225,7.609316421767413,7.652551174163818,4900
1995-07-21,7.60931396484375,7.652548703280362,7.566079226407138,7.60931396484375,101600
1995-07-24,7.566079226407138,7.652548703280362,7.566079226407138,7.60931396484375,40500
1995-07-25,7.522843267187217,7.522843267187217,7.3931390729253685,7.479608535766602,9900
1995-07-26,7.436374095448277,7.436374095448277,7.349904629222134,7.393139362335205,47500
1995-07-27,7.349906762440999,7.52284574508667,7.349906762440999,7.52284574508667,19800
1995-07-28,7.52284356167442,7.52284356167442,7.349904629222134,7.393139362335205,47400
1995-07-31,7.436375617980956,7.436375617980956,7.393140876015951,7.436375617980957,47500
1995-08-01,7.393139362335205,7.436374095448277,7.393139362335205,7.393139362335205,9000
1995-08-02,7.436374095448277,7.479608828561348,7.393139362335205,7.393139362335205,56300
1995-08-03,7.393140876015951,7.436375617980956,7.393140876015951,7.436375617980957,10900
1995-08-04,7.393140229056863,7.393140229056863,7.349905490875244,7.349905490875244,17500
1995-08-07,7.349905534224076,7.695783441716975,7.349905534224076,7.60931396484375,113700
1995-08-08,7.60931396484375,7.652548703280362,7.60931396484375,7.60931396484375,153200
1995-08-09,7.609316421767413,7.652551174163818,7.609316421767413,7.652551174163818,36600
1995-08-10,7.609316421767413,7.695785926560225,7.609316421767413,7.652551174163818,153000
1995-08-11,7.69578504562378,7.69578504562378,7.60931555072913,7.695785045623779,153700
1995-08-14,7.695782277837146,7.739017009735107,7.652547545939184,7.739017009735107,109000
1995-08-15,7.69578504562378,7.739019793071105,7.652550298176455,7.695785045623779,90100
1995-08-16,7.739019793071105,7.739019793071105,7.69578504562378,7.695785045623779,33500
1995-08-17,7.69578480588797,7.825489044189453,7.69578480588797,7.825489044189453,43900
1995-08-18,7.86872148513794,7.911956218572763,7.782252018268292,7.8687214851379395,56300
1995-08-21,7.911956218572763,7.955190952007587,7.86872148513794,7.8687214851379395,4200
1995-08-22,7.825490143781152,7.911959648132324,7.825490143781152,7.911959648132324,18300
1995-08-23,7.825489044189453,7.911958536390442,7.782254298088959,7.825489044189453,28100
1995-08-24,7.782252018268292,7.86872148513794,7.782252018268292,7.8687214851379395,26400
1995-08-25,7.868723790289947,7.911958536390442,7.825489044189453,7.825489044189453,14600
1995-08-28,7.739020639429978,7.911959648132324,7.739020639429978,7.911959648132324,17300
1995-08-29,7.868724936145847,7.868724936145847,7.609316421767413,7.652551174163818,74800
1995-08-30,7.566079226407138,7.60931396484375,7.436375011097301,7.60931396484375,123400
1995-08-31,7.609316635131836,7.78225564956665,7.609316635131836,7.78225564956665,9700
1995-09-01,7.739019793071105,7.739019793071105,7.69578504562378,7.695785045623779,7100
1995-09-05,7.739019551988465,7.911958536390442,7.739019551988465,7.825489044189453,66800
1995-09-06,7.868723790289947,7.911958536390442,7.825489044189453,7.825489044189453,23400
1995-09-07,7.825490143781152,7.911959648132324,7.825490143781152,7.911959648132324,24500
1995-09-08,7.868724895956738,7.955194400307911,7.868724895956738,7.911959648132324,89300
1995-09-11,7.86872148513794,7.911956218572763,7.782252018268292,7.8687214851379395,10000
1995-09-12,7.825489044189453,7.911958536390442,7.825489044189453,7.825489044189453,32300
1995-09-13,7.868723790289947,7.911958536390442,7.825489044189453,7.825489044189453,58000
1995-09-14,7.825490403175354,7.868725156784057,7.78225564956665,7.78225564956665,10200
1995-09-15,7.825490403175354,7.825490403175354,7.695786142349243,7.78225564956665,35200
1995-09-18,7.739020895957947,7.78225564956665,7.652551388740539,7.78225564956665,19300
1995-09-19,7.739019551988465,7.911958536390442,7.739019551988465,7.825489044189453,45600
1995-09-20,7.78225564956665,7.825490403175354,7.739020895957947,7.78225564956665,16800
1995-09-21,7.739017009735107,7.782251741633068,7.652547545939184,7.739017009735107,20500
1995-09-22,7.739017009735107,7.782251741633068,7.695782277837146,7.739017009735107,16000
1995-09-25,7.69578504562378,7.739019793071105,7.69578504562378,7.695785045623779,2600
1995-09-26,7.652551174163818,7.652551174163818,7.609316421767413,7.652551174163818,170400
1995-09-27,7.609316421767413,7.652551174163818,7.609316421767413,7.652551174163818,6700
1995-09-28,7.652550298176455,7.782254540518429,7.60931555072913,7.695785045623779,24500
1995-09-29,7.652551388740539,7.78225564956665,7.652551388740539,7.78225564956665,39700
1995-10-02,7.782251741633068,7.82548647353103,7.739017009735107,7.739017009735107,25900
1995-10-03,7.652548703280362,7.695783441716975,7.566079226407138,7.60931396484375,50300
1995-10-04,7.652550298176455,7.69578504562378,7.566080803281806,7.695785045623779,28000
1995-10-05,7.783236183903433,7.783236183903433,7.695784091949462,7.695784091949463,19800
1995-10-06,7.652059297883108,7.870689563536911,7.652059297883108,7.783237457275391,29400
1995-10-09,7.783236183903433,7.826962229880419,7.695784091949462,7.695784091949463,14700
1995-10-10,7.739506244659424,7.78323226864055,7.65205419669717,7.739506244659424,12100
1995-10-11,7.695783391345146,7.870687559330263,7.695783391345146,7.826961517333984,20500
1995-10-12,7.870689563536911,7.870689563536911,7.739511404144629,7.783237457275391,24400
1995-10-13,7.739506244659424,7.78323226864055,7.65205419669717,7.739506244659424,14600
1995-10-16,7.739506244659424,7.78323226864055,7.739506244659424,7.739506244659424,10500
1995-10-17,7.739510137926448,7.739510137926448,7.695784091949462,7.695784091949463,6300
1995-10-18,7.652058045972477,7.695784091949462,7.652058045972477,7.695784091949463,4000
1995-10-19,7.65205628570469,7.65205628570469,7.564604213868065,7.608330249786377,4900
1995-10-20,7.652058045972477,7.695784091949462,7.6083319999954915,7.695784091949463,22000
1995-10-23,7.695782876428152,7.695782876428152,7.564604759216309,7.564604759216309,8200
1995-10-24,7.608330798286923,7.608330798286923,7.520878720145694,7.564604759216309,54900
1995-10-25,7.564604759216309,7.564604759216309,7.520878720145694,7.564604759216309,46100
1995-10-26,7.5646056192261835,7.5646056192261835,7.083619134766716,7.345975399017334,66500
1995-10-27,7.258521362169254,7.389699459075928,7.214795329867029,7.389699459075928,13100
1995-10-30,7.433427487100874,7.433427487100874,7.302249354975564,7.345975399017334,4100
1995-10-31,7.345975399017335,7.477153531142644,7.345975399017335,7.345975399017334,11300
1995-11-01,7.389701443059105,7.608331663267953,7.2585233109337945,7.345975399017334,37000
1995-11-02,7.389700602933851,7.652056837357538,7.389700602933851,7.564604759216309,36200
1995-11-03,7.564604213868065,7.608330249786377,7.564604213868065,7.608330249786377,6700
1995-11-06,7.520878177949752,7.608330249786377,7.520878177949752,7.608330249786377,11300
1995-11-07,7.6083319999954915,7.739510137926448,7.6083319999954915,7.695784091949463,25000
1995-11-08,7.695784091949462,7.695784091949462,7.6083319999954915,7.695784091949463,9900
1995-11-09,7.695780220678297,7.739506244659424,7.695780220678297,7.739506244659424,13800
1995-11-10,7.78323226864055,7.78323226864055,7.695780220678297,7.739506244659424,15800
1995-11-13,7.78323226864055,7.78323226864055,7.739506244659424,7.739506244659424,9800
1995-11-14,7.739510137926448,7.783236183903433,7.695784091949462,7.695784091949463,26100
1995-11-15,7.739506244659424,7.739506244659424,7.695780220678297,7.739506244659424,11900
1995-11-16,7.6957853510138685,7.78323745727539,7.6957853510138685,7.783237457275391,96900
1995-11-17,7.78323745727539,7.82696351040615,7.78323745727539,7.783237457275391,6300
1995-11-20,7.826961517333984,7.870687559330263,7.783235475337705,7.826961517333984,27800
1995-11-21,7.826959359841269,8.001863479614258,7.826959359841269,8.001863479614258,49300
1995-11-22,8.045590201801158,8.17676830291748,8.045590201801158,8.17676830291748,63400
1995-11-24,8.13304615020752,8.13304615020752,8.13304615020752,8.13304615020752,300
1995-11-27,8.0893162355066,8.17676830291748,8.0893162355066,8.17676830291748,13000
1995-11-28,8.133045279013144,8.176771328900312,8.089319229125977,8.089319229125977,11300
1995-11-29,8.089320095636511,8.13304615020752,8.089320095636511,8.13304615020752,7100
1995-11-30,8.089316041846024,8.30794620513916,8.089316041846024,8.30794620513916,33000
1995-12-01,8.307944409390712,8.307944409390712,8.176766339768754,8.220492362976074,28300
1995-12-04,8.264220237731934,8.307946270735806,8.22049420472806,8.264220237731934,14600
1995-12-05,8.26422577004158,8.351677894592285,8.26422577004158,8.351677894592285,18500
1995-12-06,8.351672237797787,8.395398270456415,8.30794620513916,8.30794620513916,40700
1995-12-07,8.307945132255554,8.395397186279297,8.307945132255554,8.395397186279297,39600
1995-12-08,8.395396178250486,8.439122200012207,8.395396178250486,8.439122200012207,10800
1995-12-11,8.43913001914299,8.482856081418342,8.307951832316933,8.351677894592285,29900
1995-12-12,8.307946270735806,8.35167230373968,8.264220237731934,8.264220237731934,80700
1995-12-13,8.264219105243683,8.395397186279297,8.264219105243683,8.395397186279297,12200
1995-12-14,8.307951832316933,8.395403956867638,8.26422577004158,8.351677894592285,43400
1995-12-15,8.264219856262207,8.526576042175293,8.264219856262207,8.526576042175293,61800
1995-12-18,8.48285033577367,8.48285033577367,8.264220172480533,8.30794620513916,8900
1995-12-19,8.307945132255554,8.395397186279297,8.220493078231812,8.395397186279297,16100
1995-12-20,8.395396895820115,8.61402702331543,8.395396895820115,8.61402702331543,25000
1995-12-21,8.526575267314911,8.614027321338654,8.395397186279297,8.395397186279297,36100
1995-12-22,8.351671159267426,8.48284924030304,8.307945132255554,8.395397186279297,23500
1995-12-26,8.30794620513916,8.30794620513916,8.220494139821906,8.30794620513916,25000
1995-12-27,8.395400689572703,8.570304870605469,8.351674644314512,8.570304870605469,17400
1995-12-28,8.526578825347277,8.570304870605469,8.439126734830895,8.570304870605469,15400
1995-12-29,8.526576042175293,8.570302073160807,8.439123980204265,8.526576042175293,55900
1996-01-02,8.482850074768066,8.526576106081304,8.439124043454829,8.482850074768066,19800
1996-01-03,8.482848221773928,8.482848221773928,8.351670156488764,8.439122200012207,21400
1996-01-04,8.485087601179929,8.617667094948365,8.352508107411492,8.573473930358887,21100
1996-01-05,8.485088306468922,8.485088306468922,8.043156623840332,8.043156623840332,412400
1996-01-08,7.954768509161277,8.087347984313965,7.954768509161277,8.087347984313965,7900
1996-01-09,8.087346314095162,8.175732612609863,8.087346314095162,8.175732612609863,50700
1996-01-10,8.131539463352512,8.264118911124564,8.131539463352512,8.175732612609863,24400
1996-01-11,8.175733679084368,8.264119989128522,8.175733679084368,8.219926834106445,7400
1996-01-12,8.175735777996955,8.35250844346716,8.131542611629405,8.30831527709961,9600
1996-01-15,8.264122110732059,8.35250844346716,8.264122110732059,8.30831527709961,13400
1996-01-16,8.308313888052236,8.308313888052236,8.13154125213623,8.13154125213623,18000
1996-01-17,8.131539463352512,8.175732612609863,8.087346314095162,8.175732612609863,24200
1996-01-18,8.131539463352512,8.175732612609863,8.087346314095162,8.175732612609863,7400
1996-01-19,8.043154126372785,8.043154126372785,7.866381508210745,7.998960971832275,41000
1996-01-22,7.954770287314614,8.043156623840332,7.954770287314614,8.043156623840332,10400
1996-01-23,8.131542269388834,8.131542269388834,7.954769611358643,7.954769611358643,21000
1996-01-24,7.998961224902276,7.998961224902276,7.866381757086216,7.910574913024902,8300
1996-01-25,7.866381757086216,7.910574913024902,7.866381757086216,7.910574913024902,15500
1996-01-26,7.910577119051755,8.043156623840332,7.910577119051755,8.043156623840332,7200
1996-01-29,7.998963455577473,8.087349792103192,7.998963455577473,8.043156623840332,23000
1996-01-30,8.13154052406229,8.219926834106445,8.13154052406229,8.219926834106445,34700
1996-01-31,8.17573662110191,8.26412296295166,8.17573662110191,8.26412296295166,40600
1996-02-01,8.396698951721191,8.44089210409867,8.35250579934371,8.396698951721191,134300
1996-02-02,8.352508744644245,8.440895080566406,8.352508744644245,8.440895080566406,85100
1996-02-05,8.44089103834278,8.706049919128418,8.44089103834278,8.706049919128418,44800
1996-02-06,8.661864444462939,8.750250816345215,8.661864444462939,8.750250816345215,20700
1996-02-07,8.794434676170349,8.882820954322815,8.794434676170349,8.838627815246582,22200
1996-02-08,8.882827385612156,9.192179583121037,8.838634214539459,9.14798641204834,31800
1996-02-09,9.192175030137934,9.236368179321289,9.192175030137934,9.236368179321289,16700
1996-02-12,9.23637248422498,9.589917842472826,9.23637248422498,9.457338333129883,58600
1996-02-13,9.545722419051764,9.545722419051764,9.324756622314453,9.324756622314453,15100
1996-02-14,9.280557632446289,9.324750764029368,9.280557632446289,9.280557632446289,7100
1996-02-15,9.368951797485352,9.368951797485352,9.324758628629288,9.368951797485352,5400
1996-02-16,9.324754477688,9.324754477688,9.192175030137934,9.236368179321289,22600
1996-02-20,9.14798043879067,9.14798043879067,9.01540101214153,9.05959415435791,14800
1996-02-21,9.059598285418291,9.236370934889868,9.015405123050398,9.192177772521973,19300
1996-02-22,9.23637030361953,9.368949781661916,9.23637030361953,9.324756622314453,101700
1996-02-23,9.368951797485352,9.457338135197478,9.280565459773225,9.368951797485352,120600
1996-02-26,9.368943895612444,9.368943895612444,8.971205711364746,9.280557632446289,64900
1996-02-27,9.192171369280135,9.368943895612444,9.192171369280135,9.280557632446289,39100
1996-02-28,9.28056565400596,9.545724672691845,9.28056565400596,9.457338333129883,38300
1996-02-29,9.457335582999296,9.545721896859103,9.413142426069394,9.5015287399292,32300
1996-03-01,9.545727474588743,9.545727474588743,9.368954743577842,9.413147926330566,8700
1996-03-04,9.501529697860992,10.031847634485791,9.501529697860992,9.89926815032959,59000
1996-03-05,9.810884475708008,9.855077649022007,9.722498129080007,9.810884475708008,34600
1996-03-06,9.855072021484375,9.855072021484375,9.81087887340597,9.855072021484375,7300
1996-03-07,9.855072021484375,9.855072021484375,9.81087887340597,9.855072021484375,22200
1996-03-08,9.766690053896273,9.766690053896273,9.634110550902205,9.678303718566895,14700
1996-03-11,9.634106281092349,9.855072021484375,9.634106281092349,9.855072021484375,19600
1996-03-12,9.899270822336007,9.899270822336007,9.722498129080007,9.810884475708008,7900
1996-03-13,9.766688985562107,9.766688985562107,9.589916334239716,9.634109497070312,14600
1996-03-14,9.545727474588743,9.634113840094194,9.368954743577842,9.413147926330566,38800
1996-03-15,9.413140771575788,9.678299666549753,9.413140771575788,9.589913368225098,35800
1996-03-18,9.589913372788132,9.589913372788132,9.236368179321289,9.236368179321289,82800
1996-03-19,9.236373623597968,9.280566798830495,8.971214572202813,9.10379409790039,92600
1996-03-20,8.97120394893721,9.015397071838379,8.927010826036042,9.015397071838379,56600
1996-03-21,9.059596789881514,9.059596789881514,8.971210479736328,8.971210479736328,35600
1996-03-22,8.927010826036042,9.015397071838379,8.882817703134874,9.015397071838379,69800
1996-03-25,9.01540448405955,9.01540448405955,8.838631847117206,8.927018165588379,72300
1996-03-26,8.882824169591142,9.015403634808921,8.882824169591142,8.971210479736328,126000
1996-03-27,8.927021396970286,9.192180448365443,8.927021396970286,9.10379409790039,247800
1996-03-28,9.059597643295136,9.059597643295136,8.927018165588379,8.927018165588379,32300
1996-03-29,9.015404373852174,9.059597532547528,8.83863173907076,8.882824897766113,60700
1996-04-01,8.838627815246582,8.882820954322815,8.706048398017884,8.838627815246582,59800
1996-04-02,8.838631519720183,8.927017834917384,8.70605204692438,8.794438362121582,53500
1996-04-03,8.796227585185658,8.885529388080943,8.751576683738014,8.8408784866333,139200
1996-04-04,8.930176586361986,8.930176586361986,8.840874820498366,8.885525703430176,73900
1996-04-08,8.930175316515308,8.930175316515308,8.751571810185002,8.796222686767578,53100
1996-04-09,8.796222686767578,8.796222686767578,8.751571810185002,8.796222686767578,6200
1996-04-10,8.751573054634745,8.930176586361986,8.751573054634745,8.885525703430176,63000
1996-04-11,8.840873563350154,8.840873563350154,8.751571810185002,8.796222686767578,135500
1996-04-12,8.840873563350154,8.840873563350154,8.751571810185002,8.796222686767578,30000
1996-04-15,8.796222686767578,8.840873563350154,8.796222686767578,8.796222686767578,10200
1996-04-16,8.840874820498366,8.885525703430176,8.840874820498366,8.885525703430176,19300
1996-04-17,8.840875333669235,8.885526219192817,8.662271791574907,8.75157356262207,58900
1996-04-18,8.706924438476562,8.751575333032852,8.617622649363982,8.706924438476562,25500
1996-04-19,8.75157356262207,8.75157356262207,8.662271791574907,8.75157356262207,31400
1996-04-22,8.706924021244049,8.706924021244049,8.48366955916087,8.57297134399414,73000
1996-04-23,8.572970245521105,8.617621132216527,8.528319358825684,8.528319358825684,13700
1996-04-24,8.57296863615204,8.617619514465332,8.528317757838748,8.617619514465332,22300
1996-04-25,8.617620906051325,8.75157356262207,8.572970020527743,8.75157356262207,48300
1996-04-26,8.75157356262207,8.796224448145653,8.70692267709849,8.75157356262207,23400
1996-04-29,8.706924438476562,8.706924438476562,8.662273543920271,8.706924438476562,14700
1996-04-30,8.662273128827414,8.706924021244049,8.48366955916087,8.57297134399414,96400
1996-05-01,8.52831825457121,8.572969135485197,8.483667373657227,8.483667373657227,23700
1996-05-02,8.57297134399414,8.617622236410778,8.57297134399414,8.57297134399414,177500
1996-05-03,8.57296863615204,8.662270392778623,8.57296863615204,8.617619514465332,47600
1996-05-06,8.617619514465332,8.617619514465332,8.57296863615204,8.617619514465332,50400
1996-05-07,8.617619514465332,8.662270392778623,8.617619514465332,8.617619514465332,18900
1996-05-08,8.617620615615058,8.796224151689982,8.617620615615058,8.662271499633789,36900
1996-05-09,8.706923658624659,9.064130783081055,8.706923658624659,9.064130783081055,116900
1996-05-10,9.153429985046387,9.242731740998058,9.153429985046387,9.153429985046387,32400
1996-05-13,9.108783036759757,9.242735728476811,9.108783036759757,9.198084831237793,10700
1996-05-14,9.153433258716877,9.287385940551758,9.153433258716877,9.287385940551758,25900
1996-05-15,9.287383230108963,9.33203411102295,9.287383230108963,9.33203411102295,73300
1996-05-16,9.287383230108963,9.376684991936933,9.287383230108963,9.33203411102295,49900
1996-05-17,9.332036834496718,9.421338622386639,9.287385940551758,9.287385940551758,136800
1996-05-20,9.332036298598158,9.421338081359863,9.332036298598158,9.421338081359863,32300
1996-05-21,9.42133587285092,9.465986753764906,9.287383230108963,9.33203411102295,23500
1996-05-22,9.287382618973893,9.287382618973893,9.153429985046387,9.153429985046387,18300
1996-05-23,9.15343273307475,9.599941646883273,9.15343273307475,9.421338081359863,39900
1996-05-24,9.33203411102295,9.555288515592876,9.33203411102295,9.33203411102295,91600
1996-05-28,9.376688420193867,9.376688420193867,9.153433933998775,9.198084831237793,32000
1996-05-29,9.198083454752204,9.198083454752204,9.064130783081055,9.064130783081055,72600
1996-05-30,9.108773231506348,9.108773231506348,9.019471533158246,9.108773231506348,14100
1996-05-31,9.108781673638104,9.153432564195153,9.064130783081055,9.064130783081055,46200
1996-06-03,9.064131599841732,9.064131599841732,8.97482981068073,9.01948070526123,34500
1996-06-04,9.019481373293964,9.242735862731934,9.019481373293964,9.242735862731934,80400
1996-06-05,9.153434066956745,9.242735862731934,9.10878316906915,9.242735862731934,54600
1996-06-06,9.153429985046387,9.242731740998058,9.064128229094715,9.153429985046387,28600
1996-06-07,9.10878316906915,9.242735862731934,9.019481373293964,9.242735862731934,25900
1996-06-10,9.332036834496718,9.376687728441679,9.198084152661837,9.287385940551758,66200
1996-06-11,9.287385940551758,9.287385940551758,9.198084152661837,9.287385940551758,15000
1996-06-12,9.287385940551758,9.376687728441679,9.287385940551758,9.287385940551758,46100
1996-06-13,9.242735728476811,9.332037522954849,9.198084831237793,9.198084831237793,71300
1996-06-14,9.242732349194979,9.42133587285092,9.242732349194979,9.33203411102295,69500
1996-06-17,9.242726857321601,9.421330274854387,9.242726857321601,9.376679420471191,59400
1996-06-18,9.28738543309203,9.823196131155031,9.28738543309203,9.733894348144531,84300
1996-06-19,9.823196427937646,10.180403570771743,9.823196427937646,10.13575267791748,150600
1996-06-20,10.135754493817892,10.135754493817892,9.689245485279658,9.778547286987305,100900
1996-06-21,9.733892291372273,9.733892291372273,9.599939645160728,9.689241409301758,39300
1996-06-24,9.644593907697168,9.86784839630127,9.644593907697168,9.86784839630127,35400
1996-06-25,9.867841555855492,9.957143289392645,9.778539822318338,9.823190689086914,98600
1996-06-26,9.823193749716115,9.823193749716115,9.555288465632948,9.599939346313477,60400
1996-06-27,9.644588470458984,9.733890215555828,9.599937597910564,9.644588470458984,45200
1996-06-28,9.644593652689231,9.733895445769688,9.421339169988093,9.46599006652832,168300
1996-07-01,9.465981129237584,9.465981129237584,9.332028566087995,9.376679420471191,76000
1996-07-02,9.376684942910837,9.644590226994005,9.376684942910837,9.599939346313477,64000
1996-07-03,9.646823604151887,9.646823604151887,9.556666374206543,9.556666374206543,27300
1996-07-05,9.556665129888627,9.556665129888627,9.466507911682129,9.466507911682129,36800
1996-07-08,9.511587759233871,9.601744989179215,9.511587759233871,9.556666374206543,23000
1996-07-09,9.556666038405726,9.646823265183139,9.534126731711373,9.601744651794434,65500
1996-07-10,9.579200892927544,9.579200892927544,9.421425819396973,9.421425819396973,66700
1996-07-11,9.556666374206543,9.601744989179215,9.33127329934318,9.556666374206543,135900
1996-07-12,9.55666159670889,9.55666159670889,9.376347226959666,9.421425819396973,84000
1996-07-15,9.466510429201533,9.736982155750148,9.466510429201533,9.511589050292969,108300
1996-07-16,9.556667671384405,9.646824913567276,9.421431808110096,9.511589050292969,92400
1996-07-17,9.511582714539987,9.78205426092501,9.376346941347474,9.73697566986084,80400
1996-07-18,9.827137279510499,9.962373113632202,9.827137279510499,9.9172945022583,119700
1996-07-19,9.962372121254958,10.097607941905478,9.962372121254958,10.052529335021973,22300
1996-07-22,10.052529335021973,10.097607941905478,9.962372121254958,10.052529335021973,60500
1996-07-23,10.007454263678504,10.052532886487866,9.96237564086914,9.96237564086914,138900
1996-07-24,9.962373113632202,9.962373113632202,9.736980056762695,9.9172945022583,119000
1996-07-25,9.917297018059777,10.187768754915954,9.917297018059777,9.96237564086914,128700
1996-07-26,9.87221335075997,10.00744915008545,9.87221335075997,10.00744915008545,23900
1996-07-29,10.052530336380006,10.052530336380006,9.9172945022583,9.9172945022583,43600
1996-07-30,9.87221335075997,10.00744915008545,9.782056151209652,10.00744915008545,54800
1996-07-31,10.00744915008545,10.00744915008545,9.96237055031029,10.00744915008545,46600
1996-08-01,10.052528682284885,10.18776449415419,9.962371474372016,10.142685890197754,114400
1996-08-02,10.232844971773918,10.277923583984375,10.18776635956346,10.277923583984375,65200
1996-08-05,10.232843098110623,10.323000306023491,10.142685890197754,10.142685890197754,27900
1996-08-06,10.142687747353001,10.277923583984375,10.142687747353001,10.277923583984375,31200
1996-08-07,10.277923583984375,10.277923583984375,10.097609135142545,10.277923583984375,49900
1996-08-08,10.277921702067058,10.277921702067058,10.09760728624132,10.142685890197754,15700
1996-08-09,10.142686311588731,10.142686311588731,9.556664435808049,9.691900253295898,39800
1996-08-12,9.601741461160547,9.782055854797363,9.421427067523728,9.782055854797363,113600
1996-08-13,9.69189707879667,9.91729003411752,9.646818487732498,9.73697566986084,106000
1996-08-14,9.64682005956975,9.782055854797363,9.556662862751342,9.782055854797363,50300
1996-08-15,9.736978828360181,9.827136039733887,9.691900222673329,9.827136039733887,36900
1996-08-16,9.827137718737964,9.827137718737964,9.556666038405726,9.601744651794434,76900
1996-08-19,9.601743041637333,9.691900253295898,9.601743041637333,9.691900253295898,22400
1996-08-20,9.691900253295898,9.736978859125182,9.691900253295898,9.691900253295898,23400
1996-08-21,9.691897374020808,9.691897374020808,9.376347226959666,9.421425819396973,24400
1996-08-22,9.421426126272372,9.421426126272372,9.015718781121887,9.105875968933105,85100
1996-08-23,9.060800934806089,9.060800934806089,8.745250653494434,8.880486488342285,100600
1996-08-26,9.105875672335829,9.421425819396973,9.105875672335829,9.421425819396973,99500
1996-08-27,9.376347226959666,9.466504411834277,9.33126863452236,9.421425819396973,22400
1996-08-28,9.376347226959666,9.55666159670889,9.376347226959666,9.421425819396973,41400
1996-08-29,9.42143188531582,9.42143188531582,9.331274642394138,9.37635326385498,27200
1996-08-30,9.331268938461154,9.331268938461154,9.015718781121887,9.105875968933105,92400
1996-09-03,9.060802054986722,9.241116523742676,9.060802054986722,9.241116523742676,43300
1996-09-04,9.196038177047951,9.376352651107714,9.196038177047951,9.331274032592773,60000
1996-09-05,9.33126863452236,9.421425819396973,9.33126863452236,9.421425819396973,76700
1996-09-06,9.376352651107714,9.376352651107714,9.286195414077833,9.331274032592773,22900
1996-09-09,9.241112389610809,9.331269583655793,9.241112389610809,9.2861909866333,20000
1996-09-10,9.2861909866333,9.376348180678285,9.241112389610809,9.2861909866333,5800
1996-09-11,9.286196788894795,9.646825790405273,9.286196788894795,9.646825790405273,210900
1996-09-12,9.646821647466615,9.736978859125182,9.646821647466615,9.691900253295898,113500
1996-09-13,9.646823604151887,9.646823604151887,9.466509144261197,9.556666374206543,34100
1996-09-16,9.646823265183139,9.646823265183139,9.57920534510008,9.601744651794434,23500
1996-09-17,9.691905518100686,9.96237730000117,9.64682688778394,9.872220039367676,38600
1996-09-18,9.82713285198918,9.82713285198918,9.73697566986084,9.73697566986084,13000
1996-09-19,9.73697725638816,9.917291650024977,9.73697725638816,9.782055854797363,21400
1996-09-20,9.64682005956975,9.782055854797363,9.466505665932933,9.782055854797363,37800
1996-09-23,9.736982526822327,9.96237564086914,9.736982526822327,9.96237564086914,26800
1996-09-24,9.917293282442314,9.962371888271598,9.691900253295898,9.691900253295898,116600
1996-09-25,9.736975966458115,9.736975966458115,9.421425819396973,9.421425819396973,23900
1996-09-26,9.421432664461225,9.646825790405273,9.421432664461225,9.646825790405273,37400
1996-09-27,9.646822348095123,9.646822348095123,9.466507911682129,9.466507911682129,15900
1996-09-30,9.55666125054453,9.601739841348984,9.196032524108887,9.196032524108887,80600
1996-10-01,9.241118163705986,9.646825790405273,9.241118163705986,9.646825790405273,124100
1996-10-02,9.556666374206543,9.736980834097231,9.556666374206543,9.556666374206543,69300
1996-10-03,9.556666038405726,9.691901878571846,9.556666038405726,9.601744651794434,86100
1996-10-04,9.511583004271584,9.511583004271584,9.376347226959666,9.421425819396973,76300
1996-10-07,9.466504411834277,9.511583004271584,9.421425819396973,9.421425819396973,40500
1996-10-08,9.466509888137596,9.466509888137596,9.331274032592773,9.331274032592773,38000
1996-10-09,9.333093643188477,9.37862092925281,9.287566357124142,9.333093643188477,46700
1996-10-10,9.378616903342452,9.378616903342452,9.287562370300293,9.287562370300293,60700
1996-10-11,9.242035103779212,9.287562370300293,9.196507837258133,9.287562370300293,116600
1996-10-14,9.333090967345006,9.378618240356445,9.287563694333567,9.378618240356445,62400
1996-10-15,9.37861990247454,9.697310870034354,9.37861990247454,9.560729026794434,55600
1996-10-16,9.606252876844275,9.970470995397612,9.606252876844275,9.879416465759277,32700
1996-10-17,9.879419145760712,9.924946422930116,9.788364591421905,9.833891868591309,59600
1996-10-18,9.742839471349177,9.788366758598471,9.60625760960129,9.651784896850586,110500
1996-10-21,9.651784896850586,9.69731218409988,9.60625760960129,9.651784896850586,60800
1996-10-22,9.651780141663442,9.924943730578445,9.651780141663442,9.879416465759277,89100
1996-10-23,9.879420888146688,9.879420888146688,9.788366317749023,9.788366317749023,14000
1996-10-24,9.742834671301777,9.879416465759277,9.742834671301777,9.879416465759277,120900
1996-10-25,9.833889200940112,9.924943730578445,9.833889200940112,9.879416465759277,53900
1996-10-28,9.879419145760712,9.970473700099522,9.833891868591309,9.833891868591309,54600
1996-10-29,9.924948173345522,9.924948173345522,9.742839032550192,9.788366317749023,54500
1996-10-30,9.7428373142525,9.833891868591309,9.7428373142525,9.833891868591309,28800
1996-10-31,9.87942140474232,9.924948692321777,9.788366829583405,9.924948692321777,113800
1996-11-01,9.879416465759277,9.924943730578445,9.788361936120944,9.879416465759277,37200
1996-11-04,9.833894117162863,9.970475979901236,9.788366829583405,9.924948692321777,52100
1996-11-05,9.97047743214741,10.107059314779566,9.97047743214741,10.061532020568848,21700
1996-11-06,9.970476378381779,10.380221982972811,9.83389451018477,10.289167404174805,116200
1996-11-07,10.198114874079364,10.380224068259352,10.152587575534366,10.334696769714355,65600
1996-11-08,10.334696769714355,10.334696769714355,10.289169471169357,10.334696769714355,35000
1996-11-11,10.289164360894098,10.334691636827257,10.243637084960938,10.243637084960938,24600
1996-11-12,10.2436401147758,10.334694693573809,10.2436401147758,10.289167404174805,97100
1996-11-13,10.334694693573809,10.334694693573809,10.198112825376798,10.289167404174805,34200
1996-11-14,10.24363629229657,10.516799926757812,10.24363629229657,10.516799926757812,325300
1996-11-15,10.607858489299643,10.607858489299643,10.51680390999235,10.562331199645996,99200
1996-11-18,10.562328697269798,10.698910533872425,10.562328697269798,10.653383255004883,66600
1996-11-19,10.65338577895329,10.698913068606936,10.51680390999235,10.562331199645996,263200
1996-11-20,10.471280552286958,10.60786247253418,10.380225938788811,10.60786247253418,115500
1996-11-21,10.698910121676288,10.835491953016836,10.653382844562772,10.78996467590332,43400
1996-11-22,10.653381743988433,10.69890901639864,10.516799926757812,10.516799926757812,27900
1996-11-25,10.56232793280419,10.698909759521484,10.56232793280419,10.698909759521484,45100
1996-11-26,10.653383255004883,10.698910533872425,10.60785597613734,10.653383255004883,55600
1996-11-27,10.60785597613734,10.653383255004883,10.60785597613734,10.653383255004883,10500
1996-11-29,10.607858147828475,10.630621791922527,10.47127628326416,10.47127628326416,15000
1996-12-02,10.516801418402256,10.653383255004883,10.471274139534714,10.653383255004883,27100
1996-12-03,10.698917086032328,10.698917086032328,10.562335165785106,10.60786247253418,58200
1996-12-04,10.653382665019924,10.744437217712402,10.562328112327446,10.744437217712402,36300
1996-12-05,10.744440415326286,10.926549574908089,10.744440415326286,10.835494995117188,51300
1996-12-06,10.789967705221738,10.881022285012637,10.562331255744486,10.835494995117188,28400
1996-12-09,10.83549177040488,10.83549177040488,10.744437217712402,10.744437217712402,73600
1996-12-10,10.835491295320441,11.336291313171387,10.789964020970356,11.336291313171387,119500
1996-12-11,11.245236764471214,11.336291313171387,11.108654941420957,11.336291313171387,41500
1996-12-12,11.290764808654785,11.336292086109038,11.245237531200532,11.290764808654785,71200
1996-12-13,11.245240109307426,11.47287654876709,11.199712821415494,11.47287654876709,101700
1996-12-16,11.4273511374869,11.4273511374869,11.108660069907584,11.199714660644531,71800
1996-12-17,11.154182976292025,11.381819363563292,11.154182976292025,11.290764808654785,11100
1996-12-18,11.336294895361279,11.336294895361279,11.017603874206543,11.017603874206543,24500
1996-12-19,10.92654963008693,11.15418608071374,10.92654963008693,11.108658790588379,67800
1996-12-20,11.245240660964466,11.290767951089828,11.063131500463017,11.108658790588379,110700
1996-12-23,11.108658790588379,11.108658790588379,10.972076920212292,11.108658790588379,16800
1996-12-24,11.108658957967952,11.290768121213329,11.108658957967952,11.154186248779297,37100
1996-12-26,11.245241956013006,11.245241956013006,11.154187365276059,11.199714660644531,27900
1996-12-27,11.199709490121128,11.336291313171387,11.199709490121128,11.336291313171387,112200
1996-12-30,11.381820362046879,11.791565895080566,11.381820362046879,11.791565895080566,129600
1996-12-31,11.791564577748339,11.928146406834227,11.700510025024414,11.700510025024414,133800
1997-01-02,11.65498700479823,11.700514297785721,11.108659488948312,11.563932418823242,56900
1997-01-03,11.654983875363373,11.791565717652787,11.518402033073958,11.746038436889648,38800
1997-01-06,11.837092869317354,12.292365671983406,11.837092869317354,12.201311111450195,115100
1997-01-07,12.201307678222657,12.201307678222657,11.928144073486328,12.064725875854492,89200
1997-01-08,12.019194188008782,12.019194188008782,11.79155793444801,11.928139686584473,73100
1997-01-09,11.84185814764713,11.84185814764713,11.428770072729208,11.79595947265625,45500
1997-01-10,11.704160690307617,11.750059359681373,11.520566012812596,11.704160690307617,20400
1997-01-13,11.612368777394295,11.750064849853516,11.612368777394295,11.750064849853516,55000
1997-01-14,11.841852188110352,11.841852188110352,11.70415623243465,11.841852188110352,83200
1997-01-15,11.795958029055129,11.841856698428884,11.658262020933863,11.704160690307617,48300
1997-01-16,11.750059359681373,11.795958029055129,11.704160690307617,11.704160690307617,20500
1997-01-17,11.6123685836792,11.704165963787334,11.6123685836792,11.6123685836792,77100
1997-01-20,11.658265605805411,11.658265605805411,11.566468238830566,11.566468238830566,41500
1997-01-21,11.520568126768577,11.65826416015625,11.382872093380906,11.65826416015625,29000
1997-01-22,11.612365482360358,11.65826416015625,11.520568126768577,11.65826416015625,19200
1997-01-23,11.65826963987507,11.750067038614242,11.1992826461792,11.1992826461792,47400
1997-01-24,11.291074517332477,11.382871871131929,11.1533784866333,11.1533784866333,144500
1997-01-27,11.153383346557618,11.474674224853516,11.107484649658204,11.474674224853516,68800
1997-01-28,11.520571260567172,11.566469950848315,11.38287518972374,11.428773880004883,209500
1997-01-29,11.382874488830566,11.474671863740491,11.336975801375605,11.382874488830566,47900
1997-01-30,11.38287518972374,11.428773880004883,11.336976499442596,11.428773880004883,14100
1997-01-31,11.382874488830566,11.474671863740491,11.382874488830566,11.382874488830566,8700
1997-02-03,11.428774014115334,11.750064849853516,11.336976632475853,11.750064849853516,48200
1997-02-04,11.704165301015301,11.704165301015301,11.382874488830566,11.382874488830566,34400
1997-02-05,11.428775351057169,11.474674047246154,11.291079262490214,11.3369779586792,53500
1997-02-06,11.33697482139345,11.841860339755103,11.33697482139345,11.566468238830566,67800
1997-02-07,11.612368777394295,11.750064849853516,11.566470086574554,11.750064849853516,36000
1997-02-10,11.658269012451173,11.658269012451173,11.428775527954102,11.474674224853516,41000
1997-02-11,11.474674224853516,11.566471618652344,11.428775527954102,11.474674224853516,16200
1997-02-12,11.382876831054688,11.474674224853516,11.336978134155274,11.474674224853516,75400
1997-02-13,11.428768674065086,11.704160690307617,11.428768674065086,11.704160690307617,37800
1997-02-14,11.704167709350587,11.704167709350587,11.428775527954102,11.474674224853516,62500
1997-02-18,11.291072665943819,11.750059359681373,11.291072665943819,11.704160690307617,55300
1997-02-19,11.750059359681373,11.750059359681373,11.612363351560107,11.704160690307617,61600
1997-02-20,11.750064849853516,11.750064849853516,11.612368777394295,11.750064849853516,25100
1997-02-21,11.750061515748031,11.750061515748031,11.428770771176795,11.65826416015625,62700
1997-02-24,11.474667343438842,11.704160690307617,11.428768674065086,11.704160690307617,63900
1997-02-25,11.612365482360358,11.70416283795214,11.474669448972687,11.65826416015625,43100
1997-02-26,11.566469893625131,11.841862033949539,11.566469893625131,11.6123685836792,106500
1997-02-27,11.704160690307617,11.750059359681373,11.612363351560107,11.704160690307617,126200
1997-02-28,11.704164289292834,11.750062972780258,11.520569555343142,11.566468238830566,38900
1997-03-03,11.6123685836792,11.750064653841402,11.6123685836792,11.6123685836792,57500
1997-03-04,11.612365482360358,11.750061515748031,11.612365482360358,11.65826416015625,42300
1997-03-05,11.612366922317989,11.704164289292834,11.566468238830566,11.566468238830566,41500
1997-03-06,11.658269012451173,11.658269012451173,11.428775527954102,11.474674224853516,45200
1997-03-07,11.474667343438842,11.704160690307617,11.474667343438842,11.704160690307617,24100
1997-03-10,11.70416212267449,11.79595947265625,11.70416212267449,11.79595947265625,57300
1997-03-11,11.75005488432655,11.841852188110352,11.75005488432655,11.841852188110352,80500
1997-03-12,11.750064849853516,11.795963540673256,11.612368777394295,11.750064849853516,24600
1997-03-13,11.750063988470263,11.750063988470263,11.336975801375605,11.382874488830566,49100
1997-03-14,11.382874488830566,11.474671863740491,11.336975801375605,11.382874488830566,64600
1997-03-17,11.382869419715217,11.382869419715217,11.01568008359537,11.061578750610352,49500
1997-03-18,11.061576622576753,11.199272597131651,11.015677964391788,11.107475280761719,52800
1997-03-19,11.061582369682117,11.107481051713993,10.740291595458984,10.740291595458984,25800
1997-03-20,10.556696867331482,10.740291595458984,10.327203457172102,10.740291595458984,120200
1997-03-21,10.648494753921241,10.648494753921241,10.419001332500525,10.464900016784668,111700
1997-03-24,10.556698249558272,10.877989065849176,10.510799561516714,10.832090377807617,49400
1997-03-25,10.740293001724503,10.96978644193229,10.740293001724503,10.832090377807617,110600
1997-03-26,10.832088959522737,10.832088959522737,10.694392913427109,10.740291595458984,86000
1997-03-27,10.786191532184983,10.786191532184983,10.510799407958984,10.510799407958984,47600
1997-03-31,10.740294270701222,10.877990351094827,10.602598190307617,10.602598190307617,46900
1997-04-01,10.648491859436035,10.786187874859777,10.602593187628122,10.648491859436035,30100
1997-04-02,10.602596782700983,10.648495470071984,10.419002033216984,10.510799407958984,40100
1997-04-03,10.602593187628122,10.786187874859777,10.510795844012293,10.648491859436035,25100
1997-04-04,10.694393438205385,10.694393438205385,10.373102648216381,10.464900016784668,53300
1997-04-07,10.556697385352955,10.602596069637098,10.419001332500525,10.464900016784668,46400
1997-04-08,10.419003416449476,10.602598190307617,10.419003416449476,10.602598190307617,92600
1997-04-09,10.694395577236687,10.786192964165757,10.55669949684308,10.602598190307617,63700
1997-04-10,10.515504870794516,10.608152490801517,10.469181060791016,10.469181060791016,39600
1997-04-11,10.469180895652606,10.700799942016602,10.469180895652606,10.700799942016602,45000
1997-04-14,10.608152422988624,10.608152422988624,10.376533374451755,10.56182861328125,62800
1997-04-15,10.608151349528082,10.747122764587402,10.561827544508308,10.747122764587402,74400
1997-04-16,10.747127014913676,11.303012894995417,10.747127014913676,11.256689071655273,102700
1997-04-17,11.210366404704967,11.210366404704967,11.025071092230505,11.071394920349121,33400
1997-04-18,11.303009033203125,11.349332840716253,11.164037610663742,11.303009033203125,78100
1997-04-21,11.210366404704967,11.210366404704967,11.025071092230505,11.071394920349121,39100
1997-04-22,11.025071196415253,11.071395024971618,10.932423539302519,10.978747367858887,42100
1997-04-23,10.932421773926825,10.932421773926825,10.793450310698942,10.839774131774902,30200
1997-04-24,10.793446569607175,10.839770374626948,10.700798959567628,10.747122764587402,37300
1997-04-25,10.700800042403372,10.747123852110747,10.515504803573876,10.56182861328125,11100
1997-04-28,10.654476232695998,10.79344766181812,10.515504803573876,10.56182861328125,30900
1997-04-29,10.608156459672111,10.654480287006923,10.376537322998047,10.376537322998047,29900
1997-04-30,10.469184977667673,10.469184977667673,10.330213495663234,10.376537322998047,183400
1997-05-01,10.608151349528082,10.747122764587402,10.608151349528082,10.747122764587402,152900
1997-05-02,10.747122764587402,10.839770374626948,10.654475154547855,10.747122764587402,40200
1997-05-05,10.700801195636872,11.534629860231954,10.700801195636872,11.488306045532227,102800
1997-05-06,11.488304263255635,11.488304263255635,11.21036141817687,11.303009033203125,107100
1997-05-07,11.303011851408044,11.349335670471191,11.117716575155454,11.349335670471191,78500
1997-05-08,11.256686972033593,11.534629860231954,11.256686972033593,11.488306045532227,31700
1997-05-09,11.62727733642336,11.812572592780704,11.62727733642336,11.673601150512695,61300
1997-05-12,11.673599478981712,12.785370857932351,11.627275671525435,12.739047050476074,117300
1997-05-13,12.50743221786787,12.50743221786787,12.021032076061896,12.275813102722168,100500
1997-05-14,12.461106339497354,12.646401601051217,12.368458708720421,12.414782524108887,101500
1997-05-15,12.414785237329912,12.692728190404463,12.368461411817487,12.553756713867188,78100
1997-05-16,12.64639943556352,12.739047050476074,12.64639943556352,12.739047050476074,154400
1997-05-19,12.785369764055526,13.016988781520299,12.73904596056257,12.970664978027344,102800
1997-05-20,12.970666087757458,12.970666087757458,12.692723243019797,12.739047050476074,45400
1997-05-21,12.83169457209196,12.878018379211426,12.692723150733563,12.878018379211426,55700
1997-05-22,12.878020248959995,12.970667876650355,12.878020248959995,12.924344062805176,39200
1997-05-23,12.970667691297935,13.248610570397176,12.924343878114728,13.155962944030762,87700
1997-05-27,13.155969499708055,13.24861717224121,12.878026482108588,13.248617172241211,31300
1997-05-28,13.248616275452733,13.294940108583686,13.109644776059872,13.202292442321777,37700
1997-05-29,13.294933123800128,13.665523594149958,13.2486093150064,13.5728759765625,83800
1997-05-30,13.526559888702078,13.526559888702078,13.294940712525673,13.480236053466797,52200
1997-06-02,13.572876108558946,13.619199917803174,13.341257062337803,13.387580871582031,87900
1997-06-03,13.294938988155788,13.387586646609837,13.294938988155788,13.341262817382812,50200
1997-06-04,13.341264844774365,13.43391251730752,13.202293335974632,13.248617172241211,27200
1997-06-05,13.202293335974632,13.294941008507788,13.155969499708055,13.248617172241211,92600
1997-06-06,13.24861349907865,13.24861349907865,13.109642028808594,13.109642028808594,18400
1997-06-09,13.155966860182742,13.155966860182742,12.970671552292846,13.063319206237793,76200
1997-06-10,12.878025610405103,13.20229244232178,12.646406444750335,13.202292442321777,140800
1997-06-11,13.202285634605119,13.387580871582031,13.202285634605119,13.387580871582031,78500
1997-06-12,13.341259786527452,13.619202698746774,13.24861214912101,13.526555061340332,136800
1997-06-13,13.526555061340332,13.526555061340332,13.433907423933892,13.526555061340332,70500
1997-06-16,13.480236053466797,13.526559888702078,13.433912218231516,13.480236053466797,35100
1997-06-17,13.480231327846132,13.526555146842167,13.387583689854061,13.433907508850098,81900
1997-06-18,13.433906674800435,13.433906674800435,13.109639961960424,13.29493522644043,29400
1997-06-19,13.433904550181314,13.5728759765625,13.433904550181314,13.5728759765625,249200
1997-06-20,13.341264844774365,13.387588681040944,13.24861717224121,13.248617172241211,106400
1997-06-23,13.063309686463922,13.109633479678335,12.739043133963046,13.016985893249512,111300
1997-06-24,13.01699438196189,13.109642028808594,13.01699438196189,13.109642028808594,57800
1997-06-25,13.01699083438818,13.063314645186715,12.692724158798438,12.785371780395508,59200
1997-06-26,12.785373047216616,12.785373047216616,12.322134893331956,12.414782524108887,145600
1997-06-27,12.414782175942072,12.461105990031408,11.673601150512695,11.673601150512695,139500
1997-06-30,11.766250610351562,11.951545895553949,11.627279146449773,11.766250610351562,263500
1997-07-01,11.858898832597806,12.183165597551652,11.858898832597806,12.136841773986816,132900
1997-07-02,12.136840755165867,12.32213603387069,12.136840755165867,12.206326484680176,83600
1997-07-03,12.229485495554702,12.322133112945268,12.229485495554702,12.252647399902344,40700
1997-07-07,12.275811136328032,12.414782583154388,12.275811136328032,12.345296859741211,78100
1997-07-08,12.36845202278518,12.553747184175219,12.36845202278518,12.530585289001465,91500
1997-07-09,12.50742339382771,12.87801371660779,12.22948065174265,12.530585289001465,342600
1997-07-10,12.512847970513736,12.792986357913298,12.512847970513736,12.699606895446777,181200
1997-07-11,12.746290254592894,13.119807917731148,12.559531423023769,13.073118209838867,203300
1997-07-14,13.073128808902789,13.283232664760156,12.886369825918464,12.909714698791504,133600
1997-07-15,12.816332616032781,12.979746693104238,12.76964287972665,12.956401824951172,112100
1997-07-16,12.93305248260498,13.003087062835693,12.792983322143554,12.839673042297363,35100
1997-07-17,12.816339998507718,12.886374643308308,12.699615590506738,12.722960472106934,53200
1997-07-18,12.512846645277662,12.676260687286886,12.442812055845138,12.629570960998535,72900
1997-07-21,12.62957113390771,12.62957113390771,12.489501953125,12.489501953125,115000
1997-07-22,12.559540287594954,12.769644121402305,12.512850546748876,12.65291976928711,94300
1997-07-23,12.582890013524402,12.67626953125,12.512855375230203,12.67626953125,124000
1997-07-24,12.676262029830147,12.699606895446777,12.652917164213516,12.699606895446777,28900
1997-07-25,12.722952270159757,12.792986869812012,12.676262537058253,12.792986869812012,73900
1997-07-28,12.839676089146558,12.839676089146558,12.676262029830147,12.699606895446777,33700
1997-07-29,12.676258624144838,12.816327780212736,12.55953432742159,12.769638061523438,72800
1997-07-30,12.792987747879716,12.956401824951172,12.792987747879716,12.956401824951172,76300
1997-07-31,12.933051657979588,12.933051657979588,12.69960307209548,12.863017082214355,103300
1997-08-01,12.792982506449123,12.863017082214355,12.69960307209548,12.863017082214355,37600
1997-08-04,12.933051109313965,13.073120254902202,12.886361394117886,12.933051109313965,13500
1997-08-05,12.933056069116523,13.02643553531953,12.746297136710508,12.792986869812012,87800
1997-08-06,12.839674991843975,13.189847946166992,12.839674991843975,13.189847946166992,128800
1997-08-07,13.11981279749266,13.329916561153574,12.839674445944773,13.259881973266602,115700
1997-08-08,13.189847349083943,13.540020287555198,13.143157623954442,13.423295974731445,112800
1997-08-11,13.399951589799173,13.703434813958387,13.259882409417996,13.680089950561523,50600
1997-08-12,13.680093523865288,13.70343839335994,13.073126917004371,13.096471786499023,181800
1997-08-13,13.096470812956492,13.493333564864265,13.096470812956492,13.446643829345703,25900
1997-08-14,13.376611814060817,13.44664643088836,13.166507963578187,13.213197708129883,28000
1997-08-15,13.446647404793662,13.493337152726975,13.35326790892704,13.399957656860352,42700
1997-08-18,13.493334770202637,13.633403989270484,13.493334770202637,13.493334770202637,59900
1997-08-19,13.493337152726975,13.493337152726975,13.259888413060416,13.399957656860352,41300
1997-08-20,13.399955657591303,13.58671462146017,13.353265916624085,13.563369750976562,33100
1997-08-21,13.540026044088696,13.540026044088696,13.213197829231383,13.236542701721191,75000
1997-08-22,13.236542336484218,13.236542336484218,13.07312823356466,13.166507720947266,52900
1997-08-25,13.16650252275064,13.353261423782564,13.14315766012165,13.259881973266602,69600
1997-08-26,13.353266695712474,13.446646183095078,13.166507720947264,13.166507720947266,150300
1997-08-27,13.166514251972066,13.633411920481715,13.166514251972066,13.540032386779785,51900
1997-08-28,13.516678432623545,13.586713035901388,13.446643829345703,13.446643829345703,15100
1997-08-29,13.446646464239691,13.633405442909687,13.446646464239691,13.586715698242188,25600
1997-09-02,13.63340699489925,13.726786494864312,13.63340699489925,13.703441619873047,65800
1997-09-03,13.726791454183644,13.796826104460091,13.540032386779785,13.540032386779785,38000
1997-09-04,13.586713035901388,13.633402771419949,13.35326435830858,13.446643829345703,60400
1997-09-05,13.493337152726975,13.51668202669363,13.213198665127106,13.399957656860352,28600
1997-09-08,13.329917127896199,13.353261991517734,13.166503082545457,13.189847946166992,34500
1997-09-09,13.189854379710717,13.376613379777417,13.07313000466903,13.329923629760742,75700
1997-09-10,13.353265762329102,13.399955502756825,13.259886281473653,13.353265762329102,53800
1997-09-11,13.306577197233274,13.35326694178497,13.14316309130234,13.213197708129883,37700
1997-09-12,13.189852835854035,13.306577197233274,13.14316309130234,13.213197708129883,30400
1997-09-15,13.446645030513354,13.54002450989192,13.399955290824073,13.493334770202637,163100
1997-09-16,13.82015621681779,14.427122537151003,13.82015621681779,14.170329093933105,120200
1997-09-17,14.10029977760059,14.123644644782049,13.890195972967469,13.913540840148926,92900
1997-09-18,13.913548087121644,14.170341759870531,13.913548087121644,14.030272483825684,29300
1997-09-19,14.030265758250657,14.030265758250657,13.82016194489915,13.843506813049316,43600
1997-09-22,13.843509540165941,13.913544158412986,13.633405685424805,13.633405685424805,106700
1997-09-23,13.633408059879224,13.726787567138672,13.610063183064364,13.726787567138672,110100
1997-09-24,13.750130049169881,13.773474921918895,13.56337106717776,13.633405685424805,82500
1997-09-25,13.633405685424805,13.680095430922835,13.540026194428744,13.633405685424805,19700
1997-09-26,13.680094103394604,13.72678384436182,13.540024880492952,13.563369750976562,26100
1997-09-29,13.56337082590844,13.656750315243437,13.54002595357469,13.586715698242188,96900
1997-09-30,13.563377270205267,13.680101687332678,13.540032386779785,13.540032386779785,63800
1997-10-01,13.633409535031946,14.053617363166492,13.633409535031946,14.030272483825684,153900
1997-10-02,13.98357940074826,14.123648643493652,13.98357940074826,14.123648643493652,98700
1997-10-03,14.123646154215463,14.333749981302965,14.123646154215463,14.193680763244629,60000
1997-10-06,14.193676257524334,14.263710844321329,14.193676257524334,14.240365982055664,37400
1997-10-07,14.193676257524334,14.263710844321329,14.17033139525867,14.240365982055664,71000
1997-10-08,14.246014674116925,14.481097424514894,14.175489848997534,14.457589149475098,120000
1997-10-09,14.434073831520829,14.434073831520829,14.340040777243821,14.387057304382324,57800
1997-10-10,14.363551481860135,14.622142425068747,14.293026679166877,14.551617622375488,214700
1997-10-13,14.551622249634285,14.575130524674082,14.340047774276114,14.457589149475098,71600
1997-10-14,14.481090358659333,14.481090358659333,14.363549040813073,14.387057304382324,42000
1997-10-15,14.29303122419652,14.457589149475098,14.29303122419652,14.457589149475098,64200
1997-10-16,14.434078861777932,14.48109540530164,14.246012687683105,14.246012687683105,39100
1997-10-17,14.246009278974071,14.246009278974071,13.98741835146794,14.081451416015625,15100
1997-10-20,14.034444918450024,14.151986333177412,14.034444918450024,14.128478050231934,46800
1997-10-21,14.175487475959878,14.340045373690755,14.175487475959878,14.293028831481934,46000
1997-10-22,14.269517124382057,14.48109151337619,14.222500593494471,14.363550186157227,16500
1997-10-23,14.293039233479279,14.316547521692238,14.151989504201522,14.199006080627441,47500
1997-10-24,14.199002899068367,14.246019464959321,14.128478050231934,14.128478050231934,33500
1997-10-27,14.081453158274417,14.081453158274417,13.987420082092285,13.987420082092285,82300
1997-10-28,13.68181678227016,14.151982307434084,13.540767124720983,14.151982307434082,179600
1997-10-29,14.151979600635693,14.316537502968666,14.081454785350132,14.246012687683105,60000
1997-10-30,14.151977397539163,14.246010469948061,13.916894716516918,13.94040298461914,75400
1997-10-31,14.034440198758753,14.575130524674082,14.034440198758753,14.457589149475098,89300
1997-11-03,14.55161880785645,14.575127077336024,14.38706092149943,14.410569190979004,69600
1997-11-04,14.457584552117812,14.575125889939908,14.457584552117812,14.551617622375488,44700
1997-11-05,14.575121879577637,14.59863014067373,14.43407231300108,14.575121879577637,37000
1997-11-06,14.575126283172656,14.622142819569987,14.50460147857666,14.50460147857666,63800
1997-11-07,14.410565567951577,14.528106885797838,14.363549040813073,14.387057304382324,28600
1997-11-10,14.481090539511467,14.64564838655137,14.481090539511467,14.598631858825684,61600
1997-11-11,14.598631858825684,14.622140122688526,14.504598803374309,14.598631858825684,29300
1997-11-12,14.528106885797838,14.622139940074847,14.363549040813073,14.387057304382324,45500
1997-11-13,14.363552652019855,14.575127077336024,14.363552652019855,14.410569190979004,37600
1997-11-14,14.41056791782379,14.457584452629089,14.104960441589355,14.104960441589355,56100
1997-11-17,14.175486621366051,14.66916028479671,14.175486621366051,14.622143745422363,74100
1997-11-18,14.59863337735686,14.669158176281288,14.52810857843243,14.645649909973145,69300
1997-11-19,14.669151306152346,14.669151306152346,14.598626540257381,14.669151306152344,103500
1997-11-20,14.669158176281288,14.716174708897574,14.622141643665001,14.645649909973145,91100
1997-11-21,14.645653477533823,14.833719653810341,14.645653477533823,14.786703109741211,191500
1997-11-24,14.78670630877531,14.857231140136719,14.716181477413901,14.857231140136719,123300
1997-11-25,14.810214790791603,14.857231345683005,14.7396899584545,14.833723068237305,114100
1997-11-26,14.857225026994097,14.904241561889648,14.833716759546322,14.904241561889648,75100
1997-11-28,14.904242712927843,14.904242712927843,14.857226174401257,14.88073444366455,22100
1997-12-01,14.904247694377657,14.951264248618596,14.857231140136719,14.857231140136719,145200
1997-12-02,14.90424497472415,14.951261520385742,14.880736701893357,14.951261520385742,94400
1997-12-03,14.927755288779736,15.045296669006348,14.880738736689091,15.045296669006348,225600
1997-12-04,15.045297008650854,15.139330114954923,15.021788732074837,15.115821838378906,93800
1997-12-05,15.09230903254199,15.139325571584177,14.927751145894335,14.974767684936523,90600
1997-12-08,14.99828045549882,15.115821838378906,14.951263902346787,15.115821838378906,30500
1997-12-09,15.115815144998056,15.233356475830076,15.068798612665246,15.233356475830078,139700
1997-12-10,15.23336341904431,15.468446187856722,15.186346865281827,15.421429634094238,145700
1997-12-11,15.421425702951423,15.421425702951423,15.092309910510387,15.209851264953613,114100
1997-12-12,15.256868515774082,15.421426419642215,15.186343699830596,15.35090160369873,103200
1997-12-15,15.421426373049844,15.515459460690392,15.350901557319434,15.468442916870117,111100
1997-12-16,15.491945455157019,15.609486771205251,15.491945455157019,15.585978507995605,217500
1997-12-17,15.680007452590072,15.680007452590072,15.209842311582873,15.256858825683594,87900
1997-12-18,15.256871025246308,15.609495162963865,15.256871025246308,15.609495162963867,69200
1997-12-19,15.468442916870117,15.562476004510666,15.421426373049844,15.468442916870117,67700
1997-12-22,15.515456515531811,15.538964782979587,14.904241561889648,14.904241561889648,83700
1997-12-23,14.951263564825059,15.045296669006348,14.880738736689091,15.045296669006348,95600
1997-12-24,15.045295738663514,15.374411582946777,14.974770914888527,15.374411582946777,28400
1997-12-26,15.374416646823077,15.397924929157668,14.998284129469607,15.0217924118042,29700
1997-12-29,15.045298008831,15.35090562463538,15.045298008831,15.327397346496582,98300
1997-12-30,15.350899827444302,15.585982520054474,15.28037501966125,15.562474250793457,46600
1997-12-31,15.585984276420803,15.585984276420803,15.421426373049844,15.468442916870117,41600
1998-01-02,15.374410028327002,15.515459661614406,15.3038852116833,15.444934844970703,38000
1998-01-05,15.491945455157019,15.585978507995604,15.491945455157019,15.585978507995605,45100
1998-01-06,15.562477257874635,15.70352690069525,15.515460710267762,15.656510353088379,171400
1998-01-07,15.680018626891814,15.680018626891814,15.46844416266089,15.656510353088379,32200
1998-01-08,15.667873825397404,15.69154130851734,15.573203892917663,15.596871376037598,54000
1998-01-09,15.620533883571625,15.667868834733964,14.981512042880059,15.147184371948242,99000
1998-01-12,15.05251693725586,15.218189293483519,14.957847019411483,15.05251693725586,250500
1998-01-13,15.052514032217173,15.431193630511945,15.02884655732375,15.383858680725098,70000
1998-01-14,15.431190343095054,15.525860222500544,15.123513235027207,15.289185523986816,76500
1998-01-15,15.383859038162841,15.431193989049495,14.815839627522982,14.839507102966309,83300
1998-01-16,14.910509984342553,14.981512412839422,14.57916531802383,14.602832794189453,111600
1998-01-20,14.768506280307113,14.792173758320425,14.38982663209411,14.413494110107422,85700
1998-01-21,14.389814807522683,14.768494144562753,14.011135470482612,14.673824310302734,208800
1998-01-22,14.626502088556117,14.650169567663815,14.460829734802246,14.460829734802246,147400
1998-01-23,14.484496500584987,14.792173713832707,14.460829022642855,14.579166412353516,130900
1998-01-26,14.579167510241996,14.721172388588508,14.555500030517576,14.555500030517578,74900
1998-01-27,14.508152100347704,14.673824310302736,14.4844846417827,14.673824310302734,65000
1998-01-28,14.673833695186932,14.863173484802248,14.673833695186932,14.863173484802246,132200
1998-01-29,14.886844255065919,14.886844255065919,14.744839381408692,14.792174339294434,77700
1998-01-30,14.863169908908729,14.886837376916544,14.65016269683838,14.650162696838379,105000
1998-02-02,14.744837287068368,15.147184371948242,14.744837287068368,15.147184371948242,198700
1998-02-03,15.14717743775555,15.360184620473987,15.099842508262563,15.194512367248535,122200
1998-02-04,15.218188042177301,15.241855519692352,15.09985065460205,15.09985065460205,84000
1998-02-05,15.194524596377116,15.525869369506836,15.147189628787157,15.525869369506836,95900
1998-02-06,15.573192379106466,15.80986703532389,15.502189982241239,15.786199569702148,108300
1998-02-09,15.809877764611016,15.904547691345215,15.549535466091973,15.904547691345215,108400
1998-02-10,15.904535606305393,16.046540388504546,15.904535606305393,16.022872924804688,166600
1998-02-11,16.093885943969905,16.330560737263582,16.070218464640536,16.164888381958008,173600
1998-02-12,16.07021252382467,16.543561935424805,15.999210112084647,16.543561935424805,253400
1998-02-13,16.543561082137256,16.543561082137256,16.141214103029483,16.188549041748047,327000
1998-02-17,16.11755197252546,16.827576288495745,16.11755197252546,16.56723403930664,363900
1998-02-18,16.543564380743565,16.63823427705683,16.472561958508614,16.614566802978516,88500
1998-02-19,16.5908993289002,16.63823427705683,16.56723185482188,16.614566802978516,136000
1998-02-20,16.590902851386502,16.66190528869629,16.590902851386502,16.66190528869629,247300
1998-02-23,16.68556980734796,16.68556980734796,16.283222733979287,16.354225158691406,232400
1998-02-24,16.354231919656254,17.04058897561867,16.330564434967894,16.945919036865234,371200
1998-02-25,16.94591856784508,17.371933280444537,16.898583599778473,17.32459831237793,398900
1998-02-26,17.60860002655344,18.36595916748047,17.51393013393756,18.36595916748047,115900
1998-02-27,17.8926024085597,18.129277043593557,17.49025552900214,17.987272262573242,95300
1998-03-02,18.010943229185706,18.010943229185706,17.65593120758546,17.703266143798828,262900
1998-03-03,17.70327699945328,17.916284343029588,17.70327699945328,17.79794692993164,187000
1998-03-04,17.79793601622556,17.79793601622556,17.703266143798828,17.703266143798828,83100
1998-03-05,17.726935788001033,17.726935788001033,17.46659360686884,17.49026107788086,115300
1998-03-06,17.49025478811239,18.318615975641396,17.466587325611563,18.129276275634766,222900
1998-03-09,18.22396470132109,18.744649407073123,17.750614968819242,17.774282455444336,165300
1998-03-10,17.797932554546158,18.01093972607663,17.513922992505528,17.987272262573242,88900
1998-03-11,17.89260588865229,17.93994082486566,17.63226373947878,17.703266143798828,50400
1998-03-12,17.7979408899943,18.389627754688263,17.726938466231026,18.176620483398438,75400
1998-03-13,18.200294277430828,18.247629243041832,18.08195686340332,18.08195686340332,98600
1998-03-16,18.129285929793372,18.15295340489754,17.229921875834954,17.30092430114746,56300
1998-03-17,17.253588779274665,17.91627806023446,17.229921304954672,17.56126594543457,81900
1998-03-18,17.58493758614034,17.608605066067852,17.348262786865234,17.348262786865234,34400
1998-03-19,17.182585312058723,17.206252784940347,17.064247947650603,17.087915420532227,105800
1998-03-20,17.0405855478076,17.371930266792745,17.0405855478076,17.348262786865234,200300
1998-03-23,17.371928436533963,17.56126825600572,17.016916275024414,17.016916275024414,63300
1998-03-24,17.016914599897436,17.32459177625163,16.9695796496891,17.30092430114746,159700
1998-03-25,17.37193210189407,17.51393699645996,17.324597137038772,17.51393699645996,107500
1998-03-26,17.41926510594472,17.466600065471745,16.685573233275854,16.89858055114746,183600
1998-03-27,16.945921671982354,17.016924137088424,16.661911811558067,16.685579299926758,64400
1998-03-30,16.780242684212595,16.780242684212595,16.614570330489766,16.66190528869629,207400
1998-03-31,16.685579299926758,16.87491920687628,16.472571904608547,16.685579299926758,101300
1998-04-01,16.661905447874727,16.661905447874727,15.904546109334966,16.164888381958008,125000
1998-04-02,16.235892592748918,16.61457230336697,16.046552737439892,16.496234893798828,60400
1998-04-03,16.496226143418696,16.496226143418696,15.951874348155238,16.188549041748047,98700
1998-04-06,16.259556160598503,16.283223636814807,15.857209064921395,15.880876541137695,97900
1998-04-07,15.928214339862116,15.951881820307676,15.47853221139647,15.573202133178711,95200
1998-04-08,15.584630588053267,16.37101103056972,15.584630588053267,16.34718132019043,171800
1998-04-09,16.418686325787103,16.490175526044524,16.15655925817657,16.299537658691406,79600
1998-04-13,16.251867263043515,16.34718613262148,15.679954045575707,15.989740371704102,122200
1998-04-14,15.965913962741634,16.132722019068787,15.775276184082033,15.775276184082031,56500
1998-04-15,15.799103220602623,16.01357068513569,15.751443784039719,15.846762657165527,66500
1998-04-16,15.751449163839197,15.822938343100192,15.608470805317209,15.703789710998535,75800
1998-04-17,15.727620661077529,15.79910984590061,15.67996120452881,15.679961204528809,67300
1998-04-20,15.679963390511203,15.846771511686853,15.679963390511203,15.822941780090332,145900
1998-04-21,15.822934853556687,15.822934853556687,15.393999872586777,15.584637641906738,74600
1998-04-22,15.536983442157041,15.536983442157041,15.203367233276369,15.203367233276367,137800
1998-04-23,15.01271876005026,15.227186170908121,14.86974048614502,14.86974048614502,178400
1998-04-24,14.869754516601562,15.108051864624024,14.726776107788085,14.893584251403809,101400
1998-04-27,14.726762611593976,14.75059232455772,14.035700935645393,14.202508926391602,97100
1998-04-28,14.25016963139,14.393147922005953,14.03570219546607,14.083361625671387,515400
1998-04-29,14.178686615647068,14.679110849140494,14.15485689024262,14.39315414428711,190400
1998-04-30,14.488467616111487,14.488467616111487,14.226340734898944,14.27400016784668,128100
1998-05-01,14.202520098917848,14.369328220885004,14.083371440369879,14.226349830627441,173900
1998-05-04,14.27400639076543,14.67911174743156,14.27400639076543,14.655282020568848,128500
1998-05-05,14.679110842885697,14.869748646040057,14.679110842885697,14.822089195251465,150400
1998-05-06,14.726767463684082,14.726767463684082,14.274002768198649,14.297832489013672,54000
1998-05-07,14.39315414428711,14.631451398331597,14.083367714029274,14.39315414428711,104000
1998-05-08,14.345491930643718,14.5361296971639,14.297832489013672,14.297832489013672,108600
1998-05-11,14.488473581713299,14.774430297141851,14.345495223999023,14.345495223999023,191100
1998-05-12,14.345499172709346,14.655285699694764,14.345499172709346,14.583796501159668,120500
1998-05-13,14.488470448479186,14.631448775273387,13.702089651111072,13.845067977905273,169800
1998-05-14,13.773580250497591,14.25017472283315,13.773580250497591,14.059536933898926,109200
1998-05-15,14.011874601874553,14.059534039295896,13.535280227661133,13.535280227661133,67800
1998-05-18,13.58294186832236,13.58294186832236,13.249325752258303,13.2493257522583,100400
1998-05-19,13.249320536313935,13.344639389093171,13.201661109924315,13.201661109924316,174100
1998-05-20,13.249322816303799,13.344641685485842,13.249322816303799,13.34464168548584,168100
1998-05-21,13.24932360313308,13.535280227661133,13.24932360313308,13.535280227661133,171000
1998-05-22,13.439962127145412,13.535281007479778,13.439962127145412,13.463791847229004,72200
1998-05-26,13.511447533965109,13.725914955139158,13.463788107037542,13.72591495513916,59800
1998-05-27,13.749749850741065,14.29783346697511,13.725920128296107,14.035706520080566,188600
1998-05-28,14.035706686007009,14.274003913273681,13.988047240553675,14.107195854187012,125200
1998-05-29,14.107199162691089,14.416985630790723,14.107199162691089,14.321666717529297,75700
1998-06-01,14.393150071073169,14.63144725768034,14.393150071073169,14.416979789733887,87700
1998-06-02,14.440807352211271,14.488466782416587,14.03570219546607,14.083361625671387,79100
1998-06-03,14.10719472249349,14.44081081390381,14.10719472249349,14.297832489013672,61000
1998-06-04,14.297832056806593,14.512299537658693,14.297832056806593,14.512299537658691,124400
1998-06-05,14.512294855425434,14.91739996633222,14.512294855425434,14.774421691894531,126200
1998-06-08,14.869748646040057,15.036556723800121,14.774429744462877,14.822089195251465,93100
1998-06-09,14.726768046474914,14.988894985813465,14.607619437684663,14.941235542297363,98300
1998-06-10,14.941236707719707,15.060385325803596,14.059536933898926,14.059536933898926,247000
1998-06-11,14.107197016885836,14.20251591564858,13.797410595906925,13.916559219360352,227100
1998-06-12,13.916559484360763,14.011878384938575,13.797410858638495,13.892729759216309,121200
1998-06-15,13.892726808733645,13.964215968984417,13.416132407061822,13.463791847229004,125800
1998-06-16,13.535281703665905,13.67826003152153,13.439962818428821,13.487622261047363,225500
1998-06-17,13.463792439787401,13.96421658356711,13.416132997522666,13.845067977905273,170300
1998-06-18,13.940382376313208,14.10719037055969,13.654425814747809,13.72591495513916,117300
1998-06-19,13.630604475996673,13.702093660311341,13.582945019786894,13.654434204101562,93500
1998-06-22,13.606773687194085,13.86890067591411,13.511454782204984,13.749752044677734,103400
1998-06-23,13.773576629558503,13.940384651023745,13.606768608093262,13.606768608093262,158200
1998-06-24,13.70209043001221,13.797409319960122,13.654430985038255,13.773579597473145,51000
1998-06-25,13.797401592593143,13.98803926572051,13.70208275602946,13.96420955657959,63100
1998-06-26,13.91656036890717,14.178687362157133,13.91656036890717,14.154857635498047,62900
1998-06-29,14.25017052337903,14.512297405916103,14.154851657001913,14.178681373596191,99700
1998-06-30,14.274009022026956,14.41698740955978,14.250179290771484,14.250179290771484,139700
1998-07-01,14.321665172079875,14.679111058238275,14.321665172079875,14.631451606750488,63800
1998-07-02,14.631451716188524,14.72677061987705,14.464643634733607,14.5361328125,128800
1998-07-06,14.631452293706134,14.702941474294276,14.53613338625528,14.655282020568848,83200
1998-07-07,14.702945165384827,14.869753295300052,14.583796501159666,14.583796501159668,86300
1998-07-08,14.583791021954953,14.583791021954953,14.059537096329121,14.131026268005371,82900
1998-07-09,14.214582601654966,14.57474939054825,14.214582601654966,14.454693794250488,107000
1998-07-10,14.430677404711323,14.934910725009056,14.430677404711323,14.88688850402832,72700
1998-07-13,14.910897710430087,14.982931032702696,14.45468666937023,14.478697776794434,73200
1998-07-14,14.38266705988243,14.502722711467426,14.358655929565431,14.35865592956543,179500
1998-07-15,14.262603616551734,14.262603616551734,13.926447975757585,14.070514678955078,123400
1998-07-16,14.070512403691481,14.190567970275879,14.0465012903746,14.190567970275879,60600
1998-07-17,14.214587651891236,14.214587651891236,14.046509757358738,14.094532012939453,90900
1998-07-20,14.09452579615466,14.21458138215257,14.022492444555914,14.070514678955078,117100
1998-07-21,14.070512643353693,14.21457932570885,13.926445960998535,13.926445960998535,124000
1998-07-22,13.830402374267578,13.974469065666199,13.830402374267578,13.830402374267578,98300
1998-07-23,13.854413948059081,13.974469528198242,13.782380599975586,13.806391716003418,67200
1998-07-24,13.782383810926241,13.830406054169886,13.566283716329837,13.59029483795166,78400
1998-07-27,13.566280748162951,13.566280748162951,13.39820293358394,13.4462251663208,54600
1998-07-28,13.446233762916943,13.638322816672899,13.37420036775846,13.542278289794922,86700
1998-07-29,13.542275034320292,13.878430797583563,13.542275034320292,13.75837516784668,84000
1998-07-30,13.782381272560093,14.070514678955078,13.686336803761765,14.070514678955078,89100
1998-07-31,14.070521657727994,14.070521657727994,13.350187784465469,13.374198913574219,350700
1998-08-03,13.30215970371156,13.350181940909074,13.158092992119016,13.182104110717773,87500
1998-08-04,13.230131489889962,13.254142617820797,12.773920059204102,12.773920059204102,71300
1998-08-05,12.67786693572998,12.749900270592082,12.485778042764375,12.67786693572998,127600
1998-08-06,12.67786693572998,12.773911382212784,12.413744707902273,12.67786693572998,114800
1998-08-07,12.677872806125217,13.062050769947193,12.653861683386344,12.9660062789917,167500
1998-08-10,12.917979696831447,12.917979696831447,12.677868550050192,12.89396858215332,151500
1998-08-11,12.797931172712795,12.797931172712795,12.485786509963702,12.725897789001465,89900
1998-08-12,12.677865837506138,13.06204359015784,12.677865837506138,12.990010261535645,109600
1998-08-13,12.941993220588088,13.062048816326381,12.869959863145112,12.91798210144043,150000
1998-08-14,12.869963255716025,13.398208016211832,12.869963255716025,13.086063385009766,95800
1998-08-17,13.062049127394152,13.446227042905745,13.062049127394152,13.398204803466797,49900
1998-08-18,13.398200805049436,13.734356380803364,13.374189692495584,13.710345268249512,109500
1998-08-19,13.758370792362053,13.758370792362053,13.614304082494387,13.638315200805664,64700
1998-08-20,13.590290199626576,13.806390220468696,13.590290199626576,13.734356880187988,46700
1998-08-21,13.662328202817127,13.662328202817127,13.350183621733432,13.59029483795166,54900
1998-08-24,13.590298257626115,13.974476300244522,13.590298257626115,13.85442066192627,93100
1998-08-25,13.902436777063318,13.95045901118098,13.278147733533704,13.326169967651367,133500
1998-08-26,13.254136934385194,13.27814805201995,12.917981287498614,13.11007022857666,91600
1998-08-27,13.01403133851245,13.01403133851245,12.629853291619092,12.773920059204102,119000
1998-08-28,12.677873002721908,12.72589524894434,12.341717279164888,12.413750648498535,218100
1998-08-31,12.509793501051647,12.749904700687953,12.101604461669922,12.101604461669922,110100
1998-09-01,12.197649091134275,12.437760293715659,12.125615730359861,12.341715812683105,188100
1998-09-02,12.3657296206973,13.734363772890982,12.293696244266053,13.086063385009766,175200
1998-09-03,13.062047993307148,13.302159169654706,13.014025758037636,13.11007022857666,87100
1998-09-04,13.08606245400047,13.302162567919744,13.062051330231663,13.134084701538086,101600
1998-09-08,13.206114972613461,13.494248390197756,13.182103854481436,13.494248390197754,85000
1998-09-09,13.398207643906847,13.590296642385798,13.302163144667372,13.35018539428711,149000
1998-09-10,13.302159204970312,13.49424814655833,13.110070263382292,13.158092498779297,77500
1998-09-11,13.15810018228301,13.638322816672899,13.15810018228301,13.542278289794922,84700
1998-09-14,13.494249863751167,13.998483399585284,13.446227622243155,13.566283226013184,72400
1998-09-15,13.542268704145382,14.046502113342283,13.254135327461437,14.046502113342285,59700
1998-09-16,14.04650540695977,14.310627730851321,13.926449805190883,13.974472045898438,55700
1998-09-17,13.926450781626244,14.046506391812677,13.87842853755167,14.02249526977539,37800
1998-09-18,14.310636044347307,14.406680581557692,13.35019067224346,14.334647178649902,159900
1998-09-21,14.238599896624807,14.862889268146299,13.998488599885771,14.766844749450684,89100
1998-09-22,14.76683834462467,14.790849463884221,14.310627078693175,14.454693794250488,89500
1998-09-23,14.502719371370388,14.598763870518537,13.638318879037055,14.430685997009277,136600
1998-09-24,14.406667990127795,14.430679103444675,14.11853463032524,14.190567970275879,42500
1998-09-25,14.09453012663966,14.430685870716243,14.07051900206276,14.142552375793457,122500
1998-09-28,14.11853751042641,14.38265981079153,14.11853751042641,14.238593101501465,88400
1998-09-29,14.21458722766401,14.310631735959038,14.21458722766401,14.262609481811523,60200
1998-09-30,14.286612489006737,14.358645829287443,13.73435688018799,13.734356880187988,80700
1998-10-01,13.638318310753773,14.166563034057617,13.638318310753773,14.166563034057617,94900
1998-10-02,14.11853691335424,14.166559147753405,14.046503561755495,14.070514678955078,112600
1998-10-05,13.998482672975312,14.094527151006018,13.782382597406226,13.950460433959961,112400
1998-10-06,14.02249526977539,14.046506391812677,13.782384049402523,14.02249526977539,72400
1998-10-07,13.961521962676386,14.3728666305542,13.913128472337819,14.3728666305542,129800
1998-10-08,14.276073380434227,14.276073380434227,13.622761547770287,14.082499504089355,142800
1998-10-09,14.08250510672149,14.179292083399988,13.985718130042992,14.106701850891113,202800
1998-10-12,14.130898830238952,14.372866275962222,14.130898830238952,14.251882553100586,161300
1998-10-13,14.251881522101325,14.372865236210842,13.864733636950863,13.876832008361816,71200
1998-10-14,13.840533048368346,14.324467770339268,13.792139576171255,14.300271034240723,75900
1998-10-15,14.251883157312053,14.324473394106512,14.034112446928678,14.130899429321289,147000
1998-10-16,14.034107658598158,14.155091345310211,13.913123971886105,13.937320709228516,101200
1998-10-19,13.961517446570927,14.034107658598158,13.937320709228516,13.937320709228516,134900
1998-10-20,13.937326618776485,15.074573756072482,13.743752637960144,14.276081085205078,224100
1998-10-21,14.22768862163601,14.518049613914297,13.767950383862058,14.445459365844727,101000
1998-10-22,14.518041659127636,14.56643513132473,13.985713464959623,14.300271034240723,107600
1998-10-23,14.324467770339268,14.397057978634907,14.082500409353807,14.300271034240723,81200
1998-10-26,14.251880182584662,14.421257366418436,14.08250299875089,14.34866714477539,58900
1998-10-27,14.324473140215632,14.76001455326273,14.276079649877067,14.3728666305542,111200
1998-10-28,13.98571729161598,13.98571729161598,13.743749864425393,13.888930320739746,290900
1998-10-29,13.888933123572398,14.300277832807122,13.888933123572398,14.276081085205078,96800
1998-10-30,14.27608212034906,14.518049613914297,14.22768862163601,14.445459365844727,114300
1998-11-02,14.421260376499124,14.46965386769543,14.082505938124983,14.130899429321289,89200
1998-11-03,14.03411161838224,14.130898595060739,14.009914874212615,14.106701850891113,106800
1998-11-04,14.179287353747991,14.880992700605827,14.179287353747991,14.300271034240723,168600
1998-11-05,14.348665340780624,14.856796828396801,14.348665340780624,14.73581314086914,121700
1998-11-06,14.735809439211737,14.905186559202676,14.324465004948026,14.493842124938965,98200
1998-11-09,14.39706423010493,14.39706423010493,13.961522791211,14.203490257263184,145000
1998-11-10,14.179295122922964,14.445459365844725,14.179295122922964,14.445459365844727,72900
1998-11-11,14.421255885964573,14.905190647238552,14.300272195646079,14.663223266601562,132300
1998-11-12,14.614825915121154,14.614825915121154,13.404989332743575,13.816333770751953,487800
1998-11-13,13.792144179974914,13.864734412501099,13.622766970747152,13.71955394744873,133300
1998-11-16,13.719548665820811,14.130893158446831,13.622761726379395,13.622761726379395,96100
1998-11-17,13.52597788557646,13.840535510822424,13.52597788557646,13.767945289611816,138400
1998-11-18,13.816339845388708,14.106700752822446,13.598569164813403,13.743749618530273,87000
1998-11-19,13.767943554572856,13.888927241344145,13.404992494258984,13.525976181030273,148500
1998-11-20,13.477580352263017,13.840531349182129,13.477580352263017,13.840531349182129,105800
1998-11-23,13.816331946701078,13.864725403607212,13.550167933717345,13.57436466217041,207200
1998-11-24,13.574372422527258,14.03411052596401,13.574372422527258,13.743749618530273,221200
1998-11-25,13.646958571736075,13.792138982073693,13.574368366567267,13.598565101623535,84400
1998-11-27,13.525971205264279,13.622758119076545,13.525971205264279,13.57436466217041,56100
1998-11-30,13.671155196100102,13.671155196100102,13.501778052077624,13.622761726379395,126200
1998-12-01,13.525977479468146,13.525977479468146,13.35660030172883,13.453387260437012,63800
1998-12-02,13.4533859689675,13.598566393093048,13.356599019550467,13.525976181030273,62500
1998-12-03,13.40499461531853,13.525978321232959,13.211420685855447,13.477584838867188,59200
1998-12-04,13.525973443342254,13.525973443342254,13.25980938631763,13.284006118774414,90000
1998-12-07,13.308208230612934,13.501782168512758,13.211421261663022,13.35660171508789,80900
1998-12-08,13.163025354456018,13.163025354456018,13.042041665536386,13.066238403320312,78400
1998-12-09,13.114626864778614,13.114626864778614,12.848462850917794,12.896856307983398,162200
1998-12-10,12.921065263549108,12.921065263549108,12.727491252110172,12.751688003540039,163400
1998-12-11,12.703289516932122,12.824273226617189,12.679092774995107,12.800076484680176,202000
1998-12-14,12.75168371469961,13.066241377491062,12.72748697140796,12.848470687866211,83400
1998-12-15,12.896865966624782,12.896865966624782,12.6307017534299,12.872669219970703,137700
1998-12-16,12.872657219568888,12.884755581617355,12.763771961132685,12.775870323181152,216500
1998-12-17,12.848462850917794,12.896856307983398,12.775872665319389,12.896856307983398,70300
1998-12-18,12.896853943665823,13.163017908732096,12.775870323181152,12.775870323181152,189800
1998-12-21,12.80006939385219,13.090430136245814,12.78797102958579,12.896856307983398,128400
1998-12-22,12.92105775389724,13.16302512756573,12.654893642861905,13.114631652832031,92900
1998-12-23,13.017848369646853,13.332406044006348,12.969454881283852,13.332406044006348,97400
1998-12-24,13.380797874135645,13.598568544781614,13.320306021178432,13.477584838867188,29400
1998-12-28,13.453381846932805,13.453381846932805,13.090430897824906,13.163021087646484,88200
1998-12-29,13.114635460692922,13.574373604148947,13.066241971908077,13.50178337097168,66900
1998-12-30,13.501781914260361,13.574372139605845,13.16302752931476,13.211421012878418,65300
1998-12-31,13.259810810835761,13.598565101623537,13.259810810835761,13.598565101623535,82900
1999-01-04,13.59856588346464,13.840533247939101,13.332401782542735,13.42918872833252,119400
1999-01-05,13.429187367179177,13.646957973133432,13.21141676122492,13.30820369720459,90700
1999-01-06,13.33240472178756,13.429191688914875,13.114634045751103,13.211421012878418,39000
1999-01-07,13.108896359857523,13.32859853348642,12.938016891479492,12.938016891479492,245100
1999-01-08,13.035662301981224,13.08448500723209,12.791548775726895,12.938016891479492,233700
1999-01-11,12.986836871487883,13.108893609001866,12.913602828979492,12.913602828979492,209000
1999-01-12,12.889191270540547,13.133304741573513,12.889191270540547,13.108893394470215,88500
1999-01-13,12.889188688704111,13.060068084198294,12.5718412399292,12.5718412399292,99700
1999-01-14,12.57183919581332,12.693895887034808,12.47419384283613,12.596250534057617,63600
1999-01-15,12.620668262128204,12.718313664543123,12.620668262128204,12.645079612731934,48400
1999-01-19,12.64507631770151,12.669487661944178,12.230083465576172,12.230083465576172,74700
1999-01-20,12.30332174533751,12.30332174533751,11.79068333928178,12.010385513305664,145600
1999-01-21,11.937147755220712,12.254495241555823,11.912736410118011,12.15684986114502,64200
1999-01-22,12.108025631408092,12.474195761390192,12.059202947410478,12.425373077392578,62200
1999-01-25,12.400968705878926,12.42538006159916,12.205677860117053,12.376557350158691,123500
1999-01-26,12.44978448116418,12.44978448116418,12.083614349365234,12.083614349365234,41300
1999-01-27,12.108028780018769,12.108028780018769,11.717447206469776,11.888326644897461,57300
1999-01-28,11.888323643168464,11.985969011900854,11.74185559006988,11.912734985351562,80500
1999-01-29,11.961561950211673,11.961561950211673,11.717448441023679,11.839505195617676,58800
1999-02-01,11.888327897455273,11.888327897455273,11.741859791942478,11.839505195617676,42300
1999-02-02,11.888324640396975,11.888324640396975,11.705239558666015,11.741856575012207,67700
1999-02-03,11.717446096319902,11.815091480455902,11.595389366149904,11.595389366149902,123500
1999-02-04,11.595390464735717,11.985972038284709,11.302454284573972,11.888326644897461,124000
1999-02-05,11.888323925159597,11.888323925159597,11.668621840300384,11.863912582397461,212800
1999-02-08,11.815088789472696,12.20567023705857,11.815088789472696,12.059202194213867,184300
1999-02-09,12.108024875162101,12.303315598955038,12.03479085373975,12.059202194213867,83200
1999-02-10,12.01038200703073,12.01038200703073,11.448921059547587,11.473332405090332,112100
1999-02-11,11.424508412679037,11.863912582397463,11.375685727154767,11.863912582397461,95600
1999-02-12,11.76626857333713,11.76626857333713,10.985105514526367,10.985105514526367,121200
1999-02-16,11.082748855556453,11.278039584288726,10.838635444641113,10.838635444641113,70000
1999-02-17,10.838634353809143,10.985102385617374,10.814223015174436,10.863045692443848,57400
1999-02-18,10.887457031078553,10.960691046982669,10.6433436447315,10.863045692443848,58100
1999-02-19,10.960691046982669,11.05833640152149,10.838634353809143,10.863045692443848,94100
1999-02-22,10.911870813795499,10.985104846102852,10.765402749180794,10.93628215789795,83000
1999-02-23,10.93628215789795,10.960693502000401,10.863048125590598,10.93628215789795,99400
1999-02-24,10.88745717762264,10.88745717762264,10.667755126953125,10.667755126953125,90300
1999-02-25,10.667761610613928,10.765407025814056,10.54570484161377,10.54570484161377,96000
1999-02-26,10.570114791256259,10.692171544042127,10.545703440699084,10.618937492370605,58900
1999-03-01,10.545699351542705,10.911869467915714,10.52128801045117,10.838635444641113,91700
1999-03-02,10.93627762848804,11.22921363639397,10.692164288566433,10.716575622558594,104000
1999-03-03,10.692168060439585,10.911870143873275,10.692168060439585,10.887458801269531,66700
1999-03-04,10.887460932763346,11.107163059209244,10.887460932763346,11.009517669677734,86700
1999-03-05,11.033923171963826,11.2780365164763,11.033923171963826,11.204802513122559,77700
1999-03-08,11.180393094695017,11.180393094695017,10.863045692443848,10.863045692443848,96200
1999-03-09,10.863048221571331,11.278041074979674,10.863048221571331,11.08275032043457,78300
1999-03-10,11.155982294187442,11.180393633999667,11.009514255314084,11.107159614562988,70700
1999-03-11,11.1071617603302,11.1071617603302,10.643346214294432,10.740991592407227,78300
1999-03-12,10.789814281463622,10.81422562599182,10.716580247879028,10.740991592407227,50000
1999-03-15,10.740986956550755,10.814220958527237,10.716575622558594,10.716575622558594,29900
1999-03-16,10.64334471590884,10.863046785732648,10.64334471590884,10.838635444641113,43400
1999-03-17,10.887459469693049,10.93628215789795,10.863048125590598,10.93628215789795,37700
1999-03-18,10.911868896065178,11.131570954375215,10.911868896065178,11.107159614562988,128400
1999-03-19,11.131570954375215,11.253627653436347,11.009514255314084,11.107159614562988,159900
1999-03-22,11.082753330929652,11.253632787573942,11.058341979980469,11.058341979980469,117800
1999-03-23,10.96069369316101,10.96069369316101,10.740991592407227,10.740991592407227,124300
1999-03-24,10.789815543231837,11.131574406592122,10.789815543231837,11.009517669677734,71400
1999-03-25,11.009514923429593,11.155982971191406,10.985103582135958,11.155982971191406,29700
1999-03-26,11.131575974842045,11.131575974842045,10.911873817443848,10.911873817443848,76000
1999-03-29,10.93628215789795,11.082750222512654,10.887459469693049,10.93628215789795,101100
1999-03-30,10.887458267384135,11.00951497441759,10.74099021894399,10.814224243164062,73800
1999-03-31,10.789814951367367,10.814226297411185,9.984240531921387,9.984240531921387,92800
1999-04-01,9.984240531921387,10.228353992359564,9.984240531921387,9.984240531921387,99900
1999-04-05,10.033067368172311,10.033067368172311,9.91101058753761,9.93542194366455,106500
1999-04-06,9.935423205669661,9.935423205669661,9.715720972620455,9.740132331848145,126700
1999-04-07,9.715716136320857,9.715716136320857,9.42277997140666,9.593659400939941,79000
1999-04-08,9.638142215155568,9.687568585489698,9.440436733819043,9.539289474487305,82600
1999-04-09,9.539293609540284,9.736999176577388,9.539293609540284,9.564006805419922,151700
1999-04-12,9.564008081146559,9.564008081146559,9.218023292681309,9.440442085266113,185000
1999-04-13,9.46515211214622,9.687570830186209,9.36629934857289,9.48986530303955,89000
1999-04-14,9.539295825761618,10.0335598581845,9.539295825761618,9.588722229003906,82000
1999-04-15,9.687570271758258,9.835849408570885,9.564004324414404,9.7369966506958,176600
1999-04-16,9.736992669935843,10.033550822319675,9.712279490570523,9.934698104858398,53800
1999-04-19,10.033556021532966,10.577246249300762,10.033556021532966,10.181835174560547,118500
1999-04-20,10.181830741014089,10.33010982947546,10.181830741014089,10.206543922424316,59500
1999-04-21,10.280686378479002,10.478391885757445,10.206546813249588,10.280686378479004,58400
1999-04-22,10.47839448554664,10.47839448554664,10.280688929215573,10.33011531829834,126800
1999-04-23,10.280683851356414,10.428962945366363,10.255970669021423,10.305397033691406,112900
1999-04-26,10.25597573467419,10.428968096463874,10.25597573467419,10.33011531829834,65500
1999-04-27,10.280683181946536,10.404249085575701,10.231256820494869,10.255970001220703,129600
1999-04-28,10.20654836673181,10.255974751074337,10.181835174560547,10.181835174560547,120800
1999-04-29,10.157119750976562,10.181832937718598,10.033553817266384,10.157119750976562,216600
1999-04-30,10.157124198332466,10.37954297639814,9.885279025141086,10.058271408081055,149400
1999-05-03,10.132403654210707,10.132403654210707,10.058264115277458,10.082977294921875,221100
1999-05-04,10.132403991624605,10.157117172091981,10.08297763068985,10.107690811157227,95000
1999-05-05,10.132403991624605,10.18183035255936,10.08297763068985,10.107690811157227,66200
1999-05-06,10.08297937042467,10.08297937042467,9.687568414721742,9.811134338378906,311200
1999-05-07,9.909989660545099,10.107695189932533,9.860563278198242,9.860563278198242,142800
1999-05-10,9.95941102079994,10.453674595033188,9.86055830595329,10.404248237609863,80700
1999-05-11,10.404248630299287,10.7255199656767,9.860558678122127,10.082977294921875,343700
1999-05-12,10.157120014059132,10.157120014059132,9.93470132761988,10.033554077148438,236400
1999-05-13,10.082980292184013,10.379538536071777,10.082980292184013,10.379538536071777,126300
1999-05-14,10.478391885757445,10.478391885757445,10.157120436429977,10.280686378479004,77500
1999-05-17,10.33011531829834,10.379541707381106,10.280688929215573,10.33011531829834,49200
1999-05-18,10.37953658069638,10.37953658069638,10.18183112201645,10.305397033691406,247500
1999-05-19,10.305395580687613,10.552527369193312,10.305395580687613,10.478387832641602,106000
1999-05-20,10.428961416321526,10.552527309879837,10.3795350588982,10.404248237609863,247400
1999-05-21,10.478387832641602,10.62666690574502,10.379535117239323,10.478387832641602,336200
1999-05-24,10.478392926384421,10.577245689840877,10.478392926384421,10.503106117248535,147100
1999-05-25,10.428967507086067,10.676099438533605,10.428967507086067,10.57724666595459,143600
1999-05-26,10.651382816797016,10.750235557556152,10.577243261227663,10.750235557556152,72600
1999-05-27,10.651380767284984,10.651380767284984,10.527814865112305,10.527814865112305,91700
1999-05-28,10.428968096463874,10.774952820043245,10.33011531829834,10.33011531829834,36400
1999-06-01,10.404249344315641,10.67609433906023,10.404249344315641,10.626667976379395,55900
1999-06-02,10.651381779383946,10.651381779383946,10.503102682687185,10.60195541381836,109800
1999-06-03,10.6266727797482,10.774951934814453,10.601959587237157,10.774951934814453,116200
1999-06-04,10.774949403321989,10.824375776731722,10.725523029912253,10.799662590026855,84000
1999-06-07,10.799661927935722,10.799661927935722,10.700809187176585,10.750235557556152,181100
1999-06-08,10.75023621661712,10.873802150141456,10.700809843207386,10.799662590026855,40700
1999-06-09,10.849085919240887,11.04679135740473,10.849085919240887,10.99736499786377,36300
1999-06-10,10.9726569000381,11.046796473687005,10.947943708821796,11.022083282470703,37100
1999-06-11,11.04679135740473,11.04679135740473,10.972651818093288,10.99736499786377,62200
1999-06-14,10.9726569000381,11.071509664903306,10.947943708821796,11.022083282470703,110300
1999-06-15,11.046791575408868,11.46691563979802,11.022078395150682,11.293923377990723,76400
1999-06-16,11.269210197732537,11.417489279281648,11.244497017474352,11.293923377990723,72900
1999-06-17,11.195074735369001,11.318640681675502,11.195074735369001,11.244501113891602,55200
1999-06-18,11.269214303152902,11.368067060198102,11.244501113891602,11.244501113891602,77000
1999-06-21,11.219787655705991,11.368066787719727,11.219787655705991,11.368066787719727,52400
1999-06-22,11.318638840880157,11.392778396606445,11.29392565563806,11.392778396606445,87000
1999-06-23,11.343352026122252,11.466917952332734,11.343352026122252,11.392778396606445,113300
1999-06-24,11.368066728902807,11.368066728902807,11.14564803203297,11.21978759765625,56700
1999-06-25,11.195074735369001,11.269214303152902,11.195074735369001,11.244501113891602,160900
1999-06-28,11.343349738507092,11.343349738507092,11.219783837216166,11.293923377990723,132900
1999-06-29,11.318639094369454,11.318639094369454,11.244499536982755,11.26921272277832,105400
1999-06-30,11.343353870936802,11.368067060198102,11.195074735369001,11.244501113891602,137600
1999-07-01,11.293928831367083,11.639913522043535,11.293928831367083,11.491634368896484,205300
1999-07-02,11.491635673924495,11.812907208894428,11.491635673924495,11.738767623901367,85400
1999-07-06,11.73876384312139,11.83761659127399,11.689337469045089,11.81290340423584,58600
1999-07-07,11.76347541809082,11.862328152696625,11.714049050787917,11.76347541809082,118800
1999-07-08,11.58373512614108,11.883314482851626,11.334085662215626,11.558770179748535,214200
1999-07-09,11.50883692183893,11.658626556396484,11.43394210456015,11.658626556396484,70900
1999-07-12,11.583726418118516,11.983165260122604,11.583726418118516,11.883305549621582,102900
1999-07-13,11.833377810434682,12.232816723867076,11.783447946255633,12.033097267150879,44800
1999-07-14,12.008139610290527,12.207859188008458,11.933244768646304,12.008139610290527,129900
1999-07-15,12.15792071334715,12.282745361328125,12.132955783750953,12.282745361328125,79100
1999-07-16,12.20785057253954,12.332675220520516,12.20785057253954,12.282745361328125,48200
1999-07-19,12.482466989633988,12.632256593509597,12.20785271586204,12.232817649841309,66900
1999-07-20,12.332676452225174,12.332676452225174,12.008132335061354,12.033097267150879,65200
1999-07-21,12.132956262494696,12.232815984819757,11.983166679007107,12.182886123657227,77300
1999-07-22,12.182892676322691,12.382612228393555,11.983173124251827,12.382612228393555,57100
1999-07-23,12.382607253716916,12.382607253716916,12.157922847903505,12.232817649841309,43900
1999-07-26,12.282746588046125,12.282746588046125,12.008132335061354,12.033097267150879,34700
1999-07-27,12.0330977263274,12.232817190664784,11.93323799415871,12.132957458496094,97500
1999-07-28,12.13295735187412,12.13295735187412,12.00813268776019,12.058062553405762,27000
1999-07-29,12.008128626041692,12.033093550420157,11.783444306635507,11.908268928527832,50000
1999-07-30,11.85834992700208,12.008139610290527,11.85834992700208,12.008139610290527,42800
1999-08-02,11.95820432812798,11.983169264094844,11.758484840393066,11.758484840393066,73500
1999-08-03,11.733517388502756,12.05806148648262,11.70855245788892,11.983166694641113,114900
1999-08-04,12.083023399177087,12.083023399177087,11.783444306635507,11.908268928527832,65400
1999-08-05,11.883314811036177,11.933244705200195,11.758490075626133,11.933244705200195,57100
1999-08-06,11.933239333564902,11.983169205253459,11.883309461876346,11.95820426940918,84700
1999-08-09,11.983171120668068,12.08303088000697,11.683591842651367,11.683591842651367,88200
1999-08-10,11.683591226302902,11.683591226302902,11.334082087054524,11.433941841125488,206200
1999-08-11,11.4589033317143,11.4589033317143,11.23421895266108,11.259183883666992,166600
1999-08-12,11.259187522631013,11.259187522631013,11.109397888183594,11.109397888183594,92100
1999-08-13,11.184290219659674,11.184290219659674,10.934640884399414,10.934640884399414,58600
1999-08-16,10.859746083821335,10.95960581792544,10.809816216769283,10.934640884399414,119400
1999-08-17,10.934639687971636,11.059464341943915,10.884709826382725,10.984569549560547,115600
1999-08-18,10.984571610374012,10.984571610374012,10.834781997505276,10.859746932983398,57500
1999-08-19,10.809816007260922,10.88471080638744,10.734921208134404,10.78485107421875,56700
1999-08-20,10.834784588497344,10.909679412841797,10.834784588497344,10.909679412841797,38600
1999-08-23,10.934643314661605,11.508836913376712,10.934643314661605,11.109397888183594,98500
1999-08-24,11.059465552029543,11.08443048555557,10.909675950873387,10.934640884399414,58500
1999-08-25,10.884711017347362,11.059465552029543,10.859746083821335,10.934640884399414,224600
1999-08-26,10.934635445878312,11.08442497253418,10.934635445878312,11.08442497253418,83300
1999-08-27,11.184284432586534,11.209249353194986,11.109389670761178,11.134354591369629,89600
1999-08-30,11.184287071228027,11.23421692422458,11.15932214472975,11.184287071228027,67800
1999-08-31,11.284150825198001,11.40897550246789,11.184291083382089,11.334080696105957,88600
1999-09-01,11.334078899358502,11.483868488336809,11.284149036365733,11.408973693847656,63100
1999-09-02,11.359039531901447,11.408969375997716,11.259179843708905,11.309109687805176,46400
1999-09-03,11.209257652723815,11.658626556396484,11.209257652723815,11.658626556396484,93600
1999-09-07,11.608695185702778,11.658625057469242,11.458905570403388,11.483870506286621,62800
1999-09-08,11.384015555000717,11.58373512614108,11.384015555000717,11.558770179748535,61800
1999-09-09,11.60869522459188,11.808414712326796,11.558765352658153,11.758484840393066,44900
1999-09-10,11.733514685379832,11.883304234554894,11.733514685379832,11.858339309692383,60300
1999-09-13,11.78344583912056,11.883305549621582,11.78344583912056,11.883305549621582,50400
1999-09-14,11.808415918891606,11.833380857409349,11.284152210019041,11.433941841125488,77400
1999-09-15,11.433938760673051,11.483868624256775,11.259184238130013,11.284149169921875,91000
1999-09-16,11.184284656971425,11.184284656971425,10.984565288096935,11.08442497253418,85500
1999-09-17,11.08442736523492,11.184287071228027,11.034497512238366,11.184287071228027,60900
1999-09-20,11.209249353194986,11.284144115020343,11.109389670761178,11.134354591369629,50200
1999-09-21,11.08443048555557,11.134360352607622,10.934640884399414,10.934640884399414,38300
1999-09-22,10.834779145287685,10.834779145287685,10.660024642944336,10.660024642944336,55800
1999-09-23,10.610095640787712,10.809815088143717,10.385411262512207,10.385411262512207,61700
1999-09-24,10.385411725725447,11.009535026550294,10.385411725725447,10.485271453857422,77400
1999-09-27,10.48527260670205,10.585132345813498,10.160728454589844,10.160728454589844,104000
1999-09-28,10.16072860641859,10.235623411871307,9.98597406036225,10.035903930664062,86900
1999-09-29,9.985971222653914,10.460304855729975,9.985971222653914,10.43533992767334,51400
1999-09-30,10.43533992767334,10.53519963989988,10.3354802154468,10.43533992767334,54600
1999-10-01,10.435335219339366,10.460300136132044,10.210650968205265,10.310510635375977,71400
1999-10-04,10.335481272174174,10.70995523131092,10.335481272174174,10.510235786437988,58000
1999-10-05,10.46031209236182,10.56017187367315,10.310522420394825,10.335487365722656,54300
1999-10-06,10.406209540251949,10.684045231860617,10.406209540251949,10.456725120544434,41800
1999-10-07,10.53248948088059,10.53248948088059,10.481973943802025,10.507231712341309,27600
1999-10-08,10.557744825587552,10.608260351068832,10.305167198181152,10.305167198181152,26200
1999-10-11,10.380940486403071,10.456713774624992,10.279909435440512,10.305167198181152,28400
1999-10-12,10.27991760765634,10.431464304575107,10.27991760765634,10.355690956115723,35300
1999-10-13,10.380945847034454,10.532492501735687,10.103110313415527,10.103110313415527,52200
1999-10-14,10.002076512060794,10.140994241394973,9.951560974121094,9.951560974121094,22600
1999-10-15,10.00207986316828,10.052595418032766,9.800017643710335,9.825275421142578,45400
1999-10-18,9.901052157084147,9.901052157084147,9.698989868164062,9.698989868164062,64300
1999-10-19,9.749500354338563,9.800015900215966,9.597953716706357,9.673727035522461,19500
1999-10-20,9.648470572705538,9.648470572705538,9.32011947991713,9.370635032653809,91300
1999-10-21,9.3706352739449,9.3706352739449,7.855168652821737,8.385581970214844,212300
1999-10-22,8.461355496020545,9.042284380821954,8.38558216322036,8.486613273620605,150200
1999-10-25,8.486611866881072,8.86547846808112,8.461354093467735,8.612900733947754,84500
1999-10-26,8.68867368114238,8.865478087444695,8.612900364155673,8.663415908813477,66900
1999-10-27,8.764450636155967,8.865481767408484,8.713935070529708,8.814966201782227,84000
1999-10-28,8.865478481565203,9.21908730988974,8.865478481565203,9.193829536437988,174800
1999-10-29,9.294863112429356,9.926307617349828,9.294863112429356,9.496925354003906,107200
1999-11-01,9.572695217083282,10.128366179552497,9.522179675040627,9.774757385253906,131400
1999-11-02,9.774758258232703,10.204140403943184,9.774758258232703,9.850531578063965,77800
1999-11-03,9.901053737327096,10.481982910690677,9.850538157034611,10.456725120544434,152400
1999-11-04,10.456717705612547,10.886099833620792,10.35568661666943,10.557748794555664,136600
1999-11-05,10.557748794555664,10.734553200206117,10.456717705612547,10.557748794555664,100000
1999-11-08,10.65878067826325,10.911358419454322,10.65878067826325,10.709296226501465,93400
1999-11-09,10.709294139748751,10.709294139748751,10.204138755798338,10.20413875579834,50500
1999-11-10,10.15362062173731,10.33042496092179,10.077847333515392,10.305167198181152,34100
1999-11-11,10.330427601785942,10.431458678576025,9.951561063823133,10.20413875579834,52500
1999-11-12,10.204141462416876,10.63352365266709,10.204141462416876,10.60826587677002,68600
1999-11-15,10.709296226501465,10.734554000620571,10.633522904144142,10.709296226501465,55300
1999-11-16,10.60826673575327,10.759813403406888,10.60826673575327,10.684040069580078,77700
1999-11-17,10.583002793645283,10.60826055687594,10.431456214261342,10.481971740722656,71800
1999-11-18,10.507235812912171,10.734555818479983,10.456720256119324,10.532493591308594,57300
1999-11-19,10.456712417972001,10.557743455826804,10.406196899044602,10.4314546585083,86600
1999-11-22,10.330425161338713,10.557745030414626,10.330425161338713,10.481971740722656,75200
1999-11-23,10.53248948088059,10.709293860655563,10.481973943802025,10.507231712341309,65500
1999-11-24,10.456713977491999,10.481971740722656,10.153620818724114,10.481971740722656,93800
1999-11-26,10.431461161247016,10.5830078125,10.431461161247016,10.5830078125,34800
1999-11-29,10.583001215290505,10.583001215290505,10.406196899044602,10.4314546585083,95100
1999-11-30,10.406200111927488,10.507231180975328,10.380942344665527,10.380942344665527,95500
1999-12-01,10.35569365460771,10.380951444009193,10.027342392388443,10.077857971191406,159100
1999-12-02,10.077852043924452,10.204140916655335,9.825274298462686,9.976820945739746,133400
1999-12-03,9.92630614892906,9.92630614892906,9.825275043087542,9.8757905960083,113200
1999-12-06,9.825273376484816,9.850531148660869,9.57269565472428,9.648468971252441,97900
1999-12-07,9.69898422121063,9.80001530684824,9.52217982134481,9.623210906982422,99400
1999-12-08,9.623211902120838,9.623211902120838,9.24434529180112,9.29486083984375,150900
1999-12-09,9.345376177148504,9.345376177148504,9.092798442630977,9.193829536437988,52400
1999-12-10,9.092797646975384,9.168570960700178,8.865477705801,9.042282104492188,199600
1999-12-13,8.966512010338601,9.04228535127104,8.966512010338601,8.991769790649414,117900
1999-12-14,8.991771024816176,9.143317727481618,8.991771024816176,9.01702880859375,143900
1999-12-15,8.991764783859253,9.017022550106049,8.814960420131683,8.89073371887207,88000
1999-12-16,8.814963629586357,8.890736955915179,8.814963629586357,8.840221405029297,86500
1999-12-17,8.840223340427174,8.865481121399823,8.587645530700684,8.587645530700684,164800
1999-12-20,8.688677406836476,9.496926467937543,8.688677406836476,9.168575286865234,162700
1999-12-21,9.118055636052926,9.522179985573278,9.118055636052926,9.14331340789795,143900
1999-12-22,9.067546852299424,9.34538254972364,9.067546852299424,9.244351387023926,163200
1999-12-23,9.193828951587992,9.269602267123059,9.14331340789795,9.14331340789795,67300
1999-12-27,9.1180605078142,9.193833863834817,9.042287151793584,9.067544937133789,89000
1999-12-28,9.067544937133789,9.244349434515227,9.067544937133789,9.067544937133789,102500
1999-12-29,9.067541156034807,9.345376678921665,9.067541156034807,9.32011890411377,78700
1999-12-30,9.320119280906075,9.522181487538186,9.269603729248047,9.269603729248047,79100
1999-12-31,9.219087600708008,9.294860923453554,9.168572052210978,9.219087600708008,72300
2000-01-03,9.168575912797955,9.269607052332919,8.915998063960545,8.966513633728027,107300
2000-01-04,8.865476706021381,9.269601000312953,8.865476706021381,9.118054389953613,94900
2000-01-05,9.067546852299424,9.673733828497713,9.067546852299424,9.244351387023926,109800
2000-01-06,9.243321684716454,9.243321684716454,9.064088300248267,9.089693069458008,93800
2000-01-07,9.08969021361807,9.448156869929768,9.012875930122707,9.422552108764648,88400
2000-01-10,9.47376340861109,9.806625366210938,9.47376340861109,9.806625366210938,100600
2000-01-11,9.755416350839026,9.8066258854891,9.755416350839026,9.781021118164062,47100
2000-01-12,9.729815804384609,9.832234918114972,9.576187133789062,9.576187133789062,63200
2000-01-13,9.576182979563768,9.832230652814136,9.576182979563768,9.781021118164062,70200
2000-01-14,9.8066258854891,9.8066258854891,9.652997281538878,9.781021118164062,75000
2000-01-18,9.755416428170554,9.755416428170554,9.448159217834473,9.448159217834473,77700
2000-01-19,9.448160789051993,9.550579876196188,9.3457417019078,9.371346473693848,22100
2000-01-20,9.42255217900695,9.42255217900695,8.987271235954998,9.038480758666992,39600
2000-01-21,9.038480246807897,9.217713566149696,8.961665967089981,9.064085006713867,84700
2000-01-24,9.012880187103713,9.371347012727156,8.833646774291992,8.833646774291992,85900
2000-01-25,8.987272299253023,9.14090088556504,8.628805597858316,8.654410362243652,79000
2000-01-26,8.65441174915055,8.808040360082217,8.603202212173327,8.68001651763916,22900
2000-01-27,8.654413749626908,8.96167104251307,8.526389877591006,8.628808975219727,97500
2000-01-28,8.628805393898956,8.808038740359764,8.475176811218262,8.475176811218262,54700
2000-01-31,8.475178899385877,8.603202749829773,8.321550278853204,8.372759819030762,117100
2000-02-01,8.321550460791808,8.39836477273758,7.988688442360137,8.270340919494629,67100
2000-02-02,8.295941932179103,8.295941932179103,8.14231337787949,8.219127655029297,94400
2000-02-03,8.167921836900268,8.3471552314404,8.167921836900268,8.270340919494629,109300
2000-02-04,8.091108875510134,8.398366174580138,8.091108875510134,8.295947074890137,120900
2000-02-07,8.295948463150218,8.347158021564725,8.065505450284933,8.091110229492188,108600
2000-02-08,8.091105215011105,8.091105215011105,7.809452818286035,7.937476634979248,129200
2000-02-09,8.091107459584618,8.526388557093918,7.963083607376002,8.039897918701172,138700
2000-02-10,8.014290406389634,8.193523738161927,7.886266597980854,7.963080883026123,75000
2000-02-11,7.963082653461117,8.014292188210064,7.732639747090859,7.758244514465332,110700
2000-02-14,7.758245653133329,7.758245653133329,7.579012255206156,7.655826568603516,115500
2000-02-15,7.553407484073703,7.707036110868422,7.52780271294125,7.655826568603516,116100
2000-02-16,7.553408825930042,7.579013601611161,7.450989723205566,7.450989723205566,155900
2000-02-17,7.450984989363572,7.527799267604434,7.399775470536331,7.425380229949951,146200
2000-02-18,7.374174643061303,7.502198508392228,7.348569869995118,7.348569869995117,135000
2000-02-22,7.220546004664192,7.4253841891936725,7.1949412315980075,7.348569869995117,125100
2000-02-23,7.297355297197226,7.374169563483513,7.169331520053415,7.194936275482178,181400
2000-02-24,7.2461503433144605,7.2461503433144605,7.0669169425964355,7.0669169425964355,128300
2000-02-25,7.11812574661086,7.169335284356261,6.913287595629252,6.938892364501953,103900
2000-02-28,6.887678767695571,7.0669120441783555,6.657235983646277,6.759654998779297,151700
2000-02-29,6.708448886871339,6.836472720590257,6.657239353383771,6.708448886871338,153300
2000-03-01,6.70845094334665,6.938893914682985,6.529217521196166,6.631636619567871,401300
2000-03-02,6.657240720605661,6.657240720605661,6.4780073165893555,6.4780073165893555,203100
2000-03-03,6.503613306630042,6.529218083427798,6.273170315450238,6.349984645843506,177400
2000-03-06,6.401188974458028,6.5292127539471885,6.273165194968867,6.298769950866699,108500
2000-03-07,6.3499826566943565,6.3499826566943565,6.093934968924423,6.119539737701416,190900
2000-03-08,6.119539737701416,6.247563581586383,6.06833020014743,6.119539737701416,156800
2000-03-09,6.119541268811448,6.119541268811448,5.99151739289489,6.068331718444824,169500
2000-03-10,5.991516780853272,6.042726325988769,5.889097690582275,5.889097690582275,151600
2000-03-13,5.8890968247463835,5.8890968247463835,5.709863443123667,5.837887287139893,248300
2000-03-14,5.83788698060172,5.83788698060172,5.709863143307822,5.735467910766602,193800
2000-03-15,5.7354682119269125,5.940306362352874,5.7354682119269125,5.837887287139893,148500
2000-03-16,5.889096177857497,5.991515241820236,5.863491411866812,5.940305709838867,223900
2000-03-17,5.812282002128367,5.965910601303567,5.812282002128367,5.863491535186768,110000
2000-03-20,5.8634926403983165,6.119540353952829,5.8634926403983165,6.042726039886475,177000
2000-03-21,5.9147021831092195,6.401192838862792,5.8890974117537676,6.042726039886475,260200
2000-03-22,5.889096693559126,6.017120534723455,5.86349192532626,5.914701461791992,147700
2000-03-23,5.863489763471815,5.9146992810567225,5.761070728302002,5.761070728302002,369200
2000-03-24,5.8122802458869085,5.8122802458869085,5.709861210717095,5.761070728302002,217800
2000-03-27,5.786677235599168,5.863491535186768,5.761072469069968,5.863491535186768,182900
2000-03-28,5.940305349464241,5.940305349464241,5.530629118466707,5.556233882904053,232300
2000-03-29,5.837886894698692,6.273167935092893,5.761072593452656,5.786677360534668,270900
2000-03-30,5.889095862706502,6.298772096633911,5.863491098086039,6.145143508911133,325600
2000-03-31,6.221960166677894,6.785265202344205,6.170750617980957,6.170750617980957,407500
2000-04-03,6.196353789418936,6.682844376191497,6.196353789418936,6.554820537567139,145400
2000-04-04,6.657238840603556,7.015705547405286,6.6060293110604515,6.734053134918213,145100
2000-04-05,6.708449617307284,6.964497312624356,6.708449617307284,6.83647346496582,109500
2000-04-06,6.913699141415682,7.2006828793612385,6.913699141415682,7.174593448638916,115400
2000-04-07,7.226773034047037,7.278951900718856,7.070236434031577,7.148504734039307,108100
2000-04-10,7.096322955507222,7.122412378137763,6.8876075744628915,6.887607574462891,118600
2000-04-11,6.887607391470033,7.070233345031739,6.809339125657874,7.070233345031738,95400
2000-04-12,7.070233812579861,8.296436724724709,7.070233812579861,8.035542488098145,241300
2000-04-13,7.9311817787789005,7.9311817787789005,7.670287641319068,7.722466468811035,87800
2000-04-14,7.670294939085495,7.931189324768676,7.592026623380542,7.852921009063721,100100
2000-04-17,7.800742131927085,7.931189324768676,7.696384377653813,7.852921009063721,109300
2000-04-18,7.9050923650329175,7.9311817787789005,7.565929986335136,7.722466468811035,66900
2000-04-19,7.774645296303001,7.9050923650329175,7.539840572589152,7.722466468811035,62900
2000-04-20,7.74856441857799,7.9051010734987575,7.74856441857799,7.879011631011963,45000
2000-04-24,7.774649369431844,7.774649369431844,7.539844522704037,7.64420223236084,31900
2000-04-25,7.748559466863082,7.748559466863082,7.46157578290519,7.696380615234375,45900
2000-04-26,7.748560667037964,7.852918386459351,7.722471237182617,7.7746500968933105,51100
2000-04-27,7.82682447150202,7.90509271621704,7.774645641692007,7.905092716217041,28800
2000-04-28,7.800743303551579,7.9051010734987575,7.7224749760911955,7.879011631011963,46900
2000-05-01,7.905096544802768,8.1659908202088,7.826828262180958,8.061633110046387,38800
2000-05-02,7.983364141670762,8.21816896936696,7.931185291071607,8.192079544067383,73500
2000-05-03,8.139898964947132,8.322524903263254,7.983362446390457,8.009451866149902,48100
2000-05-04,7.93118923960008,8.139904745905346,7.9050998013119225,8.113815307617188,46800
2000-05-05,8.113811974327405,8.165990829467773,8.08772254675722,8.165990829467773,46200
2000-05-08,8.218171589006008,8.452976491549038,8.192082155390116,8.270350456237793,114000
2000-05-09,8.322527885437012,8.374706743652917,8.244259598113151,8.322527885437012,111900
2000-05-10,8.32252573217236,8.348615154530268,8.270346887456547,8.296436309814453,86300
2000-05-11,8.348617317506774,8.479064463092817,8.322527888389564,8.426885604858398,71200
2000-05-12,8.322526724060621,8.531242127798818,8.296437298593347,8.505152702331543,131000
2000-05-15,8.583419248547857,9.053028812298196,8.531240408131154,9.026939392089844,71000
2000-05-16,9.131299501115626,9.183478355407715,8.844315802509135,9.183478355407715,59700
2000-05-17,9.10520864214216,9.18347691127232,8.922582680838449,9.131298065185547,99300
2000-05-18,9.183477606289628,9.183477606289628,9.00085163116455,9.00085163116455,63700
2000-05-19,8.948674440383911,9.000853300094604,8.818227291107178,8.974763870239258,15000
2000-05-22,9.026938197376964,9.49654769897461,9.00084878062154,9.49654769897461,64300
2000-05-23,9.4965517461465,9.679177741264702,9.366104606776355,9.418283462524414,116300
2000-05-24,9.287837492312239,9.679178959684945,9.287837492312239,9.548731803894043,101700
2000-05-25,9.600909947699357,9.809625381344995,9.470462801670832,9.574820518493652,78700
2000-05-26,9.574817690887862,9.705264798393147,9.496549426384691,9.67917537689209,53100
2000-05-30,9.679181787419447,9.783539542539872,9.600913471079128,9.757450103759766,70700
2000-05-31,9.600907112388919,9.783533062896316,9.548728269386805,9.67917537689209,120300
2000-06-01,9.574821707995042,9.757447735123014,9.574821707995042,9.600911140441895,85200
2000-06-02,9.705265509115684,9.757444355938885,9.65308666229248,9.65308666229248,58300
2000-06-05,9.600910432532388,9.600910432532388,9.313926696777344,9.313926696777344,90400
2000-06-06,9.366101800578914,9.548727740980175,9.366101800578914,9.522638320922852,44500
2000-06-07,9.470459480808206,9.653085421209466,9.470459480808206,9.522638320922852,73300
2000-06-08,9.574820523579914,9.835714815775553,9.574820523579914,9.783535957336426,41100
2000-06-09,9.679178939439863,10.018341543786812,9.679178939439863,9.96616268157959,35100
2000-06-12,10.018342720445736,10.200968759620528,9.99225328627791,10.096611022949219,49700
2000-06-13,10.096610564885177,10.227057729806173,9.809626802058983,9.94007396697998,77500
2000-06-14,9.940072052042426,10.018340335916777,9.835714340209961,9.835714340209961,43400
2000-06-15,9.757442072818154,10.174872749730161,9.705263238204154,9.913978576660156,78900
2000-06-16,9.887893211067498,10.253145203033052,9.887893211067498,10.044429779052734,156800
2000-06-19,9.992251864608651,10.540129904182493,9.992251864608651,10.357503890991211,87900
2000-06-20,10.305326496291839,10.409684232963148,10.096611022949219,10.096611022949219,55900
2000-06-21,10.096604095221801,10.409677090422477,10.070514678955078,10.070514678955078,47500
2000-06-22,10.01834449156083,10.044433930340936,9.757450103759766,9.757450103759766,52100
2000-06-23,9.731354371706644,9.757443793614705,9.287834199269613,9.392191886901855,86800
2000-06-26,9.392193853855133,10.018340110778809,9.392193853855133,10.018340110778809,43800
2000-06-27,10.01833985663341,10.38359183057317,9.809624442953547,9.887892723083496,61000
2000-06-28,9.940067993967157,10.018336245888158,9.835710324739155,9.913978576660156,30200
2000-06-29,9.966161480000544,9.99225090795866,9.757446056335612,9.835714340209961,41700
2000-06-30,9.887891440458603,9.966159710435846,8.557330850845439,8.811702728271484,160100
2000-07-03,8.97476479176725,9.34001684724615,8.97476479176725,9.287837982177734,90100
2000-07-05,9.340016359782352,9.78353668971615,9.340016359782352,9.444374084472656,86300
2000-07-06,9.44331167602539,9.94589689127604,9.3904079691569,9.919445037841797,65800
2000-07-07,9.866549318244145,9.866549318244145,9.311059946439514,9.443319320678711,30700
2000-07-10,9.469769851254746,9.469769851254746,9.15234739814006,9.390414237976074,25800
2000-07-11,9.205248170740465,9.258151895859662,8.887825820025276,8.993633270263672,49500
2000-07-12,8.993637464199848,9.046541213989258,8.57040746588456,9.046541213989258,112300
2000-07-13,8.99363347162599,9.152344650537037,8.887826019018627,9.020085334777832,63300
2000-07-14,8.940730850491397,9.020086449756112,8.702664052697248,8.914278984069824,106800
2000-07-17,8.96717643737793,9.152339372663018,8.91427274158219,8.96717643737793,40800
2000-07-18,8.993633270263672,9.178796308180864,8.914277682584874,8.993633270263672,40100
2000-07-19,9.046537197929673,9.152344650537037,9.020085334777832,9.020085334777832,25400
2000-07-20,9.125894936773207,9.17879867553711,9.072991198009305,9.17879867553711,22400
2000-07-21,9.178797648285546,9.205249514707118,8.887827117648252,8.914278984069824,19100
2000-07-24,8.914275620200417,8.914275620200417,8.596853342923252,8.72911262512207,27200
2000-07-25,8.782019651961964,8.914278984069824,8.517500987746242,8.914278984069824,32200
2000-07-26,8.96718012139679,9.231698709048613,8.623305957449421,9.07298755645752,40500
2000-07-27,9.152345957677008,9.602027695481949,9.152345957677008,9.575575828552246,61900
2000-07-28,9.522672977502477,9.522672977502477,8.914279981717597,9.17879867553711,38400
2000-07-31,9.178799269232952,9.390414237976074,9.178799269232952,9.390414237976074,47700
2000-08-01,9.390414420016471,9.443318163227831,9.25815506198807,9.28460693359375,15100
2000-08-02,9.31105880519943,9.31105880519943,9.178799447171029,9.28460693359375,54900
2000-08-03,9.311058624697404,9.522673593440526,9.205251140325842,9.390414237976074,49600
2000-08-04,9.363958828997415,9.70783302328263,9.311055106799689,9.549121856689453,30000
2000-08-07,9.575579253941365,9.734290512293985,9.549127377549262,9.654934883117676,42800
2000-08-08,9.681381287279155,9.892996178804383,9.654929425838501,9.813640594482422,22800
2000-08-09,9.840098017862397,9.840098017862397,9.628483006725572,9.654934883117676,16900
2000-08-10,9.707831796268783,9.892994800557288,9.681379938513283,9.760735511779785,27700
2000-08-11,9.866542975522831,10.316224558857652,9.840091117679606,10.131061553955078,86200
2000-08-14,10.183964861501561,11.162683562477037,10.183964861501561,10.68655014038086,87700
2000-08-15,10.713001251220703,10.84526052592713,10.607193831455561,10.713001251220703,34600
2000-08-16,10.633651639374209,11.294948383116386,10.633651639374209,11.2684965133667,60200
2000-08-17,11.242039142224492,11.294942855834961,11.056876144587854,11.294942855834961,30900
2000-08-18,11.189135551452637,11.242039265643902,10.977520694687575,11.189135551452637,47200
2000-08-21,11.136234081359136,11.215589668637229,11.109782218933104,11.109782218933105,71700
2000-08-22,11.109785431797064,11.109785431797064,10.739459250737161,10.898170471191406,57300
2000-08-23,10.871719369521507,11.030430601193355,10.71300813784966,11.003978729248047,103200
2000-08-24,11.003976532907197,11.400754532891833,11.003976532907197,11.347850799560547,122700
2000-08-25,11.321401596069336,11.480112833397412,11.321401596069336,11.321401596069336,111000
2000-08-28,11.321401977539063,11.347853851318359,10.951075744628906,11.242046356201172,85700
2000-08-29,11.294940840011526,11.453651952517541,11.162681579589844,11.162681579589844,97700
2000-08-30,11.109782218933104,11.242041531063261,11.030426631655011,11.109782218933105,34700
2000-08-31,11.056878232725575,11.16268567992869,10.951070785522461,10.951070785522461,27700
2000-09-01,10.951068251672453,11.00397196303319,10.68654969486877,10.871712684631348,56100
2000-09-05,10.845259354577811,11.347844544180198,10.713000094156131,11.162681579589844,35000
2000-09-06,11.056883239746094,11.294950103759765,11.0039794921875,11.242046356201172,73400
2000-09-07,11.347844327713702,11.347844327713702,11.083325811916179,11.136229515075684,44200
2000-09-08,11.242039093959708,11.321394664034717,10.924616813659668,10.924616813659668,73700
2000-09-11,11.003977951494235,11.189141042024186,10.898170471191406,10.898170471191406,59600
2000-09-12,10.818808973270611,10.97752010735282,10.713001550549137,10.871712684631348,52200
2000-09-13,10.977519683558084,11.056875247535613,10.818808555603027,10.818808555603027,32100
2000-09-14,10.845261243584659,11.003972383734679,10.845261243584659,10.924616813659668,45400
2000-09-15,10.580745851150667,10.818812632801556,10.47493839263916,10.47493839263916,133300
2000-09-18,10.580741803263136,10.66009736678761,10.18396398564077,10.210415840148926,60400
2000-09-19,10.316226207996573,10.580744828714435,10.316226207996573,10.34267807006836,60500
2000-09-20,10.263323475616147,10.501390257267037,10.263323475616147,10.47493839263916,40500
2000-09-21,10.527838094246821,10.554289948754978,10.210415840148926,10.210415840148926,30600
2000-09-22,10.104611652413594,10.263322830200195,9.972352337591426,10.263322830200195,45800
2000-09-25,10.263322651679879,10.79235990176647,10.263322651679879,10.739456176757812,47600
2000-09-26,10.686552420116605,11.136234081359136,10.607196832838511,11.109782218933105,72900
2000-09-27,11.136233190740702,11.638818536641114,11.003973889187963,11.612366676330566,102600
2000-09-28,11.718176195312244,12.67044333533762,11.718176195312244,12.643991470336914,163500
2000-09-29,12.670445596410874,12.670445596410874,12.062052592825383,12.432378768920898,207000
2000-10-02,12.273664461628774,12.273664461628774,11.771079063415527,11.771079063415527,71800
2000-10-03,11.665272911209865,11.956243437339817,11.585917313174424,11.69172477722168,104800
2000-10-04,11.663901842557468,11.904670458573563,11.663901842557468,11.824414253234863,55200
2000-10-05,11.93142354241733,11.93142354241733,11.583646623019515,11.637150764465332,49500
2000-10-06,11.637149406468264,11.90467008247903,11.530141136063959,11.610397338867188,38400
2000-10-09,11.717407780872056,11.877920216226467,11.583647418076714,11.690655708312988,26100
2000-10-10,11.797663780605847,11.984928285059906,11.717407564411248,11.931424140930176,34400
2000-10-11,11.931424140930176,11.984928285059906,11.851167924735577,11.931424140930176,56600
2000-10-12,11.984923900257458,12.065180087089539,11.744155339761214,11.770907402038574,41400
2000-10-13,11.824410125061318,11.824410125061318,11.556889533996582,11.556889533996582,54800
2000-10-16,11.50338939675244,12.091934900772332,11.50338939675244,12.011678695678711,52400
2000-10-17,12.01168216787359,12.54672368982787,11.877921787385018,12.439715385437012,56400
2000-10-18,12.359455108642578,12.386207175977303,12.172190637299508,12.359455108642578,40800
2000-10-19,12.38620848554246,12.680481257337206,12.38620848554246,12.57347297668457,51000
2000-10-20,12.519964385032655,12.840989112854006,12.519964385032655,12.840989112854004,39000
2000-10-23,12.787480888126781,12.867737044328415,12.680472679857939,12.76072883605957,85400
2000-10-24,12.680480065553084,12.70723213320193,12.305951118469238,12.305951118469238,57800
2000-10-25,12.38620750232705,12.38620750232705,11.583645461139552,12.06518268585205,103900
2000-10-26,11.984923900257458,11.984923900257458,11.556890903819692,11.770907402038574,65400
2000-10-27,11.797664413452148,12.145441368950738,11.717408192952474,12.038433074951172,67200
2000-10-30,12.091926558157368,12.493207306768786,12.091926558157368,12.332695007324219,33000
2000-10-31,12.386204278894834,12.41295633997236,11.877915118421827,11.984923362731934,45200
2000-11-01,11.984925795231621,12.145438194274902,11.877917529202767,12.145438194274902,42200
2000-11-02,12.252446983171545,12.386207321415776,12.145438712576162,12.305951118469238,49700
2000-11-03,12.305955591454971,12.386211823573156,11.87792235349132,12.091938972473145,31300
2000-11-06,11.984927939497718,12.17219243855237,11.637151012681937,11.7174072265625,56200
2000-11-07,11.610397250835712,12.279198935791685,11.583645183437472,12.17219066619873,50400
2000-11-08,12.198943748719175,12.787489280455627,12.091935470221639,12.493216514587402,122100
2000-11-09,12.412962103949653,12.493218324449328,11.556895751953125,12.038433074951172,75300
2000-11-10,12.118689295450848,12.279201736450196,11.770912339952257,12.038433074951172,54900
2000-11-13,11.931421263065298,12.172189853575583,11.82441300061628,12.118685722351074,59800
2000-11-14,12.172190637299508,12.600223714655096,12.091934435295336,12.359455108642578,69700
2000-11-15,12.305952275052984,12.60022504684773,12.19894399440035,12.57347297668457,50900
2000-11-16,12.466465795142017,12.840994810446714,12.466465795142017,12.519969940185547,60700
2000-11-17,12.626976774536894,13.001505746662989,12.626976774536894,12.867745399475098,51400
2000-11-20,12.760732930898667,13.055005598068238,12.65372468829155,12.840989112854004,53100
2000-11-21,12.78748810019799,13.135264973215927,12.78748810019799,12.921248435974121,45300
2000-11-22,12.81424387329293,12.81424387329293,12.252450300559838,12.787491798400879,72300
2000-11-24,12.733980507686221,13.188765525817871,12.733980507686221,13.188765525817871,51200
2000-11-27,13.26902428884355,13.777313525714574,13.26902428884355,13.483040809631348,68300
2000-11-28,13.483042798723494,13.590051074903839,13.108513832092287,13.108513832092285,58300
2000-11-29,13.215524218976496,13.723813612014053,13.215524218976496,13.697061538696289,93600
2000-11-30,13.590060418773547,14.098350080105629,13.536556243896484,13.536556243896484,81800
2000-12-01,13.590050263163644,13.830818870188196,13.269025453797573,13.75056266784668,47800
2000-12-04,13.536549083709717,13.750565670013428,13.322532497406007,13.376036643981934,80000
2000-12-05,13.45628461155255,14.071581919834276,13.45628461155255,13.83081340789795,30100
2000-12-06,13.7238208559662,13.884333380597383,13.536556243896484,13.536556243896484,67400
2000-12-07,13.643555550174858,14.205349014005588,13.643555550174858,14.018084526062012,73500
2000-12-08,14.018081251312704,14.553122520446777,14.018081251312704,14.553122520446777,86600
2000-12-11,14.553121682369348,14.579873744285468,14.125088691711426,14.125088691711426,68000
2000-12-12,14.125090237848744,14.21872246480418,13.34928035736084,13.34928035736084,101200
2000-12-13,13.34927953992571,14.258849688938685,13.34927953992571,14.044833183288574,90300
2000-12-14,14.098340735180686,14.446117641361614,13.804067968412209,14.018084526062012,82500
2000-12-15,13.830821905285118,14.09834263846278,13.697061538696287,13.697061538696289,117400
2000-12-18,13.670303639137384,14.125088691711426,13.670303639137384,14.125088691711426,71400
2000-12-19,14.232101290413503,14.633382341834936,14.232101290413503,14.285605430603027,89300
2000-12-20,14.392598770712025,14.713623278608948,14.20533447443882,14.312342643737793,92500
2000-12-21,14.365861742306286,14.419365882873535,14.178597250320916,14.419365882873535,75300
2000-12-22,14.392608297341186,14.92764949798584,14.23209593714779,14.92764949798584,69900
2000-12-26,14.954405496641332,15.409190636968528,14.927653429563263,15.061413764953613,62200
2000-12-27,15.007905443858599,15.221921920776369,15.007905443858599,15.221921920776367,44600
2000-12-28,15.16842454817237,15.382441120280621,15.088168333631774,15.35568904876709,70600
2000-12-29,15.382435364382607,15.569699794905524,14.847394134317124,14.981154441833496,89200
2001-01-02,15.088161858179236,15.43593863859826,14.74038507776021,14.92764949798584,105400
2001-01-03,14.713644937637747,15.248686571733666,14.339115793770606,14.57988452911377,156200
2001-01-04,14.50210229262565,14.50210229262565,13.826957865594661,13.907975196838379,59900
2001-01-05,13.988992027614428,14.367072893225627,13.853963147038998,14.286055564880371,78900
2001-01-08,14.178028664031586,14.71814404170898,14.178028664031586,14.556109428405762,32500
2001-01-09,14.907182889371306,15.01520595378704,14.637125228331971,14.988200187683105,61800
2001-01-10,14.934188088067144,15.096222678534417,14.637124672210472,15.015205383300781,74600
2001-01-11,15.096218920805876,15.096218920805876,14.637121028759902,14.691132545471191,45800
2001-01-12,14.475095956066573,14.880182596628138,14.259049747767072,14.4210844039917,83700
2001-01-16,14.529106342970437,14.853175629430744,14.44808902135536,14.47509479522705,84900
2001-01-17,14.367076214361369,14.772162949728699,14.367076214361369,14.5291109085083,83900
2001-01-18,14.583115398435666,14.691138475461115,14.259046167359317,14.367069244384766,53900
2001-01-19,14.31306331212284,14.664138449967362,13.98899395411251,14.151028633117676,51900
2001-01-22,14.25905105733426,14.583120399546402,14.151027943263545,14.448091506958008,37700
2001-01-23,14.448090221570885,14.664136430491572,14.178032460420027,14.286055564880371,57000
2001-01-24,14.286058190246347,14.502104438870111,13.988994598388674,13.988994598388672,76200
2001-01-25,14.070004463195799,14.340062130435642,14.015992929747831,14.0700044631958,34700
2001-01-26,14.07001459431314,14.07001459431314,13.34085836773645,13.475887298583984,42700
2001-01-29,12.854744640463878,13.78374282780174,12.854744640463878,13.77942180633545,82200
2001-01-30,13.79238720509805,14.09917318792377,13.697327189202424,14.086209297180176,42000
2001-01-31,14.08621336384547,14.129423598296448,13.576344959588216,13.610912322998047,49100
2001-02-01,13.654118127366617,14.146703956057838,13.654118127366617,13.891769409179688,79600
2001-02-02,13.922018315539825,14.56151490006401,13.922018315539825,14.215841293334961,77300
2001-02-05,13.848555110301913,14.725703424379752,13.826950829291341,14.53990364074707,69300
2001-02-06,14.431877924577268,14.777551301869394,14.431877924577268,14.691132545471191,102300
2001-02-07,14.647930182955019,15.339277229764708,14.639288138832224,14.993603706359863,110300
2001-02-08,15.036808789471962,15.118907365437332,14.859651046816525,14.95903205871582,70300
2001-02-09,14.95903708815347,15.4775482514248,14.95903708815347,15.373847007751465,63800
2001-02-12,15.378164819335327,15.728160171090094,15.378164819335327,15.559642791748047,110600
2001-02-13,15.55964952237395,15.857794389307854,15.55532932281494,15.555329322814941,86800
2001-02-14,15.555319142910815,15.987411341325004,15.555319142910815,15.715192794799805,155200
2001-02-15,15.620138925433341,16.0522312702774,15.620138925433341,15.823221206665039,145600
2001-02-16,15.7497639561778,16.00901866519504,15.576926384632145,15.58556842803955,80000
2001-02-20,15.585567869531685,16.505924855674063,15.585567869531685,16.419506072998047,175700
2001-02-21,16.376299618244527,16.743577431617517,15.987415870189627,16.026304244995117,148700
2001-02-22,16.073830936301082,16.33308560934585,16.03062072525961,16.160249710083008,76900
2001-02-23,16.203455891975622,16.33308320945127,15.987409813415946,16.134321212768555,78200
2001-02-26,16.16025770380702,16.376303920979296,16.0133462101978,16.056554794311523,97700
2001-02-27,16.05655184466779,16.67444404413573,16.05655184466779,16.52753257751465,124300
2001-02-28,16.549137620446952,16.683086849985223,16.19050180658235,16.315807342529297,89700
2001-03-01,16.441114526777845,16.441114526777845,16.24235243001907,16.315807342529297,101900
2001-03-02,16.28988683014888,16.73926340506518,16.28988683014888,16.458402633666992,107800
2001-03-05,16.45840375940332,16.613957326614194,16.31149224018218,16.397911071777344,98800
2001-03-06,16.462716065780935,16.592345075170826,16.28988013376329,16.514568328857422,104500
2001-03-07,16.484319165362557,16.721969561215406,16.423824868840903,16.58370018005371,185900
2001-03-08,16.635556671897426,16.81271448221154,16.59234809310925,16.73061752319336,49400
2001-03-09,16.743587096950936,16.85161023951191,16.665810302442846,16.8472900390625,44000
2001-03-12,16.847283163200032,16.938022170325482,16.73493821773852,16.773826599121094,73500
2001-03-13,16.812710340558066,16.825672581341067,16.333087651972402,16.713329315185547,138300
2001-03-14,16.743578247387155,16.86456357565374,16.4583973676863,16.484323501586914,87600
2001-03-15,16.57074299445668,16.57074299445668,16.13001019393603,16.238033294677734,52600
2001-03-16,16.13000271757476,16.17321127852331,15.555319296813584,15.581245422363281,130500
2001-03-19,15.663342166080188,15.831857859449178,15.550998919934502,15.646058082580566,89000
2001-03-20,15.663343844854381,15.663343844854381,15.300386293965712,15.360878944396973,88500
2001-03-21,15.317672981246675,15.382485839874814,15.16643968117825,15.339277267456055,100200
2001-03-22,15.382483159736418,15.883710094650047,15.343594792014624,15.818897247314453,200000
2001-03-23,15.862115182707239,16.095445526877285,15.85779498298649,15.94853401184082,110100
2001-03-26,16.05655098968975,16.40222452559721,15.952848104766794,16.194820404052734,103000
2001-03-27,16.19481705214726,16.851597458585708,15.965808691063858,16.765178680419922,101400
2001-03-28,16.721971688239563,16.721971688239563,16.255311231234145,16.328767776489258,145400
2001-03-29,16.328775568455875,16.717657819897436,16.246676940564427,16.62691879272461,60900
2001-03-30,16.65715947635611,17.240485127804497,16.63555518888798,17.03740119934082,133400
2001-04-02,17.14542565837859,17.14542565837859,16.35469581695386,16.721975326538086,112700
2001-04-03,16.6139509064212,16.6139509064212,16.009020967322577,16.225067138671875,61100
2001-04-04,16.225067458012482,16.877527831377865,16.225067458012482,16.795429229736328,59900
2001-04-05,16.81720456293127,16.81720456293127,16.555797892578525,16.730070114135742,116200
2001-04-06,16.773642603583603,16.79978394361757,16.446883332085225,16.534019470214844,57400
2001-04-09,16.577588445425615,16.860780508526208,16.55580482410644,16.83899688720703,53700
2001-04-10,16.86078118781769,17.143971600343757,16.730077792653056,17.000198364257812,214500
2001-04-11,16.991487453467098,16.991487453467098,16.211621348393315,16.355396270751953,52700
2001-04-12,16.294396840414365,16.616798400878906,16.207260699591853,16.616798400878906,72000
2001-04-16,16.507878640346682,16.730075882543264,16.381531319253224,16.616798400878906,65500
2001-04-17,16.708296806663764,17.20932855599922,16.59937700567643,17.1221923828125,114300
2001-04-18,17.165756944798236,17.30517412172789,16.882564869293958,16.886920928955078,116800
2001-04-19,16.843352944049506,17.252890675530928,16.81721160128031,17.013267517089844,100700
2001-04-20,17.017622147489707,17.017622147489707,16.36410365481783,16.599369049072266,58000
2001-04-23,16.70829864451767,17.113480481717875,16.677801229845347,16.812862396240234,36500
2001-04-24,16.773646668464906,16.987130175518327,16.747505322095915,16.882566452026367,44400
2001-04-25,16.882564100154983,17.165756162757543,16.852066697965018,17.06990623474121,103600
2001-04-26,17.15704390036304,17.204968868612887,16.991485372404625,17.143972396850586,158500
2001-04-27,17.035055039540552,17.204971313476562,17.035055039540552,17.204971313476562,78900
2001-04-30,17.204961748911604,17.274670311523746,16.7736388751355,16.860774993896484,83300
2001-05-01,16.96969745050881,17.38359283456678,16.65600803741502,17.348737716674805,75900
2001-05-02,17.318242358553942,17.318242358553942,16.917418427504362,17.10040283203125,71000
2001-05-03,17.035058600154326,17.174475832023784,16.886927583544963,17.08734130859375,33300
2001-05-04,17.305171556804886,17.688567905543607,17.231105257672986,17.666784286499023,134600
2001-05-07,17.727788360914168,17.732146084193477,17.122194459878433,17.296466827392578,139800
2001-05-08,17.340023252676044,17.361806869506836,16.947913163771492,17.361806869506836,46600
2001-05-09,17.361818952451195,17.42281544880468,17.283396547695588,17.40538787841797,63200
2001-05-10,17.422800716799443,17.531720446641447,17.209317315036515,17.4315128326416,68800
2001-05-11,17.470729085141166,17.479442865501866,17.392306723878526,17.422805786132812,61800
2001-05-14,17.531728654762617,17.819276809692383,17.505587309047563,17.819276809692383,118400
2001-05-15,17.775702630830725,17.80620002746582,17.640643206299153,17.80620002746582,50000
2001-05-16,17.732138751044918,18.067611839484425,17.732138751044918,17.993545532226562,74000
2001-05-17,18.03711443707936,18.067611839484425,17.732138751044918,17.993545532226562,70900
2001-05-18,17.989195656388777,17.989195656388777,17.688575926511874,17.86284828186035,41200
2001-05-21,17.81926887964307,17.81926887964307,17.44894079241347,17.644996643066406,122600
2001-05-22,17.601432914508873,17.61014503228499,17.34873828742917,17.35309600830078,90000
2001-05-23,17.331312148100032,17.331312148100032,16.708290971091394,16.773643493652344,185600
2001-05-24,16.77364946139673,17.274681213998395,16.638588308977635,17.257253646850586,76600
2001-05-25,17.231101570372807,17.274670461122223,17.130895614624023,17.130895614624023,27800
2001-05-29,17.08732852923981,17.418443791797564,16.99147863077005,17.401016235351562,31200
2001-05-30,17.418452810772152,17.710358715445135,17.29646317645252,17.37488555908203,81500
2001-05-31,17.42716006994825,17.666783188513342,17.318240319511077,17.348737716674805,77400
2001-06-01,17.42716306534275,17.56222417741332,17.30081573424291,17.435876846313477,35500
2001-06-04,17.44459840523203,17.579657915537215,17.401029480952513,17.514307022094727,53600
2001-06-05,17.601427407071952,17.601427407071952,17.26595447021927,17.549144744873047,77300
2001-06-06,17.470732964260435,17.78006641880542,17.340029553796487,17.63629150390625,100700
2001-06-07,17.52737912913262,17.52737912913262,17.008921328217713,17.209333419799805,117900
2001-06-08,17.165761063093846,17.165761063093846,16.81721637516533,17.004558563232422,88200
2001-06-11,17.06990623474121,17.23110702660014,16.991483868543078,17.06990623474121,40700
2001-06-12,17.087330885101803,17.405376355166208,17.013264590986264,17.309526443481445,90800
2001-06-13,17.296460279689033,17.340027524082632,16.969700960785527,17.000198364257812,26000
2001-06-14,17.000193365437227,17.017620922863717,16.773640104842904,16.81720733642578,19500
2001-06-15,16.773645829931812,16.991485386164694,16.573233837073705,16.642942428588867,127800
2001-06-18,16.621155968894886,16.629868087111596,16.224688110689243,16.25082778930664,69400
2001-06-19,16.22904617258209,16.329252164276753,16.11577033996582,16.11577033996582,44300
2001-06-20,16.185477230946322,16.499165014057994,16.185477230946322,16.31182289123535,119200
2001-06-21,16.31182747931941,16.782361779311223,16.31182747931941,16.608089447021484,100000
2001-06-22,16.717008701146742,16.717008701146742,16.36410964949555,16.429460525512695,37200
2001-06-25,16.381534711115087,16.599374277284085,16.381534711115087,16.5165958404541,62300
2001-06-26,16.534020188900584,17.0394078176398,16.468667666966784,16.638582229614258,69100
2001-06-27,16.57758758795318,16.92613049698298,16.57758758795318,16.773643493652344,45500
2001-06-28,16.730082271435016,17.013272759773532,16.664729725365362,16.93049430847168,92800
2001-06-29,17.008914952061733,17.453307898534902,16.99584344699974,17.279035568237305,109000
2001-07-02,17.170119770646085,17.2006171862435,16.987135277061608,17.08734130859375,98400
2001-07-03,16.99148437628478,17.06990674482634,16.97841453552246,16.97841453552246,62300
2001-07-05,17.06626872559221,17.171698154168272,16.98719707309614,17.022340774536133,49400
2001-07-06,17.13216518472087,17.237594630877368,16.736806856314246,16.903736114501953,49100
2001-07-09,17.013555183728492,17.04430508522119,16.394161677492228,16.662126541137695,70900
2001-07-10,16.662123022656317,16.76315863133184,16.56108741398079,16.622587203979492,52700
2001-07-11,16.692874153683327,16.736802099579744,16.350231483608873,16.63137435913086,59900
2001-07-12,16.692877919874967,16.692877919874967,16.36780534937105,16.561092376708984,37900
2001-07-13,16.517157628351676,16.692872748634734,16.45565783897568,16.48201560974121,27400
2001-07-16,16.48201643774416,16.517158458120043,16.104230083177324,16.139373779296875,42000
2001-07-17,16.139371125109996,16.55669155556574,16.139371125109996,16.3853702545166,32600
2001-07-18,16.38977794288388,16.77634880975587,16.38977794288388,16.71045684814453,94900
2001-07-19,16.890554855689626,16.890554855689626,16.60501815318527,16.824661254882812,62400
2001-07-20,16.780743364203442,17.299101529003458,16.780743364203442,17.220029830932617,39300
2001-07-23,17.369379419437497,17.369379419437497,17.088236476351554,17.233200073242188,66700
2001-07-24,17.154129091809715,17.241986683946816,16.925700022550927,17.00037956237793,125000
2001-07-25,16.912521970240828,17.039915395052414,16.815878451315598,17.00037956237793,36000
2001-07-26,16.95644938706232,17.009164946108026,16.73680625160429,16.81587791442871,37200
2001-07-27,16.91251797185022,16.91251797185022,16.807088551062066,16.84662437438965,73800
2001-07-30,16.95644699457252,17.066268546806135,16.851019242844835,17.035518646240234,28100
2001-07-31,17.21124564193634,17.391353044488707,17.11020994545526,17.303495407104492,59500
2001-08-01,17.35180756655859,17.35180756655859,17.0443068441543,17.233200073242188,89800
2001-08-02,17.13216277190116,17.14534082241071,16.916911784362753,17.123376846313477,15100
2001-08-03,17.35180497964554,17.474804579972076,16.64894772671694,16.92130470275879,72700
2001-08-06,16.9564412691716,17.154120331593866,16.69287030310413,16.72801399230957,94000
2001-08-07,16.728020213344422,16.912519623057037,16.63576883274416,16.732412338256836,112900
2001-08-08,16.732415065402165,16.732415065402165,16.46445015698361,16.473236083984375,76400
2001-08-09,16.473232782804047,17.13216209411621,16.446875007083758,17.13216209411621,123000
2001-08-10,17.127772241026893,17.422093234758425,17.02234279990651,17.329843521118164,91100
2001-08-13,17.39574514140132,17.826247396245485,17.39574514140132,17.68128204345703,84100
2001-08-14,17.59341297669821,17.92287764545939,17.54069909890473,17.835020065307617,58400
2001-08-15,17.791087047240477,17.874550802959874,17.73397938504116,17.769123077392578,49000
2001-08-16,17.79547963608737,18.05465850885186,17.77790946519586,18.023908615112305,71800
2001-08-17,18.054668208364713,18.296277040037246,18.054668208364713,18.177669525146484,112800
2001-08-20,18.177673655685275,18.450030783760816,18.177673655685275,18.44563865661621,77700
2001-08-21,18.450021772858566,18.867344029060117,18.366557991915855,18.840986251831055,183300
2001-08-22,18.753141259032162,18.84539270338981,18.608177576318916,18.779499053955078,57400
2001-08-23,18.713593757476488,18.981558640641133,18.69602358087506,18.88930892944336,56500
2001-08-24,18.823423959390652,19.051853117479755,18.77949598411172,18.91128158569336,81300
2001-08-27,18.86734488823931,19.051844310012495,18.75752332506649,18.81902313232422,58300
2001-08-28,18.862945443051416,18.88930321359388,18.700410047398456,18.735553741455078,56700
2001-08-29,18.779489034546604,18.797060888453448,18.60816764831543,18.60816764831543,45400
2001-08-30,18.625730060987763,18.884908909633236,18.581800448488224,18.83219337463379,43600
2001-08-31,18.67845184577852,18.880523121788016,18.62573796415519,18.638916015625,79800
2001-09-04,18.64771343083073,19.016714181025968,18.64771343083073,18.779499053955078,88700
2001-09-05,18.735560331386846,18.933237814882734,18.450023581846324,18.770702362060547,103600
2001-09-06,18.71359249291604,18.80145007296255,18.322628021240234,18.322628021240234,47500
2001-09-07,18.27870259591204,18.406096020802973,18.010737693811866,18.01952362060547,40100
2001-09-10,17.99755743926303,18.256736382855756,17.966807537120165,18.22598648071289,44900
2001-09-17,18.208417098179485,18.45002422309498,18.01073793206891,18.076631546020508,92700
2001-09-18,18.124956090692997,18.274313533426294,17.85699279485041,18.054670333862305,83600
2001-09-19,18.010734583474704,18.010734583474704,16.934483035410974,17.20244789123535,116800
2001-09-20,17.15412751784558,17.15412751784558,16.038340054294267,16.306304931640625,145800
2001-09-21,16.033943806442462,16.16572931079875,15.331086666046538,15.85822868347168,110800
2001-09-24,15.946084179726649,16.416120145692428,15.946084179726649,16.3853702545166,64400
2001-09-25,16.34144744807449,16.81587568641776,16.165732292691704,16.79830551147461,58000
2001-09-26,16.798304812396665,16.798304812396665,16.62698178894346,16.640161514282227,50400
2001-09-27,16.60502159517847,17.10580770273593,16.477628167608454,17.031129837036133,49500
2001-09-28,16.811485657912737,16.811485657912737,14.49644682715374,14.658982276916504,493000
2001-10-01,14.70290824355233,14.847871804296279,13.969299488352787,14.325121879577637,213800
2001-10-02,14.434950974933054,14.434950974933054,14.131842294796703,14.232879638671875,131800
2001-10-03,14.232879092307194,14.544772013573777,14.188949449755516,14.452522277832031,132400
2001-10-04,14.456948399526349,14.505744752405246,14.150863647460938,14.150863647460938,119200
2001-10-05,14.150872067204823,14.283952878029766,13.72945161484696,14.079895973205566,103200
2001-10-08,14.035530842086274,14.323872075963203,13.84478233823593,14.23958683013916,89200
2001-10-09,14.239594590727314,14.718684589558944,14.195235157740933,14.527935981750488,142100
2001-10-10,14.505746594678165,15.171147799092735,14.505746594678165,14.856191635131836,121400
2001-10-11,14.882813267056124,15.295362333970768,14.865068820861111,15.144537925720215,161900
2001-10-12,15.25544277030768,15.437319168069786,14.439216613769533,14.439216613769531,125300
2001-10-15,14.32830669737905,15.038069051936438,14.32830669737905,14.847320556640625,74800
2001-10-16,14.74973085508016,14.949351611108359,14.470261796640678,14.794090270996094,105200
2001-10-17,14.771905185863343,14.776342141161772,14.408152692713152,14.465821266174316,102300
2001-10-18,14.372674082766675,14.483574340528135,14.093204959390777,14.133129119873047,102900
2001-10-19,14.133129781968536,14.408161960284385,14.01779340696123,14.337185859680176,74200
2001-10-22,14.248460438217402,14.88280986077326,14.204101025086096,14.678753852844238,45300
2001-10-23,14.567854946995944,14.749731264829013,13.906889647487684,14.29282283782959,156700
2001-10-24,14.297257822055823,14.394850568510492,14.106509286096202,14.244026184082031,38600
2001-10-25,14.19523118341488,14.683191578463395,14.106510650077851,14.443648338317871,80700
2001-10-26,14.483572240577965,14.927173207306804,14.483572240577965,14.647704124450684,47400
2001-10-29,14.749731264829013,14.904990917051158,14.25733395034836,14.29282283782959,87400
2001-10-30,14.40372535394168,14.483573671216288,13.840351867483522,14.079895973205566,76900
2001-10-31,14.150866609850587,14.350486479950902,14.08876276307735,14.346051216125488,62300
2001-11-01,14.417034358885957,14.763042641994023,14.32831380900591,14.754170417785645,96000
2001-11-02,14.842891835691201,15.011460721100972,14.727556298644833,14.958229064941406,61300
2001-11-05,14.958227018559835,15.392955817497585,14.958227018559835,15.06025505065918,43600
2001-11-06,14.971535346087288,15.131231993864812,14.909431470219074,15.082435607910156,62600
2001-11-07,15.038077210437482,15.171157195302523,14.92273998260498,14.92273998260498,35700
2001-11-08,14.949348546091402,14.99370795291247,14.74529256718985,14.847320556640625,95000
2001-11-09,14.838453074396124,15.348593184525441,14.838453074396124,15.215513229370117,87800
2001-11-12,15.193333982757215,15.428441967116662,14.993713197827736,15.299798965454102,65900
2001-11-13,15.282051532446383,15.450620350348093,15.211075455256688,15.437311172485352,50800
2001-11-14,15.45949626251593,15.614757648822087,15.39739238487497,15.592577934265137,73600
2001-11-15,15.636940132018962,15.659119850503002,15.406267336936041,15.570399284362793,76800
2001-11-16,15.592576653117069,15.659115791320803,15.326415023691307,15.6591157913208,104100
2001-11-19,15.681293573688126,15.796630773235698,15.2953612045632,15.738962173461914,79600
2001-11-20,15.534906555391933,16.01399473485544,15.428441575398125,15.60588264465332,63400
2001-11-21,15.605877676733005,15.663546259713447,15.26874009091202,15.295356750488281,44400
2001-11-23,15.299797352757087,15.659113035552474,15.020328283313653,15.636933326721191,38700
2001-11-26,15.592573473926524,15.672421777253515,15.348591606981127,15.481673240661621,69800
2001-11-27,15.459489070970697,15.636930089290642,15.44618158686774,15.57482624053955,81600
2001-11-28,15.526035822709726,15.880916303073798,15.326415023691307,15.6591157913208,82000
2001-11-29,15.614759463416025,16.36888169141528,15.570398336943159,16.364444732666016,63500
2001-11-30,16.36444220717235,16.501959139709584,16.107154482152247,16.253541946411133,140300
2001-12-03,16.169259951509293,16.324519655000152,15.974074390316384,16.284595489501953,50800
2001-12-04,16.280157792428763,16.448726654052734,16.218053920305092,16.448726654052734,42900
2001-12-05,16.346689787130884,16.346689787130884,15.96962976131433,16.124889373779297,87900
2001-12-06,16.151516641733156,16.213620527512216,16.058360813064567,16.14708137512207,48200
2001-12-07,16.03617574618028,16.12489458643857,15.880914391321456,15.911966323852539,77800
2001-12-10,15.82324449376003,15.898657532439202,15.565956832144467,15.770012855529785,91000
2001-12-11,15.770012855529787,15.792192563775448,15.61031624863579,15.770012855529785,43800
2001-12-12,15.770011050311206,15.770011050311206,15.526030903131188,15.747831344604492,37900
2001-12-13,15.703477089920927,16.053920616453546,15.703477089920927,15.903096199035645,61500
2001-12-14,15.880912641593781,16.22692251085138,15.876477376950898,16.142637252807617,49400
2001-12-17,16.102720087424924,16.37775230407715,16.084975636749565,16.37775230407715,89000
2001-12-18,16.413230101267498,16.635030508041382,15.747828880945843,15.969629287719727,140600
2001-12-19,16.05835474061074,16.413235162439022,15.925274793950548,16.120458602905273,82000
2001-12-20,16.058357442463365,16.058357442463365,15.74783638654154,15.75227165222168,81900
2001-12-21,15.836554348293852,16.213614481170925,15.836554348293852,16.133766174316406,143600
2001-12-24,16.058353375517797,16.333385467529297,16.058353375517797,16.333385467529297,25500
2001-12-26,16.30233256053119,16.6128535191724,16.30233256053119,16.528568267822266,44000
2001-12-27,16.564067590673393,16.72819954812309,16.564067590673393,16.652788162231445,51300
2001-12-28,16.63503365404854,16.63503365404854,16.213612463038686,16.280153274536133,59100
2001-12-31,16.235793808476622,16.479775680461856,16.058354446909444,16.15151023864746,58600
2002-01-02,16.19143331086509,16.39548932454449,15.765576840872473,16.333385467529297,71200
2002-01-03,16.28015535047679,16.41323529823805,16.218051487668422,16.30677032470703,88800
2002-01-04,16.302338331898657,16.324518045610162,16.129334195863752,16.253541946411133,114200
2002-01-07,16.249101337647815,16.39105348937028,16.21804941022122,16.23579216003418,56300
2002-01-08,16.28015173015026,16.63503207599761,16.2712795099787,16.537439346313477,77000
2002-01-09,16.519534399047128,16.67622306012489,16.407613438912062,16.483718872070312,88700
2002-01-10,16.42999578230281,16.720989227294922,16.412088020457034,16.720989227294922,83400
2002-01-11,16.631456166952802,16.958265181486535,16.55982681729854,16.56877899169922,113100
2002-01-14,16.5643035606972,16.67174844332425,16.492674208205326,16.541919708251953,100800
2002-01-15,16.58668853391913,16.61802627101569,16.407615994478594,16.5195369720459,89400
2002-01-16,16.564304679961385,16.850822109289116,16.5195369720459,16.5195369720459,52700
2002-01-17,16.47476756555721,16.855299914165833,16.465813682413394,16.832914352416992,54500
2002-01-18,16.877681147704344,16.877681147704344,16.519534416450487,16.57773208618164,59500
2002-01-22,16.60907396521564,16.83291594160819,16.60907396521564,16.6583194732666,48100
2002-01-23,16.658325530566625,16.712048854036414,16.49715897571601,16.644895553588867,56400
2002-01-24,16.644885772413335,16.644885772413335,16.219585770986722,16.362844467163086,47300
2002-01-25,16.385231213219104,16.78814743476493,16.250926375296718,16.635934829711914,47500
2002-01-28,16.591169179948384,16.64489078023273,16.30017390516532,16.434478759765625,51400
2002-01-29,16.362845230421318,16.36732302551103,16.053943972590528,16.1345272064209,69500
2002-01-30,16.206162351469338,16.801581227876852,16.206162351469338,16.761289596557617,47700
2002-01-31,16.613549844701208,16.658317551704194,16.309124655300952,16.376277923583984,88100
2002-02-01,16.564302516867652,16.60907021893703,16.192724100134033,16.20615577697754,49900
2002-02-04,16.161385575706017,16.273306533177053,16.103187907421443,16.18377113342285,38200
2002-02-05,16.139001725767468,16.362843640709535,16.053942412889665,16.18377113342285,39300
2002-02-06,16.18377475073497,16.18377475073497,15.959932785760923,16.027084350585938,62400
2002-02-07,16.094235868158187,16.16138742566051,15.888301692705488,15.973361015319824,46200
2002-02-08,15.915159461312705,16.161385220785963,15.767424688740048,16.071849822998047,51300
2002-02-11,15.821146268968446,16.103187553779463,15.821146268968446,16.071849822998047,84300
2002-02-12,16.11662180668857,16.286742181714985,16.062900212177645,16.107667922973633,79800
2002-02-13,16.125574119843815,16.3315083018942,16.125574119843815,16.250925064086914,49800
2002-02-14,16.20616055132116,16.27331212420812,15.87039756354978,15.901735305786133,176500
2002-02-15,15.959927094876184,15.982310941836372,15.659978080719883,15.66893196105957,161500
2002-02-19,15.60178077092246,15.668934028441377,15.301833424968727,15.646550178527832,103600
2002-02-20,15.713706356461465,16.430001719114966,15.713706356461465,16.004701614379883,187300
2002-02-21,16.11661802290261,16.483718630135353,15.624166488647463,15.624166488647461,127600
2002-02-22,15.71370849464112,16.318082949222095,15.668940775536907,16.273313522338867,79500
2002-02-25,16.31807776824253,16.743377795816127,16.31807776824253,16.541919708251953,68900
2002-02-26,16.541920490421532,16.586688197428828,16.362846246835243,16.407615661621094,45800
2002-02-27,16.318081349522217,16.447910113087637,16.318081349522217,16.41657066345215,56700
2002-02-28,16.371802030919365,16.5553523834092,16.371802030919365,16.438955307006836,60700
2002-03-01,16.497154899711727,16.680705273434693,16.385233898471405,16.470294952392578,69200
2002-03-04,16.47029431191136,16.55983145097757,16.32255777628528,16.340465545654297,95800
2002-03-05,16.385233083689357,16.96722362742177,16.340465368530953,16.698612213134766,135200
2002-03-06,16.74337581205313,16.99855545680779,16.74337581205313,16.90006446838379,39800
2002-03-07,16.967222991693138,17.361183652106963,16.913499686181325,17.083620071411133,86700
2002-03-08,17.168679410136633,17.365661448122346,17.07019009892258,17.083620071411133,66900
2002-03-11,17.092567855072755,17.10152173612895,16.689651746434883,16.90901756286621,55000
2002-03-12,16.922453247713527,17.13734134232635,16.922453247713527,17.034374237060547,53800
2002-03-13,17.020936606248384,17.025412692385586,16.810524694461737,16.940353393554688,26200
2002-03-14,16.94035524932396,17.48205224350121,16.94035524932396,17.23582649230957,92600
2002-03-15,17.056750743077707,17.459666814209132,17.056750743077707,17.285070419311523,69700
2002-03-18,17.347749274948914,17.59397505213445,17.347749274948914,17.499961853027344,84600
2002-03-19,17.414898716108375,17.504434100698308,17.370129316035417,17.43728256225586,67600
2002-03-20,17.39251945236509,17.437288868629366,17.14629364013672,17.14629364013672,24500
2002-03-21,17.16867429126947,17.62978979998015,17.16867429126947,17.571590423583984,82700
2002-03-22,17.598454434680438,17.728281465635852,17.508917314595706,17.51339340209961,48000
2002-03-25,17.513391085814966,17.549206612223383,17.056753370777464,17.119430541992188,70900
2002-03-26,17.101522846852575,17.52682283186457,17.101522846852575,17.46414566040039,41700
2002-03-27,17.46414888826983,17.74619023476382,17.46414888826983,17.661130905151367,53300
2002-03-28,17.616371811215537,17.777538389363905,17.576080166678445,17.620849609375,68800
2002-04-01,17.5939768560554,17.88049427763198,17.5939768560554,17.795434951782227,46900
2002-04-02,17.88497319715061,17.95212476142808,17.687991176601265,17.773052215576172,104600
2002-04-03,17.81782295139359,17.952127810538425,17.81334686279297,17.81334686279297,57600
2002-04-04,17.81334038563818,18.10684178627799,17.81334038563818,17.93977165222168,55700
2002-04-05,17.9939603601445,18.057177730426854,17.628212191531272,17.7952823638916,49300
2002-04-08,17.835922533355266,18.29197954149919,17.813345760723905,18.084270477294922,84700
2002-04-09,18.06169261967346,18.377772585017194,18.016539077123173,18.19264030456543,71500
2002-04-10,18.197153305652826,18.287462104991707,18.057176303049786,18.201669692993164,100500
2002-04-11,18.233280964569037,18.513236745246665,18.233280964569037,18.2694034576416,88400
2002-04-12,18.2874614996444,18.788673683011954,18.2874614996444,18.644180297851562,64900
2002-04-15,18.558384947750707,18.662241176357046,18.368738038115286,18.44098472595215,62900
2002-04-16,18.490658262584592,18.67127415624703,18.490658262584592,18.666759490966797,116800
2002-04-17,18.666755431586928,18.666755431586928,18.558384540958627,18.657724380493164,42200
2002-04-18,18.666764126985665,18.788680789797702,18.585486351777643,18.77964973449707,63100
2002-04-19,18.73900320041544,18.978320039486775,18.626117638967152,18.93316650390625,93000
2002-04-22,18.955748599246554,19.109273074864454,18.72997741289655,18.996387481689453,46500
2002-04-23,18.99638335061028,19.190546666447037,18.874466729794378,19.136362075805664,59200
2002-04-24,19.15442074524653,19.190544950775926,18.878981429321044,18.915103912353516,67200
2002-04-25,18.897041348339002,19.307944702473236,18.897041348339002,19.280853271484375,76400
2002-04-26,19.19054321774578,19.326005531254044,19.068626618839314,19.073143005371094,49100
2002-04-29,19.077660331073876,19.27182363910705,19.077660331073876,19.262792587280273,60500
2002-04-30,19.26731508084827,19.353109246814956,19.12282163790173,19.195068359375,106700
2002-05-01,19.19506031662212,19.316976930993377,19.19506031662212,19.253761291503906,100500
2002-05-02,19.303439132555507,19.307953799015014,19.158945690883563,19.267314910888672,143000
2002-05-03,19.38020069080636,19.38020069080636,19.195068359375,19.195068359375,103200
2002-05-06,19.122819520166246,19.452446980537633,19.086697024678813,19.258283615112305,188400
2002-05-07,19.258275964073533,19.642086153944987,19.213120709531882,19.411800384521484,186300
2002-05-08,19.371158784196652,19.434374409140965,19.055078936978482,19.154417037963867,204200
2002-05-09,19.23569577147848,19.506622107236733,19.19054224343378,19.348581314086914,115900
2002-05-10,19.40728098184332,19.43888879386207,19.195055624720382,19.294395446777344,63700
2002-05-13,19.29440605651867,19.497600475870694,19.267312893105895,19.416322708129883,77400
2002-05-14,19.32599684429331,19.488552236433915,18.987340351499046,19.190534591674805,136400
2002-05-15,19.235700074755016,19.235700074755016,18.76158103423233,18.824796676635742,165700
2002-05-16,18.85189319742148,19.000903000391457,18.842862143681113,18.878986358642578,87700
2002-05-17,18.878979871034534,18.878979871034534,18.639661335398145,18.84737205505371,64900
2002-05-20,18.82930664677624,18.83382131005339,18.526772532312467,18.562896728515625,69900
2002-05-21,18.535815821295454,18.558392597582525,18.400353441075403,18.436477661132812,68500
2002-05-22,18.43647345399559,18.540327979214982,18.42292601331673,18.49968910217285,54400
2002-05-23,18.504194116366985,18.693842684483037,18.445493164033884,18.57192611694336,109500
2002-05-24,18.535808916913684,18.58999350431903,18.463562226207568,18.46807861328125,79000
2002-05-28,18.355189792643337,18.400343320381804,18.066201358628483,18.183603286743164,70400
2002-05-29,18.264889547289087,18.684824096920636,18.264889547289087,18.53581428527832,73000
2002-05-30,18.513236313399137,18.85640774082184,18.282950473253255,18.32810401916504,92200
2002-05-31,18.328109768416386,18.55839568079948,18.197162032699577,18.332624435424805,139400
2002-06-03,18.33261567298718,18.47710906316366,18.129423027268253,18.20618438720703,94100
2002-06-04,18.20618073184872,18.237788546947673,17.95331648856033,18.13844871520996,89400
2002-06-05,18.08427792254059,18.25134817579182,18.007516519492043,18.156524658203125,73800
2002-06-06,18.197157467619036,18.210704910241475,17.930747396010702,18.061695098876953,72200
2002-06-07,17.9713747788301,18.19714582309303,17.92622125897606,18.133930206298828,56300
2002-06-10,18.088784341898503,18.151999985446544,17.971382384597483,17.98041343688965,80200
2002-06-11,17.957838633720435,18.17457874497324,17.957838633720435,18.057178497314453,84800
2002-06-12,18.057172052481413,18.061686716261942,17.673360176262843,17.72303009033203,96800
2002-06-13,17.70046202399137,17.799800178445306,17.375350952148438,17.375350952148438,58600
2002-06-14,17.48823721627558,17.768193026314098,17.384382669366087,17.560483932495117,108000
2002-06-17,17.47468376159668,17.57853826254389,17.113450340367933,17.47468376159668,146000
2002-06-18,17.474680990057987,17.741090918928897,17.34373335735101,17.366310119628906,146100
2002-06-19,17.406954457851587,17.70045762730511,17.19021437129239,17.194730758666992,108900
2002-06-20,17.194726837329906,17.790762370063298,17.072810243475796,17.425012588500977,140700
2002-06-21,17.4204964122268,17.58305013408953,17.172146859735374,17.212785720825195,121900
2002-06-24,17.1766723789369,17.190218099003907,16.562574472603053,16.87865447998047,171500
2002-06-25,16.932827267088673,17.113444780269457,16.260028839111328,16.260028839111328,172500
2002-06-26,16.14715004569892,16.60772334578976,15.803978694796298,16.530961990356445,176100
2002-06-27,16.539992720929526,16.910257219648386,16.30970521410624,16.445167541503906,112700
2002-06-28,16.48129306800919,16.734157362576227,16.404531707915694,16.57160186767578,127500
2002-07-01,16.661912553042132,16.977990803901495,16.58063479639336,16.959930419921875,112300
2002-07-02,16.847036612277446,16.919283280411857,16.55353355407715,16.55353355407715,74700
2002-07-03,16.635574924850044,16.813324625319698,16.394017817916556,16.489728927612305,120900
2002-07-05,16.503406432658778,16.863464607769615,16.503406432658778,16.726734161376953,36300
2002-07-08,16.58999273117585,17.05031866827294,16.58999273117585,16.717607498168945,78600
2002-07-09,16.717616589011115,16.83611583156879,16.45782825000775,16.462385177612305,57600
2002-07-10,16.507962348017873,16.73128830089203,16.134231712144594,16.2618465423584,81900
2002-07-11,16.25273409709127,16.316541524557547,15.95192641144883,16.143348693847656,83700
2002-07-12,16.134234898572288,16.31198465822379,15.64656185694617,15.683022499084473,63700
2002-07-15,15.655670064908543,15.860766536130948,15.154324680695005,15.815190315246582,94300
2002-07-16,15.81063942775517,16.08865903233231,15.450582932953825,15.505274772644043,115300
2002-07-17,15.541729987595692,16.084096481921243,15.487038167020737,15.874443054199219,138100
2002-07-18,15.874443782342713,15.874443782342713,15.177115648884413,15.281942367553711,103900
2002-07-19,15.177114614926476,15.272825733457793,14.703114210835768,14.776037216186523,169100
2002-07-22,14.766923107001638,15.496153147926002,14.611961505977515,14.65298080444336,146900
2002-07-23,14.652982662099669,14.671212111467678,14.379520058118185,14.49802017211914,161400
2002-07-24,14.479795356591453,14.958352922161097,14.197217920530361,14.917333602905273,200500
2002-07-25,14.908212020050344,15.332077569311505,14.707674172324682,15.209019660949707,139400
2002-07-26,15.09507320198704,15.655669027085134,15.09507320198704,15.373092651367188,126400
2002-07-29,15.405009699351336,16.01574093644304,15.405009699351336,15.96104907989502,91100
2002-07-30,16.00661703682802,16.17980985447882,15.582751456480093,15.974713325500488,104800
2002-07-31,15.929139441534247,16.175255312613494,15.660235450234058,15.942811965942383,76900
2002-08-01,15.997493333507482,16.24816770776398,15.673897717712169,15.920013427734375,112000
2002-08-02,15.95191931439338,16.4851683540792,15.869880733115373,16.266399383544922,161800
2002-08-05,16.270957524860627,17.041206692496516,16.111437293676783,16.72216796875,148000
2002-08-06,16.61278902142347,17.141481266322803,16.59455783469068,16.65836524963379,116300
2002-08-07,16.86346268628318,16.95461688636582,16.407693424491743,16.81332778930664,104600
2002-08-08,16.6173459018143,17.03665450237471,16.544422893710966,16.96828842163086,78200
2002-08-09,16.96828906785167,17.091346974704148,16.59911534729424,16.95461654663086,100100
2002-08-12,16.94094658721106,17.31923599748422,16.817890387742754,17.205293655395508,115100
2002-08-13,17.196175998153137,17.264542090660445,16.662926735635175,16.726734161376953,117000
2002-08-14,16.817884625971786,17.483307258528185,16.772306661577915,17.474191665649414,124500
2002-08-15,17.383043917614284,17.606371679355277,17.109582984393104,17.323793411254883,128300
2002-08-16,17.38759372666356,17.72942058835193,17.259977182704066,17.442285537719727,107900
2002-08-19,17.38759196923509,17.866149179504987,17.36480212319559,17.747648239135742,79600
2002-08-20,17.706634232552283,17.706634232552283,17.44228897812228,17.451404571533203,88400
2002-08-21,17.547122296325924,17.73854461411076,17.164275922133918,17.692968368530273,127100
2002-08-22,17.774995202011127,18.06668715278782,17.332898611140795,17.610918045043945,70400
2002-08-23,17.565345650397468,17.565345650397468,17.209844486768958,17.21440315246582,69200
2002-08-26,17.13692752191383,17.533448123432038,17.091351280614386,17.510658264160156,106500
2002-08-27,17.501539604713646,17.724865559875603,17.342019326690565,17.49242401123047,80800
2002-08-28,17.45596887343159,17.857046459844227,17.328353989009464,17.50154685974121,94100
2002-08-29,17.524326234485937,17.788671468616567,17.392152748109854,17.615480422973633,81400
2002-08-30,17.620045092095822,17.98921893530272,17.478755950927734,17.478755950927734,129100
2002-09-03,17.410383894200066,17.433172006615127,17.086788177490234,17.086788177490234,154900
2002-09-04,17.155156477204013,17.67929187692194,17.054886673071763,17.519771575927734,157700
2002-09-05,17.474198519709475,17.820582491860314,17.373928697334804,17.44685173034668,97300
2002-09-06,17.44228757523808,18.12594137847574,17.200730454452998,17.879825592041016,282000
2002-09-09,17.834262619270504,18.17608977488875,17.651954107491644,17.706645965576172,178700
2002-09-10,17.797794344295323,17.866160448292312,17.378487339739042,17.665620803833008,87800
2002-09-11,17.779560733078554,17.779560733078554,17.410388689851025,17.547119140625,92700
2002-09-12,17.4331717300415,17.5015378048236,16.84067212354217,17.091344833374023,177300
2002-09-13,17.077681149484967,17.55623870469035,16.93183507053899,17.50154685974121,100400
2002-09-16,17.52432837240109,17.80690482642704,17.519769706178717,17.73853874206543,62500
2002-09-17,17.82968183097707,17.82968183097707,17.282758712768555,17.282758712768555,70600
2002-09-18,17.28733646655578,17.51522120591072,17.241760214133823,17.32835578918457,59000
2002-09-19,17.228079437942274,17.228079437942274,16.644695281982422,16.644695281982422,70300
2002-09-20,16.703942357630027,16.735846063461246,16.115999655389114,16.325653076171875,118100
2002-09-23,16.362113339107395,16.85434312179732,16.362113339107395,16.77230453491211,78200
2002-09-24,16.817887590776078,16.9227143194294,16.530752449651484,16.612791061401367,95100
2002-09-25,16.703938191444177,16.744957479942354,16.211706729466048,16.55353355407715,116600
2002-09-26,16.54442335118104,16.931828255072237,16.54442335118104,16.781423568725586,128700
2002-09-27,16.785985176375796,16.785985176375796,15.564523238857475,15.683022499084473,306100
2002-09-30,15.569078568476575,16.362117882362373,15.496155553065845,15.9838285446167,197600
2002-10-01,15.938254776255581,16.466947154382414,15.815196842731824,16.430484771728516,166900
2002-10-02,16.407686382256294,16.512513058841744,16.04762840270996,16.04762840270996,81300
2002-10-03,16.043085868738697,16.517086540038076,15.951931626008419,16.371238708496094,135500
2002-10-04,16.40314365360219,16.726739553390633,15.382219296763811,15.664795875549316,252000
2002-10-07,15.678469021991885,16.316545178154502,15.678469021991885,15.842544555664062,91000
2002-10-08,15.856209003224283,15.929131997023864,15.537170253368126,15.719478607177734,134400
2002-10-09,15.610091735982369,15.98838092499834,15.085956573486328,15.085956573486328,99800
2002-10-10,14.989259472528744,15.27476869159288,14.84650574132983,15.127408981323242,124400
2002-10-11,15.242528955864884,15.707634318906358,15.242528955864884,15.454360008239746,61400
2002-10-14,15.463574040796672,15.970122787723904,15.440547660482196,15.956308364868164,82600
2002-10-15,15.95630964104299,16.402992996877142,15.95630964104299,16.18195343017578,88500
2002-10-16,16.186556144094112,16.3200996476628,15.63395646047889,15.647770881652832,47100
2002-10-17,15.749083131895175,16.24642167465704,15.749083131895175,16.19576644897461,42000
2002-10-18,16.0806443116791,16.292475451191333,15.937890567732225,15.997756004333496,55100
2002-10-21,15.98854348185419,16.41220218606637,15.864208403878994,16.251028060913086,100800
2002-10-22,16.048405172612032,16.439830760155008,15.974725330682272,16.34312629699707,88500
2002-10-23,16.163526457263522,16.601001190418106,16.163526457263522,16.490482330322266,84700
2002-10-24,16.462854576581073,16.697708512293005,16.1635292452496,16.22800064086914,95100
2002-10-25,16.122082867316163,16.37535893709142,16.122082867316163,16.338518142700195,68800
2002-10-28,16.338522815927664,16.36615341962413,16.117483256354753,16.122087478637695,87600
2002-10-29,16.025389069739358,16.2372185083029,15.979339802805345,16.17735481262207,71500
2002-10-30,16.177347580872812,16.34773190036218,16.126692355889613,16.283262252807617,107400
2002-10-31,16.30168584133441,16.320104489475412,16.080644496977488,16.218795776367188,161700
2002-11-01,16.172736847698356,16.941771683632396,16.126687614887487,16.923351287841797,110600
2002-11-04,17.01545682383605,17.01545682383605,16.57798194885254,16.57798194885254,113600
2002-11-05,16.61482220475921,16.992431640625,16.601006025723844,16.992431640625,102400
2002-11-06,17.107561736286943,17.268735902039314,16.950991793841787,17.17203140258789,148800
2002-11-07,16.94638002630745,17.406879493091164,16.94638002630745,17.121370315551758,109100
2002-11-08,17.121368621763523,17.342408133152713,16.923353730102523,16.983219146728516,65500
2002-11-11,16.92335599242824,17.176630356627957,16.92335599242824,16.946380615234375,79200
2002-11-12,16.946376150656114,16.946376150656114,15.878017772585698,16.076032638549805,299500
2002-11-13,16.076035800992905,16.53193103146095,15.408311244179146,15.7490816116333,419300
2002-11-14,15.84118600540096,16.11748504638672,15.564885207748741,16.11748504638672,179600
2002-11-15,16.07143277032111,16.255631510793116,16.025381767703507,16.232606887817383,74200
2002-11-18,16.3016818222494,16.366151466514516,16.006960687990787,16.025381088256836,79000
2002-11-19,16.02998809551041,16.301682868541644,16.02998809551041,16.099061965942383,52500
2002-11-20,16.00235292622117,16.126687965512556,15.887228085025336,16.029983520507812,85100
2002-11-21,15.983939170837404,16.020779978525752,15.69842993791831,15.983939170837402,94600
2002-11-22,15.95630431503699,16.062218962270155,15.72605462366079,16.048402786254883,89100
2002-11-25,16.04840751437147,16.264842850163433,16.04840751437147,16.214187622070312,50900
2002-11-26,16.163528473102236,16.29707372264998,16.016168803486046,16.209579467773438,66500
2002-11-27,16.23261132531235,16.462861131345154,16.18195608691848,16.439836502075195,67500
2002-11-29,16.38917770077509,16.38917770077509,16.246422219668933,16.30168342590332,22800
2002-12-02,16.301683654837067,16.33391848059337,16.1405077693893,16.214187622070312,71300
2002-12-03,16.16352461275539,16.536529675510817,16.16352461275539,16.35232925415039,55000
2002-12-04,16.324704260804406,16.891118318231577,16.324704260804406,16.729944229125977,119400
2002-12-05,16.775994499657685,16.775994499657685,16.301680645378536,16.426013946533203,88800
2002-12-06,16.370761594309194,16.596407187309058,16.352341187397634,16.5089111328125,67200
2002-12-09,16.462851741761973,16.642446206969243,16.361541322756597,16.541135787963867,67100
2002-12-10,16.55496074327934,16.909545641194722,16.55496074327934,16.80823516845703,102500
2002-12-11,16.799026470559852,16.98322702718881,16.739161026155436,16.89573097229004,96100
2002-12-12,16.87730523258316,17.185839015169158,16.775994793326408,16.955589294433594,81800
2002-12-13,16.909541837808924,17.24570625476616,16.854280634199903,16.950986862182617,75000
2002-12-16,16.858886612833725,17.029270932296182,16.766786363484833,16.950986862182617,58100
2002-12-17,16.923355575417066,16.978615020123357,16.70692026170716,16.74376106262207,67700
2002-12-18,16.71613553183187,16.978620169629234,16.670086273387867,16.91875648498535,50900
2002-12-19,16.96940550671948,17.236496054164654,16.82204581042771,16.950986862182617,110600
2002-12-20,16.950985238750512,17.162814562299317,16.895724040433972,17.102949142456055,104700
2002-12-23,17.038478252950455,17.264123737881963,17.038478252950455,17.167417526245117,45900
2002-12-24,17.222686625925125,17.383860791524253,17.08453533350684,17.268735885620117,44200
2002-12-26,17.291752459050585,17.420693488121504,17.112157970581844,17.162813186645508,64000
2002-12-27,17.22268320547798,17.43911679106044,17.172027975873693,17.277942657470703,48000
2002-12-30,17.36082873308883,17.425298371742336,17.213469057119138,17.227283477783203,77500
2002-12-31,17.268731650283904,17.268731650283904,16.946381641478695,17.020061492919922,109800
2003-01-02,17.02006566726719,17.277946088892445,17.02006566726719,17.268735885620117,96800
2003-01-03,17.15361099602572,17.2641316787321,17.070720923162597,17.17203140258789,57100
2003-01-06,17.222673739761916,17.90421246198084,17.03386910561117,17.752246856689453,171000
2003-01-07,17.752255975459363,17.918036082145814,17.462140788758074,17.503585815429688,67400
2003-01-08,17.48976465910589,17.54502408783955,17.402270417222134,17.475950241088867,82600
2003-01-09,17.5224386914096,17.894367716035063,17.5224386914096,17.84322738647461,42300
2003-01-10,17.80604581081813,17.885081402697217,17.713063491809297,17.782800674438477,40100
2003-01-13,17.899016755141375,17.959455490112305,17.736299130399363,17.959455490112305,95000
2003-01-14,17.95945962362265,18.11287888033446,17.79209187194467,18.103580474853516,44900
2003-01-15,18.131469907282572,18.164013429339604,17.82462971825273,17.922260284423828,45300
2003-01-16,17.94551191951085,18.22445877576377,17.93621528710971,18.215160369873047,55600
2003-01-17,18.2151598308609,18.317440519142636,17.954809794093546,18.26165008544922,38400
2003-01-21,18.29420154229615,18.322096771225375,18.066396713256836,18.066396713256836,40300
2003-01-22,18.084988972441423,18.103584013548563,17.699113050258124,17.77349853515625,44300
2003-01-23,17.806040599588503,17.866479355279385,17.66656804863929,17.73165512084961,89000
2003-01-24,17.680509753146907,17.796737141528865,17.647966226279095,17.666563034057617,100700
2003-01-27,17.550332470148238,17.65726143529339,17.42015838623047,17.42015838623047,48600
2003-01-28,17.303940672956106,17.336484212091985,16.890171298094362,17.215606689453125,144300
2003-01-29,17.280689239501953,17.37832160481592,16.801832911847722,17.280689239501953,108000
2003-01-30,17.28068950238026,17.39226859008384,16.89481544494629,16.89481544494629,37900
2003-01-31,16.899460961728895,17.201652870195552,16.899460961728895,17.169109344482422,92200
2003-02-03,17.16911019324832,17.266740775214142,17.080778015301515,17.085426330566406,84300
2003-02-04,17.0389393873287,17.10867477075719,16.904115163148212,16.95525550842285,51700
2003-02-05,16.98780120079326,17.06218668332999,16.82043342171316,16.9273624420166,90000
2003-02-06,16.88086299159756,16.922704913591446,16.671653381628143,16.699546813964844,86600
2003-02-07,16.792536078205572,17.020342587268654,16.71815060507081,16.773941040039062,77900
2003-02-10,16.63446558135304,16.918060732378276,16.63446558135304,16.876218795776367,65700
2003-02-11,16.87621925708241,16.880869346548316,16.494993501395186,16.657712936401367,88900
2003-02-12,16.643772324699917,16.708859420134637,16.383423942961027,16.457809448242188,50700
2003-02-13,16.4810456684546,16.843674588800628,16.322976333574903,16.76464080810547,80100
2003-02-14,16.7832372143075,16.997096995536367,16.606572828865186,16.811132431030273,79300
2003-02-18,16.82972896920188,17.201656318691914,16.825078879745416,17.01569175720215,54500
2003-02-19,17.0621875474766,17.508500465301356,17.0621875474766,17.38297462463379,86900
2003-02-20,17.382966534032413,17.392264937178883,17.20165210639889,17.243494033813477,53700
2003-02-21,17.210952093078454,17.666563248240692,17.210952093078454,17.457353591918945,53900
2003-02-24,17.457362875576607,17.634029098585394,17.257451516945913,17.485258102416992,58800
2003-02-25,17.480599546902372,17.833931821832625,17.38296896047006,17.750247955322266,93700
2003-02-26,17.792092750063524,17.843233095987966,17.657268524169922,17.657268524169922,111600
2003-02-27,17.66191700379519,17.922265252419166,17.66191700379519,17.81998634338379,95800
2003-02-28,17.75025403495236,17.922270142367772,17.666570139779473,17.717710494995117,96100
2003-03-03,17.72235646900503,17.88042583082337,17.503850125822098,17.759550094604492,131600
2003-03-04,17.764193961698876,17.954806811429496,17.56893279667742,17.63401985168457,90700
2003-03-05,17.666569766637043,18.06174232833692,17.620079502962895,17.93621826171875,86100
2003-03-06,17.899022891384543,17.899022891384543,17.66656804863929,17.73165512084961,56900
2003-03-07,17.671219808008317,17.806044068705642,17.58288758901182,17.764202117919922,71100
2003-03-10,17.671213150024414,17.806037359924016,17.503847183430068,17.671213150024414,93700
2003-03-11,17.675875712073182,17.843243570259133,17.554998137387493,17.58289337158203,87800
2003-03-12,17.55033769513898,17.55033769513898,17.28998767630457,17.46665382385254,109600
2003-03-13,17.582893025062166,17.68517377493577,17.45736713389654,17.620086669921875,88200
2003-03-14,17.620082371910282,17.620082371910282,17.345785515195388,17.485258102416992,106100
2003-03-17,17.29464324119025,17.5735883848022,17.20166093548961,17.480606079101562,177500
2003-03-18,17.517798360220127,17.517798360220127,17.09008049636864,17.248149871826172,177400
2003-03-19,17.27604497360979,17.457359479070316,17.15516922779938,17.438762664794922,149600
2003-03-20,17.415518997158102,17.531746435911412,17.164467303813364,17.480606079101562,80200
2003-03-21,17.527091246179985,18.005947538563326,17.457354100876522,17.9641056060791,104400
2003-03-24,17.968755007780107,17.968755007780107,17.345776133222554,17.475950241088867,133500
2003-03-25,17.434113068270257,17.66656790918053,17.317885647815125,17.568937301635742,46300
2003-03-26,17.536394995823297,17.652622424430845,17.345782083846515,17.45271110534668,79000
2003-03-27,17.406216378658826,17.801390638921028,17.39691797298906,17.70840835571289,66700
2003-03-28,17.71305456387986,17.731651373006304,17.45735464560393,17.541038513183594,66600
2003-03-31,17.494555680731843,17.819992884457452,17.183065203019165,17.55499267578125,160900
2003-04-01,17.559639305400534,17.722356988443178,17.317886052387365,17.522445678710938,112300
2003-04-02,17.568936247561656,18.131476503176554,17.568936247561656,18.033845901489258,75900
2003-04-03,18.029190125298314,18.29418840257609,17.8013854598787,17.84322738647461,112000
2003-04-04,17.661919487640436,18.029196786241844,17.559638790731604,17.759550094604492,59700
2003-04-07,17.87577926766292,18.13147926152492,17.699113075717058,17.778148651123047,86000
2003-04-08,17.759551281938176,18.07103993645498,17.759551281938176,18.010602951049805,54900
2003-04-09,18.057089039289583,18.363929306123204,17.903668019128077,18.043142318725586,96600
2003-04-10,18.010298017900205,18.320011243873402,18.010298017900205,18.07599449157715,58700
2003-04-11,18.113532879769522,18.216771208845294,17.82259061339493,17.986833572387695,60400
2003-04-14,18.057222064650745,18.554640994329823,17.996217434101776,18.45140266418457,59800
2003-04-15,18.442023411034487,18.52649083868051,18.235548471285938,18.366941452026367,58100
2003-04-16,18.40447793418555,18.446711635634358,18.113533861940596,18.188615798950195,62900
2003-04-17,18.193308981029872,18.456096649169925,18.160460746274182,18.456096649169922,49100
2003-04-21,18.456094128300588,18.56402428348375,18.31062211561322,18.385704040527344,42500
2003-04-22,18.348164682225818,18.456096642204677,18.202694439818245,18.395092010498047,64900
2003-04-23,18.371633529663086,18.460792789049815,18.09946033243788,18.371633529663086,48900
2003-04-24,18.334081623665487,18.45609084877967,18.216766024952452,18.2730770111084,52800
2003-04-25,18.277773239161643,18.277773239161643,17.611419612774192,17.794431686401367,107400
2003-04-28,17.7944336657619,18.32000897013643,17.756893595503392,18.193307876586914,50200
2003-04-29,18.155761793255206,18.404472085008027,18.12760719463361,18.338775634765625,40300
2003-04-30,18.301238540888527,18.442016940876464,18.066607277543802,18.3247013092041,65800
2003-05-01,18.324699145109715,18.334084609346448,18.099453373710997,18.259002685546875,61200
2003-05-02,18.263704088051426,18.639115693761653,18.263704088051426,18.629730224609375,56700
2003-05-05,18.62972497825694,18.723577853254408,18.371630914584927,18.60626220703125,57200
2003-05-06,18.60625872423915,18.62972149107299,18.39509024254586,18.488943099975586,73200
2003-05-07,18.53586997098294,18.681341999999354,18.01968190301868,18.634414672851562,130300
2003-05-08,18.56402620026863,18.56402620026863,18.198000212186614,18.3247013092041,61600
2003-05-09,18.371627634612462,18.686032651112885,18.28246661374059,18.676647186279297,42200
2003-05-12,18.66257619597511,18.770506392923018,18.48894951306717,18.686038970947266,74000
2003-05-13,18.686038732207038,18.86435904188811,18.554645761965702,18.681346893310547,110000
2003-05-14,18.761123308140718,19.028602915010207,18.601573911929513,18.723583221435547,106600
2003-05-15,18.74702437854235,18.836183547973633,18.54054787445894,18.836183547973633,67200
2003-05-16,18.770503400297784,18.808045266343836,18.568720345537006,18.70011329650879,104800
2003-05-19,18.67664702474067,18.803348113756645,18.488943099975586,18.488943099975586,109200
2003-05-20,18.329397798288483,18.81742954175934,18.329397798288483,18.770503997802734,68800
2003-05-21,18.747033846790814,18.981665054409987,18.7048001578156,18.775188446044922,335700
2003-05-22,18.817427291944895,19.04736672606808,18.770501753598715,18.948822021484375,239600
2003-05-23,18.96290135360292,19.042676925439192,18.869048476775724,18.981672286987305,173700
2003-05-27,18.9582125760294,19.23976946187245,18.81743234301285,19.216306686401367,110400
2003-05-28,19.192830079033435,19.225678299038886,19.005124430350506,19.17875099182129,64600
2003-05-29,19.211608172971623,19.239764570435575,19.117757094947592,19.230379104614258,63000
2003-05-30,19.30077065105722,19.709028599389484,19.30077065105722,19.65271759033203,94000
2003-06-02,19.723107220707238,19.784111862146965,19.441550366530496,19.643333435058594,63600
2003-06-03,19.61986646668546,19.61986646668546,19.25384048641344,19.483779907226562,78000
2003-06-04,19.521318179227407,19.671482027521904,19.399310723773482,19.45562171936035,72700
2003-06-05,19.455626259057375,19.741876721065747,19.347696079792605,19.713720321655273,119200
2003-06-06,19.760646452407812,19.873268463012035,19.619868044105242,19.66210174560547,71100
2003-06-09,19.615179176471297,19.746573940856898,19.507248977576175,19.648027420043945,83400
2003-06-10,19.638638615572606,19.755954262714845,19.479089263855375,19.685565948486328,63700
2003-06-11,19.71841168640196,19.788799991706014,19.61986698491959,19.7371826171875,49800
2003-06-12,19.73718011141802,19.80287657073232,19.59639993849394,19.727794647216797,85400
2003-06-13,19.73718992400145,19.7700381699895,19.54479228745921,19.577640533447266,88600
2003-06-16,19.577628611539037,20.239288547954917,19.577628611539037,20.18297576904297,119500
2003-06-17,20.22990712967203,20.22990712967203,19.854497479001385,20.093820571899414,69400
2003-06-18,20.075059059587964,20.211145681202442,19.934280598305346,20.06098175048828,108300
2003-06-19,20.060976506948805,20.112595680282435,19.901427148506123,19.97650909423828,99600
2003-06-20,20.03751373455028,20.1548293866377,19.943660854861385,19.97650909423828,71700
2003-06-23,20.023433327227526,20.16421353258524,19.849806674739597,20.046897888183594,98800
2003-06-24,20.037517646422046,20.178296098391797,20.037517646422046,20.131370544433594,93100
2003-06-25,20.154833335019624,20.178296112014564,20.065672276305644,20.07036590576172,72900
2003-06-26,20.107905497033453,20.17829561638446,20.084442720614813,20.15483283996582,111500
2003-06-27,20.164208038333207,20.17828533899539,20.098511581784106,20.11258888244629,86400
2003-06-30,20.150131646203377,20.173596203908446,19.849803924560547,19.849803924560547,95400
2003-07-01,19.85449048264634,20.22520637512207,19.821642261668664,20.22520637512207,182400
2003-07-02,20.272144089205348,20.577163696289062,20.253373156127818,20.577163696289062,153400
2003-07-03,20.534935030055134,20.53962865952343,20.38007926940918,20.38007926940918,31800
2003-07-07,20.497394561767578,20.553705583668858,20.4129271338681,20.497394561767578,68200
2003-07-08,20.530242097630172,20.58655311758563,20.44108283352611,20.45516014099121,127100
2003-07-09,20.45984069017618,20.478611616501702,20.197054881995097,20.243980407714844,134000
2003-07-10,20.333895184923026,20.400144494538893,20.248716985371683,20.26291275024414,122700
2003-07-11,20.28658239042336,20.423814198511135,20.163548158966165,20.31497573852539,86500
2003-07-14,20.324428011660242,20.385945993113385,20.20612517318161,20.2581787109375,109200
2003-07-15,20.18247340719248,20.3149720640513,20.08783073579669,20.168275833129883,135800
2003-07-16,20.168277404350118,20.329169416709693,20.163546082733195,20.324438095092773,55300
2003-07-17,20.277116005527304,20.348098466427263,20.13042156723387,20.17774200439453,73500
2003-07-18,20.248723615463266,20.385955404692176,20.149349618501184,20.26765251159668,54700
2003-07-21,20.253449678679424,20.2581828040634,20.059433056580115,20.196664810180664,57500
2003-07-22,20.25345047695653,20.319699793675994,20.206130052202198,20.296039581298828,48700
2003-07-23,20.2771139197077,20.46639925919731,20.18247305512167,20.419078826904297,214700
2003-07-24,20.442729842276325,20.608353085917667,20.296033679938304,20.305498123168945,41300
2003-07-25,20.329166046537992,20.44273760326465,20.30077451122532,20.348094940185547,58100
2003-07-28,20.253449202660082,20.371752062261088,20.243984757272997,20.31023406982422,34300
2003-07-29,20.31023893764416,20.31023893764416,20.111490952355933,20.168275833129883,129000
2003-07-30,20.19193542154123,20.277113642631765,20.078365663526355,20.15407943725586,134600
2003-07-31,20.20139777418326,20.333898218339748,20.135148454684302,20.163541793823242,75900
2003-08-01,20.201400160285367,20.201400160285367,19.78024217501785,20.092561721801758,213100
2003-08-04,20.021583300770093,20.11149285426132,19.92220749356939,19.98845863342285,130600
2003-08-05,19.988452389586968,20.016843921210743,19.827560424804688,19.827560424804688,127200
2003-08-06,19.827557511544626,19.87487792740375,19.74711063839432,19.780235290527344,178600
2003-08-07,19.76130842452643,19.780237314870558,19.41113297895176,19.590953826904297,140100
2003-08-08,19.59569106445929,19.89854618078881,19.59569106445929,19.761314392089844,92600
2003-08-11,19.76131209373939,19.94586610112449,19.76131209373939,19.8748836517334,90500
2003-08-12,19.874880932664826,19.898541144172025,19.803898492984793,19.870149612426758,85300
2003-08-13,19.874877657664904,19.874877657664904,19.78023502207297,19.841753005981445,146000
2003-08-14,19.83229174502251,19.860685081804707,19.789702642428423,19.827560424804688,94100
2003-08-15,19.870158609410776,19.89381883163106,19.79917613759068,19.84649658203125,44900
2003-08-18,19.898550154011417,19.926943503771305,19.841765259650888,19.84649658203125,85100
2003-08-19,19.874872692943324,20.11620963851683,19.841748049534367,19.993175506591797,78600
2003-08-20,20.040495909988113,20.149336087083466,19.879604011219886,19.993175506591797,80000
2003-08-21,20.04051013763113,20.2061352774182,19.993189700639945,20.13515281677246,74200
2003-08-22,20.206133092599124,20.220328861129747,19.567296431339557,19.59568977355957,154200
2003-08-25,19.66193451423418,19.91273779911588,19.66193451423418,19.865415573120117,62200
2003-08-26,19.874887055975893,20.002654403669105,19.732923938036436,19.98845863342285,100200
2003-08-27,19.945867385900442,20.0026522659758,19.70926161290119,19.860689163208008,93900
2003-08-28,19.874880932664826,19.91273871520309,19.567292767595927,19.870149612426758,39600
2003-08-29,19.85122063621064,19.898541059022552,19.67139978024023,19.827560424804688,27900
2003-09-02,19.865419569110355,20.258186000668843,19.865419569110355,20.182472229003906,98400
2003-09-03,20.09255771363426,20.23925391284434,20.064166181964094,20.196664810180664,75200
2003-09-04,20.18247383697261,20.20613405403569,19.99318849015025,20.012117385864258,103300
2003-09-05,20.068894255457142,20.144608002926038,19.879608984205834,20.031038284301758,97300
2003-09-08,19.96005648594152,20.102019541279223,19.780235653096067,20.04523468017578,102300
2003-09-09,19.988450930024214,19.997913569768894,19.590953269890946,19.66193389892578,90300
2003-09-10,19.6666714416561,19.950597631890005,19.6666714416561,19.770776748657227,98900
2003-09-11,19.685593634596415,20.106753299425186,19.666666550404507,20.059431076049805,77500
2003-09-12,19.96478949040997,19.96952261557697,19.42532875150588,19.49631118774414,125300
2003-09-15,19.543632556088728,19.945863372344856,19.543632556088728,19.870149612426758,69700
2003-09-16,19.922208325673537,20.13988704110889,19.865423437157776,20.130422592163086,54800
2003-09-17,20.191934664245395,20.650950415666973,20.154078681379804,20.23452377319336,119700
2003-09-18,20.239259864716587,20.442740992264255,20.191937622752622,20.324438095092773,57700
2003-09-19,20.253447120650662,20.43326795420335,20.210858023366033,20.3196964263916,81100
2003-09-22,20.29603895137882,20.29603895137882,20.08782656170007,20.281843185424805,56800
2003-09-23,20.291295769572475,20.471114717069252,20.286562646915655,20.395401000976562,78900
2003-09-24,20.385954301702814,20.466399398178975,20.26765141500814,20.272382736206055,52700
2003-09-25,20.319705306895266,20.438008206037978,19.969529736321864,19.98845863342285,86400
2003-09-26,19.988460845123008,20.007387939159276,19.870157932890216,19.926942825317383,102000
2003-09-29,19.91274394096693,20.021582386589614,19.69033392308294,19.98372459411621,57100
2003-09-30,19.9458600892183,20.06416293243986,19.81809280192004,19.9363956451416,112100
2003-10-01,19.969526093027778,20.404879815969547,19.922203858908897,20.348094940185547,113400
2003-10-02,20.395411182805372,20.438000282191243,20.22505659042017,20.367019653320312,54700
2003-10-03,20.442738804631723,20.646219910404334,20.42854123098238,20.565773010253906,73100
2003-10-06,20.50425228340735,20.603626251220707,20.475858947535663,20.603626251220703,44900
2003-10-07,20.63201902866269,20.77398391144125,20.518449288630006,20.726661682128906,110400
2003-10-08,20.688810569246236,20.71720210835204,20.537383010152304,20.58470344543457,100200
2003-10-09,20.680130118512924,20.92348110172468,20.670586692866262,20.88530921936035,143200
2003-10-10,20.899623575858627,20.923481230010395,20.761246633467096,20.82805061340332,58500
2003-10-13,20.875763632260405,21.023683984134674,20.875763632260405,21.018911361694336,77400
2003-10-14,21.018911361694336,21.11911459027587,20.90916470845425,21.018911361694336,91700
2003-10-15,21.04277052454607,21.04277052454607,20.851907478333537,20.9664249420166,68200
2003-10-16,20.88053659588653,21.128660202026367,20.87099499046244,21.128660202026367,96200
2003-10-17,21.128665460204527,21.147752316247402,20.80419618836675,20.890085220336914,63600
2003-10-20,20.875773291794165,20.990292620464405,20.7564831586982,20.92348861694336,52700
2003-10-21,20.89961592692583,20.91870277135069,20.78032587960294,20.808956146240234,45600
2003-10-22,20.928259199752596,20.928259199752596,20.71830742104467,20.794654846191406,112700
2003-10-23,20.7994247227653,20.851912665101995,20.641960895755215,20.766023635864258,67000
2003-10-24,20.73262352891269,20.766024617392468,20.565616266291002,20.737394332885742,57500
2003-10-27,20.78510699218066,20.899624465070435,20.460637785288935,20.57515525817871,86700
2003-10-28,20.694442731370476,21.004597669896775,20.589468697896585,20.995054244995117,67900
2003-10-29,20.99505450829225,21.162059895610238,20.99505450829225,21.12388801574707,135900
2003-10-30,21.18592484192489,21.233640159137252,20.985516505143085,21.033233642578125,41300
2003-10-31,20.985517948389848,21.214554763161654,20.785111418048064,20.794654846191406,131100
2003-11-03,20.684896360566764,21.08094024658203,20.67058213536397,21.08094024658203,67100
2003-11-04,21.04276749928096,21.238403140150574,20.999823001518262,21.090484619140625,126800
2003-11-05,21.018913834273242,21.090488617521036,20.708760687384935,20.95688247680664,72200
2003-11-06,20.909171911600506,20.909171911600506,20.436784059710146,20.517900466918945,66800
2003-11-07,20.613322399571867,20.6180932009973,20.451087847779675,20.489259719848633,126100
2003-11-10,20.560838164197502,20.6753574413527,20.374745931514703,20.58469581604004,94000
2003-11-11,20.565602732171506,20.575146154059937,20.28885077829345,20.307937622070312,40800
2003-11-12,20.298395119632684,20.8519008726824,20.298395119632684,20.637178421020508,53500
2003-11-13,20.589468702816752,20.589468702816752,20.097992331485834,20.169567108154297,91200
2003-11-14,20.279311846010938,20.56083648327032,19.84986686706543,19.84986686706543,131000
2003-11-17,19.778295542764596,19.778295542764596,19.186615947618037,19.45859718322754,192000
2003-11-18,19.515862169583475,19.87850329278177,19.472917658394753,19.65900993347168,102400
2003-11-19,19.659011959493274,20.026425744145623,19.568350304183344,19.806930541992188,68600
2003-11-20,19.778290561276457,20.007327237775577,19.563568108239245,19.58265495300293,90300
2003-11-21,19.611282840905663,20.040727734738724,19.611282840905663,19.945295333862305,46300
2003-11-24,20.002563150921443,20.30317471343478,19.849871968106967,20.19342803955078,92300
2003-11-25,20.70875865760183,20.70875865760183,20.22205491179952,20.226825714111328,63800
2003-11-26,20.274546886772914,20.470182584620844,20.136169929211015,20.3747501373291,41900
2003-11-28,20.303172489331157,20.446320230010855,20.303172489331157,20.38429069519043,25600
2003-12-01,20.4415524093663,20.832823807071957,20.4415524093663,20.560842514038086,121800
2003-12-02,20.64195877672919,20.909169264729393,20.613330316737315,20.618101119995117,81600
2003-12-03,20.665821966241356,20.818513181037,20.455870180730198,20.470186233520508,94500
2003-12-04,20.412925037772172,20.77556802697504,20.374753145353495,20.756481170654297,121900
2003-12-05,20.708753056963506,20.78032599361693,20.632407499066844,20.73261070251465,70200
2003-12-08,20.732623510364775,20.866227864164355,20.6610487092734,20.756481170654297,201200
2003-12-09,20.780330352178158,20.80896062497758,20.694441354001953,20.708757400512695,98500
2003-12-10,20.70876220687007,20.74216328944385,20.613329762278195,20.66104507446289,48300
2003-12-11,20.684897821404988,20.766016017134156,20.641953322541795,20.746929168701172,62100
2003-12-12,20.84236169979921,20.904393047420257,20.694441354001953,20.708757400512695,172000
2003-12-15,20.708756857038757,20.804187456754924,20.432003021240234,20.432003021240234,88400
2003-12-16,20.436783084089118,20.627646173233888,20.183886806143846,20.54652976989746,116900
2003-12-17,20.61333097714816,20.637188634646588,20.403379222627795,20.556072235107422,48500
2003-12-18,20.55606829314027,20.890079074511306,20.45109243601095,20.875764846801758,67400
2003-12-19,20.87100310661974,20.87100310661974,20.58947831135138,20.67536735534668,57800
2003-12-22,20.675360177126088,20.7039886350364,20.551297458773412,20.651500701904297,77500
2003-12-23,20.579929068668978,20.79465161800337,20.565613018565006,20.713533401489258,64500
2003-12-24,20.675362323067592,20.851911172654365,20.63718861492851,20.780336380004883,19300
2003-12-26,20.813729281795265,20.87576062302294,20.737383715754227,20.823272705078125,27100
2003-12-29,20.37474953099747,20.851909933033838,20.37474953099747,20.69921875,92000
2003-12-30,20.708754713559095,20.96164905303049,20.684895245877637,20.904390335083008,49200
2003-12-31,20.99505168884782,21.219317596176992,20.904391893653155,21.076168060302734,101000
2004-01-02,21.119121916650748,21.43404775874428,21.119121916650748,21.190696716308594,84900
2004-01-05,21.309981061393856,21.496073305812995,21.309981061393856,21.47221565246582,200800
2004-01-06,21.49607084019877,21.64876198837363,21.48175661387677,21.534244537353516,70300
2004-01-07,21.567643634872482,21.853939056396484,21.534242563035413,21.853939056396484,143700
2004-01-08,21.94937666399441,22.068666754559597,21.830086573429224,21.896888732910156,91400
2004-01-09,21.901698437180947,22.099010969558286,21.892075047544626,22.0075740814209,96500
2004-01-12,22.04125515783001,22.18562982685523,21.920942627671746,22.16156768798828,96800
2004-01-13,22.046071742940786,22.209696880069327,22.041258213006074,22.17119598388672,100700
2004-01-14,22.21932516321777,22.493639519390996,22.200076546709763,22.450326919555664,92300
2004-01-15,22.378144684469625,22.508082519065503,22.017206866978178,22.469581604003906,83400
2004-01-16,22.47437932660876,22.54175404474687,22.315565917434594,22.464754104614258,70100
2004-01-20,22.450328199726993,22.604328155517578,22.29151471266679,22.604328155517578,89600
2004-01-21,22.575456794297438,22.88345676480228,22.35408204497516,22.816082000732422,84000
2004-01-22,22.81607575271,22.97488922666296,22.787200074948334,22.85938835144043,118800
2004-01-23,22.883460323323934,23.643836975097653,22.883460323323934,23.643836975097656,155100
2004-01-26,23.55719692071293,23.831509379271388,23.51869602472112,23.821884155273438,98500
2004-01-27,23.778577043708445,23.81707794857075,23.460951921891194,23.58126449584961,81700
2004-01-28,23.58127287367814,23.812272877447846,23.4946476427864,23.57164764404297,102900
2004-01-29,23.677509466951683,23.845946297356434,23.451321292559218,23.821884155273438,78100
2004-01-30,23.72562778360011,23.783377277238788,23.340628099636742,23.51869010925293,140100
2004-02-02,23.513889566627107,24.043264153627458,23.436889593321162,23.80263900756836,101200
2004-02-03,23.749692846144555,23.797818959959795,23.528318230065036,23.653444290161133,94700
2004-02-04,23.581266288345834,23.600516742240284,23.36470327159412,23.436891555786133,120200
2004-02-05,23.436891555786133,23.547578911942715,23.340641122138226,23.436891555786133,138300
2004-02-06,23.340639347932775,23.58126449584961,23.33582765273708,23.58126449584961,138300
2004-02-09,23.55238539689935,24.168386934470462,23.51388633345211,23.918136596679688,96300
2004-02-10,24.038463532095914,24.038463532095914,23.706399502637325,23.894088745117188,97700
2004-02-11,23.89408248749222,24.0528941608301,23.735268978329803,23.937395095825195,67400
2004-02-12,23.845956635568037,23.845956635568037,22.811269390829153,23.350269317626953,247800
2004-02-13,23.43689442108869,23.58126917129908,23.215519681711122,23.460956573486328,112700
2004-02-17,23.581256633229547,23.821881700915565,23.499444991411618,23.81707000732422,89900
2004-02-18,23.82189000098125,23.96626472473144,23.677515277231052,23.966264724731445,274100
2004-02-19,23.821882133569396,23.942194669597523,23.557194921472234,23.56682014465332,94200
2004-02-20,23.663072117403104,24.08657281932817,23.513885726140316,23.91332244873047,165100
2004-02-23,23.845956154999925,24.02401828301146,23.725643559025333,23.999956130981445,79000
2004-02-24,24.048080225500353,24.423454905550436,23.966266712567375,24.221330642700195,121800
2004-02-25,24.221330869731972,24.346455152313357,24.139517356032137,24.303142547607422,105800
2004-02-26,24.23095237610368,24.35126495361328,24.067327197257654,24.35126495361328,97700
2004-02-27,24.351262186236614,24.428262153659198,24.144324429571412,24.264636993408203,79200
2004-03-01,24.31277466333456,24.70258821613293,24.21171250232847,24.615962982177734,127200
2004-03-02,24.543772776533917,24.837335842691086,24.471584475214204,24.664085388183594,143400
2004-03-03,24.736271783324828,24.832520396567833,24.42345828281119,24.712207794189453,72100
2004-03-04,24.80845144350241,24.80845144350241,24.55820107884761,24.798826217651367,49600
2004-03-05,24.736264592421126,25.236763477592003,24.640014171333775,24.93838882446289,110100
2004-03-08,24.938383814582785,25.145321535810375,24.84694694262183,24.880634307861328,104900
2004-03-09,24.880645005258415,25.102019739390187,24.818081941847435,24.890270233154297,51400
2004-03-10,24.928764452934047,25.14532744884491,24.928764452934047,25.025014877319336,84300
2004-03-11,25.000955485378114,25.073141934754187,24.68814203060875,24.69776725769043,119000
2004-03-12,24.78438844749056,24.871013641357422,24.370512929198675,24.871013641357422,70200
2004-03-15,24.846956811275998,24.9528306430121,24.587081174077078,24.64483070373535,115300
2004-03-16,24.712210654631107,24.96727464955771,24.447523265925994,24.688148498535156,98400
2004-03-17,24.76033073256359,25.179018020629886,24.76033073256359,25.179018020629883,66600
2004-03-18,25.121266161005206,25.126077856268193,24.538953735500588,24.95282745361328,97200
2004-03-19,24.952821282354883,25.02500954421578,24.567821502685547,24.567821502685547,66200
2004-03-22,24.567823667377183,24.567823667377183,23.898886147044106,23.918136596679688,103300
2004-03-23,23.884456946373394,24.327206416129773,23.84595603466005,24.062519073486328,140600
2004-03-24,23.94220891726897,24.245397202513544,23.918146762909018,24.067333221435547,133400
2004-03-25,24.105833969126778,24.389771794575324,24.05289612840888,24.336833953857422,164800
2004-03-26,24.255017502914203,24.413829158079857,24.067328331064864,24.312767028808594,88400
2004-03-29,24.35126475939859,24.73145294189453,24.327202611253426,24.73145294189453,84400
2004-03-30,24.688141366255234,24.779580103158416,24.317578394791923,24.341642379760742,151900
2004-03-31,24.4234468807531,24.50044683689494,24.15875964625452,24.457134246826172,122100
2004-04-01,24.457146526123417,25.159771708165486,24.44752129729514,25.102022171020508,127000
2004-04-02,25.2656307220459,25.612131387983183,25.130881278991833,25.2656307220459,127100
2004-04-05,25.361888268058255,25.554387264483353,25.318575672593408,25.357074737548828,112800
2004-04-06,25.385965836862134,25.626591105457983,25.246402740478516,25.246402740478516,139900
2004-04-07,25.33851932870064,25.576099072284574,25.120336076938216,25.357913970947266,73600
2004-04-08,25.57610005131987,25.687616474144402,25.430643928052,25.483978271484375,77100
2004-04-12,25.55185664761675,25.677918122839902,25.270639884278737,25.309429168701172,49400
2004-04-13,25.382148104708797,25.386997688482726,24.746989498821335,25.01850700378418,85800
2004-04-14,25.052441208987037,25.498508490274645,24.83425807584273,24.936077117919922,69100
2004-04-15,24.99426605309978,25.454878510344706,24.970023681576233,25.386999130249023,132500
2004-04-16,25.411241501772565,25.503363253391797,25.357907174676132,25.386999130249023,55300
2004-04-19,25.49367357510327,25.755493836431853,25.154274747959036,25.68761444091797,52000
2004-04-20,25.697302980665828,25.765182352984773,24.848807127530634,24.853654861450195,90700
2004-04-21,24.96033300719878,25.479127664112124,24.82457421087002,25.309429168701172,127400
2004-04-22,25.406398032682855,26.04640636613989,25.38700339237817,25.702157974243164,68500
2004-04-23,25.808821492590734,25.808821492590734,24.950628251015004,25.13002586364746,68200
2004-04-26,25.067001735547443,25.5276143162429,25.04760709330082,25.357913970947266,94700
2004-04-27,25.4548787742598,26.036704944729195,25.357907437585833,25.556697845458984,81100
2004-04-28,25.60518403726207,25.60518403726207,24.436683980112477,24.65486717224121,177500
2004-04-29,24.654874881557205,25.081547779906643,24.179717225257242,24.679119110107422,154000
2004-04-30,24.776093219865754,24.873064603321698,24.296087738600548,24.359119415283203,122500
2004-05-03,24.460926286041865,25.45003057273256,24.460926286041865,25.062145233154297,124200
2004-05-04,25.159116329215266,25.236693026479614,24.727595835083935,24.916688919067383,90500
2004-05-05,25.013657897957884,25.09123458791824,24.659714134415378,24.674259185791016,52400
2004-05-06,24.713046868225234,24.761531602745936,24.00030980341173,24.640317916870117,131800
2004-05-07,24.606379687551367,24.84880707363562,23.917886798867702,23.966371536254883,72400
2004-05-10,23.97122807384732,24.242747511826728,23.583344483573065,23.709407806396484,108000
2004-05-11,23.87910002711822,23.87910002711822,23.510611175537846,23.64636993408203,79100
2004-05-12,23.723946843692346,23.75788653363158,22.53605214709589,23.56394386291504,173200
2004-05-13,23.58334417893916,23.917895274008767,23.200308329302135,23.515464782714844,97200
2004-05-14,23.53970017635357,23.942130548256387,23.23424113439143,23.44757843017578,92200
2004-05-17,23.17606163024902,23.466975652129662,22.705753680006552,23.176061630249023,94400
2004-05-18,23.27303170641461,23.670612516766578,23.214849645029403,23.56394386291504,75400
2004-05-19,23.67060841625641,24.121523475421164,23.06938957041945,23.190603256225586,105900
2004-05-20,23.287572504445546,23.428180822545475,23.156661503067067,23.297269821166992,70300
2004-05-21,23.37001001199139,23.47182911217714,22.749394390341475,22.82697296142578,90400
2004-05-24,23.03060076042083,23.14211713162766,22.502109005830313,22.61847496032715,92200
2004-05-25,22.691209494648025,23.161519350798812,22.618482367647456,23.001516342163086,80400
2004-05-26,23.08393776433829,23.224546102918712,22.94817900961199,23.054845809936523,74200
2004-05-27,23.14212417602539,23.190610775814132,22.83666507086764,23.14212417602539,111600
2004-05-28,23.15182140035376,23.15182140035376,22.783332491354695,22.817272186279297,54900
2004-06-01,22.919089609213295,23.389399418459124,22.919089609213295,22.986968994140625,87700
2004-06-02,23.09363942581131,23.24879284598596,22.880302085890175,23.14212417602539,85900
2004-06-03,23.229403055239906,23.248797699204058,22.739700317382812,22.739700317382812,57600
2004-06-04,22.83666145545864,23.151817830679843,22.652417954154107,23.01120948791504,75500
2004-06-07,23.122723462197385,23.336060746078758,23.030601721159453,23.15181541442871,77900
2004-06-08,23.234248835044326,23.379706802952406,23.117884680207734,23.268190383911133,44800
2004-06-09,23.321519874976754,23.321519874976754,22.773635171437004,22.817272186279297,80300
2004-06-10,23.030612742302036,23.059704708455126,22.846367322482603,22.86091423034668,71500
2004-06-14,22.9190859149931,23.25363505088534,22.40029144287109,22.400291442871094,124100
2004-06-15,22.763937456979942,23.510614431529188,22.75908787231782,23.079092025756836,101200
2004-06-16,23.297272428884817,23.297272428884817,22.933631334210524,23.025754928588867,90200
2004-06-17,23.03060933577792,23.13242842789078,22.788181869085523,22.923940658569336,89900
2004-06-18,23.020909406840982,23.622130269931375,22.919090326264453,23.42333984375,114100
2004-06-21,23.733640578430602,23.733640578430602,23.43303114882862,23.481515884399414,112500
2004-06-22,23.56395223773229,23.966382775145114,23.176068608016642,23.79668426513672,99100
2004-06-23,24.12152710619112,24.286377817683743,23.811220319751914,24.136072158813477,83100
2004-06-24,24.242746006354974,24.50941584250993,23.77243614196777,23.772436141967773,87500
2004-06-25,23.86941190940771,24.485177993774414,23.73850083481872,24.485177993774414,167800
2004-06-28,24.53365161454879,24.85850528536759,24.45122718811035,24.45122718811035,163800
2004-06-29,24.557895462871567,25.30942000550786,24.451226818903788,24.688804626464844,105300
2004-06-30,24.703354985874693,24.771234368966024,24.562746635428667,24.698505401611328,126100
2004-07-01,24.727592014208557,24.800320965844683,23.99061257928718,24.0778865814209,119400
2004-07-02,24.17486249893102,24.412440333595928,24.17486249893102,24.31062126159668,64400
2004-07-06,24.3542635765752,24.3542635765752,23.995471954345707,23.995471954345703,85800
2004-07-07,24.0245617088497,24.160322348640364,23.626980809296267,23.75304412841797,128100
2004-07-08,23.850787565395457,24.046286572951313,23.508665234381066,23.56731605529785,107900
2004-07-09,23.679723757756737,23.919208048226114,23.611299674765483,23.694385528564453,51800
2004-07-12,23.889895824427185,23.93876965988446,23.479349267567187,23.55754852294922,62300
2004-07-13,23.45979664009198,23.547771026645695,23.31805992126465,23.31805992126465,45200
2004-07-14,23.415813288443566,23.792147811683687,23.230089345869267,23.31317710876465,89600
2004-07-15,23.508674422916283,23.74327406944496,23.303402062725493,23.366939544677734,64700
2004-07-16,23.557543966923642,23.64062984401568,23.04436133620242,23.17143440246582,53200
2004-07-19,23.283847538576136,23.46468294642278,23.122562408447266,23.122562408447266,41200
2004-07-20,23.230088030859996,23.811696744951668,23.11767671694398,23.655298233032227,94100
2004-07-21,23.850784716934456,23.850784716934456,23.146991729736328,23.146991729736328,98000
2004-07-22,23.166551221451787,23.45979795006065,22.892852907510875,22.97593879699707,87600
2004-07-23,23.04436471578158,23.21053835875286,22.84397901670597,22.922178268432617,49200
2004-07-26,23.01992350818097,23.112786391604264,22.589828601230572,22.66313934326172,57500
2004-07-27,22.8244233211319,23.14210689019835,22.799986410344754,23.068796157836914,58000
2004-07-28,23.12744965584188,23.557546454894656,22.584941553571806,23.469572067260742,92600
2004-07-29,23.557542713564455,23.6552922247909,23.234970631608984,23.5135555267334,87600
2004-07-30,23.528215499032687,23.679727323051434,23.3962539486454,23.572202682495117,60200
2004-08-02,23.523329311246453,23.933875743249597,23.430466441935177,23.792139053344727,122300
2004-08-03,23.806803248203742,23.806803248203742,23.05902290344238,23.059022903442383,81200
2004-08-04,23.08834517077019,23.41091722301998,22.58004925073517,23.39625358581543,137900
2004-08-05,23.410925830260037,23.420699106100727,22.814655325440185,22.824430465698242,73100
2004-08-06,22.82930876663448,22.82930876663448,21.539020554446406,21.553682327270508,192100
2004-08-09,21.773627699080457,21.939801366125568,21.372856242868863,21.441280364990234,166000
2004-08-10,21.52924560830685,21.78339357120187,21.52924560830685,21.636770248413086,128900
2004-08-11,21.602562951851983,21.602562951851983,20.84500739719239,21.104042053222656,156000
2004-08-12,21.064938999234993,21.20178906352573,20.78635409839644,20.791242599487305,118100
2004-08-13,20.869433840229068,21.016057121683154,20.532198242026865,20.649497985839844,111500
2004-08-16,20.742365356792657,21.089376195989438,20.72770358345221,20.972076416015625,104800
2004-08-17,21.025839109591715,21.231111397657752,20.88410241673652,21.162687301635742,114100
2004-08-18,21.235999996777785,21.490147972048078,21.2017879486084,21.2017879486084,121700
2004-08-19,21.28487350911848,21.52924634358463,21.020950400435012,21.04538917541504,95500
2004-08-20,21.128474135621413,21.568345964511295,21.128474135621413,21.553682327270508,71400
2004-08-23,21.661206959204932,21.67098209588997,21.436384408699123,21.534133911132812,97800
2004-08-24,21.65143597141415,21.76873576969515,21.548799813178924,21.719860076904297,60000
2004-08-25,21.81760616747357,22.022880316083803,21.553683061153304,21.920242309570312,87600
2004-08-26,21.96912030922647,22.237930080169303,21.954456669941514,22.13040542602539,86000
2004-08-27,22.228151413542765,22.340562686659133,22.052202685389616,22.272138595581055,79700
2004-08-30,22.27214367071806,22.27214367071806,21.87625894216351,21.915359497070312,58600
2004-08-31,22.013099770999904,22.11573588788154,21.7442900944172,22.057086944580078,94000
2004-09-01,22.066871597251907,22.15973261956745,21.871372549367816,22.047321319580078,55100
2004-09-02,22.164615768534325,22.291690688985206,21.934906567501553,22.228153228759766,124100
2004-09-03,22.325902617455085,22.43831389914778,21.96911849788693,22.154842376708984,148500
2004-09-07,22.399211561182135,22.472522281937422,22.125513356212867,22.262361526489258,161900
2004-09-08,22.286804048786568,22.321016099975726,22.076643240386325,22.189056396484375,94100
2004-09-09,22.301456678558722,22.545829417508124,22.223257476671556,22.408979415893555,142600
2004-09-10,22.531185092683504,22.531185092683504,22.262375222375105,22.482311248779297,100000
2004-09-13,22.580052488267324,22.580052488267324,22.081531633418425,22.13529396057129,123200
2004-09-14,22.18906007805156,22.286807746571863,22.052209986172056,22.11086082458496,79800
2004-09-15,22.189048009796092,22.189048009796092,21.729626014186696,21.856700897216797,72800
2004-09-16,22.017989891253603,22.017989891253603,21.85181630524949,21.900691986083984,71500
2004-09-17,21.920243967021715,21.920243967021715,21.6269972918816,21.783395767211914,107000
2004-09-20,21.84692879556112,21.84692879556112,21.32885778593631,21.490144729614258,95600
2004-09-21,21.553689902154904,21.553689902154904,21.182243899541152,21.499929428100586,85500
2004-09-22,21.622099632380134,21.622099632380134,21.055154982228856,21.138240814208984,90600
2004-09-23,21.382620220940886,21.63676815929691,21.333746406202486,21.543907165527344,96800
2004-09-24,21.78828937117422,21.78828937117422,21.294655052963762,21.416841506958008,87000
2004-09-27,21.44615827014455,21.44615827014455,20.918312107039625,20.923200607299805,88200
2004-09-28,21.016070246273,21.504816065953765,21.016070246273,21.499929428100586,67800
2004-09-29,21.62699880450347,21.62699880450347,21.4119513519878,21.568349838256836,68500
2004-09-30,21.568338963708722,21.934898080664404,21.50480152806657,21.817598342895508,70300
2004-10-01,21.99354753662744,22.233033652369368,21.99354753662744,22.042421340942383,140800
2004-10-04,22.09130265966718,22.140176476481916,21.93001570822865,21.993553161621094,111200
2004-10-05,21.9935550443096,22.013105318475677,21.856706853980594,21.983779907226562,68700
2004-10-06,21.806296324232914,22.07252784359121,21.702762471390447,22.018295288085938,75800
2004-10-07,22.067597806806013,22.067597806806013,21.673181764106772,21.732345581054688,75200
2004-10-08,21.6682492341798,21.85066627475514,21.283692002858345,21.35271644592285,60200
2004-10-11,21.32313206940747,21.451316544502887,21.219598237900765,21.416805267333984,57500
2004-10-12,21.416808155582792,21.998572450205504,21.416808155582792,21.895038604736328,117600
2004-10-13,21.895041657471275,21.97392486702574,21.510486245983767,21.766857147216797,95800
2004-10-14,21.806292664232615,21.806292664232615,21.52034180236822,21.544992446899414,74100
2004-10-15,21.56963753166721,21.87530958265636,21.544986893489934,21.78656578063965,60300
2004-10-18,21.78656703295343,21.870381464441675,21.544988131917513,21.74219512939453,84400
2004-10-19,21.742200259568623,22.087314937488884,21.71262023736531,21.964059829711914,90200
2004-10-20,21.914762197885313,22.151411818642426,21.791507069529068,22.146480560302734,89800
2004-10-21,22.146479639184996,22.180992803955355,21.93448255749573,22.067596435546875,80400
2004-10-22,22.03801498984546,22.141548835314637,21.692900290891068,21.895038604736328,91000
2004-10-25,21.865445802251266,22.476791696908677,21.865445802251266,22.171119689941406,145000
2004-10-26,22.171124602574324,22.555679853991247,22.01335824913542,22.491586685180664,114900
2004-10-27,22.50638043602167,23.073352727878778,22.496519803025443,22.964889526367188,248100
2004-10-28,22.866280956318985,23.024047294380097,22.609910186788905,22.93037223815918,88400
2004-10-29,22.876146711376656,23.053632470906646,22.41763760096293,22.570472717285156,50600
2004-11-01,22.5310368665634,22.654291989596327,22.309177268959353,22.624710083007812,118600
2004-11-02,22.62963289024773,22.95502621830971,22.49651718139648,22.496517181396484,92600
2004-11-03,22.77754323391025,22.999402793734507,22.678938776130185,22.782472610473633,207000
2004-11-04,22.70358867039508,23.418468614780455,22.70358867039508,23.36916732788086,145800
2004-11-05,23.45790995395058,23.55651252272703,23.033912137607448,23.23111915588379,121500
2004-11-08,23.280428851910592,23.58610103846012,23.280428851910592,23.359312057495117,87800
2004-11-09,23.35931468450939,23.452987913949364,23.171966344905258,23.245920181274414,86000
2004-11-10,23.27056405887404,23.482562988644933,22.92544939082443,23.34944725036621,123700
2004-11-11,23.393820824128223,23.85232999495756,23.324798261762307,23.714282989501953,90400
2004-11-12,23.714275383884306,24.034739327202946,23.55157966487621,24.029809951782227,72100
2004-11-15,24.05939483642578,24.138278024188875,23.768512728913713,24.05939483642578,135400
2004-11-16,24.059396555685336,24.227023576750806,24.029816533612635,24.133350372314453,107400
2004-11-17,24.157998022332222,24.729901573754415,24.157998022332222,24.552413940429688,110700
2004-11-18,24.57706809050287,24.65102190851791,24.335489129004678,24.384790420532227,71400
2004-11-19,24.369999952514462,24.369999952514462,24.059396555685336,24.133350372314453,99600
2004-11-22,24.158002605437396,24.49818604669829,24.158002605437396,24.38972282409668,77400
2004-11-23,24.315767810824948,24.39465100554339,24.049536323378817,24.118558883666992,115200
2004-11-24,24.108694003635414,24.379854799029427,24.059390844012626,24.29111099243164,114300
2004-11-26,24.330555100610297,24.38478764354873,24.24181128138804,24.281253814697266,32400
2004-11-29,24.33055849178734,24.53762805907499,24.088979524129474,24.29604721069336,115100
2004-11-30,24.281252238235208,24.29604224690417,23.83753317093242,24.00023078918457,102500
2004-12-01,24.19744681449821,24.512979630606022,24.148143636528903,24.46367645263672,149500
2004-12-02,24.40450650957132,24.651016676334667,24.355205228507977,24.47846031188965,107400
2004-12-03,24.478465457838823,24.478465457838823,24.04460694652554,24.118558883666992,203200
2004-12-06,24.113625263605474,24.11855463959134,23.75865000947465,23.842464447021484,194800
2004-12-07,23.852328623510967,23.960791837825155,23.211402448891317,23.517074584960938,218800
2004-12-08,23.595957377465314,23.807956306504824,23.423399103674004,23.664979934692383,212500
2004-12-09,23.61567752382592,23.61567752382592,23.073353964312666,23.36916732788086,208700
2004-12-10,23.27056291631585,23.497351845630305,23.171958461611094,23.344514846801758,148300
2004-12-13,23.31986448337511,23.571305939928195,23.12265745232071,23.536794662475586,175100
2004-12-14,23.517065306508528,23.743854160543147,23.48748341569939,23.733993530273438,124100
2004-12-15,23.778376796365205,24.251675991293997,23.605820385940277,24.182653427124023,138200
2004-12-16,24.08404791166424,24.498185159415627,23.94107341240534,24.28618621826172,114200
2004-12-17,24.18758701178771,24.24674894666414,23.615683292718188,23.768518447875977,231900
2004-12-20,23.768507958307307,23.886833656564423,23.531858442516242,23.689624786376953,82700
2004-12-21,23.738943972823876,23.96080175067922,23.738943972823876,23.950942993164062,84900
2004-12-22,23.911484253730112,24.098832492011308,23.862182976630244,24.029809951782227,68300
2004-12-23,24.034739327202946,24.079111228882095,23.84739108892175,24.029809951782227,47400
2004-12-27,24.079120489612254,24.088981124969223,23.70442574966698,23.862192153930664,44500
2004-12-28,23.81288087228114,24.049530398131502,23.81288087228114,23.90162467956543,65900
2004-12-29,24.019958618192163,24.019958618192163,23.783309011205528,23.97065544128418,43300
2004-12-30,23.847396343952163,23.847396343952163,23.650189311372834,23.75372314453125,59200
2004-12-31,23.71428412075336,23.729076013911516,23.51707705897526,23.58609962463379,77400
2005-01-03,23.635393690740944,23.88683510956089,23.517069866009557,23.729068756103516,151800
2005-01-04,23.788238668668267,24.03967829132634,23.788238668668267,24.00516700744629,182400
2005-01-05,24.084059424463803,24.49326749091082,23.96080425467489,23.995315551757812,225700
2005-01-06,24.109682324154008,24.17433340673763,23.77648423909703,23.796375274658203,83000
2005-01-07,23.821240414765697,24.12459907569741,23.54771735615579,23.90081024169922,113500
2005-01-10,23.900815708671658,24.378234779475637,23.900815708671658,24.26882553100586,143600
2005-01-11,24.243958541002694,24.273797942161067,23.711834884793383,23.791404724121094,90100
2005-01-12,23.796379564415716,24.020170354398193,23.542751267165453,23.970439910888672,138600
2005-01-13,24.045033578251577,24.069900695034942,23.512909909115617,23.647184371948242,121700
2005-01-14,23.696926174827407,23.86601239218943,23.617356301780305,23.861038208007812,76300
2005-01-18,23.836165725657896,24.189256811299472,23.67702602798578,24.1395263671875,90800
2005-01-19,24.094764021063707,24.248929509274305,23.6571289799774,23.701887130737305,105100
2005-01-20,23.70188930609184,23.811298550678604,23.313986561967408,23.602426528930664,93700
2005-01-21,23.557675038870723,23.607407390068655,23.14987924452377,23.413455963134766,102900
2005-01-24,23.37366544802154,23.572591019183065,23.21949803551662,23.22944450378418,55300
2005-01-25,23.279177200582048,23.468154409266745,23.164795659400824,23.239391326904297,74300
2005-01-26,23.27419441762365,23.353764238481908,22.955915134190615,23.318952560424805,123700
2005-01-27,23.229443638587824,23.294094731371572,22.752024562095773,22.990734100341797,164200
2005-01-28,22.99073738946578,23.139930635076738,22.86143708249497,22.975818634033203,149600
2005-01-31,22.98078494012104,23.62729010093262,22.98078494012104,23.502962112426758,211700
2005-02-01,23.42338918686212,23.59247530481676,23.27419599974786,23.522851943969727,100200
2005-02-02,23.42339132428993,23.831186958258353,23.348795672472956,23.796375274658203,105000
2005-02-03,23.746657451547147,23.77649686637781,23.433350235659372,23.721792221069336,83000
2005-02-04,23.62232552803607,24.49262173170056,23.61237905805706,24.25888442993164,139600
2005-02-07,24.253906777885344,24.343423090797934,24.104713555395946,24.26882553100586,117100
2005-02-08,24.219089508056637,24.318552265827197,23.960487096690912,24.21908950805664,115900
2005-02-09,24.169362983861728,24.169362983861728,23.612374062541605,23.632266998291016,106300
2005-02-10,23.632262295659174,23.7416715234146,23.473122635520948,23.607397079467773,123400
2005-02-11,23.597446151415195,24.010213974004422,23.463171732858978,23.96048355102539,50700
2005-02-14,23.89583431837105,24.104706284528532,23.771506354282657,24.06492042541504,63200
2005-02-15,24.06990302574818,24.378235953352622,24.02514486713666,24.194231033325195,132700
2005-02-16,24.194226455519498,24.308607973196768,24.04503135698051,24.11962890625,101000
2005-02-17,24.02017586165772,24.08979925737198,23.726761624651026,23.856063842773438,96000
2005-02-18,23.905779241519557,23.950537381588795,23.517876625648864,23.59744644165039,93500
2005-02-22,23.54773036525552,23.54773036525552,23.03052715300244,23.139934539794922,92800
2005-02-23,23.09517108486069,23.502966817020923,23.070305861601152,23.25928497314453,90100
2005-02-24,23.29906795178411,24.149472968713095,23.254309792998377,24.089794158935547,194500
2005-02-25,23.87098473640194,24.457813262939457,23.861038265110324,24.457813262939453,211200
2005-02-28,24.49758110850812,25.03467882176634,24.49758110850812,24.965055465698242,161600
2005-03-01,24.86560188945214,25.03966034384036,24.616945870557622,24.741273880004883,174400
2005-03-02,24.691547151641053,24.78106348368469,24.467756321531965,24.577163696289062,92200
2005-03-03,24.577154485033443,24.835756914338607,24.278768088116806,24.746240615844727,154700
2005-03-04,24.845713848084536,25.223672133647916,24.71641352750459,25.14907455444336,75700
2005-03-07,25.08939999638615,25.114265226101818,24.865609134754276,24.9998836517334,67700
2005-03-08,24.900414613658842,24.905388796616283,24.532404752796232,24.71640968322754,69000
2005-03-09,24.641808579308968,24.75121782353204,24.47272242782543,24.616943359375,61100
2005-03-10,24.542359051429045,24.592091415239185,24.109697920307177,24.343435287475586,95900
2005-03-11,24.34341748099626,24.437906057476415,23.9704335621774,24.21908950805664,103000
2005-03-14,24.169361559529555,24.492615106576036,24.119631120181477,24.28871726989746,47800
2005-03-15,24.318560887461736,24.422995966453644,23.99530728437823,24.084823608398438,76300
2005-03-16,24.05996061259737,24.378240062102716,23.920711930617408,24.040067672729492,63300
2005-03-17,24.04503401961856,24.114659291957498,23.746647583687587,23.980384826660156,85100
2005-03-18,24.089791918955722,24.089791918955722,23.3388516548152,23.652158737182617,201600
2005-03-21,23.701890376319184,23.701890376319184,23.22447130090194,23.632266998291016,83000
2005-03-22,23.622316584312625,24.074870362991465,23.622316584312625,23.68199348449707,109300
2005-03-23,23.647184386678514,23.647184386678514,22.965867501891235,23.005651473999023,124000
2005-03-24,23.010629431713035,23.43831811033993,22.945978332198628,23.219499588012695,96200
2005-03-28,23.1697612246997,23.443282387067672,23.1697612246997,23.264249801635742,100200
2005-03-29,23.199595226727645,23.234406899456435,22.771906793666677,22.796772003173828,119000
2005-03-30,22.826615953407305,23.21949089513876,22.781857808514573,23.189653396606445,70300
2005-03-31,23.12500999097291,23.12500999097291,22.717214267630872,22.761972427368164,104700
2005-04-01,22.737102557618183,22.95591912878142,22.428767788181275,22.791807174682617,152000
2005-04-04,22.69234858696082,22.916139381131014,22.478504261097616,22.856460571289062,113900
2005-04-05,22.916133188149697,22.97581008476939,22.60282616098123,22.73710060119629,92000
2005-04-06,22.70229494848482,22.7569976782737,22.63764385334089,22.69234848022461,106100
2005-04-07,22.752587452209728,22.88810746070359,22.491582479508587,22.807798385620117,82600
2005-04-08,22.89814150918216,22.93327660245732,22.66725320631139,22.827871322631836,98900
2005-04-11,22.95334934558592,24.1730442170688,22.943310476162857,23.861846923828125,240900
2005-04-12,23.811646310060393,24.243308008056275,23.605854327843527,24.107786178588867,185800
2005-04-13,24.0425369561659,24.39388772779841,23.94215020082028,24.057594299316406,104000
2005-04-14,24.05759866416154,24.33868124718334,23.947173021774677,24.00740623474121,89200
2005-04-15,24.012434028513045,24.117839320023585,23.50046300796575,23.625946044921875,95400
2005-04-18,23.676138241215277,23.736371476909405,23.31976687959462,23.630966186523438,106300
2005-04-19,23.580766072507934,23.64099737879353,23.174200446963095,23.515514373779297,101800
2005-04-20,23.43017772683208,23.440216593090806,22.607009840796348,22.64716339111328,188100
2005-04-21,22.772654658740315,23.75644284925664,22.772654658740315,23.72130584716797,119800
2005-04-22,23.620916839586826,23.620916839586826,23.113964528249983,23.299678802490234,131900
2005-04-25,23.400072694932874,23.891965896450028,23.390033823711843,23.73636817932129,87900
2005-04-26,23.686170711173233,23.69119110348359,22.722462177199276,22.868022918701172,110500
2005-04-27,22.837911092060704,23.86687153853941,22.637137481407713,23.505481719970703,92100
2005-04-28,23.37999115107693,23.425163188449183,22.662228309368384,22.68732452392578,122400
2005-04-29,22.73751542945647,22.928250093805232,22.431336654104538,22.913192749023438,125400
2005-05-02,22.913191713028187,23.088867109933872,22.6070129515198,22.97342300415039,108200
2005-05-03,22.91320209400797,23.038685124282452,22.58694544940668,22.76262092590332,99600
2005-05-04,22.732497129757824,22.84292085021458,22.54678094065095,22.792728424072266,89000
2005-05-05,22.73751967298147,22.847945327905652,22.381148405368105,22.63211441040039,77600
2005-05-06,22.68230413218324,22.76261316759798,22.39620307384833,22.68732452392578,61200
2005-05-09,22.612039425418516,22.8128130197932,22.40624735280797,22.69234848022461,82500
2005-05-10,22.58693737690675,22.58693737690675,22.23558463476674,22.461454391479492,110500
2005-05-11,22.346023644681427,22.54177691271572,21.989652212376974,22.42131233215332,102800
2005-05-12,22.386165063703636,22.446398278613763,21.974581002076977,22.12516212463379,92100
2005-05-13,22.074967778875347,22.27072094053699,21.91434970188536,22.12516212463379,68000
2005-05-16,22.034820859253536,22.310883142627517,21.939452530923536,22.26068878173828,106000
2005-05-17,22.185396418813223,22.371110736385898,21.914352659294984,22.335975646972656,76000
2005-05-18,22.386171099754012,22.827871887932844,22.37111374932578,22.777679443359375,84900
2005-05-19,22.737520445220365,22.928255151644088,22.687328008396676,22.888099670410156,54100
2005-05-20,22.83790305432562,22.933269432726384,22.612033300514987,22.817825317382812,51000
2005-05-23,22.802771067271646,23.425165679235167,22.802771067271646,23.25952911376953,86400
2005-05-24,23.239452920579897,23.2645491394758,23.043699732585562,23.189260482788086,59800
2005-05-25,23.088866646758543,23.113962857996164,22.682301131723595,22.787708282470703,101400
2005-05-26,22.762621860284785,22.988491706994388,22.652198091119445,22.898143768310547,157100
2005-05-27,22.898139082819664,22.898139082819664,22.511651183027446,22.566864013671875,94600
2005-05-31,22.441371874325164,22.46646808312151,22.17534861459152,22.28577423095703,114700
2005-06-01,22.185399965753415,22.81783359102227,22.185399965753415,22.72748565673828,81000
2005-06-02,22.71242545114135,23.023622788604776,22.612038657363808,22.863004684448242,65900
2005-06-03,22.787711296873816,22.913194284379248,22.48153250100561,22.68732452392578,73000
2005-06-06,22.561848281712503,22.76764036615812,22.40624864138767,22.627099990844727,49300
2005-06-07,22.72747240646511,22.998516051296768,22.55179703373235,22.64716339111328,81200
2005-06-08,22.617061119076766,22.878066040886647,22.486557700812323,22.627099990844727,108600
2005-06-09,22.602001356155178,22.988489294471893,22.386170404696248,22.908180236816406,83500
2005-06-10,22.837913580010344,22.863009805396175,22.591965975902987,22.682313919067383,77000
2005-06-13,22.66222880195325,22.74755631624677,22.340990738593447,22.67728614807129,69000
2005-06-14,22.58693397696522,22.58693397696522,22.240601678616944,22.491567611694336,123700
2005-06-15,22.486549610131046,22.486549610131046,22.034812031422593,22.325931549072266,115800
2005-06-16,22.230567796514872,22.622074127197266,22.165316103161622,22.622074127197266,44900
2005-06-17,22.762617618009745,23.058757603010832,22.662232740153495,23.023622512817383,213000
2005-06-20,22.898143354358762,22.898143354358762,22.43134631783738,22.48154067993164,141500
2005-06-21,22.411258997855604,22.49658649759122,22.034810091383573,22.366085052490234,69100
2005-06-22,22.436364871914304,22.782697325733807,22.406248257126922,22.712427139282227,70900
2005-06-23,22.662227920601296,22.662227920601296,22.150257110595703,22.150257110595703,100500
2005-06-24,22.110100941772743,22.135197155111385,21.76376860237545,21.813961029052734,99400
2005-06-27,21.83404626462522,22.009721733050696,21.62323570251465,21.62323570251465,96400
2005-06-28,21.733660438075397,22.26068878173828,21.683467991905253,22.26068878173828,75400
2005-06-29,22.335975175906643,22.335975175906643,22.034816725939216,22.190414428710938,85100
2005-06-30,22.19041166240474,22.340990868616913,21.94948454952156,21.974580764770508,73000
2005-07-01,21.909329358271755,22.44639636646545,21.909329358271755,22.436357498168945,62400
2005-07-05,22.310868784834486,22.672258377075195,22.03480667911574,22.672258377075195,61700
2005-07-06,22.58192724376673,22.687332530939436,22.33597965897798,22.48655891418457,64700
2005-07-07,22.370020577520105,22.486557255092606,22.05081024070196,22.319351196289062,53400
2005-07-08,22.532158915950614,22.876702979780827,22.258550053584397,22.750032424926758,83200
2005-07-11,22.496694713417824,22.97297537579074,22.496694713417824,22.78043556213379,89500
2005-07-12,22.75508537318395,22.932423275347592,22.415609408231212,22.72468376159668,53000
2005-07-13,22.77536242135588,22.91723280106189,22.537221198701687,22.59295654296875,46200
2005-07-14,22.294004290910365,22.689215566650127,22.294004290910365,22.461210250854492,64800
2005-07-15,22.202811065938267,22.663891732821753,22.11667603049932,22.59295654296875,63300
2005-07-18,22.446016676451137,22.734825319248877,22.446016676451137,22.5676212310791,60800
2005-07-19,22.69430592654152,23.130053114516343,22.299092326859224,23.08951759338379,68200
2005-07-20,22.962840577409658,23.30231870716547,22.709499439589305,23.292184829711914,62200
2005-07-21,23.2465795160335,23.586055656996542,23.02363811448005,23.14524269104004,81200
2005-07-22,23.145238708217583,23.763391494750977,23.145238708217583,23.763391494750977,92300
2005-07-25,23.66205260093201,23.72792180996126,23.271907182587505,23.322574615478516,61400
2005-07-26,23.180704128098945,23.454312903000407,23.03883377052278,23.33270835876465,81100
2005-07-27,23.337786661058637,23.408721871455487,22.972974798629664,23.266849517822266,36900
2005-07-28,23.206040755118888,23.854595184326172,23.140171538194316,23.854595184326172,66800
2005-07-29,23.814061421743247,24.25487435792952,23.631655535641606,24.168739318847656,102300
2005-08-01,24.16874577211526,24.16874577211526,23.231382369995117,23.231382369995117,94800
2005-08-02,23.206037844403454,23.641784723060155,23.003366181128733,23.33270835876465,133900
2005-08-03,23.28204800859247,23.434052285498122,23.124975827181057,23.37325096130371,49500
2005-08-04,23.271908246298057,23.30230986712546,23.06416866940771,23.084436416625977,60500
2005-08-05,22.902025312485787,22.91722515299915,22.44094479947663,22.739887237548828,115900
2005-08-08,22.739889326712458,22.760155138312705,22.385211530388467,22.572683334350586,75300
2005-08-09,22.44602552723052,22.522028645446937,21.87854189182393,21.883607864379883,145800
2005-08-10,21.939330985195586,22.202805866404496,21.169174086163043,21.483318328857422,113000
2005-08-11,21.533980874026476,21.913992301215178,21.427578138294773,21.726520538330078,86600
2005-08-12,21.660664221994484,21.685997945627804,21.03744534298658,21.463058471679688,93000
2005-08-15,21.432652898925134,21.888667571752016,21.032373567536965,21.625192642211914,87300
2005-08-16,21.574527204383127,21.782266811743458,21.38198744324654,21.468122482299805,55100
2005-08-17,21.381982575920777,21.837995254379177,21.331313211977445,21.70625877380371,82200
2005-08-18,21.60492681769821,21.76199898184473,21.25531682595935,21.473190307617188,60200
2005-08-19,21.432655676604654,21.473191178482175,21.12357923972545,21.25531768798828,95300
2005-08-22,21.305978571788,21.3870476177405,20.98170238797801,21.169174194335938,111400
2005-08-23,21.032377528894447,21.412389183544114,20.94624248160335,21.159048080444336,83100
2005-08-24,21.13370773227767,21.447851993296176,20.905700424389604,20.925968170166016,104200
2005-08-25,20.880362859981776,21.07796851278314,20.74355850046431,20.77396011352539,532400
2005-08-26,20.773973519357284,20.971579299677337,20.571299833837507,20.76890754699707,160700
2005-08-29,20.621960278278838,20.91583486871114,20.52062347946682,20.880367279052734,108600
2005-08-30,20.779037475585938,20.86010655536004,20.601699467592372,20.779037475585938,68100
2005-08-31,20.74356783899225,21.174248853473262,20.525694346065897,21.088111877441406,125200
2005-09-01,20.986776219069966,21.29078670489856,20.90064117109737,20.996910095214844,114800
2005-09-02,20.941169945917633,21.077972397811852,20.784097815408384,20.925968170166016,102500
2005-09-06,20.91583135033487,21.326244446708102,20.890497638103067,21.164106369018555,66200
2005-09-07,21.077971276034564,21.174242096929635,20.931034959072143,21.169174194335938,66700
2005-09-08,21.042511404959146,21.290786536446188,20.99184395747488,21.159048080444336,61000
2005-09-09,21.0526440442789,21.402255983035626,21.0526440442789,21.25531768798828,51400
2005-09-12,21.077978740479455,21.300920145429014,20.94624221896861,21.1793155670166,69400
2005-09-13,21.0526371263316,21.0526371263316,20.657425777088736,20.743560791015625,57900
2005-09-14,20.870229075452052,20.996899564474106,20.54088696369767,20.6118221282959,93600
2005-09-15,20.5560933997391,20.662496180778074,20.444622715123664,20.5408935546875,76200
2005-09-16,20.621965561393587,21.179315198388345,20.621965561393587,21.05771255493164,214100
2005-09-19,20.97157327777817,21.05264234213954,20.13048101021437,20.186216354370117,129800
2005-09-20,20.18621652538251,20.855036795239606,20.140615055490482,20.323020935058594,88800
2005-09-21,20.191278623416526,20.24194798737703,19.791001278740836,20.02407455444336,136500
2005-09-22,19.846741247724665,20.201419181467422,19.70993875185573,19.95314598083496,64000
2005-09-23,20.317955554728506,20.323023459145364,19.887276455577794,20.125417709350586,48000
2005-09-26,20.226747061447867,20.52062358624806,19.867003259989986,20.110210418701172,80500
2005-09-27,20.019017429544085,20.019017429544085,19.47180153402862,19.92781639099121,121400
2005-09-28,20.013943616510627,20.11528042645314,19.65926574813127,19.791004180908203,108500
2005-09-29,19.836602868244444,20.013940811157227,19.613661531052813,20.013940811157227,104500
2005-09-30,19.91767233459535,19.98860751324318,19.61366194102637,19.67446517944336,91800
2005-10-03,19.796076278350387,20.039283537779735,19.7707425512339,19.907546997070312,95100
2005-10-04,19.90754429804037,20.19635300025901,19.704870642907643,19.821407318115234,86600
2005-10-05,19.908473569059783,20.02115400661792,19.508973041448687,19.601165771484375,165100
2005-10-06,19.60116174188183,19.96993258621275,19.46287267525773,19.70871925354004,115400
2005-10-07,19.70872870146122,19.816286264680105,19.48849066983253,19.74458122253418,80200
2005-10-10,19.872624217717537,20.31822118120014,19.67287392215001,20.000669479370117,132800
2005-10-11,19.949450495506483,20.0774957464997,19.432146587357217,19.44239044189453,84200
2005-10-12,19.442384103431444,19.601160866273375,18.81240190838483,19.2067813873291,109400
2005-10-13,19.15556967944649,19.15556967944649,18.704849864191814,19.01728057861328,90500
2005-10-14,19.145328269997975,19.488488636991576,18.873870983855102,19.47824478149414,84000
2005-10-17,19.40141780690163,20.09798431469093,19.293858306569785,19.759944915771484,98500
2005-10-18,19.596041471537244,19.68823419500448,19.3962912219633,19.498727798461914,63000
2005-10-19,19.396298655767943,19.87262725830078,19.268253374523972,19.87262725830078,109700
2005-10-20,19.770186916717975,19.89823217383096,19.503854501280678,19.611412048339844,143400
2005-10-21,19.642135554930107,19.959689100623496,19.50384843958471,19.529457092285156,93000
2005-10-24,19.631900522372092,20.3028564453125,19.631900522372092,20.3028564453125,84600
2005-10-25,20.28236767462864,20.28236767462864,19.61653273728566,20.169689178466797,133600
2005-10-26,20.041641509580575,20.128711334939286,19.304099676822965,19.33483123779297,190200
2005-10-27,19.437269138612905,19.478242602202737,19.18629959154422,19.360441207885742,151200
2005-10-28,19.432142242081436,19.539701713763826,19.048006574999434,19.058250427246094,173400
2005-10-31,19.160687291806106,19.549943914115406,19.032642067467968,19.17605209350586,327900
2005-11-01,19.1248397020515,19.17605702342805,18.80728801112261,18.82265281677246,232000
2005-11-02,18.884114705033948,19.027526727162318,18.86874989880491,18.873870849609375,169400
2005-11-03,19.001921267402743,19.0992369434326,18.669004667945707,18.786806106567383,303000
2005-11-04,18.745826789751323,18.90460362829156,18.479494346894327,18.5972957611084,205800
2005-11-07,18.56144443138625,19.104355161794235,18.56144443138625,18.884117126464844,173000
2005-11-08,18.822649829310862,18.930207359419832,18.571680305241337,18.689483642578125,106400
2005-11-09,18.77654956792716,19.324582911930353,18.77654956792716,19.247756958007812,215100
2005-11-10,19.345078276476745,19.821406803951643,19.1555718371658,19.8111629486084,185500
2005-11-11,19.795800063317824,19.85213834244881,19.47312542705072,19.585805892944336,75600
2005-11-14,19.847015894801334,19.85725975036621,19.616534029130833,19.85725975036621,106100
2005-11-15,19.857254026040167,19.88798558387569,19.411657183408202,19.483362197875977,100100
2005-11-16,19.483366692887692,19.770186816931126,19.31434601652019,19.759944915771484,166400
2005-11-17,19.718969064481463,19.79579699820695,19.570436101313803,19.713848114013672,138000
2005-11-18,19.821408449593264,19.95969757748486,19.657510658125258,19.91872215270996,210600
2005-11-21,19.990420122331898,20.226024823830766,19.862374895919185,20.15431785583496,73500
2005-11-22,20.231157024003032,20.27725340929898,19.97506642876249,20.226036071777344,60400
2005-11-23,20.25675646778434,20.66650084280732,20.25675646778434,20.56918716430664,126500
2005-11-25,20.543583429709557,20.615288468293098,20.49236414942434,20.5538272857666,41700
2005-11-28,20.49235725402832,20.589672876916985,20.34382627571923,20.49235725402832,128500
2005-11-29,20.594792822866243,21.25550663041399,20.594792822866243,20.95844078063965,279200
2005-11-30,20.989173456601783,21.101853882018645,20.620402576193953,20.681865692138672,121900
2005-12-01,20.896982094285107,21.45013845083829,20.88161729120816,21.41940689086914,204700
2005-12-02,21.30673338168901,21.419413851042478,20.82016289053367,21.255516052246094,115900
2005-12-05,21.204293495083267,21.204293495083267,20.727965024198127,21.040395736694336,114700
2005-12-06,21.158199598006583,21.552579235729223,21.096736466075214,21.38867950439453,117600
2005-12-07,21.439897721140767,21.65501281081965,21.383557496563288,21.593551635742188,138700
2005-12-08,21.562821287554957,21.798426053969745,21.35795004113573,21.429655075073242,88300
2005-12-09,21.511606638391076,21.972570419311523,21.491118925057748,21.972570419311523,82700
2005-12-12,22.023782295021807,22.06475771154161,21.562818628251005,21.977685928344727,136800
2005-12-13,21.92134838225399,22.15695119454356,21.89573972071219,22.10573387145996,87600
2005-12-14,22.100606180962675,22.54620300811254,21.99304670918302,22.459131240844727,116500
2005-12-15,22.48986903021306,22.607670433079814,22.110854206968035,22.244022369384766,169600
2005-12-16,22.238900601611366,22.397677432972745,21.99305392821728,22.341337203979492,308000
2005-12-19,22.213291337280026,22.269631564745918,22.07500222090437,22.141586303710938,101300
2005-12-20,22.105736839623418,22.32597487532266,21.94183903917039,22.0135440826416,79500
2005-12-21,21.957204089770766,22.47962906716257,21.957204089770766,22.131345748901367,56200
2005-12-22,22.12621607660944,22.37718363261334,21.99304794362295,22.37206268310547,66400
2005-12-23,22.423282338327873,22.725469190087015,22.136462244329604,22.530841827392578,90400
2005-12-27,22.484746920226073,22.669130440978517,22.121096921465785,22.14670753479004,81000
2005-12-28,22.14671127779012,22.315730022166136,22.095491996300563,22.295242309570312,45800
2005-12-29,22.2286547852207,22.31572461191994,22.121095297077364,22.151826858520508,57600
2005-12-30,22.02889972716537,22.279869228730863,21.870124898045955,22.20816421508789,74500
2006-01-03,22.279877485773717,22.459140086316836,21.83940143436398,22.18256378173828,181200
2006-01-04,22.249139124008003,22.592301366611288,22.249139124008003,22.535961151123047,141900
2006-01-05,22.49975581914084,22.820441441566942,22.43768807969337,22.556652069091797,68500
2006-01-06,22.654922772166113,22.83078298526141,22.62906138234866,22.79457664489746,131200
2006-01-09,22.794586907907,22.866999621237927,22.680794373759287,22.732519149780273,96600
2006-01-10,22.685967837910614,22.815276818315397,22.629071570836757,22.732519149780273,104200
2006-01-11,22.71183321672159,22.779074450775088,22.654936939683925,22.773900985717773,86900
2006-01-12,22.78424369769526,22.846311460575613,22.680796110828933,22.748037338256836,156500
2006-01-13,22.748032235404644,22.90837605773396,22.696309440123272,22.79975700378418,102800
2006-01-17,22.784235161114303,22.81527001747594,22.711822469368357,22.768718719482422,189200
2006-01-18,22.77388854083148,23.022161454245236,22.737682197610578,22.965267181396484,117700
2006-01-19,23.016994628306136,23.404921504064106,22.970443324291256,23.27044105529785,171700
2006-01-20,23.68939562643243,23.68939562643243,23.43595122808514,23.549741744995117,167100
2006-01-23,23.5549261359569,23.772164292475487,23.5549261359569,23.751474380493164,112500
2006-01-24,23.808368410635786,24.149744033813477,23.80319691967634,24.149744033813477,136100
2006-01-25,24.154916948619793,24.408361434936523,24.103192174709374,24.408361434936523,175800
2006-01-26,24.439397914701484,24.698015882052825,24.413536512586052,24.69284439086914,162900
2006-01-27,24.620433138319378,25.12732616139016,24.620433138319378,24.93594741821289,187500
2006-01-30,25.00834215180751,25.034205512023814,24.485935028854385,24.558347702026367,75200
2006-01-31,24.465249667061485,24.816970121779136,24.408353420989847,24.439388275146484,181000
2006-02-01,24.387678116252935,24.713535374646618,24.387678116252935,24.656639099121094,139600
2006-02-02,24.568695385809246,24.718694210129183,24.092839495949885,24.1549072265625,152800
2006-02-03,24.103187333906074,24.346288789715416,23.96870689494434,24.11870574951172,127500
2006-02-06,24.129046625029133,24.33076823593497,23.79801411371702,24.304906845092773,91600
2006-02-07,24.351461108432854,24.465251636639124,23.99974062539991,24.0566349029541,109300
2006-02-08,24.02043874773165,24.20664402046657,23.792855621666035,24.05147361755371,107500
2006-02-09,23.97388073592557,24.27387847448185,23.746297673402236,23.76181411743164,133600
2006-02-10,23.844572846176636,24.010088166926025,22.94458353623913,23.244579315185547,183400
2006-02-13,23.275606422727993,23.275606422727993,22.210100173950195,22.210100173950195,318000
2006-02-14,22.137696265455276,22.468726927854114,21.915284669200112,22.215282440185547,208500
2006-02-15,22.24114129552822,22.442862959024513,22.075625983269816,22.432518005371094,161800
2006-02-16,22.520440114550034,22.54113001357894,22.096307049944322,22.32906150817871,112400
2006-02-17,21.817009392567787,22.48941563628706,21.817009392567787,22.153213500976562,107300
2006-02-21,22.282520706410413,22.282520706410413,21.522183397994752,21.713560104370117,180900
2006-02-22,21.698044036411638,21.951488494873047,21.698044036411638,21.951488494873047,138800
2006-02-23,22.060109362271103,22.551481831726473,21.88942058800696,22.39113998413086,179000
2006-02-24,22.323895584775133,22.323895584775133,21.72907366455235,21.848039627075195,139300
2006-02-27,21.910113095031335,22.049767025155845,21.58425392474081,21.63597869873047,107800
2006-02-28,21.635975680602286,21.667008567568747,20.854948473644686,21.035980224609375,159400
2006-03-01,20.94805408405465,21.02046679482231,20.746332397459494,20.885986328125,193400
2006-03-02,20.93253145056168,20.93253145056168,20.19288416962481,20.37908935546875,264000
2006-03-03,20.404955644466376,20.482539841785535,20.17219910631235,20.399782180786133,163700
2006-03-06,20.42046434635542,20.42046434635542,19.98081480895669,20.073917388916016,129400
2006-03-07,20.001510077667753,20.001510077667753,19.582550287178034,19.722204208374023,149700
2006-03-08,19.66013481059926,20.327369565268963,19.56186070431467,20.229095458984375,267300
2006-03-09,20.327362635136982,20.704944459732246,20.0170220040744,20.110124588012695,137900
2006-03-10,20.19805737936778,20.3480562333071,20.011852177663513,20.12564468383789,119200
2006-03-13,20.104951316842072,20.746324459714153,20.06874497531114,20.15150260925293,110800
2006-03-14,20.249779215687074,20.53942995593932,20.218744362189614,20.430810928344727,106500
2006-03-15,19.97563682669331,19.97563682669331,18.72392771532397,18.956684112548828,1255800
2006-03-16,19.008419421250593,19.1066935324328,18.904971846107106,18.920490264892578,1242400
2006-03-17,18.9204876421613,19.10669088389029,18.899797735380933,18.982555389404297,847300
2006-03-20,19.12221190622705,19.12221190622705,18.930833202077444,19.03428077697754,249500
2006-03-21,19.039451607310504,19.086002910921458,18.76014378564478,18.770488739013672,339900
2006-03-22,18.749790876951423,19.01358017009194,18.749790876951423,18.858409881591797,190800
2006-03-23,18.89979510411001,19.034275533263525,18.698073473830814,18.775657653808594,260100
2006-03-24,18.801522262610515,18.98255599304844,18.770489374551225,18.879108428955078,149900
2006-03-27,18.832557916329954,18.99290174607759,18.780835118655624,18.972211837768555,300100
2006-03-28,19.003249925193792,19.008421416599557,18.67221725536584,18.708423614501953,306100
2006-03-29,18.791177470526602,18.84290026103814,18.66186852114978,18.76531410217285,158000
2006-03-30,18.80152260310062,18.98255633681701,18.641180750295426,18.904970169067383,466200
2006-03-31,18.982554332850967,19.189447469844826,18.946347984549593,19.018760681152344,424500
2006-04-03,19.070479839541484,19.137721033477796,18.894619621391026,18.94634437561035,189400
2006-04-04,18.998072175939644,19.06531338764079,18.910143030182734,19.0084171295166,300800
2006-04-05,19.034275393543414,19.417030720490168,19.034275393543414,19.385995864868164,345700
2006-04-06,19.673779428646,19.72087100371022,19.349371909313458,19.365068435668945,289200
2006-04-07,19.443553230581117,19.464483261084926,19.17670232764904,19.302278518676758,492700
2006-04-10,19.33366852269747,19.464478185238054,19.218555380942703,19.281343460083008,192600
2006-04-11,19.40692580125566,19.42262232542788,19.11914488077927,19.255186080932617,235100
2006-04-12,19.234260877380997,19.3860006357766,19.202867821159824,19.370304107666016,166900
2006-04-13,19.370296284042343,19.46447940666145,19.181930038804133,19.27088165283203,90600
2006-04-17,19.244724811094034,19.270888351135685,19.014500429111724,19.124380111694336,133900
2006-04-18,19.176705836008306,19.495879877594916,19.171472329426106,19.427860260009766,194800
2006-04-19,19.391239973983406,19.46972463413692,19.223803637124284,19.33891487121582,193400
2006-04-20,19.370295058893372,19.385991579671376,19.176697317308786,19.249950408935547,81100
2006-04-21,19.5220454816607,19.56913706588763,19.370305710707466,19.52727699279785,123900
2006-04-24,19.647621161582325,19.668551197544136,19.365071664092124,19.616228103637695,251700
2006-04-25,19.6947028283042,19.73656287915148,19.516801604197433,19.642379760742188,210700
2006-04-26,19.694709704469204,19.935399092883547,19.548203467347047,19.563899993896484,123600
2006-04-27,19.46971323666717,19.935395400698578,19.276115459754685,19.79412269592285,181600
2006-04-28,19.75748831144835,19.99294607652057,19.63191216740771,19.919692993164062,378600
2006-05-01,20.019108944325087,20.12375706868163,19.412152218253464,19.459243774414062,256900
2006-05-02,19.532500388561868,19.898765858502415,19.506336858425733,19.679006576538086,597300
2006-05-03,19.75225605792608,19.846439160398578,19.616214907686214,19.778417587280273,80300
2006-05-04,19.72087284862037,19.919704183714394,19.637154706896247,19.88307762145996,81500
2006-05-05,19.961563296640982,20.118534555356813,19.86214663585594,19.867380142211914,100100
2006-05-08,19.992954681830838,20.16562444920277,19.87260999366147,20.09760284423828,101300
2006-05-09,20.08713783796113,20.186554490494487,19.815053413971317,19.90400505065918,66200
2006-05-10,19.773191268702956,19.867374395891055,19.574360000639484,19.705169677734375,86700
2006-05-11,19.647617442012653,19.647617442012653,19.249956814011398,19.422624588012695,123300
2006-05-12,19.359839875188985,19.359839875188985,18.899389070629358,18.993572235107422,147800
2006-05-15,18.862758974727875,19.119146873583347,18.700556218715146,18.998802185058594,190200
2006-05-16,18.96217450500178,19.56389791200526,18.915082934366936,19.4644832611084,185100
2006-05-17,19.359838578611114,19.4644867539113,19.15577573457461,19.32844352722168,131500
2006-05-18,19.417395048974917,19.495879682942924,19.014500874079157,19.035430908203125,103300
2006-05-19,19.019724125540538,19.422618125484757,18.862752929769332,19.249950408935547,140100
2006-05-22,19.004029989971567,19.41215554940023,18.904615352571515,19.161001205444336,85100
2006-05-23,19.281349629120783,19.459250906935093,19.030195236206055,19.030195236206055,99700
2006-05-24,19.082522268248905,19.45925289817246,18.967409077884486,19.323211669921875,147700
2006-05-25,19.427849574664794,19.60051727294922,19.13483524315576,19.60051727294922,336600
2006-05-26,19.66330869167747,19.815046377560208,19.605752122964685,19.75225830078125,108700
2006-05-30,19.72086959233452,19.72086959233452,19.19239928421097,19.213329315185547,164000
2006-05-31,19.187166294970705,19.501110780047618,19.145308227892382,19.286582946777344,206100
2006-06-01,19.307506263268408,19.767954820976747,19.307506263268408,19.75225830078125,114400
2006-06-02,19.856912006036875,19.856912006036875,19.647615696630353,19.846446990966797,173400
2006-06-05,19.8673773662942,19.8673773662942,19.302278518676758,19.302278518676758,178100
2006-06-06,19.370297199670535,19.56389496265126,19.181930945528304,19.542964935302734,105500
2006-06-07,18.58544424974525,19.830753275526014,18.58544424974525,19.537738800048828,130000
2006-06-08,19.422623636938464,19.506341764839153,18.930779885021614,19.213329315185547,540800
2006-06-09,19.223796330341543,19.40692913042461,19.077288094277268,19.181936264038086,134900
2006-06-12,19.291810160976745,19.291810160976745,18.96740272836395,19.019725799560547,155500
2006-06-13,18.988332407142043,19.344134873548462,18.930775832282595,19.014493942260742,171100
2006-06-14,19.061591257999282,19.176704442467415,18.569747462904346,18.852294921875,499000
2006-06-15,18.873225061475058,19.527273620566923,18.742415349656685,19.438323974609375,170600
2006-06-16,19.49588163650824,19.542973220006978,19.08775591018462,19.359840393066406,381200
2006-06-19,19.41216108817169,19.42785961139625,19.087753550833465,19.124380111694336,116200
2006-06-20,19.134844778602332,19.344141119121037,19.098218218411233,19.150541305541992,142400
2006-06-21,19.124377597016533,19.260420801752378,18.998801403719327,19.08251953125,253300
2006-06-22,19.119141809311635,19.129606822411084,18.87321899146753,18.977867126464844,158800
2006-06-23,18.941245515916467,19.14007682463981,18.5802094558665,18.867992401123047,123000
2006-06-26,18.8470576493548,19.197626609782247,18.8470576493548,19.077281951904297,166100
2006-06-27,19.134832405613075,19.33889510786873,18.784263557327012,18.8470516204834,105400
2006-06-28,18.90462077403339,19.019731967193085,18.663929378885946,18.930782318115234,103000
2006-06-29,19.061590682599544,19.490646362304688,19.056357176555633,19.490646362304688,208600
2006-06-30,19.621449344060675,19.621449344060675,19.06158414912324,19.474943161010742,199000
2006-07-03,19.579594436884353,19.579594436884353,19.29704700907286,19.4644832611084,93600
2006-07-05,19.344134019040514,19.35459903182515,18.993563076745087,19.129606246948242,181700
2006-07-06,19.246098933395608,19.35199259589542,18.949599102100475,19.140207290649414,386000
2006-07-07,19.325518891492404,19.510831278440914,19.09784823338221,19.177268981933594,664700
2006-07-10,19.182553476817738,19.330803314663978,19.166670142692084,19.219615936279297,178800
2006-07-11,19.27785782386712,19.521411709797807,19.224912029448305,19.500234603881836,207700
2006-07-12,19.50552474963204,19.664364123115163,19.50023097907523,19.521408081054688,460700
2006-07-13,19.50024373040403,19.600841594782718,19.076669097801368,19.177268981933594,179000
2006-07-14,19.171965085657728,19.33080449587785,19.002536112122577,19.071367263793945,214300
2006-07-17,19.113720478469652,19.246086969372495,18.938997760749128,19.044891357421875,204300
2006-07-18,19.129611543348606,19.36257590979524,18.801341093658795,19.0343074798584,243400
2006-07-19,19.09255135284692,19.44199895405861,19.09255135284692,19.325515747070312,196800
2006-07-20,19.33609898209511,19.44199258834422,18.96547237009949,18.991945266723633,151200
2006-07-21,18.93371008565892,19.04489952068853,18.631914518621176,18.716629028320312,160300
2006-07-24,18.7907573789497,19.08725717491122,18.7907573789497,19.055490493774414,135300
2006-07-25,19.055482742543813,19.235501268188315,18.700739462706455,18.82781219482422,183800
2006-07-26,18.790753548606965,19.198440684950334,18.600145421626554,19.0343074798584,112000
2006-07-27,19.060776023333517,19.1507842739625,18.63190783569761,18.7219181060791,97100
2006-07-28,18.84369552893173,19.055482742543813,18.748391484781546,18.82781219482422,390300
2006-07-31,18.732507593883664,18.790749176883487,18.557782844884194,18.70073890686035,122800
2006-08-01,18.69015439158391,18.695450184060782,18.308940143124058,18.56308364868164,160600
2006-08-02,18.674267806937,18.84899055298845,18.52601795940817,18.66897201538086,98700
2006-08-03,18.621323854408068,18.949594327419376,18.547198915261358,18.89664649963379,144300
2006-08-04,19.066076633298394,19.29374725681855,18.594852046862382,18.716629028320312,157600
2006-08-07,18.75898425855889,19.03430687548269,18.711332228326828,18.88605499267578,202600
2006-08-08,18.976068350385102,19.150791142997527,18.621324952439632,18.716629028320312,148200
2006-08-09,18.9284144889651,19.119022622364117,18.39894834941363,18.54190444946289,172000
2006-08-10,18.483660762415372,19.16667249000151,18.483660762415372,19.119020462036133,262600
2006-08-11,19.066071765240874,19.16667160840322,18.939001043013207,19.124313354492188,138400
2006-08-14,19.272564594697453,19.63789543387467,18.928410862032173,19.203733444213867,157700
2006-08-15,19.447289087399035,19.590245172923137,19.389047494805567,19.584951400756836,109300
2006-08-16,19.653784787412818,20.045590664282553,19.47376619854077,19.897340774536133,301100
2006-08-17,19.828506890625842,19.828506890625842,19.64848832637859,19.71731948852539,159700
2006-08-18,19.791444037970123,19.881452308465022,19.63260460666839,19.839096069335938,169400
2006-08-21,19.77555328915756,19.77555328915756,19.64848258666351,19.706724166870117,95800
2006-08-22,19.6802488666897,19.86026737482168,19.643186410875966,19.81791114807129,152600
2006-08-23,19.870858023413806,20.008520312325736,19.447285633978005,19.648483276367188,226700
2006-08-24,19.722612834386872,19.918514731909017,19.532004709337023,19.62201499938965,210400
2006-08-25,19.622019435156275,19.74909020074658,19.479063309052133,19.53200912475586,281800
2006-08-28,19.590239677279694,19.669660375764167,19.542587662139464,19.61671257019043,204600
2006-08-29,19.78085111105495,19.97145920412013,19.67495750160178,19.934396743774414,171200
2006-08-30,19.9873422225979,20.368558402700724,19.9873422225979,20.262664794921875,238000
2006-08-31,20.331500617857603,20.516812959265888,20.305025695010958,20.453277587890625,206300
2006-09-01,20.490332029870686,20.522098693238426,20.267955287535266,20.3791446685791,81000
2006-09-05,20.405625131236352,20.52210630638317,20.28384816372882,20.357973098754883,251900
2006-09-06,20.252074810111676,20.252074810111676,19.817912845043733,19.98204803466797,204500
2006-09-07,19.833804057916733,20.082653826903282,19.817920717684682,19.828510284423828,100600
2006-09-08,19.902629373120295,20.077352123499814,19.817914883897828,19.992637634277344,85500
2006-09-11,19.59024402819067,20.066764285426125,19.59024402819067,19.9396915435791,92600
2006-09-12,20.013816833496094,20.0932375510696,19.96087103494892,20.013816833496094,131000
2006-09-13,20.082647987409615,20.119710450343185,19.950281471288935,20.013816833496094,112300
2006-09-14,20.024406397156078,20.0932375510696,19.918512780308983,20.013816833496094,307300
2006-09-15,20.146183313410464,20.230897802785343,19.828504483192862,20.00322723388672,230000
2006-09-18,19.950274112350336,19.982042791611967,19.76496186603751,19.870853424072266,104900
2006-09-19,19.9079193922611,19.934394306201504,19.431401237619276,19.81791114807129,221600
2006-09-20,19.923808536208693,20.167362440692372,19.87086071800393,20.00322723388672,541300
2006-09-21,20.06676342874152,20.06676342874152,19.4578766837965,19.563770294189453,279500
2006-09-22,19.595535502367973,19.595535502367973,18.99194459381242,19.2460880279541,332600
2006-09-25,19.19843289972066,19.526703216292322,18.737798126147066,19.404926300048828,373700
2006-09-26,19.41551626182025,19.55317854587146,18.82781072834015,19.108427047729492,342100
2006-09-27,19.145487116919888,19.43669296182843,18.933699946212503,19.404926300048828,257900
2006-09-28,19.452580148116695,19.53729462044332,19.272561641953583,19.38374900817871,250900
2006-09-29,19.457877603350834,19.57436078226319,19.330804860923468,19.341394424438477,201900
2006-10-02,19.28315338573949,19.473761494948246,19.17196599528531,19.272565841674805,203900
2006-10-03,19.40493716737943,19.452589206487513,19.235508143829186,19.256685256958008,287100
2006-10-04,19.272567719422934,19.53200498909329,19.209030330327646,19.468469619750977,300000
2006-10-05,19.661333857070296,19.661333857070296,19.463113901339618,19.511327743530273,233200
2006-10-06,19.76070297602121,19.863707265449527,19.636012919954762,19.733596801757812,213300
2006-10-09,19.782389529734843,19.78780993757577,19.55469310711226,19.65227699279785,195400
2006-10-10,19.706494761065365,19.706494761065365,19.430008387658738,19.592647552490234,138800
2006-10-11,19.630597920024105,19.755288023575282,19.5167507039212,19.728181838989258,109200
2006-10-12,19.744441208000453,20.12935639759329,19.744441208000453,20.026350021362305,508700
2006-10-13,20.05888116421909,20.080566937489984,19.863713340919407,19.993825912475586,164300
2006-10-16,20.085983908498022,20.14019833239494,19.95045095085894,20.00466537475586,147800
2006-10-17,20.00467098258283,20.064303763482837,19.858295099131418,19.999248504638672,129200
2006-10-18,20.113090086412075,20.134775855970844,19.9125018881655,20.00466537475586,268500
2006-10-19,20.004667948669287,20.020931243896484,19.928767745447853,20.020931243896484,111000
2006-10-20,20.004674694005587,20.004674694005587,19.842033414616616,19.89624786376953,60300
2006-10-23,19.842024171133914,20.0371919610252,19.771548522171134,20.00466537475586,217100
2006-10-24,20.026349076245815,20.05345732222868,19.907081479810216,20.00466537475586,161400
2006-10-25,20.00466537475586,20.05345732222868,19.847446647558012,20.00466537475586,311800
2006-10-26,20.113096038864395,20.188996254782683,20.020934593067754,20.058883666992188,246100
2006-10-27,20.080568928727338,20.134781299211227,19.896243973784994,19.945035934448242,173400
2006-10-30,19.97213672041771,20.096826793277405,19.74986275261237,20.00466537475586,304900
2006-10-31,20.058885737487078,20.1402063717588,19.885403647905733,19.961301803588867,264800
2006-11-01,20.058879134929686,20.156463036707294,19.852868445835966,19.988401412963867,250600
2006-11-02,19.988401412963867,20.058879134929686,19.896239987989993,19.988401412963867,174500
2006-11-03,20.113091689139114,20.156463231712742,19.869134000403864,20.145620346069336,235300
2006-11-06,20.221514749282065,20.736540348009754,20.194408574205575,20.649799346923828,223100
2006-11-07,20.67149241421435,20.937135919070244,20.64438622956549,20.790760040283203,232700
2006-11-08,20.70944461590132,21.679861476690764,20.70944461590132,21.435901641845703,299500
2006-11-09,21.631062694925998,22.861700234415647,21.446737774232876,22.31414794921875,688700
2006-11-10,22.259941443629426,22.932183989039817,22.24367607677289,22.82375717163086,598200
2006-11-13,22.87797061207424,23.50684364381151,22.747858023269885,23.458051681518555,394900
2006-11-14,23.52852065108082,24.2116058005328,23.49599199898552,24.1790771484375,708600
2006-11-15,23.853806280842143,24.309197210744628,23.767065249816397,24.276668548583984,333500
2006-11-16,24.395937059746412,24.867591263842133,24.390516650350254,24.802536010742188,295300
2006-11-17,24.80253161554751,24.938064575195312,24.563994351072164,24.938064575195312,204300
2006-11-20,24.493511902310424,25.2199685084373,24.493511902310424,25.111541748046875,334400
2006-11-21,25.18202873982012,25.18202873982012,24.835064633062707,25.106130599975586,175400
2006-11-22,25.182027997367204,25.366352932156193,25.046495017906743,25.33924674987793,162100
2006-11-24,25.263345578766142,25.33382330445164,24.93806726771917,25.160341262817383,100800
2006-11-27,25.046504491292136,25.17119463138924,24.753752648592883,24.93265724182129,360800
2006-11-28,24.965177460083428,25.404305111813052,24.780852502723146,25.01396942138672,256700
2006-11-29,25.149504360478787,25.420570373535156,25.046500020022407,25.420570373535156,219600
2006-11-30,25.50730095959537,25.50730095959537,25.04648975351302,25.24707794189453,303900
2006-12-01,25.209135866928868,25.322983080959016,24.704952984144747,25.12781524658203,310100
2006-12-04,25.236249669604735,25.588636373397513,24.932657007205943,25.534421920776367,266800
2006-12-05,25.65369108540951,25.697062646554482,25.322990169923624,25.62116241455078,261600
2006-12-06,25.626573577396513,25.957274346849616,25.42056288906903,25.82716178894043,242800
2006-12-07,25.9627010197589,26.022335870352904,25.848853796662773,25.941015243530273,172500
2006-12-08,25.99522447689123,26.016910248775893,25.669944102828403,25.85426902770996,128300
2006-12-11,25.87052933614719,26.00606228184273,25.707888146857634,25.973533630371094,90900
2006-12-12,26.011483873493294,26.011483873493294,25.64825655517184,25.903057098388672,176700
2006-12-13,25.962699990981523,25.962699990981523,25.545258121434166,25.713319778442383,139800
2006-12-14,25.82715909637226,25.88679392636063,25.697048620096478,25.80547332763672,126400
2006-12-15,25.913903866358265,25.96811829606992,25.75126471336137,25.85426902770996,418200
2006-12-18,25.941015243530273,26.222924130294096,25.816325132319832,25.941015243530273,213800
2006-12-19,25.865112878498724,26.114493060267865,25.697053310296052,26.033174514770508,128700
2006-12-20,25.968120765823446,26.3638768340471,25.968120765823446,26.22292137145996,174800
2006-12-21,26.35844920493389,26.602408943985683,26.28255107902196,26.39097785949707,145300
2006-12-22,26.466875985409,26.54819658778254,26.201232544717246,26.39097785949707,174400
2006-12-26,26.456041183479872,26.82469110888493,26.40182881071361,26.808427810668945,118800
2006-12-27,26.80841547204183,27.193328518505876,26.775886822511776,27.13369369506836,177400
2006-12-28,27.106591848949915,27.290916756245526,26.824683045552575,27.04695701599121,292300
2006-12-29,27.07948865300526,27.07948865300526,26.553620051439182,26.569883346557617,119200
2007-01-03,26.575304307386162,27.144542352813147,26.499406177071755,26.884319305419922,242700
2007-01-04,26.86790896556443,27.119523710832073,26.73663370302561,26.91166877746582,191800
2007-01-05,26.807743863214636,26.90073243268631,26.03649481095772,26.200592041015625,242100
2007-01-08,26.118549100367233,26.140429014006198,25.527803951615642,25.894285202026367,377200
2007-01-09,25.954453611191482,26.102139896615128,25.741129672218456,26.025562286376953,146000
2007-01-10,25.954447146397566,26.266228531327126,25.954447146397566,26.113073348999023,146000
2007-01-11,26.20605320614172,26.50142562878303,26.096655780728383,26.299041748046875,156100
2007-01-12,26.342802797141758,26.457669169387827,26.1294789382326,26.255285263061523,71300
2007-01-16,26.25528529774495,26.506897947735183,26.134947905757187,26.27169418334961,154700
2007-01-17,26.2334100175268,26.424856091857887,26.014617186755093,26.11854362487793,95500
2007-01-18,26.09119293595127,26.09119293595127,25.631725311279297,25.631725311279297,122900
2007-01-19,25.516851201189272,25.89427010174367,25.440271548110434,25.730175018310547,111100
2007-01-22,25.80129014438097,25.883338756667108,25.494979776556224,25.544208526611328,130300
2007-01-23,25.604373037293847,26.074778466065617,25.445746859031107,25.790348052978516,180000
2007-01-24,25.79034779251784,26.189646657276523,25.6918903095272,26.085718154907227,118200
2007-01-25,26.036497104031746,26.129485681693065,25.577029409886094,25.664546966552734,112900
2007-01-26,25.680954992913772,25.943507632753573,25.42387128685728,25.883338928222656,86500
2007-01-29,25.938043065732142,26.430330692026477,25.921634173716804,26.151369094848633,158800
2007-01-30,26.2552876889072,26.381094025359946,26.069312650980795,26.31545639038086,236500
2007-01-31,26.266222987500193,26.501426731622903,26.17323444172538,26.435789108276367,282300
2007-02-01,26.501431726349534,26.703815653651077,26.40844316304916,26.621767044067383,134400
2007-02-02,26.731163544860582,26.960898391582475,26.709285724787385,26.791332244873047,161700
2007-02-05,26.829620155393737,26.9226087123303,26.490489959716797,26.490489959716797,153200
2007-02-06,26.556128387138507,26.906198546279118,26.556128387138507,26.840560913085938,179900
2007-02-07,26.94995041521461,26.94995041521461,26.107593038976606,26.58346939086914,197700
2007-02-08,27.321903804991702,27.96734633422974,26.66005239187584,27.95093536376953,899100
2007-02-09,27.841542633217465,28.027517652074064,27.721205242609496,27.84701156616211,313900
2007-02-12,27.896249937779697,28.17521151906084,27.29456695022561,28.169742584228516,597900
2007-02-13,28.333829736462604,29.356691360473633,28.202554471804,29.356691360473633,620600
2007-02-14,29.712242155003466,29.947446007468244,29.422340605651552,29.72865104675293,378800
2007-02-15,29.209017010307413,30.516311595178056,29.02851085260557,29.80523109436035,800600
2007-02-16,29.80522603547348,29.80522603547348,29.433275912962028,29.49344253540039,430400
2007-02-20,29.449683629508538,30.27563037401471,29.42780372044776,30.18264389038086,422100
2007-02-21,30.138873919357756,30.335788861403962,29.963838879001635,30.23733139038086,304300
2007-02-22,30.259221770902126,30.297510568828127,29.920091523593417,30.051366806030273,363700
2007-02-23,30.532703932737885,30.532703932737885,29.843503719240083,30.056827545166016,229700
2007-02-26,30.193577668787558,30.226395439082847,29.77786782799847,30.073240280151367,210300
2007-02-27,28.65109028427887,29.941975911986415,27.135940769492183,28.86441421508789,334500
2007-02-28,28.826120523864486,28.88081820935758,28.503399171656135,28.809709548950195,551600
2007-03-01,28.443222136201708,29.05584479796915,28.169729615661307,28.946447372436523,378700
2007-03-02,28.957392537396284,28.957392537396284,28.180674640773823,28.30101203918457,256600
2007-03-05,28.098621549022607,28.744064077585435,28.01657504313692,28.40493392944336,489800
2007-03-06,28.716713492033946,29.367624913350436,28.55261840368163,29.31292724609375,678100
2007-03-07,29.32934453781551,30.013076007464395,29.13242954070337,29.663005828857422,634100
2007-03-08,29.936507488189886,30.352217516192823,29.673954774674947,29.974796295166016,338700
2007-03-09,30.13887827965784,30.35767315504797,29.810688053155214,30.313913345336914,303100
2007-03-12,30.319387583584657,31.134394303440715,30.27562776922801,31.06328773498535,421600
2007-03-13,30.926534226217548,31.068749416515637,30.138874444313355,30.2154541015625,313500
2007-03-14,30.281097306450175,31.046875240946292,30.281097306450175,30.817142486572266,457400
2007-03-15,30.746034715181146,31.189093436906504,30.746034715181146,31.035938262939453,228100
2007-03-16,31.030467070019643,31.10704465657637,30.160760604757442,30.795263290405273,428400
2007-03-19,30.932015438492186,31.692324601359918,30.932015438492186,31.489940643310547,269700
2007-03-20,31.287546323338887,32.14631271362305,30.99764281827066,32.14631271362305,249900
2007-03-21,32.19554458702926,32.61125236129466,31.932991979085426,32.58937454223633,208600
2007-03-22,32.709723181991336,32.95586700431955,32.33230404547707,32.655025482177734,306500
2007-03-23,32.72612771106175,32.933980598653584,32.551090515673394,32.67689895629883,201200
2007-03-26,32.66594490579515,32.912086486816406,32.545607537948534,32.912086486816406,155100
2007-03-27,32.819110434275224,32.819110434275224,32.47450919047213,32.709712982177734,249400
2007-03-28,32.654998039001704,32.98318813524021,32.55106957548017,32.8737907409668,434700
2007-03-29,33.010557546018624,33.42079646541364,32.687836179297896,33.18559265136719,242500
2007-03-30,33.322348456553854,33.6177210634958,32.88476056844558,33.557552337646484,460500
2007-04-02,33.721637631876796,34.29050064086914,33.721637631876796,34.29050064086914,458700
2007-04-03,34.427252977704136,34.54759040772969,34.3780242187467,34.43272399902344,350000
2007-04-04,34.465756794131664,34.69710866071119,34.20686358900609,34.54287338256836,225000
2007-04-05,34.53186655757992,34.84033510309218,34.38865029436319,34.708133697509766,126200
2007-04-09,34.69712633679935,34.69712633679935,34.217897976628684,34.383148193359375,207000
2007-04-10,34.32805382730811,34.70812940680786,34.025094849335574,34.509830474853516,236500
2007-04-11,34.48228843802039,34.48228843802039,34.17932944768027,34.33356475830078,452200
2007-04-12,34.15178584413085,34.38864517211914,33.74967635973135,34.38864517211914,235100
2007-04-13,34.3721328717582,34.48229828058556,34.157305281495674,34.427215576171875,342000
2007-04-16,34.73016934644219,34.94499480261028,34.581443545725016,34.84584426879883,175600
2007-04-17,34.812796645496896,35.07168784678922,34.702629148580684,35.038639068603516,182500
2007-04-18,34.81830084597553,35.15431073483925,34.69711850174848,34.983551025390625,368000
2007-04-19,34.564919594329105,34.785254583645646,34.36111109503692,34.66407012939453,197800
2007-04-20,35.3250613051655,35.3250613051655,34.80727695248495,35.12676239013672,182900
2007-04-23,35.16532591562263,35.418711752602235,35.04414147625282,35.29752731323242,173200
2007-04-24,35.24794948985036,35.732685110827504,35.14328944481258,35.52336502075195,178200
2007-04-25,35.80979354397416,35.92546841879775,35.3525993702391,35.716148376464844,253800
2007-04-26,35.58395883995868,35.73268672145719,35.203883246887635,35.534385681152344,216800
2007-04-27,35.52336466231587,35.52336466231587,35.071679918213974,35.209388732910156,161400
2007-04-30,35.15981327535632,35.43523088672047,34.46575971800769,34.52635192871094,348300
2007-05-01,34.6805945181487,34.906436936626584,34.36111109503692,34.66407012939453,378900
2007-05-02,34.58695828451265,35.28651745436044,34.58695828451265,35.110252380371094,218800
2007-05-03,35.19287456397784,35.45727741406753,35.011099968470326,35.22592544555664,220500
2007-05-04,35.30854866882216,35.77125259498319,35.30854866882216,35.6831169128418,264400
2007-05-07,35.80430233167328,35.80430233167328,34.961524810734254,35.214908599853516,193400
2007-05-08,35.09923584416344,35.699644472537216,34.90093474427792,35.644561767578125,290500
2007-05-09,35.583960195632514,36.178863339211624,35.583960195632514,35.9915771484375,262800
2007-05-10,35.969552073066076,35.969552073066076,35.23143047694341,35.292022705078125,197900
2007-05-11,35.49583420958707,35.798791155406406,35.42422291858898,35.74921798706055,168600
2007-05-14,35.688607955378714,35.7767393893236,34.746680403789874,34.867862701416016,224500
2007-05-15,34.81279497123041,35.85387135814544,34.6200013355816,35.34159851074219,490000
2007-05-16,35.35260633650912,36.34411146257215,35.35260633650912,36.266990661621094,1422600
2007-05-17,36.26699281299617,36.779269791427346,35.87039494158401,35.87590026855469,413400
2007-05-18,35.87588881735444,36.32757343461787,35.87588881735444,36.1292724609375,338200
2007-05-21,36.21742539145038,36.92249398902197,36.14030877624976,36.68563461303711,194300
2007-05-22,35.44074202284176,35.44074202284176,33.66154631519174,35.00007629394531,1316200
2007-05-23,34.867883950614114,35.56193570073588,34.65305845894001,34.82381820678711,395600
2007-05-24,34.59245932467508,34.79076038553076,34.05815046766962,34.515342712402344,478000
2007-05-25,34.52636478403845,34.75771465511426,34.14628909529802,34.592464447021484,463200
2007-05-29,34.81279143811721,35.088209088574985,34.16280561493526,34.9725341796875,504500
2007-05-30,34.972546421780685,35.594991118056775,34.884412826833945,35.567447662353516,447400
2007-05-31,35.611500844648454,35.88691847809115,34.77973841494043,35.016597747802734,353600
2007-06-01,35.18185677764939,35.6831169128418,35.016606576174915,35.6831169128418,398000
2007-06-04,35.683116683854095,35.875908234125404,35.501339992509465,35.70515060424805,320200
2007-06-05,35.50131990921295,35.50131990921295,34.98904520810727,35.099212646484375,262400
2007-06-06,34.88991418834921,35.48481532544304,34.801780608732706,35.39117431640625,508200
2007-06-07,35.30853924759299,35.716156162382624,35.209388732910156,35.209388732910156,780200
2007-06-08,35.308538912090086,35.43523286952411,35.03312128531475,35.24243927001953,215200
2007-06-11,35.18185631297145,35.40218921160384,34.95050645421689,35.28651428222656,253300
2007-06-12,35.2314222856788,35.43523284224989,34.785247075458805,34.89541244506836,562900
2007-06-13,34.94498998857076,35.63904152836787,34.86787338428996,35.534385681152344,184000
2007-06-14,35.534384027607295,35.61150062829958,34.73016294587543,34.9339714050293,382200
2007-06-15,35.137779963664656,35.66658128223163,34.85685281855306,34.92295455932617,380400
2007-06-18,34.92295436373612,35.05515364200264,34.07466760665898,34.23991775512695,662300
2007-06-19,33.93144944578616,34.3280514851751,33.73315052736134,33.97551727294922,581200
2007-06-20,33.997556985604966,34.195858039124296,33.4246877423869,33.50180435180664,390400
2007-06-21,33.30901840424831,33.38613502657751,32.83529960848851,33.2924919128418,393200
2007-06-22,33.07214098426299,33.253915480516824,32.763672561770484,32.906890869140625,227500
2007-06-25,32.88488029917107,33.35308964119343,32.625986937600445,32.86284637451172,268600
2007-06-26,33.077655757721345,33.76069238020989,32.99503173244325,33.67806625366211,402600
2007-06-27,33.34756749626577,34.135262094471486,33.34756749626577,34.080177307128906,307900
2007-06-28,34.118740544822465,34.184842299198884,33.50731507636625,33.58993911743164,212400
2007-06-29,33.79374794939631,33.83230625587161,33.43570623194423,33.556888580322266,437500
2007-07-02,33.738662519361874,34.32805612914954,33.567902817908745,34.24542999267578,251300
2007-07-03,34.43271189587296,34.49330411193931,33.859844810495204,34.3941535949707,190600
2007-07-05,34.67153148320722,35.059853059055605,34.6105092492076,34.693721771240234,299000
2007-07-06,34.61606174062954,34.871243732927006,34.4551853087184,34.69927215576172,218800
2007-07-09,34.67152818997718,34.74919207453359,34.51065179129198,34.62160110473633,185200
2007-07-10,34.32758813921111,34.69926591556188,33.86160270325142,33.8948860168457,328500
2007-07-11,33.95035637995516,34.18334800310653,33.88378764708075,34.11123275756836,383100
2007-07-12,34.11679584866895,34.200008392333984,33.828328377795174,34.200008392333984,222800
2007-07-13,34.22773943700123,34.22773943700123,32.77430929669501,33.057228088378906,632000
2007-07-16,33.18480040669952,33.18480040669952,32.34713753190572,32.668888092041016,969300
2007-07-17,32.65780773815275,33.04612930681945,32.54685841622193,32.74656677246094,470600
2007-07-18,32.752106724425516,32.90188795191858,32.308311670472946,32.607872009277344,326900
2007-07-19,32.901897348124514,33.16262582642891,32.74102093381643,32.9351806640625,134100
2007-07-20,32.86306034753304,32.90189228760966,31.786854819175183,31.925540924072266,280900
2007-07-23,32.25838955299193,32.35824372000229,31.93663676680698,32.11415481567383,225300
2007-07-24,31.870071113629255,31.870071113629255,30.338975148663195,30.44992446899414,404200
2007-07-25,30.62189022932583,31.037948514734655,30.283495818604223,30.46656036376953,465700
2007-07-26,30.0394181024231,30.2446729925273,28.757957435495925,29.33489227294922,500200
2007-07-27,29.190664667930413,29.573439854095202,28.846723556518555,28.846723556518555,469500
2007-07-30,29.040878525924544,29.079710478044788,28.242047075787507,28.9798583984375,497200
2007-07-31,29.706571228953734,31.287594519368092,29.61226566804776,30.6274471282959,653000
2007-08-01,30.627430784773566,31.45400068213248,30.289036439871893,30.782760620117188,810400
2007-08-02,30.810503308678037,31.376342829037043,30.6440804182623,31.060138702392578,513500
2007-08-03,31.17663632348936,31.343059223563923,29.850797519701175,29.8785343170166,429600
2007-08-06,29.89517237908292,30.02276332434439,29.00203364607091,29.540136337280273,570000
2007-08-07,29.828604249427322,30.488749270652423,27.332254649656356,27.61517333984375,858300
2007-08-08,27.63181774987269,27.842619086198845,22.872110053570474,27.51531982421875,3192200
2007-08-09,26.167297442273156,26.33372248771877,24.075912508100373,24.67503547668457,1857300
2007-08-10,24.68613242189278,28.214308090891826,24.197956626411887,27.892555236816406,1192900
2007-08-13,28.35299763726983,30.117085683884042,26.322632429153085,26.52788734436035,905500
2007-08-14,26.55561815260695,27.0826258415188,25.801165307366695,25.989778518676758,910300
2007-08-15,25.989778065733265,27.681750424254925,25.90101903349789,26.927297592163086,615200
2007-08-16,27.404376713942078,27.404376713942078,25.87328084478666,26.849632263183594,761400
2007-08-17,27.848177574040683,29.601170314025676,26.666571058577038,27.182483673095703,394300
2007-08-20,27.12700820135245,27.70948953113485,26.627737280863293,27.16584014892578,378600
2007-08-21,27.165837703942664,27.82043635580988,27.104815472910293,27.54306411743164,448900
2007-08-22,27.84816115667414,27.92582501136563,26.72202891510353,26.993854522705078,382700
2007-08-23,27.32116793921911,27.387736689890186,26.600000477765544,27.16584014892578,356700
2007-08-24,27.37663495779723,27.37663495779723,26.849629477205653,27.31006622314453,212400
2007-08-27,27.348900999156946,27.554155853406588,26.74422946318291,26.849632263183594,237900
2007-08-28,26.84408478842174,26.84408478842174,26.289340313798657,26.38919448852539,264300
2007-08-29,26.661023510772843,27.038249969482422,26.16175257536825,27.038249969482422,178800
2007-08-30,26.960574651094497,27.543057913431788,26.8385323327017,27.337800979614258,424100
2007-08-31,27.654015164695437,27.654015164695437,26.894015718404063,27.254600524902344,581000
2007-09-04,27.404374032947803,27.85371563974612,27.26013930479921,27.587438583374023,296700
2007-09-05,27.237951413892805,27.515323636503453,26.899559079900794,27.210214614868164,453500
2007-09-06,27.293430996330542,27.41547335257204,26.81635036723605,27.19357681274414,176700
2007-09-07,26.982777523749505,26.999419184890723,26.461318351558056,26.860733032226562,265000
2007-09-10,27.127005614203497,27.176932701490784,25.473865220105527,26.40583610534668,269000
2007-09-11,26.422479878563923,26.450216679016364,25.962040949560947,26.40583610534668,161000
2007-09-12,26.494592729605674,26.494592729605674,25.834447627606593,26.156200408935547,257600
2007-09-13,26.156203558677976,26.289341051260205,25.762333362348354,25.989778518676758,159800
2007-09-14,25.87328270172704,26.55007165740421,25.851092414220375,26.27824592590332,162700
2007-09-17,26.27825691890562,26.389206286670174,25.668038570475353,25.784534454345703,307700
2007-09-18,25.839992390999523,27.41546428616451,25.712399330470575,27.40437126159668,358600
2007-09-19,27.626272345216844,27.953571645393993,27.18247722197208,27.903644561767578,264700
2007-09-20,27.931385847007196,28.025693516198448,27.51532745534662,27.803794860839844,206300
2007-09-21,28.070056942643394,28.18655483820825,27.28786766992595,27.42655372619629,355500
2007-09-24,27.626261985814576,27.626261985814576,27.121444825637806,27.42655372619629,198500
2007-09-25,27.237945759937908,28.047874090137398,27.165830520679684,27.81488037109375,239900
2007-09-26,27.959116660485307,28.66364013720953,27.604078491603545,28.46393394470215,428200
2007-09-27,28.50831929858536,28.50831929858536,27.40992545091981,28.003501892089844,284300
2007-09-28,28.12555000264959,28.12555000264959,26.955038626337267,27.154747009277344,268700
2007-10-01,27.226855724145505,29.207293030582616,27.226855724145505,29.151817321777344,327100
2007-10-02,29.2960638023447,29.562340962897167,28.918837295849688,29.407011032104492,285200
2007-10-03,29.179552826102928,29.66218194852077,29.090793812126396,29.651086807250977,318300
2007-10-04,29.897203858772173,30.053820892735814,29.511251691151685,29.751771926879883,209000
2007-10-05,30.065013697345474,30.176883942503693,29.39379436014362,29.578380584716797,235500
2007-10-08,29.57837782584887,31.15574194758644,29.315483094310192,29.488882064819336,249400
2007-10-09,29.47209991537378,29.47209991537378,28.521208261923878,29.108524322509766,228900
2007-10-10,29.17563718122788,29.393782900678982,28.504418105707597,28.666629791259766,214000
2007-10-11,28.64985291698865,28.89037312792076,27.889138029737968,28.403738021850586,210200
2007-10-12,28.493236450583353,29.902796145015515,28.493236450583353,29.40497589111328,269700
2007-10-15,29.533630162853076,29.533630162853076,28.040169185645762,28.487648010253906,286700
2007-10-16,28.5268039988048,28.828853023832718,28.1016996231617,28.10729217529297,354600
2007-10-17,28.52679664009426,28.63307217315356,27.18435829764988,27.85557746887207,290400
2007-10-18,27.80524402718511,28.051359003672395,27.514382230994027,27.671001434326172,139800
2007-10-19,27.631844637627665,27.7548999808598,26.725697616910782,26.809600830078125,359300
2007-10-22,26.569080770303284,27.262674554524253,26.518739268757027,27.156396865844727,270800
2007-10-23,27.503188266233042,27.710148924708236,26.966213758628964,27.69336700439453,205600
2007-10-24,27.57590439662909,27.833204416350373,26.865530933161786,27.37453842163086,282100
2007-10-25,27.49199912949077,27.8947288842137,26.060065185623955,26.115999221801758,434100
2007-10-26,26.652989857089796,27.877963819640755,26.51315255906466,27.810842514038086,285900
2007-10-29,27.967459541634362,28.012208501099934,26.854353713028267,27.22352409362793,196800
2007-10-30,27.296226865150025,27.626242813250318,27.010959854841467,27.044519424438477,278500
2007-10-31,27.212336638183587,27.575912300587518,26.67535983969474,27.262678146362305,343300
2007-11-01,27.016556268875146,27.11723925955861,25.64615079234767,25.67411994934082,562400
2007-11-02,25.81396639317704,26.44602945189128,25.562258826820642,25.579038619995117,353600
2007-11-05,25.209855157007855,25.40562642165199,24.83509241219001,25.0867977142334,401000
2007-11-06,25.27138522319949,25.495125652196243,24.684069264266597,25.411222457885742,249700
2007-11-07,25.282570073369023,25.299349857149704,24.331676540441514,25.176292419433594,466600
2007-11-08,25.730057160879404,27.90592469678028,25.730057160879404,27.575908660888672,703800
2007-11-09,27.022148993623205,28.71697565760926,26.94383834696887,28.23593521118164,644100
2007-11-12,28.560361910832246,29.84126955312376,28.48764594032097,29.22598648071289,431500
2007-11-13,28.8959772650991,29.97552130506656,28.8959772650991,29.93636703491211,329500
2007-11-14,30.160097484325544,30.456553909485717,29.332261208613037,29.52243995666504,399600
2007-11-15,29.276320137577386,29.72939349346603,28.93511698318865,29.265132904052734,289100
2007-11-16,29.304299682859117,29.617535954226113,28.88478784819231,29.175649642944336,419600
2007-11-19,28.907154877421817,29.231576169767713,28.36458569490296,28.543577194213867,378000
2007-11-20,28.571559921681256,28.86801433315883,27.833216969113202,28.53799819946289,468600
2007-11-21,28.40933096137948,28.6778181756125,28.10728204521232,28.2583065032959,340500
2007-11-23,28.38696354004207,28.795288079740793,28.26390606948317,28.65545082092285,54700
2007-11-26,28.414939351012116,28.907167251698343,28.006614685058594,28.006614685058594,361300
2007-11-27,28.30305034136829,29.30987995648327,28.163213131907487,28.80646514892578,336700
2007-11-28,28.806472468112766,29.802112969648487,28.806472468112766,29.583967208862305,305700
2007-11-29,29.701442496845452,30.14332888929848,29.49448388450904,29.740596771240234,354200
2007-11-30,30.26077774127421,30.624355417076174,29.589560699404338,30.02585220336914,339200
2007-12-03,30.35028415615306,31.127781272534527,30.009082964572787,30.249603271484375,478600
2007-12-04,29.953142829510618,30.092980099614543,29.041403230983775,29.242769241333008,360900
2007-12-05,29.757378698657945,30.193670404055762,29.214809276690357,29.740596771240234,244000
2007-12-06,29.87482899383833,30.165690720046708,29.511251302641107,30.03704071044922,341000
2007-12-07,30.288746869134243,30.33908836060429,29.723803227776276,29.852453231811523,301900
2007-12-10,30.092971870648284,30.092971870648284,29.063769758770313,29.494468688964844,249300
2007-12-11,29.53923452208035,29.57838879869683,28.448503062947374,28.493249893188477,253600
2007-12-12,29.28191362946832,29.28191362946832,28.023378623037075,28.191184997558594,328300
2007-12-13,27.883547086527216,28.498832273175264,27.82761303944427,28.47086524963379,282000
2007-12-14,28.107287489637596,28.26390452817381,27.749304467985034,27.877954483032227,200600
2007-12-17,27.687788459428038,28.101707852014105,27.609479904174805,27.609479904174805,233800
2007-12-18,27.810829528701497,27.939479526766068,26.76484549156231,27.52556037902832,291700
2007-12-19,27.55912061292026,27.721332306336553,27.408096153575443,27.587087631225586,202700
2007-12-20,27.855577496453627,28.028976440429688,27.413691310472228,28.028976440429688,321800
2007-12-21,28.51560532205115,29.29309991500948,28.28627236920915,29.231571197509766,638000
2007-12-24,29.64549315542891,29.64549315542891,29.108518697165664,29.494468688964844,97200
2007-12-26,29.49446952675032,29.69583548775551,28.97986952306762,29.444128036499023,226400
2007-12-27,29.4721007693037,29.95873598063656,28.644264428742442,28.77850914001465,214500
2007-12-28,29.024618801143088,29.91957846697753,28.963090070734506,29.186830520629883,206800
2007-12-31,29.26513571950847,29.68464741518233,28.610698498455733,28.649852752685547,299400
2008-01-02,28.64985872851707,30.070603679226107,28.308655470134145,29.80211639404297,527900
2008-01-03,29.7405829376545,30.467738286751143,29.44412867405927,29.500064849853516,432600
2008-01-04,29.293095967722813,29.449715082184696,28.454072770324345,28.52678871154785,305700
2008-01-07,28.76731469206548,29.66227209705764,28.493232786554078,29.511247634887695,415900
2008-01-08,29.55041653870664,29.65109742238624,28.07373299435594,28.129669189453125,511600
2008-01-09,27.77726057951678,28.890365600585938,27.77726057951678,28.890365600585938,269800
2008-01-10,28.94680409924094,29.471570903266727,28.62517310999944,29.21200942993164,376700
2008-01-11,29.03144397792986,29.093513492207883,28.213259035403006,28.484106063842773,212700
2008-01-14,28.72109137858983,28.72109137858983,27.4797078608855,27.91419219970703,239100
2008-01-15,27.64898939866286,27.744913430723287,26.94365803645207,27.507923126220703,361400
2008-01-16,27.400718564619325,27.823917459641756,27.248366704111145,27.47971534729004,313600
2008-01-17,27.575647785483174,27.64900288563529,26.684109628063492,26.71796417236328,323200
2008-01-18,26.655884970306612,26.655884970306612,25.414501287243965,25.843341827392578,428500
2008-01-22,26.322969046223726,26.52046097975355,24.61324424702003,25.781272888183594,484400
2008-01-23,25.22265918241739,26.559967332335457,24.89538427726796,26.396329879760742,376800
2008-01-24,26.44710970754269,26.633318259462584,25.899773919249828,26.294757843017578,525900
2008-01-25,26.661524397113087,27.19757664088846,26.526099834027573,27.11293601989746,675300
2008-01-28,26.966228931162487,27.733629791231213,26.70102365238861,27.671560287475586,360900
2008-01-29,27.9311338510386,28.196339245091337,27.654642892079213,28.13426971435547,339300
2008-01-30,28.027049496217877,28.506676174269685,27.727989649874342,27.744916915893555,337900
2008-01-31,27.620776449878544,28.738021064272445,27.49099573811819,28.10604476928711,586100
2008-02-01,28.072196008572,29.34743451834333,28.049624882115598,29.0653018951416,342500
2008-02-04,29.008879806058985,29.161231699661286,28.269691467285156,28.269691467285156,291400
2008-02-05,27.87470618013704,28.286619583435467,27.445863354441926,27.51921844482422,241100
2008-02-06,27.739274225380225,27.75620149079775,26.26654186403619,26.328611373901367,743400
2008-02-07,26.362475562659313,26.938026428222656,25.956203856967235,26.938026428222656,283700
2008-02-08,27.423285945602995,29.71420327265984,27.383787556558975,28.523603439331055,567900
2008-02-11,28.48975586392731,30.284117532576587,28.48975586392731,29.973772048950195,645300
2008-02-12,30.188184566319762,31.350571513306328,29.973763213428896,30.786306381225586,577400
2008-02-13,30.842727715240706,32.1631080255474,30.842727715240706,31.694766998291016,676400
2008-02-14,31.948684937942172,32.27595968385109,31.706050806320107,32.129249572753906,618300
2008-02-15,31.903553207323647,32.21954032471439,31.35057359938906,32.0841178894043,363100
2008-02-19,32.24212176384301,33.11109091969249,31.976916360466504,32.46218490600586,326900
2008-02-20,32.3436882292422,33.29165414663461,32.185694627177256,33.009521484375,324200
2008-02-21,33.00950826989524,33.02079383016792,32.05590102810957,32.24210739135742,278700
2008-02-22,32.39446457567983,32.68788273372084,32.033335197321925,32.49039077758789,326800
2008-02-25,32.59759765239117,33.00951094952966,32.490388049848505,32.879730224609375,469200
2008-02-26,32.9022969664693,33.257782410335416,32.67094837415149,32.941795349121094,329100
2008-02-27,32.73866985369093,33.06594257729499,32.479108356953034,32.891021728515625,663600
2008-02-28,32.84587564430056,32.891017891946454,32.338038273289285,32.450889587402344,201800
2008-02-29,32.1687570475258,32.43396237160891,31.914839437872704,32.11233139038086,243800
2008-03-03,32.0502667044543,33.82770315480524,32.0502667044543,33.46092987060547,579100
2008-03-04,33.60199005408452,34.28475038528194,33.03772489061542,33.70920181274414,833600
2008-03-05,33.838977265326974,35.102929829001596,33.58505755086095,34.928009033203125,390400
2008-03-06,34.8715907655703,34.916733017147585,33.59070843582875,33.62456512451172,260400
2008-03-07,33.29164805128576,34.8828758028929,33.29164805128576,34.80952072143555,296800
2008-03-10,34.798237807933795,36.53053199672417,34.798237807933795,35.627708435058594,388400
2008-03-11,36.56438746712261,36.67159493002335,35.85905379947655,36.180686950683594,381300
2008-03-12,36.254034706777915,36.8352271035494,36.10732671965622,36.4515266418457,282500
2008-03-13,36.28226454981685,36.671604722744355,35.74056816563103,36.62082290649414,743500
2008-03-14,36.76187602727789,36.80701827326878,35.28914361558714,35.41328048706055,323100
2008-03-17,34.59509676605982,35.66719924854738,34.29603477593111,35.114219665527344,314200
2008-03-18,35.63335699031632,35.63335699031632,34.72488945085357,35.407649993896484,452600
2008-03-19,35.49228228082923,37.26971853884806,35.31171758730045,36.75059127807617,830100
2008-03-20,36.677240852181235,37.38257240703088,36.677240852181235,36.959373474121094,685600
2008-03-24,36.95936548965542,37.241498050645156,36.81829920916055,37.20199966430664,349700
2008-03-25,37.34306312493942,38.07096559392747,37.123000088385,37.85090255737305,300400
2008-03-26,37.969410387352575,38.09918898814694,37.38821785031145,37.71548843383789,194300
2008-03-27,37.72111947822297,38.39259629641675,37.1737816655777,37.320491790771484,184100
2008-03-28,37.360009701193114,37.64214238672245,36.76188978547195,37.08916473388672,296400
2008-03-31,37.23021737773875,37.54056063462787,36.5813115787865,36.976295471191406,405600
2008-04-01,37.179427799359935,37.201998920387915,35.734910493578525,36.39509963989258,589300
2008-04-02,36.338679100668145,36.56438603769128,35.887265226621885,36.02268981933594,1222200
2008-04-03,36.062186613412614,36.30481865409125,35.78005403087848,36.28789138793945,320800
2008-04-04,36.45152360991775,36.69415776853411,36.10167986011062,36.23146057128906,383000
2008-04-07,36.44024145697442,36.60951840520839,35.77440846191817,35.859046936035156,345000
2008-04-08,35.68977617839026,35.68977617839026,35.05779971674594,35.548709869384766,209000
2008-04-09,35.54871886172084,35.75749644916066,35.02395188727627,35.086021423339844,292000
2008-04-10,35.23947984999963,35.688499549099745,34.921186993385746,35.4952507019043,156600
2008-04-11,35.267893063278464,35.71122986283212,34.642677446323205,34.76771926879883,168700
2008-04-14,34.642674320664064,35.50661000838247,34.48352684648424,35.080326080322266,247400
2008-04-15,35.23947604875286,35.955632188642184,35.22242538319602,35.836273193359375,201400
2008-04-16,36.14887035547562,36.14887035547562,35.643013856659124,35.910152435302734,285200
2008-04-17,35.83059022010366,36.012471212636775,35.52934806456431,35.881744384765625,248300
2008-04-18,36.217082826534636,36.66041741305709,35.99541553327341,36.444435119628906,167900
2008-04-21,36.262547542827484,36.325069524180364,35.73395536908822,36.29096603393555,202600
2008-04-22,36.14885777664362,36.16022560243784,35.262189046604846,35.47248840332031,220900
2008-04-23,35.6316507260103,36.45580006193794,35.44408693088024,36.143192291259766,192100
2008-04-24,36.2341326273451,36.68883720271253,35.8533200388958,36.37054443359375,223000
2008-04-25,36.52969925350504,36.84230929113744,35.984058358509515,36.63200759887695,211500
2008-04-28,36.77410006904559,36.887778410609705,35.93290202339776,36.643375396728516,243300
2008-04-29,36.688842090302906,36.84798741196715,35.938580308275604,36.55811309814453,373400
2008-04-30,36.74568372242721,36.95598106556914,36.114783020230746,36.484230041503906,289700
2008-05-01,36.3478097867407,37.54708674161324,36.3478097867407,36.921871185302734,304400
2008-05-02,37.115128153437176,37.2117514846988,36.38759982762459,36.59221649169922,246200
2008-05-05,36.512629368463365,36.933232531617655,35.978354421308566,36.32506561279297,270200
2008-05-06,36.2966519370113,36.35917391992124,35.603229462107464,36.171607971191406,272000
2008-05-07,36.319384761114854,36.46716437612225,35.52365404326893,35.64301300048828,267600
2008-05-08,35.63735214428549,35.79081468456235,35.17696452345488,35.591880798339844,276500
2008-05-09,35.31335257172735,35.466815008482875,34.7790754582396,35.222412109375,294300
2008-05-12,35.18262770702212,35.80784314869081,35.18262770702212,35.68848419189453,330000
2008-05-13,35.63732521585516,35.80215546806868,35.404290164453485,35.46681213378906,219700
2008-05-14,35.41567526417562,35.68849676217163,35.194005764373365,35.3417854309082,200700
2008-05-15,35.18263811464852,35.39862043325922,34.807508305039136,35.28494644165039,194900
2008-05-16,35.523663596306605,35.523663596306605,34.585838010087166,35.19968795776367,216500
2008-05-19,35.04054193942647,35.14853309405498,34.48352899734251,34.55741882324219,381300
2008-05-20,34.30163949318313,34.94959276452096,33.9776639416101,34.69950485229492,814700
2008-05-21,34.82455660035677,35.05190673629582,33.72758574407888,33.96062088012695,913300
2008-05-22,33.89809857769293,35.61460217040958,33.89809857769293,35.10874557495117,413600
2008-05-23,34.631313184437396,34.69383518621787,29.567059226723124,30.27753257751465,1654400
2008-05-27,30.48214696451515,30.48214696451515,28.64059922330099,28.691753387451172,1374900
2008-05-28,28.623550263176273,29.362442102991793,28.3336759263257,29.169193267822266,767900
2008-05-29,29.072548957430914,29.169172221202192,28.293869177691914,28.873615264892578,2733500
2008-05-30,28.873643261184373,28.90206176819026,27.941502354955315,28.19727325439453,614200
2008-06-02,27.992651707415455,28.799748441800304,27.992651707415455,28.509876251220703,834500
2008-06-03,28.561025688481777,28.64059834846428,28.276836378148623,28.36777687072754,704000
2008-06-04,28.322311530876625,29.03846773556304,28.322311530876625,28.526926040649414,310800
2008-06-05,28.58944296925623,29.100984573364258,28.475766816321972,29.100984573364258,390300
2008-06-06,29.072556445273573,29.08392210542844,28.129048374435744,28.362083435058594,397300
2008-06-09,28.475757497287585,28.543964467641956,27.53793442092646,27.736865997314453,410800
2008-06-10,27.310577583695164,27.924427204213,27.310577583695164,27.856220245361328,473500
2008-06-11,27.753932221141437,27.816452055191302,27.39585304260254,27.39585304260254,324100
2008-06-12,27.566354751586914,28.05516056419583,27.566354751586914,27.850543975830078,263100
2008-06-13,28.021059812446197,28.305249064434882,27.64024725551348,28.129053115844727,204400
2008-06-16,28.049482311545873,28.117689302866346,27.452685230741285,28.060850143432617,1223300
2008-06-17,27.896015198499217,27.969902835455585,27.61182597521308,27.884647369384766,267300
2008-06-18,27.861923361839185,27.981282365164265,27.55499835198103,27.816452026367188,287500
2008-06-19,27.878967262331383,27.969907743011554,27.407214196363036,27.708454132080078,300200
2008-06-20,27.640248535310132,27.640248535310132,26.63421827650601,26.793363571166992,551500
2008-06-23,26.969567559143023,27.16281638818203,26.44665807013468,26.509180068969727,244600
2008-06-24,26.679685439491042,26.742207420066087,26.060152800998484,26.179513931274414,363000
2008-06-25,26.25340271015826,26.588746119239637,26.139728742219045,26.344343185424805,460300
2008-06-26,26.08858131053953,26.889995132853226,26.082896309762777,26.099946975708008,306300
2008-06-27,25.99195200396692,26.009002667414702,25.525881745395115,25.577035903930664,414400
2008-06-30,25.29852558336409,26.367077749439,25.292842752480315,25.702075958251953,227700
2008-07-01,25.491774352328665,26.28750510382944,25.128012466451235,25.611135482788086,439100
2008-07-02,25.73049055396036,26.287501128500192,25.128008666466325,25.145061492919922,362400
2008-07-03,25.37810784642285,26.43529032483233,25.37810784642285,25.89533233642578,358500
2008-07-07,25.838489464837878,26.145414415296617,25.247375227256352,25.861225128173828,363000
2008-07-08,25.946482538298227,27.41858311851869,25.582718432910475,27.35037612915039,344600
2008-07-09,27.33901016084094,27.719824955428574,26.458023752616977,27.020719528198242,481500
2008-07-10,27.129745470392407,27.129745470392407,26.435435655910656,26.60757827758789,302900
2008-07-11,26.458375520574698,27.778137886778648,26.18868416017814,27.393686294555664,328200
2008-07-14,27.571573448224626,27.69207303768418,26.07392881407621,26.332143783569336,264800
2008-07-15,26.050977482227704,26.50428576401308,25.65504714170756,26.263286590576172,381400
2008-07-16,26.2632899023663,26.986289702758665,25.970645510391538,26.687908172607422,239500
2008-07-17,26.538719971670155,27.15269666941529,26.504290573968838,26.894481658935547,394200
2008-07-18,26.814136617624502,26.99775561224613,26.217373790648658,26.590351104736328,311500
2008-07-21,26.601844010935295,27.16991494269615,26.38379549918154,26.76824951171875,327200
2008-07-22,26.429694279261334,27.600265232322204,26.412478487615488,27.571575164794922,317900
2008-07-23,27.600268780683802,27.95029334068753,27.175650473301534,27.78388786315918,648600
2008-07-24,27.892909769681474,28.133908964964927,27.39369558737156,27.60600471496582,269200
2008-07-25,27.525669718213848,29.556955699478934,27.525669718213848,28.87986183166504,384200
2008-07-28,28.62738148825683,30.29716855544049,28.62738148825683,29.775001525878906,379500
2008-07-29,29.884029849318065,30.073386036420974,29.270051053365947,29.660242080688477,395200
2008-07-30,29.752047941208467,30.056168732906247,29.172500798159003,29.69466781616211,283800
2008-07-31,29.98730752772875,30.27995183293609,29.183974897577826,29.62006950378418,438800
2008-08-01,29.843865540264268,30.360295561244335,29.832391263275426,30.26848602294922,246200
2008-08-04,30.475054348308063,30.57834034002155,29.952887251939572,30.30291175842285,231700
2008-08-05,30.584074769274437,31.49069568537695,30.37176566684865,31.20379066467285,393300
2008-08-06,31.06608058148375,31.55382051307905,30.320127838416077,31.381675720214844,365400
2008-08-07,30.88820097725608,31.152153117089526,30.457843370996862,30.635723114013672,298800
2008-08-08,30.520960810080453,31.58251089117467,30.360294670008415,31.45053482055664,348700
2008-08-11,31.2726516815757,31.731699341871494,31.025913153745726,31.542343139648438,271200
2008-08-12,31.312819119259263,32.13336779338179,31.312819119259263,31.921058654785156,225300
2008-08-13,31.938274510290427,32.01860758521178,30.308653512603055,30.388986587524414,471200
2008-08-14,30.228315546383953,30.65867311146469,29.99879063610952,30.50374412536621,272900
2008-08-15,30.664407294099902,31.19805079848604,30.566860639426434,30.8595027923584,248700
2008-08-18,30.784910779053188,31.272648457411446,30.188147787738092,30.32586097717285,321300
2008-08-19,30.130758190435724,30.302902919017836,29.511044609838038,29.643020629882812,243100
2008-08-20,29.752053004523802,30.234053579240822,29.407767817831,29.843862533569336,281600
2008-08-21,29.729091642022755,29.88402057735342,29.447923828516497,29.48235321044922,232000
2008-08-22,29.86107213528023,29.92419158383606,29.373332334837894,29.55121421813965,191800
2008-08-25,29.310223908757845,29.49958012258244,28.77658028693356,29.20119857788086,289600
2008-08-26,29.189724412826035,29.384819969396585,28.575747670747703,28.983152389526367,357500
2008-08-27,28.977414430106915,29.665987091971093,28.765105273910443,29.166772842407227,322000
2008-08-28,29.132338460245794,30.14224325303823,29.034789606951833,30.027482986450195,224500
2008-08-29,29.90697970438293,30.15371820521401,29.71762352287982,29.792217254638672,244700
2008-09-02,30.165195226431273,31.18657645131239,30.096338630877142,30.40619659423828,254600
2008-09-03,30.308648896223918,31.215269892617446,30.050433916940204,30.30291175842285,295000
2008-09-04,30.067647866863247,30.188147453512478,29.264312911378394,29.270050048828125,237500
2008-09-05,29.183980388085025,29.493838349924893,28.856908824669066,29.356122970581055,294300
2008-09-08,29.67745415191961,30.153715317721197,29.33890616149451,29.424976348876953,474100
2008-09-09,29.44794423955638,29.740588716545417,29.132349014282227,29.132349014282227,498800
2008-09-10,29.356126413392825,29.499578947115214,28.897078743263577,29.30448341369629,262700
2008-09-11,29.292993036743095,29.327422416493853,28.78230260945018,29.247089385986328,303400
2008-09-12,28.851174809445624,29.424984982673497,28.633128519635743,29.315961837768555,215400
2008-09-15,28.70197403697005,29.287260450174923,27.795353262914098,28.58721160888672,191600
2008-09-16,28.77658106294271,29.49958091808851,28.558532584220732,29.315961837768555,397300
2008-09-17,28.908544436475268,29.568424532360766,28.633115937030304,28.638853073120117,411200
2008-09-18,29.103648471161865,30.096339664394037,29.02331540877144,29.780744552612305,629600
2008-09-19,30.125022542234177,31.175095807240886,29.528259665582645,29.57990264892578,736000
2008-09-22,29.453674694064965,29.849602891327226,28.363434583697245,28.466720581054688,284900
2008-09-23,28.51262053818492,28.79952556259821,28.397860279548897,28.489669799804688,224600
2008-09-24,28.357689120072987,28.845428932916768,28.277356070381675,28.403594970703125,161200
2008-09-25,28.334733901170075,29.379067759768414,28.334733901170075,29.063472747802734,280300
2008-09-26,28.90856031103144,29.815179345942216,28.90282098287885,29.769275665283203,337300
2008-09-29,29.32742773199995,29.625809177187847,27.60025850740038,27.956022262573242,493300
2008-09-30,28.22571508939279,28.914287575414203,27.978976596994187,28.1683349609375,936500
2008-10-01,28.62738760522827,30.22257909792462,28.62738760522827,29.8553409576416,1255100
2008-10-02,29.717629532735067,30.021748225484966,28.501150383911245,28.55853271484375,504500
2008-10-03,28.816748046958363,29.017580735138576,27.542888742180626,27.565841674804688,367600
2008-10-06,27.169909791876613,27.692076942068216,25.4714322691558,26.309194564819336,379100
2008-10-07,26.274770290575702,26.992033059882232,25.907532102916722,25.95917510986328,376500
2008-10-08,25.431265776780787,25.76981385422033,24.318074869241418,24.51890754699707,412900
2008-10-09,24.617486580901595,24.774064496717262,22.384803943021154,22.529783248901367,433400
2008-10-10,21.793301547369342,23.138710021972656,20.674060552483255,23.138710021972656,536200
2008-10-13,23.950575880581564,24.762460708618164,23.440248211181178,24.762460708618164,197600
2008-10-14,25.290191174036046,25.348182013115146,24.00857460539304,24.919044494628906,297000
2008-10-15,24.42031280014044,24.5826889026097,22.73855209350586,22.73855209350586,334600
2008-10-16,22.819753901789436,23.58524486378111,21.874489921460363,23.509857177734375,445200
2008-10-17,23.092309757422058,23.950587209257556,22.877740947515488,22.906736373901367,413000
2008-10-20,23.29528248635614,23.56784439086914,22.755961302772782,23.56784439086914,268500
2008-10-21,23.31266754015626,23.66641732021916,22.55297535326366,22.9647159576416,347100
2008-10-22,22.471796101383294,23.15609871447956,22.187635641826095,22.51239013671875,287400
2008-10-23,22.70956235721326,23.022718243625526,21.74689968625666,22.825546264648438,240400
2008-10-24,21.4859340197093,22.889334937896077,21.242369832605863,22.257225036621094,263800
2008-10-27,21.83969259263019,22.518197206519012,21.346763610839844,21.346763610839844,156100
2008-10-28,21.717898170704757,22.210826873779297,20.500070802542528,22.210826873779297,248400
2008-10-29,22.292012724420463,22.668959727631783,21.839678090333432,22.112239837646484,228600
2008-10-30,22.448606754701363,23.17930407155217,22.16444840764477,23.138710021972656,198300
2008-10-31,22.84875125115363,23.53305410407453,22.466005775130903,22.958934783935547,308000
2008-11-03,22.657367795622008,23.30107632591493,22.57037931934124,22.76175308227539,186000
2008-11-04,23.138698103365172,23.138698103365172,22.205031019543227,22.529783248901367,218000
2008-11-05,22.373212638787738,22.773354817718516,22.089052161198648,22.176040649414062,256600
2008-11-06,22.29782693331412,22.81395312232226,22.077457677574728,22.41960906982422,286200
2008-11-07,22.419604514865913,22.564583851411143,21.381551934271883,21.642515182495117,269800
2008-11-10,21.86287795984677,21.874476568822345,20.772633050435786,21.17857551574707,530300
2008-11-11,21.0509988167071,21.543929878750905,20.465283281766684,21.132186889648438,218700
2008-11-12,20.755244976718807,20.911822945463147,20.250715228917258,20.262313842773438,261100
2008-11-13,20.708843593413864,22.72115707397461,20.401488171779825,22.72115707397461,565800
2008-11-14,21.700504033235998,22.84874221964554,21.485935254333125,21.538127899169922,382500
2008-11-17,21.445341372869382,22.442799831396446,20.82483004219283,21.683107376098633,266900
2008-11-18,21.688909212491602,21.874482582702964,20.27970991155532,21.132186889648438,320000
2008-11-19,20.87122593877882,21.375753402714096,19.357641334763912,19.375038146972656,303000
2008-11-20,18.92849748940788,20.018742469902246,18.255793610423826,18.313785552978516,380800
2008-11-21,18.725532820299158,19.009691099015114,17.484508869038397,19.00389289855957,496300
2008-11-24,18.963292613103302,19.12566871889031,18.13981015655517,18.56894874572754,425300
2008-11-25,18.679136404338436,19.027088124745536,18.447169696838213,18.974895477294922,722600
2008-11-26,18.72552705916022,18.911100387573242,18.52835512119531,18.911100387573242,414800
2008-11-28,18.66754038416935,18.870512802305683,18.168812170328422,18.539958953857422,149100
2008-12-01,18.383376840847035,18.383376840847035,17.28733251163027,17.298931121826172,425500
2008-12-02,17.577296621367434,18.238403229718806,17.374325303944687,18.14561653137207,360100
2008-12-03,17.70487561088332,18.597947679912597,17.646883659519332,18.278993606567383,282400
2008-12-04,17.942643888607456,18.41237665255387,17.188750637596026,17.704877853393555,288200
2008-12-05,17.51930139924673,18.47616584536143,16.974179924395145,18.441370010375977,230600
2008-12-08,18.847314461602124,19.183667596931134,18.15141317750113,18.603750228881836,225100
2008-12-09,18.406581018045216,19.351846040992605,18.238405520953645,18.493568420410156,172500
2008-12-10,18.510963345139057,19.4272327875933,18.342786769181895,19.34024429321289,219900
2008-12-11,19.03288619282268,19.78677826350517,18.783521569197156,18.893707275390625,212400
2008-12-12,18.302190706123156,19.653398046761406,18.0992194185036,19.305448532104492,215600
2008-12-15,19.201061368542756,19.612802103706212,18.331185454260545,19.143068313598633,203700
2008-12-16,19.369245648318667,19.531621842619987,18.313794854835752,19.25905990600586,318500
2008-12-17,19.13727397746764,19.55481520851936,18.934303774711548,19.322847366333008,246400
2008-12-18,19.485223750800237,20.128932418611146,19.270654932266375,19.56061363220215,272700
2008-12-19,20.094138831890806,20.297109037380885,19.676597595214844,19.676597595214844,525000
2008-12-22,19.433029276941028,19.537414576121765,18.95749723054394,19.525815963745117,268800
2008-12-23,19.757783195331022,19.920159339324513,18.864709978948724,19.16046905517578,243100
2008-12-24,19.10247396130231,19.218457857039137,18.7661230970952,18.85310935974121,121100
2008-12-26,19.009691417191753,19.40983583380857,18.737131747034145,19.33444595336914,179800
2008-12-29,19.19525963757746,19.19525963757746,17.635283068249933,18.122413635253906,570900
2008-12-30,18.192009462288965,18.22100489006642,17.4033214383699,17.594694137573242,388200
2008-12-31,17.687481509989187,17.82086225263217,16.945186805798503,17.322134017944336,621000
2009-01-02,17.455509674238353,18.058623046942415,17.107559098472276,17.8150577545166,348500
2009-01-05,17.774464394523307,18.55155363750097,17.774464394523307,18.447168350219727,267600
2009-01-06,18.679134346195042,19.027086028263405,18.43557015973509,18.61534309387207,324600
2009-01-07,18.534160785831677,18.829919918021563,18.255800681082615,18.655942916870117,302300
2009-01-08,18.814787091067085,19.103069686019666,18.49708957656739,18.861854553222656,212900
2009-01-09,18.90892360049499,18.90892360049499,18.473559586736986,18.5500431060791,356000
2009-01-12,18.502978793788053,18.87950963154424,18.332362556585775,18.520627975463867,233200
2009-01-13,18.432378137012428,18.926574285380802,18.26176302717759,18.708892822265625,260900
2009-01-14,18.33824543045175,18.961874891953837,18.173512632895374,18.708892822265625,292200
2009-01-15,18.61475606450598,18.826555169248063,17.991126738726674,18.68535614013672,262300
2009-01-16,18.903037713564654,18.903037713564654,18.397073710118146,18.803020477294922,162600
2009-01-20,18.755951475481655,18.90891734138178,18.33235446986203,18.39118766784668,241900
2009-01-21,18.526508396432803,18.797140733660093,18.238226880400624,18.75007438659668,319200
2009-01-22,18.473558940741107,18.961872720921725,18.12644420423498,18.832439422607422,263500
2009-01-23,18.426490945761195,19.244269088083566,18.426490945761195,18.791255950927734,263400
2009-01-26,18.744191527690244,19.308987709769294,18.561808445345736,18.938339233398438,184400
2009-01-27,18.926572848330856,19.36782029763755,18.85009157301412,18.920690536499023,165200
2009-01-28,19.061886189260708,19.320750490210155,18.950102092248404,19.22661781311035,552500
2009-01-29,19.185437884839516,19.256036842546724,18.544158221223,18.767723083496094,220800
2009-01-30,18.667706126483004,18.891272100944562,17.36161424559498,17.991127014160156,418400
2009-02-02,17.738146994881898,18.544159484994765,17.696964079721074,18.355894088745117,219700
2009-02-03,18.608876798002935,18.82067595016819,18.302946060836927,18.761842727661133,224700
2009-02-04,18.726540695596984,18.94422325261606,18.24999379020146,18.35000991821289,203500
2009-02-05,18.032308752329513,18.385306868637365,17.69696093458958,17.99700927734375,216400
2009-02-06,18.238226912381336,20.556245912006798,18.02054435548746,20.37974739074707,700400
2009-02-09,20.297378932978035,20.80922525157952,20.0914643922476,20.691558837890625,456500
2009-02-10,20.509174893845888,21.038670308060087,20.067927593184145,20.144411087036133,381900
2009-02-11,20.126767912790296,20.61508286946654,19.909086450372335,20.244434356689453,290600
2009-02-12,20.17382583694125,20.703321217351185,19.86200957159017,20.59153938293457,265200
2009-02-13,20.709216913338626,20.726866095558204,20.032636500443548,20.209135055541992,269000
2009-02-17,19.77964771024564,20.562127439812024,19.597266904331768,20.12676239013672,406700
2009-02-18,20.13264966245289,20.1620657082513,19.220736532599073,19.414886474609375,404400
2009-02-19,19.45018695033871,19.66198382529758,19.079538491634956,19.361936569213867,270000
2009-02-20,19.067772896604264,19.397238464576247,18.585342534684916,18.867740631103516,218000
2009-02-23,18.95010450947971,19.0560040652628,17.979360451718364,18.008777618408203,271300
2009-02-24,18.079375971755546,18.291175076264537,17.28513045199696,17.655778884887695,489300
2009-02-25,17.50281299782986,17.579295384410454,16.755633820707313,17.255714416503906,402600
2009-02-26,17.291018241969454,17.608716978783725,16.84388730986997,16.926254272460938,350400
2009-02-27,16.76739704050368,17.14392770267615,16.40851555177687,16.90859603881836,371800
2009-03-02,16.749757205449356,16.749757205449356,15.920211870940152,15.943745613098145,515200
2009-03-03,16.137888059485014,16.243787612648774,15.355409399291855,15.478958129882812,651600
2009-03-04,15.755478330588565,16.45559024604095,15.56132946898531,16.196725845336914,299600
2009-03-05,15.97904108421171,16.202607089866024,15.284811575311961,15.325994491577148,272200
2009-03-06,15.361293095459425,15.478958394872288,14.91416226453016,15.384825706481934,317800
2009-03-09,15.237744945959262,15.47307669327267,15.125961945179037,15.190678596496582,338100
2009-03-10,15.408360141133624,15.820190391052817,15.161261542322023,15.79077434539795,291900
2009-03-11,15.70840753002615,15.961388424307726,15.561325066719352,15.678990364074707,208100
2009-03-12,15.602509312111277,16.143772868285808,15.308344360324035,16.067289352416992,226100
2009-03-13,16.079051735415884,17.30866098072505,15.94373616464883,17.038028717041016,286700
2009-03-16,17.320429317108967,17.620477644412436,16.990963827040442,17.220413208007812,167300
2009-03-17,17.10275031902005,17.973478317260742,16.95566784139222,17.973478317260742,338400
2009-03-18,17.94406079809014,18.30294237313999,17.520463701256823,18.044076919555664,884200
2009-03-19,18.120562582996378,18.279411943825494,17.87346395131232,18.002897262573242,241100
2009-03-20,18.067608227315272,18.39119030149334,17.90287659594833,17.99700927734375,381000
2009-03-23,18.420606319360964,18.803020477294922,18.067608203518052,18.803020477294922,546300
2009-03-24,18.502972932651424,18.732421198958594,18.067607886717223,18.149974822998047,262900
2009-03-25,18.326474527856732,18.89127176505683,18.22057497574733,18.773605346679688,247600
2009-03-26,18.873626659915082,19.05012520341139,18.44414492568008,18.87950897216797,529300
2009-03-27,18.63240353692248,18.985401617216755,18.226455688476562,18.226455688476562,296500
2009-03-30,18.173508255738586,18.173508255738586,17.314547234718745,17.89699363708496,374400
2009-03-31,18.114676437580066,18.114676437580066,17.402796742736015,17.602828979492188,288400
2009-04-01,17.402799825370625,18.555927107526486,17.208650987322738,18.508859634399414,368000
2009-04-02,18.673589578073578,19.120720405285976,18.467673903125085,18.62063980102539,272000
2009-04-03,18.602993685447945,18.76772535480103,18.379427673968276,18.697126388549805,141900
2009-04-06,18.661826051884642,18.661826051884642,17.955830768458885,18.261762619018555,182800
2009-04-07,18.144096696712985,19.01482479893621,18.038197120630358,18.761842727661133,338200
2009-04-08,18.946892154265306,19.143882482257176,18.56485058205652,18.857351303100586,331800
2009-04-09,19.19760948204082,19.25730263079969,18.82153740742034,19.239395141601562,179800
2009-04-13,19.030465541724702,19.131945487746275,18.606638268594118,18.928985595703125,148500
2009-04-14,18.779750565334748,18.905108682297417,17.68734932242615,17.74704360961914,410600
2009-04-15,17.567958953028246,18.24847075310114,17.484387648057506,18.194746017456055,525600
2009-04-16,18.355919101860923,18.672297954803874,17.908213757913096,18.60663414001465,298200
2009-04-17,18.678269034361417,19.20954572192526,18.361890155361493,19.108064651489258,268500
2009-04-20,18.77378164986749,18.97674153765002,18.475311360607748,18.57082176208496,366700
2009-04-21,18.594696126774185,18.88122729011859,18.39173626809516,18.630512237548828,217100
2009-04-22,18.505156182937593,19.0722501342958,18.451431444868977,18.5827579498291,474600
2009-04-23,18.61260314654562,18.61260314654562,17.90821324346426,18.069387435913086,506400
2009-04-24,18.164898362194048,18.40367431824565,17.949999432460825,18.111173629760742,374500
2009-04-27,17.8544939467691,18.349954618425066,17.615717925231387,17.782861709594727,374500
2009-04-28,17.74704214317562,18.6126063895176,17.60974609097823,18.28428840637207,303100
2009-04-29,18.421583439239512,18.952860098118816,18.033571219285285,18.588726043701172,298000
2009-04-30,18.791690296610742,18.79765983939268,17.914188001995853,18.00372886657715,417200
2009-05-01,17.99178397167826,18.093263889056757,17.35902744256301,17.47244644165039,229900
2009-05-04,17.69928406138173,18.260408401489258,17.490354676797416,18.260408401489258,395400
2009-05-05,18.27234357288342,18.6902011140445,17.991780893591674,18.540966033935547,675700
2009-05-06,18.773778877603327,19.466229755348014,18.708115059318935,19.328933715820312,375200
2009-05-07,19.52592490675245,19.579649647511054,19.024495890628405,19.42444610595703,329200
2009-05-08,19.66918485352713,20.689952298536873,19.53785724873756,20.64816665649414,417900
2009-05-11,20.3676065595365,20.45714853368869,19.860208111732724,20.033321380615234,228300
2009-05-12,20.14674561110628,20.40343025587886,19.961693202016274,20.29001235961914,240800
2009-05-13,20.027354863740033,20.254192908831175,19.573681050705222,19.76470184326172,223800
2009-05-14,19.75275992360251,20.570567716661564,19.62740297344728,20.30791473388672,225600
2009-05-15,20.260160556382903,20.74965160368807,20.116896105884866,20.475059509277344,271900
2009-05-18,20.570567205027434,20.964547807964134,20.116893468400693,20.940671920776367,291900
2009-05-19,20.77950910067711,20.934712699508488,20.16465855683185,20.27210807800293,253800
2009-05-20,20.421329202636674,20.785463187178422,20.242247549771797,20.254186630249023,279900
2009-05-21,20.254190932143565,20.421333540031515,19.896027550341604,20.057199478149414,400700
2009-05-22,20.469088277889266,20.55862797779251,18.636480166768393,20.170618057250977,540200
2009-05-26,19.884094573735652,21.185425418880712,19.842308908931283,21.08394432067871,358400
2009-05-27,20.928734155462152,21.376439517748715,20.713835217221046,21.071998596191406,283600
2009-05-28,21.13766074707404,21.489855695389924,20.594445041415344,21.38240623474121,233500
2009-05-29,21.41822560729381,22.104705810546875,21.27495888648819,22.104705810546875,366900
2009-06-01,22.35542511576424,23.161293985718338,22.35542511576424,22.522567749023438,363400
2009-06-02,22.510629039352764,22.731498696580605,21.94353502501115,22.373332977294922,455900
2009-06-03,22.295723006440223,22.54046847910515,22.086794777511713,22.415111541748047,259300
2009-06-04,22.51062973073861,22.64195739289169,21.943535698979414,22.60614013671875,176600
2009-06-05,22.68374018455204,22.970271366257112,22.492719396748658,22.856853485107422,174600
2009-06-08,22.85684886393531,22.85684886393531,22.1703664810203,22.504653930664062,214500
2009-06-09,22.50466355959611,22.50466355959611,21.937569471568168,22.242008209228516,174900
2009-06-10,22.259918778538164,22.301704444482215,21.60925333821908,21.943538665771484,230800
2009-06-11,22.062915227982533,22.916540127619964,21.943526700180357,22.337507247924805,191200
2009-06-12,22.301701965461763,22.36736579811705,21.80624015698844,22.02113914489746,170600
2009-06-15,21.943532253910885,22.07485989544592,21.16154163932732,21.41822624206543,260000
2009-06-16,21.418227645791788,21.75251289757533,20.18852928875915,20.194499969482422,737200
2009-06-17,20.295974520359586,20.522812520247122,19.9616870614278,20.10495376586914,638800
2009-06-18,20.039287441001033,20.367604179278718,19.830359228591615,20.08704376220703,420500
2009-06-19,20.38551912326261,20.40342660969618,19.687097549438477,19.687097549438477,404500
2009-06-22,19.68709403980287,20.045259644654877,19.245359420776367,19.245359420776367,300400
2009-06-23,19.484134769967657,19.52592041682169,18.95285816526899,19.084184646606445,297400
2009-06-24,19.257298982735175,19.35878004897807,18.934951713921564,18.958829879760742,210600
2009-06-25,19.251333224715687,20.21240789888231,19.221486651889823,20.021387100219727,422400
2009-06-26,19.991535904498882,20.158678495391268,19.740819741013283,20.10495376586914,337300
2009-06-29,20.212405307559308,20.355669749615316,20.05719950532684,20.17658805847168,245800
2009-06-30,20.087050284631108,20.24822222816833,19.44235340189233,19.76470184326172,398200
2009-07-01,19.973630288261248,20.886950879674565,19.872151487630592,20.606388092041016,310700
2009-07-02,20.606386395771136,20.606386395771136,20.003475213739602,20.12286376953125,207400
2009-07-06,20.0333223293001,20.83919102624405,20.0333223293001,20.749649047851562,200000
2009-07-07,20.630260223615082,20.922759732784467,20.451176289017052,20.612350463867188,214000
2009-07-08,20.904857235233564,21.19735681415349,20.719804854689166,20.81531524658203,258700
2009-07-09,21.008882081174395,21.008882081174395,20.192240586028863,20.240633010864258,217900
2009-07-10,20.319277537407533,20.930246162424577,20.08940712560434,20.718524932861328,162600
2009-07-13,20.73666898806961,21.033080976745094,20.573340215646958,20.960491180419922,172600
2009-07-14,20.887906548310156,20.918154422887948,20.573347574929638,20.754825592041016,170000
2009-07-15,20.948392987318247,21.692444762953684,20.93024380712065,21.450475692749023,255700
2009-07-16,21.33554571934776,21.87392458018092,21.135920852249523,21.795284271240234,171000
2009-07-17,21.84367926616696,22.97487993650026,21.84367926616696,22.624027252197266,418400
2009-07-20,22.872042745439195,23.26523964823238,22.38810454571165,23.192649841308594,351800
2009-07-21,23.355976840076096,23.585847236496758,22.40020150751893,22.908334732055664,293700
2009-07-22,22.902290718887027,23.259193909613895,22.7873543459279,22.89019203186035,106800
2009-07-23,23.041423033164968,23.954852016269125,22.75106145626586,23.567703247070312,399400
2009-07-24,23.513256321155307,23.960898451899027,23.101910246716745,23.36202621459961,175000
2009-07-27,23.446710436317545,23.73102372330806,23.144250278272445,23.307579040527344,246900
2009-07-28,23.13216155283908,23.67054044299663,23.04142255238142,23.434621810913086,368400
2009-07-29,23.349927529164557,23.718929358374588,23.095862057793365,23.36202621459961,319000
2009-07-30,23.591902785267955,24.196823369505594,23.404376573422283,23.97905158996582,591900
2009-07-31,23.918549539965323,23.99113933082447,22.968824840701675,23.029315948486328,467500
2009-08-03,23.22290275239415,23.38018340936449,22.569589668117054,23.34993553161621,355500
2009-08-04,23.368082864079778,24.62631648197839,23.3015412304603,24.0516414642334,819400
2009-08-05,23.900405080181123,23.985095878422996,22.47884299829435,22.569581985473633,416500
2009-08-06,22.69056780853505,22.92043825346212,22.21873053889566,22.224781036376953,240600
2009-08-07,22.46674427098743,22.884140842128783,22.357858409610408,22.50908851623535,154800
2009-08-10,22.490942131048513,22.64822043002042,22.140087168405135,22.200580596923828,178300
2009-08-11,22.23687690359306,22.666372218906698,22.23687690359306,22.539337158203125,260300
2009-08-12,22.351817048517887,22.835753076028503,22.0796023119216,22.533292770385742,215400
2009-08-13,22.503049833984704,22.726869840220267,22.091703585579783,22.442556381225586,159700
2009-08-14,22.309468916327184,22.41835479205782,21.65615366194337,21.898122787475586,229600
2009-08-17,21.613807371201375,21.958611842609525,21.577511313520585,21.698495864868164,165600
2009-08-18,21.78318947222654,22.02515863172493,21.220615445432284,21.92837142944336,302900
2009-08-19,21.807387703337245,22.26712866286282,21.807387703337245,22.10379981994629,145100
2009-08-20,22.00700188657175,22.369953155517578,21.77108333099817,22.369953155517578,188500
2009-08-21,22.52724367680381,23.077721318708978,22.466750233546207,22.920440673828125,326800
2009-08-24,22.872047431650557,23.59795026479405,22.872047431650557,23.446720123291016,370300
2009-08-25,23.422524206679576,23.7249844787386,23.1503095003087,23.331785202026367,299100
2009-08-26,23.101914177255125,23.301539059515026,22.684519842878096,23.06562042236328,246000
2009-08-27,22.926487231363037,22.926487231363037,22.267123812513926,22.775257110595703,217400
2009-08-28,22.84785013109975,22.84785013109975,22.309471194774428,22.38810920715332,155200
2009-08-31,22.31551550496332,22.551434116256875,22.291318132628483,22.309467315673828,301000
2009-09-01,22.333661038729225,22.7934018551185,22.121939812489625,22.50908851623535,442900
2009-09-02,22.484892472046518,22.884142192378352,22.484892472046518,22.73896026611328,256700
2009-09-03,22.726868182536833,22.98093605041504,22.521195073336038,22.98093605041504,710000
2009-09-04,23.029324055901405,23.259194500066503,22.696618230781898,23.156356811523438,313600
2009-09-08,23.362026923246745,23.89435756059487,23.247092869509874,23.755226135253906,250800
2009-09-09,23.718921739909725,24.499269392912392,23.718921739909725,24.426679611206055,703000
2009-09-10,24.487179506815647,25.321970372840152,24.196817968108945,25.315919876098633,498400
2009-09-11,25.424807215412404,25.93899101159446,25.20098728235753,25.74541664123535,564000
2009-09-14,25.672825562674653,27.21537470618161,25.557891496734847,26.62860107421875,989200
2009-09-15,26.6164991842531,26.713286361710487,26.301940280619508,26.45922088623047,318300
2009-09-16,26.658838329845928,26.73142812215414,26.16280385182869,26.362428665161133,242700
2009-09-17,26.459223131908303,26.70724043941714,26.217254013933985,26.38663101196289,139700
2009-09-18,26.44712729415671,26.51971711433303,25.98738638199955,26.07207489013672,414000
2009-09-21,26.011577837805753,26.090218137858713,25.49134591183552,25.854299545288086,262300
2009-09-22,25.951092475234482,26.035780982880603,25.4187617459876,25.860353469848633,180500
2009-09-23,26.047882303368194,26.42898062629243,25.690979051081925,25.763568878173828,160000
2009-09-24,25.963185192491423,25.963185192491423,24.819885885394925,25.14049530029297,351800
2009-09-25,25.188893906817157,25.4611086436523,25.03766375386308,25.207040786743164,155300
2009-09-28,25.418757945221603,25.951088594871198,25.18283933560088,25.793807983398438,162400
2009-09-29,25.745424783766286,26.180966101029107,25.52160247233439,26.01158905029297,263900
2009-09-30,25.926897055499253,25.96319081432075,25.213090569216533,25.297779083251953,253600
2009-10-01,25.34011563949897,25.7575121998124,25.207032410693152,25.654674530029297,257500
2009-10-02,25.56393554537292,25.76356038858165,25.279624521453545,25.654674530029297,242700
2009-10-05,25.79986100368653,26.392682834139038,25.64258037683034,26.120468139648438,362000
2009-10-06,26.34429130715063,26.98550796508789,26.211210346136426,26.98550796508789,421000
2009-10-07,27.00970036436878,27.19722423637694,26.428974949600846,26.4713191986084,467800
2009-10-08,26.465205075407404,26.887033552455385,26.35516245842043,26.666948318481445,259300
2009-10-09,26.728087342946523,27.009306358595556,26.50188730974315,26.819787979125977,139600
2009-10-12,27.027650151677115,27.149920017380293,26.697522213909654,26.850358963012695,81300
2009-10-13,26.89926350055628,26.89926350055628,26.294029045668292,26.434640884399414,140200
2009-10-14,26.563016053954183,26.75253204891444,26.300136771813136,26.715852737426758,219100
2009-10-15,26.660833566658102,27.08266200716366,26.477429998268857,26.966506958007812,222500
2009-10-16,26.832014972315143,27.376113338241083,26.758653997565318,27.259958267211914,165900
2009-10-19,27.38833925239681,27.69401268675861,27.101007809926912,27.266069412231445,138100
2009-10-20,27.168260550531393,27.357778965042122,26.899268703058176,27.03376579284668,169200
2009-10-21,26.917604153433945,26.990967462981406,26.05560508913037,26.116741180419922,240100
2009-10-22,26.183992272872594,26.275692920610624,25.54207607818813,26.067834854125977,228300
2009-10-23,26.226779056657538,26.306252462767063,25.78660860760724,25.933330535888672,130400
2009-10-26,25.859977911491523,25.96390811530238,24.99797872551193,25.584871292114258,704500
2009-10-27,25.756045260677798,26.239007533854263,25.603208537394575,25.847745895385742,212700
2009-10-28,25.89665930713883,26.11062982441303,25.701028453601353,25.970020294189453,187500
2009-10-29,26.043368127188756,26.391835554804047,25.719355126940076,26.385723114013672,252400
2009-10-30,26.22677798419484,26.33682059195756,25.425912857055664,25.425912857055664,228800
2009-11-02,25.42591390793123,26.03114827564108,25.23639555737293,25.578750610351562,223800
2009-11-03,25.59098016195024,25.774383755172316,25.22417064340288,25.72547721862793,157100
2009-11-04,25.725477449569148,25.78049642913679,25.187491550132037,25.23028564453125,175500
2009-11-05,25.444253625467212,26.94816855319952,25.444253625467212,26.56913185119629,360700
2009-11-06,26.489658444865977,27.18047866230768,26.20843713935645,26.56913185119629,243200
2009-11-09,26.807561676218835,27.29052630573341,26.46520889143154,26.61193084716797,310300
2009-11-10,26.67307178198626,27.583977557883085,26.65472978511117,27.406688690185547,315200
2009-11-11,27.6145329010669,27.883526976499834,27.498377852559063,27.8162784576416,241900
2009-11-12,27.85908768960109,27.969130356259623,27.57175380087001,27.620662689208984,208700
2009-11-13,27.816276563956578,27.993567677585354,27.51060319512189,27.761255264282227,174400
2009-11-16,27.999684381656156,28.335924672144756,27.834620457502897,28.262563705444336,339400
2009-11-17,28.170871835660613,28.452090905501606,28.030259968636308,28.195323944091797,216900
2009-11-18,28.164755008088093,28.238115992245998,27.64511101113884,27.944669723510742,185200
2009-11-19,27.926332942786896,27.99358149024891,27.082673375533762,27.547298431396484,285600
2009-11-20,27.412795717769683,27.72458161779244,27.308865529693165,27.626766204833984,160800
2009-11-23,28.018035888671875,28.458204170479657,27.840744687834807,28.018035888671875,161600
2009-11-24,27.938562303135978,28.15253285044425,27.718476978988004,28.04860496520996,173000
2009-11-25,28.176978197426717,28.176978197426717,27.62065262191567,27.694013595581055,115900
2009-11-27,26.880926203106934,27.30275476007491,26.770883565271195,26.960399627685547,78900
2009-11-30,26.905379454590264,26.905379454590264,25.82940980027824,26.232898712158203,339600
2009-12-01,26.489658444865977,26.8625780406774,26.422409922507242,26.56913185119629,185800
2009-12-02,26.630273345744957,27.003193017374326,26.410188075863047,26.593591690063477,94600
2009-12-03,26.74031308911395,27.400566495259493,26.624155691401725,27.211048126220703,233200
2009-12-04,27.54728630506432,28.24422124996333,27.54728630506432,28.170860290527344,232400
2009-12-07,28.225882281376194,30.40839263009071,28.140294097525253,30.249441146850586,1285800
2009-12-08,30.20664145887451,30.20664145887451,28.60491369926145,28.659934997558594,673300
2009-12-09,28.604934547436407,28.64772866262359,28.115857279508383,28.23812484741211,201000
2009-12-10,28.42762629298389,28.635484298947894,27.901867670127714,28.024137496948242,119800
2009-12-11,28.0363712310791,28.329817484410555,27.871307276310752,28.0363712310791,117800
2009-12-14,28.244231817714414,28.445975114672574,28.02414652495735,28.323707580566406,209700
2009-12-15,28.176979614178588,28.635489803822132,28.011915666054502,28.293134689331055,187800
2009-12-16,28.47042890211258,28.672174526552723,27.95689734147838,28.091394424438477,196000
2009-12-17,27.82851174660396,28.09139110563935,27.38834122317663,27.73680877685547,206700
2009-12-18,27.895748680577327,27.895748680577327,26.929819840730072,27.492259979248047,543100
2009-12-21,27.68179023336981,28.33593130890881,27.651223351093936,28.10973358154297,168400
2009-12-22,28.335937313651993,28.65383808731628,28.024151317000854,28.55602264404297,166600
2009-12-23,28.56213783467092,29.14903050280971,28.56213783467092,29.142915725708008,164500
2009-12-24,29.155138046851107,29.485265991723985,29.155138046851107,29.381338119506836,112200
2009-12-28,29.534179081107002,29.613652524562976,28.88615031904813,29.30186653137207,142100
2009-12-29,29.41191167364841,29.41191167364841,29.051216762918763,29.22850799560547,96100
2009-12-30,29.063430723532456,29.35076216624662,28.464311071526385,28.53767204284668,215900
2009-12-31,28.458198744745765,28.580468595532363,27.883533477783203,27.883533477783203,203300
2010-01-04,28.293128780834774,29.332418793411,28.12806486718123,29.197921752929688,319900
2010-01-05,29.26517241632772,30.555114614746397,29.216265882091204,29.839839935302734,476900
2010-01-06,29.748140593364436,30.432848480635382,29.748140593364436,30.414508819580078,523500
2010-01-07,30.408337703141868,30.618178161086966,30.013344453914733,30.186153411865234,199000
2010-01-08,29.982485983219988,30.37747923159688,29.624521880412512,30.291074752807617,199900
2010-01-11,30.10591512386774,30.291070241521314,29.717095027223518,29.871389389038086,218900
2010-01-12,29.673897231888628,29.82819161677737,29.2295286500185,29.797330856323242,195000
2010-01-13,29.933106760279426,30.69223475229705,29.75412473213388,30.507081985473633,248800
2010-01-14,30.537943533003574,30.852705387934936,30.482397461800712,30.83418846130371,135400
2010-01-15,30.877389577406227,30.877389577406227,29.772643641501272,29.920764923095703,264800
2010-01-19,30.08123758359348,30.599666867345736,30.025691504821964,30.54412078857422,139000
2010-01-20,30.278730938131037,30.291074771443594,29.33444770165702,29.797330856323242,154100
2010-01-21,29.926946918091403,30.068897502818825,28.711106127829304,29.19867706298828,218400
2010-01-22,29.11225684151929,29.377643311990905,28.451877211558273,28.470394134521484,139600
2010-01-25,28.785159802881626,29.18015304786151,28.390166557901743,28.717269897460938,113000
2010-01-26,28.717274979985888,28.877742485625202,28.408686158436602,28.66790199279785,175300
2010-01-27,28.54445478649388,28.8715580555217,28.414848097370967,28.593830108642578,212500
2010-01-28,28.637040248380735,28.803676120797853,28.29141996090857,28.538291931152344,185400
2010-01-29,28.5321202277924,28.920942775858382,28.013690948486328,28.013690948486328,251300
2010-02-01,28.16798968184434,28.988837147992193,28.16798968184434,28.964149475097656,134400
2010-02-02,28.945636210788564,29.36531725165127,28.766654105702315,29.34062957763672,133100
2010-02-03,29.136941640009,29.365298950809063,28.674058635268715,28.83452606201172,131100
2010-02-04,28.46423219474518,28.809852521889454,27.93963214069281,27.99517822265625,199200
2010-02-05,28.606178004052726,29.099921918955914,27.834706079948333,29.032032012939453,315800
2010-02-08,29.229519396293007,30.482388651555222,29.03202283450817,30.16762924194336,367400
2010-02-09,30.37747567675427,30.692235148987763,29.85287341723819,30.612001419067383,223300
2010-02-10,30.420682120539283,30.64286641608177,29.661554013666134,30.3404483795166,203800
2010-02-11,30.383648950252446,31.531599511245076,29.98248497587404,31.525428771972656,509800
2010-02-12,31.34027006921894,32.69806092625851,31.062542100978334,32.67954635620117,424700
2010-02-16,32.82767119247445,33.28438358972555,32.32775891184373,32.7350959777832,255600
2010-02-17,32.93258772861674,33.09922591565498,32.29072264247201,32.957275390625,186400
2010-02-18,32.85235400426239,33.037506760634315,32.57462369253197,32.957275390625,299700
2010-02-19,32.98813984477386,33.062200490044845,32.67955107607503,32.920249938964844,361500
2010-02-22,33.13009454693851,33.67321150711582,32.85853724402273,33.39548110961914,197800
2010-02-23,33.39547465792778,33.68554883420091,32.76595333000148,32.83384323120117,180700
2010-02-24,32.852352572288524,33.24734572982362,32.852352572288524,33.08070755004883,222000
2010-02-25,32.784467257361634,33.3460986730539,32.3401010702905,33.28438186645508,321600
2010-02-26,33.45101547877271,33.45101547877271,32.58079544082207,32.74126052856445,255500
2010-03-01,33.12392057815421,33.407824062739046,32.796817204371976,33.154781341552734,181700
2010-03-02,33.17329549270464,33.75961467460762,33.142437084045675,33.30290222167969,211700
2010-03-03,33.45101343722137,33.592963947730645,33.056020302874735,33.18562698364258,153400
2010-03-04,33.15478627389816,33.27204918748207,32.605498506266436,32.93260192871094,289200
2010-03-05,33.19797778982458,33.59914174617275,32.796811479131115,33.51273727416992,397000
2010-03-08,33.39547845725965,33.64234807093628,33.16712341716374,33.580631256103516,328900
2010-03-09,33.488046309190636,33.95092938159806,33.22266218034116,33.401641845703125,208600
2010-03-10,33.438675847793164,33.858356719943345,33.3275837137331,33.555938720703125,249300
2010-03-11,33.469537683891765,33.53125685044781,32.815328644470526,33.20415115356445,207600
2010-03-12,33.204161682046305,33.33376844139192,32.71041996476811,33.21033477783203,154900
2010-03-15,33.2103254113245,33.4386804497214,32.95110961139524,33.389305114746094,94100
2010-03-16,33.36462029526988,33.821330378821216,33.290557291711075,33.77195739746094,134800
2010-03-17,33.94476914175033,34.14226579204557,33.61149266149742,33.74727249145508,109800
2010-03-18,33.852184433438055,34.04968104217441,33.63000251436861,33.75960922241211,99700
2010-03-19,33.216487884521484,33.95710124441766,33.03750587129712,33.216487884521484,277200
2010-03-22,33.03133793493911,34.06819625587382,32.63634473731544,34.0620231628418,123700
2010-03-23,34.11757980191826,34.11757980191826,33.821334811890054,33.94477081298828,126700
2010-03-24,33.81514783375182,33.85835006023924,33.457183837890625,33.457183837890625,106800
2010-03-25,33.57445990035505,33.84601717672065,33.03134299327832,33.037513732910156,96600
2010-03-26,33.0313494601876,33.35845287466241,32.74744829463037,32.97580337524414,132000
2010-03-29,33.00664742824599,33.31523613160021,32.71040255554734,32.9696159362793,196200
2010-03-30,33.06220494433401,33.23501392469641,32.58080715369831,33.09306335449219,205800
2010-03-31,33.00049277260803,33.27205011633678,32.38948580628569,32.51909255981445,202700
2010-04-01,32.556117284174334,33.16095102892283,32.50057120790429,33.13009262084961,159000
2010-04-05,33.3646166533524,34.086713201638304,33.25352451448606,34.05585479736328,172200
2010-04-06,33.78430577729727,34.61132392688682,33.66704051638978,34.5125732421875,176600
2010-04-07,34.543427043444005,34.69154833193593,34.216321352195585,34.432334899902344,149800
2010-04-08,34.25805687363056,34.51947258800585,33.97174374616772,34.07133102416992,101200
2010-04-09,34.18336678000321,34.22071290197869,33.67298165141235,34.10867691040039,107800
2010-04-12,34.05888278528251,34.20203935097959,33.78501598625504,33.996639251708984,84400
2010-04-13,33.847261152442684,33.90327914818686,33.50493001149411,33.80369186401367,149400
2010-04-14,34.02154009123471,34.538150787353516,33.23729048401559,34.538150787353516,271400
2010-04-15,34.54437136969379,34.54437136969379,33.99664013180731,34.05888366699219,80400
2010-04-16,34.058873406769514,34.058873406769514,32.98830866757772,33.23727798461914,177200
2010-04-19,33.231065808471136,33.71033039316897,33.02566805751397,33.467586517333984,97100
2010-04-20,33.66675316207595,34.1709150444683,33.43023250898905,34.15846633911133,89300
2010-04-21,34.314077674166,34.73732423390085,34.23316226218335,34.66263198852539,447700
2010-04-22,34.36387099841611,34.85558427499625,34.301629833378634,34.724876403808594,124200
2010-04-23,34.85558427499625,34.85558427499625,34.33275041589737,34.724876403808594,127500
2010-04-26,34.61283750289859,34.84313264343109,34.10245239450329,34.121124267578125,85400
2010-04-27,33.96551522624934,34.065102495515696,32.70822446779419,32.80781173706055,176700
2010-04-28,32.87627369441107,33.399107376338044,32.66465048090855,33.100345611572266,188200
2010-04-29,33.46135156588542,33.953064720594426,32.77046625755166,33.704097747802734,125900
2010-04-30,33.64185008137794,33.9717347818696,32.20405928301518,32.22895431518555,238900
2010-05-03,32.446808412847574,34.2518279448721,32.446808412847574,33.84725570678711,273800
2010-05-04,33.34309675383736,33.685427869766386,32.30365469964495,32.975868225097656,562100
2010-05-05,32.801584017472706,33.19370987454502,32.16048883462647,32.40945816040039,223100
2010-05-06,32.21028380739801,32.48414816761369,29.776618014701832,31.64388084411621,285500
2010-05-07,31.50073329972099,31.50073329972099,29.253792674012814,29.54010581970215,655200
2010-05-10,30.996567387048596,31.239311213300493,30.616890171896515,31.164621353149414,245700
2010-05-11,30.82229313318666,32.322327888057615,30.666687858306485,31.768373489379883,219800
2010-05-12,31.94264267729054,32.52149434554176,31.75591686883635,32.37211227416992,165100
2010-05-13,32.39078848408634,32.64598099181881,32.04845741874,32.45302963256836,167600
2010-05-14,32.060911083600175,32.3036573166479,31.29533338525996,31.44471549987793,174400
2010-05-17,31.5007309777317,31.83061338760747,30.56709936546626,31.201969146728516,183800
2010-05-18,31.612767150338758,31.799492999039717,30.878310087680063,31.009017944335938,156800
2010-05-19,30.88453039358329,31.05258435415533,30.274558077996506,30.641786575317383,124600
2010-05-20,30.112725612519018,30.36791810184768,29.253784054195567,29.521425247192383,292600
2010-05-21,29.042170754194984,29.80774848351404,28.693614055547602,29.683263778686523,238000
2010-05-24,29.571228772907595,29.60235173091881,28.494440432603465,28.93013572692871,145700
2010-05-25,27.97160417947946,28.899012689725012,27.741309030708365,28.7683048248291,264500
2010-05-26,28.842998233464346,29.396952716392434,28.724739061334805,28.799428939819336,180200
2010-05-27,29.471629172259014,30.330570693852557,29.22266223258444,30.187414169311523,153700
2010-05-28,28.637603464413722,29.7206175898897,25.35121970327096,25.438358306884766,1042900
2010-06-01,25.12713770517396,25.438348237375983,24.52339088725863,24.542062759399414,1061300
2010-06-02,24.604304000253624,24.88439395506301,23.93209048305904,24.037900924682617,508400
2010-06-03,23.876074745170584,24.3615624630881,23.83250545634969,24.16861343383789,409400
2010-06-04,23.76403081407419,24.212174634351754,23.37190497133132,23.88851547241211,642100
2010-06-07,24.193504104191106,24.55450943132399,23.751585754919667,24.230850219726562,1054700
2010-06-08,24.361561185822872,24.853274418847743,24.361561185822872,24.716341018676758,506500
2010-06-09,24.865727001104382,25.948738541447955,24.34911627401352,25.027555465698242,498500
2010-06-10,25.6064020815532,25.793127925070458,24.778583304699122,25.114688873291016,266300
2010-06-11,24.940414218413903,25.376109479553893,24.430029087302195,25.282745361328125,303900
2010-06-14,25.581510557630022,25.70599527341149,24.952866185738895,25.04623031616211,201300
2010-06-15,25.008889800259556,25.556621247981063,24.921751191966155,25.506826400756836,184100
2010-06-16,25.40723152558722,25.625077981542105,25.046228487955087,25.513044357299805,138700
2010-06-17,25.69354293071069,25.69354293071069,25.01510381871527,25.164485931396484,176000
2010-06-18,25.295194554838,25.295194554838,24.84082741106009,25.058673858642578,228600
2010-06-21,25.369884128856484,25.369884128856484,24.467375392867016,24.63542938232422,168900
2010-06-22,24.78481371979172,24.80971113936893,24.454931220613865,24.604310989379883,233300
2010-06-23,24.64787595214356,24.87194794023821,24.461150086847425,24.59808349609375,185300
2010-06-24,24.52338078343172,24.535827110165634,24.050339639746497,24.181047439575195,124000
2010-06-25,24.19973109803867,24.728788041001113,24.131264402616917,24.529613494873047,320200
2010-06-28,24.5545131691552,25.23295227139836,24.42380530640559,24.95908546447754,196800
2010-06-29,24.610536531448492,24.722572545197316,24.430033801036657,24.604310989379883,243400
2010-06-30,24.641659599790103,25.12714745868391,24.100153728381713,24.697677612304688,434700
2010-07-01,24.741238243036555,24.959084674053642,24.374009706216306,24.83460235595703,276100
2010-07-02,25.04000885573875,25.04000885573875,24.49850298433036,24.697677612304688,183700
2010-07-06,25.046230531497315,25.245405128720684,24.330445190361264,24.467378616333008,200900
2010-07-07,24.616751893612626,24.896841839172897,24.293092664781636,24.871944427490234,263500
2010-07-08,25.319123884131237,25.43879051786659,25.067191346933217,25.312824249267578,237200
2010-07-09,25.155371412710753,25.55846402323165,25.155371412710753,25.514373779296875,138100
2010-07-12,25.470281421738864,25.98044372713744,25.218351287767025,25.8985652923584,179100
2010-07-13,26.2323762158945,26.446518150813887,25.948952713411973,26.389833450317383,257600
2010-07-14,26.226088041593005,26.503214432947008,26.068630738362874,26.40873908996582,147900
2010-07-15,26.452816746866482,26.717343761083857,26.181990097487635,26.44021987915039,192500
2010-07-16,26.339448400457886,26.427624075413643,25.6277409627898,25.785198211669922,240200
2010-07-19,25.77889828196402,26.427621310648767,25.77889828196402,26.383533477783203,138400
2010-07-20,25.98045176648849,26.616578134411586,25.89227607218306,26.591386795043945,166400
2010-07-21,26.767727375280472,26.981869290386978,26.213477288662492,26.34574317932129,168800
2010-07-22,26.704748063314334,27.07004759979179,26.427621791565844,26.91888999938965,175600
2010-07-23,26.786621821293306,27.498329137024403,26.692148929715465,27.26529312133789,174800
2010-07-26,27.252708689630587,27.901431971023953,27.070057652261006,27.49204444885254,175400
2010-07-27,27.586506999183612,28.323408105873696,27.586506999183612,28.184844970703125,179900
2010-07-28,28.22893407514034,28.336006248758487,27.92031922713741,27.983301162719727,169600
2010-07-29,28.2541256523608,28.310810351098034,27.725069265015502,27.90142059326172,182000
2010-07-30,27.158221655919707,28.266721871936525,27.158221655919707,27.932910919189453,178700
2010-08-02,28.30451404804266,28.42418309424395,27.72507252839807,28.22893524169922,154100
2010-08-03,28.26672988576387,28.820977748299057,27.964412214579053,28.17225456237793,159800
2010-08-04,28.172251419655215,28.203742389735165,24.909736945146754,25.010509490966797,788900
2010-08-05,24.941226207137216,25.136474052432646,23.97129142102253,23.977588653564453,576200
2010-08-06,23.895703924132626,23.895703924132626,22.98875131262748,23.794931411743164,649600
2010-08-09,23.920908091438623,24.31770108326406,23.776047691827774,23.9838924407959,257700
2010-08-10,23.750854228148455,24.015383693309207,23.341466764300385,23.55560874938965,206800
2010-08-11,23.121021492318814,23.366654412366113,22.736825426559946,22.831300735473633,284400
2010-08-12,22.699040026910502,23.30367535129125,22.365228989456945,23.133621215820312,180800
2010-08-13,23.139918964569546,23.30367345058876,22.774616984254898,22.900583267211914,249500
2010-08-16,22.83129833536241,23.196600261979402,22.72422857228225,23.158809661865234,221000
2010-08-17,23.410741729873877,23.54930487251188,22.988757471995388,23.297374725341797,217000
2010-08-18,23.297378462829528,23.977592612179816,23.083236481947406,23.624887466430664,319500
2010-08-19,23.555610406109217,23.650083333976823,22.91318440565815,23.177711486816406,218700
2010-08-20,23.051743399666577,23.284781889474484,22.83760141605843,23.240694046020508,157400
2010-08-23,23.417042864989373,23.536709512364684,22.87538953009911,22.900583267211914,177400
2010-08-24,22.724233595193663,23.00135751613242,22.535282955464268,22.818706512451172,172600
2010-08-25,22.636049786027936,23.215493622998522,22.459698462979166,23.171405792236328,198000
2010-08-26,23.17770875254812,23.51781701900693,22.995057749900926,23.032848358154297,159000
2010-08-27,23.25328115149119,23.347756444757827,22.680136965436308,22.969860076904297,140400
2010-08-30,22.944673185932437,23.454835596984584,22.85019786449815,23.215499877929688,220800
2010-08-31,23.12102149267111,23.30367247518334,22.428210569316533,22.459701538085938,292100
2010-09-01,22.793510029572158,23.87681664915404,22.680140620424897,23.78864097595215,260300
2010-09-02,23.593395230508843,23.964994459720693,23.511519185294468,23.870521545410156,177100
2010-09-03,24.072063314509485,24.141344883647246,23.631182567583817,23.776042938232422,386500
2010-09-07,23.74455632085806,23.85162610906169,22.673846425785626,22.780916213989258,400400
2010-09-08,22.818705807011742,23.19030503632722,22.27075521551506,22.32114028930664,731800
2010-09-09,22.37783001420583,23.341470294138663,22.358935907625387,23.31627655029297,310800
2010-09-10,23.44223288458485,23.99648059753077,23.44223288458485,23.66267204284668,225500
2010-09-13,23.920904789965654,24.248416153599834,23.744553441319148,24.12244987487793,402000
2010-09-14,24.034273034634218,24.374381249902378,23.81383385951975,24.109851837158203,162500
2010-09-15,23.996482224374056,24.305099469469976,23.845324620634383,23.933500289916992,187600
2010-09-16,23.96499960785562,24.13505377327397,23.631190914223836,24.05947494506836,121600
2010-09-17,24.298804255898226,24.506646578960254,23.807535996410994,24.32399559020996,229400
2010-09-20,24.44996377911967,24.676702623858255,24.29250651500756,24.601123809814453,239400
2010-09-21,24.651513234042792,25.054603516866617,24.538143791672642,24.897146224975586,191200
2010-09-22,24.727089007463196,24.997915708275514,24.462561943008733,24.884546279907227,284600
2010-09-23,24.66410319398077,25.142772170042722,24.462558109048686,25.00421142578125,218400
2010-09-24,25.17427184720739,25.18686871849671,24.664109371723715,24.90974235534668,197200
2010-09-27,24.972725878637224,24.972725878637224,24.519248137780952,24.903444290161133,184400
2010-09-28,24.890840659693946,25.23724610539373,24.512941844070436,25.186861038208008,137000
2010-09-29,25.136476423181605,25.489181543965806,24.972721932971805,25.117582321166992,153200
2010-09-30,25.155377791577926,25.564767739269403,24.884551038971154,25.249853134155273,245900
2010-10-01,25.426200126741342,25.67813272810602,25.199461266034604,25.438796997070312,219300
2010-10-04,25.438791707695717,25.583652082447664,25.268737597524257,25.463985443115234,263400
2010-10-05,25.66553818338211,25.760013518106298,25.388414218856095,25.602556228637695,302000
2010-10-06,25.621445318937344,25.898569229214143,25.621445318937344,25.68442726135254,315800
2010-10-07,25.754519533429804,25.799123858888798,25.09823242599517,25.34035873413086,184800
2010-10-08,25.295752252022933,25.58885105941238,25.123715361436815,25.423187255859375,152600
2010-10-11,25.404070425380564,25.601594802858077,25.353097882218307,25.423187255859375,234500
2010-10-12,25.448673360532457,25.722657779350886,25.40407147194533,25.442302703857422,230200
2010-10-13,25.512389055469445,26.124074109813762,25.46778717217061,25.8182315826416,398400
2010-10-14,25.875575859424487,26.117702092295602,25.875575859424487,26.022125244140625,168600
2010-10-15,26.136822123920815,26.5191247377122,25.971155875489337,26.028501510620117,225000
2010-10-18,26.041237383378245,26.748499192658812,26.041237383378245,26.525489807128906,243900
2010-10-19,26.283368700512625,26.506378129359693,25.760887383824798,25.932924270629883,164300
2010-10-20,26.060363569740854,26.50001184367259,26.009388588671207,26.206912994384766,129100
2010-10-21,26.232384157094298,26.652920236267644,25.95840228616618,26.187782287597656,254000
2010-10-22,26.20690613581406,26.33434112451647,26.07309806083539,26.124073028564453,98100
2010-10-25,26.283373490158944,26.366206620519968,25.920185250926423,26.162311553955078,148200
2010-10-26,26.034873997540153,26.62744473667987,26.034873997540153,26.35346031188965,123900
2010-10-27,26.194171662003097,26.23240047070591,25.83735405350983,26.09222412109375,115500
2010-10-28,26.257887490659748,26.59559068871926,26.19417119022191,26.455411911010742,114000
2010-10-29,26.353455944130566,26.646554721405646,26.315224717721534,26.404428482055664,200100
2010-11-01,26.512761086409416,26.723026850368495,25.983906485946832,26.04125213623047,332100
2010-11-02,26.27061624279686,26.86955738917574,26.27061624279686,26.844072341918945,162900
2010-11-03,26.844072341918945,27.2709766585612,26.62106055642939,26.844072341918945,159700
2010-11-04,27.15629875606854,27.36656690573446,26.97152052739891,27.309221267700195,204900
2010-11-05,27.29647568739598,27.933648320219767,27.04160566201818,27.557716369628906,172900
2010-11-08,27.544969528296306,27.8062101811568,27.37293264510226,27.61505889892578,122900
2010-11-09,27.653290940762343,27.65966159708852,27.37930653694724,27.46213722229004,123800
2010-11-10,27.398419645762573,27.411163388435046,27.175410225545217,27.270984649658203,136000
2010-11-11,27.054345781629582,27.239126403740688,26.97151510050698,27.02248764038086,118200
2010-11-12,26.831344001047228,26.990637183261356,26.48727014411565,26.633819580078125,180900
2010-11-15,26.703901127435532,26.76124675341767,26.47451862350698,26.595582962036133,149600
2010-11-16,26.429922460012268,26.53186999153068,25.926555459743476,26.206912994384766,205500
2010-11-17,26.213286791784306,26.54461691656423,26.117712336761223,26.398067474365234,110900
2010-11-18,26.608325624778914,26.799479341504114,26.563723739041826,26.646556854248047,190000
2010-11-19,26.57646878596787,26.882311344863336,26.45540686597402,26.582841873168945,130400
2010-11-22,26.480892181396484,26.550979120515127,26.155932818173742,26.480892181396484,128900
2010-11-23,26.245143180696697,26.52550073009159,25.90744242051213,26.506383895874023,179500
2010-11-24,26.621064296833655,27.411159207678978,26.53186054235209,27.379301071166992,200300
2010-11-26,27.24549989564449,27.51311365735368,27.207271094415052,27.50674057006836,66400
2010-11-29,27.411173495845553,27.411173495845553,26.640195009528295,27.290111541748047,132900
2010-11-30,27.060720612387478,27.060720612387478,25.977526725773586,26.066730499267578,286600
2010-12-01,26.398069785842143,26.398069785842143,25.837357030915623,26.04125213623047,253400
2010-12-02,26.03487349996553,26.03487349996553,24.231673828511937,24.913448333740234,986300
2010-12-03,24.894328522396517,25.01539041820002,24.059631701146802,24.295387268066406,627900
2010-12-06,24.295389368840755,24.684065002949627,24.053263125677464,24.078750610351562,482600
2010-12-07,24.250784304719257,24.63945745722112,23.314140026089188,23.60723876953125,1921700
2010-12-08,23.581756582017363,24.98353677182369,23.581756582017363,24.887962341308594,525100
2010-12-09,25.08548836537427,25.435932862111944,24.722300123039833,25.174692153930664,269600
2010-12-10,25.321232433184978,26.104954199320513,25.25751373434073,26.060352325439453,304900
2010-12-13,26.181426344458025,26.181426344458025,25.684432416176374,25.73540496826172,241900
2010-12-14,25.811865011700213,25.932929380317198,25.716290565057335,25.73540496826172,330800
2010-12-15,25.741777229918206,26.302487437959034,25.66531475831374,26.206912994384766,306000
2010-12-16,26.17505051056442,26.76124811203498,26.130446194206858,26.646556854248047,221100
2010-12-17,26.646560412766632,26.761251685870025,26.13682277154089,26.544612884521484,879400
2010-12-20,26.66566728344723,26.72938598974211,26.410799750128067,26.4681453704834,192800
2010-12-21,26.480896703292697,26.60832929117463,26.43629481140986,26.53824234008789,133100
2010-12-22,26.63381892463343,26.63381892463343,26.334349402262987,26.506383895874023,129500
2010-12-23,26.59558218348055,26.754875314254434,26.404428482055664,26.404428482055664,122900
2010-12-27,26.378948099217457,26.493639368132197,26.2833712315816,26.385318756103516,112300
2010-12-28,26.461781273225387,26.5828456409994,26.206913653331405,26.334348678588867,102400
2010-12-29,26.423547425562614,26.8440812272412,26.40443059551781,26.646556854248047,134600
2010-12-30,26.557343412706505,26.703892759712552,26.143180418101014,26.187782287597656,174200
2010-12-31,26.11133181370754,26.283368700512625,25.932924270629886,25.932924270629883,175100
2011-01-03,26.104960597660256,26.143189395716874,25.678053717938088,25.983896255493164,251900
2011-01-04,26.1113357690032,26.327974574393735,25.384959312876365,25.40407371520996,475000
2011-01-05,25.448680877685547,25.741782214348014,25.384964569631858,25.448680877685547,291100
2011-01-06,25.397080533426927,25.822729817889403,25.31968796520671,25.732440948486328,338100
2011-01-07,25.803381411285923,25.822730784158605,25.05527044514027,25.222951889038086,589100
2011-01-10,25.17135811007491,25.37773338974332,25.0423754054227,25.210054397583008,265100
2011-01-11,25.26808859616069,25.609897070045804,25.210045415672038,25.31968116760254,215100
2011-01-12,25.4809196751147,25.635702356732082,25.197154295701306,25.364835739135742,185700
2011-01-13,25.319697383389514,25.435783818713396,25.003686222931893,25.023033142089844,167900
2011-01-14,24.990775340642685,25.164904909206367,24.958529670950206,25.152006149291992,208900
2011-01-18,25.1004188103979,25.30034596012762,24.93273980044124,25.087522506713867,229500
2011-01-19,25.0359238993969,25.229400409648555,24.590927679799353,24.629621505737305,165900
2011-01-20,24.578021925607853,24.855339080143864,24.571571316328445,24.82309341430664,384100
2011-01-21,24.92628363853972,24.977876217259553,24.526429467573397,24.58447265625,266400
2011-01-24,24.68765819673194,25.016570391621315,24.668311288863155,24.964975357055664,206000
2011-01-25,24.926285266271723,25.222949378797356,24.816647031528845,25.177804946899414,165300
2011-01-26,25.268098195180208,25.622805561721098,25.222953755448867,25.255199432373047,156200
2011-01-27,25.280990025242595,25.448668975378613,25.177802411269635,25.20359992980957,184700
2011-01-28,25.268094889666585,25.30034056237246,24.474839532203806,24.50063705444336,200100
2011-01-31,24.578023954042248,24.945629987335806,24.423241300988053,24.436140060424805,270100
2011-02-01,24.655413931391468,25.15200509646721,24.578023835331564,24.752153396606445,285300
2011-02-02,24.603823499581488,24.945632042156994,24.332954449471327,24.339405059814453,315900
2011-02-03,24.41034242365051,24.894034829351803,24.30070665924788,24.752153396606445,286000
2011-02-04,24.861791329005396,25.04237151580784,24.32005568897208,24.339405059814453,286900
2011-02-07,24.33941513249819,24.474848483507838,24.13948795230202,24.416805267333984,568100
2011-02-08,24.500637654302455,24.681215394026225,24.18462414959867,24.5457820892334,316700
2011-02-09,24.681215572952876,25.829178286982756,24.681215572952876,25.248748779296875,632300
2011-02-10,25.293888372972297,26.21612873418216,25.293888372972297,26.02910041809082,480800
2011-02-11,25.925921953685272,26.525700930583177,25.925921953685272,26.48055648803711,198200
2011-02-14,26.545041937491984,26.803012231925404,26.35156544676045,26.68047523498535,303400
2011-02-15,26.499907064286237,26.841715736551908,26.499907064286237,26.65468978881836,190500
2011-02-16,26.815911676301035,26.873952410831812,26.609533959380745,26.699825286865234,105300
2011-02-17,26.590177484892056,27.01582660634576,26.590177484892056,26.97713279724121,109100
2011-02-18,26.957798684587807,27.048087570496726,26.725625857857665,26.899755477905273,154400
2011-02-22,26.72562680747855,27.035189767388992,26.56439594543013,26.570846557617188,144100
2011-02-23,26.622434733181894,26.796564330500285,26.416059460846167,26.525697708129883,150000
2011-02-24,26.63533170585546,26.803013140980408,26.190335516061666,26.241928100585938,250500
2011-02-25,26.30642462000069,26.90620354560918,26.30642462000069,26.88685417175293,217400
2011-02-28,26.92554343929532,27.241556887891377,26.87394840271362,26.970687866210938,231500
2011-03-01,27.041637791102822,27.235114315003468,26.396714404642342,26.519248962402344,310300
2011-03-02,26.5643881055493,27.222210123788024,26.47409924307894,26.951343536376953,335500
2011-03-03,27.222211800912714,27.505979626372955,27.048082215340422,27.254457473754883,348000
2011-03-04,27.177065630458053,27.222210061590086,26.977140995498196,27.05453109741211,234200
2011-03-07,27.035183659367657,27.51242798569043,26.628883750135564,26.944894790649414,1082200
2011-03-08,26.925551607607527,27.235114540448542,26.44185906375829,27.048086166381836,529400
2011-03-09,27.05452866395501,27.119019999718013,26.590183173863764,26.725616455078125,349500
2011-03-10,26.570839408505893,26.99648867138164,26.390259218670657,26.861055374145508,236000
2011-03-11,26.886856714177195,27.002943127542267,26.68048141490321,26.899755477905273,183300
2011-03-14,26.706271948519024,27.189964390808203,26.65467936730541,27.05453109741211,158900
2011-03-15,26.51925199510874,26.854612489642065,26.51925199510874,26.719179153442383,137600
2011-03-16,26.60308841659833,26.796564931227028,26.4934526270441,26.532146453857422,303900
2011-03-17,26.80301893480564,26.957799182023383,26.351572036743164,26.351572036743164,174900
2011-03-18,26.5256935399248,27.364093259567312,26.512794779907292,27.144819259643555,302600
2011-03-21,27.280255466386734,27.783297320107653,27.25445794359342,27.583370208740234,126900
2011-03-22,27.53822693271302,27.983223148780166,27.53822693271302,27.74460220336914,215800
2011-03-23,27.69945919472223,27.821993749183054,27.138376552460954,27.52532958984375,269700
2011-03-24,27.641408311974853,27.912274870835688,27.525321940981147,27.596263885498047,193400
2011-03-25,27.699453329721127,27.957421146625837,27.63495953035478,27.770395278930664,147900
2011-03-28,27.86714027682357,28.305688397492837,27.84779336156062,28.086414337158203,113100
2011-03-29,28.086409178862585,28.318581960127982,27.944527726012623,28.163799285888672,143700
2011-03-30,28.20249497959629,28.53140723290494,28.131553024561597,28.196046829223633,163200
2011-03-31,28.03481734141608,28.38307406240866,27.873586512372164,28.0799617767334,228600
2011-04-01,28.2863354336017,28.81517232599733,28.189595957598105,28.608797073364258,145200
2011-04-04,28.60234713711153,28.924808784475523,28.499159508362535,28.58945083618164,171200
2011-04-05,28.608802540409588,29.021553124550973,28.583005013853867,28.918365478515625,122400
2011-04-06,29.05379337113944,29.640673459535307,29.04089461027296,29.48589324951172,307700
2011-04-07,29.57063561177443,29.674918117772858,29.068775274691035,29.160024642944336,204000
2011-04-08,29.27081930686601,29.329478363043723,28.6907477992701,28.768959045410156,133500
2011-04-11,28.827617755143677,29.13394865442262,28.69726402228302,28.72333526611328,138300
2011-04-12,28.69073424174899,28.925370355584892,28.299673223259326,28.51475715637207,168800
2011-04-13,28.632073805057647,28.632073805057647,27.647905985572073,27.700048446655273,454300
2011-04-14,27.439356975965364,28.123713498703626,27.439356975965364,28.02594757080078,146500
2011-04-15,28.006390625922116,28.312719007859148,27.752202240069735,28.123708724975586,131600
2011-04-18,27.921659717084328,27.993354385617664,27.43935171095392,27.58926010131836,191100
2011-04-19,27.65442994086864,27.732641160074817,26.872310289937364,27.269887924194336,204700
2011-04-20,27.49800819782946,27.895585878088244,27.49800819782946,27.66094970703125,155800
2011-04-21,27.91514855496104,27.91514855496104,27.491499515032565,27.687028884887695,91100
2011-04-25,27.556664748143994,27.687018440973198,27.400242305780864,27.484970092773438,133900
2011-04-26,27.471936839792257,28.175842799896568,27.41327780259274,28.012901306152344,125100
2011-04-27,28.065046401166057,28.332270376435808,27.817374611360638,28.104150772094727,116700
2011-04-28,28.123709508252006,28.351826659270174,28.097638266338365,28.254060745239258,105100
2011-04-29,28.38439478178629,28.586443037045502,28.260560198020887,28.273595809936523,129000
2011-05-02,28.423510709523878,28.47565068757598,27.869508214196838,27.889062881469727,99000
2011-05-03,27.908622478634484,28.123706471763906,27.59577506832004,27.758716583251953,95000
2011-05-04,27.621837792388096,27.778260206179613,27.295954862984757,27.308990478515625,127000
2011-05-05,27.30247664670979,28.05200852213274,27.178642004928655,27.615324020385742,154100
2011-05-06,27.915139021893744,28.15629174615131,27.445866705466063,27.58273696899414,81000
2011-05-09,27.60881068786942,27.85648248672718,27.458904792486887,27.758716583251953,74000
2011-05-10,27.97378700166572,28.280117723925283,27.941199208854734,28.227977752685547,78900
2011-05-11,28.08460501165748,28.143264067760267,27.50453350480251,27.693546295166016,105700
2011-05-12,27.673989486478714,28.456109345484954,27.537119194882507,28.384414672851562,164000
2011-05-13,28.46262190856776,28.664670276991863,28.065046710763134,28.13022232055664,86400
2011-05-16,27.960761085005775,28.28012501772634,27.83692395957996,27.88254737854004,104800
2011-05-17,27.817365644507756,28.104141712800352,27.78477785047508,27.941200256347656,71900
2011-05-18,28.032456069032133,28.436552800827133,27.947728274618118,28.40396499633789,126900
2011-05-19,28.5929705722639,28.736359872072036,28.280123225101367,28.66466522216797,120900
2011-05-20,28.56038400120643,28.912338214256906,28.44958498207377,28.592971801757812,128000
2011-05-23,28.319232585758243,28.403962860089848,27.739161256090174,27.830408096313477,185600
2011-05-24,27.94772928331889,29.049213027067296,27.70005748493935,28.20191764831543,391300
2011-05-25,28.208429602333585,28.56038381306557,27.93468909595746,28.214948654174805,174900
2011-05-26,28.214942138303307,28.371364538311735,28.0715528663879,28.227977752685547,143400
2011-05-27,28.35183088021028,28.482184622894703,27.667476838980615,27.79783058166504,203100
2011-05-31,28.09111265108282,28.123702939007543,27.100430552676624,27.484970092773438,443100
2011-06-01,27.458910242475735,27.556673679064648,26.846248433506144,26.911426544189453,263200
2011-06-02,26.846243599071435,26.8657982719004,25.770831072508024,26.135818481445312,523100
2011-06-03,25.933769524530014,26.06412322072151,25.13861421542286,25.19727325439453,481400
2011-06-06,25.2298606501127,25.386285580278592,25.040847917996803,25.132097244262695,336600
2011-06-07,25.308079091833577,25.477537185442106,24.486852405871975,24.675865173339844,1190700
2011-06-08,24.760595562414007,25.145137665982055,24.512923744957366,24.571582794189453,378700
2011-06-09,24.714961223476195,24.943080775532447,24.53246757086283,24.604162216186523,247100
2011-06-10,24.525946689532862,24.604157885989625,24.09578137958699,24.115333557128906,282400
2011-06-13,24.232661669085942,24.27828509317662,23.93284988612145,24.076236724853516,209400
2011-06-14,24.213107125243443,24.793178449007648,24.089269997952275,24.578094482421875,309300
2011-06-15,24.42167235542367,24.42167235542367,23.867669774089016,24.160964965820312,262200
2011-06-16,24.232655720713407,24.473808401181433,24.01105522111617,24.38907814025879,259400
2011-06-17,24.473810386505885,24.721482138215087,24.17399865281512,24.28479766845703,398900
2011-06-20,24.193551744503907,24.59764842992386,24.193551744503907,24.486846923828125,151300
2011-06-21,24.545510000911186,24.64327590554556,24.376051917340536,24.617204666137695,266900
2011-06-22,24.55202293395996,24.86487278797261,24.38256487546882,24.55202293395996,168100
2011-06-23,24.389076976845207,24.41514820762229,23.926323818854303,24.356489181518555,231500
2011-06-24,24.356489181518555,24.473807233726024,24.024089691123667,24.356489181518555,553400
2011-06-27,24.408638530383744,24.643274701005257,24.22614234973917,24.245697021484375,231700
2011-06-28,24.317396403456847,24.493373565581912,24.076241133346244,24.467302322387695,217700
2011-06-29,24.565062061716457,24.64327577954013,24.30435712784155,24.382568359375,206000
2011-06-30,24.395600493243503,24.591129787284007,24.310870220852998,24.55202293395996,245000
2011-07-01,24.604161352492348,25.03432672304461,24.44773645125086,24.845314025878906,237700
2011-07-05,24.85183538942405,25.034329052613174,24.60416364203189,24.64327049255371,192500
2011-07-06,24.669345967932497,25.0278193130902,24.669345967932497,24.903982162475586,213700
2011-07-07,25.2208048483379,25.339615439236983,24.870975062868585,25.08879280090332,221800
2011-07-08,24.943576469529344,25.154794692993168,24.877569200996998,25.154794692993164,155300
2011-07-11,24.91718283433437,25.04259291433384,24.468343312970973,24.55415153503418,237000
2011-07-12,24.554144443861723,24.679554487643106,24.2637174739595,24.303321838378906,149700
2011-07-13,24.44854496209871,24.626760895367088,24.230724648797008,24.29673194885254,135000
2011-07-14,24.329731875912827,24.49474633245817,24.02610588017038,24.15151596069336,223000
2011-07-15,24.197717039573046,24.25052286823007,23.79508140878496,23.933692932128906,147700
2011-07-18,23.82808110304894,23.91388930597043,23.524455176305473,23.70267105102539,250300
2011-07-19,23.900693281726618,24.24392365349143,23.854489435327586,24.15151596069336,153800
2011-07-20,24.21092126520113,24.283528028946712,23.80828558837257,24.276926040649414,191300
2011-07-21,24.402334605432504,24.877574449529654,24.3957326182265,24.844572067260742,144000
2011-07-22,24.79177101639769,24.79177101639769,24.375933911772197,24.514545440673828,168100
2011-07-25,24.395729624528418,24.540943110196345,24.210914292165644,24.4155330657959,138200
2011-07-26,24.441933960440345,24.441933960440345,24.0921042118655,24.171310424804688,138300
2011-07-27,24.125108923248483,24.230718056684697,23.768677153681125,23.953495025634766,170200
2011-07-28,24.039301085663144,24.415536304613692,23.907291555275325,24.270322799682617,123400
2011-07-29,23.98649731116759,24.323125635790337,23.9468929420683,24.237319946289062,164800
2011-08-01,24.422136775524415,24.547546841704108,23.762079024834566,23.933692932128906,147600
2011-08-02,23.86769147144557,24.026106461446865,23.531063079833984,23.531063079833984,144500
2011-08-03,23.57066167283359,24.07890644301523,23.17462802958788,23.933692932128906,166200
2011-08-04,23.808276242099556,23.861082056065143,23.11521630027986,23.17462158203125,306900
2011-08-05,23.54425606263303,24.587148397911232,23.319838870298447,23.979896545410156,461900
2011-08-08,23.65646963083632,24.719163000876932,23.65646963083632,23.729076385498047,578100
2011-08-09,24.42214163292553,24.646561413512494,23.26704033947635,24.626760482788086,629700
2011-08-10,24.02610399135197,24.27032466282179,23.46505337245247,23.504657745361328,409100
2011-08-11,23.663066123177988,24.917176685371363,23.207627243856894,24.48813819885254,481200
2011-08-12,24.65975674847163,24.90397739912506,24.184514385755442,24.441936492919922,315900
2011-08-15,24.64654946569568,25.319808481083292,24.64654946569568,25.286806106567383,352100
2011-08-16,25.24061449179511,25.35282312302736,24.626760460679524,24.877580642700195,287000
2011-08-17,24.969984727924615,25.40562272191446,24.86437307564065,25.08879280090332,198600
2011-08-18,24.488138492859505,24.877572617970284,24.237318391745582,24.560745239257812,230900
2011-08-19,24.408936677347732,25.379222430617826,24.257123688387214,24.82477378845215,228300
2011-08-22,25.28021318630881,25.293414644433128,24.58715300126664,24.864376068115234,276900
2011-08-23,25.049197897354695,26.303306401046424,24.818176120783352,26.217500686645508,420400
2011-08-24,26.131687804011236,26.53432345565372,25.841263285116625,25.874265670776367,291300
2011-08-25,26.059078453939044,26.059078453939044,25.035989492681715,25.08879280090332,226600
2011-08-26,24.917169888221103,25.49802117606331,24.600342599739754,25.273601531982422,199800
2011-08-29,25.60364205415676,26.51451998347616,25.44522707805912,26.39571189880371,257000
2011-08-30,26.32970279815768,26.950158684105674,26.23069564808885,26.76534080505371,280800
2011-08-31,26.950157572758574,27.280186428552803,26.620128716964345,26.864349365234375,265500
2011-09-01,26.923755333702477,27.663019284162324,26.567323556224895,27.379194259643555,415600
2011-09-02,26.877556783799264,27.372600177304875,25.795062299534344,26.184494018554688,443000
2011-09-06,25.498037384139938,26.138291835006896,25.412229152114897,25.861068725585938,284600
2011-09-07,26.20429472894812,26.5211221655426,26.026078823753608,26.481517791748047,241400
2011-09-08,26.38911051681999,26.778544719167446,26.250498983252424,26.270299911499023,610300
2011-09-09,25.999665926482734,26.204284668986077,25.339608390830286,25.643234252929688,314000
2011-09-12,25.34622118120902,25.49143218877002,24.884180205702254,25.36602210998535,290300
2011-09-13,25.405627036944157,25.709253035068915,25.306617355071786,25.636646270751953,251500
2011-09-14,25.729042489974738,26.560716396625402,25.51782427956942,26.329694747924805,293600
2011-09-15,26.4815190888693,26.758744683168974,26.336308080351156,26.606931686401367,236100
2011-09-16,26.70593396316258,26.936955669135035,26.415509481336976,26.4287109375,277600
2011-09-19,26.072281810398607,26.580526593410006,25.808257696289637,26.012876510620117,177600
2011-09-20,26.105284361886387,26.323104635105338,25.702648718363292,25.72245216369629,208900
2011-09-21,25.75545445487513,25.867663067030904,24.917180785888164,24.9633846282959,225600
2011-09-22,24.38913471879874,24.738964525623405,23.946894710584427,24.521146774291992,474800
2011-09-23,24.488135339769553,24.97657905942609,24.488135339769553,24.83136558532715,274100
2011-09-26,25.02278367268331,25.286807721512062,24.474937170555567,24.936975479125977,210300
2011-09-27,25.31321436201096,25.689447087837607,25.055792235700157,25.240610122680664,285500
2011-09-28,25.313203361217322,25.333006797810686,24.402325851345637,24.42212677001953,195600
2011-09-29,24.791770137761837,24.969986033428107,24.31652774931845,24.692760467529297,295700
2011-09-30,24.37593951689873,24.527752538402584,23.577270027191886,23.669677734375,397600
2011-10-03,23.524459377129777,24.382534005812655,23.432051688829866,23.616867065429688,363900
2011-10-04,23.504653013949895,25.234003329461242,23.35284005857295,25.18120002746582,424600
2011-10-05,25.201008967714593,25.841265889302928,24.857778582838417,25.101999282836914,357500
2011-10-06,25.068567559092266,25.496404037417054,24.941554401497893,25.469663619995117,248600
2011-10-07,25.603366254018265,25.77049005796108,25.202270144598252,25.409502029418945,148400
2011-10-10,25.80391638950913,26.031204883203767,25.69027341771535,26.004467010498047,148400
2011-10-11,25.810600434263144,26.445671393000744,25.690271092603098,26.29191780090332,225600
2011-10-12,26.425614062781634,26.565999990859023,26.071312427872915,26.231752395629883,227900
2011-10-13,26.178271642825745,26.33871161111275,25.90418871583665,25.984407424926758,185400
2011-10-14,26.245120607338897,26.52588991929211,25.971037675490695,26.479095458984375,95100
2011-10-17,26.291927103766632,26.566010134502804,25.95767938091239,25.997787475585938,267300
2011-10-18,26.051261159265493,27.334770837421036,25.850710540710022,26.74649429321289,373500
2011-10-19,26.733129762934094,27.040637007242616,26.412249755708206,26.519208908081055,268300
2011-10-20,26.63285571966285,26.886884675026028,26.40556719120263,26.773239135742188,116000
2011-10-21,27.067371447927506,27.448413503384312,26.806656180940468,27.154273986816406,250200
2011-10-24,27.127538796674273,27.98321191097411,27.107482204859284,27.91636085510254,321500
2011-10-25,27.74923996875266,28.023322951480434,27.414992304445267,27.568748474121094,195200
2011-10-26,27.88293949396523,28.25061141401558,27.63559693685606,28.15702247619629,147800
2011-10-27,28.624966415410917,29.547490574905588,28.59154216291548,28.965900421142578,350800
2011-10-28,29.006018918062193,29.313526231595098,28.792100565160354,29.14640235900879,185000
2011-10-31,28.86561666603979,29.273399057425,28.598217624116497,28.624958038330078,242400
2011-11-01,27.73586904267985,28.785406381100636,27.408305248154825,27.481840133666992,260900
2011-11-02,27.755923999365613,28.310773749068186,27.669018899975903,28.110225677490234,215400
2011-11-03,28.30409107484815,29.27340976887109,28.30409107484815,29.199874877929688,174100
2011-11-04,28.939155563438344,28.939155563438344,28.130277046537863,28.604907989501953,245500
2011-11-07,28.711873252925884,28.999326432008935,27.90967839385939,28.818832397460938,137100
2011-11-08,29.026052680940285,29.4137810184158,28.344190001424955,28.9525203704834,248500
2011-11-09,28.5380550006911,29.2867713513842,27.98320539180746,28.658384323120117,321400
2011-11-10,29.079543250219455,30.05554569900574,28.93247347981629,29.854997634887695,315900
2011-11-11,30.08228660550051,30.08228660550051,29.727984934847754,29.84831428527832,194500
2011-11-14,29.701239684208133,30.04885746781948,29.206552151732506,29.941898345947266,235100
2011-11-15,29.781461413833092,30.637137025852656,29.781461413833092,30.55023193359375,270200
2011-11-16,30.316259270544982,31.171934944462382,30.2293567221066,30.5636043548584,304300
2011-11-17,30.597038495815557,31.12515053825316,30.309585234747384,30.66388702392578,202300
2011-11-18,30.784217777108015,31.01150635289353,30.229367828933608,30.383121490478516,246000
2011-11-21,30.08228241416931,30.784201827145257,29.37367662148603,30.222665786743164,376100
2011-11-22,30.262779069995005,30.322943742106602,29.948585498955904,30.11570930480957,285000
2011-11-23,29.98201156794381,30.242726862972752,29.213243544469925,29.74803924560547,254000
2011-11-25,29.614331358069137,30.122389043910825,29.42046717399517,29.46726417541504,104300
2011-11-28,30.19593231810597,30.657195720023825,30.022124657311437,30.530179977416992,252000
2011-11-29,30.597029054877567,31.058289876771642,30.403164813025104,31.03154945373535,244900
2011-11-30,31.733474007642034,31.74684422020288,31.085032724031134,31.673309326171875,578000
2011-12-01,31.653249801552164,31.887224674542658,30.50343967895879,30.5636043548584,442400
2011-12-02,29.96194663525839,30.242715870115273,27.762597404286286,28.20380401611328,1613000
2011-12-05,28.53136259874484,29.226597908298924,28.53136259874484,28.999309539794922,762900
2011-12-06,28.979274688558043,29.31352238992599,28.524697610689028,28.77872657775879,594300
2011-12-07,28.651701878092386,29.507374834379714,28.52468617044522,29.246662139892578,2946000
2011-12-08,29.099593983764805,29.353622862828537,28.504633689465752,28.731922149658203,402900
2011-12-09,28.852250893276675,29.487321802869758,28.751975599617424,29.373676300048828,310200
2011-12-12,29.086227719658993,29.219927282044026,28.691815413182024,29.099597930908203,364300
2011-12-13,29.30683048975159,29.55417300664015,28.39767658430437,28.598224639892578,479000
2011-12-14,28.43778107489053,28.705177574566882,28.130273952714877,28.163698196411133,458500
2011-12-15,28.37093917125131,28.97258595190588,28.277350238728857,28.872310638427734,383300
2011-12-16,29.059496055897736,29.64777017590676,28.912426250841683,29.574237823486328,839300
2011-12-19,29.641083708414648,30.349689692371093,29.40711135763568,29.514070510864258,285200
2011-12-20,29.98201163779319,30.64382307268885,29.881738878031886,30.5636043548584,322700
2011-12-21,30.423215336110076,31.125137334030388,30.376420876262962,30.9580135345459,202800
2011-12-22,31.165245195222173,31.165245195222173,30.436585332576872,30.697298049926758,204900
2011-12-23,30.817629752933566,31.218728429717622,30.804262092137048,31.024864196777344,188000
2011-12-27,31.024867519286833,31.439333901253367,30.877797733705346,31.312320709228516,178200
2011-12-28,31.285576712114644,31.285576712114644,30.543546587931484,30.623767852783203,280800
2011-12-29,30.844369571721476,31.105082303975237,30.670561933587944,30.998123168945312,252100
2011-12-30,31.098403103191995,31.098403103191995,30.556920967059742,30.724044799804688,172500
2012-01-03,31.205352638682655,31.740148228655766,30.917899530927137,31.004804611206055,301900
2012-01-04,30.87111564786238,31.379170994791494,30.78421053782319,31.165252685546875,332500
2012-01-05,31.07742259541496,31.14498117887491,30.232927416191725,30.908523559570312,259400
2012-01-06,30.996344071061877,31.550332564680307,30.699080192499903,31.273338317871094,220500
2012-01-09,31.448994581237187,31.50979832683196,30.949054963852895,31.18551254272461,290400
2012-01-10,31.482771336654842,31.766522985687704,31.34765420369969,31.381433486938477,258400
2012-01-11,31.354419765629572,31.496294350128643,30.77340661707719,30.901771545410156,129300
2012-01-12,30.86122887623036,31.685456911472592,30.86122887623036,31.30036735534668,241100
2012-01-13,30.98283306218678,31.30036400780962,30.476136060717597,31.138219833374023,194000
2012-01-17,31.259824140211446,31.361161983880855,30.807173524800753,31.01660919189453,166300
2012-01-18,31.07742551940865,31.07742551940865,30.624777297809995,30.915281295776367,132900
2012-01-19,31.043635670340446,31.043635670340446,30.536938687398635,30.726104736328125,111700
2012-01-20,30.773401201741,31.0098613781568,30.55045583350303,30.955812454223633,102700
2012-01-23,30.98959719646482,31.1990329477694,30.563973442967608,30.901771545410156,71900
2012-01-24,30.79367165608021,30.840963177182655,30.34777575335211,30.800426483154297,125900
2012-01-25,30.827453957884224,31.63816987730136,30.73962573417203,31.557096481323242,138500
2012-01-26,31.64492616086969,31.982724261401092,31.38144405480639,31.462514877319336,165900
2012-01-27,31.367933824180387,31.40847052662238,30.976086765493232,31.280105590820312,97900
2012-01-30,31.023375186903053,31.090936350867974,30.813942021599015,30.962574005126953,151300
2012-01-31,31.15174773277726,31.15174773277726,29.955941898526724,30.320764541625977,341100
2012-02-01,30.557217569442468,31.64492792618273,30.52343827294394,31.496295928955078,232600
2012-02-02,31.489537209333125,31.881381639246527,31.340905230472107,31.67870330810547,132600
2012-02-03,32.09080826670965,32.09080826670965,31.705718773684662,31.847593307495117,131900
2012-02-06,31.665190074679916,31.94894179106277,31.46251174994629,31.671947479248047,77900
2012-02-07,31.692207100979,31.982713576558684,30.996344071061877,31.273338317871094,369600
2012-02-08,31.442245580513198,32.942067287745914,31.381441823652764,32.644805908203125,419800
2012-02-09,32.86775861988885,33.06367957387855,32.50969085460733,32.83397674560547,212700
2012-02-10,32.54346138489866,32.54346138489866,31.719235933762477,32.077301025390625,189100
2012-02-13,32.347546864857,32.469154387360575,31.698972552439592,32.13811111450195,117800
2012-02-14,32.11108516877534,32.138109634130196,31.48953792878281,31.631412506103516,227800
2012-02-15,31.827332278914557,31.915160492412994,31.388193788616945,31.523313522338867,181300
2012-02-16,31.597625517678193,32.25295446836201,31.597625517678193,31.996227264404297,105200
2012-02-17,32.03675978723635,32.03675978723635,31.455749415578158,31.867860794067383,219600
2012-02-21,32.030008363581345,32.516438340276835,31.93542532971153,32.10432434082031,168400
2012-02-22,32.15837279926486,32.19215466546393,31.58411715460442,31.88813591003418,159500
2012-02-23,31.969204383069332,32.55697221582184,31.753013856604174,32.502925872802734,201700
2012-02-24,32.45564127131437,32.45564127131437,32.151622473324295,32.219181060791016,99200
2012-02-27,32.063801862599234,32.131363043305775,31.847611238729357,31.948951721191406,256500
2012-02-28,32.03676760499725,32.07054947362994,31.563852370476457,31.834089279174805,178000
2012-02-29,32.009744353855744,32.13810668672684,31.036884307861328,31.036884307861328,321300
2012-03-01,31.219300771043123,31.671951579503357,31.036889482009453,31.124717712402344,213000
2012-03-02,31.15849257993389,31.15849257993389,30.408580468434455,30.61126136779785,232300
2012-03-05,30.536943846485045,30.847717429999967,30.34777518840219,30.81393814086914,254000
2012-03-06,30.530187195273655,31.043641680625424,30.530187195273655,30.84096336364746,231300
2012-03-07,30.888251402378337,31.03012595054706,30.543695982889343,30.969322204589844,138800
2012-03-08,31.151740759692885,31.374686162440753,30.867989019510667,31.293615341186523,155000
2012-03-09,31.361165339976232,31.8273282332011,31.19226633859197,31.482772827148438,127700
2012-03-12,31.489531945151736,31.90164594332151,31.232804727453544,31.320632934570312,121400
2012-03-13,31.563855279257158,31.719242095947262,31.219299774131077,31.719242095947266,127900
2012-03-14,31.651677179948948,31.739505397132454,31.165249726213037,31.20578384399414,141100
2012-03-15,31.239573102164787,31.300376870415615,30.928796854885398,31.22606086730957,109600
2012-03-16,31.293607761258787,31.408460425978067,30.800422970862627,31.367923736572266,468000
2012-03-19,31.388187270617067,31.753009702749694,31.23955791386209,31.421966552734375,170100
2012-03-20,31.21929079734007,31.611137717604784,31.212535971250162,31.482772827148438,166500
2012-03-21,31.611134317139037,31.611134317139037,31.199020385742188,31.199020385742188,143300
2012-03-22,31.07742763993577,31.2057900002235,30.78692104495206,31.030136108398438,136000
2012-03-23,31.077409878908597,31.415207812374994,30.759878996748196,31.4084529876709,156100
2012-03-26,31.577364711826863,32.02325806105804,31.536828015644122,31.725994110107422,220000
2012-03-27,31.793540434396014,31.894878261772853,31.415205844819265,31.51654624938965,151900
2012-03-28,31.577366694479124,31.753020567910315,31.41522247676233,31.5435848236084,131500
2012-03-29,31.347658010185057,31.7935513037857,31.185513822878264,31.638164520263672,165100
2012-03-30,31.874619747413153,31.874619747413153,31.421969083562335,31.482772827148438,179200
2012-04-02,31.604386744986318,32.313764756895466,31.590874512862886,32.023258209228516,383600
2012-04-03,31.915163508765705,31.982722093414456,31.536828734026212,31.67870330810547,269900
2012-04-04,31.603610829432192,31.740157516676,31.47389030456543,31.47389030456543,125400
2012-04-05,31.391955434636753,31.426091446754995,30.927698377478478,31.09838104248047,167800
2012-04-09,30.716051342270415,30.886733995061757,30.45661298079261,30.722877502441406,173200
2012-04-10,30.757018379564496,30.78432823339157,30.33372606288888,30.613645553588867,246400
2012-04-11,30.791152085991893,30.859426715440502,30.61364325824714,30.84577178955078,132400
2012-04-12,30.907217049147516,31.15982666213801,30.606816498683433,30.927698135375977,187900
2012-04-13,30.80480058733004,31.023274147179805,30.48391901128147,30.559017181396484,171700
2012-04-16,30.750193496083185,30.777503351045073,30.429309211308805,30.675092697143555,146200
2012-04-17,30.791154867867697,31.11203914423992,30.654610805455814,30.975492477416992,134200
2012-04-18,30.886736420186743,31.200791900922873,30.661434050695085,31.084726333618164,172500
2012-04-19,31.166658816816803,31.412439691521577,30.71605663990815,31.118867874145508,219600
2012-04-20,31.398785266910732,31.665049816658097,31.269064770277286,31.337339401245117,190500
2012-04-23,31.050597060961984,31.125697867093574,30.722886583269805,30.934534072875977,116500
2012-04-24,30.859427585475068,31.05742010984191,30.66143506110823,30.791152954101562,397000
2012-04-25,31.030108801947907,31.248582403274717,30.845771212501393,31.112035751342773,169900
2012-04-26,31.146172007308298,31.59677413912745,30.948182095086676,31.446575164794922,119700
2012-04-27,31.542162990407306,31.665054740849268,31.269069632889334,31.617263793945312,174700
2012-04-30,31.6309122918466,31.6309122918466,31.139345390011993,31.289546966552734,134000
2012-05-01,31.330508916464133,31.63773822793086,31.11886408310651,31.139345169067383,140500
2012-05-02,31.064248383672794,31.193966285489157,30.975492659055774,31.105213165283203,123000
2012-05-03,31.132520870841244,31.166659491555002,30.72970962788328,30.914047241210938,146000
2012-05-04,30.81162935105612,30.995966905506286,30.28592653378941,30.559017181396484,327800
2012-05-07,30.524894022452226,30.99597995021897,30.347385157023222,30.934534072875977,199000
2012-05-08,30.82528681923158,31.323679831565027,30.811631895062245,31.269060134887695,272500
2012-05-09,31.091554039801633,31.378299659122174,31.050589263722678,31.173480987548828,226000
2012-05-10,31.337341499046005,31.350993821742623,31.023283384391878,31.118867874145508,170300
2012-05-11,31.03011087105155,31.04376579759634,30.62047088794071,30.709226608276367,154000
2012-05-14,30.586336970722982,30.736538568602242,30.244971596932746,30.675092697143555,130700
2012-05-15,30.825288677884256,30.825288677884256,30.2313111605508,30.436132431030273,158000
2012-05-16,30.4839280891691,30.845774542098543,30.340552656738208,30.586336135864258,106000
2012-05-17,30.65460769942188,30.68874371156607,30.265451431274414,30.265451431274414,95700
2012-05-18,30.217658322440833,30.48392547157089,30.08111427190541,30.238142013549805,165000
2012-05-21,30.279105900528638,30.31324451950532,30.11525198884883,30.272279739379883,136900
2012-05-22,30.292753464215856,30.477091023358387,30.190345445410227,30.442955017089844,340500
2012-05-23,30.5521905666636,30.620462576445124,29.97187067028995,30.565845489501953,446000
2012-05-24,30.559018260082045,31.364640517119113,30.442955316744506,31.241748809814453,200600
2012-05-25,31.269057093418212,31.398777558204014,31.016447531882527,31.15299415588379,148300
2012-05-29,31.30319887184945,31.30319887184945,30.750188719042487,31.173480987548828,116400
2012-05-30,31.05741943077331,31.098381604290893,30.620469612769405,30.64777946472168,124600
2012-05-31,30.66142896195998,31.030104084807686,30.57267326103508,30.838937759399414,154500
2012-06-01,30.791151524330882,30.791151524330882,30.10842086876336,30.115249633789062,348200
2012-06-04,30.122079589177872,30.15621560537454,29.978706758505194,30.094772338867188,273800
2012-06-05,30.012840483389827,30.38834184170798,29.74657593120806,30.163042068481445,350100
2012-06-06,30.27909854082637,30.470264863868813,30.21765268777886,30.442955017089844,152000
2012-06-07,30.613637682933785,30.975484037674605,30.55219182982588,30.6068115234375,184700
2012-06-08,30.593160764173586,31.248581550262582,30.483923966492085,31.023279190063477,147700
2012-06-11,31.200796561736457,31.92448950767709,31.13935068855176,31.357824325561523,378300
2012-06-12,31.371468765162195,31.439740777248517,30.784320085342706,31.064239501953125,274400
2012-06-13,31.098376019429132,31.699179632428553,31.07106617238135,31.241748809814453,186800
2012-06-14,31.282718248531,31.54215662537875,31.18030760902483,31.330509185791016,275500
2012-06-15,31.269057523347183,31.42608523156408,31.125684738159183,31.12568473815918,252400
2012-06-18,31.132518112752496,31.43974744108056,31.0779010123891,31.337339401245117,177100
2012-06-19,31.398777223778644,31.979097114090287,31.37146737838722,31.828895568847656,172800
2012-06-20,31.815247355035236,31.979103857526006,31.6309123707979,31.67870330810547,113200
2012-06-21,31.746971534619096,31.849382161978816,31.385125165592843,31.699180603027344,153600
2012-06-22,31.781114535437712,31.781114535437712,31.610431855221172,31.74015235900879,171000
2012-06-25,31.61042256253968,31.794760115512187,31.38512284518011,31.583112716674805,110200
2012-06-26,31.54215514017699,31.610427160359265,31.20078983044436,31.303197860717773,217600
2012-06-27,31.303206079612053,31.501198636299975,31.25541513205446,31.385135650634766,130800
2012-06-28,31.3032090416864,31.70602035522461,30.927707587739967,31.70602035522461,161100
2012-06-29,31.849388304496472,31.985932361429594,31.61725976153485,31.63091468811035,191200
2012-07-02,31.624088307593993,32.12248144533757,31.610433379988688,32.01324462890625,270000
2012-07-03,32.07467439443714,32.177084997845284,31.944956553942013,32.08832931518555,233200
2012-07-05,32.0331516732781,32.40571103397377,32.0331516732781,32.27462387084961,145300
2012-07-06,32.164223819682164,32.28151215037602,32.15042503772709,32.157325744628906,91000
2012-07-09,32.25392673252206,32.274623597324336,32.02625069229883,32.05384826660156,115700
2012-07-10,32.11593489319292,32.247022028268375,32.05384167969639,32.17802810668945,141000
2012-07-11,32.21253658344323,32.343623770737366,32.15044334521181,32.25393295288086,119800
2012-07-12,32.21941225382967,32.25390788562651,31.839955040368366,32.00553512573242,105600
2012-07-13,32.06763489760067,32.2539145057552,32.03313925872358,32.15042495727539,100500
2012-07-16,32.122840371631995,32.219429244337285,31.908963130749303,31.922761917114258,89200
2012-07-17,31.977950388058375,32.081439956787634,31.708880667581166,31.94345474243164,87700
2012-07-18,31.950360293111675,32.03315038153344,31.846870708697377,31.92966079711914,85100
2012-07-19,31.943459515892307,32.38501016233523,31.68128783262328,31.96415901184082,151800
2012-07-20,31.94344958768227,32.30911074149588,31.908953947622138,32.14352798461914,134500
2012-07-23,31.94345440953861,31.977950054805856,31.49500575736638,31.584693908691406,119100
2012-07-24,31.667493579969168,31.667493579969168,31.018963726182463,31.170747756958008,132200
2012-07-25,31.163843377990553,31.163843377990553,30.28764284490518,30.494619369506836,307600
2012-07-26,30.667094241172826,30.894767584104933,30.294534990721612,30.3773250579834,263800
2012-07-27,30.42562365355401,31.253532335197132,30.42562365355401,31.15004539489746,269800
2012-07-30,31.10864575372398,31.350117887432816,31.03965446747828,31.212135314941406,124500
2012-07-31,31.177634597839333,31.743371522656563,31.177634597839333,31.419109344482422,170100
2012-08-01,31.522598290550544,31.577793424248167,30.846473693847656,30.846473693847656,173800
2012-08-02,30.83957326649581,30.943060186514575,30.480812820363784,30.52220916748047,129900
2012-08-03,30.53601517842046,31.281133876036023,30.53601517842046,31.26043701171875,159900
2012-08-06,31.232831596490772,31.591592068397187,31.232831596490772,31.281126022338867,97700
2012-08-07,31.329419812124314,31.426008661859512,31.184536537521517,31.384614944458008,186300
2012-08-08,31.39151998081301,32.06764471073168,31.322528681946565,31.998653411865234,191500
2012-08-09,32.04694536084645,32.28841751999198,32.012449714089826,32.20562744140625,148200
2012-08-10,32.17112867127986,32.44019837444742,32.12973232008144,32.37810516357422,146000
2012-08-13,32.378118015794016,32.45401004052472,32.012459313200566,32.31602478027344,198100
2012-08-14,32.419515798781326,32.49540519497524,32.19183971464944,32.25393295288086,122900
2012-08-15,32.17803674523414,32.35741835764728,32.17113866714888,32.302223205566406,111600
2012-08-16,32.357408320105385,32.92314529418945,32.28151632546137,32.92314529418945,116700
2012-08-17,32.88866131646927,33.49579490570921,32.785174341206236,33.42680358886719,111900
2012-08-20,33.51647729795182,33.51647729795182,33.11632049534569,33.26120376586914,173400
2012-08-21,33.48198119183045,33.77175038347632,33.27500470171131,33.37849426269531,197000
2012-08-22,33.399192858883154,33.40609093511131,32.22632251142128,32.5850830078125,221300
2012-08-23,32.66787240088861,33.19221566616557,32.516091040391764,32.9576416015625,237600
2012-08-24,32.98523770663899,33.14391976803131,32.688570443038486,33.01283264160156,159300
2012-08-27,33.06112190501896,33.18530830442942,32.87484493775169,32.9438362121582,62200
2012-08-28,32.99214238089039,33.42679493363018,32.93004915907043,33.302608489990234,127000
2012-08-29,33.38539195273535,33.73725435053544,33.20601303186485,33.28880310058594,113600
2012-08-30,33.18532782267089,33.22672419077149,32.86106548402444,32.8886604309082,59700
2012-08-31,33.150820023612546,33.25430959003575,32.72306823730469,32.72306823730469,94400
2012-09-04,32.88865785679227,33.48889330394709,32.805867758920826,33.371604919433594,129200
2012-09-05,33.50957806810288,33.688959619196794,33.25430715661411,33.613067626953125,270700
2012-09-06,33.77175682329717,34.158112310032664,33.66826724257909,33.92353820800781,177200
2012-09-07,34.10292041762926,34.10292041762926,33.14392712867372,33.3440055847168,160000
2012-09-10,33.46128572121476,33.52337893401262,33.2336097303396,33.316402435302734,88700
2012-09-11,33.39919597086695,33.66136763339791,33.14392501705613,33.502685546875,349300
2012-09-12,33.675172319908576,33.86835008833506,33.219822843010625,33.475093841552734,208200
2012-09-13,33.557879663294734,34.10981795410234,33.44059392793222,33.79245376586914,233700
2012-09-14,33.99252456435044,33.99252456435044,33.39919004839499,33.52337646484375,178100
2012-09-17,33.55787622329243,33.80624908665761,33.48888493095726,33.606170654296875,128700
2012-09-18,33.64066662090503,33.99942713453328,33.64066662090503,33.96493148803711,138700
2012-09-19,33.916631822810956,34.18570150854903,33.87523547429405,34.158103942871094,127000
2012-09-20,34.15810575887637,34.93771992370933,34.15810575887637,34.86872863769531,131800
2012-09-21,35.213698031733045,35.62075302466479,34.95842442759234,35.00672149658203,313200
2012-09-24,35.04121641058049,35.14470336005603,34.7376483756804,34.96532440185547,143700
2012-09-25,35.00672010083349,35.020516255023985,34.61346127832187,34.792842864990234,185700
2012-09-26,34.69624473425581,35.48275690566307,34.22019595441032,35.17919158935547,203100
2012-09-27,35.22059315849196,35.3654764577751,34.93082655992567,35.255088806152344,199500
2012-09-28,35.17229005337076,35.24128396352971,35.00670993268641,35.13089370727539,231900
2012-10-01,34.958431044366705,35.63455855600352,34.958431044366705,35.50347137451172,257500
2012-10-02,35.70353838912383,35.84842168137794,35.50345995781153,35.7794303894043,147600
2012-10-03,35.800130987741525,36.22788283269843,35.48966487775291,36.04850387573242,701200
2012-10-04,36.07635563704414,36.431549048497686,36.01367460306787,36.32707977294922,283100
2012-10-05,36.529059144733665,36.73799507828093,35.964929733067954,36.027610778808594,92200
2012-10-08,35.95098428425421,36.15992012462654,35.71418962336202,35.80472946166992,67400
2012-10-09,35.832605974915495,35.937072618301485,35.226690941629826,35.254547119140625,92100
2012-10-10,35.35205038234008,35.67242166297858,34.98293012686652,35.254547119140625,125800
2012-10-11,35.4495563023042,35.53313014836593,34.95507129259106,35.254547119140625,73800
2012-10-12,35.338115552312004,35.43561879324606,34.87845551879144,35.15703582763672,70500
2012-10-15,35.1222206938405,35.790816757824125,35.03168081327045,35.616703033447266,66700
2012-10-16,35.783848319616055,35.93010318979532,35.345081052314036,35.853492736816406,72400
2012-10-17,35.93708000443066,36.18084086929401,35.379916488231196,35.839576721191406,69600
2012-10-18,35.714207858673994,35.797784362906924,35.30329934487192,35.505271911621094,118200
2012-10-19,35.38687771309086,35.60974308925524,34.55809460476254,34.80881881713867,141900
2012-10-22,34.85060726748368,35.031684390348936,34.45362814791015,34.85757064819336,88200
2012-10-23,34.753099890445576,34.878461982525685,34.0775378005433,34.73220443725586,97900
2012-10-24,34.82274247439818,34.82274247439818,34.02878437106421,34.29343795776367,103900
2012-10-25,34.572020132212295,34.91328419548915,34.37004757755384,34.73220443725586,73600
2012-10-26,34.829709058500626,35.10829208663321,34.21683064743237,34.572021484375,75200
2012-10-31,32.99106251750123,34.78791714327367,32.99106251750123,34.516300201416016,171100
2012-11-01,34.65558272461751,35.79080456470422,34.21681820153552,35.365966796875,163700
2012-11-02,35.560981375645554,35.560981375645554,34.13324697723425,34.14021301269531,96500
2012-11-05,34.25164455745349,34.516298104337785,34.063601457569696,34.34914779663086,71100
2012-11-06,34.52326757905108,35.27544011140756,34.52326757905108,35.198829650878906,96300
2012-11-07,35.115250083165705,35.5122317672598,33.3601863080044,33.596981048583984,133900
2012-11-08,33.63876631659528,33.778057807981035,33.290538916513,33.47161865234375,142800
2012-11-09,33.290539518648856,33.8407394583539,32.84480886356375,33.513404846191406,91200
2012-11-12,33.49252225119335,33.74324648522091,32.80303060761756,33.14429473876953,113100
2012-11-13,32.96319814887217,33.24177840035496,32.733366851054456,32.94230270385742,102100
2012-11-14,32.928389833304635,33.422874876668914,31.765311319182175,31.995140075683594,138100
2012-11-15,31.869765805862716,32.190136986026516,31.138488904444923,31.772262573242188,142100
2012-11-16,31.64691936961917,33.26966105771224,31.472805591416844,33.24180221557617,302500
2012-11-19,33.478582031369136,33.76412839316604,33.24178729304262,33.47161865234375,170000
2012-11-20,33.42983226440357,33.5691237635248,33.200000892338906,33.48554992675781,153100
2012-11-21,33.569130324908556,33.77806628604659,33.22090283742354,33.77110290527344,89700
2012-11-23,33.91735056871975,34.39790344238281,33.77109569283503,34.39790344238281,58500
2012-11-26,34.258608029035045,34.48147333540733,33.973061689197806,34.3212890625,98100
2012-11-27,34.370053570653006,34.864538645309814,34.24469145671354,34.84364318847656,161300
2012-11-28,34.50236697551097,35.08042300336894,34.11235138142524,35.07345962524414,250600
2012-11-29,35.20579478764688,35.40080396693366,34.96203663449417,35.13615036010742,118000
2012-11-30,35.24061379614358,35.24061379614358,34.627735450599154,34.75309753417969,155400
2012-12-03,34.989894454733765,35.115253889320826,34.613808180678966,34.68345260620117,102300
2012-12-04,34.77398540467686,35.13614218853782,34.64862333884945,34.96202850341797,114400
2012-12-05,34.9968486908527,35.15006957508654,34.648621340694966,34.76701736450195,68900
2012-12-06,34.773987938485845,34.83666897596681,34.34218671181932,34.5650520324707,120000
2012-12-07,34.760066592296354,35.00382476310072,34.105399893018344,34.66256332397461,104300
2012-12-10,34.60683739219704,35.00381640804633,34.00092247170562,34.41183090209961,182400
2012-12-11,34.58595285407472,34.72524437600499,34.20290316134009,34.66256332397461,177900
2012-12-12,34.774006616308405,34.80186546054443,34.244699202886515,34.31434631347656,252600
2012-12-13,34.251649290946936,34.265578706577855,33.86859965977189,34.09146499633789,114500
2012-12-14,33.96610240875214,34.69737944956326,33.96610240875214,34.551124572753906,125100
2012-12-17,34.61380787529876,34.78095555778321,34.27950985356535,34.55809020996094,121500
2012-12-18,34.613796193683875,34.74612161905668,34.26556887313728,34.50932693481445,153700
2012-12-19,34.62774256221034,35.588848524694036,34.467558235129715,35.08043670654297,198700
2012-12-20,35.191860848377196,36.00671436105024,35.191860848377196,35.547054290771484,203200
2012-12-21,35.212751009650766,35.71419659304966,34.96202688956938,35.65848159790039,960300
2012-12-24,35.50526842584561,35.56098608986407,34.90631682146935,35.10132598876953,59200
2012-12-26,35.122212629312315,35.36597072476397,34.585942162554694,34.780948638916016,99200
2012-12-27,34.87149594587426,34.87149594587426,34.140218846583345,34.73220443725586,124600
2012-12-28,34.523276521799374,34.92722172494493,34.28648169917461,34.328269958496094,112500
2012-12-31,34.23075862826094,34.85756643011268,34.140218749402024,34.76006317138672,132900
2013-01-02,35.491336381898876,36.74495450508174,35.345081509826464,36.689239501953125,286300
2013-01-03,36.77977315746806,36.86334697642449,36.306183755441964,36.60565948486328,112600
2013-01-04,36.77978572901478,36.77978572901478,36.02761313101851,36.21565628051758,138300
2013-01-07,36.17386642210989,36.236547469159625,35.56098802513982,35.72117233276367,76200
2013-01-08,35.79776921561351,36.28528533353018,35.79776921561351,36.243499755859375,149700
2013-01-09,36.3897587580246,36.42458096232543,36.08331964070781,36.368865966796875,178600
2013-01-10,36.45325134659522,36.75562227941828,36.03837048638091,36.37590026855469,145600
2013-01-11,36.49544861698624,36.49544861698624,35.96805775652371,36.41106414794922,125000
2013-01-14,36.43216016649323,36.579828957798625,36.34074500320719,36.54467010498047,72800
2013-01-15,36.49544198590438,36.7345259065047,36.150878839397265,36.61498260498047,98400
2013-01-16,36.481384095396976,36.74156283231051,36.340745997826644,36.58686065673828,160000
2013-01-17,36.783756307001184,37.191603853018044,36.720469295082346,36.980648040771484,80400
2013-01-18,37.04393158105577,37.39552546266606,36.78375285974972,37.36739730834961,97600
2013-01-22,37.47287452015406,37.78227615356445,37.33926713559751,37.78227615356445,84000
2013-01-23,37.82447092093896,37.944011554670915,37.44474888005778,37.550228118896484,122500
2013-01-24,37.69790345365763,38.14794327694963,37.30411726705266,38.105751037597656,117100
2013-01-25,38.21122522558181,38.34482994213209,37.66273959901392,37.97214126586914,90900
2013-01-28,38.07762581882363,38.429219768462076,37.45881971637425,38.39405822753906,95300
2013-01-29,38.55577906203901,38.696414442159316,38.42920507397238,38.67531967163086,152500
2013-01-30,38.59797878533232,38.73861688500122,38.09871607983393,38.28154373168945,97000
2013-01-31,38.30264783102726,38.55579591783159,37.88776684041996,38.23936080932617,133700
2013-02-01,38.52766469777309,39.09724516541405,38.330770266751905,39.00583267211914,155200
2013-02-04,38.858157980830406,38.858157980830406,38.24638532492791,38.365928649902344,138800
2013-02-05,38.59094051353023,38.73860928209898,37.98619868135561,38.077613830566406,169700
2013-02-06,38.26747683088751,38.942539123016246,38.112777346866054,38.48546600341797,233700
2013-02-07,38.569853348988545,39.36445638807465,38.45031269943117,39.357425689697266,237800
2013-02-08,39.469923599728446,39.8637069675019,39.469923599728446,39.63868713378906,106900
2013-02-11,39.65978986624184,40.00435035890584,39.45586477653143,39.76526641845703,377600
2013-02-12,39.779323793891194,39.870738936369634,38.95659555892899,39.146453857421875,178800
2013-02-13,39.118337405088766,39.66682302145128,38.85112529451151,39.07614517211914,327200
2013-02-14,39.09020993146758,39.57540854806126,38.94254113717149,38.991764068603516,145200
2013-02-15,39.09724252932628,39.34335988089635,38.87925601737556,38.942543029785156,142000
2013-02-19,39.062073972097096,39.22380681198506,38.970658825221975,39.097232818603516,303100
2013-02-20,39.09724062919419,39.505090841000815,38.94254113717149,38.991764068603516,164700
2013-02-21,39.02691847229692,39.61056556765599,39.02691847229692,39.17458724975586,125500
2013-02-22,39.36445954470174,39.765276445574905,39.20272664456424,39.73714828491211,128800
2013-02-25,39.77230097023744,39.77230097023744,38.68235778808594,38.68235778808594,137600
2013-02-26,38.893318205739455,39.11833808727119,38.68235971966095,38.991764068603516,180400
2013-02-27,38.9495740108737,39.350390864897356,38.520628999475,39.23085021972656,179900
2013-02-28,39.1675632068571,39.526187824818216,39.09724281341952,39.23085021972656,219700
2013-03-01,39.09724252932628,39.209752475560144,38.61204388915186,38.942543029785156,216900
2013-03-04,39.033951884012524,40.05357468573767,39.00582641190824,39.694950103759766,263900
2013-03-05,39.80745193562947,40.102789450963925,39.51914511627769,39.77229309082031,121700
2013-03-06,39.93403198125402,40.166082538156985,39.70197874190274,39.849647521972656,135000
2013-03-07,39.99027815808893,40.123885519180185,39.3996004653557,39.84260940551758,144000
2013-03-08,40.07466938691662,40.22233816449057,39.7582343760808,40.09576416015625,143400
2013-03-11,40.16609025300362,40.34892060078181,39.96216781002632,40.30672836303711,138700
2013-03-12,40.3418829009826,40.524713229187206,40.088734866513775,40.28562927246094,176300
2013-03-13,40.4051744472182,40.784896541565324,39.9621680195954,40.29969787597656,356400
2013-03-14,40.48251428187889,40.798949272483746,40.29968666644504,40.79191589355469,176900
2013-03-15,40.84817533746745,41.42478906139352,40.44032516654748,41.03803634643555,326500
2013-03-18,40.5247168924915,40.91850037508549,38.246387058766956,38.87925720214844,398900
2013-03-19,38.970666878680845,39.32226078129953,38.87925439536297,39.18162536621094,213100
2013-03-20,39.35039084079373,39.42071123418823,38.98473284248848,39.13240432739258,184500
2013-03-21,38.99176456858351,39.09724113052668,38.57688365373038,39.01285934448242,210400
2013-03-22,39.033953859693895,39.357422288525726,38.991764308177835,39.08317947387695,129900
2013-03-25,39.104266197373626,39.582434020715446,38.998786975406325,39.097232818603516,127400
2013-03-26,39.37148363233132,39.61056757663048,39.09723815427914,39.58243942260742,91300
2013-03-27,39.35741630635361,39.75823307952518,39.30819338210083,39.70197677612305,96600
2013-03-28,39.87074673047154,39.87074673047154,39.18162304407431,39.40664291381836,171700
2013-04-01,39.596506365238085,39.75120585866375,39.05505143212673,39.47696304321289,196800
2013-04-02,39.67385521783157,39.814493317261416,39.23787952380283,39.30116653442383,210400
2013-04-03,39.37148854251789,39.4839984901933,38.921446069367505,38.96363830566406,200300
2013-04-04,39.07716841878532,39.311334701735994,38.878483844311525,39.15522384643555,159800
2013-04-05,38.56626201698286,39.155223727925176,38.537880439911305,38.956539154052734,127700
2013-04-08,38.96364112495181,39.027504422281446,38.403063593599995,38.637229919433594,169700
2013-04-09,38.80751644795622,40.397000890511976,38.68688732191624,39.18360137939453,392400
2013-04-10,39.375199620702986,40.82276297700417,39.26875990460573,40.7588996887207,277500
2013-04-11,40.751809935242896,40.96468668649563,40.56731476578238,40.85824966430664,143000
2013-04-12,40.68084735653761,41.12788767195326,40.340241344495524,41.02854537963867,305100
2013-04-15,40.80147299223932,41.042733984294486,39.2971411807111,39.31842803955078,211100
2013-04-16,39.71580567226872,40.26219101943909,39.361010203213254,39.722900390625,156500
2013-04-17,39.53130284247174,39.58807140580594,38.89976746318624,39.06297302246094,109200
2013-04-18,38.99202008212092,39.1765125231361,38.53078491927133,38.65141677856445,130400
2013-04-19,38.672706951845385,39.13394215420442,38.57336465149105,38.89268112182617,192400
2013-04-22,38.97783337171328,39.28295771454618,38.46692699173731,38.88558578491211,94700
2013-04-23,39.09845721846939,39.67322681769896,39.04169135446339,39.5596923828125,119300
2013-04-24,39.65903035937863,40.0280179093259,39.53840121969591,39.751277923583984,112300
2013-04-25,39.992544097409805,40.31186054809874,39.85062537411755,40.198326110839844,141800
2013-04-26,40.1912278900271,40.439586327589176,39.85062458499503,40.31895446777344,200000
2013-04-29,40.56021111284714,41.021446228027344,40.233799985699946,41.021446228027344,159800
2013-04-30,41.049821250457256,41.23431634982658,40.53891778292208,40.836944580078125,286900
2013-05-01,40.68084888427381,41.113697073203426,39.68032308499722,39.694515228271484,145900
2013-05-02,39.935773336926474,40.616982630025205,39.82933633044574,40.43248748779297,114000
2013-05-03,40.489262032260356,41.12789228601855,40.489262032260356,40.85824966430664,122400
2013-05-06,40.93629979090475,40.93629979090475,40.61698603779771,40.8227653503418,104200
2013-05-07,40.886624811405206,41.610407817256096,40.54602152162967,41.43301010131836,104800
2013-05-08,41.3975239277391,41.80199043345684,41.09949440902011,41.7026481628418,110700
2013-05-09,41.525249178652594,41.70974157447016,41.120782685587294,41.454288482666016,138800
2013-05-10,41.50396620018551,42.22774641874064,41.4897740596625,42.06454086303711,86400
2013-05-13,41.86586112430198,42.68189170354235,41.667176547877965,42.341285705566406,131700
2013-05-14,42.4832109840804,43.60436602569477,42.4832109840804,43.53340530395508,196400
2013-05-15,43.49792473539356,43.597267035389,43.15732140389146,43.34891128540039,220600
2013-05-16,43.28504228019033,43.51211113789712,42.887670425766295,43.04378128051758,227300
2013-05-17,43.07926649130533,43.43406197097059,42.93025303949585,43.15732192993164,130400
2013-05-20,43.008309370235025,43.554694745078045,43.008309370235025,43.23537826538086,112700
2013-05-21,43.34890736032107,43.34890736032107,42.908961768658926,43.15022277832031,151900
2013-05-22,43.09346068150489,43.22118727679914,41.972308320102336,42.142608642578125,149900
2013-05-23,41.596212373054996,42.11421333764694,41.596212373054996,41.85166549682617,220900
2013-05-24,41.752321743714596,42.39095453060927,41.30527879288833,42.37676239013672,303800
2013-05-28,43.02957983898374,43.47662274023643,42.02196233903579,42.34837341308594,123300
2013-05-29,41.95810222421147,42.00067593723711,40.943387225033625,41.83037567138672,120300
2013-05-30,41.894238438330085,42.334183944446416,41.63878533578709,41.972293853759766,129800
2013-05-31,41.73813090974609,42.56125613480168,41.603309631347656,41.603309631347656,163600
2013-06-03,41.59620688871327,42.029057657269384,41.149166687928805,41.56782531738281,287800
2013-06-04,41.37624418136665,41.96520318987364,41.00015918343516,41.33366775512695,275000
2013-06-05,41.326574963456885,41.42591725577147,40.64536564624716,41.02854537963867,153600
2013-06-06,41.09240680152279,42.15679309688968,41.09240680152279,42.04325866699219,204500
2013-06-07,42.376760587914376,42.703171684279184,41.99358093207365,42.270320892333984,100200
2013-06-10,42.3129150284339,42.93735320287894,41.837487617819455,42.582557678222656,209600
2013-06-11,42.23484626309958,42.618025958560345,41.75232428515807,42.178077697753906,106400
2013-06-12,42.44772382307386,42.44772382307386,41.86585955094958,42.15679168701172,72000
2013-06-13,42.20646810307506,42.96573018003305,41.59621947145472,42.852195739746094,102600
2013-06-14,42.89477504988539,43.01540421653169,42.469018840068124,42.674800872802734,66300
2013-06-17,42.90895034796537,43.34889582253115,42.795415944629895,43.10054016113281,67600
2013-06-18,43.20697987397525,43.77465192655121,43.02248747196576,43.611446380615234,110200
2013-06-19,43.61144785379597,43.646926850741586,42.22774531792526,42.2490348815918,144900
2013-06-20,41.67428235861303,41.95811986352167,41.511076740696836,41.79491424560547,146700
2013-06-21,41.92263888367445,42.56126917941979,41.844583438145875,42.14970779418945,238500
2013-06-24,41.83747141157076,42.58963860695607,41.681363281867384,42.05744552612305,98500
2013-06-25,42.49030160982008,42.75284947105361,41.567834029827814,41.94391632080078,82200
2013-06-26,42.213553041916676,42.213553041916676,40.62406864117632,41.454288482666016,166500
2013-06-27,41.77361153981571,42.199367663322676,41.709748256633375,41.83747482299805,78900
2013-06-28,41.71683692099236,41.77360276808225,41.014340953498674,41.04981994628906,151400
2013-07-01,41.262709163162825,41.5394491625885,41.014350740617886,41.376243591308594,135700
2013-07-02,41.57493372055367,41.70975502609814,40.24799940670931,41.09950637817383,200000
2013-07-03,40.77740383127274,41.19970809609775,40.61993361137174,41.078025817871094,66300
2013-07-05,41.31423186438336,41.47885858329697,39.50333249544374,41.40727996826172,95200
2013-07-08,41.42876234216997,42.10874428941253,41.29992354246314,41.93695831298828,193000
2013-07-09,42.10874242836573,42.523887529837836,41.88685278746723,42.43799591064453,82300
2013-07-10,42.44515586856822,43.196713741288384,42.43084014246124,42.97482681274414,117800
2013-07-11,43.447223191574956,43.80510805685903,43.28975297710762,43.5975341796875,107000
2013-07-12,43.54027998950256,43.70490672244661,43.261127462741555,43.475860595703125,100100
2013-07-15,43.60469637137928,44.263206029349874,43.60469637137928,44.01268768310547,91200
2013-07-16,44.04131854901341,44.155841617231665,43.583226276140415,43.98405838012695,118700
2013-07-17,44.15584583561321,44.291843869295974,43.73354146925552,43.84090805053711,74400
2013-07-18,44.08426188855952,44.29899228148337,43.0964988045757,44.29183578491211,114300
2013-07-19,44.37057409829676,44.73561551954028,44.163000186979225,44.44930648803711,98300
2013-07-22,44.656884646377975,44.7356197740516,44.1057414831082,44.21310806274414,387400
2013-07-23,44.47793883223252,44.47793883223252,43.94111143519634,44.06279373168945,118600
2013-07-24,44.120051268371675,44.141523489229435,43.776482082421644,44.027000427246094,114700
2013-07-25,44.062792811882254,44.79287838426442,44.062792811882254,44.75708770751953,105600
2013-07-26,44.628244173661294,44.685507066011326,43.619008904774304,44.256046295166016,160400
2013-07-29,44.24889269459938,44.40636293813916,43.96974288501182,44.06279373168945,62700
2013-07-30,44.32046403386139,44.48509348815868,43.704904308761975,43.82658386230469,85500
2013-07-31,43.99836455092881,44.27035507235741,43.62616397742972,43.87668228149414,158300
2013-08-01,44.37773089571173,45.229496038007824,44.37773089571173,44.921714782714844,217800
2013-08-02,44.81435477576806,45.29391930778415,44.42783836669968,44.828670501708984,83100
2013-08-05,44.6711990832416,45.36549675584148,44.413521483907815,45.35118103027344,130000
2013-08-06,45.51580158486955,45.51580158486955,44.41351544013823,44.685508728027344,106500
2013-08-07,44.78571774591775,44.78571774591775,42.974820961839946,43.0893440246582,273300
2013-08-08,43.19671021933522,43.74069684526531,42.344945063758665,42.43799591064453,182700
2013-08-09,42.25905417350574,42.423680917484845,40.720147846501575,40.748779296875,346400
2013-08-12,40.748780995511105,40.92056424402175,40.204794337521214,40.562679290771484,204900
2013-08-13,40.627094491036786,40.627094491036786,39.47470735429336,39.603546142578125,279800
2013-08-14,39.7109080666577,39.93995418358942,39.453230502498236,39.496177673339844,216100
2013-08-15,39.28144783071082,39.52480967466811,37.842748987466315,38.114742279052734,255700
2013-08-16,37.85706863870666,38.05032683458484,36.482791775277924,36.48994827270508,303100
2013-08-19,36.43268389687128,36.43268389687128,34.62178444692944,34.70051956176758,420200
2013-08-20,34.75062167963049,35.19439817112951,34.5430477916675,34.664730072021484,250300
2013-08-21,34.60032249259195,35.29462027804074,34.45001144536466,34.915260314941406,597600
2013-08-22,34.979671478271484,35.20871760969661,34.84367619100196,34.979671478271484,172600
2013-08-23,35.00830942434484,35.43061381949196,34.94389001727338,35.19440841674805,183100
2013-08-26,35.37334960292103,35.88154834233756,35.37334960292103,35.63102722167969,490300
2013-08-27,35.537975229878725,35.76702137043734,35.20871901368602,35.23735046386719,272400
2013-08-28,35.32324279375479,35.537975943983064,35.15145955010668,35.25882339477539,204600
2013-08-29,35.337560345830745,35.87438778826069,35.337560345830745,35.673973083496094,403500
2013-08-30,35.638183084369444,35.666814534959784,34.90093824911797,35.087039947509766,327800
2013-09-03,35.45924558418026,35.5165057629417,34.72915987446276,34.965362548828125,303500
2013-09-04,34.915254678703,35.273139626965055,34.72199647898804,35.10851287841797,177400
2013-09-05,35.280295860169396,35.566602156208305,34.70052131023937,35.122825622558594,238200
2013-09-06,35.34472116343715,35.34472116343715,34.829365921788145,35.00830841064453,154800
2013-09-09,35.18008070771272,35.809956057391176,35.07271416401238,35.659645080566406,219200
2013-09-10,35.96743082636603,36.08195387997845,35.79564488072491,35.9889030456543,176700
2013-09-11,35.91017209607061,36.31816342294594,35.91017209607061,36.06048583984375,119400
2013-09-12,36.86930036362002,38.17200388219767,36.86930036362002,37.234344482421875,416000
2013-09-13,37.58507697098068,37.69244355022529,36.540053552174676,36.82636260986328,376300
2013-09-16,37.13412707409582,37.39896105773143,36.847818146069436,36.87644958496094,222600
2013-09-17,36.976670874559886,37.32024007985676,36.79057191227441,36.919410705566406,199300
2013-09-18,37.01245813223514,37.78549087759158,36.69036115500329,37.692440032958984,186800
2013-09-19,37.871389013414166,38.22211750020228,37.29161435460165,37.51350402832031,87000
2013-09-20,37.72106815386098,37.74254037363343,37.234344482421875,37.234344482421875,266300
2013-09-23,37.32023121412138,37.63517162532743,37.24149611131986,37.44906997680664,137800
2013-09-24,37.63517788185231,37.63517788185231,37.062559850082906,37.098350524902344,161000
2013-09-25,37.25582082920638,37.26298005688695,36.64741753773416,36.6975212097168,177700
2013-09-26,36.68320891036773,37.11982900451365,36.68320891036773,36.84067916870117,126600
2013-09-27,36.625946266755726,36.99814696064395,36.532898141117876,36.704681396484375,138700
2013-09-30,36.504266274106634,36.690365253715825,36.38974319501353,36.45416259765625,159600
2013-10-01,36.561525689295685,36.96951429027761,36.38973972182919,36.6187858581543,267000
2013-10-02,36.54721075183743,37.177086275078764,36.41837195607321,36.94088363647461,197900
2013-10-03,36.962358619955914,37.141301101834436,36.67605228721763,36.847835540771484,197600
2013-10-04,36.82636000351368,36.98382751669682,36.60447036298675,36.6975212097168,174200
2013-10-07,36.504264503907905,36.76194210198323,36.21079895730999,36.339637756347656,110000
2013-10-08,36.3968982092672,36.66889153494335,35.97459386036693,36.110591888427734,184200
2013-10-09,36.28952367013526,36.38257449395219,35.78848434324095,35.91016387939453,159200
2013-10-10,36.40902967852472,37.02355746438448,36.26443409422496,36.74882888793945,163000
2013-10-11,36.6476074679059,37.4356504510231,36.286119911575646,37.370582580566406,107100
2013-10-14,37.103082561102745,37.38504241377136,36.9946351910312,37.370582580566406,107600
2013-10-15,37.16814439174081,37.35611667699735,36.62591314535794,36.712669372558594,145200
2013-10-16,37.016326771098434,37.20429908919216,36.5825400434548,37.05247497558594,379500
2013-10-17,37.02356030309755,37.6091712233431,37.02356030309755,37.385047912597656,223600
2013-10-18,37.450108638640536,37.76821943930907,37.26936486841743,37.73929977416992,187100
2013-10-21,37.869431845140724,38.53456753139668,37.59470056876375,37.99233627319336,134000
2013-10-22,38.035718867153754,38.267070668877814,37.674231332218525,37.80436706542969,192000
2013-10-23,37.717605410232146,38.238148306350766,37.60192951753143,38.17308044433594,100900
2013-10-24,38.31045849563074,38.4695111701914,37.840523494866254,38.20201110839844,136900
2013-10-25,38.39719998124894,38.39719998124894,37.86942859944999,38.13692855834961,97900
2013-10-28,38.15138984491885,39.04064873515686,37.666995176488335,38.93220138549805,126200
2013-10-29,39.1057221609638,39.36599363085604,38.93220692839195,39.3298454284668,93000
2013-10-30,39.38045852454445,39.525051352684386,38.91052355929544,38.99005126953125,96200
2013-10-31,38.975585743895856,39.33707327732392,38.317678543374036,38.3393669128418,165000
2013-11-01,38.40444278199873,38.90329744715799,37.8188346208905,38.05741500854492,197400
2013-11-04,38.27429736368747,38.40443309063433,37.9706491727654,38.32490539550781,116400
2013-11-05,38.26707769159034,39.221404738321425,38.05741422094736,38.830997467041016,171400
2013-11-06,38.76592028890894,39.351531055346946,38.54179979495914,38.8165283203125,126600
2013-11-07,38.75869593600191,38.99004774965793,36.16321519098794,36.192134857177734,418000
2013-11-08,36.30058114064525,36.52470442704343,36.01139273921961,36.495784759521484,214000
2013-11-11,36.510246341172405,36.83558572154141,36.495786506719185,36.68376159667969,150500
2013-11-12,36.67652906532498,36.857272853006215,36.336729861946225,36.640380859375,111200
2013-11-13,36.503013828444686,37.233217462273366,36.24997088996183,37.21875762939453,87800
2013-11-14,37.28382554661986,37.450109488044866,36.618689780919844,36.719905853271484,145400
2013-11-15,36.64760151267542,37.24044078808623,35.98246584091918,36.712669372558594,302200
2013-11-18,36.73436639821406,36.76328330663852,36.2355118063383,36.618690490722656,441400
2013-11-19,36.589771083254455,37.34166586623411,36.14875582096963,36.8355827331543,428500
2013-11-20,36.878964389462,37.392278886550486,36.74160009189272,36.91511535644531,128300
2013-11-21,37.088618374942044,37.40672915225312,36.30057548431456,36.93679428100586,306200
2013-11-22,37.030790357383395,37.42119486651783,36.74883047270184,36.878963470458984,127600
2013-11-25,36.95126520099229,37.18984559763887,36.625925789263604,36.75606155395508,176300
2013-11-26,36.70544743692578,37.16815107577936,36.70544743692578,36.806663513183594,174800
2013-11-27,36.871721363568454,37.18260080354278,36.71266599671726,37.10307312011719,131000
2013-11-29,37.56577738458697,38.201996106786574,37.52962918901518,37.71037292480469,108600
2013-12-02,37.8405332497486,37.95620920558166,36.87174608542218,37.124786376953125,220100
2013-12-03,36.9512581938236,37.16815017453567,36.705446546901605,36.864501953125,316900
2013-12-04,36.792208453652,37.55856317864761,36.770520079620105,37.385047912597656,139100
2013-12-05,37.29106449662554,37.29106449662554,36.64038567232963,36.9295768737793,291200
2013-12-06,37.377814921454316,38.48396599222188,37.32720688278725,38.3321418762207,234600
2013-12-09,38.39721440944163,38.577958214601544,37.066939893147385,37.175384521484375,177600
2013-12-10,37.06692987780386,37.26213346558509,36.575306639969085,36.97294235229492,182000
2013-12-11,37.139232720519935,37.168152388452455,36.42348886574378,36.640380859375,213000
2013-12-12,36.741602688473556,36.741602688473556,36.32950700871078,36.409034729003906,139000
2013-12-13,36.5680875852717,36.92234389508304,36.221057056166515,36.91511535644531,143300
2013-12-16,37.26214466588877,37.98511990849616,37.21153661954078,37.89113235473633,283600
2013-12-17,37.79713210412188,37.79713210412188,37.20429282496558,37.55855178833008,192100
2013-12-18,37.5657803233047,38.455039242002854,37.42841606621386,38.267066955566406,193900
2013-12-19,38.26705974383786,38.51287130773318,37.87665265566349,38.02847671508789,202200
2013-12-20,38.04295409797903,38.570725660893565,37.97788621992482,38.440589904785156,828200
2013-12-23,38.700849175578114,39.06233665977497,38.54902509411878,38.96112060546875,146400
2013-12-24,38.72977527310671,39.503358397223074,38.72977527310671,39.09126281738281,70400
2013-12-26,39.35153722939626,39.54674084883535,38.68639866412995,39.149105072021484,97900
2013-12-27,39.32984851457085,39.3876850913457,38.85991357284303,39.04788589477539,112700
2013-12-30,39.105730333332005,39.30093397654511,38.88160701899142,39.26478576660156,98000
2013-12-31,39.431060974504625,39.69133244093927,39.17078950806997,39.47443771362305,120500
2014-01-02,39.40214714720262,39.40214714720262,37.883900378648114,38.07187271118164,241800
2014-01-03,38.2164656990494,38.469505890621946,38.02126208358004,38.40443801879883,130300
2014-01-06,38.61409864877821,38.72254601321002,37.97065127324143,38.02125930786133,141600
2014-01-07,38.25984405208449,38.896062963586914,37.97065564353347,38.628562927246094,178800
2014-01-08,38.758699746158186,38.99728012084961,38.317684446169096,38.99728012084961,317400
2014-01-09,39.2308398648782,39.32572453623619,38.58125058980588,38.80021286010742,376400
2014-01-10,38.98997288875007,39.223535760113116,38.581244128440424,38.8804931640625,167700
2014-01-13,38.90969242357458,39.38411017571474,38.44986974198732,38.74911880493164,168800
2014-01-14,38.74911878552799,39.4279037203982,38.59584548649436,38.75641632080078,127300
2014-01-15,38.94618222552028,39.55197783313138,38.47176173106408,39.39140701293945,451100
2014-01-16,39.44250587285577,39.53738776302095,39.08486535188601,39.45710372924805,240100
2014-01-17,39.28192987781137,39.44980103985682,39.06296761358931,39.230838775634766,76100
2014-01-21,39.58848642919454,39.74905730037094,39.26733911832823,39.48630142211914,121300
2014-01-22,39.44250748336969,39.734456270366834,39.19434948308103,39.28923416137695,114600
2014-01-23,39.150551729852275,39.705259099126245,39.150551729852275,39.617671966552734,113900
2014-01-24,39.267324672134436,39.449793655540496,38.85129561270906,38.91698455810547,112300
2014-01-27,39.019166622979704,39.07755803393229,37.953548431396484,37.953548431396484,285800
2014-01-28,38.08493114496811,38.18711334282006,37.39884868492211,37.9681510925293,192900
2014-01-29,37.66160657507804,37.82948053236361,37.16529059209778,37.54482650756836,162600
2014-01-30,37.975446367202316,38.00464207463816,37.42074184720083,37.80757522583008,155600
2014-01-31,37.10689708704077,37.73459091173253,37.048505668810805,37.457237243652344,177300
2014-02-03,37.27476507196442,37.60320981096982,36.19454898476783,36.377017974853516,443700
2014-02-04,36.41351131582331,37.36964982882505,36.21644447187993,36.89522933959961,368100
2014-02-05,36.89523476810886,37.574019735700254,36.493803486607426,36.72006607055664,242600
2014-02-06,36.64707690210768,37.004717402413675,36.56679008871717,36.793052673339844,182000
2014-02-07,36.73466373361905,39.80014098302986,36.73466373361905,39.617671966552734,358600
2014-02-10,39.59577436148611,40.508119392856756,39.303822837745074,40.40593719482422,710600
2014-02-11,40.40594650062852,40.92415792957372,39.83664396090037,40.82197570800781,415600
2014-02-12,40.982538849280076,41.121214288083436,40.20157174562575,40.8438606262207,641000
2014-02-13,40.668697568764465,41.106622119216276,40.31105705129892,40.81467056274414,264800
2014-02-14,40.763578138462385,41.22340085053157,39.93151984898425,41.10662078857422,238300
2014-02-18,41.22339723391895,41.405866238734944,40.42783226155097,40.719783782958984,213600
2014-02-19,40.53731669765104,40.71978571110725,40.11398724998969,40.238067626953125,186900
2014-02-20,40.362145850254976,40.68329310087926,39.858532367579926,40.57381057739258,252800
2014-02-21,40.77817757124686,40.9825447757679,40.32565516169385,40.42783737182617,237300
2014-02-24,40.639511307860474,41.59565023263387,40.44244437904808,40.7781867980957,267700
2014-02-25,40.77818128658955,41.5080574646132,40.69059692481858,40.86576843261719,270700
2014-02-26,41.07742642379353,41.58834025570396,40.87306200473192,41.325584411621094,239000
2014-02-27,41.23799605418499,41.77080522661505,41.23799605418499,41.705116271972656,241500
2014-02-28,41.83648641801142,42.60285555712662,41.64671990884461,42.07734680175781,260000
2014-03-03,41.79270617396543,42.59557159126997,41.54454817723588,42.113853454589844,208900
2014-03-04,42.653955349487745,43.683080468371884,42.45688848192404,43.055389404296875,653300
2014-03-05,43.230553415601044,43.86554473059405,42.34010384027907,42.668548583984375,403500
2014-03-06,42.8145394366048,43.01890388954702,41.44967166940651,42.52988815307617,650800
2014-03-07,42.580974393359746,42.9678078590904,41.07742853293863,41.41317367553711,382600
2014-03-10,41.34748323306168,42.04086331833775,40.74898503854051,41.646732330322266,241000
2014-03-11,41.59564196636957,41.82920210574898,40.17238295284993,40.50812530517578,312800
2014-03-12,40.420529812602844,40.690583127309075,40.004500754938526,40.63949203491211,260600
2014-03-13,40.67598674037966,40.94604006481749,39.727148553343554,39.95341110229492,220900
2014-03-14,39.93882376864942,40.75628427602779,39.7782501248896,40.53002166748047,217000
2014-03-17,40.843866566713466,41.2671960481934,40.67599539503376,40.931453704833984,165700
2014-03-18,40.87306177484079,41.325584179184744,40.87306177484079,41.18690872192383,142100
2014-03-19,41.05552608359896,41.44235948284693,40.45702797054298,40.719783782958984,165900
2014-03-20,40.76358120916689,40.98254627805573,40.46433210384285,40.70519256591797,68800
2014-03-21,41.055524048430684,41.675917520349046,40.96063939103821,41.13581085205078,252400
2014-03-24,41.310980115349416,41.82919418673071,40.8292620710452,40.95334243774414,117100
2014-03-25,41.15041289351864,41.44236164590871,41.05552822647017,41.340179443359375,115700
2014-03-26,41.75621132108255,41.91678495523018,40.71248826763579,40.7343864440918,125900
2014-03-27,40.85845597576604,41.09201606062044,39.71984847390897,40.09938430786133,224600
2014-03-28,40.21617212859749,40.91685530293738,39.83663900549453,40.16508102416992,233200
2014-03-31,40.50081786037438,41.04822482516941,40.08478600561482,40.79276657104492,182800
2014-04-01,40.77087790664595,41.20880243699463,39.887728526030905,40.332950592041016,398500
2014-04-02,40.55921223319426,40.83656591423021,40.30375672714548,40.82926559448242,180700
2014-04-03,40.982544411063465,40.982544411063465,40.51542136506974,40.74168395996094,97900
2014-04-04,40.88036519809929,40.88036519809929,38.92429952154908,39.09217071533203,303800
2014-04-07,39.10676154655404,39.38411245118109,38.68343208540285,38.90969467163086,210800
2014-04-08,39.0483747798948,39.931524270246534,38.771021057941084,39.3768196105957,208000
2014-04-09,39.53007988180303,39.727146715141124,39.04836188395069,39.544677734375,236200
2014-04-10,39.44152941593517,39.92045814539502,39.1910133254154,39.41942596435547,373800
2014-04-11,39.3088988879528,39.692041268469204,39.227851970576204,39.43415832519531,219300
2014-04-14,39.74362708184749,39.913093456863486,39.30890801177552,39.50048065185547,146600
2014-04-15,39.50047609781505,39.81730535696954,39.08786052966387,39.40468978881836,146800
2014-04-16,39.60363345461695,39.86151645515215,39.331013881092034,39.51521682739258,90600
2014-04-17,39.463639930408576,39.56679312984666,39.05839120302486,39.1762809753418,153500
2014-04-21,39.22049254502916,39.66994820154806,39.05839304642522,39.353118896484375,183700
2014-04-22,39.419426360257354,39.890985403450934,39.18364683866057,39.40468978881836,115000
2014-04-23,39.34574784006398,39.824673782198595,39.308905004680476,39.471004486083984,131500
2014-04-24,39.78046921442154,39.78046921442154,39.19101754221335,39.50784683227539,178600
2014-04-25,39.279435763363715,39.846781153334796,39.272066071796644,39.44890213012695,108300
2014-04-28,39.53731545094971,40.07518765114575,39.4562657147657,39.743621826171875,263400
2014-04-29,39.8541393221227,40.694104091470365,39.79519304532692,40.030975341796875,171800
2014-04-30,39.83204054182352,40.30359956860175,39.75835768719348,40.20781326293945,119600
2014-05-01,40.08255771840291,40.377280712813864,39.69941529602645,40.18571090698242,178600
2014-05-02,40.14887860227622,40.57622801007588,39.72889326548565,40.163612365722656,196900
2014-05-05,39.890981364616714,40.45832665936509,39.73625159624352,40.28886032104492,202700
2014-05-06,40.22991135403913,40.701473128703505,40.00886844102613,40.14149475097656,155400
2014-05-07,40.25202109576738,40.76778981123492,40.01624159339023,40.48780059814453,218500
2014-05-08,40.53938412623795,40.73832364242251,40.26676455696897,40.495174407958984,143100
2014-05-09,40.42149692237763,40.78253314042306,40.34044717240832,40.767799377441406,100400
2014-05-12,41.01831316086304,41.65934147564426,40.84884677752179,41.49724197387695,175800
2014-05-13,41.445650989653295,41.482491006168146,40.694102847755346,40.708839416503906,418500
2014-05-14,40.63517267407427,40.988842007575506,40.44360002839817,40.55412292480469,166000
2014-05-15,40.25938911041774,40.86357445363,39.61099405524601,40.11202621459961,201600
2014-05-16,39.994138397688666,40.76042324449651,39.92782523189349,40.72358322143555,112100
2014-05-19,40.686742104222866,41.06988451732329,40.28149342930948,40.74568557739258,112500
2014-05-20,40.664637267115836,40.664637267115836,39.9351952481424,40.27412796020508,189600
2014-05-21,40.1857205575402,40.44360359091932,37.69529561937713,38.93313980102539,517500
2014-05-22,39.102589259195184,39.24258244372006,38.22578451476731,38.76365661621094,216200
2014-05-23,38.763668065398974,38.955237890841836,38.321579312454574,38.43210220336914,151000
2014-05-27,38.52051664499289,39.09523171015443,38.23316051776897,38.8078727722168,260400
2014-05-28,38.844718146213246,39.10260114628988,38.40262938944973,38.542625427246094,199900
2014-05-29,38.59420479944666,39.49311332907716,38.59420479944666,39.30891036987305,116900
2014-05-30,39.40469171334817,39.7509941322941,39.18364875239462,39.456268310546875,156000
2014-06-02,39.426790065110374,39.426790065110374,38.80050128832022,38.83734130859375,101800
2014-06-03,38.756296478871,38.96260567777771,38.535253518562286,38.815242767333984,149800
2014-06-04,38.6752390905792,39.36784092845836,38.6752390905792,39.22047805786133,118500
2014-06-05,39.18364050548338,39.972028680405764,38.962597591052344,39.692039489746094,126800
2014-06-06,39.74362098779401,40.06781992569118,39.640467802358906,39.898353576660156,166100
2014-06-09,39.86889142610739,41.055159007072696,39.86889142610739,40.98884582519531,130300
2014-06-10,40.951993012838706,41.55617834329346,40.82673357028846,41.33513259887695,97000
2014-06-11,41.26145505853548,41.63722778753317,41.0183058492266,41.06988525390625,127500
2014-06-12,40.907784039031945,41.29829332263544,40.70147767195288,41.20250701904297,101900
2014-06-13,41.173042754649835,41.585655549599046,40.701483668585674,41.3646125793457,138300
2014-06-16,41.37197736028947,41.51933744915767,41.2540876027668,41.38671112060547,154200
2014-06-17,41.23934695831782,42.21193806449049,41.23934695831782,41.83616256713867,159900
2014-06-18,41.740390872896256,41.85828065207895,40.98884247658881,41.718284606933594,309300
2014-06-19,41.71828872379522,42.25616107006444,41.43093253435002,41.72565841674805,212100
2014-06-20,41.90248257220568,41.9466922881518,41.26145714991223,41.86564254760742,593300
2014-06-23,41.95405511656773,42.0572111104785,40.82673417060633,40.89304733276367,146200
2014-06-24,40.63516223895717,41.320397274995464,40.18570669803815,40.200443267822266,161700
2014-06-25,40.18571435633717,40.657273436442,39.7657318749492,40.635169982910156,146700
2014-06-26,40.48779979925903,40.495166678875854,39.91308481418051,40.28886032104492,135000
2014-06-27,40.01624917118178,40.38465506474949,39.78783650531279,40.259395599365234,274600
2014-06-30,40.237292583856494,40.878318058653036,40.04571994311293,40.78253173828125,155800
2014-07-01,40.907780714157376,41.9466849664873,40.70884124319464,41.51933288574219,273100
2014-07-02,41.342508326843415,41.51934157534432,40.53201370395385,40.730953216552734,245500
2014-07-03,40.9372676810746,41.54145317739742,40.767801291687874,41.35725021362305,73100
2014-07-07,41.327759473085244,41.327759473085244,40.804623953217664,40.96672058105469,186900
2014-07-08,40.929885774570316,41.14356182335658,40.701475966507296,40.95199203491211,158700
2014-07-09,41.055149887231465,41.07725333937585,40.71621436030679,40.797264099121094,134600
2014-07-10,40.29157502223245,40.90137714545358,40.17258931128303,40.70058822631836,169500
2014-07-11,40.663398279334025,41.25832672516795,40.54441259016724,40.99060821533203,132900
2014-07-14,41.265779428156456,41.265779428156456,40.752651158365666,41.072425842285156,129800
2014-07-15,41.03523840987511,41.057547345243805,40.24695626367672,40.26926803588867,165300
2014-07-16,40.358502062247396,40.41055813013187,39.756135343643244,40.00154495239258,188800
2014-07-17,39.96436782346541,40.47005500276146,39.75614068709764,39.86769104003906,158200
2014-07-18,39.80820266172283,40.522119920035536,39.58510475961925,40.336204528808594,96900
2014-07-21,40.053607028542075,40.53698527952779,39.76357951058198,40.15028381347656,121500
2014-07-22,40.343635428215045,40.70059259941675,40.17259362765027,40.373382568359375,93000
2014-07-23,40.46261843230158,40.551857009893084,40.046167008802506,40.23208236694336,88400
2014-07-24,40.403122828327504,40.916248142642615,39.95692431267516,39.986671447753906,92700
2014-07-25,39.82307406422128,40.15028695053692,39.339695775467796,39.577667236328125,158900
2014-07-28,39.7784517654625,39.97180249209695,39.39174747535032,39.599971771240234,145400
2014-07-29,39.7189553471472,39.9643649713671,39.161209295930846,39.436363220214844,116200
2014-07-30,39.6817764518025,39.82307110969186,39.14633928616979,39.17608642578125,90100
2014-07-31,39.086839327023604,39.25044288555172,38.536528711494256,38.61833190917969,156600
2014-08-01,38.59602225645007,39.10914752755629,38.26880947182346,39.005035400390625,292200
2014-08-04,39.05709832441107,39.29506975311626,38.56628189810123,39.07197189331055,195900
2014-08-05,39.04966276004076,39.93462172987343,38.826564885160806,39.741268157958984,245600
2014-08-06,39.48097721933134,40.52210413949316,39.48097721933134,39.994102478027344,167900
2014-08-07,40.03129051701484,40.284132644338875,39.60740095154563,39.81562805175781,118200
2014-08-08,39.24300974471966,39.24300974471966,37.79286954615187,38.44729232788086,209800
2014-08-11,38.63320463171795,39.33968342547979,38.56627500205962,39.03478240966797,174900
2014-08-12,38.915807848196025,38.915807848196025,38.49191818121398,38.677833557128906,124000
2014-08-13,38.700139642921044,39.00504070113164,38.439856452791986,38.566280364990234,148800
2014-08-14,38.60346424193204,38.811688531975264,38.11264781765643,38.15726852416992,128300
2014-08-15,38.239072739431286,38.239072739431286,37.18307477743695,37.532596588134766,317500
2014-08-18,37.785434409709566,38.10520901880681,37.5697719362546,38.068023681640625,339000
2014-08-19,38.060588316313144,38.1944475869512,37.919293680347614,38.068023681640625,89400
2014-08-20,38.05314636230469,38.16469668911911,37.68875392348387,38.05314636230469,160900
2014-08-21,38.14239651584663,38.24650866512777,37.76312758707299,38.02341079711914,90500
2014-08-22,37.956472141396894,37.97134570731196,37.75568325680749,37.79286575317383,93100
2014-08-25,37.85980391540484,38.34318498765484,37.822621410657135,38.01597213745117,98200
2014-08-26,38.04571468601742,38.25393895695828,37.911855415600314,38.0828971862793,99200
2014-08-27,38.187006849396624,38.201880415907,37.882105828040835,37.993656158447266,78900
2014-08-28,37.90441506973492,38.04570968690145,37.51027267558818,37.919288635253906,83200
2014-08-29,38.038291481506974,39.37688177678112,38.038291481506974,39.2355842590332,270100
2014-09-02,39.510736477973914,39.83794651827263,39.28020039060948,39.6074104309082,222200
2014-09-03,39.78588526276027,39.793320628617096,38.79681423005741,38.848873138427734,113100
2014-09-04,38.826569850039974,39.228147778280984,38.68527517314499,38.7670783996582,112600
2014-09-05,38.67039315258942,38.92323814436854,38.55884280683508,38.848873138427734,54200
2014-09-08,38.82655462926608,38.96785208761343,38.491906486920556,38.75218963623047,89200
2014-09-09,38.61089456940643,38.633206338173196,38.1423899779466,38.201881408691406,106200
2014-09-10,38.14239372308386,38.603462994788266,38.03828158142575,38.216758728027344,159400
2014-09-11,38.06802409118701,38.506784408144725,38.00853265739837,38.41011047363281,143500
2014-09-12,38.46960462779426,38.514225333923314,37.92673213568505,38.12008285522461,108900
2014-09-15,37.84493709226784,37.88955780802501,35.658573083354376,35.67344665527344,701600
2014-09-16,35.547011164663246,35.79242076633883,34.68436413150187,34.72898483276367,392300
2014-09-17,34.72899347127379,34.84054099691039,33.66555727317889,33.6878662109375,522000
2014-09-18,33.71016493980105,33.90351561151779,33.01112156756117,33.50193786621094,446800
2014-09-19,33.60606436812067,34.58026201828667,33.60606436812067,34.208431243896484,3111700
2014-09-22,34.20842368340955,34.8182257916881,34.20842368340955,34.51332473754883,446600
2014-09-23,34.334850158717714,34.76617519122419,33.42014685239656,34.059696197509766,549400
2014-09-24,34.126625846111,34.394344440515916,33.24166968068894,34.059696197509766,563400
2014-09-25,34.01507981548511,34.037388753716534,33.04088218462086,33.330909729003906,278000
2014-09-26,33.30859388416299,33.82171921499352,33.24166424650309,33.5986213684082,335100
2014-09-29,33.38295791594995,33.59118218845775,33.18216900881332,33.39039611816406,218100
2014-09-30,33.397835580749614,33.42758271956949,32.98882235092783,33.011131286621094,240900
2014-10-01,32.95164343681423,33.308600631023204,32.35671194295568,32.445953369140625,408600
2014-10-02,32.379017844760085,33.26397388424674,32.379017844760085,33.22679138183594,334300
2014-10-03,33.4647612298316,33.4647612298316,33.02600091356676,33.04087448120117,171000
2014-10-06,33.085495768707794,33.28628184321276,32.81777722024382,33.0185661315918,227300
2014-10-07,32.95163282643876,33.35320776759008,32.37157509038873,32.65416717529297,1097200
2014-10-08,32.68391979425664,33.174736215248124,32.37901872722925,33.1301155090332,373400
2014-10-09,33.06241341193765,33.348278080718224,31.52777513073036,31.8211612701416,587500
2014-10-10,32.10289133221056,33.15369836466735,32.08004864826009,32.750125885009766,341500
2014-10-13,32.780584892523166,33.39736350462052,32.75774220846182,32.88718795776367,271100
2014-10-14,32.98618438807131,33.51920272603935,32.803437069446765,33.039485931396484,408600
2014-10-15,32.460781971900666,32.96334145141135,31.98106518086711,32.4683952331543,365200
2014-10-16,31.981066602017524,33.16893583579035,31.349058415380465,33.09278869628906,387600
2014-10-17,33.31360794817467,33.40498160236916,32.148584416867656,32.36940383911133,234300
2014-10-20,32.384637844715485,32.932885656835666,32.23234936776343,32.894813537597656,228000
2014-10-21,33.00140730714223,33.37452094155232,32.803430600222946,33.252685546875,211000
2014-10-22,33.138475490887934,33.557274572818706,32.673988127309435,32.76536178588867,251200
2014-10-23,33.04709805953419,33.19938650487506,32.750128619801345,32.83388900756836,149600
2014-10-24,32.91765348274389,33.29838045280299,32.68160171560939,33.10801696777344,164900
2014-10-27,33.016645941319126,33.16132115578141,32.69683375051237,32.75775146484375,170300
2014-10-28,32.49885226690719,33.32883712343411,32.369403595117674,33.275535583496094,333200
2014-10-29,33.27553040833847,33.62579844623193,32.65113854784468,32.85673141479492,192800
2014-10-30,32.750125885009766,33.069937983894725,32.483618223202015,32.750125885009766,219000
2014-10-31,33.13847252202097,34.044601574816134,33.01664001992485,33.88469696044922,3268100
2014-11-03,33.72478068992689,35.01163623009141,33.70955126933906,34.7451286315918,434700
2014-11-04,34.737518225814966,35.11063183026364,34.53954153479342,34.66898727416992,237700
2014-11-05,34.722293451898985,34.722293451898985,32.8871898395959,34.082672119140625,384600
2014-11-06,34.07505634721042,34.097899030895086,33.63341176453615,33.679100036621094,276600
2014-11-07,33.21461475526944,33.67910204938756,31.74500865293852,32.02674865722656,675500
2014-11-10,31.95060779842457,32.03436819965467,30.336326199672232,31.691713333129883,746000
2014-11-11,31.69170704829823,31.69170704829823,30.56475574777245,30.76273536682129,479100
2014-11-12,30.755123419333056,31.04447672277375,30.473386281747118,30.732280731201172,330500
2014-11-13,30.739896527841967,31.16631180467813,29.826151165888152,30.46577262878418,594700
2014-11-14,30.450543389447866,30.450543389447866,29.87945295225033,30.08504295349121,476600
2014-11-17,29.993671448392355,30.244952653048156,29.315977879059623,29.696704864501953,392200
2014-11-18,29.73477268795065,29.795690391087845,29.39211786959383,29.658628463745117,423900
2014-11-19,29.673863026961172,29.673863026961172,29.30836545900734,29.338821411132812,370100
2014-11-20,29.262672644933716,29.841376311785623,29.163682827875725,29.76523208618164,253200
2014-11-21,30.11550483312796,30.724667446401025,29.970829620199503,30.51146125793457,458100
2014-11-24,30.762738500194864,30.91502695532451,30.343936534440072,30.519073486328125,298200
2014-11-25,30.625676287280648,30.998787065545372,30.298250883251402,30.838882446289062,306200
2014-11-26,30.785583344156574,31.189153007010532,30.6713640900918,30.94548797607422,350900
2014-11-28,30.983555910381938,31.151076685807407,30.43531111713514,30.45054054260254,226400
2014-12-01,30.450534557753894,30.717042189263303,29.986047338795785,30.24494171142578,315600
2014-12-02,30.359160470959793,30.755116773070323,30.11549550115571,30.57998275756836,259400
2014-12-03,30.55714193666298,30.907409989013825,30.3287063766392,30.808420181274414,237500
2014-12-04,30.724667792172486,31.044479983187763,30.12312133869862,30.55714988708496,340100
2014-12-05,30.541910702433185,30.892178734030747,30.420078217324658,30.876949310302734,230500
2014-12-08,30.762732937279207,30.89217868167457,30.412462001559714,30.57998275756836,274200
2014-12-09,30.42008444809053,31.84400245408328,30.42008444809053,31.790700912475586,345500
2014-12-10,31.76785461484283,31.76785461484283,31.280524629966163,31.699323654174805,338200
2014-12-11,31.714563474723594,32.186664189229035,31.409980681981303,32.072444915771484,292900
2014-12-12,31.783091284975374,32.08767114259493,31.486121784575303,31.585111618041992,343100
2014-12-15,31.600341195157064,31.600341195157064,30.686595808570665,31.059709548950195,261800
2014-12-16,30.998792524548392,31.69933173492599,30.915032117411407,31.00640869140625,344200
2014-12-17,31.02163494909928,31.56987981343903,30.602832956227996,31.54703712463379,248900
2014-12-18,31.813541638118398,32.31610107421875,31.63079433665426,32.31610107421875,219200
2014-12-19,32.20949692166278,32.62068269329595,31.714553667407355,32.39986038208008,649100
2014-12-22,32.399864394630036,32.673988276334256,32.01913742664445,32.6054573059082,238800
2014-12-23,32.552154052216395,33.00902522790492,32.20188595720745,32.36940383911133,269200
2014-12-24,32.45316013630746,32.45316013630746,31.547031160183035,31.71455192565918,140000
2014-12-26,31.752629663261697,32.33133337565566,31.341443841322796,32.239959716796875,237700
2014-12-29,32.278028466995345,33.0166396362732,32.080051742658114,32.9481086730957,194200
2014-12-30,32.955725900967366,33.06994515491884,32.5749989274175,32.7882080078125,170700
2014-12-31,32.93287806768494,33.54204054926542,32.78058672111086,33.488739013671875,349300
2015-01-02,33.54203934842574,33.62579973127856,31.288136794912067,31.638404846191406,352600
2015-01-05,31.409978921389182,31.409978921389182,30.29064056122672,30.747514724731445,376200
2015-01-06,30.747505387468753,31.097773439819594,30.488610978184273,30.808420181274414,319900
2015-01-07,30.97594792631604,31.08255101803023,30.465772252762754,30.86172866821289,394800
2015-01-08,30.869438692114603,31.17797703996743,30.182937410742376,30.290925979614258,863000
2015-01-09,30.414350437202923,30.67660972478789,30.067242123859778,30.406635284423828,451400
2015-01-12,30.406628406034628,30.730597072691697,30.275500263139417,30.337209701538086,279600
2015-01-13,30.645748356637174,31.03142352288099,30.329494838015968,30.53775978088379,251500
2015-01-14,30.34492068639865,30.684313756500867,30.167510471858773,30.560897827148438,231700
2015-01-15,30.707468828142378,30.915733845835263,30.391215195898166,30.445209503173828,211700
2015-01-16,30.31406596844358,30.776877910366082,30.31406596844358,30.560897827148438,241300
2015-01-20,30.70745476681242,30.94657146311895,30.13665428238616,30.344919204711914,227000
2015-01-21,30.460628279121845,30.800021392361817,30.09809265324017,30.32178497314453,235400
2015-01-22,30.591755730888185,31.18569587227009,30.398918137288923,31.077707290649414,256600
2015-01-23,31.077712697479644,31.285977687896498,30.653470506246205,31.17798614501953,195500
2015-01-26,31.285979752917132,31.58680600033008,30.85402238030408,31.563663482666016,198100
2015-01-27,31.332251510174036,31.609938116869078,31.08541962477137,31.39396095275879,175500
2015-01-28,31.625366870253853,31.625366870253853,30.738312720076483,30.86172866821289,157200
2015-01-29,30.95428695525743,31.247397937351455,30.66117303069566,31.162551879882812,197700
2015-01-30,31.031418901417435,31.363099730387816,30.584037305285857,30.97742462158203,333400
2015-02-02,30.977427017049536,32.15759199966713,30.82315637310404,32.11131286621094,289900
2015-02-03,32.19616115418437,32.92122933945584,31.995608438758218,32.797813415527344,420700
2015-02-04,33.22206117202719,34.888177902251314,33.22206117202719,34.209388732910156,756400
2015-02-05,34.20938500505604,35.667239559797,34.016547427930654,35.56696319580078,725200
2015-02-06,35.48211236641355,36.407733277509195,35.30470215767761,36.245750427246094,405700
2015-02-09,36.299739426178846,36.60056551643565,34.76475131997362,35.119571685791016,434700
2015-02-10,35.39726789943478,35.47440470167798,34.63363268326995,35.127296447753906,299800
2015-02-11,35.20442793496685,35.48211451939174,34.74933113104115,35.096439361572266,233200
2015-02-12,35.36640392662053,35.73665459559337,35.235275810812645,35.512962341308594,229400
2015-02-13,35.59010703657561,35.72895034417348,35.07330368021442,35.350990295410156,192900
2015-02-17,35.3972699704277,35.95264320919953,35.127298502951575,35.75209045410156,218500
2015-02-18,35.7520907871259,36.22261501408285,35.559253182141475,36.20718765258789,196600
2015-02-19,36.1531924801209,36.44630645646614,36.09919818743471,36.33831787109375,169500
2015-02-20,36.276605439944426,36.369169599044135,35.72894740637725,36.145477294921875,160600
2015-02-23,36.130051511517074,36.500299336666686,35.82922533748727,36.430877685546875,217400
2015-02-24,36.39230534116955,36.947678467501824,35.93720857208454,36.81654739379883,195600
2015-02-25,36.66999220003244,36.716271332621496,36.199468068925384,36.34602355957031,189600
2015-02-26,36.400020131971075,37.02481494342991,36.37688056422117,36.98624801635742,232700
2015-02-27,37.02481257144595,37.27935957025915,36.63913744049339,36.95539093017578,377000
2015-03-02,37.04024887084961,37.17137703464173,36.461736034774745,37.04024887084961,249000
2015-03-03,37.05567290898301,37.456775459111896,36.66999771952849,36.8859748840332,483700
2015-03-04,36.932252721445195,37.16365722002904,36.600571861236816,37.10194778442383,260500
2015-03-05,37.225361096745324,37.225361096745324,36.3691648064105,36.69313049316406,266800
2015-03-06,36.446295460827926,37.06337500712095,36.11461465298279,37.03252029418945,306600
2015-03-09,37.1713703704813,37.20994023994616,36.022060056645635,36.06062698364258,241400
2015-03-10,35.86779742320255,35.92950687416502,34.84961502207042,35.590110778808594,234600
2015-03-11,35.6055372342367,35.767520125182614,34.71077081536167,34.97303009033203,258800
2015-03-12,35.21985501629842,35.89864411259236,35.21985501629842,35.62866973876953,157300
2015-03-13,35.62096083703734,35.62096083703734,34.834183095165216,35.28927993774414,170000
2015-03-16,35.327845382569436,35.327845382569436,34.363657446677976,34.82646942138672,332800
2015-03-17,34.79562043029637,35.173580515614304,34.46393949034145,35.135013580322266,210500
2015-03-18,35.111858929079744,35.16585320379481,34.309654072645436,34.84188461303711,220300
2015-03-19,34.89589121778165,35.25071167349524,34.5719225398711,34.71076583862305,156100
2015-03-20,34.93445593619786,35.52068087191173,34.718475850435574,35.42811965942383,716700
2015-03-23,35.466688650724166,36.346027576718214,35.443549081872135,35.991207122802734,192400
2015-03-24,36.09919391063952,36.23803720180285,35.890928973894525,36.06062698364258,149100
2015-03-25,36.23032311753921,36.46172761000764,35.62866790615994,35.636383056640625,106000
2015-03-26,35.66724349727621,35.998921459476925,35.11187027225504,35.389556884765625,133800
2015-03-27,35.45125345277316,35.82921633444518,35.18128206762701,35.7906494140625,147500
2015-03-30,35.844659767106776,36.27661417706837,35.613252256091656,36.09149169921875,129100
2015-03-31,36.08377048686141,36.60828899013717,35.96035454152995,36.37688446044922,221600
2015-04-01,36.022057942862254,36.2226077169588,35.49753952757253,36.16861343383789,213100
2015-04-02,36.2997473710353,36.79341110847498,36.2303257240536,36.47715759277344,108600
2015-04-06,36.484869033690366,36.81654990201674,36.47715682528487,36.7317008972168,172300
2015-04-07,36.87826807719098,37.01711140113109,36.54658713027503,36.67771530151367,161200
2015-04-08,36.63914539972907,36.777988712430776,36.17633631903563,36.4848747253418,182900
2015-04-09,36.58515458200146,36.81655914434014,35.9063653156685,36.52344512939453,269000
2015-04-10,36.741816945962555,37.4203425474135,36.45324906548317,37.12397384643555,326800
2015-04-13,37.17077159786327,37.38914697986592,36.87440288290151,37.31895446777344,146800
2015-04-14,37.34235219327571,37.35015003863296,36.97579098351723,37.12397384643555,143800
2015-04-15,37.11616282881598,37.58411073785394,36.50002913430848,36.68721008300781,188900
2015-04-16,36.827603486796576,37.17856301139875,36.51563615921584,36.78080749511719,127200
2015-04-17,36.58583006222264,37.100574089872524,36.58583006222264,36.99138641357422,128500
2015-04-20,37.18636850985882,37.61532140789927,37.03038482644194,37.12397384643555,198100
2015-04-21,37.272160314416624,37.41254533435028,36.788610590137885,37.240962982177734,167200
2015-04-22,37.23316661485742,37.41254681964046,36.99139174311951,37.17856979370117,134900
2015-04-23,37.240959535036914,37.615318561827685,37.13956970221616,37.22536087036133,119800
2015-04-24,37.35014969435337,37.60752321589005,37.006987974112405,37.26435852050781,87500
2015-04-27,37.240961822585014,37.53733051934357,36.88220143843276,37.038185119628906,115100
2015-04-28,37.03818875862873,37.63872108125308,37.01478927030848,37.52953338623047,115000
2015-04-29,37.365745027116866,37.52952653977235,36.84320316050908,36.882198333740234,124500
2015-04-30,36.882200142161835,37.27215784387602,36.40645127004794,36.679420471191406,201500
2015-05-01,36.94458957004631,37.16296789275932,36.39085038147954,36.648223876953125,161700
2015-05-04,36.609227695539474,37.52173025788578,36.609227695539474,37.06937789916992,268500
2015-05-05,37.092779361575765,37.326753398321216,36.16467808478297,36.50004196166992,169600
2015-05-06,36.75741352518694,37.08497656414024,36.539035190743604,37.06937789916992,147500
2015-05-07,37.06938340161032,37.201970585968205,36.62483179696261,36.76521682739258,111200
2015-05-08,37.030377746479296,37.950678030028165,36.765206427911984,37.88048553466797,200200
2015-05-11,37.8259003654739,37.85709769836596,36.99918889468274,37.4593391418457,227600
2015-05-12,37.29555496796734,37.560726328504416,36.53903606214133,36.67162322998047,271200
2015-05-13,36.8120007492222,37.42813451668419,36.656017102693255,37.04597473144531,175800
2015-05-14,37.24875171313721,37.79469299316406,36.74180857643705,37.79469299316406,171900
2015-05-15,37.75570380807883,37.802499802402195,37.06157958889163,37.23316192626953,134100
2015-05-18,37.279953775077054,37.537327273063866,36.83540225595528,37.37354278564453,160400
2015-05-19,37.52173382812204,37.630921518162474,36.76521486835414,37.58412551879883,167900
2015-05-20,38.59801978315958,41.054751847203896,37.911693303379074,39.94727325439453,1316700
2015-05-21,39.97066566465714,40.61019607728035,39.97066566465714,40.33722686767578,627700
2015-05-22,40.32162716917496,40.38401885471145,39.88487346985485,40.11104965209961,227800
2015-05-26,39.93946184996996,40.10324334914532,39.10495271591552,39.27653503417969,281900
2015-05-27,39.47151813688864,40.204637528221056,39.11275777358604,40.033058166503906,595400
2015-05-28,40.10323890816214,40.24362388480662,39.87706575702642,40.173431396484375,306100
2015-05-29,40.00965871599258,40.43861158336322,40.00186087119286,40.15784454345703,314500
2015-06-01,40.267030956642735,40.54780096287055,39.83807810274624,40.4464111328125,189700
2015-06-02,40.39181070014629,40.93775195920758,40.18903107314099,40.547794342041016,226200
2015-06-03,40.74278032040562,40.95335485260813,39.9238668001337,40.92995834350586,230400
2015-06-04,40.929956274294085,41.43690243024892,40.516602100298876,41.00014877319336,204800
2015-06-05,40.94554895016748,40.94554895016748,40.32941521383601,40.820762634277344,330600
2015-06-08,40.73498394412025,41.27312453816192,40.57120241225644,41.17173767089844,237300
2015-06-09,41.319917777461455,41.68647896965772,41.000152580590616,41.52269744873047,268900
2015-06-10,41.64748675636236,42.77056394777365,41.46810358242803,42.17002868652344,385400
2015-06-11,42.40398842176101,42.49758038748863,42.06082680618082,42.27140426635742,230300
2015-06-12,42.20901828714113,42.70816363959077,41.88925310978176,42.497589111328125,188000
2015-06-15,42.46639720725736,43.38669768406445,42.29481485475868,43.18391799926758,361300
2015-06-16,43.09032099930607,43.277501983297135,42.41959335478756,43.19950866699219,367200
2015-06-17,43.41788713528603,43.581671623774284,42.91874177548057,43.35549545288086,452400
2015-06-18,43.54267522093626,44.501970740065296,43.44128539285698,44.16660690307617,346400
2015-06-19,44.112009435964225,44.59555607792919,43.87803247117214,44.26799011230469,544600
2015-06-22,44.50198021199316,44.69695909010805,44.27580399934591,44.611167907714844,249400
2015-06-23,44.87634083155389,45.23510126548755,44.45518572642742,45.04792022705078,288200
2015-06-24,44.91532824353092,45.52366130671634,44.62676037703799,44.94652557373047,493400
2015-06-25,44.96211467870107,45.079100179363444,44.439569921959446,44.5019645690918,495000
2015-06-26,44.73595427070271,44.8451419664244,44.42398687566226,44.611167907714844,847700
2015-06-29,44.696959225882445,45.24289770614926,44.44738649914859,44.5877685546875,374800
2015-06-30,44.938731753086856,45.31309084836664,44.63456517411838,44.70475769042969,387100
2015-07-01,44.95431964512891,45.20389231549322,44.61895581148796,45.07130813598633,214900
2015-07-02,45.12590582997162,45.21169700058346,44.46297595033357,44.673553466796875,164300
2015-07-06,44.40838895765508,44.91533523936362,44.20561223005664,44.70475769042969,222200
2015-07-07,44.89193002988504,45.406674058079375,44.51757100712017,45.00111770629883,355600
2015-07-08,44.681354492176624,45.141504702456565,44.4083823139631,44.55656814575195,457000
2015-07-09,44.769075557244996,45.21771055946015,43.91115892095347,44.00560760498047,396200
2015-07-10,44.44637865296698,45.05243020545348,44.05283891777859,44.769081115722656,320500
2015-07-13,44.94222985295672,45.68995583876142,44.792685856783564,45.53253936767578,292600
2015-07-14,45.477444039084716,46.03627266138918,45.280674200905956,45.375125885009766,286700
2015-07-15,45.343641767461385,45.55615355194636,44.698236941604534,44.87926483154297,208900
2015-07-16,45.13900206439833,45.61125150248397,44.95797416399654,45.31216049194336,246500
2015-07-17,45.30429943235986,45.45384346416655,45.00520836627629,45.02095031738281,164300
2015-07-20,45.12326341193919,45.320033261802934,44.391279330248494,44.5172119140625,380000
2015-07-21,44.532970707675695,44.85567326342099,44.37555416774538,44.745479583740234,203200
2015-07-22,44.59592777045947,45.06817430569331,44.399157880367,44.784828186035156,287800
2015-07-23,44.84777770427097,45.25705929646575,44.40701221979908,44.54081726074219,272900
2015-07-24,44.43850166560297,44.643143988509344,43.28936647610277,43.32085037231445,280500
2015-07-27,43.116211392868145,43.56484644003064,42.41571116142038,43.21853256225586,261100
2015-07-28,43.39169385960625,44.42276608739561,43.163440083046,44.39915466308594,197900
2015-07-29,44.35979497211563,44.7926880368177,44.1472831761776,44.41489028930664,181200
2015-07-30,44.13941133690438,44.84778094958369,44.115796914753126,44.63526916503906,276700
2015-07-31,44.776945227535464,44.989457019386414,44.62740122696015,44.90287780761719,368400
2015-08-03,45.05243173669275,45.65061083342322,44.910757187012116,45.48532485961914,432600
2015-08-04,45.634864559808854,46.028404271089514,45.241324848528194,45.62699508666992,199000
2015-08-05,45.78439678525823,46.351094784436455,45.50892025925157,45.973297119140625,356500
2015-08-06,46.02840863174825,46.21730903214577,45.20197576025787,45.48532485961914,390800
2015-08-07,44.1236716182778,44.23386225231781,38.22844567491073,39.55073928833008,2035200
2015-08-10,39.747511700348326,40.61329788293236,38.991916158914655,39.13359069824219,614100
2015-08-11,38.65346872934177,39.07849231400351,38.40947304130198,38.59837341308594,419300
2015-08-12,38.488183977302725,38.73217667045953,37.764069365830174,38.566890716552734,351700
2015-08-13,38.57476078907458,38.779403118256866,38.149740187060765,38.472442626953125,368000
2015-08-14,38.29141731263247,38.72431041946438,38.03955212311318,38.66134262084961,233600
2015-08-17,38.433099587315446,38.93683006767222,38.29929448958102,38.91321563720703,219400
2015-08-18,38.82662747173812,39.39332258679909,38.69282241511249,39.29887390136719,364400
2015-08-19,39.11784338691927,39.432673318125175,38.67707788026775,38.8659782409668,189500
2015-08-20,38.48818943271305,39.212301144353326,38.37012630463384,38.637733459472656,230500
2015-08-21,38.181212916125745,38.57475253926749,37.68535515274486,38.3228874206543,302900
2015-08-24,36.795954252863766,37.11078714799351,35.89868440495368,36.97698211669922,290600
2015-08-25,37.77980878474257,37.77980878474257,36.93763412078024,37.0005989074707,549200
2015-08-26,37.535819411526454,37.77981513180856,36.811707729352364,37.47285461425781,271100
2015-08-27,37.52794917890793,37.937230861522465,37.0320882746386,37.76407241821289,203500
2015-08-28,37.63813492595155,38.71643281335762,37.63813492595155,38.64559555053711,177200
2015-08-31,38.5511536240197,38.82663325103276,38.2363236248948,38.732181549072266,172800
2015-09-01,38.1261328167895,38.3386446583488,37.929362926731294,38.165489196777344,298100
2015-09-02,38.385861404250825,38.67707993174191,38.0631589812284,38.50392150878906,171800
2015-09-03,38.55114389646795,39.03126275164102,38.48030663910685,38.803009033203125,162200
2015-09-04,38.37800385498253,38.75580474335268,37.95298310988984,38.29142761230469,129000
2015-09-08,38.7243091702689,39.15720226313625,38.47244398887445,39.094234466552734,167800
2015-09-09,39.353968290057296,39.54286865893615,38.66133760746082,38.69282150268555,149900
2015-09-10,38.59050305744496,39.141459252733206,38.346510358473815,38.92894744873047,203300
2015-09-11,38.803011525689435,39.2909998841508,38.50392053067852,39.03126525878906,77600
2015-09-14,39.19655322883337,39.25164854622723,38.73217626617831,39.15719985961914,117600
2015-09-15,39.18081283229249,40.15679264079224,39.05488024433797,40.11743927001953,169800
2015-09-16,40.19615207946443,40.84942954229335,39.920675440000544,40.69988250732422,117200
2015-09-17,40.810060231161025,40.991091111123616,40.172527924003816,40.23549270629883,176100
2015-09-18,39.904921878292306,40.34568437319256,39.48776779958688,39.59796142578125,196000
2015-09-21,39.960028060900896,40.707754214193315,39.810484031230466,40.38505172729492,119900
2015-09-22,40.09383009834299,40.70775417221351,39.597972157198114,39.64519500732422,114400
2015-09-23,39.85770001910556,40.1410490812507,39.220167631748595,39.55860900878906,147700
2015-09-24,39.393327369473,39.464164642764544,38.96830372972372,39.259525299072266,130100
2015-09-25,39.45629355946777,40.196147159521175,39.094234731597545,39.63732147216797,135000
2015-09-28,39.416939381551636,39.68454350596431,39.117848356807805,39.47990417480469,131500
2015-09-29,39.432672834756346,39.88130780813913,38.62198209381368,39.007652282714844,158000
2015-09-30,39.18868424754932,39.48777225930488,38.66133948556092,39.015525817871094,131900
2015-10-01,38.999787374105175,39.59009698017883,38.81088998154476,39.4090690612793,173200
2015-10-02,39.125716915673515,39.4641613035998,38.57476072585376,39.11784744262695,216200
2015-10-05,39.42480937023703,40.20401933891082,39.1965556114622,40.030860900878906,121400
2015-10-06,39.960025756543025,40.912391211436905,39.960025756543025,40.8100700378418,223700
2015-10-07,40.94387234711956,41.01470961598448,40.10956706965158,40.81793975830078,266800
2015-10-08,40.77818782884402,41.414228354667266,40.34885933658315,41.33472442626953,182800
2015-10-09,41.39833268089694,42.018471900126386,41.04055888792577,41.13596725463867,106000
2015-10-12,41.23137130344428,42.90893045485188,41.23137130344428,42.718116760253906,167600
2015-10-13,42.455742182551205,43.1633373801137,42.18542460937091,42.431888580322266,143100
2015-10-14,42.50344815115874,42.76581657533057,41.80380508579483,42.01051712036133,90700
2015-10-15,42.010520532734894,42.95663070678711,41.20751986842244,42.95663070678711,117500
2015-10-16,42.96457880199141,43.004330765802166,42.575002277732956,42.9804801940918,113200
2015-10-19,42.91686594915791,43.401847695089174,42.726055348290416,42.88506317138672,100500
2015-10-20,42.94867371390309,42.94867371390309,42.463691911658294,42.79761505126953,76200
2015-10-21,42.845325812468225,43.25875296570358,42.662464327305045,42.87712860107422,66300
2015-10-22,43.2587454648377,43.72782590035675,43.179241539989185,43.67217254638672,153900
2015-10-23,44.18895457959037,44.18895457959037,43.17128681017045,43.80732727050781,150500
2015-10-26,43.92658844335935,44.149201857708974,42.33648569427847,42.47959518432617,142400
2015-10-27,42.40008880037471,42.90892116530214,42.12181901569994,42.5511474609375,548500
2015-10-28,42.74991185387028,44.02994502462077,42.74195964188288,43.99814224243164,150700
2015-10-29,43.76758034113966,43.942492625167276,43.147441200140655,43.60062026977539,104900
2015-10-30,43.63242029895069,43.87093510481857,42.71016082548268,42.94072341918945,143300
2015-11-02,43.012281473948285,43.9106904458244,42.21723003795752,43.72782897949219,125900
2015-11-03,43.64832235607592,43.89478634498343,43.012278820220835,43.12358856201172,139000
2015-11-04,43.33029934029821,43.63241970784071,42.84531752297165,43.44955825805664,739800
2015-11-05,43.513159707890885,43.6244664108277,42.51139634857937,42.89302062988281,148700
2015-11-06,43.32235253753523,43.727827420971394,41.334724018400166,43.44160842895508,258800
2015-11-09,43.36210277125278,44.101500793500485,42.91687290889364,43.4575080871582,206500
2015-11-10,43.38595111561188,44.03789296779105,43.37800193672781,43.74372482299805,113400
2015-11-11,43.950439539240705,44.22075713112971,43.52906327622091,43.886837005615234,167000
2015-11-12,43.53701912227701,43.82323814962026,42.92483213175826,43.2110481262207,140300
2015-11-13,42.87712338625977,43.537014488731955,42.781718064926054,43.385955810546875,153500
2015-11-16,43.362103346476694,44.20485587510141,43.226943033677415,44.165103912353516,197500
2015-11-17,44.212807835551345,44.65803466840045,43.45750841612191,44.530826568603516,337200
2015-11-18,44.62623106564362,44.69778580515728,44.06174232820028,44.650081634521484,191900
2015-11-19,44.6739344328274,45.22252180743576,44.56262772866925,44.944252014160156,189800
2015-11-20,44.999905858889385,45.35767957822902,44.60238017804096,45.25432205200195,216200
2015-11-23,45.1589072220513,45.8028997811624,44.68187771870356,45.75519561767578,120900
2015-11-24,45.68365292270982,45.96192273369651,44.97605765877063,45.421287536621094,266300
2015-11-25,45.413339392817754,45.413339392817754,44.69779488520335,44.99991226196289,112700
2015-11-27,44.97606212591475,45.1112224550483,44.5546858106786,44.96811294555664,79100
2015-11-30,45.05555250653032,45.405376994660344,44.817037740092445,44.95219802856445,212600
2015-12-01,45.198670907592195,45.41333514968386,44.68188931696891,45.087364196777344,235700
2015-12-02,44.928348218790795,45.34972747568519,44.23665442790989,44.3718147277832,145800
2015-12-03,44.55467152333055,45.11120798923569,43.664211964730434,43.847076416015625,212400
2015-12-04,43.998139347817784,44.89654817183352,43.974288779185166,44.80113983154297,208600
2015-12-07,44.769340685523005,44.94424991264441,44.1332972065649,44.34796142578125,162500
2015-12-08,44.00610171496442,44.30822215066945,43.35415969199317,44.14126205444336,218000
2015-12-09,44.045847539635304,44.68188803524672,43.5688148932665,43.85503387451172,118200
2015-12-10,43.74373051099573,44.15715762296877,43.28259922087484,43.54496765136719,137900
2015-12-11,42.940722005995035,43.3302985012997,42.28083096371515,42.52729797363281,217300
2015-12-14,42.447798453270714,42.78967083569456,41.406282945176415,41.79585647583008,561100
2015-12-15,41.93100412679962,42.471636184839646,41.6606865813397,42.1218147277832,204900
2015-12-16,42.29673260175208,43.85503252631468,42.24902842871764,43.783477783203125,282500
2015-12-17,43.8073333305918,44.061749549921394,43.02023409981605,43.17924499511719,189700
2015-12-18,42.89302731913323,43.73577993444383,42.543202732055775,43.25080108642578,632000
2015-12-21,43.385961582227246,43.9265968631737,42.44780053781315,43.06793975830078,240800
2015-12-22,43.211045294298486,44.7454948425293,42.98048267772085,44.7454948425293,179800
2015-12-23,44.92039823403048,46.017569871961875,44.7534381897244,45.89036178588867,168400
2015-12-24,45.68365378930894,46.00167556993207,45.25432529533186,45.64390182495117,98200
2015-12-28,45.54849377823497,45.71545383827479,44.82499715184879,45.62004852294922,243600
2015-12-29,45.78701380225924,45.78701380225924,44.69779414889778,45.055564880371094,172700
2015-12-30,44.94425933872089,45.32588368640507,44.5546858106786,44.96811294555664,104100
2015-12-31,44.71368345047581,45.0635049071996,44.16509614919009,44.58647537231445,139700
2016-01-04,43.791432941455305,44.3241159282181,43.57676869767793,44.021995544433594,176000
2016-01-05,44.15715486028004,44.75344340185893,43.90273865850347,43.982242584228516,462100
2016-01-06,43.62446637473206,44.292309624680556,43.3223490478336,43.59266662597656,298400
2016-01-07,43.030704274761504,43.351830167663515,42.13958589380121,42.4687385559082,368300
2016-01-08,42.68549337388262,42.72563640581766,41.24043303623872,41.425079345703125,282200
2016-01-11,41.730138011585964,42.38844314309464,41.65788485995781,42.29210662841797,146900
2016-01-12,42.58915141175895,42.58915141175895,41.376907338768405,42.34830856323242,204600
2016-01-13,42.34831436593352,42.57310064702815,41.376913008364994,41.61775588989258,219200
2016-01-14,41.64986507671397,42.637322939548284,41.36887918994257,42.308170318603516,362000
2016-01-15,41.63380398839153,41.63380398839153,40.45367012867009,41.44915771484375,168700
2016-01-19,41.64986512643697,41.74620165738182,40.86311015500736,41.336769104003906,170800
2016-01-20,40.82296942594691,41.970990281188335,40.100440809437934,41.665924072265625,234300
2016-01-21,41.75422825810574,42.02718431342382,41.09592301807092,41.43310546875,134500
2016-01-22,41.8184556091782,42.741690157451956,41.56155614682924,42.47676086425781,144900
2016-01-25,42.34028645367532,42.66140926621327,41.553528366121576,42.02718734741211,162000
2016-01-26,41.92282462976399,42.46070695612099,41.441135810468886,41.633811950683594,229200
2016-01-27,41.66593005225307,42.412545206873176,41.144101202255364,41.60170364379883,400400
2016-01-28,41.88267491003396,42.44464357823339,41.23239954842398,42.187744140625,127500
2016-01-29,42.30013394253021,44.1385728869226,42.30013394253021,43.937870025634766,437800
2016-02-01,43.71309658383156,43.90576967202022,42.93436827431994,43.3277473449707,185300
2016-02-02,43.01464668409799,43.48830258465766,42.4045081575598,43.432106018066406,366800
2016-02-03,43.64083470079288,43.80139761722911,42.63732030117009,43.63280487060547,322500
2016-02-04,42.83000132295839,44.1466150328136,41.26452101814656,42.35634231567383,370500
2016-02-05,42.34027474184392,44.15462716513727,42.187738615284665,43.61674499511719,347100
2016-02-08,43.383935314024924,44.138577040996054,42.95844312556161,43.745201110839844,294700
2016-02-09,43.279572826409996,44.146610816246515,42.516901201087094,42.55704116821289,286700
2016-02-10,42.82999554972331,43.689003674901734,42.62929265949502,42.70957565307617,193700
2016-02-11,42.11549076245024,42.372390198717014,41.12803298008431,42.01112747192383,119000
2016-02-12,42.45267740986717,43.02267289938302,42.1476081505205,42.95844650268555,178900
2016-02-16,43.30365746664813,43.889709578858586,42.97450482657148,43.408023834228516,120300
2016-02-17,43.544494282653545,44.35533249756002,43.408014744016235,43.84153366088867,117500
2016-02-18,43.833509365440946,44.31519813249597,43.35985042886917,43.80139923095703,139000
2016-02-19,43.7532295217032,44.67646403018189,43.576610000520105,44.56406784057617,130700
2016-02-22,44.78885788091039,44.95744757431815,44.01815951463231,44.07435607910156,176900
2016-02-23,44.074355971966696,44.69251817962585,43.52041403428333,44.06632614135742,163500
2016-02-24,43.66492850363271,44.684499744855884,43.46422557573406,44.54802322387695,252100
2016-02-25,44.55604021449774,44.55604021449774,43.62477895593729,44.395477294921875,207800
2016-02-26,44.61223792848019,44.80491404944106,43.79336977374184,43.88167953491211,146900
2016-02-29,43.81745034075934,44.40350233082208,43.31970503756964,43.73716735839844,241100
2016-03-01,43.978018573608736,44.33928440697288,43.528446036518446,44.114498138427734,379600
2016-03-02,44.01817176511355,44.01817176511355,43.19930337461668,43.857608795166016,230400
2016-03-03,43.84153636720777,44.58815130485986,43.440130618469354,44.3553352355957,231600
2016-03-04,44.33929046387152,44.94139924756747,44.170700739432725,44.54802322387695,243900
2016-03-07,44.3874574382842,44.92533978075738,44.226894493708336,44.507877349853516,195500
2016-03-08,44.31520476442053,44.371401336281174,43.95393890068532,44.10647201538086,211100
2016-03-09,44.13858753597287,44.70055634658581,43.85760466190822,44.54802322387695,206300
2016-03-10,44.66842684913104,44.70054004087675,44.0984314768159,44.37138748168945,146800
2016-03-11,44.64435147939917,44.71660464252151,44.26702906503992,44.5560417175293,176400
2016-03-14,44.451673807201665,44.62026655693156,43.88167835270986,43.90576171875,96900
2016-03-15,43.6488683166143,44.114500541084595,43.32774549584345,43.849571228027344,118000
2016-03-16,43.745208722464184,45.01364955339828,43.67295555052922,44.507877349853516,188200
2016-03-17,44.572097340343,45.23842933011879,44.379421222074484,44.97350311279297,312500
2016-03-18,45.17421061294691,45.18223738172321,44.708578399355126,44.75674819946289,273400
2016-03-21,44.628287060718264,45.33476196940302,44.51589395166257,45.23842239379883,146600
2016-03-22,44.94942416405296,45.34280014472429,44.73266465812897,44.853084564208984,119000
2016-03-23,44.88519173561049,45.21434433466054,44.39547622086905,44.427589416503906,96300
2016-03-24,44.15463724907705,44.88519567015336,43.953934352490336,44.81294250488281,92600
2016-03-28,44.85307785690164,45.463216314740464,44.85307785690164,45.134063720703125,70200
2016-03-29,45.06984604620494,46.00110744814441,44.74069338851469,45.97702407836914,108900
2016-03-30,46.19378971034778,46.38646281902878,45.471257896584405,45.920833587646484,148200
2016-03-31,45.89673280878569,46.16166207853254,45.59969340594947,45.607723236083984,117500
2016-04-01,45.2705415014483,45.88870674451662,45.16617514548016,45.872650146484375,96700
2016-04-04,45.84054068554258,45.91279385133347,44.989562357875634,45.4873046875,139100
2016-04-05,45.230411322744985,45.5435073959016,44.820978703036396,44.94139862060547,158500
2016-04-06,44.9574467754002,45.423078944137266,44.85308041646206,45.262516021728516,174400
2016-04-07,44.88971671725614,45.16526303792186,44.4520837800438,44.59796142578125,141000
2016-04-08,44.86540409519559,44.86540409519559,43.05003958344851,43.268856048583984,175600
2016-04-11,42.97709998449216,43.38231496633062,42.4098014831543,42.4098014831543,224900
2016-04-12,42.40980149453481,43.99824348179702,42.35306855284084,43.601131439208984,231400
2016-04-13,43.90910204084455,44.19275133260831,42.952794297833314,43.358009338378906,122700
2016-04-14,43.40662596235762,43.722693124380875,43.22022745889634,43.31747817993164,76500
2016-04-15,43.341793582573324,43.779426499841826,43.00951742499056,43.33369064331055,95600
2016-04-18,43.33369893943184,43.90099754278222,43.27696907909681,43.60924530029297,75000
2016-04-19,43.73890263521776,43.8604652651323,43.38231150109447,43.58491897583008,96700
2016-04-20,43.52008839798787,44.41966612606976,43.32558385210062,43.80373764038086,87500
2016-04-21,43.747004182185414,43.94150871202342,43.244538526458776,43.34178924560547,249800
2016-04-22,43.430947499588974,43.61734604438004,43.171610124962676,43.5281982421875,93600
2016-04-25,43.4552547001245,44.04686821505858,43.35800396807171,44.02255630493164,98500
2016-04-26,44.200851829395745,44.557439907463866,43.93340845218589,44.49260711669922,189400
2016-04-27,44.54933774352582,44.88161391728506,43.633550985001044,44.29810333251953,135900
2016-04-28,44.17653539842931,44.71952507479684,43.568712933394785,43.94151306152344,98300
2016-04-29,43.8118486873018,44.670902543503935,43.77132471242452,44.20895767211914,122000
2016-05-02,44.298103574397636,45.24630827981905,44.00634828042182,44.88971710205078,186100
2016-05-03,44.52502661082688,45.17337313537416,44.063081721591416,44.60607147216797,135600
2016-05-04,44.338628067060405,44.82488796047087,43.81185038029743,44.60607147216797,152300
2016-05-05,44.66279853302738,45.36787177905125,44.37104323355676,44.86540603637695,158500
2016-05-06,44.65469534603477,45.35977172851563,44.57365357615082,45.359771728515625,165800
2016-05-09,45.38407656671742,45.65962286953428,44.865401900602116,44.88161087036133,226300
2016-05-10,45.076123086932014,46.00001294298453,45.043708231218964,45.94328308105469,102700
2016-05-11,45.94327709410211,45.99190400865343,45.497541197789836,45.58668899536133,88200
2016-05-12,45.60289439917058,45.94327349976494,44.87350619568985,45.26251220703125,131200
2016-05-13,45.16526375982443,45.36787126085982,44.67090096265085,44.73573684692383,94200
2016-05-16,44.589865157266146,45.303044521843404,44.26569187567315,44.954559326171875,76400
2016-05-17,44.719527432190446,45.076115517518765,43.941515377904075,44.136016845703125,107300
2016-05-18,44.06307757202143,44.81677770801559,43.69028051959605,44.31431198120117,106100
2016-05-19,44.06308147119028,44.44398458846541,43.70649335795197,43.84426498413086,116300
2016-05-20,43.884786699639946,44.14412405800732,43.62544934127257,43.957725524902344,161600
2016-05-23,44.04686892151324,44.411563036991694,43.68217789757986,44.29810333251953,121700
2016-05-24,44.549341594574564,45.14095517013914,44.27379524923192,44.74384307861328,163400
2016-05-25,44.54933863730042,46.70508234015664,44.16843554332046,46.21882247924805,389600
2016-05-26,46.178300654914466,46.47815888685262,45.09232434005038,45.213890075683594,228600
2016-05-27,45.2463126297457,45.424605144225566,44.80867964670846,45.01939010620117,160700
2016-05-31,45.16527029503207,45.343565911036215,43.86047730491936,44.330528259277344,183800
2016-06-01,44.306212240008875,45.59479622723539,44.03877191366515,45.40839767456055,191800
2016-06-02,45.27872618232586,45.27872618232586,44.719530558874595,45.084224700927734,100200
2016-06-03,44.98696822729085,45.157160877953054,44.74383984404572,45.043701171875,137700
2016-06-06,45.02750225464089,45.59480091169904,44.74384983456601,45.384090423583984,97200
2016-06-07,45.42460433023154,45.42460433023154,44.61417426870539,44.768157958984375,196500
2016-06-08,44.70332240580873,45.39218672666067,44.70332240580873,45.19768524169922,122900
2016-06-09,44.9302509166233,45.270633221421,43.819962365219304,45.14096450805664,172500
2016-06-10,44.84108798897851,45.14094618726906,44.476393914546904,44.946441650390625,97600
2016-06-13,44.73573696899401,45.27872358930885,44.50881446496449,44.711421966552734,141800
2016-06-14,44.55744456963422,45.08422534811127,44.28189822407698,45.05180740356445,144200
2016-06-15,44.897817506980665,45.37597126962285,44.743833848042435,44.82487869262695,147800
2016-06-16,44.6627983999418,45.19768208352903,44.46019089719596,45.02749252319336,90300
2016-06-17,45.11664048074463,45.11664048074463,44.0549790683917,44.281898498535156,335500
2016-06-20,44.857299950385574,45.262514956591566,44.3872521507901,44.55744171142578,96700
2016-06-21,44.62227421979242,44.62227421979242,44.1117024849752,44.37914276123047,122600
2016-06-22,44.44398847513688,44.97076929651913,44.411570527949685,44.46019744873047,101800
2016-06-23,45.100428493021724,45.11663437165584,44.67900454300075,44.97886276245117,89700
2016-06-24,43.860471078191125,44.905926528357305,43.771323282845074,44.711421966552734,211700
2016-06-27,44.541232086102305,44.82488444120815,44.0468692911435,44.727630615234375,164100
2016-06-28,45.01127422824276,45.165254785477444,44.5412234352982,44.93833541870117,140400
2016-06-29,45.140954233648024,45.34356174538652,44.687112294397465,45.100433349609375,197800
2016-06-30,45.03559663749453,46.802334354836205,45.03559663749453,46.79423141479492,244200
2016-07-01,46.794225088570016,47.00493550815444,45.92706222721559,45.983795166015625,157700
2016-07-05,46.064842089932235,46.45384812541778,45.58668825831653,46.2269287109375,182700
2016-07-06,46.37280984905786,46.859066657106915,46.12157541302346,46.8266487121582,168700
2016-07-07,46.93298084052217,47.12928294809255,46.66306154240572,46.8266487121582,169400
2016-07-08,46.949340364082566,47.767273101295395,46.71213912145106,47.56278991699219,238700
2016-07-11,47.56279186751292,47.832708059376046,47.170181391804164,47.816349029541016,147900
2016-07-12,47.92267756876831,49.116858575657915,47.644580322764426,48.96145248413086,475600
2016-07-13,49.108681325859706,49.296805477301156,48.822403001362595,49.14139938354492,161200
2016-07-14,49.345876181098134,49.558537288213614,49.19864806072384,49.215003967285156,119800
2016-07-15,49.48492902337779,49.56672104642454,48.822402404102675,49.108680725097656,146900
2016-07-18,49.09232559718745,49.534010045132476,49.09232559718745,49.435855865478516,140000
2016-07-19,49.36224154143461,49.45221464557988,49.03507030473879,49.313167572021484,82300
2016-07-20,49.517640116310204,49.517640116310204,48.91236862232868,48.93690872192383,118600
2016-07-21,49.08413423294617,49.08413423294617,48.470684779449016,48.650630950927734,99100
2016-07-22,48.63427723731923,48.830582456755806,48.413435035515185,48.4870491027832,128100
2016-07-25,48.60975011418511,48.69154215210981,48.06991455144982,48.50341796875,131300
2016-07-26,48.67517576439286,48.67517576439286,47.816347015310086,47.91450119018555,89200
2016-07-27,48.192591128935625,48.192591128935625,47.60368173178932,47.82452392578125,138500
2016-07-28,47.81634486130328,48.06172404710667,47.71819381101505,47.72637176513672,115000
2016-07-29,48.03719036899325,48.814227110960054,47.86542523913193,48.511592864990234,187100
2016-08-01,48.51158906456108,48.985988403227466,48.37253888449579,48.691532135009766,202000
2016-08-02,48.88784511220583,49.04325122502065,48.48705665682455,48.6588249206543,243500
2016-08-03,48.61791838766753,48.61791838766753,47.423737398856645,47.93085479736328,108000
2016-08-04,47.82452469363921,48.20895093068733,47.03930695122773,47.301048278808594,297800
2016-08-05,47.44827737104977,50.45827013536112,47.440099416437135,49.803924560546875,416700
2016-08-08,49.77120767220748,49.89389883544296,49.12504315697618,49.37042236328125,202000
2016-08-09,49.337699395782685,49.77120272113706,49.10867924203556,49.45220947265625,131800
2016-08-10,49.45220857987349,49.7957419244578,49.304980449361004,49.64851379394531,118700
2016-08-11,49.85299438044994,50.131091599221804,49.39495098477707,49.542179107666016,222400
2016-08-12,49.3622308445712,49.56671399325653,49.2559018537738,49.32133483886719,120100
2016-08-15,49.313158829596205,49.6321520548928,48.765142347032146,48.86329650878906,313000
2016-08-16,48.65881274964169,49.24772211206566,48.53612160904715,48.8305778503418,117200
2016-08-17,48.72425319632459,49.182296655151255,48.70789416706301,49.03506851196289,171500
2016-08-18,49.12505143144296,49.32135358148516,48.91238712870309,49.231380462646484,96700
2016-08-19,49.23136875966778,49.362237868641984,48.96145258748096,49.108680725097656,92700
2016-08-22,49.19047708919129,49.68941658623851,48.97781593840304,49.673057556152344,111600
2016-08-23,49.93479181433351,50.05748297011076,49.71394960603387,49.87753677368164,72700
2016-08-24,49.44403367906455,49.926614109950066,49.33770155153636,49.820281982421875,91200
2016-08-25,49.77938902296677,50.02476823063129,49.468573695836554,49.99205017089844,103100
2016-08-26,50.098380593855524,50.098380593855524,49.41949491833267,49.681236267089844,86700
2016-08-29,49.763024875297496,50.000226103717154,49.55854170324584,49.59943771362305,66900
2016-08-30,49.61579638626728,49.722128508618546,49.370417205596766,49.509464263916016,75300
2016-08-31,49.41130916783932,49.59125534166686,49.07595692035682,49.215003967285156,182300
2016-09-01,49.329522974224204,49.47675111196834,48.585204331258026,48.7569694519043,146200
2016-09-02,48.69971991939908,49.39496155502389,48.69971991939908,49.386783599853516,101200
2016-09-06,49.304979871375295,49.41131199109127,48.936912669574326,49.26408386230469,122000
2016-09-07,49.27227010779579,49.39495814788486,48.82240460030511,49.30498504638672,121500
2016-09-08,49.30498784006065,49.329527945601576,48.650642228678926,48.855125427246094,145500
2016-09-09,48.511589444609136,48.511589444609136,47.03930809198651,47.047489166259766,262700
2016-09-12,46.83483336388136,47.08839366926473,46.3031788863672,46.70396423339844,231900
2016-09-13,46.67941719705822,46.80210834554497,45.45251819285273,45.86148452758789,239600
2016-09-14,46.01688726793483,46.20501451398931,45.338004824088216,45.395259857177734,417600
2016-09-15,45.32982205085388,45.967811584472656,45.22349306205506,45.967811584472656,229500
2016-09-16,45.97599509653005,45.99235412451525,45.56702875739671,45.74697494506836,204800
2016-09-19,46.00053767716419,46.58126916118442,45.70608139789598,45.886024475097656,140500
2016-09-20,46.08232672276474,46.38496093682242,45.79605153651634,45.86148452758789,89000
2016-09-21,46.04960535673795,46.744849947907376,45.951454317103725,46.63033676147461,103600
2016-09-22,46.92479710707848,47.83270288360329,46.859364114984515,47.775447845458984,120200
2016-09-23,47.57096941316719,48.18441898595743,46.79393266359971,48.078086853027344,122200
2016-09-26,48.0780865692961,48.0780865692961,47.43192206109643,47.456459045410156,93300
2016-09-27,47.57914405070249,47.59550307925625,46.68760039576521,46.932979583740234,226900
2016-09-28,47.161999244760274,47.161999244760274,46.44221759682984,47.047489166259766,106400
2016-09-29,47.121103887968175,47.38284210536408,46.66306044744252,46.90843963623047,149500
2016-09-30,47.121101467223916,47.80816503263317,46.89208131880933,47.62004089355469,123600
2016-10-03,47.62822073971103,47.64457976812855,46.93297919287756,47.19471740722656,246500
2016-10-04,47.23561568558987,47.268333743995434,46.85118629973894,47.039310455322266,119900
2016-10-05,47.145646578642626,47.145646578642626,46.63034803568563,46.83483123779297,166900
2016-10-06,46.785286714294706,47.148541364750336,46.50459451976523,47.02470397949219,119100
2016-10-07,47.499704483742924,47.499704483742924,46.349710748256555,46.599708557128906,165800
2016-10-10,46.95804710096509,47.49971175215294,46.833049766849115,47.0413818359375,95300
2016-10-11,47.16636930938902,47.208038257611406,46.33304120725215,46.79137420654297,86800
2016-10-12,46.79137427837009,47.54136766410789,46.54137330422972,47.208038330078125,108800
2016-10-13,47.0830360721723,47.12470183999713,46.583040500485716,46.62470626831055,82300
2016-10-14,47.0413757974323,47.0413757974323,46.166381855359404,46.37471389770508,89600
2016-10-17,46.16638615925331,46.54138132731896,46.1247172037838,46.249717712402344,84500
2016-10-18,46.583040941869,46.624706710088624,46.16637690188411,46.29137420654297,81600
2016-10-19,46.541379672798406,46.999712735509576,46.0830497889821,46.49971389770508,103600
2016-10-20,46.33303944801319,46.62470618002333,45.999710127151424,46.20804214477539,167900
2016-10-21,46.166381855359404,46.66637748543115,46.166381855359404,46.37471389770508,69100
2016-10-24,46.62471390732099,47.29137583842734,46.29138135232039,46.833045959472656,140100
2016-10-25,46.41638064028287,47.08304255394024,45.29138568077222,45.70804977416992,157800
2016-10-26,45.41637613585195,45.70803966516677,44.374716132736076,44.62471389770508,169500
2016-10-27,44.70805351231015,44.99971707363708,43.66639339486485,44.29138946533203,201900
2016-10-28,44.208056939670904,44.70805572816259,44.208056939670904,44.54138946533203,96100
2016-10-31,44.66639063368274,45.16638946533203,44.45805858188591,45.16638946533203,117900
2016-11-01,45.2497210044574,45.49971883077919,44.49972752549204,44.95805740356445,151600
2016-11-02,45.04137577441721,45.24970776521368,44.64971379336771,44.791378021240234,76300
2016-11-03,44.99971820118565,45.24971599985779,44.74972040251352,44.874717712402344,68600
2016-11-04,44.74972417568655,45.04138776891389,44.45805740356445,44.45805740356445,80200
2016-11-07,45.08304605961436,45.66637632814404,44.99971452649336,45.49971008300781,116500
2016-11-08,45.416386180349434,46.04138232044599,45.333054633227796,45.70804977416992,156000
2016-11-09,45.33305066259218,48.74969465763808,45.33305066259218,47.70803451538086,342800
2016-11-10,48.16636387860733,48.24969859652252,44.9163861733816,44.999717712402344,224900
2016-11-11,44.87472320135124,46.24971603057492,44.416393317908295,45.45805358886719,175200
2016-11-14,45.833047579735016,46.24971164864169,45.458049281940085,45.58304977416992,193500
2016-11-15,45.666379596931,45.87471162354008,44.79138572095176,45.20804977416992,184700
2016-11-16,45.20804606398491,45.708041615254714,45.124714531738,45.62471008300781,171900
2016-11-17,45.62471056158354,46.124706118098004,45.416378549886815,45.49971008300781,92500
2016-11-18,45.66638397022212,45.833050243249254,45.20805410356858,45.291385650634766,192400
2016-11-21,45.666379143324676,45.87471116786438,45.24971509424526,45.5413818359375,129700
2016-11-22,45.79137680671977,46.124706118098004,45.29137807131109,45.49971008300781,164000
2016-11-23,45.49971288791403,45.624713374195615,45.24971509424526,45.5413818359375,142200
2016-11-25,45.666385128121334,45.9163829545535,45.20805524984655,45.37472152709961,73900
2016-11-28,45.45804383961981,45.916373624766166,44.99971405447346,45.62471008300781,477500
2016-11-29,45.541387833830896,46.166383989763276,45.541387833830896,45.999717712402344,238900
2016-11-30,45.99972204160829,46.29138567026835,45.62472367697739,45.87472152709961,324000
2016-12-01,45.58305245348747,46.04138232044599,45.541386679926646,45.70804977416992,187600
2016-12-02,45.8330503331047,46.666378520979336,45.7080498333656,46.541378021240234,299000
2016-12-05,46.70804545662372,47.124709560927045,46.41638185516933,46.833045959472656,178100
2016-12-06,46.999712800269805,48.374702453613274,46.908046187601265,48.37470245361328,259100
2016-12-07,48.45803138240585,49.79135510100036,48.374696663184636,49.58302307128906,313000
2016-12-08,49.58302319739476,50.45801708862871,49.333025396884274,50.416351318359375,250800
2016-12-09,50.41635086319268,50.74968338012695,50.08301834625841,50.74968338012695,227900
2016-12-12,50.624686679077485,51.33301435693879,50.04135632024744,50.54135513305664,802700
2016-12-13,50.79135300308433,51.291348637521246,50.2913541897527,51.166351318359375,286800
2016-12-14,51.333016554264496,51.58301756081782,50.37469101842453,50.58302307128906,229800
2016-12-15,50.374688932015765,51.37468338012695,50.17468877083564,51.37468338012695,163300
2016-12-16,51.58301549365011,52.37467471969406,51.45801499538279,52.208011627197266,563700
2016-12-19,52.16633895971874,52.95800130827261,51.999675879092244,52.833003997802734,206400
2016-12-20,52.874671959490236,53.499664895533094,52.29134161643632,53.083003997802734,216100
2016-12-21,53.08300006645274,53.332997858133865,52.37466928131277,52.458003997802734,205700
2016-12-22,52.49968123302742,52.541347010925406,51.79135347207635,52.041351318359375,147000
2016-12-23,51.99967418323828,52.458003997802734,51.624675906269395,52.458003997802734,115900
2016-12-27,52.458008329790474,52.624674597639334,52.124675794092745,52.54133987426758,74400
2016-12-28,52.41634367171299,52.49967521796139,51.749678586146906,52.208011627197266,123800
2016-12-29,52.291339417196426,52.666337706166374,52.24967364706521,52.624671936035156,79100
2016-12-30,52.83300454830796,53.333000153186276,52.291339993944355,53.12466812133789,151400
2017-01-03,53.3330018079988,53.458002302544145,52.74967146494489,53.083003997802734,178700
2017-01-04,53.2746707977531,53.791336558118914,53.12467147105267,53.66633605957031,260800
2017-01-05,53.65793609619141,54.03610864821757,53.39742192882239,53.657936096191406,108100
2017-01-06,53.65792922056931,54.498304013096785,53.279763128552275,53.86802291870117,119600
2017-01-09,54.12014072488242,56.05299900090072,53.99408321716247,54.666385650634766,464300
2017-01-10,54.7083930022432,55.380695343017585,54.288205642146785,55.38069534301758,188800
2017-01-11,55.38069833171557,55.632806914448636,55.0445471431875,55.50675582885742,140300
2017-01-12,55.33867499578067,55.67482617195918,54.372242768598845,55.63280487060547,117500
2017-01-13,55.92694649611737,56.22107639902165,55.38070158412312,56.05299758911133,184300
2017-01-17,56.431168349693856,58.99430760857901,56.30511084906489,58.40604782104492,629400
2017-01-18,58.195953248678606,60.633041381835945,58.15393194525061,60.63304138183594,551100
2017-01-19,60.927164667392546,62.27176288119052,60.843128481195805,61.935611724853516,589900
2017-01-20,62.31378942928277,63.02810668945313,61.93561694221572,63.028106689453125,545300
2017-01-23,62.98608172001975,63.57434786180307,62.64993696648664,63.40626907348633,501900
2017-01-24,63.65836965894028,64.87691014389786,63.65836965894028,64.62480163574219,582400
2017-01-25,64.58279858258871,65.42317333684895,64.45674108713956,64.7508773803711,578200
2017-01-26,64.87692858772353,65.17106488151477,62.3558043201454,63.028106689453125,865300
2017-01-27,63.07014178535312,63.40628663197155,62.10370932244523,62.229766845703125,771700
2017-01-30,62.145699770934435,62.187721066004215,60.46495055293432,61.47340393066406,766800
2017-01-31,61.05322485016051,61.389376021350685,57.14548110961914,57.14548110961914,871400
2017-02-01,57.145492325472624,58.364033347203986,56.59924736652176,57.81779479980469,484600
2017-02-02,57.985860318333025,58.65816271273112,57.52365162074048,58.02788162231445,246600
2017-02-03,58.195954975267504,59.204402171951415,57.98586127499578,58.99430847167969,356900
2017-02-06,58.70017535334155,59.960737485817965,58.70017535334155,59.162384033203125,309400
2017-02-07,59.03631911424946,59.58256391861297,58.57411049250732,59.20439147949219,328300
2017-02-08,61.51543785777873,70.04524406204739,61.51543785777873,68.36449432373047,1469500
2017-02-09,68.3224846218231,69.54102571012906,65.33915104486447,65.42318725585938,998300
2017-02-10,64.91895544697637,64.96097675298645,62.607924670546794,63.11214828491211,1179500
2017-02-13,63.196187976202246,63.61637541330878,60.380933429898754,60.464969635009766,718700
2017-02-14,59.96073153423893,60.59101253791674,59.456508013606665,59.62458038330078,639300
2017-02-15,59.24641277657775,59.54054262152741,58.53209560697152,59.20439147949219,486500
2017-02-16,59.204406023624614,59.35567375412335,57.60769892692294,58.27999496459961,482800
2017-02-17,58.06990215781197,58.15393836239043,56.22108001088017,56.725303649902344,1013800
2017-02-21,56.851359647758485,58.364030524520366,56.43117222451053,57.73374938964844,502500
2017-02-22,57.859809697230716,58.19596093439675,57.565679769042276,57.81779479980469,269000
2017-02-23,57.901831006208305,58.19596093439675,57.39760735623504,57.81779479980469,183300
2017-02-24,57.691731998009175,58.15393429665229,57.14548708911188,58.11191940307617,254600
2017-02-27,58.279991070794175,58.74219977520123,57.859803670988086,58.61614227294922,366900
2017-02-28,58.532110218912365,58.574125114936756,56.851360500704125,56.893375396728516,432200
2017-03-01,57.439622253661064,58.153939625419156,56.935398603687794,57.81779479980469,429600
2017-03-02,57.691736140719065,57.691736140719065,56.24629033764632,56.38915252685547,275400
2017-03-03,56.2210786252584,56.68328094482422,56.01098491321449,56.68328094482422,255300
2017-03-06,56.599238524818794,56.64125982723199,55.548770079994576,55.674827575683594,319100
2017-03-07,55.63281305762149,56.26309420137801,55.380704447049695,55.8008918762207,312400
2017-03-08,56.01098566767265,56.431173097420306,55.84290684884277,56.17905807495117,148200
2017-03-09,56.05299213215354,56.76731578451616,56.01097724242952,56.30510711669922,127300
2017-03-10,56.725302251853506,56.8513597613901,56.26309352073641,56.68328094482422,193300
2017-03-13,56.55723571777343,57.10347429654896,56.263099361138075,56.55723571777344,185000
2017-03-14,56.473185565410446,56.515206871199055,55.75886824786164,56.22107696533203,161300
2017-03-15,56.38914846247931,57.73374687602103,56.22107606511822,57.39760208129883,294200
2017-03-16,57.39759609089935,57.481632280809315,55.75886153567862,57.14548110961914,357300
2017-03-17,57.52364436847234,58.82622768906448,57.103457027836164,58.78420639038086,671500
2017-03-20,58.868248987748096,59.204393731017035,57.77575933747404,58.78420639038086,250300
2017-03-21,58.82624067826704,58.82624067826704,57.691735890353605,57.77577209472656,220300
2017-03-22,57.90181968377068,58.279985744414084,57.39759613239603,58.19594955444336,202500
2017-03-23,58.0699026025231,59.07835629984183,58.027887705687824,59.03633499145508,230300
2017-03-24,59.20439665719265,59.49853293941565,57.9858558737414,58.19594955444336,257500
2017-03-27,57.943832441398655,59.37247326454671,57.943832441398655,59.33045196533203,261100
2017-03-28,59.162379591573476,59.456509451425994,58.95228591860024,59.33045196533203,209500
2017-03-29,59.28843996445437,60.21285088823667,59.24641866319365,60.128814697265625,197000
2017-03-30,60.25486363238027,60.33890623190911,59.28843785330031,59.54054641723633,202800
2017-03-31,59.4144873378359,59.96073216238913,59.28843626501976,59.45650863647461,404600
2017-04-03,59.4985451441286,59.58258135133735,58.26319302234988,59.0783576965332,218900
2017-04-04,59.07834714611675,59.73383842145739,58.994304542364986,59.66660690307617,184400
2017-04-05,59.75064688993599,59.75064688993599,58.82623589391325,58.952293395996094,207800
2017-04-06,58.901475680268916,59.45195156820822,58.6474049156139,59.409610748291016,209400
2017-04-07,59.240245140987945,59.79072764870806,58.986180764471605,59.3249397277832,160000
2017-04-10,59.49430847167969,59.91775550706531,59.28258495398688,59.49430847167969,190400
2017-04-11,59.49429643865217,60.383537617623965,59.24022568429232,60.341190338134766,152100
2017-04-12,60.298852333147444,60.46823501586915,59.74837638284579,60.46823501586914,139700
2017-04-13,60.468226190688206,60.468226190688206,59.6636731030821,60.087120056152344,146700
2017-04-17,60.171815375983485,61.48449707031249,60.129468095626365,61.4844970703125,230700
2017-04-18,61.3574625821438,62.71249803780842,61.27277448148674,62.67015075683594,179200
2017-04-19,62.71249468855719,62.9242181595364,61.950288900774524,62.41607666015625,195700
2017-04-20,62.585481485836,62.924240451672205,62.28906981371302,62.881893157958984,276400
2017-04-21,62.67014740984632,62.754835505980495,61.950288900774524,62.41607666015625,237500
2017-04-24,63.00892237938267,63.51705754750486,62.73791652563155,63.220645904541016,337800
2017-04-25,63.34768841048323,64.10988801743217,63.1783056946024,64.02519989013672,235900
2017-04-26,63.85582396150093,64.06754751146526,63.39002956706341,63.432376861572266,239500
2017-04-27,63.55940879999054,63.81347316924798,63.3900260925293,63.3900260925293,190400
2017-04-28,63.474698053923376,63.5593926167342,62.162016327099366,62.2043571472168,170700
2017-05-01,62.45843597938274,62.45843597938274,61.21350069622477,61.399818420410156,257200
2017-05-02,61.357467492946476,61.78091449141067,61.103403170641016,61.18809127807617,108100
2017-05-03,60.89167483271199,60.91708061679485,59.985498586458554,60.21415710449219,188800
2017-05-04,60.25651381364838,60.67996084471929,60.25651381364838,60.51057815551758,119100
2017-05-05,60.76465489514718,61.65389633178711,60.67996677291708,61.65389633178711,117500
2017-05-08,61.611549040027285,62.20437235692753,61.56920174826745,61.65389633178711,102000
2017-05-09,61.73857587754717,61.90795209847832,60.510575661286055,60.67995834350586,101500
2017-05-10,60.67995088728379,60.9763624681352,60.044780444907374,60.849327087402344,119400
2017-05-11,60.637601910696134,61.01870804223591,60.29884305864556,60.341190338134766,85600
2017-05-12,60.34119961915004,60.59527041258825,59.578993700124094,60.46823501586914,152600
2017-05-15,60.59526757004422,61.611537773546125,60.59526757004422,61.442161560058594,154400
2017-05-16,61.56920293552918,62.16203272515074,60.29886169371257,60.76465606689453,192400
2017-05-17,60.764649625536656,61.01872043148307,58.47803821717492,59.11320877075195,265700
2017-05-18,58.901472325776325,59.28257198976694,58.562713479291574,58.774436950683594,170800
2017-05-19,58.81678009033203,59.42654474582117,58.266304212009516,58.81678009033203,279200
2017-05-22,58.943811323665415,59.451946347062446,58.054576648042456,58.85912322998047,342400
2017-05-23,59.113192550237464,59.197880641885064,58.01222797495697,58.30863952636719,302300
2017-05-24,57.7581643915498,58.05458244095592,54.28590051369206,56.10672378540039,639600
2017-05-25,56.318455161160045,56.6148667908031,55.13280218129889,55.51390838623047,275500
2017-05-26,55.259826692547,55.75102670274534,54.87872702401001,55.640926361083984,226400
2017-05-30,55.38686505796023,55.979688232405145,55.13279429103355,55.937347412109375,193300
2017-05-31,55.937353031438256,56.360800044662504,55.513906018214016,56.2337646484375,241800
2017-06-01,56.19141700759162,56.86893480898542,55.89500539246505,56.65721130371094,263300
2017-06-02,56.784246324279415,58.16468124349242,56.784246324279415,57.46175765991211,154400
2017-06-05,57.33472464868795,57.588795448417095,56.74190139770508,56.74190139770508,89000
2017-06-06,56.74189941356301,56.91127563326715,56.23376429316196,56.65721130371094,155600
2017-06-07,56.572523170004374,57.20769368556002,56.572523170004374,57.03831100463867,105800
2017-06-08,57.08065199656757,57.800510542569086,56.572516932406955,57.20768737792969,109000
2017-06-09,57.25003453396406,57.25003453396406,56.470893585263205,56.65721130371094,128500
2017-06-12,56.57252038093294,57.25003168735059,55.59859101283875,55.767967224121094,170900
2017-06-13,55.81030641267099,56.36078871142723,55.34451220727248,56.022029876708984,109900
2017-06-14,56.06438229711737,56.360800377153936,55.50543559623405,56.1914176940918,184100
2017-06-15,55.683283834315056,57.250036535874514,55.683283834315056,56.74190139770508,169000
2017-06-16,56.1914176940918,56.6148647098141,55.471559059621626,56.1914176940918,335300
2017-06-19,56.40314084285206,56.809652818324366,55.97969382982571,56.614864349365234,171700
2017-06-20,56.57251786813807,56.57251786813807,55.85265284894181,55.937347412109375,180100
2017-06-21,55.93735560768347,56.06438454847026,55.2174904830173,55.30218505859375,96000
2017-06-22,55.386869860091245,55.4715579693134,55.0057636766587,55.04811096191406,211300
2017-06-23,55.04810913479968,55.767967731227856,55.04810913479968,55.13279724121094,180100
2017-06-26,55.13279873997224,55.64093385354153,55.00576334625778,55.090457916259766,95900
2017-06-27,55.09045824716942,55.55624607853555,55.0057636766587,55.04811096191406,175300
2017-06-28,55.30218141868769,55.72562842354352,55.00576334625778,55.090457916259766,105800
2017-06-29,54.92107258242162,54.92107258242162,53.48135542002935,53.9894905090332,140900
2017-06-30,53.90480583293868,55.344523086901745,53.90480583293868,54.79404067993164,189500
2017-07-03,54.75169954734527,55.005763875932146,53.98949363900744,54.45528793334961,60700
2017-07-05,54.4552846110446,54.836384311318405,53.777766853570945,54.20121383666992,133700
2017-07-06,54.02184774592963,54.23537283583448,53.125043019956074,53.680206298828125,238300
2017-07-07,53.63750730216705,54.27808263601013,53.59480293153777,54.23537826538086,171100
2017-07-10,54.19267790677709,54.19267790677709,53.68021564688293,53.722923278808594,168500
2017-07-11,53.68021068048303,54.70513510544713,53.62042391108031,54.57701873779297,198400
2017-07-12,54.66243193978368,55.68734993214675,54.61972756645769,55.26029968261719,113700
2017-07-13,55.303000182913685,55.303000182913685,54.23537469675705,54.36349105834961,285300
2017-07-14,54.577022783006186,54.98698737036282,54.40620203285105,54.70513916015625,123300
2017-07-17,54.79054831789648,55.68734993214675,54.70513957124451,55.26029968261719,206200
2017-07-18,55.0467750838543,55.13219034759214,54.303711812985085,54.619728088378906,151700
2017-07-19,54.91866641764561,55.94358444213867,54.705141286187065,55.94358444213867,163700
2017-07-20,55.90087402090594,56.28522314812124,55.431122664891085,55.6019401550293,132800
2017-07-21,55.986286861004835,56.11439671493334,54.83324604549405,54.875953674316406,178900
2017-07-24,54.875955768880196,55.3457136387792,54.40620115711596,54.833248138427734,148100
2017-07-25,54.833244564658635,55.303002403941065,54.74783582558977,54.961360931396484,105100
2017-07-26,55.04676609946678,55.54214587670664,54.87594863241033,55.089473724365234,126900
2017-07-27,55.08947986778708,55.473822469659225,54.448904520487226,55.174888610839844,120500
2017-07-28,55.08948004245758,55.43112153202128,52.22824478536677,54.66242980957031,359300
2017-07-31,54.491611709041884,55.303007842528345,53.55210245435327,54.619728088378906,239500
2017-08-01,54.91865921020508,55.17488542456667,53.93644243114642,54.91865921020508,186600
2017-08-02,54.833243004082014,54.89302977135558,52.441765796870605,53.25315856933594,223400
2017-08-03,53.253163872095925,53.722921744785666,52.86882126081854,53.167755126953125,124100
2017-08-04,53.03963740324115,53.423983262886175,50.477336016453954,51.20332336425781,433600
2017-08-07,51.16062024742216,51.30581576566286,49.28159853273728,49.45241928100586,294500
2017-08-08,49.28159151522447,49.32429588167698,47.78691588244638,48.342079162597656,277000
2017-08-09,48.25667824063982,48.38479461886891,47.70151161249357,47.829627990722656,188600
2017-08-10,47.829629170453096,49.36700945644782,47.829629170453096,48.512908935546875,230100
2017-08-11,48.12856179956269,49.068074303034514,46.97552742954595,48.72643280029297,302600
2017-08-14,48.8972534901198,49.794058361019054,48.8972534901198,49.62323760986328,404100
2017-08-15,49.53783057811392,49.96488084171835,49.11078031450948,49.66594696044922,237600
2017-08-16,49.62323145931315,50.05028165520444,49.281593257480786,49.53782272338867,196800
2017-08-17,49.452418761187886,49.70864825183002,48.42749754048458,48.55561065673828,172200
2017-08-18,48.29937632643951,49.36700181224999,48.29937632643951,49.15347671508789,165700
2017-08-21,49.19618144117058,50.05028183603906,49.02536396870444,49.92216873168945,151500
2017-08-22,49.96487822004829,50.47733720623077,48.68372749645731,48.81184387207031,125200
2017-08-23,48.72643811384183,49.02537527587306,48.384799831979954,48.641029357910156,177900
2017-08-24,48.6837272644043,48.76913600898268,48.08585627795132,48.6837272644043,124200
2017-08-25,48.85454917835476,49.09369627539294,48.42749892899525,48.72643280029297,135700
2017-08-28,48.72643417079312,48.982663675988675,48.1712707858919,48.25667953491211,111700
2017-08-29,48.12856304951446,48.683729691354046,48.0858586750964,48.512908935546875,88900
2017-08-30,48.47020456112881,48.89725482157928,48.28230140392743,48.512908935546875,98100
2017-08-31,48.598323703456195,49.28160350736804,48.42750293794445,48.85455322265625,93900
2017-09-01,48.98266229828171,48.98266229828171,48.38479455568626,48.72643280029297,112000
2017-09-05,48.64102265904216,48.93995652176886,48.342085538180704,48.55561065673828,90800
2017-09-06,48.72643811384183,49.06807965383889,48.384799831979954,48.641029357910156,125200
2017-09-07,48.72643280029297,49.11077867634349,48.25667817762448,48.72643280029297,82800
2017-09-08,48.59831611067855,48.76913359136744,47.829624415040136,47.957740783691406,86300
2017-09-11,48.1712632230229,49.15347671508789,48.1712632230229,49.15347671508789,105400
2017-09-12,49.11077984706738,49.32430497683724,48.38479570910383,48.76913833618164,98400
2017-09-13,48.64102399245357,49.665945241253354,48.64102399245357,49.62323760986328,116400
2017-09-14,49.53782513282307,49.794054611193516,49.23889128441332,49.36700439453125,102400
2017-09-15,49.45241639274445,49.53782513282307,49.0680705461215,49.36700439453125,329300
2017-09-18,49.28159853273728,49.836761891941705,49.23889416020382,49.45241928100586,72500
2017-09-19,49.45241639274445,49.50366033353779,48.85454543779036,49.36700439453125,124300
2017-09-20,49.324297444444454,49.75134763876865,48.854542882314725,49.15347671508789,137300
2017-09-21,49.11077984706738,49.49512573228011,48.59832083887368,48.76913833618164,53400
2017-09-22,48.89724963711252,49.11077474469816,48.04314920676995,48.085853576660156,220200
2017-09-25,48.25667698529695,49.58053207397461,47.9577431213853,49.58053207397461,140100
2017-09-26,49.495119420197334,49.96487399415652,48.89724848146086,48.9399528503418,106500
2017-09-27,49.02536633540077,49.79405477301012,48.59831611735071,49.75135040283203,128900
2017-09-28,49.5378240342923,49.836757876073015,49.0253650889155,49.06806945800781,92100
2017-09-29,49.36700305542006,49.36700305542006,48.769132116683586,48.9399528503418,134900
2017-10-02,48.89724742955175,49.70864345337207,48.75205192685324,49.53782272338867,164800
2017-10-03,49.40970766888084,49.75134913788839,48.769132358092584,49.06806945800781,138400
2017-10-04,49.153482110147046,49.452419233865804,48.3420860002458,48.81184387207031,662000
2017-10-05,48.68373245714451,49.19619149554462,48.512911691632766,48.85455322265625,505900
2017-10-06,48.88903190588245,48.88903190588245,47.81123139335941,48.113014221191406,278900
2017-10-09,48.583176459410566,49.58444398314306,48.53964381084137,49.062042236328125,226200
2017-10-10,49.23617579070665,50.193910658843414,48.8704975598144,50.106842041015625,224200
2017-10-11,49.84564522969112,50.06331180274654,49.19264551052486,49.8021125793457,184300
2017-10-12,49.671507519267045,52.0223069932704,49.58444222521539,51.93524169921875,424400
2017-10-13,52.23997992114434,52.631780434818616,51.19517965845576,51.238712310791016,200700
2017-10-16,51.325782740556676,51.49991667734586,50.629250314728544,51.108116149902344,212800
2017-10-17,51.15163923789211,51.412838433564694,50.49863958804668,50.80337142944336,192900
2017-10-18,50.54217775824019,50.93397825523846,50.45511245727539,50.45511245727539,116900
2017-10-19,49.93271368121725,49.93271368121725,49.27971392084565,49.758583068847656,114900
2017-10-20,49.75858185783289,49.75858185783289,49.27971272148551,49.497379302978516,177200
2017-10-23,49.54090881347656,50.193908472768456,49.453840199440826,49.54090881347656,156600
2017-10-24,49.62797614092381,49.802110054806725,49.45384222704091,49.6715087890625,191300
2017-10-25,49.62797546386719,49.75857672782966,49.41030890481514,49.62797546386719,168600
2017-10-26,49.75857551169756,50.23744126564265,49.75857551169756,49.97624206542969,147400
2017-10-27,49.976249655638185,50.58571344158886,49.41031520145138,49.758583068847656,83000
2017-10-30,49.62798178824192,49.88918102812485,49.45384785454378,49.758583068847656,174800
2017-10-31,49.889176091449656,50.28097657316856,49.84564344266493,49.932708740234375,91000
2017-11-01,50.063307358391334,50.19390861916183,49.62797425092706,49.97624206542969,152700
2017-11-02,50.01977579579179,51.41284044133264,49.63668052727198,51.325775146484375,253000
2017-11-03,51.238710235131,51.3083651331085,50.58571051256946,50.890445709228516,89100
2017-11-06,50.89044877456752,51.10811536186564,50.06331507856893,50.411582946777344,166900
2017-11-07,50.28097267255057,51.80463851111271,50.28097267255057,51.6305046081543,260400
2017-11-08,51.064580245464995,51.064580245464995,45.579379853079494,47.7125129699707,634900
2017-11-09,47.66897969679399,48.017247543658065,47.45131312283603,47.88664627075195,289000
2017-11-10,47.75604469743889,49.36677932739258,47.49484547459806,49.36677932739258,426100
2017-11-13,49.279715851958585,49.715049042598956,48.53965075640142,49.45384979248047,350600
2017-11-14,49.19265054236198,49.80211767352423,49.0620492566384,49.45384979248047,334700
2017-11-15,48.97497454496632,48.97497454496632,47.75604051664928,47.843109130859375,228600
2017-11-16,48.10430935295005,48.10430935295005,46.71124470926915,46.84184265136719,242700
2017-11-17,46.53711443694811,47.25976573944252,46.10178128659561,46.188846588134766,224800
2017-11-20,46.145313098670194,46.232378398626935,45.318179463768,45.492313385009766,183200
2017-11-21,45.79704080834509,46.08436224868839,45.31817506243422,45.66644287109375,190500
2017-11-22,45.8405839270831,46.49358367919922,45.36171478513515,46.49358367919922,255300
2017-11-24,46.62418606870956,46.88538533011873,45.36171909701496,45.88412094116211,133100
2017-11-27,45.971182587323945,46.928917564529186,45.70998334675107,46.754783630371094,216300
2017-11-28,46.75477735663517,47.05950920952533,45.927643771368594,46.84184265136719,165200
2017-11-29,46.798312577134126,47.71251150739853,46.798312577134126,47.19011306762695,315200
2017-11-30,47.32070896740488,47.32070896740488,46.18884351603634,46.450042724609375,231000
2017-12-01,46.36297607421875,46.88537447610126,45.66644376459938,46.36297607421875,221200
2017-12-04,46.62418387520062,48.40904928574173,46.62418387520062,48.147850036621094,281500
2017-12-05,48.060777242297554,48.97497613250536,47.608030397713236,48.58317565917969,242300
2017-12-06,48.53964362493401,48.75731018827452,48.147843146655454,48.40904235839844,189100
2017-12-07,47.3642463684082,48.40904323428407,46.841844614142026,47.3642463684082,212300
2017-12-08,47.2771752249913,47.3207078718576,46.36297635548675,47.233642578125,230100
2017-12-11,47.32071241846995,47.93017949714043,47.277179767420996,47.49484634399414,214300
2017-12-12,47.3207078718576,48.01724350703065,46.998562299453305,47.233642578125,333000
2017-12-13,47.2771752249913,47.62544304257783,46.45004164921935,47.233642578125,219700
2017-12-14,47.27718207229173,48.252327452908034,46.319450417209644,46.53711700439453,277900
2017-12-15,46.49358565892861,47.277183402037004,46.23238308989718,46.406517028808594,468200
2017-12-18,46.71124654972074,47.66897811482055,46.31944606533328,46.92891311645508,180500
2017-12-19,47.10304946312559,47.712516588651205,46.3194517200172,46.406517028808594,165400
2017-12-20,46.406512592627315,46.66771181536105,45.62291492442611,46.58064651489258,177400
2017-12-21,46.667708672693315,47.27717569891522,46.624176025390625,46.624176025390625,103400
2017-12-22,46.84184037636649,46.92890898819788,45.97117418602017,46.05824279785156,106600
2017-12-26,46.014718911202294,46.53712075534944,45.797052306473184,45.88412094116211,97800
2017-12-27,45.884117761666204,46.66771549159506,45.66645117202009,45.709983825683594,106400
2017-12-28,45.709975516844196,45.97117471267485,45.40524367526309,45.66644287109375,129300
2017-12-29,45.79704913301061,46.66771549159506,45.66645117202009,45.709983825683594,126400
2018-01-02,45.79704223769636,46.18884270433465,44.83931071598329,45.97117614746094,230500
2018-01-03,45.97118374371975,46.88538276938555,45.62291918797158,45.753517150878906,206400
2018-01-04,45.840583715383374,45.840583715383374,44.839316104897954,45.405250549316406,240600
2018-01-05,45.4052453378989,46.74276463517352,45.4052453378989,45.845218658447266,201100
2018-01-08,45.75723061353622,46.681174021886534,45.14126722239253,45.713233947753906,249700
2018-01-09,45.80121994618093,46.13560059470431,44.70128669407894,45.09726333618164,297500
2018-01-10,45.14125795720583,46.15319784615181,44.96526797346787,45.75722122192383,294200
2018-01-11,46.02120765828823,46.76916430101053,45.75722434303977,45.977210998535156,181900
2018-01-12,46.15319822214052,46.28518819347194,45.3172483101224,45.449241638183594,177700
2018-01-16,45.80122644788744,45.93321979956873,43.909342999747906,44.129329681396484,216700
2018-01-17,44.39330497873592,45.00926824701295,44.39330497873592,44.43730163574219,169700
2018-01-18,44.30530577338545,44.34930578460434,43.20537262750468,43.29336929321289,217800
2018-01-19,43.2933748090365,44.65729141235351,43.2933748090365,44.657291412353516,221700
2018-01-22,44.61329785331698,45.05327119830683,44.43730784397499,44.877281188964844,171200
2018-01-23,45.009266522030174,45.66922642202047,44.657286566010164,45.18525314331055,162400
2018-01-24,45.361245870992626,45.713225848348685,44.17331932169316,44.3053092956543,181500
2018-01-25,44.481303824194875,44.74528715578974,43.46936716029288,44.0853271484375,172700
2018-01-26,44.30530687788783,44.30530687788783,43.20537370458644,43.4693603515625,225200
2018-01-29,43.51336179566184,43.80374243986949,42.14944518201918,42.32543182373047,211300
2018-01-30,42.14944449155071,42.862199106303564,42.017451155699455,42.54541778564453,272100
2018-01-31,42.67741537094116,42.89740204811096,41.88546199043776,42.23744201660156,219400
2018-02-01,42.23744025791006,42.633416931674,42.017453589900114,42.281436920166016,311400
2018-02-02,42.19344193805922,42.80940525563462,41.92945861816406,41.92945861816406,279100
2018-02-05,41.709472952372536,42.01745294013172,40.74152961405918,40.785526275634766,296000
2018-02-06,40.6095403810878,41.2695003871289,40.43355037479747,40.8735237121582,324800
2018-02-07,40.477551117348376,41.70947792882944,40.477551117348376,41.26950454711914,379300
2018-02-08,41.48948063962001,44.08532024322755,41.26949400495974,43.4693603515625,345800
2018-02-09,44.17331864235516,44.83327857220092,44.085321971004525,44.52529525756836,361600
2018-02-12,44.52529455168009,44.569294565022744,43.4693613660511,44.041324615478516,443300
2018-02-13,43.95333480834961,44.70128810062163,43.55735815378736,43.95333480834961,264200
2018-02-14,43.865334632297106,44.393304581841335,43.55735467927694,44.041324615478516,177100
2018-02-15,44.17332383012257,44.30531381755491,43.90934049852771,44.0853271484375,323500
2018-02-16,43.95334127084144,44.65729800649427,43.95334127084144,44.48130798339844,280700
2018-02-20,44.305314954280306,44.305314954280306,42.98539490571112,43.5573616027832,342200
2018-02-21,43.68935142669994,44.393308057815304,43.46936476968077,43.64535140991211,303900
2018-02-22,43.60135620757904,44.481302865075,43.20537954035983,43.513362884521484,392700
2018-02-23,43.6893486984809,44.613291928919,43.249375411917065,44.52529525756836,174600
2018-02-26,44.5252953407976,44.87727531339853,44.261312039711804,44.83327865600586,167500
2018-02-27,44.74528613972619,45.22925948617871,43.82134282175974,44.21731948852539,208100
2018-02-28,44.21732205466186,44.34931540348729,43.0293953421541,43.24938201904297,329600
2018-03-01,43.1173834259977,43.469363408901884,42.50142013428033,42.67741012573242,204200
2018-03-02,42.50141608548691,43.38136260219152,42.50141608548691,43.29336929321289,117400
2018-03-05,43.16138007962942,43.68935005392393,42.94139342952251,43.38136672973633,227400
2018-03-06,43.64535448030117,44.96527451527072,43.33737448150037,44.877281188964844,451800
2018-03-07,44.78928120481707,45.09726115783724,43.9973279588656,44.041324615478516,471800
2018-03-08,44.129325169456926,44.70128846922544,43.671752515604105,44.34931182861328,296100
2018-03-09,44.569298092164026,44.745284732543,44.28771543948167,44.657291412353516,186700
2018-03-12,44.78928191489049,45.09726187279326,44.261311956976016,44.52529525756836,218300
2018-03-13,44.701295421906934,44.92128211527924,43.9533420071333,44.569305419921875,321600
2018-03-14,44.877280499952256,45.09726716906967,43.935737824668145,44.0853271484375,190700
2018-03-15,44.173322107873695,44.70128875047882,43.07338880517131,43.42536544799805,218000
2018-03-16,43.33737540245056,43.33737540245056,42.149448688425764,42.23744201660156,539600
2018-03-19,42.149436172937286,42.23742947498512,41.13749641574071,42.061439514160156,223200
2018-03-20,42.19344086738525,42.633414174956044,41.31349425224366,41.75346755981445,221700
2018-03-21,41.70947821945833,42.193448271365845,41.26950483468232,41.35749816894531,153500
2018-03-22,41.269497524026,42.23743745637598,40.78552420112108,41.44548416137695,151900
2018-03-23,41.577477582419135,42.061447549598654,40.829524301935315,41.04951095581055,215400
2018-03-26,41.35749223758197,41.4014888984036,40.697532255067365,41.00551223754883,173400
2018-03-27,40.96151703693828,41.57748038058934,40.565540361967585,40.8735237121582,156000
2018-03-28,40.917516929618195,42.14944351320188,40.917516929618195,41.973453521728516,343400
2018-03-29,42.14944350810604,42.853400117184506,42.14944350810604,42.67741012573242,203900
2018-04-02,42.58942026941804,42.85340359968394,42.23744025791006,42.281436920166016,169900
2018-04-03,42.54541476603496,43.64534796429574,42.413424796281504,43.33736801147461,131000
2018-04-04,43.073389506436925,44.26131615000377,42.87100217825228,44.21731948852539,251400
2018-04-05,44.43730123845425,44.61329122163566,43.64534799250278,44.041324615478516,251300
2018-04-06,43.77441680732965,44.61965519593386,43.68544238040811,44.1747932434082,268100
2018-04-09,44.35273530919659,44.79759726172224,44.13030433293376,44.1747932434082,181700
2018-04-10,44.66413646654153,44.97553844609621,44.35273109295982,44.708621978759766,199500
2018-04-11,44.70861667148823,45.28693844375495,44.53067124971181,44.66413116455078,153600
2018-04-12,44.886566959764636,44.886566959764636,44.2637596130371,44.26375961303711,64500
2018-04-13,44.441705283907936,44.61965072589693,43.863383445950454,44.48619079589844,99100
2018-04-16,44.70862265194164,45.55386097292306,44.44170618058621,45.37591552734375,226600
2018-04-17,45.55386061525489,46.57704097975501,45.24245523942934,46.44358444213867,185600
2018-04-18,46.39910720865318,46.39910720865318,44.35273932646275,44.3972282409668,202100
2018-04-19,44.17479240468698,44.17479240468698,42.66226111601185,42.7512321472168,258000
2018-04-20,42.70674815076463,42.840208096346736,41.398852902558694,41.81702423095703,232000
2018-04-23,42.08393773815544,42.08393773815544,41.55010478180908,41.728050231933594,139000
2018-04-24,41.86150910510783,42.261885541676556,41.372161635535996,42.12842559814453,131100
2018-04-25,42.17290901824314,42.57328200866053,41.86150365521895,42.39533996582031,103700
2018-04-26,42.66225408602171,42.66225408602171,41.77253034447393,42.439823150634766,121000
2018-04-27,42.61777411959156,42.973661626072804,42.52879969745088,42.70674514770508,81700
2018-04-30,42.795716800713244,42.97366225356577,41.79922701637718,41.861507415771484,120000
2018-05-01,41.728049221101266,42.751229594983826,41.59458928823407,42.57328414916992,282400
2018-05-02,41.99495669127502,43.240567756923994,41.86149678701469,42.52878952026367,138400
2018-05-03,42.52879776071412,42.884688645015466,42.172910270439786,42.2173957824707,120600
2018-05-04,42.17290865817442,43.19608897187746,42.17290865817442,42.92917251586914,115200
2018-05-07,43.15160857569364,43.81890149181261,42.57328669077962,42.7512321472168,138000
2018-05-08,42.75122744552765,42.7957129562377,41.86150365521895,42.39533996582031,114600
2018-05-09,42.6622561860933,43.0715283127855,41.81701791121027,42.172908782958984,124100
2018-05-10,42.21739321575585,42.306364234408456,41.8615023530918,42.03944778442383,91500
2018-05-11,42.039450069622326,42.039450069622326,41.41664272311882,41.46112823486328,101800
2018-05-14,41.37215531124412,41.90598821571396,41.37215531124412,41.505615234375,166000
2018-05-15,41.46112426162763,42.083931548447275,41.283182231702014,41.77252960205078,161500
2018-05-16,41.77253473404797,42.840204014904316,41.77253473404797,42.57328414916992,158200
2018-05-17,42.617770913397486,43.10711831926189,42.26188003966325,42.39533996582031,154300
2018-05-18,42.43983014397219,43.15160857569364,42.03945371549535,42.7512321472168,326800
2018-05-21,42.84020049185462,43.551978822548634,42.528795138782556,43.32954788208008,150700
2018-05-22,43.418519917555535,43.952356223599054,42.751227080521296,42.92917251586914,183000
2018-05-23,42.84020025096272,43.28506212939836,42.79571134789773,43.10711669921875,150500
2018-05-24,44.61965023854185,56.98681250233294,44.04132840690105,55.91913986206055,1412000
2018-05-25,55.20736511147499,59.193327617011334,55.20736511147499,58.72177505493164,790800
2018-05-29,58.45485603052396,60.456734754693336,56.71989718479897,59.61149978637695,520000
2018-05-30,60.011868513677676,60.723650279798,59.03317367630272,59.16663360595703,394600
2018-05-31,59.7004671552501,60.18981797303616,58.454852445657096,58.85523223876953,596300
2018-06-01,59.122145932045015,59.25560586448037,58.36588203231684,58.54383087158203,239100
2018-06-04,58.85522973386703,59.47803366812971,58.54382776673569,59.21112060546875,335000
2018-06-05,59.2556073523164,60.23430223465929,58.009992598400764,58.054481506347656,379000
2018-06-06,58.32140008209814,58.49934213382347,57.25372740758369,57.69858932495117,190700
2018-06-07,57.787562895206754,58.00999386368416,57.20924780760908,57.34270095825195,186500
2018-06-08,57.25372398074251,58.1434477622243,57.12026405590949,57.16475296020508,217400
2018-06-11,57.743080557622484,57.92102261651477,56.8533566870522,57.120269775390625,198200
2018-06-12,57.342693571892866,58.454848271022314,57.164751535253586,57.56512451171875,353300
2018-06-13,57.78756225953365,58.098971042420025,57.209247178297545,57.743080139160156,260100
2018-06-14,57.9655020315308,58.32139287908111,57.07577830668168,58.1434440612793,164000
2018-06-15,57.8320520150431,58.454856013829456,57.43167898554536,57.654109954833984,515400
2018-06-18,57.69858909990602,58.09896889680763,57.253727184273664,57.476158142089844,307300
2018-06-19,57.4316764696468,58.27691140069475,57.4316764696468,57.9210205078125,214800
2018-06-20,57.83204848488762,59.61149613057648,57.65410643554036,58.85523223876953,273500
2018-06-21,58.85523499221282,59.21112589561116,58.187942093861324,58.72177505493164,176600
2018-06-22,59.122145312790416,59.567007224212624,58.32139930267368,58.85523223876953,298300
2018-06-25,58.72176601489782,59.47802982566083,58.27690415114859,59.12213897705078,213800
2018-06-26,59.166631700998366,59.65598249795746,58.775151063431096,59.21112060546875,200200
2018-06-27,59.166635065226984,59.166635065226984,57.20924534220054,58.76626205444336,272700
2018-06-28,58.63280067539378,59.522524489017194,58.321398698236386,59.16663360595703,143200
2018-06-29,59.122146158226954,59.300094998172916,57.6541072599842,58.76626205444336,269400
2018-07-02,58.76626144004881,59.220015704045196,58.05447966381488,59.07766342163086,232400
2018-07-03,59.16663360595703,59.56700660686597,59.03317367630272,59.16663360595703,86600
2018-07-05,59.567011303271315,62.10272980246334,58.94420729985317,62.01375198364258,377800
2018-07-06,61.87885221011263,64.39717336191646,61.294239614587745,62.59836959838867,267500
2018-07-09,62.643332134384366,62.91314853740218,61.78889637010128,62.058719635009766,125100
2018-07-10,62.373519127947695,62.643342437233585,62.0587298417087,62.59836959838867,148500
2018-07-11,62.68830642588625,63.18298018992342,61.92381622301282,62.23860549926758,159500
2018-07-12,62.50842198838283,63.138000472286464,61.42914262686492,61.6090202331543,206200
2018-07-13,61.609016098133644,62.19362857217284,61.05138457703789,61.51907730102539,99400
2018-07-16,61.69896110012089,61.80689178463928,57.45378700648461,58.68596649169922,352600
2018-07-17,58.77590850471398,59.99009960875612,57.87650667032849,58.5060920715332,185900
2018-07-18,58.55105187996581,58.55105187996581,57.561711338709884,58.0563850402832,123200
2018-07-19,57.65165318772717,58.95578989631505,56.482431550544405,58.2812385559082,307400
2018-07-20,58.46111214978233,59.29755602886253,58.236261718437014,59.09069061279297,127300
2018-07-23,59.09069931371884,59.3155497781727,58.73094406010595,59.18064498901367,81700
2018-07-24,59.675307606559684,59.765246413501636,59.135667903016845,59.49542999267578,107400
2018-07-25,59.54039457145502,59.900156652692495,58.775904437507236,59.31554412841797,112800
2018-07-26,59.40549087524414,60.21494699538213,59.09069475975594,59.40549087524414,142800
2018-07-27,59.22560395938953,59.63033886466821,58.685964280908756,59.36051559448242,139500
2018-07-30,59.3155422710589,60.70961771899206,59.3155422710589,60.30488967895508,128300
2018-07-31,60.484770621309856,62.28357420856071,59.4504571862624,62.14866256713867,223100
2018-08-01,62.14866338703451,62.238602195205345,59.1266727716342,60.394832611083984,155500
2018-08-02,60.16998699893441,61.87885193918207,60.035075344882166,61.384178161621094,88100
2018-08-03,61.564052417113004,61.83387571042414,60.52974580383357,61.06938552856445,111200
2018-08-06,61.15931880339941,61.339196408064865,60.529740325179546,60.799556732177734,112300
2018-08-07,60.97944702414679,61.42914794066147,60.151992122722305,61.159324645996094,135300
2018-08-08,62.14866198765388,62.41848526798208,52.12033414080358,52.749916076660156,618200
2018-08-09,51.98542037072566,52.03038977195607,51.15797240906109,51.265899658203125,516400
2018-08-10,51.08601876754492,51.44578084030149,50.14164761524068,50.54637908935547,321700
2018-08-13,50.411466280135464,51.625660674198436,50.06070015438794,51.40081024169922,280000
2018-08-14,51.71559792984713,52.480088005127655,51.4008087061305,52.2552375793457,176800
2018-08-15,51.76057121246838,53.60434415603163,51.76057121246838,53.379493713378906,292100
2018-08-16,53.694284026741265,53.694284026741265,52.48008963132742,52.92979049682617,170500
2018-08-17,52.88482338118932,53.87416738659531,52.6150035364224,53.69428634643555,359300
2018-08-20,53.91914085788667,54.099021911621094,53.4244705333263,54.099021911621094,237500
2018-08-21,54.233926928743266,54.32386916577648,53.33452514408435,54.27889633178711,143400
2018-08-22,54.23392793102752,54.68362883166779,53.69428822263743,54.458778381347656,101600
2018-08-23,54.458774986739044,54.63865602197165,53.96410471305842,54.143985748291016,167100
2018-08-24,54.14398824581843,54.30588084190093,53.51440630893595,53.874168395996094,186300
2018-08-27,53.9191378503412,54.36883874412062,53.42446755337295,53.55937576293945,93000
2018-08-28,53.64931768816224,53.69428709108947,53.199616796998924,53.46943664550781,94300
2018-08-29,53.55937827337005,53.55937827337005,52.7499186851935,53.28955841064453,155400
2018-08-30,53.15464501579494,53.64931875062747,53.15464501579494,53.33452606201172,120600
2018-08-31,53.37949397889004,53.78422546386719,53.15464353511891,53.78422546386719,148700
2018-09-04,53.6942874034515,54.26091149027831,53.27156746539627,53.55937576293945,94800
2018-09-05,53.51440324770463,53.78422308209222,52.83985194626297,53.649314880371094,123400
2018-09-06,53.694289469788394,54.13499444132253,53.199619153783566,53.604347229003906,214700
2018-09-07,53.51440934472065,54.18896072301544,53.1996200738947,54.099021911621094,151800
2018-09-10,54.23392705211069,54.59368913917083,53.60434511522822,53.874168395996094,75900
2018-09-11,53.78422920984942,54.63866164187864,53.1996200738947,54.099021911621094,116500
2018-09-12,54.14399187713582,56.93213623053716,54.14399187713582,56.84219741821289,132200
2018-09-13,57.022072575951064,57.06704197746196,56.077697989495185,56.79722213745117,96100
2018-09-14,56.8871628344059,58.05638789828845,55.67297179846082,57.56171417236328,96800
2018-09-17,57.56170994713013,58.23626123557306,57.246920718234875,57.87649917602539,80900
2018-09-18,57.92147634656104,58.910816938027565,57.56171426005747,58.68596649169922,91400
2018-09-19,58.7309385825967,59.36051707959358,58.7309385825967,58.91081619262695,216600
2018-09-20,59.135665283770365,60.52974074624296,58.775903210046074,60.48476791381836,298400
2018-09-21,60.48476791381836,61.069380425883985,59.83719755349279,60.48476791381836,429100
2018-09-24,60.30489699266823,60.30489699266823,57.65165740899579,57.74159622192383,153200
2018-09-25,57.741588741188735,58.95578657503191,57.741588741188735,58.865840911865234,97300
2018-09-26,59.00075896331036,59.090697774370625,58.191295939985125,58.5060920715332,149000
2018-09-27,58.640993346159746,59.45045632101992,58.50608856859224,58.59602737426758,125900
2018-09-28,58.64099057893663,59.36051471416767,58.281235373211814,58.46111297607422,155300
2018-10-01,58.58702613646159,59.018741971305865,57.78655917313131,58.137325286865234,94600
2018-10-02,58.06537378399492,58.47010868165767,57.55271850074665,58.3082160949707,118900
2018-10-03,58.50609105030777,59.43247382565217,57.92147849578333,58.91981506347656,119700
2018-10-04,58.82987499789993,58.84786001465748,57.5707111062453,58.335201263427734,151500
2018-10-05,58.28060695683038,58.78106075092166,57.771048512224446,58.526283264160156,144600
2018-10-08,59.290430857013504,61.40794198015034,59.20756790867905,61.06730270385742,144400
2018-10-09,61.06729910318335,63.12957282188032,60.8923716857344,60.99364471435547,295300
2018-10-10,60.92920615006777,62.31019449705565,60.28474773110141,60.34919357299805,227200
2018-10-11,60.33998289564557,61.64731679904972,59.75076178357413,59.93489074707031,128500
2018-10-12,60.349195296122325,60.58856155910437,58.986616997598404,59.179954528808594,102600
2018-10-15,59.18915864959112,61.223813876897395,59.18915864959112,60.10981750488281,91600
2018-10-16,60.008547026729865,61.20540639925286,58.72883172525233,61.085716247558594,118200
2018-10-17,61.0581014852869,62.742909055144565,61.0581014852869,62.60480880737305,154800
2018-10-18,62.54034880963903,63.12956984433288,62.23652973810566,62.32859420776367,96300
2018-10-19,62.62320956101093,63.147984805061576,62.53114508424349,62.92702865600586,125300
2018-10-22,63.17561003784025,63.672766637868676,62.03398805670714,62.236534118652344,128700
2018-10-23,62.03399129777526,63.092750388852274,60.71744885041578,62.374637603759766,141800
2018-10-24,62.50353576061196,63.3505403116407,62.4390899148613,62.60480880737305,145600
2018-10-25,62.60480016988982,63.06512958290372,61.29746632270702,62.844173431396484,133200
2018-10-26,62.531140255452584,63.230842868177334,61.92350913645465,62.32859420776367,122800
2018-10-29,62.57718681953427,63.65435605127915,62.42987802336231,62.54956817626953,112500
2018-10-30,62.5863982438795,63.83848794837899,62.319406306633105,63.507057189941406,93600
2018-10-31,63.7556215348147,63.7556215348147,62.44828773207958,62.47590637207031,111500
2018-11-01,62.48512219624597,63.46101838448928,61.76700235259542,61.78541946411133,103800
2018-11-02,61.7025576647192,62.94545282470446,61.7025576647192,62.31019592285156,131700
2018-11-05,62.32859668786184,63.17560810499762,62.32859668786184,62.632415771484375,154000
2018-11-06,62.50352302788808,63.810856789121914,62.09843092336589,63.700382232666016,122400
2018-11-07,63.7280015590681,65.09978116771845,63.62672853184535,64.3632583618164,184700
2018-11-08,64.13309748909113,64.35405364161969,62.65083621040938,63.52545928955078,200500
2018-11-09,66.79381142788138,70.87233096699529,62.38385409593113,63.06513977050781,474600
2018-11-12,62.83495766526182,63.53466025948233,62.33780111337371,62.69685745239258,199700
2018-11-13,63.203225266878725,63.203225266878725,61.076498755313466,61.43556213378906,163400
2018-11-14,61.840654544914216,62.227329584117236,60.89237703369597,61.50001525878906,244700
2018-11-15,61.22381020805647,62.00636878334561,61.09491853796505,61.66572952270508,198500
2018-11-16,61.665733433180016,62.08002710987889,60.68062873554366,61.58287048339844,235300
2018-11-19,61.56446097473829,62.60480296594851,60.92920410870503,61.490806579589844,136800
2018-11-20,61.37112528123189,62.30098570738151,60.88317016690979,61.085716247558594,129600
2018-11-21,61.01205837943379,61.01205837943379,59.51138699537602,59.52059555053711,130400
2018-11-23,59.55742426468222,60.80952088385146,59.53900715389077,59.93489074707031,47200
2018-11-26,59.96250842750035,59.96250842750035,58.8116883759668,59.38249588012695,150100
2018-11-27,59.216780199323104,59.37329052663164,57.32943015570109,57.964683532714844,142500
2018-11-28,57.9830916998405,59.45614790985672,57.559589488175135,59.041847229003906,160100
2018-11-29,59.14311984484908,59.640276443936926,58.30532398228812,58.39738845825195,114400
2018-11-30,58.25007961431679,58.793268418047646,57.872609666777336,58.36976623535156,255200
2018-12-03,58.609142319159645,59.76917092622292,57.86340738545374,59.428531646728516,246200
2018-12-04,59.52060063584114,60.54253259987719,57.25577702147675,57.74372863769531,239700
2018-12-06,57.449112353846516,58.39738982418616,56.69417239477392,58.13960647583008,197300
2018-12-07,58.20405057050994,59.46534863350365,57.20973737884292,57.688480377197266,152400
2018-12-10,57.84499517019812,58.4158026534899,57.03481442769597,57.51355743408203,102700
2018-12-11,57.863405001204306,58.728826533260616,57.65165389562565,58.332942962646484,92200
2018-12-12,58.74724232094102,60.1282270801006,58.74724232094102,59.45615005493164,156500
2018-12-13,58.92216335506889,59.539003066915654,57.79895849226181,58.46183395385742,123800
2018-12-14,58.01070721131585,58.15801247316835,56.17859823652753,56.58368682861328,162900
2018-12-17,56.52845684982106,57.071645731549275,53.92299052382655,54.346492767333984,267200
2018-12-18,54.254429601930234,54.31887544437602,53.32456214029538,53.3521842956543,304700
2018-12-19,53.43504151654311,54.8436484600712,52.7353388104518,53.02074432373047,293600
2018-12-20,53.029945373535156,53.775680264438144,52.55120588904329,53.029945373535156,215900
2018-12-21,52.827408329085465,53.25091057750117,51.41879783286849,51.952781677246094,461400
2018-12-24,51.48324385954783,51.64896274205137,50.15749631155446,50.36924743652344,97200
2018-12-26,50.590204900200696,50.91243409537272,49.20000805923611,50.08384323120117,239800
2018-12-27,49.62351273197868,50.45210357827264,48.82253701491601,50.29559326171875,167200
2018-12-28,50.000985531385325,51.28070082530955,49.65113417015732,50.47052001953125,131100
2018-12-31,50.74671638061038,50.74671638061038,49.264455024853014,49.85367965698242,117100
2019-01-02,49.30128286318781,50.829576480295344,48.42665621517269,50.45210647583008,196000
2019-01-03,50.203529593351064,51.30832099556814,49.57748124916256,50.17591094970703,188800
2019-01-04,50.87603806441657,51.902892454144734,50.55864612487586,51.41747283935547,197100
2019-01-07,51.33345734069285,51.76286891841211,50.642661860893995,51.24010467529297,130700
2019-01-08,51.80954132080078,52.154937265848275,51.25877308143536,51.34278869628906,199900
2019-01-09,51.36145890334245,52.070921321249955,51.02539644605578,51.370792388916016,133900
2019-01-10,51.37079010952211,51.71618959809639,50.55864158114208,50.754676818847656,93400
2019-01-11,50.81068824480773,51.61350328537208,50.75467665091729,51.23076629638672,188700
2019-01-14,51.20275994077418,52.20161024223107,50.736007330334886,51.958900451660156,254100
2019-01-15,51.949574209046844,52.799063936039445,51.92156662700864,52.13627243041992,97800
2019-01-16,52.01491119277207,53.04176549446103,52.01491119277207,52.640357971191406,145000
2019-01-17,52.472328036546415,53.611205554788626,52.472328036546415,53.06977081298828,187300
2019-01-18,53.387157485567975,53.66721187540784,52.87373037259405,53.088436126708984,217200
2019-01-22,52.97642407477657,53.66721954146385,51.538825104265186,51.94956970214844,157100
2019-01-23,51.949569506706204,52.23895386026433,51.24944055681011,51.52949142456055,269700
2019-01-24,51.46414330712461,51.585496420671056,49.90518775217776,50.10122299194336,174400
2019-01-25,50.3252678723862,52.2949645191566,50.3252678723862,51.19342803955078,466600
2019-01-28,51.10007735873945,51.34278714931505,49.65314141751781,50.64265823364258,336900
2019-01-29,50.91337772746005,51.87488700558393,50.66133087997282,51.70685577392578,384200
2019-01-30,51.912227205809096,54.54471170987826,51.83754507696519,54.45136260986328,199500
2019-01-31,54.55404644960632,54.74074821496825,53.03243543035051,53.86325454711914,318100
2019-02-01,54.05929027433732,54.171309910124954,52.481667643268096,52.49100112915039,108400
2019-02-04,52.59368690886285,53.11645114059223,52.11760078933644,52.668365478515625,107200
2019-02-05,52.808393301700946,53.041769621245685,52.08026032425416,52.76171875,127700
2019-02-06,52.78039101315522,53.34982982127835,51.408137069713575,51.968238830566406,84700
2019-02-07,52.27629426517615,52.63102725906674,51.44547515822813,51.58549880981445,114800
2019-02-08,51.34279234512993,53.99394758321097,50.07322454646574,53.67655563354492,292200
2019-02-11,53.56453176450352,53.56453176450352,51.10941198180248,51.66951370239258,155100
2019-02-12,51.71619301758563,52.3976514325535,51.53882473847127,52.12693405151367,162300
2019-02-13,52.29496336204568,53.097778428846325,52.08959107210881,52.92041015625,142800
2019-02-14,52.92040794288027,53.54585827196529,52.35097276821322,53.47117614746094,186300
2019-02-15,53.93792834604799,54.56337867053592,53.35915612955205,53.52718734741211,216200
2019-02-19,53.45250999424724,53.86325459058293,52.70570649323686,53.71389389038086,114200
2019-02-20,53.84458691334121,55.599577904563894,53.66722218527048,55.41287612915039,187400
2019-02-21,55.03946838685366,55.92629908175208,54.983460351222966,55.73959732055664,158300
2019-02-22,55.85161903550819,56.18767792351664,55.57156462060811,56.05698776245117,115000
2019-02-25,56.206351198825296,56.58908821535936,55.73959856592815,56.04765701293945,141100
2019-02-26,55.842280754745715,55.842280754745715,55.07680677596297,55.328853607177734,180000
2019-02-27,55.43154379455378,56.0569906146298,55.36619871069629,55.87028884887695,143500
2019-02-28,55.78627369241356,56.1876812457286,55.36619916730528,55.394203186035156,116800
2019-03-01,55.68359371994934,55.99164862357351,55.22617454664051,55.954307556152344,93700
2019-03-04,56.12233605697772,56.12233605697772,54.55404691230018,54.6754035949707,160700
2019-03-05,54.60072727895065,55.60891116441373,54.32067283645075,55.14215850830078,103800
2019-03-06,55.244838933115375,56.20634816545961,54.610055101750305,55.935630798339844,207300
2019-03-07,55.916964911289774,56.00098052474671,55.272844021106685,55.674251556396484,203700
2019-03-08,55.664915755312585,56.15967236895541,54.918112311783865,55.207496643066406,115400
2019-03-11,55.15149307424031,56.51440991412039,54.95545426110248,56.439727783203125,110700
2019-03-12,56.56108506682503,56.579755599752865,55.478219084290814,55.515560150146484,105200
2019-03-13,55.42220711542587,55.82361466809385,55.263512928159,55.69292449951172,111400
2019-03-14,55.63690948486328,55.93563086929166,55.356858632091644,55.63690948486328,75800
2019-03-15,55.87962298205183,56.24368944771465,55.03946686049162,56.08499526977539,262200
2019-03-18,56.178342708113505,56.54240916302412,55.76760170583686,56.103660583496094,146500
2019-03-19,56.08500026083759,56.63576497049153,55.57156949583795,55.79561233520508,82600
2019-03-20,55.70225394745057,55.879622215702916,54.94611700945606,55.27284240722656,144300
2019-03-21,55.13282097725452,56.53307884286441,55.13282097725452,55.76760482788086,108200
2019-03-22,55.692924080287014,56.20635126486917,54.67540319693401,54.731414794921875,116300
2019-03-25,54.8247594205054,55.00212412475771,53.695218994448744,54.51670455932617,110800
2019-03-26,54.544712226785045,55.47821747994099,54.50737116200922,55.11415100097656,85600
2019-03-27,55.05813760841657,55.14215322090253,53.984608738918006,54.14330291748047,114900
2019-03-28,54.17131065781099,54.86210613695596,54.10596557261296,54.4420280456543,63500
2019-03-29,54.516704390169195,54.66606507777077,53.32181532831693,53.79790496826172,129800
2019-04-01,54.311334319844846,54.806090949967135,53.91926027328317,54.71274185180664,211000
2019-04-02,54.796759353208465,54.936783005275295,54.02194827982019,54.33934020996094,93600
2019-04-03,54.33933909226364,54.73141314427416,54.14330384677833,54.479366302490234,116900
2019-04-04,54.51670508062331,55.57156339221433,54.42335242404021,55.328853607177734,165800
2019-04-05,55.480129480319775,55.480129480319775,54.128108320206536,54.53466033935547,195900
2019-04-08,54.17538417608248,54.45902421337196,53.82556158364809,54.00519943237305,88100
2019-04-09,53.94846956915511,54.336111766125406,52.60590153622583,52.709903717041016,142300
2019-04-10,52.88954402340108,54.033564459138724,52.88954402340108,53.71210479736328,137800
2019-04-11,53.85392374918147,54.27938560248092,53.25828076124095,53.485191345214844,68600
2019-04-12,53.70264873996436,53.75937818920809,52.388447155920154,52.558631896972656,176200
2019-04-15,52.71936098144864,53.296097770258925,52.65317842601258,52.88009262084961,96800
2019-04-16,52.88009182992515,53.003003833901765,50.83787853365226,50.866241455078125,317500
2019-04-17,51.11206316969623,51.263338088311194,49.74113219099142,49.864044189453125,302300
2019-04-18,49.8356829311146,50.280054629445694,48.33238669053211,48.67275619506836,301100
2019-04-22,48.738934277284024,49.344033960140116,48.578206251947265,48.89020919799805,146200
2019-04-23,48.97530054211883,49.760041656503425,48.757843073557424,49.504764556884766,105000
2019-04-24,49.362947633576255,49.93023133559369,47.99201652871606,49.44804000854492,250100
2019-04-25,49.29676297221981,49.29676297221981,47.90692210927069,48.805118560791016,176700
2019-04-26,48.96585124804169,50.204413604779695,48.83348613571965,49.87350082397461,97900
2019-04-29,49.94913697935282,50.69605486757931,49.81676826860065,50.2138671875,172100
2019-04-30,50.232777760274935,51.008062187256016,50.005863573673295,50.922969818115234,119100
2019-05-01,51.05533476565558,51.18769987131277,49.44803646836403,49.62767791748047,255800
2019-05-02,49.589858699999404,50.06259328511536,49.088757587235,49.977500915527344,103600
2019-05-03,50.26114003481981,51.159336451605725,50.090955298726534,51.14042663574219,96800
2019-05-06,50.74332635903191,51.452428204898844,50.67714380861861,51.206607818603516,130900
2019-05-07,50.95133374884691,51.159338123464735,50.31787112677076,50.87569808959961,142600
2019-05-08,50.86623932203016,50.86623932203016,49.71276941671087,50.03422546386719,156000
2019-05-09,49.80731664963003,50.9702433072642,49.60876898759757,50.506961822509766,134500
2019-05-10,50.33678199549224,50.41241765632063,48.82402910545781,49.51422119140625,138900
2019-05-13,48.965846369191624,49.684401310206916,48.63493001467952,49.18330383300781,118200
2019-05-14,49.19276002860067,50.062593545205985,49.10766765857057,49.221126556396484,122800
2019-05-15,49.05093773160979,49.76003955391713,48.99420828742099,49.23057556152344,106500
2019-05-16,49.362944459397404,49.82622593925404,49.20221643183568,49.608768463134766,76100
2019-05-17,49.46694384639073,49.88294895890711,49.04148202297713,49.18330383300781,99800
2019-05-20,49.07930187006796,49.15494113086613,48.020377465642895,48.23783493041992,87700
2019-05-21,48.64438809802293,49.183305220658944,48.27565570955393,48.54983901977539,126700
2019-05-22,48.474203351254914,49.72222233036952,48.010921884658806,48.92802810668945,235700
2019-05-23,51.23497479047634,56.34996303227386,51.23497479047634,55.8488655090332,923000
2019-05-24,55.68813672604257,56.529603727958694,53.43791904428079,54.39284133911133,231500
2019-05-28,54.355024435216066,54.42120698890441,53.040819252899325,53.324462890625,216100
2019-05-29,53.11645793983551,53.70264781184172,52.40735606659813,53.53246307373047,248500
2019-05-30,53.541922246093065,54.21320451800946,53.33391786624564,54.15647506713867,160800
2019-05-31,53.87283073735155,53.9768329189957,53.12590925706951,53.43791580200195,232000
2019-06-03,53.41900861409004,55.36667642125588,53.26773368971552,55.16812515258789,184600
2019-06-04,55.47067536791628,56.09468849259852,55.28158441620754,56.08523178100586,171300
2019-06-05,56.37832844937948,56.70924122109385,55.28158434025352,56.094688415527344,212500
2019-06-06,56.34050513161292,56.728147327416465,56.23650295111077,56.6430549621582,200100
2019-06-07,56.8037863749904,58.10853116181079,56.8037863749904,57.21033477783203,253700
2019-06-10,57.19143260323135,57.46561592588052,55.74486229724417,56.08523178100586,124200
2019-06-11,56.264866297840896,57.314337608435004,55.924500440902015,56.99287796020508,187300
2019-06-12,56.520147471053086,57.20088644737391,55.84886520644714,56.04741287231445,206100
2019-06-13,56.29323623438828,57.304887975491205,55.924503828691904,57.01179122924805,206500
2019-06-14,56.62414683193573,56.97396940766152,55.792132969837915,55.81104278564453,104000
2019-06-17,55.57467406639215,56.06631844466269,55.36667331123505,55.50849151611328,133600
2019-06-18,55.61249405026519,56.784877360769045,55.52740168412638,55.86777114868164,165100
2019-06-19,55.75431759077543,55.99068488107829,55.33830885156808,55.78268051147461,110900
2019-06-20,55.86777385402228,55.99068585699214,54.97903412539717,55.177581787109375,135200
2019-06-21,55.1775786887103,56.00959252822806,54.72375394170383,55.517948150634766,361800
2019-06-24,55.867773918187275,56.36887142880179,55.13976221772771,55.35721969604492,246600
2019-06-25,55.57467668953848,57.79653140428807,55.57467668953848,57.61688995361328,191500
2019-06-26,57.56961500794248,57.56961500794248,55.952863653962986,56.416141510009766,141600
2019-06-27,56.368869825212755,57.153610952478836,56.17977527350104,57.11579132080078,113400
2019-06-28,57.181974576004,58.13690045088447,57.181974576004,57.45616149902344,202000
2019-07-01,58.45835776420094,58.80818033078589,57.52234174296408,58.12744140625,153200
2019-07-02,58.12744306028819,58.52454197979323,57.52234337978394,58.05180740356445,119900
2019-07-03,58.3638118654782,59.734742893512546,57.749259064413614,59.28091812133789,105100
2019-07-05,59.56803896991647,59.56803896991647,57.65389895180894,58.697105407714844,109600
2019-07-08,58.572685549909984,59.09907332709031,57.82616845682852,58.09415054321289,103600
2019-07-09,57.902738535519454,58.25685343488053,56.60112267189411,56.8978157043457,204300
2019-07-10,56.99351679509699,58.228137950205955,56.84038574375316,57.73046112060547,92200
2019-07-11,57.87402071454271,58.47697215093087,57.38591299830609,57.950584411621094,145000
2019-07-12,58.1707154167786,58.46740844123889,57.472054731048665,57.921878814697266,201600
2019-07-15,57.921877337052194,58.24728128589253,57.20407483086903,58.075008392333984,101900
2019-07-16,58.01758369087362,58.448265930807885,57.68261064366497,58.25685119628906,97000
2019-07-17,58.25684882937783,58.47697448730468,57.98887040249858,58.47697448730469,96500
2019-07-18,58.63968183391844,59.146927787209364,58.19943049140433,58.58225631713867,95900
2019-07-19,58.55354135060453,58.936370800899155,57.92187531327095,57.941017150878906,122900
2019-07-22,58.14200126169649,58.48654703850755,57.23278405087446,57.46248245239258,73200
2019-07-23,57.548618268888816,58.19942614000392,57.17536156505884,57.424198150634766,88900
2019-07-24,57.28063679535284,57.98887018637851,57.12750574471651,57.83573913574219,80900
2019-07-25,57.70175224892227,57.91230517020256,56.40013644057554,56.9935188293457,101700
2019-07-26,57.2902087037853,58.34298420518322,56.9935157002234,58.02715301513672,117100
2019-07-29,58.05586501483691,58.3238434417421,57.19450056988131,57.606040954589844,122800
2019-07-30,57.48162240665811,57.48162240665811,55.99816106611389,57.34762954711914,138600
2019-07-31,57.4146293458116,58.18985368814339,56.31399741535517,56.94566345214844,237000
2019-08-01,57.20407121926892,57.69217528624661,56.31399587572244,56.4766960144043,157400
2019-08-02,56.59155066750588,56.95523464233862,55.9311700245466,56.3331413269043,125400
2019-08-05,55.8067497542099,55.83546068423433,54.63912325412212,55.08894729614258,173100
2019-08-06,55.2612231385496,55.37607051573187,54.342433168294576,54.78268814086914,123500
2019-08-07,54.352006680688504,55.12723105128702,53.72034062086303,54.840110778808594,160400
2019-08-08,51.68178083142157,52.868549256923714,49.394384078772646,51.62435531616211,383500
2019-08-09,51.55736086377938,51.92104849299599,49.5953680564425,49.63365173339844,311700
2019-08-12,49.52837231783953,50.91612454292198,49.423094034077565,49.43266677856445,177400
2019-08-13,49.432665334892164,50.65771372631089,49.432665334892164,50.083473205566406,166200
2019-08-14,49.56665294926936,49.939909640819934,49.078545236524704,49.49008560180664,153400
2019-08-15,49.566653061635435,50.30359735344041,49.30824373976106,49.36566925048828,121300
2019-08-16,49.55708261478602,50.858698377478916,49.55708261478602,50.265316009521484,106800
2019-08-19,50.66728216937224,51.40422647379417,50.399303749921415,50.4184455871582,100900
2019-08-20,50.265316653241,50.72470981343952,49.423094034077565,49.43266677856445,86900
2019-08-21,49.74849736808965,50.17917959140405,49.43266617161393,49.892059326171875,86600
2019-08-22,49.786783565217426,50.16004029401655,49.3943849976424,49.69107437133789,89200
2019-08-23,49.50923096873168,50.09304425649915,48.4373135843493,48.600013732910156,129200
2019-08-26,48.82013452286839,49.50922602665144,48.73399808489551,49.021121978759766,112100
2019-08-27,49.490085810629424,49.73892604000117,47.22183107099055,47.269683837890625,167600
2019-08-28,47.374962715341226,48.57130015764782,46.96342234311318,48.054481506347656,126300
2019-08-29,48.30332377577847,48.45645482881383,47.69079956363703,48.188472747802734,125500
2019-08-30,48.27460695642472,48.810567442679904,47.79607198149649,47.91092300415039,130000
2019-09-03,47.528097345795565,48.50430921044128,47.48981366853125,48.40860366821289,123700
2019-09-04,48.590444951724834,48.98284351064286,48.41817205747474,48.61915588378906,88900
2019-09-05,48.83928298950195,49.66236380833091,48.67658283509424,48.83928298950195,139200
2019-09-06,49.03069567271583,49.85377645704676,48.801000917187196,49.57622528076172,117400
2019-09-09,49.518803636020294,51.23195616925533,49.308247066745636,51.21281433105469,149500
2019-09-10,51.164962231639024,52.51443080954648,51.021403919651135,52.370872497558594,164300
2019-09-11,52.22730725969303,53.42364470590358,52.22730725969303,53.404502868652344,115800
2019-09-12,53.59591611429714,54.17972935611986,52.99296103575032,53.93088912963867,143400
2019-09-13,53.701200695997464,54.18930481150916,52.20817011460629,53.08867645263672,153800
2019-09-16,53.021680028796794,54.74440531707897,52.83026529655825,54.59127426147461,203800
2019-09-17,54.58169975541057,54.74440355038894,53.67248619575089,54.35200500488281,111500
2019-09-18,54.361572214878436,54.63912337550476,53.81604263760992,54.237152099609375,105100
2019-09-19,54.42857171710232,55.0698105372572,53.58635271731158,53.672489166259766,133700
2019-09-20,53.57677847283531,53.959607935430085,51.92104780133771,52.33258819580078,462800
2019-09-23,52.06461246130925,52.50486381046101,51.60521562200979,51.63393020629883,122900
2019-09-24,51.74877262618791,51.892334581063075,51.059681084278566,51.43294143676758,119300
2019-09-25,51.42336894583502,52.90682666614398,51.42336894583502,52.57185363769531,134200
2019-09-26,52.44743409806905,52.72498526809195,51.85405173358704,52.4857177734375,70200
2019-09-27,52.53356966739767,52.83983176338094,52.08374561663942,52.1794548034668,83300
2019-09-30,52.313446400492516,52.92597062040077,52.284735468600665,52.457008361816406,122900
2019-10-01,52.56228345783513,53.021680277737474,51.777486337811546,52.49528884887695,110900
2019-10-02,52.16031772913321,52.256023273767795,51.45208428566679,51.73920822143555,111200
2019-10-03,51.84448068002449,52.78241250247801,51.528649475265524,52.60056686401367,129200
2019-10-04,52.68791037409706,52.7170238934979,51.49420795102355,52.13473129272461,123400
2019-10-07,51.97945240735336,52.3482359891778,51.203057345957426,52.076499938964844,158000
2019-10-08,51.90181230442245,52.066797553523436,50.843977902484404,51.51361846923828,177700
2019-10-09,51.833876049006804,52.581153869628906,51.63007401668967,52.581153869628906,149400
2019-10-10,52.668498992003215,53.25079158022687,51.5136170877717,51.63977813720703,111900
2019-10-11,52.05709062436617,52.52292544826948,51.61066604755791,51.64948654174805,95300
2019-10-14,51.58155572959878,51.8629950746307,51.16424464646797,51.59125900268555,64300
2019-10-15,51.65919344620509,51.824178707049626,51.106014322544986,51.377750396728516,81000
2019-10-16,51.06719251666,51.474800319613756,51.03807899577982,51.368045806884766,73600
2019-10-17,51.66889626959425,52.28030238737707,51.43597700892028,52.241485595703125,85100
2019-10-18,52.16384698967083,52.678205598563004,51.6883051742248,52.231781005859375,103300
2019-10-21,52.5714464965977,52.969350988282706,52.21236619922141,52.79466247558594,83100
2019-10-22,52.81406897648124,53.37695500629533,52.406464915271776,53.30902099609375,63700
2019-10-23,53.5419405028521,53.755449523341284,53.0275819012658,53.71662902832031,49300
2019-10-24,53.84279357256862,53.84279357256862,52.949944403383725,53.037288665771484,69600
2019-10-25,53.182860426543584,53.26050141694659,52.79466658090711,52.95964813232422,76900
2019-10-28,53.231380411560245,53.55164392102364,52.872300111780085,53.09551239013672,71700
2019-10-29,53.13433551494988,53.522533054357034,53.066401500872544,53.49341583251953,101800
2019-10-30,53.58076326858742,53.72633828002235,53.085814893536046,53.299320220947266,58300
2019-10-31,53.309026088605606,53.4157806011564,52.55204492997452,53.182861328125,119700
2019-11-01,53.3963676871165,54.221282821250306,52.969353360360635,53.81367874145508,92700
2019-11-04,54.12423487631514,54.61918321260025,53.532235305966076,53.6486930847168,106600
2019-11-05,54.036889239598054,54.56095478380963,53.46429993065413,54.15334701538086,92400
2019-11-06,54.02718471729397,54.44449577675767,53.33813760129619,53.6292839050293,113200
2019-11-07,53.9010238647461,54.08541566063544,53.279910760565016,53.901023864746094,114800
2019-11-08,53.80397483748083,54.22128591563517,53.454601478628945,54.133941650390625,153000
2019-11-11,53.80397163641455,55.19177282266269,53.80397163641455,54.8423957824707,146400
2019-11-12,53.376955800628416,53.78455986790367,49.330013837855766,51.20305633544922,404200
2019-11-13,51.09630861186047,51.25158689000452,48.67978647473474,48.78654098510742,291700
2019-11-14,48.8447701394662,50.80515694899325,48.8447701394662,49.39794921875,257600
2019-11-15,49.25237259210325,49.873485663978784,48.70889680314919,49.4949951171875,251700
2019-11-18,49.446475503143525,49.77644231304063,48.786541883349315,49.0097541809082,196600
2019-11-19,49.27178500536308,50.203454654151685,48.83506370057901,49.97053909301758,188100
2019-11-20,50.048178419385756,50.5819472793785,49.135918980527734,49.14562225341797,198400
2019-11-21,49.33001656354957,49.931719425589854,48.97093253915555,49.543521881103516,193900
2019-11-22,49.74732111619542,49.999650616497426,48.9709297732007,49.388240814208984,123100
2019-11-25,49.601754416313284,50.261688044518245,49.494999902614495,49.98994827270508,154700
2019-11-26,50.05788095016187,50.29079650011121,49.54351868161572,49.601749420166016,128900
2019-11-27,49.815258630112886,50.39755120949738,49.747320917129635,50.14522171020508,141500
2019-11-29,50.08699745336014,50.8730921089447,49.95112942410484,50.67899703979492,91600
2019-12-02,50.65958449780693,50.74692875581849,50.222863207749135,50.58194351196289,196800
2019-12-03,50.407257569481345,50.873092401950856,50.193752251761666,50.84397888183594,123100
2019-12-04,50.88279908367787,51.309813418783975,50.65958679245472,50.67899703979492,132700
2019-12-05,50.892504456634235,52.0085696609365,50.65958888319155,51.80476760864258,161900
2019-12-06,52.027979546365195,52.54233816108105,51.76594675147422,51.77565002441406,172000
2019-12-09,51.639780512751386,52.18325633498695,51.455388715160865,52.008567810058594,153600
2019-12-10,51.843583454388074,52.27060150143175,51.60096091025007,52.231781005859375,114800
2019-12-11,52.53262970654078,52.87229975782567,51.91151664011933,52.79466247558594,91000
2019-12-12,52.804366814560886,52.96935205860868,52.35794225181552,52.77525329589844,117300
2019-12-13,52.87230178511667,53.6098763563675,52.63938622734086,53.134334564208984,158700
2019-12-16,53.57105609650541,54.483315489006614,53.52253233026751,54.192169189453125,181100
2019-12-17,53.97866274247719,54.65800660849307,53.55164839629995,54.45420455932617,140700
2019-12-18,54.56095681828105,54.98797114682452,54.07571174861188,54.87151336669922,98200
2019-12-19,55.02679315807195,55.56056200899955,54.85210463200457,55.152957916259766,111500
2019-12-20,55.31793876698642,55.70613630935959,54.5512506569688,54.82299041748047,417500
2019-12-23,55.06561325230314,55.06561325230314,53.66810505393906,53.82338333129883,109000
2019-12-24,54.124234515562804,54.124234515562804,53.63898945485537,53.998069763183594,51500
2019-12-26,54.10482729504722,54.725940415152415,54.04659655174003,54.56095886230469,63000
2019-12-27,54.890921730728365,55.07531351811176,54.67741272271793,54.93944549560547,93500
2019-12-30,55.0753173828125,55.46351493332158,54.75505384832358,55.0753173828125,116600
2019-12-31,54.92003575861074,55.65760661711124,54.92003575861074,55.37616729736328,137600
2020-01-02,55.366462414247536,55.68672594133017,54.71623578962687,55.201480865478516,122000
2020-01-03,54.90062641416796,55.72554154466255,54.90062641416796,55.59938049316406,134300
2020-01-06,55.473217745965854,55.6382029993078,55.01708618322033,55.152957916259766,161200
2020-01-07,55.10442627122755,55.51203403521082,55.02678898892773,55.123836517333984,120800
2020-01-08,55.26941385755313,55.77406917135886,54.92003681706255,55.35675811767578,100000
2020-01-09,55.53144816222497,56.57957561034111,55.39558013211048,56.42429733276367,190800
2020-01-10,56.53246692057328,56.68980186259868,55.04761488849519,55.13611602783203,135100
2020-01-13,55.25411456977962,55.69662025263482,55.05744871176468,55.38195037841797,144300
2020-01-14,55.411452564307574,55.411452564307574,54.38877729225537,54.42810821533203,327700
2020-01-15,54.52644383246117,55.44095435918115,54.4477744855274,55.01811599731445,228700
2020-01-16,55.35245085709079,55.76545365738388,55.26394972114787,55.58845138549805,116000
2020-01-17,55.66712302845932,55.66712302845932,54.90011565271258,55.04761505126953,91200
2020-01-21,54.949282054250034,54.97878118369454,53.44476268284492,53.739768981933594,140800
2020-01-22,53.926603890520255,54.015105031388046,53.228430307652715,53.26776123046875,85400
2020-01-23,53.22842845695411,53.22842845695411,52.38275175165659,52.90392303466797,147600
2020-01-24,53.15959559743977,53.15959559743977,51.43874302747513,51.73374557495117,150500
2020-01-27,51.36991030700686,52.39258557639166,51.242074491648395,51.81241226196289,204500
2020-01-28,51.930414981879025,52.707254145176904,51.78291183315261,52.52042007446289,171100
2020-01-29,52.60892145217054,52.96292600979145,52.38275270728183,52.40242004394531,99100
2020-01-30,52.10741681760849,52.274583550329375,51.33057390974341,52.08774948120117,108900
2020-01-31,51.9304142197922,52.30408235573659,51.428906522410806,52.26475143432617,314200
2020-02-03,52.26475033015067,52.98259120918675,51.871411115069726,52.85475540161133,159000
2020-02-04,53.31693152457992,53.6611005444673,53.0022616346369,53.23826217651367,111500
2020-02-05,52.746589941679325,53.41526439480107,49.61955463183382,50.56356430053711,266900
2020-02-06,50.897900308161724,51.074902585699746,49.570386977787436,49.87522506713867,191600
2020-02-07,49.75722157303507,50.268561074522594,49.59005483757463,50.24889373779297,146200
2020-02-10,50.16039134614997,50.64223170609739,50.062058416117026,50.25872802734375,132300
2020-02-11,50.53406339446322,50.64223186854293,50.00305656779601,50.17022705078125,104500
2020-02-12,50.2882288150659,50.730734517133506,49.747390179721464,50.04239273071289,115900
2020-02-13,50.0128934374967,50.36689799799373,49.78672469077047,50.13089370727539,85200
2020-02-14,50.20956403510614,50.38656631881132,49.16721767008243,49.629390716552734,126500
2020-02-18,49.65888824831167,49.91455612145555,48.84271066070298,49.11804962158203,131400
2020-02-19,49.24588608992008,49.30488434926816,48.27237354790628,48.76404571533203,109000
2020-02-20,48.67554500687148,49.49172261259448,48.60671120291424,49.19671630859375,158100
2020-02-21,49.30488462718761,50.67173266015002,49.30488462718761,49.983394622802734,109200
2020-02-24,49.22621934192531,49.42288521031936,48.842711895770535,49.137718200683594,112500
2020-02-25,49.16721749749023,49.34421978057407,48.105203798987155,48.35103988647461,205400
2020-02-26,48.400208239224575,49.44255080924928,48.262540635724015,49.38355255126953,153700
2020-02-27,48.89188136543548,50.26856117892012,48.84271114792883,48.85254669189453,256800
2020-02-28,48.02653787504595,48.66571319863175,47.69220064828985,48.52804183959961,292300
2020-03-02,48.52804233139471,49.36388728233611,48.17404151520746,48.960716247558594,179400
2020-03-03,48.96071572283685,49.619554631882195,47.70203241340359,47.88887023925781,157800
2020-03-04,48.390372021915496,49.314718063114874,48.08553769016745,49.06888198852539,184000
2020-03-05,48.33137287870291,49.09838021698918,47.72169672406233,48.144535064697266,186900
2020-03-06,47.44636424221457,48.91154895429844,47.44636424221457,48.70504379272461,135300
2020-03-09,46.8170227833808,47.318526726514854,45.52884039830663,46.21718215942383,159500
2020-03-10,47.14152407564689,48.675542523784024,45.125669024389,45.72550964355469,255200
2020-03-11,45.174837824065435,45.37150744314606,43.25731935372207,43.78832244873047,163600
2020-03-12,42.126471112197095,42.126471112197095,38.96993672329496,39.46160888671875,270200
2020-03-13,40.99562195063891,41.821631301282316,39.86477827194666,41.713462829589844,360700
2020-03-16,38.40943042122506,41.693800594223255,38.3504284117122,38.940433502197266,298800
2020-03-17,39.60910941622559,42.9033152559391,39.19610658771211,42.88364791870117,308700
2020-03-18,41.90030250935842,44.683165013177614,40.88745904963961,42.77547836303711,237800
2020-03-19,42.78530902947435,44.65366470810397,42.254305956035914,43.39498519897461,266200
2020-03-20,43.778489177548344,43.886657651948255,38.35042813047962,39.786109924316406,353200
2020-03-23,38.87159776086026,40.14011276839886,36.42307263121764,37.93742370605469,201600
2020-03-24,38.92077096151376,41.14312752989534,38.41926324509585,41.08412551879883,159000
2020-03-25,40.83828683693236,41.644628848194884,39.5304408922888,39.736942291259766,234900
2020-03-26,39.78610912921813,43.43431554998336,39.78610912921813,42.293636322021484,195800
2020-03-27,41.3791307792372,42.10680347526541,39.99261168715462,40.27778244018555,225400
2020-03-30,40.68095206861904,42.460806577008604,40.336783068923076,41.74296569824219,166700
2020-03-31,41.74296751741036,43.552321232865694,41.5364661085934,43.47365188598633,191000
2020-04-01,42.31330457785768,42.62797445784925,40.562952901509476,42.49030685424805,137600
2020-04-02,42.460808821710415,43.36548381225756,41.57579741690477,43.26715087890625,143000
2020-04-03,42.9819808537298,44.02432722037401,42.13630410830388,42.88364791870117,164700
2020-04-06,44.279992233346285,44.52582830615174,42.736141996220915,44.388160705566406,156100
2020-04-07,45.45017730077211,45.45017730077211,44.132495714669055,44.22099685668945,200400
2020-04-08,44.88967008328556,45.617342785511404,43.97515955795668,44.87000274658203,161000
2020-04-09,45.459999084472656,47.33000183105469,45.349998474121094,46.66999816894531,186100
2020-04-13,46.689998626708984,46.90999984741211,45.599998474121094,46.58000183105469,103700
2020-04-14,47.279998779296875,47.58000183105469,46.70000076293945,46.97999954223633,198700
2020-04-15,45.939998626708984,46.5099983215332,44.81999969482422,45.540000915527344,247800
2020-04-16,45.810001373291016,46.380001068115234,43.86000061035156,44.72999954223633,161500
2020-04-17,45.75,46.52000045776367,45.310001373291016,45.439998626708984,154000
2020-04-20,45.029998779296875,45.869998931884766,44.529998779296875,44.9900016784668,110300
2020-04-21,44.22999954223633,45.45000076293945,43.09000015258789,43.52000045776367,148300
2020-04-22,44.2400016784668,44.43000030517578,43.529998779296875,43.880001068115234,104700
2020-04-23,43.9900016784668,45.0,43.77000045776367,43.810001373291016,113100
2020-04-24,43.810001373291016,45.36000061035156,43.810001373291016,45.11000061035156,89700
2020-04-27,45.27000045776367,46.40999984741211,45.27000045776367,46.060001373291016,150000
2020-04-28,47.0099983215332,48.540000915527344,46.95000076293945,47.970001220703125,248800
2020-04-29,48.7400016784668,49.400001525878906,47.84000015258789,49.029998779296875,413000
2020-04-30,49.0,49.400001525878906,46.810001373291016,48.369998931884766,233800
2020-05-01,47.58000183105469,47.58000183105469,45.66999816894531,45.88999938964844,210300
2020-05-04,45.5,46.5099983215332,45.130001068115234,46.41999816894531,169800
2020-05-05,46.9900016784668,47.18000030517578,44.77000045776367,44.77000045776367,140300
2020-05-06,44.849998474121094,44.849998474121094,42.95000076293945,43.720001220703125,139100
2020-05-07,44.38999938964844,44.5099983215332,42.959999084472656,43.09000015258789,110500
2020-05-08,43.880001068115234,45.0099983215332,43.880001068115234,44.97999954223633,122400
2020-05-11,44.380001068115234,44.54999923706055,43.25,43.380001068115234,156200
2020-05-12,43.630001068115234,43.720001220703125,41.540000915527344,41.63999938964844,193700
2020-05-13,41.630001068115234,41.849998474121094,40.779998779296875,41.630001068115234,145900
2020-05-14,40.90999984741211,41.7599983215332,39.95000076293945,41.41999816894531,156600
2020-05-15,41.90999984741211,42.709999084472656,41.18000030517578,41.38999938964844,476700
2020-05-18,42.349998474121094,43.119998931884766,41.41999816894531,41.45000076293945,288800
2020-05-19,41.38999938964844,42.689998626708984,40.630001068115234,42.119998931884766,186000
2020-05-20,42.4900016784668,42.7599983215332,42.11000061035156,42.599998474121094,159600
2020-05-21,42.38999938964844,43.150001525878906,42.380001068115234,42.81999969482422,144500
2020-05-22,43.08000183105469,43.38999938964844,42.31999969482422,43.36000061035156,137100
2020-05-26,44.33000183105469,44.68000030517578,43.869998931884766,44.349998474121094,268400
2020-05-27,44.79999923706055,45.4900016784668,44.31999969482422,45.380001068115234,388300
2020-05-28,46.81999969482422,47.43000030517578,42.380001068115234,43.65999984741211,438700
2020-05-29,43.06999969482422,44.15999984741211,41.79999923706055,44.060001373291016,297200
2020-06-01,44.2599983215332,45.27000045776367,42.88999938964844,42.939998626708984,234800
2020-06-02,43.02000045776367,43.4900016784668,42.650001525878906,42.84000015258789,188200
2020-06-03,43.52000045776367,43.9900016784668,43.16999816894531,43.459999084472656,210200
2020-06-04,43.459999084472656,46.119998931884766,43.2400016784668,46.11000061035156,229500
2020-06-05,47.0,47.65999984741211,46.02000045776367,46.209999084472656,220300
2020-06-08,46.45000076293945,48.18000030517578,46.310001373291016,47.72999954223633,166400
2020-06-09,47.0099983215332,47.20000076293945,45.5,46.25,193000
2020-06-10,46.18000030517578,46.209999084472656,44.02000045776367,44.220001220703125,183500
2020-06-11,42.939998626708984,43.20000076293945,41.02000045776367,41.29999923706055,225600
2020-06-12,42.400001525878906,43.18000030517578,41.790000915527344,42.68000030517578,258100
