Date,Open,High,Low,Close,AdjOpen,AdjHigh,AdjLow,AdjClose,Volume,Dividend,Split,SplitFactor,FundFlow
2004-09-29,49.19,49.35,49.19,49.35,49.19,49.35,49.19,49.35,25200.0,0.0,1.0,1.0,9.83
2004-09-30,49.43,49.43,49.43,49.43,49.43,49.43,49.43,49.43,100.0,0.0,1.0,1.0,0.0
2004-10-01,49.43,49.43,49.43,49.43,49.43,49.43,49.43,49.43,0.0,0.0,1.0,1.0,0.0
2004-10-04,49.43,49.43,49.43,49.43,49.43,49.43,49.43,49.43,0.0,0.0,1.0,1.0,0.0
2004-10-05,49.43,49.43,49.43,49.43,49.43,49.43,49.43,49.43,0.0,0.0,1.0,1.0,0.0
2004-10-06,51.13,51.13,51.13,51.13,51.13,51.13,51.13,51.13,20000.0,0.0,1.0,1.0,0.0
2004-10-07,51.13,51.13,51.13,51.13,51.13,51.13,51.13,51.13,0.0,0.0,1.0,1.0,0.0
2004-10-08,51.3,51.3,51.3,51.3,51.3,51.3,51.3,51.3,200.0,0.0,1.0,1.0,0.0
2004-10-11,51.05,51.05,50.89,50.89,51.05,51.05,50.89,50.89,2000.0,0.0,1.0,1.0,0.0
2004-10-12,50.89,50.89,50.89,50.89,50.89,50.89,50.89,50.89,0.0,0.0,1.0,1.0,0.0
2004-10-13,50.89,50.89,50.89,50.89,50.89,50.89,50.89,50.89,0.0,0.0,1.0,1.0,0.0
2004-10-14,50.89,50.89,50.89,50.89,50.89,50.89,50.89,50.89,0.0,0.0,1.0,1.0,0.0
2004-10-15,50.89,50.89,50.89,50.89,50.89,50.89,50.89,50.89,0.0,0.0,1.0,1.0,0.0
2004-10-18,50.89,50.89,50.89,50.89,50.89,50.89,50.89,50.89,0.0,0.0,1.0,1.0,0.0
2004-10-19,50.47,50.47,50.47,50.47,50.47,50.47,50.47,50.47,100.0,0.0,1.0,1.0,0.0
2004-10-20,50.33,50.33,50.18,50.18,50.33,50.33,50.18,50.18,300.0,0.0,1.0,1.0,0.0
2004-10-21,49.95,50.12,49.84,50.12,49.95,50.12,49.84,50.12,3300.0,0.0,1.0,1.0,0.0
2004-10-22,49.79,49.82,49.7,49.7,49.79,49.82,49.7,49.7,700.0,0.0,1.0,1.0,0.0
2004-10-25,49.16,49.16,49.16,49.16,49.16,49.16,49.16,49.16,200.0,0.0,1.0,1.0,0.0
2004-10-26,49.67,49.67,49.59,49.59,49.67,49.67,49.59,49.59,200.0,0.0,1.0,1.0,0.0
2004-10-27,50.1,50.18,50.1,50.18,50.1,50.18,50.1,50.18,10000.0,0.0,1.0,1.0,0.0
2004-10-28,50.24,50.48,50.24,50.36,50.24,50.48,50.24,50.36,1200.0,0.0,1.0,1.0,0.0
2004-10-29,50.68,50.78,50.68,50.71,50.68,50.78,50.68,50.71,1100.0,0.0,1.0,1.0,0.0
2004-11-01,50.56,51.16,50.56,51.16,50.56,51.16,50.56,51.16,18300.0,0.0,1.0,1.0,0.0
2004-11-02,51.37,51.67,51.35,51.42,51.37,51.67,51.35,51.42,41800.0,0.0,1.0,1.0,0.0
2004-11-03,51.7,51.83,51.67,51.67,51.7,51.83,51.67,51.67,3400.0,0.0,1.0,1.0,0.0
2004-11-04,52.1,52.23,52.1,52.23,52.1,52.23,52.1,52.23,300.0,0.0,1.0,1.0,0.0
2004-11-05,52.57,52.61,52.57,52.61,52.57,52.61,52.57,52.61,2900.0,0.0,1.0,1.0,0.0
2004-11-08,52.69,52.78,52.69,52.78,52.69,52.78,52.69,52.78,500.0,0.0,1.0,1.0,0.0
2004-11-09,52.58,52.69,52.51,52.69,52.58,52.69,52.51,52.69,6500.0,0.0,1.0,1.0,0.0
2004-11-10,52.9,53.16,52.86,52.9,52.9,53.16,52.86,52.9,5200.0,0.0,1.0,1.0,0.0
2004-11-11,53.05,53.38,53.02,53.38,53.05,53.38,53.02,53.38,10700.0,0.0,1.0,1.0,0.0
2004-11-12,53.28,53.43,53.28,53.43,53.28,53.43,53.28,53.43,1200.0,0.0,1.0,1.0,0.0
2004-11-15,53.98,53.98,53.41,53.51,53.98,53.98,53.41,53.51,20600.0,0.0,1.0,1.0,0.0
2004-11-16,53.41,53.47,53.24,53.37,53.41,53.47,53.24,53.37,10700.0,0.0,1.0,1.0,0.0
2004-11-17,54.12,54.12,53.28,53.28,54.12,54.12,53.28,53.28,13200.0,0.0,1.0,1.0,0.0
2004-11-18,53.46,53.68,53.46,53.67,53.46,53.68,53.46,53.67,500.0,0.0,1.0,1.0,0.0
2004-11-19,53.24,53.24,52.99,52.99,53.24,53.24,52.99,52.99,10100.0,0.0,1.0,1.0,0.0
2004-11-22,53.14,53.3,53.14,53.3,53.14,53.3,53.14,53.3,500.0,0.0,1.0,1.0,0.0
2004-11-23,52.97,53.17,52.91,53.0,52.97,53.17,52.91,53.0,37200.0,0.0,1.0,1.0,0.0
2004-11-24,53.03,53.03,52.9,52.98,53.03,53.03,52.9,52.98,2700.0,0.0,1.0,1.0,0.0
2004-11-26,53.37,53.37,53.28,53.33,53.37,53.37,53.28,53.33,18000.0,0.0,1.0,1.0,0.0
2004-11-29,53.68,53.68,53.25,53.55,53.68,53.68,53.25,53.55,28200.0,0.0,1.0,1.0,0.0
2004-11-30,53.46,53.46,53.2,53.38,53.46,53.46,53.2,53.38,52200.0,0.0,1.0,1.0,0.0
2004-12-01,53.92,54.18,53.92,54.18,53.92,54.18,53.92,54.18,3900.0,0.0,1.0,1.0,0.0
2004-12-02,54.93,55.48,54.93,54.99,54.93,55.48,54.93,54.99,9800.0,0.0,1.0,1.0,-10.9
2004-12-03,54.98,55.19,54.9,54.98,54.98,55.19,54.9,54.98,12000.0,0.0,1.0,1.0,0.0
2004-12-06,54.75,54.75,54.63,54.68,54.75,54.75,54.63,54.68,900.0,0.0,1.0,1.0,0.0
2004-12-07,54.76,54.76,54.16,54.16,54.76,54.76,54.16,54.16,5600.0,0.0,1.0,1.0,0.0
2004-12-08,53.73,53.95,53.73,53.77,53.73,53.95,53.73,53.77,63300.0,0.0,1.0,1.0,-10.79
2004-12-09,53.49,54.17,53.4,54.17,53.49,54.17,53.4,54.17,26500.0,0.0,1.0,1.0,10.79
2004-12-10,54.2,54.2,54.2,54.2,54.2,54.2,54.2,54.2,300.0,0.0,1.0,1.0,0.0
2004-12-13,54.91,54.91,54.74,54.9,54.91,54.91,54.74,54.9,2000.0,0.0,1.0,1.0,0.0
2004-12-14,55.0,55.03,54.71,54.93,55.0,55.03,54.71,54.93,26700.0,0.0,1.0,1.0,0.0
2004-12-15,55.07,55.07,54.62,54.76,55.07,55.07,54.62,54.76,17600.0,0.0,1.0,1.0,0.0
2004-12-16,54.92,54.92,54.92,54.92,54.92,54.92,54.92,54.92,400.0,0.0,1.0,1.0,0.0
2004-12-17,54.97,54.97,54.83,54.89,54.97,54.97,54.83,54.89,500.0,0.0,1.0,1.0,0.0
2004-12-20,55.25,55.25,55.25,55.25,55.25,55.25,55.25,55.25,100.0,0.0,1.0,1.0,0.0
2004-12-21,55.17,55.3,55.17,55.28,55.17,55.3,55.17,55.28,500.0,0.0,1.0,1.0,0.0
2004-12-22,55.05,55.2,55.05,55.15,55.05,55.2,55.05,55.15,2400.0,0.41,1.0,1.0,-5.54
2004-12-23,55.19,55.2,55.13,55.2,55.19,55.2,55.13,55.2,2100.0,0.0,1.0,1.0,0.0
2004-12-27,55.04,55.04,55.04,55.04,55.04,55.04,55.04,55.04,100.0,0.0,1.0,1.0,0.0
2004-12-28,54.88,55.13,54.88,55.13,54.88,55.13,54.88,55.13,20600.0,0.0,1.0,1.0,0.0
2004-12-29,55.19,55.19,55.11,55.14,55.19,55.19,55.11,55.14,1100.0,0.0,1.0,1.0,0.0
2004-12-30,55.16,55.23,55.03,55.23,55.16,55.23,55.03,55.23,3100.0,0.0,1.0,1.0,0.0
2004-12-31,55.02,55.12,54.9,54.9,55.02,55.12,54.9,54.9,900.0,0.0,1.0,1.0,0.0
2005-01-03,55.15,55.35,54.78,54.79,55.15,55.35,54.78,54.79,1200.0,0.0,1.0,1.0,0.0
2005-01-04,54.58,54.58,54.58,54.58,54.58,54.58,54.58,54.58,100.0,0.0,1.0,1.0,0.0
2005-01-05,54.15,54.17,53.87,53.9,54.15,54.17,53.87,53.9,5400.0,0.0,1.0,1.0,0.0
2005-01-06,54.03,54.03,53.96,53.96,54.03,54.03,53.96,53.96,2300.0,0.0,1.0,1.0,0.0
2005-01-07,54.15,54.25,54.15,54.25,54.15,54.25,54.15,54.25,1700.0,0.0,1.0,1.0,0.0
2005-01-10,53.88,53.98,53.67,53.67,53.88,53.98,53.67,53.67,1100.0,0.0,1.0,1.0,0.0
2005-01-11,53.64,53.64,53.64,53.64,53.64,53.64,53.64,53.64,400.0,0.0,1.0,1.0,0.0
2005-01-12,53.0,53.07,52.95,52.95,53.0,53.07,52.95,52.95,1700.0,0.0,1.0,1.0,0.0
2005-01-13,52.95,52.95,52.64,52.64,52.95,52.95,52.64,52.64,1400.0,0.0,1.0,1.0,0.0
2005-01-14,52.64,52.64,52.64,52.64,52.64,52.64,52.64,52.64,0.0,0.0,1.0,1.0,0.0
2005-01-18,53.65,53.65,53.65,53.65,53.65,53.65,53.65,53.65,100.0,0.0,1.0,1.0,0.0
2005-01-19,53.55,53.55,53.44,53.44,53.55,53.55,53.44,53.44,1100.0,0.0,1.0,1.0,0.0
2005-01-20,52.34,52.51,52.28,52.51,52.34,52.51,52.28,52.51,10900.0,0.0,1.0,1.0,0.0
2005-01-21,52.5,52.57,52.39,52.39,52.5,52.57,52.39,52.39,1200.0,0.0,1.0,1.0,0.0
2005-01-24,52.43,52.69,52.33,52.33,52.43,52.69,52.33,52.33,800.0,0.0,1.0,1.0,0.0
2005-01-25,52.45,52.45,51.95,51.95,52.45,52.45,51.95,51.95,600.0,0.0,1.0,1.0,0.0
2005-01-26,52.18,52.18,52.18,52.18,52.18,52.18,52.18,52.18,300.0,0.0,1.0,1.0,0.0
2005-01-27,51.97,52.03,51.82,51.82,51.97,52.03,51.82,51.82,2300.0,0.0,1.0,1.0,0.0
2005-01-28,51.89,51.89,51.48,51.59,51.89,51.89,51.48,51.59,2300.0,0.0,1.0,1.0,0.0
2005-01-31,51.95,51.96,51.86,51.86,51.95,51.96,51.86,51.86,1400.0,0.0,1.0,1.0,0.0
2005-02-01,52.28,52.39,52.28,52.39,52.28,52.39,52.28,52.39,2800.0,0.0,1.0,1.0,0.0
2005-02-02,52.75,52.84,52.75,52.84,52.75,52.84,52.75,52.84,1900.0,0.0,1.0,1.0,0.0
2005-02-03,53.03,53.03,52.73,52.73,53.03,53.03,52.73,52.73,2300.0,0.0,1.0,1.0,0.0
2005-02-04,53.34,53.55,53.34,53.55,53.34,53.55,53.34,53.55,600.0,0.0,1.0,1.0,0.0
2005-02-07,53.76,53.76,53.39,53.39,53.76,53.76,53.39,53.39,3800.0,0.0,1.0,1.0,0.0
2005-02-08,53.39,53.39,53.39,53.39,53.39,53.39,53.39,53.39,100.0,0.0,1.0,1.0,0.0
2005-02-09,53.39,53.39,53.39,53.39,53.39,53.39,53.39,53.39,0.0,0.0,1.0,1.0,0.0
2005-02-10,52.19,52.19,52.19,52.19,52.19,52.19,52.19,52.19,100.0,0.0,1.0,1.0,0.0
2005-02-11,52.63,52.63,52.59,52.59,52.63,52.63,52.59,52.59,600.0,0.0,1.0,1.0,0.0
2005-02-14,52.71,52.77,52.71,52.77,52.71,52.77,52.71,52.77,500.0,0.0,1.0,1.0,0.0
2005-02-15,52.85,52.85,52.83,52.83,52.85,52.85,52.83,52.83,500.0,0.0,1.0,1.0,0.0
2005-02-16,52.81,52.81,52.7,52.7,52.81,52.81,52.7,52.7,1200.0,0.0,1.0,1.0,0.0
2005-02-17,52.5,52.5,52.5,52.5,52.5,52.5,52.5,52.5,400.0,0.0,1.0,1.0,0.0
2005-02-18,52.4,52.4,52.34,52.36,52.4,52.4,52.34,52.36,1000.0,0.0,1.0,1.0,0.0
2005-02-22,52.2,52.48,52.01,52.01,52.2,52.48,52.01,52.01,1900.0,0.0,1.0,1.0,0.0
2005-02-23,52.0,52.4,52.0,52.4,52.0,52.4,52.0,52.4,2000.0,0.0,1.0,1.0,0.0
2005-02-24,52.44,52.44,52.44,52.44,52.44,52.44,52.44,52.44,200.0,0.0,1.0,1.0,0.0
2005-02-25,52.67,52.67,52.66,52.66,52.67,52.67,52.66,52.66,400.0,0.0,1.0,1.0,0.0
2005-02-28,52.92,52.98,52.78,52.84,52.92,52.98,52.78,52.84,1000.0,0.0,1.0,1.0,0.0
2005-03-01,53.24,53.31,53.16,53.31,53.24,53.31,53.16,53.31,500.0,0.0,1.0,1.0,0.0
2005-03-02,52.97,52.97,52.97,52.97,52.97,52.97,52.97,52.97,100.0,0.0,1.0,1.0,0.0
2005-03-03,52.93,53.24,52.93,53.24,52.93,53.24,52.93,53.24,400.0,0.0,1.0,1.0,0.0
2005-03-04,53.29,53.55,53.29,53.34,53.29,53.55,53.29,53.34,6700.0,0.0,1.0,1.0,0.0
2005-03-07,53.51,53.53,53.26,53.26,53.51,53.53,53.26,53.26,4200.0,0.0,1.0,1.0,0.0
2005-03-08,53.42,53.42,52.99,52.99,53.42,53.42,52.99,52.99,1800.0,0.0,1.0,1.0,0.0
2005-03-09,52.56,52.56,52.56,52.56,52.56,52.56,52.56,52.56,500.0,0.0,1.0,1.0,0.0
2005-03-10,52.62,52.62,52.62,52.62,52.62,52.62,52.62,52.62,200.0,0.0,1.0,1.0,0.0
2005-03-11,52.71,52.71,52.71,52.71,52.71,52.71,52.71,52.71,400.0,0.0,1.0,1.0,0.0
2005-03-14,52.58,52.58,52.58,52.58,52.58,52.58,52.58,52.58,100.0,0.0,1.0,1.0,0.0
2005-03-15,52.1,52.1,52.1,52.1,52.1,52.1,52.1,52.1,200.0,0.0,1.0,1.0,0.0
2005-03-16,51.8,51.8,51.72,51.72,51.8,51.8,51.72,51.72,300.0,0.0,1.0,1.0,0.0
2005-03-17,51.4,51.44,51.35,51.35,51.4,51.44,51.35,51.35,2800.0,0.0,1.0,1.0,0.0
2005-03-18,51.28,51.28,51.02,51.03,51.28,51.28,51.02,51.03,4900.0,0.0,1.0,1.0,0.0
2005-03-21,51.03,51.03,51.03,51.03,51.03,51.03,51.03,51.03,0.0,0.0,1.0,1.0,0.0
2005-03-22,50.85,50.85,50.85,50.85,50.85,50.85,50.85,50.85,1300.0,0.0,1.0,1.0,0.0
2005-03-23,50.95,50.95,50.95,50.95,50.95,50.95,50.95,50.95,200.0,0.0,1.0,1.0,0.0
2005-03-24,50.92,50.93,50.92,50.93,50.92,50.93,50.92,50.93,500.0,0.0,1.0,1.0,0.0
2005-03-28,50.9,50.9,50.78,50.78,50.9,50.9,50.78,50.78,300.0,0.0,1.0,1.0,0.0
2005-03-29,51.07,51.07,50.7,50.7,51.07,51.07,50.7,50.7,3600.0,0.0,1.0,1.0,0.0
2005-03-30,50.75,51.05,50.75,51.05,50.75,51.05,50.75,51.05,1300.0,0.0,1.0,1.0,0.0
2005-03-31,51.02,51.37,51.02,51.37,51.02,51.37,51.02,51.37,700.0,0.0,1.0,1.0,0.0
2005-04-01,51.29,51.29,51.03,51.03,51.29,51.29,51.03,51.03,1100.0,0.0,1.0,1.0,0.0
2005-04-04,51.4,51.4,51.4,51.4,51.4,51.4,51.4,51.4,200.0,0.0,1.0,1.0,0.0
2005-04-05,51.94,51.94,51.94,51.94,51.94,51.94,51.94,51.94,200.0,0.0,1.0,1.0,0.0
2005-04-06,52.08,52.08,52.03,52.05,52.08,52.08,52.03,52.05,4500.0,0.0,1.0,1.0,0.0
2005-04-07,52.24,52.27,52.22,52.22,52.24,52.27,52.22,52.22,2400.0,0.0,1.0,1.0,0.0
2005-04-08,52.08,52.08,51.9,51.9,52.08,52.08,51.9,51.9,800.0,0.0,1.0,1.0,0.0
2005-04-11,51.79,51.84,51.79,51.84,51.79,51.84,51.79,51.84,900.0,0.0,1.0,1.0,0.0
2005-04-12,51.54,51.54,51.54,51.54,51.54,51.54,51.54,51.54,200.0,0.0,1.0,1.0,0.0
2005-04-13,52.39,52.39,52.19,52.19,52.39,52.39,52.19,52.19,800.0,0.0,1.0,1.0,0.0
2005-04-14,51.76,51.76,51.61,51.61,51.76,51.76,51.61,51.61,700.0,0.0,1.0,1.0,0.0
2005-04-15,50.94,50.94,50.65,50.65,50.94,50.94,50.65,50.65,1800.0,0.0,1.0,1.0,0.0
2005-04-18,50.52,50.54,50.27,50.54,50.52,50.54,50.27,50.54,2200.0,0.0,1.0,1.0,0.0
2005-04-19,50.61,50.61,50.53,50.53,50.61,50.61,50.53,50.53,500.0,0.0,1.0,1.0,0.0
2005-04-20,50.1,50.1,50.1,50.1,50.1,50.1,50.1,50.1,700.0,0.0,1.0,1.0,0.0
2005-04-21,50.35,50.66,50.35,50.66,50.35,50.66,50.35,50.66,1700.0,0.0,1.0,1.0,0.0
2005-04-22,50.86,50.86,50.39,50.39,50.86,50.86,50.39,50.39,3000.0,0.0,1.0,1.0,0.0
2005-04-25,50.74,50.86,50.74,50.86,50.74,50.86,50.74,50.86,2800.0,0.0,1.0,1.0,0.0
2005-04-26,50.64,50.64,50.64,50.64,50.64,50.64,50.64,50.64,900.0,0.0,1.0,1.0,0.0
2005-04-27,50.8,50.88,50.8,50.88,50.8,50.88,50.8,50.88,1000.0,0.0,1.0,1.0,0.0
2005-04-28,50.88,50.88,50.88,50.88,50.88,50.88,50.88,50.88,200.0,0.0,1.0,1.0,0.0
2005-04-29,50.44,50.85,50.38,50.85,50.44,50.85,50.38,50.85,3600.0,0.0,1.0,1.0,0.0
2005-05-02,50.98,50.98,50.29,50.37,50.98,50.98,50.29,50.37,11000.0,0.0,1.0,1.0,0.0
2005-05-03,50.41,50.49,50.38,50.38,50.41,50.49,50.38,50.38,1600.0,0.0,1.0,1.0,0.0
2005-05-04,50.72,50.72,50.72,50.72,50.72,50.72,50.72,50.72,100.0,0.0,1.0,1.0,0.0
2005-05-05,50.72,50.72,50.72,50.72,50.72,50.72,50.72,50.72,0.0,0.0,1.0,1.0,0.0
2005-05-06,50.77,50.79,50.64,50.79,50.77,50.79,50.64,50.79,32100.0,0.0,1.0,1.0,0.0
2005-05-09,50.79,50.79,50.79,50.79,50.79,50.79,50.79,50.79,0.0,0.0,1.0,1.0,0.0
2005-05-10,50.57,50.57,50.57,50.57,50.57,50.57,50.57,50.57,200.0,0.0,1.0,1.0,0.0
2005-05-11,50.35,50.5,50.35,50.5,50.35,50.5,50.35,50.5,400.0,0.0,1.0,1.0,0.0
2005-05-12,50.74,50.74,50.25,50.25,50.74,50.74,50.25,50.25,500.0,0.0,1.0,1.0,0.0
2005-05-13,50.0,50.0,49.83,49.83,50.0,50.0,49.83,49.83,1000.0,0.0,1.0,1.0,0.0
2005-05-16,49.94,50.14,49.94,50.04,49.94,50.14,49.94,50.04,3200.0,0.0,1.0,1.0,0.0
2005-05-17,50.21,50.45,50.06,50.45,50.21,50.45,50.06,50.45,3000.0,0.0,1.0,1.0,0.0
2005-05-18,51.11,51.33,51.11,51.29,51.11,51.33,51.11,51.29,1400.0,0.0,1.0,1.0,0.0
2005-05-19,51.59,51.72,51.59,51.72,51.59,51.72,51.59,51.72,900.0,0.0,1.0,1.0,0.0
2005-05-20,51.55,51.71,51.55,51.71,51.55,51.71,51.55,51.71,19600.0,0.0,1.0,1.0,0.0
2005-05-23,51.6,51.81,51.6,51.76,51.6,51.81,51.6,51.76,11400.0,0.0,1.0,1.0,0.0
2005-05-24,51.45,51.54,51.45,51.54,51.45,51.54,51.45,51.54,58300.0,0.0,1.0,1.0,0.0
2005-05-25,51.54,51.54,51.54,51.54,51.54,51.54,51.54,51.54,200.0,0.0,1.0,1.0,0.0
2005-05-26,51.93,52.02,51.93,52.02,51.93,52.02,51.93,52.02,1100.0,0.0,1.0,1.0,0.0
2005-05-27,52.14,52.31,52.14,52.31,52.14,52.31,52.14,52.31,21300.0,0.0,1.0,1.0,0.0
2005-05-31,52.1,52.34,52.1,52.34,52.1,52.34,52.1,52.34,600.0,0.0,1.0,1.0,0.0
2005-06-01,52.42,52.42,52.21,52.3,52.42,52.42,52.21,52.3,900.0,0.0,1.0,1.0,0.0
2005-06-02,52.77,52.77,52.74,52.74,52.77,52.77,52.74,52.74,500.0,0.0,1.0,1.0,0.0
2005-06-03,52.74,52.78,52.73,52.78,52.74,52.78,52.73,52.78,500.0,0.0,1.0,1.0,0.0
2005-06-06,52.85,52.85,52.64,52.66,52.85,52.85,52.64,52.66,1100.0,0.0,1.0,1.0,0.0
2005-06-07,52.9,52.9,52.55,52.55,52.9,52.9,52.55,52.55,1700.0,0.0,1.0,1.0,0.0
2005-06-08,52.42,52.6,52.42,52.51,52.42,52.6,52.42,52.51,7600.0,0.0,1.0,1.0,0.0
2005-06-09,52.48,52.57,52.44,52.44,52.48,52.57,52.44,52.44,5300.0,0.0,1.0,1.0,0.0
2005-06-10,52.5,52.77,52.5,52.77,52.5,52.77,52.5,52.77,1200.0,0.0,1.0,1.0,0.0
2005-06-13,53.19,53.22,53.11,53.11,53.19,53.22,53.11,53.11,1500.0,0.0,1.0,1.0,0.0
2005-06-14,53.4,53.44,53.32,53.34,53.4,53.44,53.32,53.34,3500.0,0.0,1.0,1.0,0.0
2005-06-15,53.36,53.36,53.08,53.3,53.36,53.36,53.08,53.3,2400.0,0.0,1.0,1.0,0.0
2005-06-16,53.62,53.62,53.54,53.59,53.62,53.62,53.54,53.59,1400.0,0.0,1.0,1.0,0.0
2005-06-17,53.58,53.74,53.57,53.74,53.58,53.74,53.57,53.74,10400.0,0.0,1.0,1.0,0.0
2005-06-20,53.68,53.8,53.53,53.8,53.68,53.8,53.53,53.8,5900.0,0.0,1.0,1.0,0.0
2005-06-21,53.71,53.72,53.67,53.67,53.71,53.72,53.67,53.67,800.0,0.0,1.0,1.0,0.0
2005-06-22,53.89,53.89,53.84,53.84,53.89,53.89,53.84,53.84,1300.0,0.0,1.0,1.0,0.0
2005-06-23,53.27,53.27,53.27,53.27,53.27,53.27,53.27,53.27,1600.0,0.0,1.0,1.0,0.0
2005-06-24,53.1,53.1,53.0,53.0,53.1,53.1,53.0,53.0,400.0,0.0,1.0,1.0,0.0
2005-06-27,52.93,53.07,52.93,53.07,52.93,53.07,52.93,53.07,500.0,0.0,1.0,1.0,0.0
2005-06-28,53.3,53.45,53.3,53.45,53.3,53.45,53.3,53.45,7000.0,0.0,1.0,1.0,0.0
2005-06-29,53.45,53.45,53.45,53.45,53.45,53.45,53.45,53.45,0.0,0.0,1.0,1.0,0.0
2005-06-30,53.91,54.04,53.84,53.84,53.91,54.04,53.84,53.84,1200.0,0.0,1.0,1.0,0.0
2005-07-01,54.12,54.12,54.06,54.06,54.12,54.12,54.06,54.06,200.0,0.0,1.0,1.0,0.0
2005-07-05,53.95,53.95,53.79,53.79,53.95,53.95,53.79,53.79,200.0,0.0,1.0,1.0,0.0
2005-07-06,54.24,54.24,54.24,54.24,54.24,54.24,54.24,54.24,200.0,0.0,1.0,1.0,0.0
2005-07-07,53.75,54.03,53.67,54.03,53.75,54.03,53.67,54.03,2200.0,0.0,1.0,1.0,0.0
2005-07-08,54.17,54.5,54.17,54.5,54.17,54.5,54.17,54.5,1500.0,0.0,1.0,1.0,0.0
2005-07-11,55.03,55.03,54.96,54.96,55.03,55.03,54.96,54.96,700.0,0.0,1.0,1.0,0.0
2005-07-12,54.93,55.19,54.93,55.19,54.93,55.19,54.93,55.19,500.0,0.0,1.0,1.0,0.0
2005-07-13,55.2,55.2,55.12,55.12,55.2,55.2,55.12,55.12,1500.0,0.0,1.0,1.0,0.0
2005-07-14,55.5,55.5,55.31,55.31,55.5,55.5,55.31,55.31,700.0,0.0,1.0,1.0,0.0
2005-07-15,55.37,55.37,55.07,55.17,55.37,55.37,55.07,55.17,900.0,0.0,1.0,1.0,0.0
2005-07-18,55.4,55.4,54.98,54.98,55.4,55.4,54.98,54.98,1300.0,0.0,1.0,1.0,0.0
2005-07-19,55.13,55.13,55.08,55.08,55.13,55.13,55.08,55.08,1300.0,0.0,1.0,1.0,0.0
2005-07-20,54.9,54.94,54.72,54.94,54.9,54.94,54.72,54.94,400.0,0.0,1.0,1.0,0.0
2005-07-21,55.17,55.17,54.8,54.9,55.17,55.17,54.8,54.9,1900.0,0.0,1.0,1.0,0.0
2005-07-22,54.97,54.97,54.76,54.91,54.97,54.97,54.76,54.91,700.0,0.0,1.0,1.0,0.0
2005-07-25,55.1,55.1,55.1,55.1,55.1,55.1,55.1,55.1,100.0,0.0,1.0,1.0,0.0
2005-07-26,55.06,55.06,55.06,55.06,55.06,55.06,55.06,55.06,100.0,0.0,1.0,1.0,0.0
2005-07-27,55.4,55.75,55.4,55.75,55.4,55.75,55.4,55.75,500.0,0.0,1.0,1.0,0.0
2005-07-28,56.0,56.59,56.0,56.59,56.0,56.59,56.0,56.59,2500.0,0.0,1.0,1.0,0.0
2005-07-29,56.63,56.63,56.4,56.41,56.63,56.63,56.4,56.41,3700.0,0.0,1.0,1.0,0.0
2005-08-01,56.49,56.75,56.48,56.65,56.49,56.75,56.48,56.65,1800.0,0.0,1.0,1.0,0.0
2005-08-02,56.65,56.82,56.51,56.69,56.65,56.82,56.51,56.69,2700.0,0.0,1.0,1.0,0.0
2005-08-03,56.46,56.68,56.46,56.68,56.46,56.68,56.46,56.68,500.0,0.0,1.0,1.0,0.0
2005-08-04,56.41,56.41,56.38,56.38,56.41,56.41,56.38,56.38,500.0,0.0,1.0,1.0,0.0
2005-08-05,55.84,55.91,55.81,55.81,55.84,55.91,55.81,55.81,1100.0,0.0,1.0,1.0,0.0
2005-08-08,55.64,55.81,55.5,55.5,55.64,55.81,55.5,55.5,900.0,0.0,1.0,1.0,0.0
2005-08-09,55.58,55.68,55.58,55.68,55.58,55.68,55.58,55.68,600.0,0.0,1.0,1.0,0.0
2005-08-10,56.02,56.02,55.46,55.46,56.02,56.02,55.46,55.46,300.0,0.0,1.0,1.0,0.0
2005-08-11,55.77,55.93,55.77,55.93,55.77,55.93,55.77,55.93,600.0,0.0,1.0,1.0,0.0
2005-08-12,55.8,55.8,55.28,55.29,55.8,55.8,55.28,55.29,2900.0,0.0,1.0,1.0,0.0
2005-08-15,55.31,55.31,54.95,55.26,55.31,55.31,54.95,55.26,2200.0,0.0,1.0,1.0,0.0
2005-08-16,55.0,55.02,54.87,54.95,55.0,55.02,54.87,54.95,3400.0,0.0,1.0,1.0,0.0
2005-08-17,54.99,55.19,54.99,55.19,54.99,55.19,54.99,55.19,500.0,0.0,1.0,1.0,0.0
2005-08-18,55.12,55.12,54.96,54.96,55.12,55.12,54.96,54.96,800.0,0.0,1.0,1.0,0.0
2005-08-19,54.96,55.13,54.96,55.13,54.96,55.13,54.96,55.13,2700.0,0.0,1.0,1.0,0.0
2005-08-22,55.33,55.33,55.18,55.28,55.33,55.33,55.18,55.28,1100.0,0.0,1.0,1.0,0.0
2005-08-23,55.33,55.35,55.28,55.31,55.33,55.35,55.28,55.31,1100.0,0.0,1.0,1.0,0.0
2005-08-24,55.33,55.33,54.97,54.97,55.33,55.33,54.97,54.97,900.0,0.0,1.0,1.0,0.0
2005-08-25,55.04,55.04,54.85,54.91,55.04,55.04,54.85,54.91,500.0,0.0,1.0,1.0,0.0
2005-08-26,54.51,54.6,54.49,54.57,54.51,54.6,54.49,54.57,4300.0,0.0,1.0,1.0,0.0
2005-08-29,54.09,54.72,54.09,54.72,54.09,54.72,54.09,54.72,1800.0,0.0,1.0,1.0,0.0
2005-08-30,54.72,54.72,54.72,54.72,54.72,54.72,54.72,54.72,0.0,0.0,1.0,1.0,0.0
2005-08-31,54.75,54.75,54.7,54.7,54.75,54.75,54.7,54.7,500.0,0.0,1.0,1.0,0.0
2005-09-01,55.32,55.4,55.17,55.18,55.32,55.4,55.17,55.18,4200.0,0.0,1.0,1.0,0.0
2005-09-02,55.38,55.38,55.38,55.38,55.38,55.38,55.38,55.38,200.0,0.0,1.0,1.0,0.0
2005-09-06,55.25,55.37,55.25,55.37,55.25,55.37,55.25,55.37,1200.0,0.0,1.0,1.0,0.0
2005-09-07,55.52,55.63,55.5,55.63,55.52,55.63,55.5,55.63,2600.0,0.0,1.0,1.0,0.0
2005-09-08,55.61,55.63,55.61,55.63,55.61,55.63,55.61,55.63,600.0,0.0,1.0,1.0,0.0
2005-09-09,55.66,55.9,55.65,55.89,55.66,55.9,55.65,55.89,2400.0,0.0,1.0,1.0,0.0
2005-09-12,55.75,55.77,55.69,55.77,55.75,55.77,55.69,55.77,400.0,0.0,1.0,1.0,0.0
2005-09-13,55.45,55.73,55.43,55.73,55.45,55.73,55.43,55.73,3900.0,0.0,1.0,1.0,0.0
2005-09-14,55.35,55.35,55.03,55.03,55.35,55.35,55.03,55.03,3700.0,0.0,1.0,1.0,0.0
2005-09-15,55.25,55.25,55.11,55.11,55.25,55.25,55.11,55.11,2300.0,0.0,1.0,1.0,0.0
2005-09-16,55.38,55.38,55.34,55.34,55.38,55.38,55.34,55.34,1200.0,0.0,1.0,1.0,0.0
2005-09-19,55.29,55.29,55.1,55.1,55.29,55.29,55.1,55.1,1100.0,0.0,1.0,1.0,0.0
2005-09-20,55.19,55.22,54.53,54.68,55.19,55.22,54.53,54.68,2900.0,0.0,1.0,1.0,0.0
2005-09-21,54.3,54.35,54.25,54.35,54.3,54.35,54.25,54.35,300.0,0.0,1.0,1.0,0.0
2005-09-22,54.45,54.5,54.45,54.5,54.45,54.5,54.45,54.5,800.0,0.0,1.0,1.0,0.0
2005-09-23,54.23,54.45,54.23,54.45,54.23,54.45,54.23,54.45,1100.0,0.0,1.0,1.0,0.0
2005-09-26,54.6,54.6,54.52,54.52,54.6,54.6,54.52,54.52,400.0,0.0,1.0,1.0,0.0
2005-09-27,54.46,54.46,54.46,54.46,54.46,54.46,54.46,54.46,300.0,0.0,1.0,1.0,0.0
2005-09-28,54.51,54.77,54.51,54.69,54.51,54.77,54.51,54.69,500.0,0.0,1.0,1.0,0.0
2005-09-29,54.63,54.87,54.63,54.83,54.63,54.87,54.63,54.83,2300.0,0.0,1.0,1.0,0.0
2005-09-30,54.78,55.14,54.71,55.14,54.78,55.14,54.71,55.14,600.0,0.0,1.0,1.0,0.0
2005-10-03,54.89,55.09,54.89,55.09,54.89,55.09,54.89,55.09,5100.0,0.0,1.0,1.0,0.0
2005-10-04,55.22,55.37,55.03,55.03,55.22,55.37,55.03,55.03,6900.0,0.0,1.0,1.0,0.0
2005-10-05,54.64,54.64,54.47,54.47,54.64,54.64,54.47,54.47,2800.0,0.0,1.0,1.0,0.0
2005-10-06,54.05,54.05,53.42,53.51,54.05,54.05,53.42,53.51,3600.0,0.0,1.0,1.0,0.0
2005-10-07,53.77,53.77,53.4,53.48,53.77,53.77,53.4,53.48,1300.0,0.0,1.0,1.0,0.0
2005-10-10,53.5,53.5,53.17,53.3,53.5,53.5,53.17,53.3,600.0,0.0,1.0,1.0,0.0
2005-10-11,52.97,52.97,52.56,52.75,52.97,52.97,52.56,52.75,8500.0,0.0,1.0,1.0,0.0
2005-10-12,52.61,52.61,51.95,52.19,52.61,52.61,51.95,52.19,5000.0,0.0,1.0,1.0,0.0
2005-10-13,52.05,52.12,51.81,52.12,52.05,52.12,51.81,52.12,2400.0,0.0,1.0,1.0,0.0
2005-10-14,52.08,52.36,51.98,52.28,52.08,52.36,51.98,52.28,5400.0,0.0,1.0,1.0,0.0
2005-10-17,52.3,52.46,52.1,52.1,52.3,52.46,52.1,52.1,17200.0,0.0,1.0,1.0,0.0
2005-10-18,52.15,52.15,51.74,51.9,52.15,52.15,51.74,51.9,9600.0,0.0,1.0,1.0,0.0
2005-10-19,51.44,52.1,51.44,52.1,51.44,52.1,51.44,52.1,500.0,0.0,1.0,1.0,0.0
2005-10-20,52.78,52.78,51.89,51.92,52.78,52.78,51.89,51.92,3200.0,0.0,1.0,1.0,0.0
2005-10-21,52.69,53.0,52.61,52.83,52.69,53.0,52.61,52.83,5400.0,0.0,1.0,1.0,0.0
2005-10-24,53.0,53.74,53.0,53.74,53.0,53.74,53.0,53.74,5700.0,0.0,1.0,1.0,0.0
2005-10-25,53.9,53.94,53.66,53.77,53.9,53.94,53.66,53.77,2600.0,0.0,1.0,1.0,0.0
2005-10-26,54.06,54.06,53.56,53.56,54.06,54.06,53.56,53.56,1100.0,0.0,1.0,1.0,0.0
2005-10-27,53.45,53.45,53.22,53.22,53.45,53.45,53.22,53.22,1600.0,0.0,1.0,1.0,0.0
2005-10-28,53.55,53.9,53.36,53.9,53.55,53.9,53.36,53.9,4000.0,0.0,1.0,1.0,0.0
2005-10-31,54.54,54.62,54.37,54.62,54.54,54.62,54.37,54.62,1400.0,0.0,1.0,1.0,0.0
2005-11-01,54.29,54.56,54.27,54.56,54.29,54.56,54.27,54.56,3000.0,0.0,1.0,1.0,0.0
2005-11-02,54.45,55.18,54.45,55.14,54.45,55.18,54.45,55.14,2100.0,0.0,1.0,1.0,0.0
2005-11-03,55.27,55.27,54.68,54.83,55.27,55.27,54.68,54.83,1600.0,0.0,1.0,1.0,0.0
2005-11-04,55.03,55.03,54.56,54.89,55.03,55.03,54.56,54.89,2900.0,0.0,1.0,1.0,0.0
2005-11-07,54.84,54.92,54.53,54.74,54.84,54.92,54.53,54.74,2800.0,0.0,1.0,1.0,0.0
2005-11-08,54.74,55.05,54.74,54.91,54.74,55.05,54.74,54.91,2900.0,0.0,1.0,1.0,0.0
2005-11-09,54.81,55.29,54.77,55.2,54.81,55.29,54.77,55.2,2600.0,0.0,1.0,1.0,0.0
2005-11-10,55.09,55.69,55.03,55.63,55.09,55.69,55.03,55.63,9400.0,0.0,1.0,1.0,0.0
2005-11-11,55.61,55.7,55.61,55.64,55.61,55.7,55.61,55.64,2500.0,0.0,1.0,1.0,0.0
2005-11-14,55.75,55.78,55.64,55.68,55.75,55.78,55.64,55.68,4700.0,0.0,1.0,1.0,0.0
2005-11-15,55.57,55.57,54.97,55.12,55.57,55.57,54.97,55.12,10700.0,0.0,1.0,1.0,0.0
2005-11-16,55.12,55.12,54.94,54.94,55.12,55.12,54.94,54.94,3500.0,0.0,1.0,1.0,0.0
2005-11-17,55.4,55.99,55.4,55.97,55.4,55.99,55.4,55.97,2900.0,0.0,1.0,1.0,0.0
2005-11-18,56.31,56.42,56.31,56.42,56.31,56.42,56.31,56.42,1200.0,0.0,1.0,1.0,0.0
2005-11-21,56.03,56.76,56.03,56.76,56.03,56.76,56.03,56.76,38700.0,0.0,1.0,1.0,0.0
2005-11-22,56.77,57.24,56.72,57.22,56.77,57.24,56.72,57.22,6000.0,0.0,1.0,1.0,5.68
2005-11-23,57.03,57.47,57.03,57.26,57.03,57.47,57.03,57.26,2500.0,0.0,1.0,1.0,0.0
2005-11-25,57.44,57.53,57.28,57.53,57.44,57.53,57.28,57.53,6100.0,0.0,1.0,1.0,0.0
2005-11-28,57.42,57.72,57.4,57.54,57.42,57.72,57.4,57.54,21300.0,0.0,1.0,1.0,0.0
2005-11-29,57.74,57.83,57.62,57.63,57.74,57.83,57.62,57.63,6700.0,0.0,1.0,1.0,0.0
2005-11-30,57.69,57.83,57.48,57.48,57.69,57.83,57.48,57.48,1500.0,0.0,1.0,1.0,0.0
2005-12-01,57.84,58.17,57.84,58.14,57.84,58.17,57.84,58.14,5700.0,0.0,1.0,1.0,0.0
2005-12-02,58.05,58.06,57.87,58.06,58.05,58.06,57.87,58.06,5200.0,0.0,1.0,1.0,0.0
2005-12-05,58.03,58.03,57.46,57.78,58.03,58.03,57.46,57.78,7100.0,0.0,1.0,1.0,0.0
2005-12-06,58.04,58.04,57.71,57.71,58.04,58.04,57.71,57.71,1400.0,0.0,1.0,1.0,0.0
2005-12-07,57.59,57.65,57.11,57.36,57.59,57.65,57.11,57.36,5700.0,0.0,1.0,1.0,0.0
2005-12-08,57.38,57.38,57.1,57.1,57.38,57.38,57.1,57.1,3400.0,0.0,1.0,1.0,0.0
2005-12-09,57.35,57.7,57.35,57.46,57.35,57.7,57.35,57.46,1000.0,0.0,1.0,1.0,0.0
2005-12-12,57.35,57.41,57.07,57.34,57.35,57.41,57.07,57.34,3400.0,0.0,1.0,1.0,0.0
2005-12-13,57.31,57.52,57.16,57.45,57.31,57.52,57.16,57.45,5400.0,0.0,1.0,1.0,0.0
2005-12-14,57.3,57.54,57.3,57.31,57.3,57.54,57.3,57.31,2900.0,0.0,1.0,1.0,0.0
2005-12-15,57.45,57.45,57.14,57.22,57.45,57.45,57.14,57.22,3100.0,0.0,1.0,1.0,0.0
2005-12-16,57.25,57.38,57.22,57.32,57.25,57.38,57.22,57.32,3200.0,0.0,1.0,1.0,0.0
2005-12-19,57.15,57.2,56.78,56.93,57.15,57.2,56.78,56.93,5500.0,0.0,1.0,1.0,0.0
2005-12-20,56.4,56.77,56.4,56.66,56.4,56.77,56.4,56.66,10500.0,0.0,1.0,1.0,0.0
2005-12-21,56.83,56.84,56.58,56.58,56.83,56.84,56.58,56.58,4900.0,0.0,1.0,1.0,0.0
2005-12-22,55.06,55.24,55.06,55.23,55.06,55.24,55.06,55.23,4200.0,1.56,1.0,1.0,0.0
2005-12-23,55.29,55.31,55.26,55.27,55.29,55.31,55.26,55.27,1900.0,0.0,1.0,1.0,0.0
2005-12-27,55.37,55.42,55.03,55.03,55.37,55.42,55.03,55.03,1300.0,0.0,1.0,1.0,0.0
2005-12-28,54.93,54.93,54.75,54.75,54.93,54.93,54.75,54.75,4700.0,0.0,1.0,1.0,0.0
2005-12-29,54.74,54.91,54.71,54.76,54.74,54.91,54.71,54.76,3000.0,0.0,1.0,1.0,0.0
2005-12-30,54.44,54.54,54.28,54.46,54.44,54.54,54.28,54.46,2900.0,0.0,1.0,1.0,0.0
2006-01-03,54.5,54.9,54.19,54.85,54.5,54.9,54.19,54.85,5100.0,0.0,1.0,1.0,0.0
2006-01-04,54.99,55.45,54.99,55.39,54.99,55.45,54.99,55.39,18400.0,0.0,1.0,1.0,0.0
2006-01-05,55.54,55.54,55.41,55.47,55.54,55.54,55.41,55.47,3600.0,0.0,1.0,1.0,0.0
2006-01-06,55.58,56.02,55.51,55.89,55.58,56.02,55.51,55.89,293700.0,0.0,1.0,1.0,0.0
2006-01-09,55.99,56.07,55.85,55.94,55.99,56.07,55.85,55.94,6600.0,0.0,1.0,1.0,16.76
2006-01-10,56.05,56.08,55.84,56.06,56.05,56.08,55.84,56.06,10400.0,0.0,1.0,1.0,0.0
2006-01-11,56.0,56.54,56.0,56.54,56.0,56.54,56.0,56.54,4000.0,0.0,1.0,1.0,0.0
2006-01-12,56.58,56.62,56.38,56.38,56.58,56.62,56.38,56.38,7300.0,0.0,1.0,1.0,0.0
2006-01-13,56.54,56.65,56.33,56.65,56.54,56.65,56.33,56.65,2700.0,0.0,1.0,1.0,0.0
2006-01-17,56.29,56.29,55.86,56.06,56.29,56.29,55.86,56.06,11500.0,0.0,1.0,1.0,-11.33
2006-01-18,55.9,56.27,55.9,56.27,55.9,56.27,55.9,56.27,4000.0,0.0,1.0,1.0,0.0
2006-01-19,56.4,56.71,56.34,56.54,56.4,56.71,56.34,56.54,2800.0,0.0,1.0,1.0,0.0
2006-01-20,56.54,56.62,55.86,55.86,56.54,56.62,55.86,55.86,2900.0,0.0,1.0,1.0,0.0
2006-01-23,56.09,56.09,55.74,55.8,56.09,56.09,55.74,55.8,3700.0,0.0,1.0,1.0,0.0
2006-01-24,55.92,56.54,55.92,56.31,55.92,56.54,55.92,56.31,3800.0,0.0,1.0,1.0,0.0
2006-01-25,56.35,56.63,56.3,56.47,56.35,56.63,56.3,56.47,6500.0,0.0,1.0,1.0,0.0
2006-01-26,56.99,57.08,56.8,57.03,56.99,57.08,56.8,57.03,12200.0,0.0,1.0,1.0,0.0
2006-01-27,57.42,57.61,57.31,57.54,57.42,57.61,57.31,57.54,1300.0,0.0,1.0,1.0,0.0
2006-01-30,57.65,57.65,57.3,57.3,57.65,57.65,57.3,57.3,4700.0,0.0,1.0,1.0,0.0
2006-01-31,57.42,57.66,57.36,57.36,57.42,57.66,57.36,57.36,7900.0,0.0,1.0,1.0,0.0
2006-02-01,57.4,57.67,57.35,57.67,57.4,57.67,57.35,57.67,900.0,0.0,1.0,1.0,0.0
2006-02-02,57.68,57.68,57.19,57.51,57.68,57.68,57.19,57.51,4500.0,0.0,1.0,1.0,5.79
2006-02-03,57.39,57.71,57.35,57.68,57.39,57.71,57.35,57.68,3100.0,0.0,1.0,1.0,0.0
2006-02-06,57.77,57.88,57.72,57.88,57.77,57.88,57.72,57.88,2100.0,0.0,1.0,1.0,0.0
2006-02-07,58.04,58.04,57.46,57.58,58.04,58.04,57.46,57.58,4700.0,0.0,1.0,1.0,0.0
2006-02-08,57.75,58.31,57.71,58.31,57.75,58.31,57.71,58.31,9600.0,0.0,1.0,1.0,0.0
2006-02-09,58.39,58.42,58.03,58.1,58.39,58.42,58.03,58.1,6100.0,0.0,1.0,1.0,0.0
2006-02-10,58.06,58.57,57.92,58.57,58.06,58.57,57.92,58.57,2100.0,0.0,1.0,1.0,0.0
2006-02-13,58.55,58.55,58.22,58.38,58.55,58.55,58.22,58.38,3300.0,0.0,1.0,1.0,0.0
2006-02-14,58.52,59.69,58.52,59.36,58.52,59.69,58.52,59.36,5900.0,0.0,1.0,1.0,0.0
2006-02-15,59.25,59.88,59.25,59.75,59.25,59.88,59.25,59.75,10400.0,0.0,1.0,1.0,0.0
2006-02-16,60.25,60.74,60.16,60.74,60.25,60.74,60.16,60.74,10400.0,0.0,1.0,1.0,0.0
2006-02-17,60.74,60.98,60.6,60.72,60.74,60.98,60.6,60.72,15500.0,0.0,1.0,1.0,0.0
2006-02-21,60.87,61.04,60.33,60.45,60.87,61.04,60.33,60.45,12300.0,0.0,1.0,1.0,0.0
2006-02-22,60.33,60.43,60.11,60.13,60.33,60.43,60.11,60.13,12200.0,0.0,1.0,1.0,0.0
2006-02-23,60.29,60.5,60.12,60.28,60.29,60.5,60.12,60.28,3900.0,0.0,1.0,1.0,0.0
2006-02-24,60.4,60.44,59.89,60.04,60.4,60.44,59.89,60.04,5500.0,0.0,1.0,1.0,0.0
2006-02-27,60.08,60.63,60.08,60.23,60.08,60.63,60.08,60.23,6600.0,0.0,1.0,1.0,0.0
2006-02-28,60.1,60.15,59.63,59.7,60.1,60.15,59.63,59.7,5500.0,0.0,1.0,1.0,0.0
2006-03-01,59.9,60.41,59.75,60.34,59.9,60.41,59.75,60.34,3800.0,0.0,1.0,1.0,0.0
2006-03-02,60.29,60.59,60.22,60.59,60.29,60.59,60.22,60.59,6500.0,0.0,1.0,1.0,0.0
2006-03-03,60.34,60.78,60.22,60.66,60.34,60.78,60.22,60.66,9400.0,0.0,1.0,1.0,0.0
2006-03-06,60.91,61.41,60.59,60.73,60.91,61.41,60.59,60.73,11800.0,0.0,1.0,1.0,0.0
2006-03-07,60.31,60.31,59.6,59.82,60.31,60.31,59.6,59.82,9000.0,0.0,1.0,1.0,0.0
2006-03-08,59.78,60.01,59.64,60.01,59.78,60.01,59.64,60.01,7600.0,0.0,1.0,1.0,0.0
2006-03-09,60.23,60.35,60.07,60.18,60.23,60.35,60.07,60.18,5400.0,0.0,1.0,1.0,0.0
2006-03-10,60.16,60.67,60.16,60.63,60.16,60.67,60.16,60.63,38500.0,0.0,1.0,1.0,6.01
2006-03-13,60.88,61.06,60.61,60.68,60.88,61.06,60.61,60.68,17000.0,0.0,1.0,1.0,0.0
2006-03-14,60.55,61.12,60.55,61.09,60.55,61.12,60.55,61.09,11700.0,0.0,1.0,1.0,0.0
2006-03-15,61.02,61.25,60.84,61.25,61.02,61.25,60.84,61.25,15800.0,0.0,1.0,1.0,6.11
2006-03-16,61.33,61.56,61.17,61.37,61.33,61.56,61.17,61.37,12500.0,0.0,1.0,1.0,0.0
2006-03-17,61.37,61.49,61.31,61.4,61.37,61.49,61.31,61.4,9900.0,0.0,1.0,1.0,0.0
2006-03-20,61.4,61.46,61.16,61.32,61.4,61.46,61.16,61.32,3000.0,0.0,1.0,1.0,0.0
2006-03-21,61.32,61.55,60.96,61.0,61.32,61.55,60.96,61.0,7400.0,0.0,1.0,1.0,0.0
2006-03-22,61.1,61.41,61.09,61.36,61.1,61.41,61.09,61.36,7400.0,0.0,1.0,1.0,0.0
2006-03-23,61.55,61.66,61.41,61.55,61.55,61.66,61.41,61.55,25700.0,0.0,1.0,1.0,0.0
2006-03-24,61.8,62.27,61.8,62.24,61.8,62.27,61.8,62.24,56600.0,0.0,1.0,1.0,0.0
2006-03-27,62.29,62.52,62.29,62.38,62.29,62.52,62.29,62.38,23700.0,0.0,1.0,1.0,0.0
2006-03-28,62.62,62.73,62.21,62.24,62.62,62.73,62.21,62.24,57900.0,0.0,1.0,1.0,6.24
2006-03-29,62.25,62.9,62.25,62.85,62.25,62.9,62.25,62.85,20000.0,0.0,1.0,1.0,6.22
2006-03-30,62.99,63.05,62.39,62.48,62.99,63.05,62.39,62.48,17200.0,0.0,1.0,1.0,0.0
2006-03-31,62.66,62.77,62.33,62.58,62.66,62.77,62.33,62.58,12800.0,0.0,1.0,1.0,0.0
2006-04-03,62.7,62.92,62.49,62.7,62.7,62.92,62.49,62.7,6600.0,0.0,1.0,1.0,0.0
2006-04-04,62.66,62.95,62.61,62.62,62.66,62.95,62.61,62.62,8300.0,0.0,1.0,1.0,0.0
2006-04-05,62.65,62.86,62.51,62.81,62.65,62.86,62.51,62.81,5600.0,0.0,1.0,1.0,0.0
2006-04-06,62.76,62.88,62.45,62.86,62.76,62.88,62.45,62.86,5800.0,0.0,1.0,1.0,0.0
2006-04-07,63.1,63.1,62.33,62.38,63.1,63.1,62.33,62.38,5800.0,0.0,1.0,1.0,0.0
2006-04-10,62.52,62.54,62.26,62.26,62.52,62.54,62.26,62.26,13000.0,0.0,1.0,1.0,0.0
2006-04-11,62.4,62.4,61.4,61.59,62.4,62.4,61.4,61.59,32900.0,0.0,1.0,1.0,0.0
2006-04-12,61.83,61.87,61.53,61.87,61.83,61.87,61.53,61.87,13900.0,0.0,1.0,1.0,0.0
2006-04-13,61.67,61.99,61.67,61.82,61.67,61.99,61.67,61.82,4500.0,0.0,1.0,1.0,0.0
2006-04-17,61.9,61.99,61.42,61.6,61.9,61.99,61.42,61.6,17800.0,0.0,1.0,1.0,0.0
2006-04-18,61.8,62.54,61.63,62.45,61.8,62.54,61.63,62.45,11100.0,0.0,1.0,1.0,0.0
2006-04-19,62.69,62.69,61.98,62.27,62.69,62.69,61.98,62.27,14100.0,0.0,1.0,1.0,0.0
2006-04-20,62.09,62.27,62.0,62.0,62.09,62.27,62.0,62.0,87100.0,0.0,1.0,1.0,0.0
2006-04-21,62.01,62.02,61.88,61.88,62.01,62.02,61.88,61.88,6900.0,0.0,1.0,1.0,0.0
2006-04-24,61.64,61.64,61.31,61.53,61.64,61.64,61.31,61.53,11300.0,0.0,1.0,1.0,0.0
2006-04-25,61.92,62.3,61.69,61.93,61.92,62.3,61.69,61.93,30300.0,0.0,1.0,1.0,0.0
2006-04-26,62.31,62.75,62.31,62.54,62.31,62.75,62.31,62.54,17500.0,0.0,1.0,1.0,0.0
2006-04-27,62.5,62.76,62.27,62.76,62.5,62.76,62.27,62.76,3600.0,0.0,1.0,1.0,0.0
2006-04-28,62.6,62.82,62.56,62.56,62.6,62.82,62.56,62.56,4000.0,0.0,1.0,1.0,0.0
2006-05-01,62.91,63.07,62.66,62.66,62.91,63.07,62.66,62.66,52700.0,0.0,1.0,1.0,0.0
2006-05-02,62.65,62.95,62.65,62.85,62.65,62.95,62.65,62.85,9900.0,0.0,1.0,1.0,0.0
2006-05-03,62.85,62.85,62.59,62.64,62.85,62.85,62.59,62.64,7400.0,0.0,1.0,1.0,0.0
2006-05-04,62.77,62.93,62.55,62.77,62.77,62.93,62.55,62.77,5400.0,0.0,1.0,1.0,0.0
2006-05-05,63.0,63.18,62.63,62.99,63.0,63.18,62.63,62.99,9500.0,0.0,1.0,1.0,0.0
2006-05-08,62.91,63.29,62.91,63.25,62.91,63.29,62.91,63.25,7900.0,0.0,1.0,1.0,0.0
2006-05-09,63.48,63.48,63.19,63.37,63.48,63.48,63.19,63.37,4700.0,0.0,1.0,1.0,0.0
2006-05-10,63.32,63.32,62.61,62.74,63.32,63.32,62.61,62.74,9800.0,0.0,1.0,1.0,0.0
2006-05-11,62.56,62.56,61.71,61.71,62.56,62.56,61.71,61.71,6500.0,0.0,1.0,1.0,0.0
2006-05-12,61.68,61.68,61.21,61.21,61.68,61.68,61.21,61.21,9800.0,0.0,1.0,1.0,0.0
2006-05-15,61.08,61.14,60.71,61.11,61.08,61.14,60.71,61.11,9100.0,0.0,1.0,1.0,0.0
2006-05-16,61.25,61.37,60.99,61.37,61.25,61.37,60.99,61.37,5800.0,0.0,1.0,1.0,0.0
2006-05-17,60.97,60.97,59.95,59.95,60.97,60.97,59.95,59.95,11400.0,0.0,1.0,1.0,0.0
2006-05-18,60.0,60.28,59.51,59.52,60.0,60.28,59.51,59.52,7300.0,0.0,1.0,1.0,0.0
2006-05-19,59.74,60.28,59.56,60.25,59.74,60.28,59.56,60.25,16000.0,0.0,1.0,1.0,0.0
2006-05-22,60.01,60.01,59.28,59.39,60.01,60.01,59.28,59.39,12100.0,0.0,1.0,1.0,0.0
2006-05-23,59.88,60.01,59.47,59.47,59.88,60.01,59.47,59.47,9900.0,0.0,1.0,1.0,0.0
2006-05-24,59.25,59.63,59.06,59.38,59.25,59.63,59.06,59.38,4400.0,0.0,1.0,1.0,0.0
2006-05-25,59.7,60.15,59.7,60.15,59.7,60.15,59.7,60.15,5900.0,0.0,1.0,1.0,0.0
2006-05-26,60.55,60.81,60.48,60.81,60.55,60.81,60.48,60.81,7500.0,0.0,1.0,1.0,0.0
2006-05-30,60.57,60.57,59.66,59.66,60.57,60.57,59.66,59.66,21900.0,0.0,1.0,1.0,0.0
2006-05-31,59.55,60.08,59.55,60.05,59.55,60.08,59.55,60.05,7600.0,0.0,1.0,1.0,-5.96
2006-06-01,60.6,61.6,60.6,61.57,60.6,61.6,60.6,61.57,4400.0,0.0,1.0,1.0,0.0
2006-06-02,61.71,61.73,61.41,61.41,61.71,61.73,61.41,61.41,6700.0,0.0,1.0,1.0,0.0
2006-06-05,61.17,61.52,60.48,60.48,61.17,61.52,60.48,60.48,3800.0,0.0,1.0,1.0,0.0
2006-06-06,60.7,60.87,60.29,60.77,60.7,60.87,60.29,60.77,13500.0,0.0,1.0,1.0,0.0
2006-06-07,61.01,61.22,60.74,60.74,61.01,61.22,60.74,60.74,2000.0,0.0,1.0,1.0,0.0
2006-06-08,60.43,60.52,59.56,60.47,60.43,60.52,59.56,60.47,7700.0,0.0,1.0,1.0,0.0
2006-06-09,60.57,60.75,60.26,60.26,60.57,60.75,60.26,60.26,23100.0,0.0,1.0,1.0,0.0
2006-06-12,60.13,60.44,59.19,59.19,60.13,60.44,59.19,59.19,5400.0,0.0,1.0,1.0,0.0
2006-06-13,58.86,59.41,58.74,58.9,58.86,59.41,58.74,58.9,7100.0,0.0,1.0,1.0,0.0
2006-06-14,58.9,59.26,58.85,59.19,58.9,59.26,58.85,59.19,3100.0,0.0,1.0,1.0,0.0
2006-06-15,59.7,60.88,59.7,60.78,59.7,60.88,59.7,60.78,4500.0,0.0,1.0,1.0,0.0
2006-06-16,60.9,60.96,60.65,60.87,60.9,60.96,60.65,60.87,5100.0,0.0,1.0,1.0,0.0
2006-06-19,60.99,61.0,60.24,60.24,60.99,61.0,60.24,60.24,4800.0,0.0,1.0,1.0,0.0
2006-06-20,60.33,60.45,59.81,60.22,60.33,60.45,59.81,60.22,7000.0,0.0,1.0,1.0,0.0
2006-06-21,60.41,60.88,60.41,60.69,60.41,60.88,60.41,60.69,8300.0,0.0,1.0,1.0,0.0
2006-06-22,60.8,60.8,60.33,60.41,60.8,60.8,60.33,60.41,6700.0,0.0,1.0,1.0,0.0
2006-06-23,60.32,60.69,60.28,60.56,60.32,60.69,60.28,60.56,4100.0,0.0,1.0,1.0,0.0
2006-06-26,60.69,60.69,60.3,60.45,60.69,60.69,60.3,60.45,5100.0,0.0,1.0,1.0,0.0
2006-06-27,60.55,60.55,59.88,60.01,60.55,60.55,59.88,60.01,2000.0,0.0,1.0,1.0,0.0
2006-06-28,59.95,60.13,59.8,60.13,59.95,60.13,59.8,60.13,3400.0,0.0,1.0,1.0,0.0
2006-06-29,60.4,61.7,60.4,61.55,60.4,61.7,60.4,61.55,13100.0,0.0,1.0,1.0,0.0
2006-06-30,61.65,62.1,61.51,62.06,61.65,62.1,61.51,62.06,14300.0,0.0,1.0,1.0,0.0
2006-07-03,62.29,62.55,62.16,62.52,62.29,62.55,62.16,62.52,804600.0,0.0,1.0,1.0,0.0
2006-07-05,61.95,62.02,61.8,61.8,61.95,62.02,61.8,61.8,12900.0,0.0,1.0,1.0,49.94
2006-07-06,61.69,61.85,61.6,61.85,61.69,61.85,61.6,61.85,214700.0,0.0,1.0,1.0,0.0
2006-07-07,61.8,62.02,61.44,61.44,61.8,62.02,61.44,61.44,3400.0,0.0,1.0,1.0,-12.41
2006-07-10,61.75,61.97,61.2,61.22,61.75,61.97,61.2,61.22,33200.0,0.0,1.0,1.0,12.29
2006-07-11,61.01,61.12,60.52,61.07,61.01,61.12,60.52,61.07,23900.0,0.0,1.0,1.0,0.0
2006-07-12,60.98,61.22,60.5,60.5,60.98,61.22,60.5,60.5,4900.0,0.0,1.0,1.0,6.1
2006-07-13,60.37,60.37,59.31,59.39,60.37,60.37,59.31,59.39,30100.0,0.0,1.0,1.0,0.0
2006-07-14,59.31,60.13,59.0,59.25,59.31,60.13,59.0,59.25,4900.0,0.0,1.0,1.0,0.0
2006-07-17,59.44,59.49,59.15,59.49,59.44,59.49,59.15,59.49,2300.0,0.0,1.0,1.0,0.0
2006-07-18,59.8,59.93,59.38,59.84,59.8,59.93,59.38,59.84,7100.0,0.0,1.0,1.0,0.0
2006-07-19,60.12,61.05,60.12,61.05,60.12,61.05,60.12,61.05,140900.0,0.0,1.0,1.0,0.0
2006-07-20,60.9,60.97,60.16,60.18,60.9,60.97,60.16,60.18,58900.0,0.0,1.0,1.0,0.0
2006-07-21,60.0,60.07,59.68,59.77,60.0,60.07,59.68,59.77,37700.0,0.0,1.0,1.0,0.0
2006-07-24,60.1,60.91,60.1,60.91,60.1,60.91,60.1,60.91,5600.0,0.0,1.0,1.0,5.97
2006-07-25,61.37,61.93,61.27,61.76,61.37,61.93,61.27,61.76,2600.0,0.0,1.0,1.0,0.0
2006-07-26,61.42,62.38,61.42,62.38,61.42,62.38,61.42,62.38,2300.0,0.0,1.0,1.0,0.0
2006-07-27,62.5,62.98,62.24,62.42,62.5,62.98,62.24,62.42,6700.0,0.0,1.0,1.0,-12.45
2006-07-28,62.96,63.49,62.93,63.3,62.96,63.49,62.93,63.3,70400.0,0.0,1.0,1.0,0.0
2006-07-31,63.1,63.43,62.89,63.29,63.1,63.43,62.89,63.29,10600.0,0.0,1.0,1.0,0.0
2006-08-01,62.77,62.89,62.06,62.56,62.77,62.89,62.06,62.56,845700.0,0.0,1.0,1.0,0.0
2006-08-02,62.99,63.74,62.99,63.74,62.99,63.74,62.99,63.74,28100.0,0.0,1.0,1.0,-43.76
2006-08-03,62.98,63.57,62.81,63.55,62.98,63.57,62.81,63.55,13800.0,0.0,1.0,1.0,0.0
2006-08-04,63.89,63.89,63.17,63.44,63.89,63.89,63.17,63.44,4300.0,0.0,1.0,1.0,0.0
2006-08-07,63.35,63.35,62.94,63.08,63.35,63.35,62.94,63.08,2400.0,0.0,1.0,1.0,0.0
2006-08-08,63.21,63.22,62.95,62.99,63.21,63.22,62.95,62.99,25200.0,0.0,1.0,1.0,0.0
2006-08-09,63.55,63.8,62.6,62.99,63.55,63.8,62.6,62.99,20700.0,0.0,1.0,1.0,0.0
2006-08-10,62.68,62.74,62.27,62.66,62.68,62.74,62.27,62.66,8500.0,0.0,1.0,1.0,0.0
2006-08-11,62.6,62.63,62.36,62.57,62.6,62.63,62.36,62.57,2800.0,0.0,1.0,1.0,0.0
2006-08-14,63.0,63.04,62.43,62.54,63.0,63.04,62.43,62.54,4600.0,0.0,1.0,1.0,0.0
2006-08-15,63.17,63.43,62.94,63.43,63.17,63.43,62.94,63.43,11600.0,0.0,1.0,1.0,0.0
2006-08-16,63.75,63.75,63.45,63.58,63.75,63.75,63.45,63.58,44200.0,0.0,1.0,1.0,0.0
2006-08-17,63.56,63.72,63.46,63.68,63.56,63.72,63.46,63.68,6300.0,0.0,1.0,1.0,0.0
2006-08-18,63.7,63.78,63.59,63.78,63.7,63.78,63.59,63.78,16600.0,0.0,1.0,1.0,0.0
2006-08-21,63.67,63.76,63.63,63.74,63.67,63.76,63.63,63.74,5000.0,0.0,1.0,1.0,0.0
2006-08-22,63.68,64.0,63.65,63.76,63.68,64.0,63.65,63.76,14900.0,0.0,1.0,1.0,0.0
2006-08-23,64.0,64.12,63.42,63.66,64.0,64.12,63.42,63.66,18700.0,0.0,1.0,1.0,0.0
2006-08-24,63.85,63.88,63.64,63.82,63.85,63.88,63.64,63.82,23300.0,0.0,1.0,1.0,0.0
2006-08-25,63.75,64.09,63.75,63.99,63.75,64.09,63.75,63.99,3200.0,0.0,1.0,1.0,0.0
2006-08-28,63.99,64.55,63.94,64.55,63.99,64.55,63.94,64.55,48600.0,0.0,1.0,1.0,0.0
2006-08-29,64.61,65.22,64.51,65.17,64.61,65.22,64.51,65.17,18300.0,0.0,1.0,1.0,6.45
2006-08-30,65.38,65.55,65.19,65.52,65.38,65.55,65.19,65.52,13800.0,0.0,1.0,1.0,0.0
2006-08-31,65.57,65.6,65.31,65.39,65.57,65.6,65.31,65.39,11800.0,0.0,1.0,1.0,0.0
2006-09-01,65.62,66.04,65.58,65.8,65.62,66.04,65.58,65.8,10100.0,0.0,1.0,1.0,0.0
2006-09-05,65.81,66.11,65.55,66.11,65.81,66.11,65.55,66.11,38800.0,0.0,1.0,1.0,0.0
2006-09-06,66.25,66.25,65.38,65.45,66.25,66.25,65.38,65.45,21400.0,0.0,1.0,1.0,0.0
2006-09-07,65.35,65.35,65.0,65.07,65.35,65.35,65.0,65.07,9700.0,0.0,1.0,1.0,0.0
2006-09-08,65.27,65.35,65.06,65.19,65.27,65.35,65.06,65.19,21200.0,0.0,1.0,1.0,0.0
2006-09-11,65.19,65.76,64.99,65.57,65.19,65.76,64.99,65.57,17200.0,0.0,1.0,1.0,0.0
2006-09-12,66.2,66.77,66.2,66.69,66.2,66.77,66.2,66.69,20800.0,0.0,1.0,1.0,0.0
2006-09-13,66.74,67.07,66.63,67.04,66.74,67.07,66.63,67.04,11800.0,0.0,1.0,1.0,0.0
2006-09-14,67.0,67.41,67.0,67.41,67.0,67.41,67.0,67.41,21700.0,0.0,1.0,1.0,0.0
2006-09-15,67.64,67.64,66.96,67.31,67.64,67.64,66.96,67.31,21900.0,0.0,1.0,1.0,0.0
2006-09-18,67.07,67.38,66.98,67.16,67.07,67.38,66.98,67.16,17800.0,0.0,1.0,1.0,0.0
2006-09-19,67.28,67.28,66.57,67.03,67.28,67.28,66.57,67.03,64600.0,0.0,1.0,1.0,0.0
2006-09-20,67.41,68.04,67.35,68.0,67.41,68.04,67.35,68.0,28300.0,0.0,1.0,1.0,0.0
2006-09-21,68.12,68.52,67.75,67.97,68.12,68.52,67.75,67.97,37100.0,0.0,1.0,1.0,0.0
2006-09-22,67.92,68.29,67.82,68.21,67.92,68.29,67.82,68.21,7300.0,0.0,1.0,1.0,0.0
2006-09-25,68.81,69.27,68.54,69.13,68.81,69.27,68.54,69.13,34900.0,0.0,1.0,1.0,6.82
2006-09-26,68.9,69.29,68.8,69.27,68.9,69.29,68.8,69.27,47600.0,0.0,1.0,1.0,6.91
2006-09-27,69.17,69.39,68.0,68.23,69.17,69.39,68.0,68.23,45800.0,0.0,1.0,1.0,0.0
2006-09-28,68.17,68.17,67.75,67.96,68.17,68.17,67.75,67.96,15700.0,0.0,1.0,1.0,0.0
2006-09-29,68.16,68.58,67.96,68.37,68.16,68.58,67.96,68.37,22800.0,0.0,1.0,1.0,0.0
2006-10-02,68.2,68.2,67.67,67.78,68.2,68.2,67.67,67.78,26400.0,0.0,1.0,1.0,0.0
2006-10-03,67.76,68.24,67.7,68.0,67.76,68.24,67.7,68.0,34100.0,0.0,1.0,1.0,6.77
2006-10-04,68.03,68.98,68.0,68.96,68.03,68.98,68.0,68.96,19700.0,0.0,1.0,1.0,0.0
2006-10-05,68.98,68.98,68.41,68.81,68.98,68.98,68.41,68.81,53000.0,0.0,1.0,1.0,0.0
2006-10-06,68.43,68.76,68.43,68.73,68.43,68.76,68.43,68.73,25600.0,0.0,1.0,1.0,13.75
2006-10-09,68.58,69.1,68.57,68.98,68.58,69.1,68.57,68.98,22300.0,0.0,1.0,1.0,6.87
2006-10-10,69.07,69.34,68.91,69.34,69.07,69.34,68.91,69.34,76200.0,0.0,1.0,1.0,0.0
2006-10-11,69.13,69.46,69.08,69.19,69.13,69.46,69.08,69.19,19300.0,0.0,1.0,1.0,0.0
2006-10-12,69.55,70.22,69.55,70.22,69.55,70.22,69.55,70.22,17900.0,0.0,1.0,1.0,0.0
2006-10-13,70.3,70.41,69.89,70.41,70.3,70.41,69.89,70.41,27700.0,0.0,1.0,1.0,0.0
2006-10-16,70.18,70.34,69.91,70.14,70.18,70.34,69.91,70.14,50100.0,0.0,1.0,1.0,0.0
2006-10-17,69.72,70.36,69.58,70.31,69.72,70.36,69.58,70.31,14400.0,0.0,1.0,1.0,0.0
2006-10-18,70.7,70.7,69.8,70.07,70.7,70.7,69.8,70.07,17300.0,0.0,1.0,1.0,0.0
2006-10-19,70.32,70.76,70.32,70.7,70.32,70.76,70.32,70.7,11400.0,0.0,1.0,1.0,0.0
2006-10-20,70.83,71.33,70.5,71.23,70.83,71.33,70.5,71.23,25800.0,0.0,1.0,1.0,0.0
2006-10-23,71.16,71.61,71.15,71.57,71.16,71.61,71.15,71.57,28000.0,0.0,1.0,1.0,0.0
2006-10-24,71.5,71.5,71.15,71.28,71.5,71.5,71.15,71.28,43200.0,0.0,1.0,1.0,0.0
2006-10-25,71.65,71.74,71.18,71.52,71.65,71.74,71.18,71.52,51000.0,0.0,1.0,1.0,0.0
2006-10-26,72.22,72.4,71.72,72.28,72.22,72.4,71.72,72.28,35200.0,0.0,1.0,1.0,7.14
2006-10-27,71.86,72.3,71.8,71.89,71.86,72.3,71.8,71.89,21300.0,0.0,1.0,1.0,7.23
2006-10-30,71.52,71.52,71.18,71.24,71.52,71.52,71.18,71.24,21200.0,0.0,1.0,1.0,0.0
2006-10-31,71.27,71.27,70.45,70.87,71.27,71.27,70.45,70.87,20900.0,0.0,1.0,1.0,0.0
2006-11-01,71.16,71.16,70.45,70.52,71.16,71.16,70.45,70.52,34200.0,0.0,1.0,1.0,0.0
2006-11-02,70.65,70.85,70.5,70.83,70.65,70.85,70.5,70.83,10700.0,0.0,1.0,1.0,0.0
2006-11-03,70.87,70.94,70.29,70.76,70.87,70.94,70.29,70.76,29400.0,0.0,1.0,1.0,0.0
2006-11-06,71.11,71.49,71.08,71.43,71.11,71.49,71.08,71.43,31900.0,0.0,1.0,1.0,0.0
2006-11-07,71.68,72.14,71.68,71.93,71.68,72.14,71.68,71.93,35500.0,0.0,1.0,1.0,0.0
2006-11-08,71.65,71.92,71.38,71.76,71.65,71.92,71.38,71.76,21300.0,0.0,1.0,1.0,0.0
2006-11-09,71.78,71.84,70.59,70.72,71.78,71.84,70.59,70.72,47000.0,0.0,1.0,1.0,0.0
2006-11-10,70.83,70.83,69.89,70.31,70.83,70.83,69.89,70.31,39100.0,0.0,1.0,1.0,7.07
2006-11-13,70.56,70.92,70.43,70.46,70.56,70.92,70.43,70.46,32600.0,0.0,1.0,1.0,0.0
2006-11-14,70.68,70.88,70.0,70.86,70.68,70.88,70.0,70.86,27400.0,0.0,1.0,1.0,0.0
2006-11-15,70.67,70.8,70.09,70.6,70.67,70.8,70.09,70.6,44300.0,0.0,1.0,1.0,0.0
2006-11-16,70.67,70.88,70.45,70.77,70.67,70.88,70.45,70.77,44800.0,0.0,1.0,1.0,0.0
2006-11-17,70.65,71.21,70.59,71.21,70.65,71.21,70.59,71.21,62900.0,0.0,1.0,1.0,0.0
2006-11-20,71.18,71.52,71.1,71.14,71.18,71.52,71.1,71.14,20100.0,0.0,1.0,1.0,0.0
2006-11-21,71.39,71.39,70.89,70.99,71.39,71.39,70.89,70.99,20000.0,0.0,1.0,1.0,0.0
2006-11-22,71.09,71.1,70.75,70.79,71.09,71.1,70.75,70.79,27300.0,0.0,1.0,1.0,0.0
2006-11-24,70.61,71.05,70.61,70.81,70.61,71.05,70.61,70.81,12600.0,0.0,1.0,1.0,0.0
2006-11-27,70.67,70.67,69.73,69.74,70.67,70.67,69.73,69.74,34200.0,0.0,1.0,1.0,0.0
2006-11-28,69.56,70.09,69.54,70.01,69.56,70.09,69.54,70.01,24400.0,0.0,1.0,1.0,0.0
2006-11-29,70.75,71.5,70.75,71.11,70.75,71.5,70.75,71.11,18000.0,0.0,1.0,1.0,7.0
2006-11-30,71.27,71.83,71.26,71.56,71.27,71.83,71.26,71.56,14600.0,0.0,1.0,1.0,0.0
2006-12-01,71.61,71.61,71.16,71.43,71.61,71.61,71.16,71.43,28700.0,0.0,1.0,1.0,-7.15
2006-12-04,71.97,72.49,71.79,72.26,71.97,72.49,71.79,72.26,13000.0,0.0,1.0,1.0,0.0
2006-12-05,72.33,72.46,72.18,72.4,72.33,72.46,72.18,72.4,21600.0,0.0,1.0,1.0,0.0
2006-12-06,72.42,72.75,72.15,72.75,72.42,72.75,72.15,72.75,21500.0,0.0,1.0,1.0,0.0
2006-12-07,73.07,73.21,72.78,72.78,73.07,73.21,72.78,72.78,13400.0,0.0,1.0,1.0,-7.27
2006-12-08,72.58,72.99,72.33,72.92,72.58,72.99,72.33,72.92,13200.0,0.0,1.0,1.0,0.0
2006-12-11,73.11,73.62,73.11,73.43,73.11,73.62,73.11,73.43,19700.0,0.0,1.0,1.0,0.0
2006-12-12,73.55,73.74,73.13,73.74,73.55,73.74,73.13,73.74,23900.0,0.0,1.0,1.0,0.0
2006-12-13,73.99,73.99,73.5,73.62,73.99,73.99,73.5,73.62,18600.0,0.0,1.0,1.0,0.0
2006-12-14,73.53,74.04,73.53,73.79,73.53,74.04,73.53,73.79,212100.0,0.0,1.0,1.0,0.0
2006-12-15,74.17,74.32,73.93,74.02,74.17,74.32,73.93,74.02,20200.0,0.0,1.0,1.0,0.0
2006-12-18,73.11,73.36,72.53,72.72,73.11,73.36,72.53,72.72,30400.0,0.93,1.0,1.0,0.0
2006-12-19,72.1,72.44,72.03,72.36,72.1,72.44,72.03,72.36,19900.0,0.0,1.0,1.0,7.26
2006-12-20,72.57,72.92,72.22,72.26,72.57,72.92,72.22,72.26,16500.0,0.0,1.0,1.0,0.0
2006-12-21,72.43,72.79,72.19,72.32,72.43,72.79,72.19,72.32,22400.0,0.0,1.0,1.0,0.0
2006-12-22,72.23,72.36,71.94,71.96,72.23,72.36,71.94,71.96,22800.0,0.0,1.0,1.0,0.0
2006-12-26,71.89,72.43,71.89,72.37,71.89,72.43,71.89,72.37,11800.0,0.0,1.0,1.0,0.0
2006-12-27,72.76,73.2,72.67,73.16,72.76,73.2,72.67,73.16,57400.0,0.0,1.0,1.0,0.0
2006-12-28,73.15,73.53,73.04,73.38,73.15,73.53,73.04,73.38,10400.0,0.0,1.0,1.0,0.0
2006-12-29,73.73,74.2,73.5,73.61,73.73,74.2,73.5,73.61,16400.0,0.0,1.0,1.0,0.0
2007-01-03,73.87,74.21,73.07,73.55,73.87,74.21,73.07,73.55,54300.0,0.0,1.0,1.0,0.0
2007-01-04,73.22,73.35,72.83,73.32,73.22,73.35,72.83,73.32,47400.0,0.0,1.0,1.0,0.0
2007-01-05,72.95,72.95,72.24,72.27,72.95,72.95,72.24,72.27,22600.0,0.0,1.0,1.0,0.0
2007-01-08,72.09,72.76,71.76,72.66,72.09,72.76,71.76,72.66,27900.0,0.0,1.0,1.0,0.0
2007-01-09,72.45,72.57,72.02,72.25,72.45,72.57,72.02,72.25,83400.0,0.0,1.0,1.0,0.0
2007-01-10,72.11,72.58,72.0,72.57,72.11,72.58,72.0,72.57,39300.0,0.0,1.0,1.0,0.0
2007-01-11,72.82,73.66,72.82,73.63,72.82,73.66,72.82,73.63,20500.0,0.0,1.0,1.0,0.0
2007-01-12,73.98,74.15,73.83,73.97,73.98,74.15,73.83,73.97,46400.0,0.0,1.0,1.0,7.36
2007-01-16,74.35,74.35,73.77,73.86,74.35,74.35,73.77,73.86,22800.0,0.0,1.0,1.0,0.0
2007-01-17,73.69,73.81,73.28,73.29,73.69,73.81,73.28,73.29,28900.0,0.0,1.0,1.0,0.0
2007-01-18,73.7,73.99,73.62,73.74,73.7,73.99,73.62,73.74,37300.0,0.0,1.0,1.0,0.0
2007-01-19,74.01,74.23,73.74,73.97,74.01,74.23,73.74,73.97,40100.0,0.0,1.0,1.0,0.0
2007-01-22,74.0,74.08,73.68,73.81,74.0,74.08,73.68,73.81,15000.0,0.0,1.0,1.0,0.0
2007-01-23,73.86,74.74,73.86,74.25,73.86,74.74,73.86,74.25,13800.0,0.0,1.0,1.0,0.0
2007-01-24,75.18,76.0,75.14,76.0,75.18,76.0,75.14,76.0,25700.0,0.0,1.0,1.0,7.43
2007-01-25,76.39,76.39,75.02,75.43,76.39,76.39,75.02,75.43,34200.0,0.0,1.0,1.0,0.0
2007-01-26,75.27,75.77,74.66,75.58,75.27,75.77,74.66,75.58,38900.0,0.0,1.0,1.0,0.0
2007-01-29,75.58,75.94,75.43,75.59,75.58,75.94,75.43,75.59,43100.0,0.0,1.0,1.0,15.13
2007-01-30,76.05,76.45,75.9,76.41,76.05,76.45,75.9,76.41,54700.0,0.0,1.0,1.0,0.0
2007-01-31,76.41,77.09,76.31,76.8,76.41,77.09,76.31,76.8,20800.0,0.0,1.0,1.0,-15.28
2007-02-01,76.8,76.89,76.42,76.67,76.8,76.89,76.42,76.67,30600.0,0.0,1.0,1.0,7.67
2007-02-02,76.89,76.94,76.67,76.89,76.89,76.94,76.67,76.89,58000.0,0.0,1.0,1.0,0.0
2007-02-05,76.76,76.76,76.43,76.63,76.76,76.76,76.43,76.63,101100.0,0.0,1.0,1.0,0.0
2007-02-06,76.78,76.8,76.28,76.62,76.78,76.8,76.28,76.62,83200.0,0.0,1.0,1.0,0.0
2007-02-07,76.72,76.98,76.62,76.87,76.72,76.98,76.62,76.87,31500.0,0.0,1.0,1.0,0.0
2007-02-08,76.91,76.92,76.55,76.89,76.91,76.92,76.55,76.89,50300.0,0.0,1.0,1.0,15.37
2007-02-09,77.02,77.06,75.68,76.06,77.02,77.06,75.68,76.06,58500.0,0.0,1.0,1.0,0.0
2007-02-12,75.92,75.92,75.39,75.5,75.92,75.92,75.39,75.5,62800.0,0.0,1.0,1.0,22.79
2007-02-13,75.93,76.36,75.88,76.36,75.93,76.36,75.88,76.36,28200.0,0.0,1.0,1.0,0.0
2007-02-14,76.62,77.08,76.56,76.87,76.62,77.08,76.56,76.87,31600.0,0.0,1.0,1.0,0.0
2007-02-15,76.94,77.17,76.86,77.04,76.94,77.17,76.86,77.04,42200.0,0.0,1.0,1.0,0.0
2007-02-16,76.75,77.17,76.55,77.17,76.75,77.17,76.55,77.17,13100.0,0.0,1.0,1.0,0.0
2007-02-20,77.29,77.6,77.04,77.3,77.29,77.6,77.04,77.3,25800.0,0.0,1.0,1.0,0.0
2007-02-21,77.24,77.46,77.07,77.42,77.24,77.46,77.07,77.42,22000.0,0.0,1.0,1.0,0.0
2007-02-22,77.54,77.75,77.2,77.55,77.54,77.75,77.2,77.55,20900.0,0.0,1.0,1.0,0.0
2007-02-23,77.11,77.46,77.11,77.34,77.11,77.46,77.11,77.34,11500.0,0.0,1.0,1.0,7.75
2007-02-26,77.55,77.81,77.48,77.71,77.55,77.81,77.48,77.71,23700.0,0.0,1.0,1.0,0.0
2007-02-27,76.89,77.02,73.57,74.82,76.89,77.02,73.57,74.82,94600.0,0.0,1.0,1.0,7.78
2007-02-28,75.0,75.98,74.75,75.74,75.0,75.98,74.75,75.74,43800.0,0.0,1.0,1.0,0.0
2007-03-01,73.95,75.65,73.88,75.52,73.95,75.65,73.88,75.52,54426.0,0.0,1.0,1.0,-7.58
2007-03-02,75.38,75.54,74.39,74.52,75.38,75.54,74.39,74.52,43200.0,0.0,1.0,1.0,0.0
2007-03-05,74.0,74.52,73.12,73.12,74.0,74.52,73.12,73.12,48700.0,0.0,1.0,1.0,0.0
2007-03-06,74.11,74.53,73.44,74.29,74.11,74.53,73.44,74.29,19400.0,0.0,1.0,1.0,0.0
2007-03-07,74.14,74.14,73.63,73.7,74.14,74.14,73.63,73.7,27600.0,0.0,1.0,1.0,-7.42
2007-03-08,74.44,74.88,74.32,74.62,74.44,74.88,74.32,74.62,20000.0,0.0,1.0,1.0,0.0
2007-03-09,74.92,75.07,74.53,74.85,74.92,75.07,74.53,74.85,32200.0,0.0,1.0,1.0,0.0
2007-03-12,74.79,75.53,74.59,75.32,74.79,75.53,74.59,75.32,8000.0,0.0,1.0,1.0,0.0
2007-03-13,75.15,75.32,74.23,74.31,75.15,75.32,74.23,74.31,16700.0,0.0,1.0,1.0,0.0
2007-03-14,74.33,74.49,73.32,74.42,74.33,74.49,73.32,74.42,19000.0,0.0,1.0,1.0,0.0
2007-03-15,74.54,74.66,74.09,74.62,74.54,74.66,74.09,74.62,17300.0,0.0,1.0,1.0,0.0
2007-03-16,74.46,74.83,74.29,74.52,74.46,74.83,74.29,74.52,16900.0,0.0,1.0,1.0,0.0
2007-03-19,75.1,75.5,75.03,75.3,75.1,75.5,75.03,75.3,10600.0,0.0,1.0,1.0,0.0
2007-03-20,75.22,75.75,75.07,75.75,75.22,75.75,75.07,75.75,19000.0,0.0,1.0,1.0,0.0
2007-03-21,75.77,76.99,75.66,76.88,75.77,76.99,75.66,76.88,15900.0,0.0,1.0,1.0,0.0
2007-03-22,77.04,77.45,76.8,77.21,77.04,77.45,76.8,77.21,31900.0,0.0,1.0,1.0,0.0
2007-03-23,77.19,77.37,76.87,76.96,77.19,77.37,76.87,76.96,65300.0,0.0,1.0,1.0,0.0
2007-03-26,76.97,76.97,76.04,76.76,76.97,76.97,76.04,76.76,13000.0,0.0,1.0,1.0,7.69
2007-03-27,76.3,76.85,76.3,76.63,76.3,76.85,76.3,76.63,19400.0,0.0,1.0,1.0,0.0
2007-03-28,76.05,76.23,75.7,75.79,76.05,76.23,75.7,75.79,34100.0,0.0,1.0,1.0,0.0
2007-03-29,76.3,76.47,75.75,76.33,76.3,76.47,75.75,76.33,6800.0,0.0,1.0,1.0,0.0
2007-03-30,76.22,76.74,76.22,76.68,76.22,76.74,76.22,76.68,11300.0,0.0,1.0,1.0,0.0
2007-04-02,76.5,77.11,76.5,77.05,76.5,77.11,76.5,77.05,31500.0,0.0,1.0,1.0,0.0
2007-04-03,77.25,77.75,77.25,77.4,77.25,77.75,77.25,77.4,16600.0,0.0,1.0,1.0,0.0
2007-04-04,77.6,77.6,77.11,77.31,77.6,77.6,77.11,77.31,16100.0,0.0,1.0,1.0,0.0
2007-04-05,77.2,77.79,77.2,77.76,77.2,77.79,77.2,77.76,32900.0,0.0,1.0,1.0,0.0
2007-04-09,77.94,77.94,77.58,77.62,77.94,77.94,77.58,77.62,14900.0,0.0,1.0,1.0,0.0
2007-04-10,77.6,77.83,77.48,77.82,77.6,77.83,77.48,77.82,9800.0,0.0,1.0,1.0,0.0
2007-04-11,77.8,77.8,76.98,77.13,77.8,77.8,76.98,77.13,20000.0,0.0,1.0,1.0,0.0
2007-04-12,77.25,77.69,76.82,77.69,77.25,77.69,76.82,77.69,15000.0,0.0,1.0,1.0,0.0
2007-04-13,77.51,78.09,77.37,78.07,77.51,78.09,77.37,78.07,8800.0,0.0,1.0,1.0,0.0
2007-04-16,78.5,78.84,78.43,78.71,78.5,78.84,78.43,78.71,13800.0,0.0,1.0,1.0,0.0
2007-04-17,78.62,78.73,78.31,78.36,78.62,78.73,78.31,78.36,13800.0,0.0,1.0,1.0,0.0
2007-04-18,78.11,78.4,77.95,78.28,78.11,78.4,77.95,78.28,26100.0,0.0,1.0,1.0,0.0
2007-04-19,78.0,78.32,77.79,78.15,78.0,78.32,77.79,78.15,13600.0,0.0,1.0,1.0,0.0
2007-04-20,78.99,79.06,78.72,78.95,78.99,79.06,78.72,78.95,11600.0,0.0,1.0,1.0,0.0
2007-04-23,78.81,78.96,78.2,78.46,78.81,78.96,78.2,78.46,13200.0,0.0,1.0,1.0,0.0
2007-04-24,78.42,78.65,78.13,78.44,78.42,78.65,78.13,78.44,19300.0,0.0,1.0,1.0,0.0
2007-04-25,78.65,78.82,78.44,78.57,78.65,78.82,78.44,78.57,16000.0,0.0,1.0,1.0,0.0
2007-04-26,78.6,78.8,78.37,78.5,78.6,78.8,78.37,78.5,10100.0,0.0,1.0,1.0,0.0
2007-04-27,78.25,78.4,78.01,78.1,78.25,78.4,78.01,78.1,25900.0,0.0,1.0,1.0,0.0
2007-04-30,78.3,78.3,77.53,77.53,78.3,78.3,77.53,77.53,37400.0,0.0,1.0,1.0,0.0
2007-05-01,77.85,77.89,77.35,77.63,77.85,77.89,77.35,77.63,38100.0,0.0,1.0,1.0,0.0
2007-05-02,77.72,79.09,77.72,78.91,77.72,79.09,77.72,78.91,25000.0,0.0,1.0,1.0,0.0
2007-05-03,79.19,79.82,79.1,79.67,79.19,79.82,79.1,79.67,114600.0,0.0,1.0,1.0,0.0
2007-05-04,79.85,80.05,79.53,80.05,79.85,80.05,79.53,80.05,30500.0,0.0,1.0,1.0,0.0
2007-05-07,79.9,80.34,79.9,80.06,79.9,80.34,79.9,80.06,17500.0,0.0,1.0,1.0,0.0
2007-05-08,79.9,80.06,79.3,80.06,79.9,80.06,79.3,80.06,16800.0,0.0,1.0,1.0,0.0
2007-05-09,80.08,80.99,80.08,80.66,80.08,80.99,80.08,80.66,19200.0,0.0,1.0,1.0,0.0
2007-05-10,80.41,80.57,79.44,79.44,80.41,80.57,79.44,79.44,47400.0,0.0,1.0,1.0,0.0
2007-05-11,79.92,80.38,79.88,80.34,79.92,80.38,79.88,80.34,103200.0,0.0,1.0,1.0,0.0
2007-05-14,80.59,80.72,80.34,80.47,80.59,80.72,80.34,80.47,30700.0,0.0,1.0,1.0,0.0
2007-05-15,80.81,81.31,80.54,80.63,80.81,81.31,80.54,80.63,79100.0,0.0,1.0,1.0,0.0
2007-05-16,80.65,81.33,80.55,81.33,80.65,81.33,80.55,81.33,51700.0,0.0,1.0,1.0,0.0
2007-05-17,81.2,81.24,80.85,80.88,81.2,81.24,80.85,80.88,24900.0,0.0,1.0,1.0,0.0
2007-05-18,81.01,81.49,81.01,81.45,81.01,81.49,81.01,81.45,16900.0,0.0,1.0,1.0,0.0
2007-05-21,81.95,82.51,81.85,82.15,81.95,82.51,81.85,82.15,35400.0,0.0,1.0,1.0,0.0
2007-05-22,82.2,82.43,82.2,82.24,82.2,82.43,82.2,82.24,26600.0,0.0,1.0,1.0,0.0
2007-05-23,82.65,83.09,82.51,82.71,82.65,83.09,82.51,82.71,31500.0,0.0,1.0,1.0,0.0
2007-05-24,82.69,82.92,81.82,81.95,82.69,82.92,81.82,81.95,30100.0,0.0,1.0,1.0,0.0
2007-05-25,82.2,82.5,82.13,82.39,82.2,82.5,82.13,82.39,29300.0,0.0,1.0,1.0,0.0
2007-05-29,82.88,83.18,82.63,82.97,82.88,83.18,82.63,82.97,31700.0,0.0,1.0,1.0,0.0
2007-05-30,82.74,84.11,82.61,84.07,82.74,84.11,82.61,84.07,37100.0,0.0,1.0,1.0,0.0
2007-05-31,84.5,84.64,84.11,84.3,84.5,84.64,84.11,84.3,30200.0,0.0,1.0,1.0,0.0
2007-06-01,84.62,84.85,84.14,84.34,84.62,84.85,84.14,84.34,1029100.0,0.0,1.0,1.0,0.0
2007-06-04,84.38,84.62,84.14,84.52,84.38,84.62,84.14,84.52,129000.0,0.0,1.0,1.0,84.38
2007-06-05,84.2,84.3,83.7,84.02,84.2,84.3,83.7,84.02,37000.0,0.0,1.0,1.0,16.9
2007-06-06,83.3,83.68,83.22,83.49,83.3,83.68,83.22,83.49,21100.0,0.0,1.0,1.0,0.0
2007-06-07,83.1,83.25,81.55,81.84,83.1,83.25,81.55,81.84,39400.0,0.0,1.0,1.0,0.0
2007-06-08,81.77,82.88,81.69,82.88,81.77,82.88,81.69,82.88,55200.0,0.0,1.0,1.0,0.0
2007-06-11,82.49,83.15,82.49,82.9,82.49,83.15,82.49,82.9,23600.0,0.0,1.0,1.0,0.0
2007-06-12,82.51,82.83,81.6,81.71,82.51,82.83,81.6,81.71,21500.0,0.0,1.0,1.0,0.0
2007-06-13,82.02,82.45,81.68,82.45,82.02,82.45,81.68,82.45,85400.0,0.0,1.0,1.0,0.0
2007-06-14,82.63,83.4,82.63,82.85,82.63,83.4,82.63,82.85,40300.0,0.0,1.0,1.0,0.0
2007-06-15,83.54,83.72,83.06,83.09,83.54,83.72,83.06,83.09,41400.0,0.0,1.0,1.0,0.0
2007-06-18,83.15,83.4,83.09,83.18,83.15,83.4,83.09,83.18,35300.0,0.0,1.0,1.0,0.0
2007-06-19,83.27,83.62,82.96,83.49,83.27,83.62,82.96,83.49,19800.0,0.0,1.0,1.0,0.0
2007-06-20,83.75,83.75,82.45,82.92,83.75,83.75,82.45,82.92,25700.0,0.0,1.0,1.0,0.0
2007-06-21,82.08,82.69,81.99,82.58,82.08,82.69,81.99,82.58,33200.0,0.0,1.0,1.0,0.0
2007-06-22,82.45,82.45,81.5,81.74,82.45,82.45,81.5,81.74,20500.0,0.0,1.0,1.0,0.0
2007-06-25,82.0,82.58,81.31,81.4,82.0,82.58,81.31,81.4,59500.0,0.0,1.0,1.0,0.0
2007-06-26,81.71,81.97,81.03,81.22,81.71,81.97,81.03,81.22,18100.0,0.0,1.0,1.0,0.0
2007-06-27,80.75,82.21,80.42,82.21,80.75,82.21,80.42,82.21,43200.0,0.0,1.0,1.0,0.0
2007-06-28,82.34,82.86,82.16,82.56,82.34,82.86,82.16,82.56,24000.0,0.0,1.0,1.0,0.0
2007-06-29,82.81,83.19,82.14,82.64,82.81,83.19,82.14,82.64,31200.0,0.0,1.0,1.0,0.0
2007-07-02,83.08,83.93,83.07,83.75,83.08,83.93,83.07,83.75,478500.0,0.0,1.0,1.0,0.0
2007-07-03,84.1,84.31,83.87,84.22,84.1,84.31,83.87,84.22,74800.0,0.0,1.0,1.0,-67.11
2007-07-05,83.95,84.26,83.76,84.03,83.95,84.26,83.76,84.03,129300.0,0.0,1.0,1.0,0.0
2007-07-06,84.11,84.46,83.91,84.45,84.11,84.46,83.91,84.45,25800.0,0.0,1.0,1.0,0.0
2007-07-09,84.42,84.57,83.88,84.4,84.42,84.57,83.88,84.4,18600.0,0.0,1.0,1.0,0.0
2007-07-10,83.94,84.03,82.58,82.6,83.94,84.03,82.58,82.6,26600.0,0.0,1.0,1.0,0.0
2007-07-11,82.52,83.29,82.28,83.29,82.52,83.29,82.28,83.29,28000.0,0.0,1.0,1.0,0.0
2007-07-12,83.71,84.6,83.68,84.45,83.71,84.6,83.68,84.45,34900.0,0.0,1.0,1.0,0.0
2007-07-13,84.61,85.12,84.48,84.66,84.61,85.12,84.48,84.66,56400.0,0.0,1.0,1.0,0.0
2007-07-16,84.86,85.37,84.84,85.06,84.86,85.37,84.84,85.06,26200.0,0.0,1.0,1.0,0.0
2007-07-17,85.17,85.23,84.68,84.89,85.17,85.23,84.68,84.89,17800.0,0.0,1.0,1.0,0.0
2007-07-18,84.51,84.51,83.85,84.44,84.51,84.51,83.85,84.44,34900.0,0.0,1.0,1.0,0.0
2007-07-19,85.01,85.25,84.78,84.94,85.01,85.25,84.78,84.94,22900.0,0.0,1.0,1.0,0.0
2007-07-20,84.89,84.89,83.99,84.26,84.89,84.89,83.99,84.26,26300.0,0.0,1.0,1.0,0.0
2007-07-23,84.49,85.27,84.49,84.89,84.49,85.27,84.49,84.89,22000.0,0.0,1.0,1.0,0.0
2007-07-24,84.4,84.82,83.74,83.99,84.4,84.82,83.74,83.99,54500.0,0.0,1.0,1.0,0.0
2007-07-25,84.53,84.71,83.44,83.82,84.53,84.71,83.44,83.82,35200.0,0.0,1.0,1.0,0.0
2007-07-26,82.85,83.11,81.0,81.57,82.85,83.11,81.0,81.57,91500.0,0.0,1.0,1.0,0.0
2007-07-27,81.33,81.92,80.72,80.9,81.33,81.92,80.72,80.9,71900.0,0.0,1.0,1.0,0.0
2007-07-30,80.75,81.61,80.15,81.37,80.75,81.61,80.15,81.37,77200.0,0.0,1.0,1.0,0.0
2007-07-31,82.28,82.66,80.91,80.91,82.28,82.66,80.91,80.91,49400.0,0.0,1.0,1.0,8.15
2007-08-01,81.34,81.79,80.51,81.54,81.34,81.79,80.51,81.54,34600.0,0.0,1.0,1.0,0.0
2007-08-02,82.08,82.72,81.75,82.58,82.08,82.72,81.75,82.58,17400.0,0.0,1.0,1.0,0.0
2007-08-03,81.81,82.35,79.83,80.12,81.81,82.35,79.83,80.12,16700.0,0.0,1.0,1.0,0.0
2007-08-06,80.1,80.59,79.13,80.48,80.1,80.59,79.13,80.48,84300.0,0.0,1.0,1.0,0.0
2007-08-07,79.9,81.05,79.65,80.55,79.9,81.05,79.65,80.55,12100.0,0.0,1.0,1.0,0.0
2007-08-08,81.19,81.23,79.59,80.86,81.19,81.23,79.59,80.86,49200.0,0.0,1.0,1.0,0.0
2007-08-09,79.79,80.55,79.01,79.1,79.79,80.55,79.01,79.1,44000.0,0.0,1.0,1.0,0.0
2007-08-10,77.97,79.63,77.7,78.75,77.97,79.63,77.7,78.75,28000.0,0.0,1.0,1.0,0.0
2007-08-13,79.42,80.12,79.42,79.72,79.42,80.12,79.42,79.72,33400.0,0.0,1.0,1.0,0.0
2007-08-14,79.66,79.77,77.8,77.8,79.66,79.77,77.8,77.8,16200.0,0.0,1.0,1.0,0.0
2007-08-15,76.9,78.23,76.36,76.44,76.9,78.23,76.36,76.44,59800.0,0.0,1.0,1.0,0.0
2007-08-16,76.03,76.44,74.32,76.44,76.03,76.44,74.32,76.44,112300.0,0.0,1.0,1.0,0.0
2007-08-17,77.94,78.5,76.59,77.53,77.94,78.5,76.59,77.53,93800.0,0.0,1.0,1.0,0.0
2007-08-20,78.6,78.62,77.75,78.13,78.6,78.62,77.75,78.13,59300.0,0.0,1.0,1.0,0.0
2007-08-21,78.24,79.1,77.88,78.7,78.24,79.1,77.88,78.7,18300.0,0.0,1.0,1.0,0.0
2007-08-22,79.39,79.88,79.26,79.81,79.39,79.88,79.26,79.81,15800.0,0.0,1.0,1.0,0.0
2007-08-23,80.0,80.14,79.61,79.97,80.0,80.14,79.61,79.97,57300.0,0.0,1.0,1.0,0.0
2007-08-24,80.1,80.96,80.08,80.96,80.1,80.96,80.08,80.96,17300.0,0.0,1.0,1.0,0.0
2007-08-27,80.63,81.09,80.62,80.84,80.63,81.09,80.62,80.84,21800.0,0.0,1.0,1.0,-8.1
2007-08-28,80.1,80.35,78.5,78.64,80.1,80.35,78.5,78.64,15100.0,0.0,1.0,1.0,0.0
2007-08-29,79.23,80.5,79.0,80.5,79.23,80.5,79.0,80.5,19800.0,0.0,1.0,1.0,0.0
2007-08-30,79.78,80.4,79.63,79.94,79.78,80.4,79.63,79.94,18200.0,0.0,1.0,1.0,0.0
2007-08-31,80.62,80.77,80.03,80.56,80.62,80.77,80.03,80.56,14200.0,0.0,1.0,1.0,0.0
2007-09-04,80.91,81.94,80.88,81.69,80.91,81.94,80.88,81.69,29500.0,0.0,1.0,1.0,0.0
2007-09-05,80.97,80.99,80.08,80.38,80.97,80.99,80.08,80.38,8200.0,0.0,1.0,1.0,0.0
2007-09-06,80.6,80.72,80.06,80.27,80.6,80.72,80.06,80.27,29700.0,0.0,1.0,1.0,0.0
2007-09-07,79.53,79.65,78.5,78.63,79.53,79.65,78.5,78.63,10000.0,0.0,1.0,1.0,0.0
2007-09-10,79.24,79.24,77.85,78.42,79.24,79.24,77.85,78.42,11300.0,0.0,1.0,1.0,0.0
2007-09-11,78.83,79.55,78.83,79.48,78.83,79.55,78.83,79.48,53500.0,0.0,1.0,1.0,0.0
2007-09-12,79.29,79.59,79.07,79.12,79.29,79.59,79.07,79.12,8200.0,0.0,1.0,1.0,0.0
2007-09-13,79.59,80.06,79.4,79.97,79.59,80.06,79.4,79.97,16400.0,0.0,1.0,1.0,0.0
2007-09-14,79.5,79.8,79.46,79.79,79.5,79.8,79.46,79.79,22300.0,0.0,1.0,1.0,0.0
2007-09-17,79.7,79.88,79.51,79.53,79.7,79.88,79.51,79.53,338200.0,0.0,1.0,1.0,0.0
2007-09-18,79.68,81.55,79.67,81.55,79.68,81.55,79.67,81.55,28200.0,0.0,1.0,1.0,0.0
2007-09-19,82.13,82.72,82.0,82.4,82.13,82.72,82.0,82.4,47200.0,0.0,1.0,1.0,0.0
2007-09-20,82.35,82.87,82.18,82.38,82.35,82.87,82.18,82.38,36400.0,0.0,1.0,1.0,0.0
2007-09-21,82.83,83.34,82.81,83.24,82.83,83.34,82.81,83.24,20400.0,0.0,1.0,1.0,-8.24
2007-09-24,82.9,83.55,82.56,82.59,82.9,83.55,82.56,82.59,35200.0,0.0,1.0,1.0,0.0
2007-09-25,82.53,83.0,82.26,82.88,82.53,83.0,82.26,82.88,69800.0,0.0,1.0,1.0,0.0
2007-09-26,83.21,83.54,83.17,83.52,83.21,83.54,83.17,83.52,19800.0,0.0,1.0,1.0,0.0
2007-09-27,83.6,83.83,83.4,83.83,83.6,83.83,83.4,83.83,26500.0,0.0,1.0,1.0,0.0
2007-09-28,83.75,83.75,82.87,83.07,83.75,83.75,82.87,83.07,10400.0,0.0,1.0,1.0,0.0
2007-10-01,83.29,84.0,83.23,83.87,83.29,84.0,83.23,83.87,11500.0,0.0,1.0,1.0,0.0
2007-10-02,84.07,84.1,83.79,84.01,84.07,84.1,83.79,84.01,49100.0,0.0,1.0,1.0,0.0
2007-10-03,83.73,83.73,83.03,83.1,83.73,83.73,83.03,83.1,13600.0,0.0,1.0,1.0,0.0
2007-10-04,83.49,83.83,83.32,83.83,83.49,83.83,83.32,83.83,14700.0,0.0,1.0,1.0,0.0
2007-10-05,84.25,84.48,83.83,84.15,84.25,84.48,83.83,84.15,21400.0,0.0,1.0,1.0,0.0
2007-10-08,84.01,84.12,83.61,83.96,84.01,84.12,83.61,83.96,33400.0,0.0,1.0,1.0,0.0
2007-10-09,83.79,84.17,83.74,84.12,83.79,84.17,83.74,84.12,16300.0,0.0,1.0,1.0,0.0
2007-10-10,83.79,83.92,83.59,83.66,83.79,83.92,83.59,83.66,4700.0,0.0,1.0,1.0,0.0
2007-10-11,83.85,84.4,82.89,83.23,83.85,84.4,82.89,83.23,43500.0,0.0,1.0,1.0,0.0
2007-10-12,83.71,83.94,83.56,83.69,83.71,83.94,83.56,83.69,25400.0,0.0,1.0,1.0,0.0
2007-10-15,83.63,83.63,82.31,82.43,83.63,83.63,82.31,82.43,24300.0,0.0,1.0,1.0,0.0
2007-10-16,82.38,82.73,82.1,82.24,82.38,82.73,82.1,82.24,26600.0,0.0,1.0,1.0,0.0
2007-10-17,82.75,82.9,81.91,82.64,82.75,82.9,81.91,82.64,10000.0,0.0,1.0,1.0,0.0
2007-10-18,82.58,83.0,82.44,82.53,82.58,83.0,82.44,82.53,12300.0,0.0,1.0,1.0,0.0
2007-10-19,82.4,82.44,81.1,81.1,82.4,82.44,81.1,81.1,62700.0,0.0,1.0,1.0,0.0
2007-10-22,80.41,81.68,80.41,81.66,80.41,81.68,80.41,81.66,25500.0,0.0,1.0,1.0,0.0
2007-10-23,81.89,82.07,81.35,82.03,81.89,82.07,81.35,82.03,11400.0,0.0,1.0,1.0,0.0
2007-10-24,81.88,82.01,80.17,81.68,81.88,82.01,80.17,81.68,37800.0,0.0,1.0,1.0,0.0
2007-10-25,81.5,81.66,80.65,81.66,81.5,81.66,80.65,81.66,36900.0,0.0,1.0,1.0,0.0
2007-10-26,82.11,82.63,82.02,82.56,82.11,82.63,82.02,82.56,13600.0,0.0,1.0,1.0,0.0
2007-10-29,83.0,83.39,82.84,82.99,83.0,83.39,82.84,82.99,6100.0,0.0,1.0,1.0,0.0
2007-10-30,82.53,82.53,81.69,81.7,82.53,82.53,81.69,81.7,35700.0,0.0,1.0,1.0,0.0
2007-10-31,81.91,82.32,81.45,82.32,81.91,82.32,81.45,82.32,7300.0,0.0,1.0,1.0,0.0
2007-11-01,81.29,81.31,80.01,80.08,81.29,81.31,80.01,80.08,28200.0,0.0,1.0,1.0,0.0
2007-11-02,79.97,80.34,79.59,80.31,79.97,80.34,79.59,80.31,23700.0,0.0,1.0,1.0,0.0
2007-11-05,79.85,80.45,79.51,79.84,79.85,80.45,79.51,79.84,22100.0,0.0,1.0,1.0,0.0
2007-11-06,79.79,79.99,78.93,79.86,79.79,79.99,78.93,79.86,67500.0,0.0,1.0,1.0,0.0
2007-11-07,78.26,79.02,77.73,77.73,78.26,79.02,77.73,77.73,42950.0,0.0,1.0,1.0,0.0
2007-11-08,77.66,78.28,76.76,77.68,77.66,78.28,76.76,77.68,40000.0,0.0,1.0,1.0,0.0
2007-11-09,76.67,77.37,76.42,76.42,76.67,77.37,76.42,76.42,36415.0,0.0,1.0,1.0,0.0
2007-11-12,76.45,76.78,75.56,75.56,76.45,76.78,75.56,75.56,19250.0,0.0,1.0,1.0,0.0
2007-11-13,75.64,77.67,75.64,77.49,75.64,77.67,75.64,77.49,21256.0,0.0,1.0,1.0,0.0
2007-11-14,77.78,78.19,77.08,77.09,77.78,78.19,77.08,77.09,14600.0,0.0,1.0,1.0,15.53
2007-11-15,76.97,77.66,76.7,76.86,76.97,77.66,76.7,76.86,18700.0,0.0,1.0,1.0,0.0
2007-11-16,77.11,77.77,76.92,77.71,77.11,77.77,76.92,77.71,65500.0,0.0,1.0,1.0,0.0
2007-11-19,77.56,77.56,75.36,75.67,77.56,77.56,75.36,75.67,51010.0,0.0,1.0,1.0,-15.56
2007-11-20,74.76,76.51,74.76,75.56,74.76,76.51,74.76,75.56,57919.0,0.0,1.0,1.0,0.0
2007-11-21,75.05,75.14,74.18,74.3,75.05,75.14,74.18,74.3,54100.0,0.0,1.0,1.0,0.0
2007-11-23,75.23,75.48,74.84,75.31,75.23,75.48,74.84,75.31,9739.0,0.0,1.0,1.0,0.0
2007-11-26,75.44,75.76,73.31,73.37,75.44,75.76,73.31,73.37,27000.0,0.0,1.0,1.0,0.0
2007-11-27,73.75,74.29,73.22,73.76,73.75,74.29,73.22,73.76,39948.0,0.0,1.0,1.0,0.0
2007-11-28,75.5,75.96,74.37,75.79,75.5,75.96,74.37,75.79,32300.0,0.0,1.0,1.0,14.78
2007-11-29,75.57,76.25,75.55,76.16,75.57,76.25,75.55,76.16,98200.0,0.0,1.0,1.0,0.0
2007-11-30,77.22,77.22,76.23,76.57,77.22,77.22,76.23,76.57,10800.0,0.0,1.0,1.0,0.0
2007-12-03,77.63,77.63,76.17,76.35,77.63,77.63,76.17,76.35,25110.0,0.0,1.0,1.0,-15.32
2007-12-04,76.1,76.1,75.7,75.7,76.1,76.1,75.7,75.7,75800.0,0.0,1.0,1.0,-7.63
2007-12-05,75.87,76.8,75.87,76.8,75.87,76.8,75.87,76.8,10700.0,0.0,1.0,1.0,0.0
2007-12-06,76.58,77.44,76.27,77.44,76.58,77.44,76.27,77.44,24300.0,0.0,1.0,1.0,0.0
2007-12-07,77.53,78.0,77.41,77.64,77.53,78.0,77.41,77.64,47068.0,0.0,1.0,1.0,-7.75
2007-12-10,77.73,78.16,77.61,77.61,77.73,78.16,77.61,77.61,12100.0,0.0,1.0,1.0,0.0
2007-12-11,78.31,78.9,76.94,76.94,78.31,78.9,76.94,76.94,40165.0,0.0,1.0,1.0,-15.54
2007-12-12,77.64,78.97,76.86,77.71,77.64,78.97,76.86,77.71,13300.0,0.0,1.0,1.0,0.0
2007-12-13,77.04,77.5,76.82,77.32,77.04,77.5,76.82,77.32,22300.0,0.0,1.0,1.0,0.0
2007-12-14,75.11,75.32,74.31,74.31,75.11,75.32,74.31,74.31,30300.0,2.0,1.0,1.0,0.0
2007-12-17,73.88,73.88,72.76,72.76,73.88,73.88,72.76,72.76,24360.0,0.0,1.0,1.0,0.0
2007-12-18,73.25,74.0,73.13,73.94,73.25,74.0,73.13,73.94,84900.0,0.0,1.0,1.0,0.0
2007-12-19,73.39,74.36,73.39,73.8,73.39,74.36,73.39,73.8,51234.0,0.0,1.0,1.0,0.0
2007-12-20,73.73,74.53,73.69,74.53,73.73,74.53,73.69,74.53,26297.0,0.0,1.0,1.0,0.0
2007-12-21,74.88,76.4,74.72,76.24,74.88,76.4,74.72,76.24,98300.0,0.0,1.0,1.0,0.0
2007-12-24,75.84,76.79,75.84,76.79,75.84,76.79,75.84,76.79,31538.0,0.0,1.0,1.0,0.0
2007-12-26,76.52,77.66,76.51,77.11,76.52,77.66,76.51,77.11,62400.0,0.0,1.0,1.0,0.0
2007-12-27,77.22,77.22,75.95,75.95,77.22,77.22,75.95,75.95,20100.0,0.0,1.0,1.0,0.0
2007-12-28,75.95,76.52,75.83,76.01,75.95,76.52,75.83,76.01,67700.0,0.0,1.0,1.0,0.0
2007-12-31,75.34,75.7,74.95,75.27,75.34,75.7,74.95,75.27,82273.0,0.0,1.0,1.0,0.0
2008-01-02,74.99,75.7,73.82,74.26,74.99,75.7,73.82,74.26,33650.0,0.0,1.0,1.0,0.0
2008-01-03,74.1,74.54,73.67,74.06,74.1,74.54,73.67,74.06,24900.0,0.0,1.0,1.0,0.0
2008-01-04,73.21,73.55,72.13,72.28,73.21,73.55,72.13,72.28,32700.0,0.0,1.0,1.0,0.0
2008-01-07,72.44,73.36,72.07,73.06,72.44,73.36,72.07,73.06,99500.0,0.0,1.0,1.0,-7.21
2008-01-08,73.5,74.47,69.81,70.49,73.5,74.47,69.81,70.49,110100.0,0.0,1.0,1.0,0.0
2008-01-09,70.49,70.75,69.15,70.75,70.49,70.75,69.15,70.75,69200.0,0.0,1.0,1.0,0.0
2008-01-10,70.38,72.34,69.93,71.83,70.38,72.34,69.93,71.83,123000.0,0.0,1.0,1.0,0.0
2008-01-11,71.53,71.53,69.77,70.12,71.53,71.53,69.77,70.12,59200.0,0.0,1.0,1.0,0.0
2008-01-14,70.62,70.96,70.32,70.87,70.62,70.96,70.32,70.87,98700.0,0.0,1.0,1.0,0.0
2008-01-15,70.01,70.33,69.41,69.41,70.01,70.33,69.41,69.41,75000.0,0.0,1.0,1.0,0.0
2008-01-16,69.64,70.62,69.49,69.54,69.64,70.62,69.49,69.54,155900.0,0.0,1.0,1.0,0.0
2008-01-17,69.38,69.69,67.8,67.98,69.38,69.69,67.8,67.98,116400.0,0.0,1.0,1.0,0.0
2008-01-18,67.0,67.83,64.06,65.0,67.0,67.83,64.06,65.0,74220.0,0.0,1.0,1.0,0.0
2008-01-22,61.89,66.55,61.6,63.79,61.89,66.55,61.6,63.79,82336.0,0.0,1.0,1.0,0.0
2008-01-23,62.1,64.27,60.54,64.12,62.1,64.27,60.54,64.12,65300.0,0.0,1.0,1.0,0.0
2008-01-24,64.59,65.0,63.78,64.35,64.59,65.0,63.78,64.35,26300.0,0.0,1.0,1.0,0.0
2008-01-25,64.96,65.03,63.72,63.78,64.96,65.03,63.72,63.78,22100.0,0.0,1.0,1.0,0.0
2008-01-28,63.47,65.04,62.8,65.04,63.47,65.04,62.8,65.04,74300.0,0.0,1.0,1.0,0.0
2008-01-29,65.78,67.11,65.33,67.03,65.78,67.11,65.33,67.03,128800.0,0.0,1.0,1.0,0.0
2008-01-30,66.67,67.26,65.64,65.68,66.67,67.26,65.64,65.68,125400.0,0.0,1.0,1.0,0.0
2008-01-31,64.57,67.7,64.57,67.07,64.57,67.7,64.57,67.07,99200.0,0.0,1.0,1.0,0.0
2008-02-01,67.19,68.12,67.08,67.8,67.19,68.12,67.08,67.8,23200.0,0.0,1.0,1.0,0.0
2008-02-04,67.82,68.09,67.57,67.89,67.82,68.09,67.57,67.89,69600.0,0.0,1.0,1.0,0.0
2008-02-05,66.66,66.78,64.88,64.88,66.66,66.78,64.88,64.88,34500.0,0.0,1.0,1.0,0.0
2008-02-06,65.24,65.45,64.25,64.31,65.24,65.45,64.25,64.31,17300.0,0.0,1.0,1.0,-38.95
2008-02-07,64.39,64.39,63.52,64.31,64.39,64.39,63.52,64.31,29630.0,0.0,1.0,1.0,0.0
2008-02-08,64.43,64.46,63.59,64.01,64.43,64.46,63.59,64.01,27500.0,0.0,1.0,1.0,25.74
2008-02-11,64.1,64.59,63.21,64.5,64.1,64.59,63.21,64.5,38600.0,0.0,1.0,1.0,0.0
2008-02-12,65.32,66.02,64.96,65.52,65.32,66.02,64.96,65.52,36700.0,0.0,1.0,1.0,0.0
2008-02-13,66.24,67.34,65.86,67.11,66.24,67.34,65.86,67.11,19000.0,0.0,1.0,1.0,0.0
2008-02-14,66.9,67.18,65.71,65.72,66.9,67.18,65.71,65.72,40000.0,0.0,1.0,1.0,0.0
2008-02-15,65.44,65.8,65.09,65.38,65.44,65.8,65.09,65.38,76800.0,0.0,1.0,1.0,0.0
2008-02-19,66.12,66.12,63.52,64.0,66.12,66.12,63.52,64.0,34300.0,0.0,1.0,1.0,0.0
2008-02-20,62.13,63.09,61.13,62.58,62.13,63.09,61.13,62.58,99700.0,0.0,1.0,1.0,0.0
2008-02-21,63.39,63.53,61.85,61.95,63.39,63.53,61.85,61.95,84900.0,0.0,1.0,1.0,0.0
2008-02-22,62.14,62.63,61.19,62.63,62.14,62.63,61.19,62.63,70300.0,0.0,1.0,1.0,0.0
2008-02-25,62.17,63.6,62.17,63.39,62.17,63.6,62.17,63.39,91500.0,0.0,1.0,1.0,0.0
2008-02-26,63.22,64.31,62.8,64.06,63.22,64.31,62.8,64.06,101700.0,0.0,1.0,1.0,0.0
2008-02-27,63.53,64.01,63.27,63.28,63.53,64.01,63.27,63.28,161100.0,0.0,1.0,1.0,0.0
2008-02-28,63.12,64.31,62.41,63.37,63.12,64.31,62.41,63.37,200800.0,0.0,1.0,1.0,0.0
2008-02-29,62.87,62.87,61.25,61.46,62.87,62.87,61.25,61.46,69700.0,0.0,1.0,1.0,6.35
2008-03-03,61.42,61.52,60.75,61.24,61.42,61.52,60.75,61.24,145050.0,0.0,1.0,1.0,0.0
2008-03-04,60.47,60.78,59.86,60.7,60.47,60.78,59.86,60.7,125418.0,0.0,1.0,1.0,-6.12
2008-03-05,61.11,61.76,60.84,61.47,61.11,61.76,60.84,61.47,147600.0,0.0,1.0,1.0,0.0
2008-03-06,61.05,61.05,60.1,60.1,61.05,61.05,60.1,60.1,88000.0,0.0,1.0,1.0,0.0
2008-03-07,59.73,60.36,59.32,59.93,59.73,60.36,59.32,59.93,183800.0,0.0,1.0,1.0,0.0
2008-03-10,60.06,60.06,58.37,58.43,60.06,60.06,58.37,58.43,109940.0,0.0,1.0,1.0,0.0
2008-03-11,59.5,60.23,58.28,60.23,59.5,60.23,58.28,60.23,55475.0,0.0,1.0,1.0,0.0
2008-03-12,60.33,60.33,58.95,59.05,60.33,60.33,58.95,59.05,29800.0,0.0,1.0,1.0,0.0
2008-03-13,58.49,59.55,57.65,59.13,58.49,59.55,57.65,59.13,88100.0,0.0,1.0,1.0,0.0
2008-03-14,59.35,59.48,57.49,57.85,59.35,59.48,57.49,57.85,104300.0,0.0,1.0,1.0,0.0
2008-03-17,57.0,58.59,57.0,58.18,57.0,58.59,57.0,58.18,45500.0,0.0,1.0,1.0,0.0
2008-03-18,58.69,59.94,58.36,59.94,58.69,59.94,58.36,59.94,211800.0,0.0,1.0,1.0,0.0
2008-03-19,60.1,60.38,58.88,58.88,60.1,60.38,58.88,58.88,142000.0,0.0,1.0,1.0,0.0
2008-03-20,59.92,60.46,58.81,60.36,59.92,60.46,58.81,60.36,86215.0,0.0,1.0,1.0,0.0
2008-03-24,60.86,62.49,60.47,62.23,60.86,62.49,60.47,62.23,132900.0,0.0,1.0,1.0,0.0
2008-03-25,62.32,62.51,61.45,62.46,62.32,62.51,61.45,62.46,121900.0,0.0,1.0,1.0,-6.23
2008-03-26,62.15,62.37,61.5,61.88,62.15,62.37,61.5,61.88,44200.0,0.0,1.0,1.0,6.25
2008-03-27,62.21,62.53,61.77,61.79,62.21,62.53,61.77,61.79,49100.0,0.0,1.0,1.0,0.0
2008-03-28,62.24,62.44,61.01,61.17,62.24,62.44,61.01,61.17,46400.0,0.0,1.0,1.0,0.0
2008-03-31,61.32,62.18,61.13,61.88,61.32,62.18,61.13,61.88,32400.0,0.0,1.0,1.0,0.0
2008-04-01,62.61,64.07,62.61,63.9,62.61,64.07,62.61,63.9,556926.0,0.0,1.0,1.0,0.0
2008-04-02,64.0,64.09,63.35,63.6,64.0,64.09,63.35,63.6,38800.0,0.0,1.0,1.0,6.39
2008-04-03,63.5,64.55,63.48,64.45,63.5,64.55,63.48,64.45,42000.0,0.0,1.0,1.0,0.0
2008-04-04,64.38,64.47,63.38,63.59,64.38,64.47,63.38,63.59,23900.0,0.0,1.0,1.0,6.44
2008-04-07,64.18,64.54,63.96,64.0,64.18,64.54,63.96,64.0,51800.0,0.0,1.0,1.0,0.0
2008-04-08,63.7,64.18,63.55,64.09,63.7,64.18,63.55,64.09,18900.0,0.0,1.0,1.0,0.0
2008-04-09,64.29,64.29,62.37,62.64,64.29,64.29,62.37,62.64,32900.0,0.0,1.0,1.0,0.0
2008-04-10,62.67,62.97,62.24,62.56,62.67,62.97,62.24,62.56,18300.0,0.0,1.0,1.0,0.0
2008-04-11,62.26,62.36,61.2,61.33,62.26,62.36,61.2,61.33,36800.0,0.0,1.0,1.0,0.0
2008-04-14,61.47,61.86,61.1,61.22,61.47,61.86,61.1,61.22,18035.0,0.0,1.0,1.0,0.0
2008-04-15,61.6,61.6,60.85,61.31,61.6,61.6,60.85,61.31,17023.0,0.0,1.0,1.0,0.0
2008-04-16,61.76,62.79,61.76,62.72,61.76,62.79,61.76,62.72,25878.0,0.0,1.0,1.0,0.0
2008-04-17,62.8,62.8,61.85,62.19,62.8,62.8,61.85,62.19,24815.0,0.0,1.0,1.0,-6.27
2008-04-18,63.38,63.41,63.0,63.15,63.38,63.41,63.0,63.15,57791.0,0.0,1.0,1.0,0.0
2008-04-21,62.58,63.28,62.58,63.23,62.58,63.28,62.58,63.23,8022.0,0.0,1.0,1.0,0.0
2008-04-22,63.16,63.25,62.18,62.65,63.16,63.25,62.18,62.65,43889.0,0.0,1.0,1.0,0.0
2008-04-23,63.02,64.2,62.92,64.13,63.02,64.2,62.92,64.13,11952.0,0.0,1.0,1.0,-12.53
2008-04-24,64.23,65.19,63.74,64.74,64.23,65.19,63.74,64.74,13043.0,0.0,1.0,1.0,0.0
2008-04-25,64.87,65.44,64.17,65.34,64.87,65.44,64.17,65.34,19674.0,0.0,1.0,1.0,0.0
2008-04-28,65.34,65.9,65.18,65.52,65.34,65.9,65.18,65.52,63149.0,0.0,1.0,1.0,0.0
2008-04-29,65.8,66.15,65.66,66.12,65.8,66.15,65.66,66.12,15585.0,0.0,1.0,1.0,0.0
2008-04-30,66.47,66.8,65.87,65.87,66.47,66.8,65.87,65.87,360914.0,0.0,1.0,1.0,0.0
2008-05-01,66.36,67.81,65.88,67.74,66.36,67.81,65.88,67.74,18430.0,0.0,1.0,1.0,0.0
2008-05-02,67.72,72.0,67.43,68.04,67.72,72.0,67.43,68.04,42119.0,0.0,1.0,1.0,0.0
2008-05-05,67.85,68.21,67.0,67.3,67.85,68.21,67.0,67.3,63529.0,0.0,1.0,1.0,0.0
2008-05-06,66.66,67.69,66.38,67.61,66.66,67.69,66.38,67.61,24716.0,0.0,1.0,1.0,0.0
2008-05-07,67.95,68.06,66.91,67.03,67.95,68.06,66.91,67.03,19000.0,0.0,1.0,1.0,0.0
2008-05-08,67.24,67.39,66.74,67.08,67.24,67.39,66.74,67.08,36985.0,0.0,1.0,1.0,0.0
2008-05-09,66.16,67.17,66.11,66.73,66.16,67.17,66.11,66.73,101914.0,0.0,1.0,1.0,0.0
2008-05-12,66.68,67.3,66.68,67.24,66.68,67.3,66.68,67.24,11768.0,0.0,1.0,1.0,0.0
2008-05-13,67.6,67.63,67.04,67.4,67.6,67.63,67.04,67.4,128929.0,0.0,1.0,1.0,0.0
2008-05-14,67.76,68.71,67.76,68.19,67.76,68.71,67.76,68.19,49563.0,0.0,1.0,1.0,0.0
2008-05-15,67.86,68.95,67.81,68.9,67.86,68.95,67.81,68.9,176716.0,0.0,1.0,1.0,-6.83
2008-05-16,69.1,69.22,68.44,69.08,69.1,69.22,68.44,69.08,89548.0,0.0,1.0,1.0,0.0
2008-05-19,69.22,69.36,68.86,69.07,69.22,69.36,68.86,69.07,15472.0,0.0,1.0,1.0,0.0
2008-05-20,68.73,68.73,67.55,67.9,68.73,68.73,67.55,67.9,22495.0,0.0,1.0,1.0,0.0
2008-05-21,68.17,68.17,66.6,66.86,68.17,68.17,66.6,66.86,186958.0,0.0,1.0,1.0,0.0
2008-05-22,66.94,67.59,66.6,67.32,66.94,67.59,66.6,67.32,218024.0,0.0,1.0,1.0,0.0
2008-05-23,66.62,66.75,66.36,66.71,66.62,66.75,66.36,66.71,82827.0,0.0,1.0,1.0,0.0
2008-05-27,66.77,67.38,66.34,67.23,66.77,67.38,66.34,67.23,32760.0,0.0,1.0,1.0,0.0
2008-05-28,67.59,67.98,67.31,67.94,67.59,67.98,67.31,67.94,20112.0,0.0,1.0,1.0,0.0
2008-05-29,68.0,69.38,67.84,69.06,68.0,69.38,67.84,69.06,17538.0,0.0,1.0,1.0,0.0
2008-05-30,68.98,69.5,68.9,69.17,68.98,69.5,68.9,69.17,142160.0,0.0,1.0,1.0,0.0
2008-06-02,68.9,69.27,67.66,68.5,68.9,69.27,67.66,68.5,152218.0,0.0,1.0,1.0,0.0
2008-06-03,68.8,68.81,67.48,67.99,68.8,68.81,67.48,67.99,195355.0,0.0,1.0,1.0,0.0
2008-06-04,67.7,68.21,67.7,68.08,67.7,68.21,67.7,68.08,33625.0,0.0,1.0,1.0,-6.8
2008-06-05,68.36,70.11,68.22,69.99,68.36,70.11,68.22,69.99,39500.0,0.0,1.0,1.0,0.0
2008-06-06,68.9,69.25,68.24,68.24,68.9,69.25,68.24,68.24,32112.0,0.0,1.0,1.0,0.0
2008-06-09,68.24,68.53,67.17,67.49,68.24,68.53,67.17,67.49,98385.0,0.0,1.0,1.0,0.0
2008-06-10,66.47,67.17,66.32,66.82,66.47,67.17,66.32,66.82,63944.0,0.0,1.0,1.0,0.0
2008-06-11,66.18,66.53,65.2,65.2,66.18,66.53,65.2,65.2,34248.0,0.0,1.0,1.0,0.0
2008-06-12,65.74,66.34,64.7,65.03,65.74,66.34,64.7,65.03,60548.0,0.0,1.0,1.0,0.0
2008-06-13,65.34,66.13,64.99,66.13,65.34,66.13,64.99,66.13,65480.0,0.0,1.0,1.0,0.0
2008-06-16,65.39,65.89,65.04,65.76,65.39,65.89,65.04,65.76,111216.0,0.0,1.0,1.0,0.0
2008-06-17,65.9,65.9,65.46,65.66,65.9,65.9,65.46,65.66,124851.0,0.0,1.0,1.0,0.0
2008-06-18,65.27,65.43,64.45,64.79,65.27,65.43,64.45,64.79,165960.0,0.0,1.0,1.0,0.0
2008-06-19,64.95,65.34,64.45,65.25,64.95,65.34,64.45,65.25,135717.0,0.0,1.0,1.0,0.0
2008-06-20,63.65,64.79,63.47,63.67,63.65,64.79,63.47,63.67,103257.0,0.0,1.0,1.0,0.0
2008-06-23,63.77,63.86,63.08,63.23,63.77,63.86,63.08,63.23,81644.0,0.0,1.0,1.0,0.0
2008-06-24,62.68,63.46,62.42,62.97,62.68,63.46,62.42,62.97,198348.0,0.0,1.0,1.0,0.0
2008-06-25,63.44,64.38,63.37,63.67,63.44,64.38,63.37,63.67,741925.0,0.0,1.0,1.0,0.0
2008-06-26,62.77,63.0,61.7,61.76,62.77,63.0,61.7,61.76,210845.0,0.0,1.0,1.0,0.0
2008-06-27,61.91,62.03,61.08,61.38,61.91,62.03,61.08,61.38,402190.0,0.0,1.0,1.0,0.0
2008-06-30,61.39,62.56,61.27,62.24,61.39,62.56,61.27,62.24,208306.0,0.0,1.0,1.0,0.0
2008-07-01,61.55,61.85,60.73,61.7,61.55,61.85,60.73,61.7,176012.0,0.0,1.0,1.0,0.0
2008-07-02,61.8,61.93,60.3,60.3,61.8,61.93,60.3,60.3,247615.0,0.0,1.0,1.0,0.0
2008-07-03,60.71,60.84,59.8,59.8,60.71,60.84,59.8,59.8,309766.0,0.0,1.0,1.0,-6.04
2008-07-07,60.14,60.61,58.91,59.59,60.14,60.61,58.91,59.59,307200.0,0.0,1.0,1.0,0.0
2008-07-08,59.73,61.28,59.73,61.28,59.73,61.28,59.73,61.28,246986.0,0.0,1.0,1.0,0.0
2008-07-09,61.39,61.49,59.66,59.69,61.39,61.49,59.66,59.69,198845.0,0.0,1.0,1.0,0.0
2008-07-10,60.04,60.55,59.6,60.15,60.04,60.55,59.6,60.15,137889.0,0.0,1.0,1.0,0.0
2008-07-11,59.37,60.44,59.01,60.01,59.37,60.44,59.01,60.01,66151.0,0.0,1.0,1.0,0.0
2008-07-14,59.37,60.5,59.27,59.45,59.37,60.5,59.27,59.45,95974.0,0.0,1.0,1.0,0.0
2008-07-15,58.59,60.85,58.18,59.63,58.59,60.85,58.18,59.63,132788.0,0.0,1.0,1.0,0.0
2008-07-16,59.43,60.35,59.01,60.33,59.43,60.35,59.01,60.33,165146.0,0.0,1.0,1.0,0.0
2008-07-17,60.23,60.75,59.85,60.26,60.23,60.75,59.85,60.26,179275.0,0.0,1.0,1.0,0.0
2008-07-18,60.24,60.47,60.05,60.39,60.24,60.47,60.05,60.39,91472.0,0.0,1.0,1.0,0.0
2008-07-21,60.77,60.87,60.26,60.41,60.77,60.87,60.26,60.41,152860.0,0.0,1.0,1.0,0.0
2008-07-22,60.26,60.57,59.66,60.55,60.26,60.57,59.66,60.55,217798.0,0.0,1.0,1.0,0.0
2008-07-23,61.33,62.76,61.15,62.34,61.33,62.76,61.15,62.34,112289.0,0.0,1.0,1.0,0.0
2008-07-24,62.15,62.16,60.97,60.97,62.15,62.16,60.97,60.97,132964.0,0.0,1.0,1.0,0.0
2008-07-25,61.32,61.67,61.16,61.18,61.32,61.67,61.16,61.18,94129.0,0.0,1.0,1.0,0.0
2008-07-28,61.0,61.0,59.87,60.2,61.0,61.0,59.87,60.2,135100.0,0.0,1.0,1.0,0.0
2008-07-29,60.09,60.87,60.09,60.64,60.09,60.87,60.09,60.64,83200.0,0.0,1.0,1.0,6.0
2008-07-30,61.0,61.43,60.41,61.25,61.0,61.43,60.41,61.25,102304.0,0.0,1.0,1.0,0.0
2008-07-31,60.61,61.67,60.61,60.72,60.61,61.67,60.61,60.72,142225.0,0.0,1.0,1.0,0.0
2008-08-01,61.16,61.16,60.05,60.21,61.16,61.16,60.05,60.21,121692.0,0.0,1.0,1.0,0.0
2008-08-04,60.33,60.33,59.02,59.38,60.33,60.33,59.02,59.38,101548.0,0.0,1.0,1.0,0.0
2008-08-05,60.05,60.94,59.87,60.91,60.05,60.94,59.87,60.91,147641.0,0.0,1.0,1.0,0.0
2008-08-06,60.57,60.69,60.04,60.61,60.57,60.69,60.04,60.61,36563.0,0.0,1.0,1.0,0.0
2008-08-07,60.07,60.42,59.26,59.57,60.07,60.42,59.26,59.57,74634.0,0.0,1.0,1.0,0.0
2008-08-08,59.54,61.39,59.54,61.25,59.54,61.39,59.54,61.25,252081.0,0.0,1.0,1.0,0.0
2008-08-11,61.57,62.91,61.24,62.5,61.57,62.91,61.24,62.5,317690.0,0.0,1.0,1.0,0.0
2008-08-12,62.74,62.81,62.12,62.34,62.74,62.81,62.12,62.34,374032.0,0.0,1.0,1.0,0.0
2008-08-13,62.09,62.17,61.12,61.77,62.09,62.17,61.12,61.77,149863.0,0.0,1.0,1.0,0.0
2008-08-14,61.31,62.45,61.26,62.17,61.31,62.45,61.26,62.17,297435.0,0.0,1.0,1.0,0.0
2008-08-15,62.45,62.91,62.25,62.68,62.45,62.91,62.25,62.68,50321.0,0.0,1.0,1.0,0.0
2008-08-18,63.05,63.05,61.89,62.13,63.05,63.05,61.89,62.13,95399.0,0.0,1.0,1.0,0.0
2008-08-19,61.86,61.86,60.54,60.71,61.86,61.86,60.54,60.71,196357.0,0.0,1.0,1.0,0.0
2008-08-20,60.75,61.4,60.42,60.81,60.75,61.4,60.42,60.81,56442.0,0.0,1.0,1.0,0.0
2008-08-21,60.19,61.05,60.19,60.71,60.19,61.05,60.19,60.71,195781.0,0.0,1.0,1.0,0.0
2008-08-22,61.39,61.88,61.15,61.82,61.39,61.88,61.15,61.82,9014.0,0.0,1.0,1.0,0.0
2008-08-25,61.3,61.48,60.26,60.32,61.3,61.48,60.26,60.32,53400.0,0.0,1.0,1.0,0.0
2008-08-26,60.25,60.42,59.94,60.31,60.25,60.42,59.94,60.31,32838.0,0.0,1.0,1.0,0.0
2008-08-27,60.54,61.54,60.48,61.32,60.54,61.54,60.48,61.32,42652.0,0.0,1.0,1.0,0.0
2008-08-28,61.71,62.76,61.71,62.68,61.71,62.76,61.71,62.68,81792.0,0.0,1.0,1.0,0.0
2008-08-29,62.37,62.92,61.97,61.98,62.37,62.92,61.97,61.98,59657.0,0.0,1.0,1.0,0.0
2008-09-02,63.0,63.83,62.36,62.77,63.0,63.83,62.36,62.77,50003.0,0.0,1.0,1.0,6.21
2008-09-03,62.76,63.21,62.58,62.81,62.76,63.21,62.58,62.81,59097.0,0.0,1.0,1.0,0.0
2008-09-04,62.67,62.72,60.65,60.65,62.67,62.72,60.65,60.65,57184.0,0.0,1.0,1.0,0.0
2008-09-05,60.41,60.48,59.71,60.32,60.41,60.48,59.71,60.32,57639.0,0.0,1.0,1.0,0.0
2008-09-08,60.82,61.74,60.61,61.73,60.82,61.74,60.61,61.73,48525.0,0.0,1.0,1.0,0.0
2008-09-09,61.91,62.46,60.91,60.91,61.91,62.46,60.91,60.91,32222.0,0.0,1.0,1.0,0.0
2008-09-10,60.92,60.92,59.84,59.84,60.92,60.92,59.84,59.84,22199.0,0.0,1.0,1.0,0.0
2008-09-11,59.36,59.74,58.6,59.74,59.36,59.74,58.6,59.74,19746.0,0.0,1.0,1.0,0.0
2008-09-12,59.07,59.99,59.0,59.99,59.07,59.99,59.0,59.99,11097.0,0.0,1.0,1.0,0.0
2008-09-15,58.12,59.14,57.03,57.07,58.12,59.14,57.03,57.07,52316.0,0.0,1.0,1.0,0.0
2008-09-16,55.17,57.0,55.01,56.78,55.17,57.0,55.01,56.78,56763.0,0.0,1.0,1.0,0.0
2008-09-17,55.53,55.97,53.55,53.59,55.53,55.97,53.55,53.59,87195.0,0.0,1.0,1.0,-5.7
2008-09-18,53.81,56.47,52.56,56.13,53.81,56.47,52.56,56.13,79499.0,0.0,1.0,1.0,0.0
2008-09-19,70.0,70.0,56.73,58.75,70.0,70.0,56.73,58.75,10600.0,0.0,1.0,1.0,0.0
2008-09-22,60.5,60.5,55.71,55.81,60.5,60.5,55.71,55.81,33685.0,0.0,1.0,1.0,0.0
2008-09-23,57.0,57.0,54.8,54.8,57.0,57.0,54.8,54.8,54735.0,0.0,1.0,1.0,0.0
2008-09-24,56.39,56.39,53.9,54.84,56.39,56.39,53.9,54.84,30450.0,0.0,1.0,1.0,0.0
2008-09-25,56.6,56.86,54.92,56.2,56.6,56.86,54.92,56.2,19974.0,0.0,1.0,1.0,0.0
2008-09-26,56.17,56.44,55.18,56.22,56.17,56.44,55.18,56.22,18476.0,0.0,1.0,1.0,0.0
2008-09-29,55.4,55.52,51.84,53.19,55.4,55.52,51.84,53.19,42765.0,0.0,1.0,1.0,-5.62
2008-09-30,51.53,53.78,51.47,53.35,51.53,53.78,51.47,53.35,34084.0,0.0,1.0,1.0,0.0
2008-10-01,53.18,53.47,52.44,53.31,53.18,53.47,52.44,53.31,20588.0,0.0,1.0,1.0,-5.35
2008-10-02,52.94,53.65,51.31,51.73,52.94,53.65,51.31,51.73,14535.0,0.0,1.0,1.0,0.0
2008-10-03,51.93,53.02,50.97,50.97,51.93,53.02,50.97,50.97,54799.0,0.0,1.0,1.0,0.0
2008-10-06,48.99,50.26,46.77,48.58,48.99,50.26,46.77,48.58,39225.0,0.0,1.0,1.0,0.0
2008-10-07,48.01,49.25,46.5,46.5,48.01,49.25,46.5,46.5,124787.0,0.0,1.0,1.0,0.0
2008-10-08,44.51,46.86,44.0,44.62,44.51,46.86,44.0,44.62,36924.0,0.0,1.0,1.0,0.0
2008-10-09,44.63,45.48,40.93,41.8,44.63,45.48,40.93,41.8,23595.0,0.0,1.0,1.0,0.0
2008-10-10,40.0,42.0,37.55,40.58,40.0,42.0,37.55,40.58,55662.0,0.0,1.0,1.0,0.0
2008-10-13,44.79,46.28,42.87,46.25,44.79,46.28,42.87,46.25,23314.0,0.0,1.0,1.0,0.0
2008-10-14,50.59,50.59,45.5,46.33,50.59,50.59,45.5,46.33,87026.0,0.0,1.0,1.0,0.0
2008-10-15,44.95,44.95,42.26,42.68,44.95,44.95,42.26,42.68,22235.0,0.0,1.0,1.0,0.0
2008-10-16,42.29,43.63,40.63,43.6,42.29,43.63,40.63,43.6,23821.0,0.0,1.0,1.0,-4.22
2008-10-17,42.47,45.27,42.12,43.53,42.47,45.27,42.12,43.53,66266.0,0.0,1.0,1.0,0.0
2008-10-20,44.0,45.92,43.91,45.66,44.0,45.92,43.91,45.66,78089.0,0.0,1.0,1.0,4.34
2008-10-21,45.42,45.99,43.96,44.25,45.42,45.99,43.96,44.25,27982.0,0.0,1.0,1.0,0.0
2008-10-22,42.92,42.92,39.92,40.91,42.92,42.92,39.92,40.91,41831.0,0.0,1.0,1.0,0.0
2008-10-23,41.72,42.04,38.89,40.86,41.72,42.04,38.89,40.86,38556.0,0.0,1.0,1.0,0.0
2008-10-24,38.71,39.85,38.15,39.16,38.71,39.85,38.15,39.16,33260.0,0.0,1.0,1.0,0.0
2008-10-27,38.83,40.71,38.83,39.24,38.83,40.71,38.83,39.24,23811.0,0.0,1.0,1.0,0.0
2008-10-28,40.05,43.24,39.87,42.95,40.05,43.24,39.87,42.95,41232.0,0.0,1.0,1.0,0.0
2008-10-29,42.9,44.33,42.7,42.81,42.9,44.33,42.7,42.81,71394.0,0.0,1.0,1.0,0.0
2008-10-30,43.85,44.31,42.77,44.16,43.85,44.31,42.77,44.16,33422.0,0.0,1.0,1.0,4.3
2008-10-31,44.33,46.33,44.19,45.39,44.33,46.33,44.19,45.39,39541.0,0.0,1.0,1.0,0.0
2008-11-03,45.36,46.85,45.36,46.65,45.36,46.85,45.36,46.65,29185.0,0.0,1.0,1.0,0.0
2008-11-04,48.0,49.02,47.63,48.49,48.0,49.02,47.63,48.49,47323.0,0.0,1.0,1.0,0.0
2008-11-05,48.3,48.3,45.16,45.18,48.3,48.3,45.16,45.18,76219.0,0.0,1.0,1.0,-4.84
2008-11-06,44.71,45.21,42.72,42.72,44.71,45.21,42.72,42.72,31524.0,0.0,1.0,1.0,0.1
2008-11-07,43.44,43.99,43.08,43.96,43.44,43.99,43.08,43.96,18280.0,0.0,1.0,1.0,-0.0
2008-11-10,45.37,45.38,43.77,44.1,45.37,45.38,43.77,44.1,34155.0,0.0,1.0,1.0,0.0
2008-11-11,43.56,43.59,42.57,42.97,43.56,43.59,42.57,42.97,13108.0,0.0,1.0,1.0,0.0
2008-11-12,42.02,42.42,40.56,40.64,42.02,42.42,40.56,40.64,71759.0,0.0,1.0,1.0,4.27
2008-11-13,40.99,43.28,39.66,43.28,40.99,43.28,39.66,43.28,58254.0,0.0,1.0,1.0,0.0
2008-11-14,43.04,44.1,42.03,43.24,43.04,44.1,42.03,43.24,15377.0,0.0,1.0,1.0,0.0
2008-11-17,42.12,42.8,40.9,41.49,42.12,42.8,40.9,41.49,55030.0,0.0,1.0,1.0,0.0
2008-11-18,41.02,41.72,39.41,40.82,41.02,41.72,39.41,40.82,18712.0,0.0,1.0,1.0,0.0
2008-11-19,41.34,41.34,38.0,38.0,41.34,41.34,38.0,38.0,16413.0,0.0,1.0,1.0,12.28
2008-11-20,37.22,38.44,35.48,35.48,37.22,38.44,35.48,35.48,14320.0,0.0,1.0,1.0,0.0
2008-11-21,35.62,37.38,34.42,37.29,35.62,37.38,34.42,37.29,29889.0,0.0,1.0,1.0,0.0
2008-11-24,37.83,40.63,37.83,40.39,37.83,40.63,37.83,40.39,32017.0,0.0,1.0,1.0,0.0
2008-11-25,41.41,41.98,40.46,41.71,41.41,41.98,40.46,41.71,59216.0,0.0,1.0,1.0,0.0
2008-11-26,41.18,44.6,40.75,44.43,41.18,44.6,40.75,44.43,58249.0,0.0,1.0,1.0,0.0
2008-11-28,44.65,45.21,43.99,45.21,44.65,45.21,43.99,45.21,218806.0,0.0,1.0,1.0,0.0
2008-12-01,43.64,46.1,41.55,41.55,43.64,46.1,41.55,41.55,491962.0,0.0,1.0,1.0,9.11
2008-12-02,41.69,44.4,41.69,44.21,41.69,44.4,41.69,44.21,452807.0,0.0,1.0,1.0,8.37
2008-12-03,44.05,45.7,43.42,45.55,44.05,45.7,43.42,45.55,92320.0,0.0,1.0,1.0,17.81
2008-12-04,44.99,46.02,43.1,43.7,44.99,46.02,43.1,43.7,49196.0,0.0,1.0,1.0,0.0
2008-12-05,43.34,45.68,42.37,45.6,43.34,45.68,42.37,45.6,24525.0,0.0,1.0,1.0,0.0
2008-12-08,46.61,47.85,45.8,47.36,46.61,47.85,45.8,47.36,136000.0,0.0,1.0,1.0,0.0
2008-12-09,46.51,47.78,45.74,46.03,46.51,47.78,45.74,46.03,62903.0,0.0,1.0,1.0,0.0
2008-12-10,46.5,46.97,45.58,46.11,46.5,46.97,45.58,46.11,78526.0,0.0,1.0,1.0,0.0
2008-12-11,45.58,46.22,44.21,44.58,45.58,46.22,44.21,44.58,41821.0,0.0,1.0,1.0,0.0
2008-12-12,43.98,44.82,43.5,44.73,43.98,44.82,43.5,44.73,20813.0,0.0,1.0,1.0,0.0
2008-12-15,44.61,45.1,42.1,42.96,44.61,45.1,42.1,42.96,32533.0,0.0,1.0,1.0,0.0
2008-12-16,43.04,45.41,43.04,45.41,43.04,45.41,43.04,45.41,69324.0,0.0,1.0,1.0,0.0
2008-12-17,44.81,46.0,44.81,45.38,44.81,46.0,44.81,45.38,77200.0,0.0,1.0,1.0,0.0
2008-12-18,45.37,46.0,44.6,44.94,45.37,46.0,44.6,44.94,74570.0,0.0,1.0,1.0,4.53
2008-12-19,46.16,46.18,44.5,44.65,46.16,46.18,44.5,44.65,53028.0,0.0,1.0,1.0,0.0
2008-12-22,43.19,43.52,41.88,42.88,43.19,43.52,41.88,42.88,67760.0,1.37,1.0,1.0,0.0
2008-12-23,43.23,43.59,42.47,42.7,43.23,43.59,42.47,42.7,36243.0,0.0,1.0,1.0,0.0
2008-12-24,42.81,43.03,42.76,42.76,42.81,43.03,42.76,42.76,98821.0,0.0,1.0,1.0,0.0
2008-12-26,43.25,43.48,42.91,43.43,43.25,43.48,42.91,43.43,44739.0,0.0,1.0,1.0,0.0
2008-12-29,43.32,43.43,42.32,42.6,43.32,43.43,42.32,42.6,46456.0,0.0,1.0,1.0,0.0
2008-12-30,43.16,43.36,42.55,43.36,43.16,43.36,42.55,43.36,66543.0,0.0,1.0,1.0,0.0
2008-12-31,43.36,45.09,43.35,44.82,43.36,45.09,43.35,44.82,57384.0,0.0,1.0,1.0,0.0
2009-01-02,44.95,45.78,44.13,45.69,44.95,45.78,44.13,45.69,298381.0,0.0,1.0,1.0,0.0
2009-01-05,45.19,45.26,44.42,44.91,45.19,45.26,44.42,44.91,48777.0,0.0,1.0,1.0,-9.14
2009-01-06,45.73,46.16,45.23,45.76,45.73,46.16,45.23,45.76,164633.0,0.0,1.0,1.0,-4.52
2009-01-07,45.37,45.7,44.89,45.06,45.37,45.7,44.89,45.06,47554.0,0.0,1.0,1.0,0.0
2009-01-08,45.02,46.57,44.87,46.53,45.02,46.57,44.87,46.53,32643.0,0.0,1.0,1.0,0.0
2009-01-09,46.74,46.74,45.42,45.42,46.74,46.74,45.42,45.42,57225.0,0.0,1.0,1.0,0.0
2009-01-12,45.47,45.47,43.77,44.07,45.47,45.47,43.77,44.07,31340.0,0.0,1.0,1.0,0.0
2009-01-13,43.85,44.32,43.69,44.2,43.85,44.32,43.69,44.2,194533.0,0.0,1.0,1.0,0.0
2009-01-14,43.51,43.6,42.38,42.65,43.51,43.6,42.38,42.65,306404.0,0.0,1.0,1.0,0.0
2009-01-15,42.53,42.72,40.71,42.59,42.53,42.72,40.71,42.59,243324.0,0.0,1.0,1.0,0.0
2009-01-16,43.42,43.42,42.05,42.85,43.42,43.42,42.05,42.85,89938.0,0.0,1.0,1.0,0.0
2009-01-20,42.63,42.8,41.15,41.19,42.63,42.8,41.15,41.19,167692.0,0.0,1.0,1.0,4.29
2009-01-21,41.8,42.85,41.22,42.85,41.8,42.85,41.22,42.85,102408.0,0.0,1.0,1.0,0.0
2009-01-22,42.19,42.93,41.48,42.51,42.19,42.93,41.48,42.51,158661.0,0.0,1.0,1.0,4.29
2009-01-23,41.47,43.25,41.18,42.89,41.47,43.25,41.18,42.89,138574.0,0.0,1.0,1.0,0.0
2009-01-26,43.12,44.31,43.12,43.93,43.12,44.31,43.12,43.93,305733.0,0.0,1.0,1.0,0.0
2009-01-27,43.47,43.73,42.77,43.42,43.47,43.73,42.77,43.42,101506.0,0.0,1.0,1.0,-8.79
2009-01-28,43.57,44.51,43.22,44.35,43.57,44.51,43.22,44.35,77200.0,0.0,1.0,1.0,-4.34
2009-01-29,43.39,43.84,42.71,42.81,43.39,43.84,42.71,42.81,102203.0,0.0,1.0,1.0,0.0
2009-01-30,42.99,43.24,41.96,42.09,42.99,43.24,41.96,42.09,106359.0,0.0,1.0,1.0,4.28
2009-02-02,42.11,43.16,41.67,43.01,42.11,43.16,41.67,43.01,62134.0,0.0,1.0,1.0,0.0
2009-02-03,43.28,43.73,42.78,43.56,43.28,43.73,42.78,43.56,76700.0,0.0,1.0,1.0,0.0
2009-02-04,43.83,44.27,42.66,42.69,43.83,44.27,42.66,42.69,228422.0,0.0,1.0,1.0,
2009-02-05,42.45,43.54,42.34,43.38,42.45,43.54,42.34,43.38,144268.0,0.0,1.0,1.0,0.0
2009-02-06,43.45,44.49,43.45,44.24,43.45,44.49,43.45,44.24,28303.0,0.0,1.0,1.0,0.0
2009-02-09,44.32,44.45,43.94,44.14,44.32,44.45,43.94,44.14,13958.0,0.0,1.0,1.0,0.0
2009-02-10,43.83,44.16,42.15,42.35,43.83,44.16,42.15,42.35,18800.0,0.0,1.0,1.0,0.0
2009-02-11,42.48,42.75,41.94,42.28,42.48,42.75,41.94,42.28,12999.0,0.0,1.0,1.0,0.0
2009-02-12,41.85,42.52,41.27,42.52,41.85,42.52,41.27,42.52,20778.0,0.0,1.0,1.0,0.0
2009-02-13,42.65,43.39,42.65,42.99,42.65,43.39,42.65,42.99,18834.0,0.0,1.0,1.0,0.0
2009-02-17,41.46,41.59,40.76,40.92,41.46,41.59,40.76,40.92,33887.0,0.0,1.0,1.0,0.0
2009-02-18,41.23,41.23,39.79,40.17,41.23,41.23,39.79,40.17,34558.0,0.0,1.0,1.0,0.0
2009-02-19,40.78,41.33,40.21,40.34,40.78,41.33,40.21,40.34,63222.0,0.0,1.0,1.0,0.0
2009-02-20,40.04,40.83,39.77,40.71,40.04,40.83,39.77,40.71,47949.0,0.0,1.0,1.0,0.0
2009-02-23,41.03,41.22,39.21,39.41,41.03,41.22,39.21,39.41,59000.0,0.0,1.0,1.0,0.0
2009-02-24,39.78,41.07,39.16,40.96,39.78,41.07,39.16,40.96,26197.0,0.0,1.0,1.0,0.0
2009-02-25,40.62,41.55,39.92,40.89,40.62,41.55,39.92,40.89,20151.0,0.0,1.0,1.0,0.0
2009-02-26,41.52,41.57,40.52,40.68,41.52,41.57,40.52,40.68,11625.0,0.0,1.0,1.0,0.0
2009-02-27,40.12,41.31,40.12,40.72,40.12,41.31,40.12,40.72,18109.0,0.0,1.0,1.0,0.0
2009-03-02,39.72,40.17,38.64,38.64,39.72,40.17,38.64,38.64,75585.0,0.0,1.0,1.0,0.0
2009-03-03,38.97,39.07,37.92,38.01,38.97,39.07,37.92,38.01,39052.0,0.0,1.0,1.0,0.0
2009-03-04,38.79,40.2,38.44,39.75,38.79,40.2,38.44,39.75,265194.0,0.0,1.0,1.0,0.0
2009-03-05,38.68,39.44,37.9,38.03,38.68,39.44,37.9,38.03,42997.0,0.0,1.0,1.0,3.97
2009-03-06,38.92,38.92,36.82,37.84,38.92,38.92,36.82,37.84,50343.0,0.0,1.0,1.0,3.81
2009-03-09,37.19,37.81,36.42,36.57,37.19,37.81,36.42,36.57,27473.0,0.0,1.0,1.0,0.0
2009-03-10,37.55,39.0,37.55,39.0,37.55,39.0,37.55,39.0,14490.0,0.0,1.0,1.0,0.0
2009-03-11,39.0,39.81,39.0,39.2,39.0,39.81,39.0,39.2,22441.0,0.0,1.0,1.0,0.0
2009-03-12,39.52,40.94,39.05,40.94,39.52,40.94,39.05,40.94,28361.0,0.0,1.0,1.0,0.0
2009-03-13,42.68,42.68,40.4,41.38,42.68,42.68,40.4,41.38,86699.0,0.0,1.0,1.0,0.0
2009-03-16,41.49,42.14,40.78,41.22,41.49,42.14,40.78,41.22,25725.0,0.0,1.0,1.0,0.0
2009-03-17,41.56,42.57,41.18,42.57,41.56,42.57,41.18,42.57,51616.0,0.0,1.0,1.0,0.0
2009-03-18,42.57,44.52,42.5,43.66,42.57,44.52,42.5,43.66,117123.0,0.0,1.0,1.0,0.0
2009-03-19,44.72,44.72,43.0,43.53,44.72,44.72,43.0,43.53,51864.0,0.0,1.0,1.0,0.0
2009-03-20,44.0,44.0,42.68,42.72,44.0,44.0,42.68,42.72,136348.0,0.0,1.0,1.0,0.0
2009-03-23,44.32,45.44,43.58,45.43,44.32,45.44,43.58,45.43,50700.0,0.0,1.0,1.0,0.0
2009-03-24,45.71,45.72,44.1,44.1,45.71,45.72,44.1,44.1,289219.0,0.0,1.0,1.0,0.0
2009-03-25,44.95,45.28,43.35,44.6,44.95,45.28,43.35,44.6,35681.0,0.0,1.0,1.0,-8.86
2009-03-26,45.5,45.5,44.2,45.27,45.5,45.5,44.2,45.27,379016.0,0.0,1.0,1.0,0.0
2009-03-27,45.0,45.32,44.54,44.81,45.0,45.32,44.54,44.81,81175.0,0.0,1.0,1.0,-13.62
2009-03-30,44.72,44.72,42.73,43.32,44.72,44.72,42.73,43.32,41814.0,0.0,1.0,1.0,0.0
2009-03-31,44.43,44.58,43.4,43.67,44.43,44.58,43.4,43.67,41866.0,0.0,1.0,1.0,4.33
2009-04-01,42.8,45.33,42.8,45.09,42.8,45.33,42.8,45.09,59281.0,0.0,1.0,1.0,0.0
2009-04-02,46.18,47.69,46.1,46.83,46.18,47.69,46.1,46.83,111597.0,0.0,1.0,1.0,0.0
2009-04-03,47.28,47.69,46.88,47.37,47.28,47.69,46.88,47.37,42986.0,0.0,1.0,1.0,0.0
2009-04-06,46.98,47.18,46.12,47.04,46.98,47.18,46.12,47.04,135919.0,0.0,1.0,1.0,0.0
2009-04-07,46.05,46.36,45.57,45.67,46.05,46.36,45.57,45.67,108928.0,0.0,1.0,1.0,0.0
2009-04-08,45.98,46.21,45.38,45.83,45.98,46.21,45.38,45.83,73977.0,0.0,1.0,1.0,4.57
2009-04-09,47.6,47.6,46.54,47.37,47.6,47.6,46.54,47.37,82965.0,0.0,1.0,1.0,0.0
2009-04-13,47.82,47.82,46.38,47.24,47.82,47.82,46.38,47.24,48013.0,0.0,1.0,1.0,0.0
2009-04-14,46.7,46.76,45.82,45.99,46.7,46.76,45.82,45.99,47011.0,0.0,1.0,1.0,0.0
2009-04-15,45.77,46.68,45.77,46.63,45.77,46.68,45.77,46.63,30394.0,0.0,1.0,1.0,0.0
2009-04-16,47.47,47.47,46.46,47.14,47.47,47.47,46.46,47.14,56368.0,0.0,1.0,1.0,0.0
2009-04-17,47.54,47.76,46.96,47.1,47.54,47.76,46.96,47.1,66158.0,0.0,1.0,1.0,0.0
2009-04-20,46.15,46.22,44.88,45.12,46.15,46.22,44.88,45.12,69073.0,0.0,1.0,1.0,0.0
2009-04-21,45.5,45.82,44.01,45.77,45.5,45.82,44.01,45.77,67966.0,0.0,1.0,1.0,0.0
2009-04-22,45.63,46.71,45.63,45.7,45.63,46.71,45.63,45.7,58961.0,0.0,1.0,1.0,0.0
2009-04-23,46.68,46.68,44.9,45.68,46.68,46.68,44.9,45.68,41111.0,0.0,1.0,1.0,0.0
2009-04-24,46.65,46.65,44.91,46.14,46.65,46.65,44.91,46.14,77519.0,0.0,1.0,1.0,0.0
2009-04-27,45.99,46.6,45.53,46.14,45.99,46.6,45.53,46.14,87288.0,0.0,1.0,1.0,-4.63
2009-04-28,45.33,46.8,45.33,46.23,45.33,46.8,45.33,46.23,45058.0,0.0,1.0,1.0,4.6
2009-04-29,46.8,47.49,46.66,46.92,46.8,47.49,46.66,46.92,23970.0,0.0,1.0,1.0,0.0
2009-04-30,47.68,47.8,46.86,46.98,47.68,47.8,46.86,46.98,55100.0,0.0,1.0,1.0,0.0
2009-05-01,46.82,47.43,46.65,47.32,46.82,47.43,46.65,47.32,55408.0,0.0,1.0,1.0,0.0
2009-05-04,48.44,48.81,47.35,48.6,48.44,48.81,47.35,48.6,77816.0,0.0,1.0,1.0,0.0
2009-05-05,48.74,48.9,48.16,48.89,48.74,48.9,48.16,48.89,70492.0,0.0,1.0,1.0,0.0
2009-05-06,50.99,50.99,48.55,49.25,50.99,50.99,48.55,49.25,60270.0,0.0,1.0,1.0,0.0
2009-05-07,50.23,50.27,47.98,48.42,50.23,50.27,47.98,48.42,143126.0,0.0,1.0,1.0,0.0
2009-05-08,49.36,49.45,48.44,48.94,49.36,49.45,48.44,48.94,95230.0,0.0,1.0,1.0,0.0
2009-05-11,48.01,49.0,48.01,48.73,48.01,49.0,48.01,48.73,49404.0,0.0,1.0,1.0,0.0
2009-05-12,49.43,49.43,48.26,48.69,49.43,49.43,48.26,48.69,37741.0,0.0,1.0,1.0,0.0
2009-05-13,48.02,48.14,46.9,46.9,48.02,48.14,46.9,46.9,35788.0,0.0,1.0,1.0,0.0
2009-05-14,47.06,47.91,46.7,47.5,47.06,47.91,46.7,47.5,30003.0,0.0,1.0,1.0,0.0
2009-05-15,47.59,47.59,46.44,46.94,47.59,47.59,46.44,46.94,42880.0,0.0,1.0,1.0,0.0
2009-05-18,47.18,48.1,47.18,48.1,47.18,48.1,47.18,48.1,26039.0,0.0,1.0,1.0,0.0
2009-05-19,48.24,48.5,47.93,48.08,48.24,48.5,47.93,48.08,27355.0,0.0,1.0,1.0,0.0
2009-05-20,48.49,48.91,47.93,47.93,48.49,48.91,47.93,47.93,60396.0,0.0,1.0,1.0,0.0
2009-05-21,47.42,47.49,46.35,46.79,47.42,47.49,46.35,46.79,45298.0,0.0,1.0,1.0,0.0
2009-05-22,46.83,46.89,46.36,46.58,46.83,46.89,46.36,46.58,37485.0,0.0,1.0,1.0,0.0
2009-05-26,46.3,48.36,46.3,48.25,46.3,48.36,46.3,48.25,32121.0,0.0,1.0,1.0,0.0
2009-05-27,48.25,48.68,47.76,47.77,48.25,48.68,47.76,47.77,36156.0,0.0,1.0,1.0,0.0
2009-05-28,48.09,48.56,47.19,48.38,48.09,48.56,47.19,48.38,29799.0,0.0,1.0,1.0,0.0
2009-05-29,48.62,48.66,47.87,48.66,48.62,48.66,47.87,48.66,40723.0,0.0,1.0,1.0,0.0
2009-06-01,49.53,49.53,49.14,49.33,49.53,49.53,49.14,49.33,20751.0,0.0,1.0,1.0,0.0
2009-06-02,49.33,49.87,49.33,49.8,49.33,49.87,49.33,49.8,41663.0,0.0,1.0,1.0,0.0
2009-06-03,49.6,49.62,48.61,49.12,49.6,49.62,48.61,49.12,48576.0,0.0,1.0,1.0,0.0
2009-06-04,49.35,49.49,49.04,49.31,49.35,49.49,49.04,49.31,38880.0,0.0,1.0,1.0,0.0
2009-06-05,49.82,49.92,49.35,49.42,49.82,49.92,49.35,49.42,38500.0,0.0,1.0,1.0,0.0
2009-06-08,49.15,49.21,48.43,48.76,49.15,49.21,48.43,48.76,69188.0,0.0,1.0,1.0,0.0
2009-06-09,49.05,49.13,48.6,48.95,49.05,49.13,48.6,48.95,44182.0,0.0,1.0,1.0,-4.88
2009-06-10,49.37,49.37,48.48,48.97,49.37,49.37,48.48,48.97,32442.0,0.0,1.0,1.0,0.0
2009-06-11,49.21,50.26,49.21,49.74,49.21,50.26,49.21,49.74,47590.0,0.0,1.0,1.0,0.0
2009-06-12,49.43,49.93,49.34,49.93,49.43,49.93,49.34,49.93,17266.0,0.0,1.0,1.0,0.0
2009-06-15,49.23,50.57,48.67,49.04,49.23,50.57,48.67,49.04,78246.0,0.0,1.0,1.0,0.0
2009-06-16,49.28,49.5,48.5,48.57,49.28,49.5,48.5,48.57,76713.0,0.0,1.0,1.0,0.0
2009-06-17,48.79,49.05,48.34,48.65,48.79,49.05,48.34,48.65,72789.0,0.0,1.0,1.0,0.0
2009-06-18,48.81,49.3,48.59,49.14,48.81,49.3,48.59,49.14,34537.0,0.0,1.0,1.0,0.0
2009-06-19,49.73,49.78,48.95,48.95,49.73,49.78,48.95,48.95,26216.0,0.0,1.0,1.0,0.0
2009-06-22,48.66,49.14,48.66,48.71,48.66,49.14,48.66,48.71,68524.0,0.0,1.0,1.0,0.0
2009-06-23,48.98,49.15,48.65,48.85,48.98,49.15,48.65,48.85,30020.0,0.0,1.0,1.0,0.0
2009-06-24,49.39,49.71,48.98,49.07,49.39,49.71,48.98,49.07,24894.0,0.0,1.0,1.0,0.0
2009-06-25,49.22,50.28,48.93,50.2,49.22,50.28,48.93,50.2,160321.0,0.0,1.0,1.0,0.0
2009-06-26,50.14,50.4,49.83,49.93,50.14,50.4,49.83,49.93,77796.0,0.0,1.0,1.0,5.02
2009-06-29,50.33,50.6,49.9,50.37,50.33,50.6,49.9,50.37,17254.0,0.0,1.0,1.0,0.0
2009-06-30,50.89,50.89,49.4,49.72,50.89,50.89,49.4,49.72,28626.0,0.0,1.0,1.0,0.0
2009-07-01,49.84,50.18,49.72,49.75,49.84,50.18,49.72,49.75,21600.0,0.0,1.0,1.0,0.0
2009-07-02,49.23,49.23,48.4,48.55,49.23,49.23,48.4,48.55,27074.0,0.0,1.0,1.0,0.0
2009-07-06,48.23,48.78,47.93,48.39,48.23,48.78,47.93,48.39,36014.0,0.0,1.0,1.0,0.0
2009-07-07,48.26,48.26,47.29,47.34,48.26,48.26,47.29,47.34,39277.0,0.0,1.0,1.0,0.0
2009-07-08,47.69,47.7,46.22,46.77,47.69,47.7,46.22,46.77,73348.0,0.0,1.0,1.0,0.0
2009-07-09,46.91,47.11,46.54,46.92,46.91,47.11,46.54,46.92,22764.0,0.0,1.0,1.0,0.0
2009-07-10,46.64,46.96,46.27,46.9,46.64,46.96,46.27,46.9,33152.0,0.0,1.0,1.0,0.0
2009-07-13,46.93,47.6,46.38,47.59,46.93,47.6,46.38,47.59,20049.0,0.0,1.0,1.0,0.0
2009-07-14,47.6,47.74,47.2,47.59,47.6,47.74,47.2,47.59,36522.0,0.0,1.0,1.0,0.0
2009-07-15,48.17,48.75,48.12,48.73,48.17,48.75,48.12,48.73,19526.0,0.0,1.0,1.0,0.0
2009-07-16,48.47,48.97,48.39,48.74,48.47,48.97,48.39,48.74,56224.0,0.0,1.0,1.0,0.0
2009-07-17,48.92,48.92,48.48,48.92,48.92,48.92,48.48,48.92,16940.0,0.0,1.0,1.0,0.0
2009-07-20,48.96,49.56,48.96,49.46,48.96,49.56,48.96,49.46,34635.0,0.0,1.0,1.0,0.0
2009-07-21,49.84,49.92,49.5,49.86,49.84,49.92,49.5,49.86,32228.0,0.0,1.0,1.0,0.0
2009-07-22,49.77,50.21,49.77,49.95,49.77,50.21,49.77,49.95,55780.0,0.0,1.0,1.0,0.0
2009-07-23,50.16,51.48,50.16,51.0,50.16,51.48,50.16,51.0,68215.0,0.0,1.0,1.0,0.0
2009-07-24,50.85,50.91,50.51,50.9,50.85,50.91,50.51,50.9,64300.0,0.0,1.0,1.0,0.0
2009-07-27,50.83,51.0,50.41,50.79,50.83,51.0,50.41,50.79,48713.0,0.0,1.0,1.0,0.0
2009-07-28,50.57,51.09,50.49,50.99,50.57,51.09,50.49,50.99,23345.0,0.0,1.0,1.0,0.0
2009-07-29,50.84,50.86,50.28,50.86,50.84,50.86,50.28,50.86,24539.0,0.0,1.0,1.0,0.0
2009-07-30,51.25,51.72,51.15,51.42,51.25,51.72,51.15,51.42,22769.0,0.0,1.0,1.0,0.0
2009-07-31,51.3,51.44,50.91,50.91,51.3,51.44,50.91,50.91,9484.0,0.0,1.0,1.0,0.0
2009-08-03,52.1,52.1,50.89,51.39,52.1,52.1,50.89,51.39,20228.0,0.0,1.0,1.0,0.0
2009-08-04,51.46,51.57,51.25,51.56,51.46,51.57,51.25,51.56,28818.0,0.0,1.0,1.0,0.0
2009-08-05,51.54,51.54,50.58,51.0,51.54,51.54,50.58,51.0,14382.0,0.0,1.0,1.0,0.0
2009-08-06,51.0,51.0,49.76,50.01,51.0,51.0,49.76,50.01,29009.0,0.0,1.0,1.0,0.0
2009-08-07,50.27,50.68,50.23,50.28,50.27,50.68,50.23,50.28,18622.0,0.0,1.0,1.0,0.0
2009-08-10,50.23,50.25,49.95,50.19,50.23,50.25,49.95,50.19,17976.0,0.0,1.0,1.0,0.0
2009-08-11,50.14,50.14,49.42,49.43,50.14,50.14,49.42,49.43,24128.0,0.0,1.0,1.0,0.0
2009-08-12,49.45,50.43,49.37,50.03,49.45,50.43,49.37,50.03,107040.0,0.0,1.0,1.0,0.0
2009-08-13,50.19,50.23,49.76,50.12,50.19,50.23,49.76,50.12,32039.0,0.0,1.0,1.0,0.0
2009-08-14,50.21,50.21,49.26,49.61,50.21,50.21,49.26,49.61,18099.0,0.0,1.0,1.0,0.0
2009-08-17,49.0,49.0,48.25,48.6,49.0,49.0,48.25,48.6,21893.0,0.0,1.0,1.0,0.0
2009-08-18,48.8,49.02,48.55,48.79,48.8,49.02,48.55,48.79,13658.0,0.0,1.0,1.0,0.0
2009-08-19,48.58,49.22,48.52,49.12,48.58,49.22,48.52,49.12,22733.0,0.0,1.0,1.0,0.0
2009-08-20,48.97,49.66,48.46,49.66,48.97,49.66,48.46,49.66,8293.0,0.0,1.0,1.0,0.0
2009-08-21,50.0,50.7,50.0,50.52,50.0,50.7,50.0,50.52,16155.0,0.0,1.0,1.0,0.0
2009-08-24,50.74,50.87,50.41,50.56,50.74,50.87,50.41,50.56,12256.0,0.0,1.0,1.0,0.0
2009-08-25,50.88,51.37,50.88,51.28,50.88,51.37,50.88,51.28,22304.0,0.0,1.0,1.0,0.0
2009-08-26,51.11,51.99,51.11,51.89,51.11,51.99,51.11,51.89,12917.0,0.0,1.0,1.0,0.0
2009-08-27,52.04,52.04,51.3,51.59,52.04,52.04,51.3,51.59,8813.0,0.0,1.0,1.0,0.0
2009-08-28,52.08,52.08,50.91,51.09,52.08,52.08,50.91,51.09,21873.0,0.0,1.0,1.0,0.0
2009-08-31,50.73,50.73,50.4,50.47,50.73,50.73,50.4,50.47,13974.0,0.0,1.0,1.0,0.0
2009-09-01,50.24,50.72,49.35,49.38,50.24,50.72,49.35,49.38,44622.0,0.0,1.0,1.0,0.0
2009-09-02,49.65,49.88,49.27,49.71,49.65,49.88,49.27,49.71,295396.0,0.0,1.0,1.0,0.0
2009-09-03,49.75,49.75,49.28,49.73,49.75,49.75,49.28,49.73,33135.0,0.0,1.0,1.0,14.87
2009-09-04,50.02,50.68,49.84,50.67,50.02,50.68,49.84,50.67,20943.0,0.0,1.0,1.0,0.0
2009-09-08,51.12,51.23,50.96,51.08,51.12,51.23,50.96,51.08,59443.0,0.0,1.0,1.0,0.0
2009-09-09,51.17,51.52,50.98,51.5,51.17,51.52,50.98,51.5,28175.0,0.0,1.0,1.0,0.0
2009-09-10,51.34,52.65,51.34,52.63,51.34,52.65,51.34,52.63,13666.0,0.0,1.0,1.0,0.0
2009-09-11,52.76,53.54,52.68,53.47,52.76,53.54,52.68,53.47,12769.0,0.0,1.0,1.0,0.0
2009-09-14,53.16,53.75,53.09,53.53,53.16,53.75,53.09,53.53,36826.0,0.0,1.0,1.0,0.0
2009-09-15,53.65,53.91,53.33,53.77,53.65,53.91,53.33,53.77,24076.0,0.0,1.0,1.0,0.0
2009-09-16,53.79,53.93,53.48,53.88,53.79,53.93,53.48,53.88,10186.0,0.0,1.0,1.0,0.0
2009-09-17,53.83,54.0,53.19,53.24,53.83,54.0,53.19,53.24,21695.0,0.0,1.0,1.0,0.0
2009-09-18,53.5,54.23,53.29,54.2,53.5,54.23,53.29,54.2,5975.0,0.0,1.0,1.0,0.0
2009-09-21,53.89,54.4,53.59,54.21,53.89,54.4,53.59,54.21,13589.0,0.0,1.0,1.0,0.0
2009-09-22,54.5,54.62,54.3,54.32,54.5,54.62,54.3,54.32,94300.0,0.0,1.0,1.0,0.0
2009-09-23,54.62,55.45,54.4,54.44,54.62,55.45,54.4,54.44,17873.0,0.0,1.0,1.0,0.0
2009-09-24,54.57,54.74,53.88,54.13,54.57,54.74,53.88,54.13,11423.0,0.0,1.0,1.0,0.0
2009-09-25,53.86,54.32,53.76,54.08,53.86,54.32,53.76,54.08,9868.0,0.0,1.0,1.0,0.0
2009-09-28,54.33,54.93,54.33,54.83,54.33,54.93,54.33,54.83,14460.0,0.0,1.0,1.0,0.0
2009-09-29,54.84,55.23,54.72,54.99,54.84,55.23,54.72,54.99,22576.0,0.0,1.0,1.0,0.0
2009-09-30,55.19,55.41,54.33,54.56,55.19,55.41,54.33,54.56,15768.0,0.0,1.0,1.0,0.0
2009-10-01,54.4,54.4,53.19,53.2,54.4,54.4,53.19,53.2,13308.0,0.0,1.0,1.0,0.0
2009-10-02,52.85,53.22,52.66,52.91,52.85,53.22,52.66,52.91,33300.0,0.0,1.0,1.0,0.0
2009-10-05,53.4,53.79,53.26,53.73,53.4,53.79,53.26,53.73,12279.0,0.0,1.0,1.0,0.0
2009-10-06,54.11,54.67,54.08,54.41,54.11,54.67,54.08,54.41,55314.0,0.0,1.0,1.0,0.0
2009-10-07,54.66,54.66,54.16,54.39,54.66,54.66,54.16,54.39,24879.0,0.0,1.0,1.0,0.0
2009-10-08,54.8,54.84,54.18,54.23,54.8,54.84,54.18,54.23,26872.0,0.0,1.0,1.0,0.0
2009-10-09,54.22,54.22,53.66,53.96,54.22,54.22,53.66,53.96,11146.0,0.0,1.0,1.0,0.0
2009-10-12,54.21,54.51,54.02,54.08,54.21,54.51,54.02,54.08,15641.0,0.0,1.0,1.0,0.0
2009-10-13,54.03,54.39,53.77,54.15,54.03,54.39,53.77,54.15,16071.0,0.0,1.0,1.0,0.0
2009-10-14,54.63,54.78,54.33,54.64,54.63,54.78,54.33,54.64,13010.0,0.0,1.0,1.0,0.0
2009-10-15,54.39,55.14,54.39,55.12,54.39,55.14,54.39,55.12,28140.0,0.0,1.0,1.0,0.0
2009-10-16,54.88,54.88,54.38,54.48,54.88,54.88,54.38,54.48,12746.0,0.0,1.0,1.0,0.0
2009-10-19,54.73,55.2,54.65,55.19,54.73,55.2,54.65,55.19,13097.0,0.0,1.0,1.0,0.0
2009-10-20,55.26,55.26,54.33,54.49,55.26,55.26,54.33,54.49,6867.0,0.0,1.0,1.0,0.0
2009-10-21,54.85,54.89,54.06,54.11,54.85,54.89,54.06,54.11,11963.0,0.0,1.0,1.0,0.0
2009-10-22,54.57,54.6,54.19,54.47,54.57,54.6,54.19,54.47,11289.0,0.0,1.0,1.0,0.0
2009-10-23,54.65,54.65,53.48,53.57,54.65,54.65,53.48,53.57,13868.0,0.0,1.0,1.0,0.0
2009-10-26,53.72,53.72,52.0,52.2,53.72,53.72,52.0,52.2,32509.0,0.0,1.0,1.0,0.0
2009-10-27,52.19,52.28,51.92,52.02,52.19,52.28,51.92,52.02,5200.0,0.0,1.0,1.0,0.0
2009-10-28,52.01,52.2,51.53,51.55,52.01,52.2,51.53,51.55,42900.0,0.0,1.0,1.0,0.0
2009-10-29,51.9,52.13,51.5,51.99,51.9,52.13,51.5,51.99,25615.0,0.0,1.0,1.0,0.0
2009-10-30,51.74,51.74,50.5,50.75,51.74,51.74,50.5,50.75,37523.0,0.0,1.0,1.0,0.0
2009-11-02,51.02,51.16,49.92,50.53,51.02,51.16,49.92,50.53,50947.0,0.0,1.0,1.0,0.0
2009-11-03,50.03,50.92,50.03,50.92,50.03,50.92,50.03,50.92,18709.0,0.0,1.0,1.0,0.0
2009-11-04,51.19,51.48,50.73,50.74,51.19,51.48,50.73,50.74,12382.0,0.0,1.0,1.0,0.0
2009-11-05,51.4,51.65,51.37,51.56,51.4,51.65,51.37,51.56,12763.0,0.0,1.0,1.0,0.0
2009-11-06,51.37,51.7,51.32,51.7,51.37,51.7,51.32,51.7,5828.0,0.0,1.0,1.0,0.0
2009-11-09,52.03,52.64,51.95,52.63,52.03,52.64,51.95,52.63,16628.0,0.0,1.0,1.0,0.0
2009-11-10,52.51,52.9,52.28,52.41,52.51,52.9,52.28,52.41,8992.0,0.0,1.0,1.0,0.0
2009-11-11,52.76,52.96,52.44,52.78,52.76,52.96,52.44,52.78,82013.0,0.0,1.0,1.0,0.0
2009-11-12,52.72,52.79,52.03,52.15,52.72,52.79,52.03,52.15,36882.0,0.0,1.0,1.0,0.0
2009-11-13,52.33,52.6,51.91,52.32,52.33,52.6,51.91,52.32,28761.0,0.0,1.0,1.0,0.0
2009-11-16,52.72,53.33,52.72,53.06,52.72,53.33,52.72,53.06,43241.0,0.0,1.0,1.0,0.0
2009-11-17,52.98,53.39,52.82,53.39,52.98,53.39,52.82,53.39,49645.0,0.0,1.0,1.0,5.3
2009-11-18,53.37,53.43,52.95,53.36,53.37,53.43,52.95,53.36,95739.0,0.0,1.0,1.0,0.0
2009-11-19,53.05,53.05,52.51,52.81,53.05,53.05,52.51,52.81,21820.0,0.0,1.0,1.0,0.0
2009-11-20,52.53,53.02,52.53,53.02,52.53,53.02,52.53,53.02,5471.0,0.0,1.0,1.0,0.0
2009-11-23,53.71,54.25,53.71,54.12,53.71,54.25,53.71,54.12,17887.0,0.0,1.0,1.0,0.0
2009-11-24,54.36,54.54,54.12,54.44,54.36,54.54,54.12,54.44,18618.0,0.0,1.0,1.0,0.0
2009-11-25,54.58,54.76,54.57,54.65,54.58,54.76,54.57,54.65,19207.0,0.0,1.0,1.0,0.0
2009-11-27,51.37,54.2,51.37,53.91,51.37,54.2,51.37,53.91,10905.0,0.0,1.0,1.0,0.0
2009-11-30,53.85,53.85,53.41,53.84,53.85,53.85,53.41,53.84,48104.0,0.0,1.0,1.0,0.0
2009-12-01,54.34,54.91,54.3,54.91,54.34,54.91,54.3,54.91,12497.0,0.0,1.0,1.0,0.0
2009-12-02,54.97,55.86,54.89,55.48,54.97,55.86,54.89,55.48,31668.0,0.0,1.0,1.0,5.49
2009-12-03,55.64,55.94,55.25,55.25,55.64,55.94,55.25,55.25,23451.0,0.0,1.0,1.0,0.0
2009-12-04,56.22,56.29,55.42,55.81,56.22,56.29,55.42,55.81,12676.0,0.0,1.0,1.0,0.0
2009-12-07,55.86,56.93,55.86,56.65,55.86,56.93,55.86,56.65,31250.0,0.0,1.0,1.0,0.0
2009-12-08,56.39,56.6,55.95,56.07,56.39,56.6,55.95,56.07,18468.0,0.0,1.0,1.0,0.0
2009-12-09,56.18,56.31,55.62,56.0,56.18,56.31,55.62,56.0,51959.0,0.0,1.0,1.0,0.0
2009-12-10,56.37,56.63,56.16,56.31,56.37,56.63,56.16,56.31,55369.0,0.0,1.0,1.0,0.0
2009-12-11,56.68,56.78,56.36,56.78,56.68,56.78,56.36,56.78,26621.0,0.0,1.0,1.0,0.0
2009-12-14,57.17,57.17,56.66,56.86,57.17,57.17,56.66,56.86,28985.0,0.0,1.0,1.0,0.0
2009-12-15,56.82,56.9,56.36,56.52,56.82,56.9,56.36,56.52,32442.0,0.0,1.0,1.0,0.0
2009-12-16,56.86,56.99,56.5,56.66,56.86,56.99,56.5,56.66,12944.0,0.0,1.0,1.0,0.0
2009-12-17,56.32,56.44,56.02,56.31,56.32,56.44,56.02,56.31,22465.0,0.0,1.0,1.0,0.0
2009-12-18,56.58,56.78,56.24,56.75,56.58,56.78,56.24,56.75,15169.0,0.0,1.0,1.0,0.0
2009-12-21,56.82,57.56,56.82,57.39,56.82,57.56,56.82,57.39,72600.0,0.0,1.0,1.0,0.0
2009-12-22,56.3,56.65,56.0,56.62,56.3,56.65,56.0,56.62,167458.0,1.51,1.0,1.0,0.0
2009-12-23,56.86,56.93,56.52,56.75,56.86,56.93,56.52,56.75,66137.0,0.0,1.0,1.0,5.66
2009-12-24,56.92,57.01,56.7,56.86,56.92,57.01,56.7,56.86,9114.0,0.0,1.0,1.0,0.0
2009-12-28,57.1,57.36,56.97,57.23,57.1,57.36,56.97,57.23,56634.0,0.0,1.0,1.0,0.0
2009-12-29,57.42,57.42,57.15,57.16,57.42,57.42,57.15,57.16,24394.0,0.0,1.0,1.0,0.0
2009-12-30,57.05,57.23,56.83,57.06,57.05,57.23,56.83,57.06,25852.0,0.0,1.0,1.0,0.0
2009-12-31,57.1,57.13,56.49,56.51,57.1,57.13,56.49,56.51,12056.0,0.0,1.0,1.0,0.0
2010-01-04,57.09,57.72,57.09,57.72,57.09,57.72,57.09,57.72,19443.0,0.0,1.0,1.0,0.0
2010-01-05,57.85,58.35,57.55,58.11,57.85,58.35,57.55,58.11,62789.0,0.0,1.0,1.0,0.0
2010-01-06,58.1,58.11,57.1,57.19,58.1,58.11,57.1,57.19,33015.0,0.0,1.0,1.0,0.0
2010-01-07,57.15,57.36,56.83,56.98,57.15,57.36,56.83,56.98,26452.0,0.0,1.0,1.0,0.0
2010-01-08,56.53,56.72,56.47,56.72,56.53,56.72,56.47,56.72,14292.0,0.0,1.0,1.0,0.0
2010-01-11,56.83,56.97,56.56,56.77,56.83,56.97,56.56,56.77,38009.0,0.0,1.0,1.0,0.0
2010-01-12,56.52,56.52,55.94,56.06,56.52,56.52,55.94,56.06,28391.0,0.0,1.0,1.0,0.0
2010-01-13,56.36,56.36,55.89,56.32,56.36,56.36,55.89,56.32,42437.0,0.0,1.0,1.0,0.0
2010-01-14,56.17,56.59,55.85,55.85,56.17,56.59,55.85,55.85,31979.0,0.0,1.0,1.0,0.0
2010-01-15,55.95,55.95,54.81,55.15,55.95,55.95,54.81,55.15,63996.0,0.0,1.0,1.0,0.0
2010-01-19,55.39,55.76,55.11,55.7,55.39,55.76,55.11,55.7,28323.0,0.0,1.0,1.0,0.0
2010-01-20,55.38,55.38,54.69,54.86,55.38,55.38,54.69,54.86,27276.0,0.0,1.0,1.0,0.0
2010-01-21,54.93,55.02,53.95,54.18,54.93,55.02,53.95,54.18,35292.0,0.0,1.0,1.0,0.0
2010-01-22,54.28,54.49,53.18,53.28,54.28,54.49,53.18,53.28,32167.0,0.0,1.0,1.0,0.0
2010-01-25,53.79,53.97,53.38,53.77,53.79,53.97,53.38,53.77,19187.0,0.0,1.0,1.0,0.0
2010-01-26,53.49,53.49,52.61,53.03,53.49,53.49,52.61,53.03,26497.0,0.0,1.0,1.0,5.37
2010-01-27,52.84,53.18,52.5,53.13,52.84,53.18,52.5,53.13,25774.0,0.0,1.0,1.0,0.0
2010-01-28,53.0,53.0,52.22,52.48,53.0,53.0,52.22,52.48,23557.0,0.0,1.0,1.0,0.0
2010-01-29,52.53,53.01,52.13,52.13,52.53,53.01,52.13,52.13,23058.0,0.0,1.0,1.0,0.0
2010-02-01,52.42,52.59,52.09,52.59,52.42,52.59,52.09,52.59,14557.0,0.0,1.0,1.0,0.0
2010-02-02,52.69,53.17,52.49,53.14,52.69,53.17,52.49,53.14,16666.0,0.0,1.0,1.0,0.0
2010-02-03,52.91,52.91,52.51,52.73,52.91,52.91,52.51,52.73,10751.0,0.0,1.0,1.0,0.0
2010-02-04,52.33,52.33,51.11,51.11,52.33,52.33,51.11,51.11,60425.0,0.0,1.0,1.0,0.0
2010-02-05,51.13,51.13,50.36,51.05,51.13,51.13,50.36,51.05,40246.0,0.0,1.0,1.0,0.0
2010-02-08,51.14,51.52,51.0,51.0,51.14,51.52,51.0,51.0,17825.0,0.0,1.0,1.0,0.0
2010-02-09,51.54,51.83,51.25,51.63,51.54,51.83,51.25,51.63,12089.0,0.0,1.0,1.0,0.0
2010-02-10,51.4,51.55,51.01,51.4,51.4,51.55,51.01,51.4,12386.0,0.0,1.0,1.0,0.0
2010-02-11,51.3,52.08,51.09,51.97,51.3,52.08,51.09,51.97,13784.0,0.0,1.0,1.0,0.0
2010-02-12,51.71,52.06,51.56,52.06,51.71,52.06,51.56,52.06,11395.0,0.0,1.0,1.0,-5.2
2010-02-16,52.69,52.75,52.46,52.73,52.69,52.75,52.46,52.73,15511.0,0.0,1.0,1.0,
2010-02-17,52.97,53.13,52.87,53.11,52.97,53.13,52.87,53.11,151530.0,0.0,1.0,1.0,0.0
2010-02-18,53.08,53.44,53.07,53.39,53.08,53.44,53.07,53.39,18586.0,0.0,1.0,1.0,5.31
2010-02-19,53.28,53.76,53.21,53.52,53.28,53.76,53.21,53.52,32079.0,0.0,1.0,1.0,0.0
2010-02-22,53.67,53.73,53.43,53.48,53.67,53.73,53.43,53.48,20183.0,0.0,1.0,1.0,0.0
2010-02-23,53.48,53.48,52.64,52.81,53.48,53.48,52.64,52.81,23133.0,0.0,1.0,1.0,0.0
2010-02-24,52.86,52.92,52.62,52.75,52.86,52.92,52.62,52.75,47870.0,0.0,1.0,1.0,0.0
2010-02-25,52.16,52.7,52.12,52.66,52.16,52.7,52.12,52.66,27658.0,0.0,1.0,1.0,0.0
2010-02-26,52.73,52.78,52.44,52.75,52.73,52.78,52.44,52.75,28469.0,0.0,1.0,1.0,0.0
2010-03-01,52.81,53.16,52.81,53.09,52.81,53.16,52.81,53.09,12697.0,0.0,1.0,1.0,0.0
2010-03-02,53.28,53.42,53.14,53.35,53.28,53.42,53.14,53.35,17910.0,0.0,1.0,1.0,0.0
2010-03-03,53.53,53.64,53.25,53.37,53.53,53.64,53.25,53.37,14973.0,0.0,1.0,1.0,0.0
2010-03-04,53.49,53.56,53.23,53.53,53.49,53.56,53.23,53.53,23017.0,0.0,1.0,1.0,10.67
2010-03-05,53.89,53.89,53.43,53.77,53.89,53.89,53.43,53.77,20528.0,0.0,1.0,1.0,0.0
2010-03-08,53.8,54.34,53.78,54.18,53.8,54.34,53.78,54.18,15360.0,0.0,1.0,1.0,0.0
2010-03-09,54.05,55.05,54.05,54.8,54.05,55.05,54.05,54.8,69144.0,0.0,1.0,1.0,0.0
2010-03-10,54.79,55.21,54.59,54.83,54.79,55.21,54.59,54.83,11873.0,0.0,1.0,1.0,0.0
2010-03-11,54.7,55.17,54.7,55.16,54.7,55.17,54.7,55.16,15980.0,0.0,1.0,1.0,0.0
2010-03-12,55.3,55.3,54.89,54.96,55.3,55.3,54.89,54.96,10763.0,0.0,1.0,1.0,0.0
2010-03-15,55.07,55.1,54.81,55.06,55.07,55.1,54.81,55.06,17758.0,0.0,1.0,1.0,0.0
2010-03-16,55.07,55.36,54.51,55.35,55.07,55.36,54.51,55.35,35844.0,0.0,1.0,1.0,0.0
2010-03-17,55.32,55.87,55.32,55.74,55.32,55.87,55.32,55.74,20793.0,0.0,1.0,1.0,0.0
2010-03-18,55.81,56.06,55.77,55.97,55.81,56.06,55.77,55.97,21744.0,0.0,1.0,1.0,0.0
2010-03-19,56.2,56.2,55.68,55.76,56.2,56.2,55.68,55.76,12095.0,0.0,1.0,1.0,0.0
2010-03-22,55.36,56.47,55.36,56.36,55.36,56.47,55.36,56.36,27123.0,0.0,1.0,1.0,0.0
2010-03-23,56.47,56.96,56.41,56.94,56.47,56.96,56.41,56.94,15664.0,0.0,1.0,1.0,0.0
2010-03-24,56.94,56.94,56.36,56.38,56.94,56.94,56.36,56.38,21215.0,0.0,1.0,1.0,0.0
2010-03-25,56.9,56.9,55.67,55.69,56.9,56.9,55.67,55.69,40200.0,0.0,1.0,1.0,0.0
2010-03-26,55.78,56.0,55.6,55.77,55.78,56.0,55.6,55.77,12581.0,0.0,1.0,1.0,0.0
2010-03-29,56.09,56.25,56.02,56.14,56.09,56.25,56.02,56.14,6547.0,0.0,1.0,1.0,0.0
2010-03-30,56.37,56.59,56.25,56.38,56.37,56.59,56.25,56.38,10939.0,0.0,1.0,1.0,0.0
2010-03-31,56.22,56.58,56.13,56.21,56.22,56.58,56.13,56.21,18679.0,0.0,1.0,1.0,0.0
2010-04-01,56.41,56.85,56.41,56.66,56.41,56.85,56.41,56.66,17075.0,0.0,1.0,1.0,0.0
2010-04-05,56.99,57.21,56.84,57.21,56.99,57.21,56.84,57.21,18600.0,0.0,1.0,1.0,0.0
2010-04-06,57.05,57.05,56.78,56.93,57.05,57.05,56.78,56.93,29256.0,0.0,1.0,1.0,0.0
2010-04-07,56.96,56.96,56.05,56.32,56.96,56.96,56.05,56.32,36519.0,0.0,1.0,1.0,0.0
2010-04-08,56.34,56.78,56.1,56.72,56.34,56.78,56.1,56.72,14847.0,0.0,1.0,1.0,0.0
2010-04-09,56.71,57.01,56.71,56.98,56.71,57.01,56.71,56.98,10348.0,0.0,1.0,1.0,0.0
2010-04-12,57.07,57.35,56.98,56.98,57.07,57.35,56.98,56.98,10337.0,0.0,1.0,1.0,0.0
2010-04-13,57.01,57.01,56.59,56.96,57.01,57.01,56.59,56.96,11666.0,0.0,1.0,1.0,0.0
2010-04-14,56.99,57.14,56.74,57.12,56.99,57.14,56.74,57.12,13659.0,0.0,1.0,1.0,0.0
2010-04-15,56.98,57.21,56.92,57.11,56.98,57.21,56.92,57.11,16754.0,0.0,1.0,1.0,0.0
2010-04-16,57.02,57.08,56.39,56.68,57.02,57.08,56.39,56.68,51036.0,0.0,1.0,1.0,0.0
2010-04-19,56.61,56.84,56.37,56.79,56.61,56.84,56.37,56.79,17644.0,0.0,1.0,1.0,0.0
2010-04-20,56.98,57.33,56.81,57.24,56.98,57.33,56.81,57.24,18191.0,0.0,1.0,1.0,0.0
2010-04-21,57.27,57.35,56.68,56.83,57.27,57.35,56.68,56.83,19112.0,0.0,1.0,1.0,0.0
2010-04-22,56.27,56.93,56.16,56.9,56.27,56.93,56.16,56.9,20654.0,0.0,1.0,1.0,0.0
2010-04-23,56.83,56.96,56.5,56.96,56.83,56.96,56.5,56.96,24225.0,0.0,1.0,1.0,0.0
2010-04-26,56.89,57.07,56.82,56.83,56.89,57.07,56.82,56.83,74713.0,0.0,1.0,1.0,0.0
2010-04-27,56.55,56.89,56.1,56.19,56.55,56.89,56.1,56.19,23375.0,0.0,1.0,1.0,0.0
2010-04-28,56.37,56.58,56.09,56.51,56.37,56.58,56.09,56.51,24596.0,0.0,1.0,1.0,0.0
2010-04-29,56.96,57.22,56.89,57.11,56.96,57.22,56.89,57.11,20944.0,0.0,1.0,1.0,5.65
2010-04-30,57.23,57.39,56.66,56.66,57.23,57.39,56.66,56.66,25333.0,0.0,1.0,1.0,0.0
2010-05-03,56.86,57.27,56.75,57.17,56.86,57.27,56.75,57.17,10107.0,0.0,1.0,1.0,0.0
2010-05-04,56.79,56.79,55.58,55.81,56.79,56.79,55.58,55.81,39070.0,0.0,1.0,1.0,0.0
2010-05-05,55.74,55.94,55.41,55.64,55.74,55.94,55.41,55.64,52406.0,0.0,1.0,1.0,0.0
2010-05-06,55.46,55.65,30.0,54.31,55.46,55.65,30.0,54.31,166600.0,0.0,1.0,1.0,0.0
2010-05-07,53.77,54.28,52.52,53.19,53.77,54.28,52.52,53.19,69482.0,0.0,1.0,1.0,0.0
2010-05-10,55.46,55.46,54.17,54.7,55.46,55.46,54.17,54.7,88657.0,0.0,1.0,1.0,-5.31
2010-05-11,54.07,55.39,54.07,54.84,54.07,55.39,54.07,54.84,44588.0,0.0,1.0,1.0,0.0
2010-05-12,55.18,55.98,55.13,55.93,55.18,55.98,55.13,55.93,28166.0,0.0,1.0,1.0,0.0
2010-05-13,55.96,56.47,55.93,56.06,55.96,56.47,55.93,56.06,36534.0,0.0,1.0,1.0,0.0
2010-05-14,55.72,55.77,54.99,55.38,55.72,55.77,54.99,55.38,10092.0,0.0,1.0,1.0,0.0
2010-05-17,55.58,55.92,54.94,55.88,55.58,55.92,54.94,55.88,18733.0,0.0,1.0,1.0,0.0
2010-05-18,56.3,56.46,55.3,55.53,56.3,56.46,55.3,55.53,85322.0,0.0,1.0,1.0,0.0
2010-05-19,55.21,55.5,54.69,55.17,55.21,55.5,54.69,55.17,73886.0,0.0,1.0,1.0,0.0
2010-05-20,54.45,54.45,53.23,53.28,54.45,54.45,53.23,53.28,97606.0,0.0,1.0,1.0,0.0
2010-05-21,52.42,53.59,52.11,53.59,52.42,53.59,52.11,53.59,107266.0,0.0,1.0,1.0,0.0
2010-05-24,53.67,54.01,53.24,53.34,53.67,54.01,53.24,53.34,23063.0,0.0,1.0,1.0,0.0
2010-05-25,52.39,53.52,51.85,53.52,52.39,53.52,51.85,53.52,34711.0,0.0,1.0,1.0,0.0
2010-05-26,53.75,53.85,52.99,53.04,53.75,53.85,52.99,53.04,29582.0,0.0,1.0,1.0,0.0
2010-05-27,53.85,54.62,53.49,54.61,53.85,54.62,53.49,54.61,11584.0,0.0,1.0,1.0,0.0
2010-05-28,54.65,54.71,54.0,54.14,54.65,54.71,54.0,54.14,26965.0,0.0,1.0,1.0,0.0
2010-06-01,53.87,54.43,53.11,53.11,53.87,54.43,53.11,53.11,16912.0,0.0,1.0,1.0,-5.42
2010-06-02,53.34,54.5,53.34,54.5,53.34,54.5,53.34,54.5,34832.0,0.0,1.0,1.0,0.0
2010-06-03,54.54,54.85,54.48,54.85,54.54,54.85,54.48,54.85,8482.0,0.0,1.0,1.0,0.0
2010-06-04,53.85,54.25,53.17,53.17,53.85,54.25,53.17,53.17,10129.0,0.0,1.0,1.0,0.0
2010-06-07,53.28,53.55,52.7,52.7,53.28,53.55,52.7,52.7,18695.0,0.0,1.0,1.0,0.0
2010-06-08,52.97,53.13,52.35,53.13,52.97,53.13,52.35,53.13,44340.0,0.0,1.0,1.0,0.0
2010-06-09,53.57,53.87,53.04,53.04,53.57,53.87,53.04,53.04,10537.0,0.0,1.0,1.0,0.0
2010-06-10,53.91,54.41,53.91,54.41,53.91,54.41,53.91,54.41,7536.0,0.0,1.0,1.0,0.0
2010-06-11,54.02,54.98,54.02,54.98,54.02,54.98,54.02,54.98,17925.0,0.0,1.0,1.0,0.0
2010-06-14,55.82,55.82,54.91,54.91,55.82,55.82,54.91,54.91,12022.0,0.0,1.0,1.0,0.0
2010-06-15,55.49,56.0,55.14,56.0,55.49,56.0,55.14,56.0,10441.0,0.0,1.0,1.0,0.0
2010-06-16,55.73,56.03,55.54,55.98,55.73,56.03,55.54,55.98,32628.0,0.0,1.0,1.0,5.6
2010-06-17,56.11,56.2,55.5,55.98,56.11,56.2,55.5,55.98,5306.0,0.0,1.0,1.0,0.0
2010-06-18,56.03,56.04,55.79,55.9,56.03,56.04,55.79,55.9,19788.0,0.0,1.0,1.0,0.0
2010-06-21,56.38,56.38,55.43,55.59,56.38,56.38,55.43,55.59,12157.0,0.0,1.0,1.0,0.0
2010-06-22,55.78,55.87,55.02,55.08,55.78,55.87,55.02,55.08,13112.0,0.0,1.0,1.0,0.0
2010-06-23,55.02,55.81,55.02,55.48,55.02,55.81,55.02,55.48,12754.0,0.0,1.0,1.0,0.0
2010-06-24,55.34,55.36,54.64,54.64,55.34,55.36,54.64,54.64,16915.0,0.0,1.0,1.0,0.0
2010-06-25,54.81,54.81,54.37,54.68,54.81,54.81,54.37,54.68,19359.0,0.0,1.0,1.0,0.0
2010-06-28,54.83,55.29,54.61,55.01,54.83,55.29,54.61,55.01,121592.0,0.0,1.0,1.0,0.0
2010-06-29,54.25,54.36,53.49,53.7,54.25,54.36,53.49,53.7,84694.0,0.0,1.0,1.0,5.5
2010-06-30,53.6,53.79,53.0,53.08,53.6,53.79,53.0,53.08,23752.0,0.0,1.0,1.0,0.0
2010-07-01,53.05,53.28,52.27,53.26,53.05,53.28,52.27,53.26,37659.0,0.0,1.0,1.0,0.0
2010-07-02,53.25,53.53,52.98,53.1,53.25,53.53,52.98,53.1,8606.0,0.0,1.0,1.0,0.0
2010-07-06,53.79,53.84,52.9,53.05,53.79,53.84,52.9,53.05,15193.0,0.0,1.0,1.0,0.0
2010-07-07,53.22,54.47,53.22,54.45,53.22,54.47,53.22,54.45,62675.0,0.0,1.0,1.0,0.0
2010-07-08,54.89,55.12,54.54,55.12,54.89,55.12,54.54,55.12,13887.0,0.0,1.0,1.0,0.0
2010-07-09,55.3,55.3,54.85,55.2,55.3,55.3,54.85,55.2,9048.0,0.0,1.0,1.0,0.0
2010-07-12,55.3,55.3,54.65,54.83,55.3,55.3,54.65,54.83,5323.0,0.0,1.0,1.0,0.0
2010-07-13,55.5,55.9,55.48,55.77,55.5,55.9,55.48,55.77,11010.0,0.0,1.0,1.0,0.0
2010-07-14,55.55,55.93,55.48,55.93,55.55,55.93,55.48,55.93,22244.0,0.0,1.0,1.0,0.0
2010-07-15,55.79,55.83,55.36,55.67,55.79,55.83,55.36,55.67,8445.0,0.0,1.0,1.0,0.0
2010-07-16,55.52,55.52,54.55,54.67,55.52,55.52,54.55,54.67,14818.0,0.0,1.0,1.0,0.0
2010-07-19,55.12,55.12,54.73,55.0,55.12,55.12,54.73,55.0,27918.0,0.0,1.0,1.0,0.0
2010-07-20,54.35,55.53,54.35,55.53,54.35,55.53,54.35,55.53,12959.0,0.0,1.0,1.0,0.0
2010-07-21,55.53,55.69,55.01,55.16,55.53,55.69,55.01,55.16,41972.0,0.0,1.0,1.0,0.0
2010-07-22,56.02,56.52,56.02,56.31,56.02,56.52,56.02,56.31,12263.0,0.0,1.0,1.0,0.0
2010-07-23,56.74,57.35,56.39,57.31,56.74,57.35,56.39,57.31,25234.0,0.0,1.0,1.0,0.0
2010-07-26,57.52,58.08,57.47,58.07,57.52,58.08,57.47,58.07,15349.0,0.0,1.0,1.0,0.0
2010-07-27,58.66,58.66,57.86,58.02,58.66,58.66,57.86,58.02,64100.0,0.0,1.0,1.0,5.81
2010-07-28,58.24,58.48,58.02,58.02,58.24,58.48,58.02,58.02,19093.0,0.0,1.0,1.0,0.0
2010-07-29,58.69,58.69,57.4,57.84,58.69,58.69,57.4,57.84,22759.0,0.0,1.0,1.0,0.0
2010-07-30,56.91,58.16,56.91,57.93,56.91,58.16,56.91,57.93,24229.0,0.0,1.0,1.0,0.0
2010-08-02,58.5,59.06,58.5,58.93,58.5,59.06,58.5,58.93,49018.0,0.0,1.0,1.0,0.0
2010-08-03,59.12,59.12,58.54,58.54,59.12,59.12,58.54,58.54,86468.0,0.0,1.0,1.0,0.0
2010-08-04,58.96,58.96,58.33,58.71,58.96,58.96,58.33,58.71,12336.0,0.0,1.0,1.0,0.0
2010-08-05,58.48,58.98,58.48,58.83,58.48,58.98,58.48,58.83,40921.0,0.0,1.0,1.0,5.87
2010-08-06,58.6,58.76,57.84,58.33,58.6,58.76,57.84,58.33,16696.0,0.0,1.0,1.0,0.0
2010-08-09,58.75,58.91,58.45,58.88,58.75,58.91,58.45,58.88,12631.0,0.0,1.0,1.0,0.0
2010-08-10,58.47,58.85,58.2,58.61,58.47,58.85,58.2,58.61,12045.0,0.0,1.0,1.0,0.0
2010-08-11,57.54,57.81,57.26,57.33,57.54,57.81,57.26,57.33,17600.0,0.0,1.0,1.0,0.0
2010-08-12,57.18,57.82,56.7,57.75,57.18,57.82,56.7,57.75,13532.0,0.0,1.0,1.0,0.0
2010-08-13,57.67,57.75,57.36,57.45,57.67,57.75,57.36,57.45,7927.0,0.0,1.0,1.0,0.0
2010-08-16,57.5,57.7,57.02,57.62,57.5,57.7,57.02,57.62,73456.0,0.0,1.0,1.0,0.0
2010-08-17,58.03,58.63,57.91,58.39,58.03,58.63,57.91,58.39,35941.0,0.0,1.0,1.0,0.0
2010-08-18,58.4,58.85,58.02,58.68,58.4,58.85,58.02,58.68,9092.0,0.0,1.0,1.0,0.0
2010-08-19,58.33,58.33,57.47,57.66,58.33,58.33,57.47,57.66,36756.0,0.0,1.0,1.0,0.0
2010-08-20,57.47,57.47,56.84,57.26,57.47,57.47,56.84,57.26,21409.0,0.0,1.0,1.0,0.0
2010-08-23,57.63,57.65,56.96,56.96,57.63,57.65,56.96,56.96,78946.0,0.0,1.0,1.0,0.0
2010-08-24,56.27,57.07,56.15,56.78,56.27,57.07,56.15,56.78,49114.0,0.0,1.0,1.0,0.0
2010-08-25,56.65,57.32,56.35,57.28,56.65,57.32,56.35,57.28,13563.0,0.0,1.0,1.0,0.0
2010-08-26,57.44,57.6,56.98,57.09,57.44,57.6,56.98,57.09,112445.0,0.0,1.0,1.0,0.0
2010-08-27,57.16,57.74,56.82,57.73,57.16,57.74,56.82,57.73,22425.0,0.0,1.0,1.0,0.0
2010-08-30,57.7,57.72,56.89,56.9,57.7,57.72,56.89,56.9,13641.0,0.0,1.0,1.0,5.77
2010-08-31,56.49,57.58,56.49,57.33,56.49,57.58,56.49,57.33,30893.0,0.0,1.0,1.0,0.0
2010-09-01,58.12,58.59,57.72,58.58,58.12,58.59,57.72,58.58,239554.0,0.0,1.0,1.0,0.0
2010-09-02,58.48,58.79,58.46,58.77,58.48,58.79,58.46,58.77,84255.0,0.0,1.0,1.0,0.0
2010-09-03,59.31,59.38,58.6,59.38,59.31,59.38,58.6,59.38,22854.0,0.0,1.0,1.0,0.0
2010-09-07,59.09,59.26,58.88,58.96,59.09,59.26,58.88,58.96,27299.0,0.0,1.0,1.0,136.51
2010-09-08,59.16,59.5,59.16,59.33,59.16,59.5,59.16,59.33,18524.0,0.0,1.0,1.0,5.9
2010-09-09,59.8,59.97,59.6,59.86,59.8,59.97,59.6,59.86,13190.0,0.0,1.0,1.0,0.0
2010-09-10,59.97,59.99,59.64,59.94,59.97,59.99,59.64,59.94,12040.0,0.0,1.0,1.0,0.0
2010-09-13,60.65,60.65,60.0,60.34,60.65,60.65,60.0,60.34,13293.0,0.0,1.0,1.0,0.0
2010-09-14,60.07,60.5,59.93,60.18,60.07,60.5,59.93,60.18,49298.0,0.0,1.0,1.0,-132.75
2010-09-15,60.01,60.74,59.88,60.68,60.01,60.74,59.88,60.68,27344.0,0.0,1.0,1.0,0.0
2010-09-16,60.79,60.79,60.21,60.42,60.79,60.79,60.21,60.42,14229.0,0.0,1.0,1.0,0.0
2010-09-17,61.08,61.08,60.58,60.94,61.08,61.08,60.58,60.94,20071.0,0.0,1.0,1.0,0.0
2010-09-20,61.52,62.11,61.2,62.08,61.52,62.11,61.2,62.08,36397.0,0.0,1.0,1.0,0.0
2010-09-21,62.05,62.55,61.75,62.27,62.05,62.55,61.75,62.27,239871.0,0.0,1.0,1.0,0.0
2010-09-22,62.25,62.5,61.77,61.92,62.25,62.5,61.77,61.92,63540.0,0.0,1.0,1.0,12.44
2010-09-23,61.67,62.2,61.4,61.61,61.67,62.2,61.4,61.61,49292.0,0.0,1.0,1.0,12.38
2010-09-24,62.27,62.62,62.03,62.62,62.27,62.62,62.03,62.62,35591.0,0.0,1.0,1.0,0.0
2010-09-27,62.67,63.32,62.5,62.98,62.67,63.32,62.5,62.98,44609.0,0.0,1.0,1.0,0.0
2010-09-28,63.04,63.28,62.52,63.22,63.04,63.28,62.52,63.22,24864.0,0.0,1.0,1.0,0.0
2010-09-29,63.09,63.19,62.77,62.89,63.09,63.19,62.77,62.89,16168.0,0.0,1.0,1.0,0.0
2010-09-30,63.06,63.56,62.64,62.76,63.06,63.56,62.64,62.76,139044.0,0.0,1.0,1.0,0.0
2010-10-01,63.29,63.51,62.83,63.17,63.29,63.51,62.83,63.17,279878.0,0.0,1.0,1.0,6.27
2010-10-04,63.34,63.6,62.84,62.98,63.34,63.6,62.84,62.98,27503.0,0.0,1.0,1.0,0.0
2010-10-05,63.53,64.16,63.47,64.02,63.53,64.16,63.47,64.02,40520.0,0.0,1.0,1.0,0.0
2010-10-06,64.02,64.05,63.37,63.72,64.02,64.05,63.37,63.72,37156.0,0.0,1.0,1.0,0.0
2010-10-07,63.79,63.79,62.9,63.16,63.79,63.79,62.9,63.16,27449.0,0.0,1.0,1.0,0.0
2010-10-08,63.31,63.31,62.54,63.07,63.31,63.31,62.54,63.07,19254.0,0.0,1.0,1.0,0.0
2010-10-11,63.1,63.45,63.01,63.01,63.1,63.45,63.01,63.01,20798.0,0.0,1.0,1.0,0.0
2010-10-12,62.79,63.25,62.46,63.11,62.79,63.25,62.46,63.11,88012.0,0.0,1.0,1.0,0.0
2010-10-13,63.51,63.69,63.29,63.41,63.51,63.69,63.29,63.41,23422.0,0.0,1.0,1.0,0.0
2010-10-14,63.45,63.6,63.11,63.31,63.45,63.6,63.11,63.31,46571.0,0.0,1.0,1.0,0.0
2010-10-15,63.93,63.93,62.9,63.06,63.93,63.93,62.9,63.06,16531.0,0.0,1.0,1.0,0.0
2010-10-18,63.06,63.63,62.91,63.41,63.06,63.63,62.91,63.41,17598.0,0.0,1.0,1.0,0.0
2010-10-19,63.29,63.29,62.2,62.47,63.29,63.29,62.2,62.47,40494.0,0.0,1.0,1.0,0.0
2010-10-20,62.92,63.6,62.92,63.35,62.92,63.6,62.92,63.35,14489.0,0.0,1.0,1.0,0.0
2010-10-21,63.47,63.65,62.59,63.11,63.47,63.65,62.59,63.11,26560.0,0.0,1.0,1.0,0.0
2010-10-22,63.09,63.09,62.74,63.06,63.09,63.09,62.74,63.06,46774.0,0.0,1.0,1.0,0.0
2010-10-25,63.73,63.73,63.33,63.35,63.73,63.73,63.33,63.35,24138.0,0.0,1.0,1.0,0.0
2010-10-26,63.14,63.75,63.14,63.45,63.14,63.75,63.14,63.45,17948.0,0.0,1.0,1.0,0.0
2010-10-27,63.12,63.12,62.48,63.06,63.12,63.12,62.48,63.06,19843.0,0.0,1.0,1.0,0.0
2010-10-28,63.37,63.65,63.18,63.47,63.37,63.65,63.18,63.47,27084.0,0.0,1.0,1.0,0.0
2010-10-29,63.41,63.66,63.33,63.47,63.41,63.66,63.33,63.47,27993.0,0.0,1.0,1.0,0.0
2010-11-01,63.76,64.04,63.32,63.43,63.76,64.04,63.32,63.43,50289.0,0.0,1.0,1.0,0.0
2010-11-02,63.9,64.19,63.9,64.1,63.9,64.19,63.9,64.1,17771.0,0.0,1.0,1.0,0.0
2010-11-03,64.26,64.38,63.78,64.38,64.26,64.38,63.78,64.38,34900.0,0.0,1.0,1.0,0.0
2010-11-04,65.01,65.18,64.77,65.18,65.01,65.18,64.77,65.18,37305.0,0.0,1.0,1.0,0.0
2010-11-05,65.18,65.18,64.57,64.92,65.18,65.18,64.57,64.92,43985.0,0.0,1.0,1.0,0.0
2010-11-08,64.79,64.82,64.32,64.76,64.79,64.82,64.32,64.76,22944.0,0.0,1.0,1.0,0.0
2010-11-09,64.96,65.0,64.36,64.51,64.96,65.0,64.36,64.51,23308.0,0.0,1.0,1.0,0.0
2010-11-10,64.43,64.75,63.92,64.7,64.43,64.75,63.92,64.7,13040.0,0.0,1.0,1.0,0.0
2010-11-11,64.74,64.74,64.33,64.5,64.74,64.74,64.33,64.5,31484.0,0.0,1.0,1.0,0.0
2010-11-12,64.05,64.09,63.51,63.9,64.05,64.09,63.51,63.9,58475.0,0.0,1.0,1.0,0.0
2010-11-15,64.2,64.38,63.84,63.84,64.2,64.38,63.84,63.84,20319.0,0.0,1.0,1.0,0.0
2010-11-16,63.45,63.5,62.44,62.74,63.45,63.5,62.44,62.74,30900.0,0.0,1.0,1.0,0.0
2010-11-17,62.75,63.14,62.65,62.92,62.75,63.14,62.65,62.92,81428.0,0.0,1.0,1.0,0.0
2010-11-18,63.52,64.0,63.5,63.9,63.52,64.0,63.5,63.9,72208.0,0.0,1.0,1.0,-6.29
2010-11-19,63.88,64.03,63.3,64.02,63.88,64.03,63.3,64.02,13250.0,0.0,1.0,1.0,0.0
2010-11-22,63.82,63.95,63.54,63.95,63.82,63.95,63.54,63.95,18000.0,0.0,1.0,1.0,0.0
2010-11-23,63.47,63.47,63.09,63.27,63.47,63.47,63.09,63.27,22471.0,0.0,1.0,1.0,0.0
2010-11-24,63.73,63.89,63.46,63.89,63.73,63.89,63.46,63.89,21932.0,0.0,1.0,1.0,0.0
2010-11-26,63.91,63.91,63.41,63.75,63.91,63.91,63.41,63.75,36032.0,0.0,1.0,1.0,0.0
2010-11-29,63.71,63.71,62.69,63.25,63.71,63.71,62.69,63.25,61141.0,0.0,1.0,1.0,0.0
2010-11-30,62.84,63.26,62.84,63.02,62.84,63.26,62.84,63.02,78240.0,0.0,1.0,1.0,0.0
2010-12-01,63.96,64.0,63.68,63.82,63.96,64.0,63.68,63.82,27510.0,0.0,1.0,1.0,0.0
2010-12-02,64.35,64.49,64.06,64.4,64.35,64.49,64.06,64.4,36528.0,0.0,1.0,1.0,0.0
2010-12-03,64.13,64.7,64.13,64.7,64.13,64.7,64.13,64.7,16348.0,0.0,1.0,1.0,0.0
2010-12-06,64.88,64.97,64.65,64.82,64.88,64.97,64.65,64.82,33561.0,0.0,1.0,1.0,0.0
2010-12-07,65.02,65.38,64.97,64.97,65.02,65.38,64.97,64.97,36485.0,0.0,1.0,1.0,0.0
2010-12-08,65.14,65.36,64.82,64.96,65.14,65.36,64.82,64.96,26429.0,0.0,1.0,1.0,0.0
2010-12-09,65.56,65.57,65.17,65.57,65.56,65.57,65.17,65.57,20000.0,0.0,1.0,1.0,0.0
2010-12-10,65.65,66.0,65.52,65.98,65.65,66.0,65.52,65.98,17762.0,0.0,1.0,1.0,0.0
2010-12-13,66.19,66.47,65.98,65.98,66.19,66.47,65.98,65.98,12773.0,0.0,1.0,1.0,0.0
2010-12-14,66.16,66.81,66.16,66.81,66.16,66.81,66.16,66.81,31566.0,0.0,1.0,1.0,0.0
2010-12-15,66.87,67.13,66.42,66.53,66.87,67.13,66.42,66.53,26951.0,0.0,1.0,1.0,0.0
2010-12-16,66.6,66.7,66.18,66.63,66.6,66.7,66.18,66.63,14796.0,0.0,1.0,1.0,0.0
2010-12-17,66.63,66.63,66.1,66.22,66.63,66.63,66.1,66.22,19700.0,0.0,1.0,1.0,0.0
2010-12-20,66.66,66.91,66.34,66.75,66.66,66.91,66.34,66.75,51658.0,0.0,1.0,1.0,0.0
2010-12-21,67.16,67.16,66.83,67.04,67.16,67.16,66.83,67.04,49926.0,0.0,1.0,1.0,0.0
2010-12-22,65.61,65.61,64.94,65.24,65.61,65.61,64.94,65.24,35255.0,1.9,1.0,1.0,0.0
2010-12-23,65.64,65.64,65.19,65.33,65.64,65.64,65.19,65.33,21299.0,0.0,1.0,1.0,6.52
2010-12-27,65.68,65.78,65.14,65.59,65.68,65.78,65.14,65.59,50730.0,0.0,1.0,1.0,0.0
2010-12-28,65.89,65.89,65.45,65.51,65.89,65.89,65.45,65.51,20171.0,0.0,1.0,1.0,0.0
2010-12-29,65.92,65.92,65.45,65.63,65.92,65.92,65.45,65.63,41362.0,0.0,1.0,1.0,0.0
2010-12-30,65.77,65.77,65.5,65.64,65.77,65.77,65.5,65.64,169933.0,0.0,1.0,1.0,0.0
2010-12-31,65.94,65.94,65.63,65.63,65.94,65.94,65.63,65.63,21208.0,0.0,1.0,1.0,-6.56
2011-01-03,66.51,66.69,66.11,66.63,66.51,66.69,66.11,66.63,93921.0,0.0,1.0,1.0,0.0
2011-01-04,66.47,67.0,66.46,66.89,66.47,67.0,66.46,66.89,78705.0,0.0,1.0,1.0,0.0
2011-01-05,66.59,67.66,66.59,67.66,66.59,67.66,66.59,67.66,21894.0,0.0,1.0,1.0,0.0
2011-01-06,68.19,68.19,66.16,66.52,68.19,68.19,66.16,66.52,43750.0,0.0,1.0,1.0,0.0
2011-01-07,66.2,66.2,65.51,66.09,66.2,66.2,65.51,66.09,24633.0,0.0,1.0,1.0,6.65
2011-01-10,66.0,66.0,65.52,65.88,66.0,66.0,65.52,65.88,14773.0,0.0,1.0,1.0,0.0
2011-01-11,66.15,66.15,64.94,65.28,66.15,66.15,64.94,65.28,49512.0,0.0,1.0,1.0,0.0
2011-01-12,65.44,65.78,65.44,65.58,65.44,65.78,65.44,65.58,32517.0,0.0,1.0,1.0,13.05
2011-01-13,65.68,65.92,65.53,65.78,65.68,65.92,65.53,65.78,28464.0,0.0,1.0,1.0,0.0
2011-01-14,65.88,65.91,65.51,65.51,65.88,65.91,65.51,65.51,51736.0,0.0,1.0,1.0,-13.14
2011-01-18,65.2,65.67,64.88,64.97,65.2,65.67,64.88,64.97,37450.0,0.0,1.0,1.0,0.0
2011-01-19,64.94,65.11,64.22,64.33,64.94,65.11,64.22,64.33,122291.0,0.0,1.0,1.0,0.0
2011-01-20,64.2,64.37,64.09,64.14,64.2,64.37,64.09,64.14,20085.0,0.0,1.0,1.0,0.0
2011-01-21,64.61,64.62,64.26,64.3,64.61,64.62,64.26,64.3,21025.0,0.0,1.0,1.0,0.0
2011-01-24,64.71,64.85,64.34,64.85,64.71,64.85,64.34,64.85,60597.0,0.0,1.0,1.0,0.0
2011-01-25,65.07,65.34,64.37,65.31,65.07,65.34,64.37,65.31,50813.0,0.0,1.0,1.0,0.0
2011-01-26,65.49,66.33,65.49,66.3,65.49,66.33,65.49,66.3,37834.0,0.0,1.0,1.0,0.0
2011-01-27,66.31,66.31,65.53,66.0,66.31,66.31,65.53,66.0,29527.0,0.0,1.0,1.0,0.0
2011-01-28,66.1,66.1,64.41,64.43,66.1,66.1,64.41,64.43,29454.0,0.0,1.0,1.0,0.0
2011-01-31,64.68,64.68,64.24,64.56,64.68,64.68,64.24,64.56,14229.0,0.0,1.0,1.0,0.0
2011-02-01,64.86,65.71,64.86,65.57,64.86,65.71,64.86,65.57,26614.0,0.0,1.0,1.0,0.0
2011-02-02,65.37,65.45,65.22,65.33,65.37,65.45,65.22,65.33,12623.0,0.0,1.0,1.0,0.0
2011-02-03,65.25,65.77,65.02,65.69,65.25,65.77,65.02,65.69,20173.0,0.0,1.0,1.0,0.0
2011-02-04,65.81,65.93,65.5,65.87,65.81,65.93,65.5,65.87,11444.0,0.0,1.0,1.0,0.0
2011-02-07,66.1,66.11,65.8,65.95,66.1,66.11,65.8,65.95,14300.0,0.0,1.0,1.0,0.0
2011-02-08,65.95,66.39,65.76,66.39,65.95,66.39,65.76,66.39,18275.0,0.0,1.0,1.0,0.0
2011-02-09,66.01,66.4,66.01,66.38,66.01,66.4,66.01,66.38,25698.0,0.0,1.0,1.0,0.0
2011-02-10,66.32,66.78,66.17,66.78,66.32,66.78,66.17,66.78,17747.0,0.0,1.0,1.0,0.0
2011-02-11,66.56,67.32,66.56,67.32,66.56,67.32,66.56,67.32,13434.0,0.0,1.0,1.0,0.0
2011-02-14,67.67,67.67,66.87,67.1,67.67,67.67,66.87,67.1,75764.0,0.0,1.0,1.0,0.0
2011-02-15,67.46,67.46,66.66,67.11,67.46,67.46,66.66,67.11,18137.0,0.0,1.0,1.0,0.0
2011-02-16,67.38,67.38,66.66,66.86,67.38,67.38,66.66,66.86,18569.0,0.0,1.0,1.0,0.0
2011-02-17,66.61,66.93,66.61,66.81,66.61,66.93,66.61,66.81,30630.0,0.0,1.0,1.0,0.0
2011-02-18,66.63,66.9,66.47,66.66,66.63,66.9,66.47,66.66,48868.0,0.0,1.0,1.0,0.0
2011-02-22,65.77,66.12,65.19,65.4,65.77,66.12,65.19,65.4,25392.0,0.0,1.0,1.0,0.0
2011-02-23,65.3,65.32,64.19,64.35,65.3,65.32,64.19,64.35,18489.0,0.0,1.0,1.0,0.0
2011-02-24,64.14,64.51,63.8,64.51,64.14,64.51,63.8,64.51,37923.0,0.0,1.0,1.0,0.0
2011-02-25,64.88,65.68,64.88,65.6,64.88,65.68,64.88,65.6,47463.0,0.0,1.0,1.0,0.0
2011-02-28,66.0,66.11,65.71,66.11,66.0,66.11,65.71,66.11,15192.0,0.0,1.0,1.0,0.0
2011-03-01,66.46,66.46,64.81,64.81,66.46,66.46,64.81,64.81,28804.0,0.0,1.0,1.0,0.0
2011-03-02,64.32,65.48,64.32,64.86,64.32,65.48,64.32,64.86,38283.0,0.0,1.0,1.0,0.0
2011-03-03,65.79,65.79,65.13,65.35,65.79,65.79,65.13,65.35,22165.0,0.0,1.0,1.0,0.0
2011-03-04,65.27,65.41,64.49,64.78,65.27,65.41,64.49,64.78,47572.0,0.0,1.0,1.0,0.0
2011-03-07,64.78,65.16,64.37,64.58,64.78,65.16,64.37,64.58,35389.0,0.0,1.0,1.0,0.0
2011-03-08,64.73,65.63,64.51,65.45,64.73,65.63,64.51,65.45,59829.0,0.0,1.0,1.0,0.0
2011-03-09,65.35,65.87,65.3,65.82,65.35,65.87,65.3,65.82,20985.0,0.0,1.0,1.0,0.0
2011-03-10,65.52,65.52,64.85,65.22,65.52,65.52,64.85,65.22,16234.0,0.0,1.0,1.0,0.0
2011-03-11,65.14,65.17,64.68,65.03,65.14,65.17,64.68,65.03,29794.0,0.0,1.0,1.0,0.0
2011-03-14,64.73,64.73,64.0,64.39,64.73,64.73,64.0,64.39,96238.0,0.0,1.0,1.0,0.0
2011-03-15,62.6,64.06,62.51,63.98,62.6,64.06,62.51,63.98,15084.0,0.0,1.0,1.0,0.0
2011-03-16,63.77,64.11,62.92,63.22,63.77,64.11,62.92,63.22,25189.0,0.0,1.0,1.0,0.0
2011-03-17,64.13,64.33,63.75,64.22,64.13,64.33,63.75,64.22,54200.0,0.0,1.0,1.0,0.0
2011-03-18,64.66,64.84,64.49,64.83,64.66,64.84,64.49,64.83,27419.0,0.0,1.0,1.0,0.0
2011-03-21,65.77,65.77,64.45,64.58,65.77,65.77,64.45,64.58,21386.0,0.0,1.0,1.0,0.0
2011-03-22,64.87,65.1,64.79,65.04,64.87,65.1,64.79,65.04,10467.0,0.0,1.0,1.0,0.0
2011-03-23,64.84,65.39,64.65,65.36,64.84,65.39,64.65,65.36,18674.0,0.0,1.0,1.0,6.5
2011-03-24,65.84,66.04,65.58,65.91,65.84,66.04,65.58,65.91,15490.0,0.0,1.0,1.0,0.0
2011-03-25,66.4,66.48,66.02,66.32,66.4,66.48,66.02,66.32,26023.0,0.0,1.0,1.0,0.0
2011-03-28,66.51,67.33,66.51,67.08,66.51,67.33,66.51,67.08,251935.0,0.0,1.0,1.0,0.0
2011-03-29,67.06,67.64,66.72,67.62,67.06,67.64,66.72,67.62,17676.0,0.0,1.0,1.0,6.7
2011-03-30,67.92,68.66,67.88,68.44,67.92,68.66,67.88,68.44,60392.0,0.0,1.0,1.0,0.0
2011-03-31,68.29,68.71,68.24,68.57,68.29,68.71,68.24,68.57,36354.0,0.0,1.0,1.0,6.84
2011-04-01,69.02,69.04,68.49,68.61,69.02,69.04,68.49,68.61,250170.0,0.0,1.0,1.0,0.0
2011-04-04,68.93,68.93,68.69,68.76,68.93,68.93,68.69,68.76,31420.0,0.0,1.0,1.0,13.72
2011-04-05,68.76,68.91,68.5,68.55,68.76,68.91,68.5,68.55,29313.0,0.0,1.0,1.0,0.0
2011-04-06,68.69,68.79,68.58,68.72,68.69,68.79,68.58,68.72,9264.0,0.0,1.0,1.0,0.0
2011-04-07,68.99,68.99,68.0,68.58,68.99,68.99,68.0,68.58,13615.0,0.0,1.0,1.0,0.0
2011-04-08,68.76,68.76,68.32,68.45,68.76,68.76,68.32,68.45,12558.0,0.0,1.0,1.0,0.0
2011-04-11,69.29,69.39,69.02,69.19,69.29,69.39,69.02,69.19,118234.0,0.0,1.0,1.0,0.0
2011-04-12,68.67,68.72,68.51,68.64,68.67,68.72,68.51,68.64,11504.0,0.0,1.0,1.0,6.91
2011-04-13,69.16,69.16,68.55,68.75,69.16,69.16,68.55,68.75,31008.0,0.0,1.0,1.0,0.0
2011-04-14,68.36,68.97,68.36,68.92,68.36,68.97,68.36,68.92,45866.0,0.0,1.0,1.0,0.0
2011-04-15,69.0,69.3,68.73,69.27,69.0,69.3,68.73,69.27,15903.0,0.0,1.0,1.0,6.89
2011-04-18,68.87,68.87,67.87,68.09,68.87,68.87,67.87,68.09,55012.0,0.0,1.0,1.0,0.0
2011-04-19,68.29,68.38,67.81,67.97,68.29,68.38,67.81,67.97,15929.0,0.0,1.0,1.0,0.0
2011-04-20,68.72,68.73,68.52,68.61,68.72,68.73,68.52,68.61,15160.0,0.0,1.0,1.0,0.0
2011-04-21,68.66,68.93,68.52,68.93,68.66,68.93,68.52,68.93,20023.0,0.0,1.0,1.0,0.0
2011-04-25,68.96,68.96,68.44,68.7,68.96,68.96,68.44,68.7,133189.0,0.0,1.0,1.0,0.0
2011-04-26,69.02,69.64,68.98,69.57,69.02,69.64,68.98,69.57,13186.0,0.0,1.0,1.0,0.0
2011-04-27,69.7,70.4,69.67,70.39,69.7,70.4,69.67,70.39,70735.0,0.0,1.0,1.0,0.0
2011-04-28,70.18,70.52,70.14,70.52,70.18,70.52,70.14,70.52,44914.0,0.0,1.0,1.0,0.0
2011-04-29,70.37,70.42,69.92,70.01,70.37,70.42,69.92,70.01,64000.0,0.0,1.0,1.0,0.0
2011-05-02,70.52,70.6,69.62,69.62,70.52,70.6,69.62,69.62,212000.0,0.0,1.0,1.0,0.0
2011-05-03,69.84,70.51,69.62,70.42,69.84,70.51,69.62,70.42,74975.0,0.0,1.0,1.0,0.0
2011-05-04,70.41,70.41,69.91,70.12,70.41,70.41,69.91,70.12,29000.0,0.0,1.0,1.0,0.0
2011-05-05,70.09,70.21,69.52,69.78,70.09,70.21,69.52,69.78,17931.0,0.0,1.0,1.0,0.0
2011-05-06,70.37,70.53,69.92,70.05,70.37,70.53,69.92,70.05,20069.0,0.0,1.0,1.0,0.0
2011-05-09,70.05,70.48,69.84,70.42,70.05,70.48,69.84,70.42,32853.0,0.0,1.0,1.0,0.0
2011-05-10,70.78,71.53,70.78,71.49,70.78,71.53,70.78,71.49,30765.0,0.0,1.0,1.0,0.0
2011-05-11,71.61,71.61,70.69,71.05,71.61,71.61,70.69,71.05,12015.0,0.0,1.0,1.0,0.0
2011-05-12,70.86,71.7,70.7,71.57,70.86,71.7,70.7,71.57,14513.0,0.0,1.0,1.0,0.0
2011-05-13,71.72,71.72,70.53,70.94,71.72,71.72,70.53,70.94,98944.0,0.0,1.0,1.0,-7.15
2011-05-16,70.71,70.84,70.15,70.28,70.71,70.84,70.15,70.28,37837.0,0.0,1.0,1.0,0.0
2011-05-17,70.19,70.43,69.84,70.41,70.19,70.43,69.84,70.41,38172.0,0.0,1.0,1.0,0.0
2011-05-18,70.37,70.85,70.35,70.85,70.37,70.85,70.35,70.85,15755.0,0.0,1.0,1.0,0.0
2011-05-19,70.99,71.17,70.65,71.11,70.99,71.17,70.65,71.11,22269.0,0.0,1.0,1.0,0.0
2011-05-20,71.04,71.45,70.6,71.13,71.04,71.45,70.6,71.13,14274.0,0.0,1.0,1.0,7.11
2011-05-23,70.6,70.77,70.06,70.58,70.6,70.77,70.06,70.58,32200.0,0.0,1.0,1.0,0.0
2011-05-24,70.82,71.41,70.82,71.27,70.82,71.41,70.82,71.27,252847.0,0.0,1.0,1.0,0.0
2011-05-25,71.0,71.31,70.71,71.06,71.0,71.31,70.71,71.06,18570.0,0.0,1.0,1.0,7.12
2011-05-26,70.93,71.79,70.89,71.7,70.93,71.79,70.89,71.7,20283.0,0.0,1.0,1.0,0.0
2011-05-27,71.95,72.19,71.77,72.19,71.95,72.19,71.77,72.19,15657.0,0.0,1.0,1.0,0.0
2011-05-31,73.12,73.12,72.1,72.6,73.12,73.12,72.1,72.6,157808.0,0.0,1.0,1.0,7.2
2011-06-01,72.32,72.38,71.29,71.29,72.32,72.38,71.29,71.29,84442.0,0.0,1.0,1.0,7.25
2011-06-02,71.53,71.55,71.0,71.29,71.53,71.55,71.0,71.29,73867.0,0.0,1.0,1.0,0.0
2011-06-03,70.73,70.73,69.93,69.98,70.73,70.73,69.93,69.98,91309.0,0.0,1.0,1.0,7.12
2011-06-06,70.06,70.06,69.16,69.21,70.06,70.06,69.16,69.21,228488.0,0.0,1.0,1.0,0.0
2011-06-07,69.28,69.6,68.98,69.11,69.28,69.6,68.98,69.11,23571.0,0.0,1.0,1.0,0.0
2011-06-08,69.0,69.24,68.75,68.91,69.0,69.24,68.75,68.91,11672.0,0.0,1.0,1.0,0.0
2011-06-09,69.15,69.25,68.61,69.1,69.15,69.25,68.61,69.1,31830.0,0.0,1.0,1.0,0.0
2011-06-10,68.88,69.0,68.31,68.35,68.88,69.0,68.31,68.35,13874.0,0.0,1.0,1.0,6.91
2011-06-13,68.39,68.89,68.25,68.53,68.39,68.89,68.25,68.53,34852.0,0.0,1.0,1.0,0.0
2011-06-14,69.1,69.28,68.94,69.13,69.1,69.28,68.94,69.13,63748.0,0.0,1.0,1.0,0.0
2011-06-15,68.68,69.07,68.01,68.25,68.68,69.07,68.01,68.25,24218.0,0.0,1.0,1.0,0.0
2011-06-16,68.28,68.54,68.12,68.37,68.28,68.54,68.12,68.37,19051.0,0.0,1.0,1.0,0.0
2011-06-17,69.02,69.04,68.51,68.7,69.02,69.04,68.51,68.7,12785.0,0.0,1.0,1.0,0.0
2011-06-20,68.51,69.21,68.35,69.11,68.51,69.21,68.35,69.11,18222.0,0.0,1.0,1.0,-6.87
2011-06-21,69.48,70.15,69.47,70.09,69.48,70.15,69.47,70.09,13687.0,0.0,1.0,1.0,0.0
2011-06-22,69.79,70.28,69.79,69.85,69.79,70.28,69.79,69.85,73417.0,0.0,1.0,1.0,0.0
2011-06-23,69.34,69.83,68.65,69.83,69.34,69.83,68.65,69.83,19433.0,0.0,1.0,1.0,0.0
2011-06-24,70.0,70.09,69.27,69.4,70.0,70.09,69.27,69.4,14900.0,0.0,1.0,1.0,0.0
2011-06-27,69.42,70.0,69.03,69.81,69.42,70.0,69.03,69.81,37564.0,0.0,1.0,1.0,0.0
2011-06-28,70.16,70.5,70.0,70.5,70.16,70.5,70.0,70.5,46769.0,0.0,1.0,1.0,0.0
2011-06-29,71.11,71.11,70.72,70.95,71.11,71.11,70.72,70.95,31316.0,0.0,1.0,1.0,0.0
2011-06-30,71.19,71.45,70.93,71.26,71.19,71.45,70.93,71.26,99878.0,0.0,1.0,1.0,0.0
2011-07-01,71.38,72.58,71.37,72.43,71.38,72.58,71.37,72.43,45963.0,0.0,1.0,1.0,0.0
2011-07-05,72.45,72.45,71.96,72.24,72.45,72.45,71.96,72.24,228551.0,0.0,1.0,1.0,0.0
2011-07-06,72.27,72.69,72.0,72.52,72.27,72.69,72.0,72.52,36078.0,0.0,1.0,1.0,0.0
2011-07-07,73.14,73.14,72.77,72.9,73.14,73.14,72.77,72.9,36443.0,0.0,1.0,1.0,0.0
2011-07-08,72.56,72.62,72.12,72.55,72.56,72.62,72.12,72.55,21266.0,0.0,1.0,1.0,0.0
2011-07-11,71.53,71.94,71.33,71.33,71.53,71.94,71.33,71.33,57926.0,0.0,1.0,1.0,0.0
2011-07-12,71.22,71.98,71.22,71.3,71.22,71.98,71.22,71.3,18574.0,0.0,1.0,1.0,0.0
2011-07-13,71.64,72.03,71.34,71.4,71.64,72.03,71.34,71.4,13277.0,0.0,1.0,1.0,0.0
2011-07-14,71.48,71.81,70.32,70.41,71.48,71.81,70.32,70.41,14941.0,0.0,1.0,1.0,0.0
2011-07-15,70.78,70.78,70.01,70.39,70.78,70.78,70.01,70.39,16430.0,0.0,1.0,1.0,0.0
2011-07-18,70.12,70.12,68.96,69.41,70.12,70.12,68.96,69.41,60250.0,0.0,1.0,1.0,0.0
2011-07-19,69.78,70.2,69.57,70.2,69.78,70.2,69.57,70.2,35840.0,0.0,1.0,1.0,0.0
2011-07-20,70.38,70.38,69.8,69.96,70.38,70.38,69.8,69.96,45640.0,0.0,1.0,1.0,0.0
2011-07-21,70.33,70.94,70.26,70.58,70.33,70.94,70.26,70.58,42163.0,0.0,1.0,1.0,0.0
2011-07-22,70.32,70.34,69.73,70.34,70.32,70.34,69.73,70.34,82473.0,0.0,1.0,1.0,0.0
2011-07-25,69.75,69.86,69.36,69.38,69.75,69.86,69.36,69.38,36133.0,0.0,1.0,1.0,0.0
2011-07-26,69.54,69.59,69.24,69.32,69.54,69.59,69.24,69.32,21000.0,0.0,1.0,1.0,-6.94
2011-07-27,69.01,69.17,68.48,68.51,69.01,69.17,68.48,68.51,45236.0,0.0,1.0,1.0,0.0
2011-07-28,68.23,68.5,67.39,67.58,68.23,68.5,67.39,67.58,62279.0,0.0,1.0,1.0,0.0
2011-07-29,66.97,67.64,66.41,67.2,66.97,67.64,66.41,67.2,61136.0,0.0,1.0,1.0,0.0
2011-08-01,68.4,68.67,67.05,67.62,68.4,68.67,67.05,67.62,38458.0,0.0,1.0,1.0,-6.72
2011-08-02,67.21,67.21,65.72,65.72,67.21,67.21,65.72,65.72,29485.0,0.0,1.0,1.0,0.0
2011-08-03,65.75,66.58,64.9,66.56,65.75,66.58,64.9,66.56,53577.0,0.0,1.0,1.0,0.0
2011-08-04,65.66,65.66,63.52,63.6,65.66,65.66,63.52,63.6,97212.0,0.0,1.0,1.0,0.0
2011-08-05,64.05,64.26,61.6,63.23,64.05,64.26,61.6,63.23,75303.0,0.0,1.0,1.0,0.0
2011-08-08,60.81,62.29,59.14,59.14,60.81,62.29,59.14,59.14,71393.0,0.0,1.0,1.0,0.0
2011-08-09,59.55,62.16,58.39,62.16,59.55,62.16,58.39,62.16,96783.0,0.0,1.0,1.0,0.0
2011-08-10,61.29,61.8,60.04,60.33,61.29,61.8,60.04,60.33,69270.0,0.0,1.0,1.0,0.0
2011-08-11,60.63,62.58,60.22,62.0,60.63,62.58,60.22,62.0,53835.0,0.0,1.0,1.0,0.0
2011-08-12,63.25,63.25,61.64,62.1,63.25,63.25,61.64,62.1,26690.0,0.0,1.0,1.0,0.0
2011-08-15,62.51,63.77,62.51,63.75,62.51,63.77,62.51,63.75,39056.0,0.0,1.0,1.0,0.0
2011-08-16,63.15,63.68,62.81,63.3,63.15,63.68,62.81,63.3,29663.0,0.0,1.0,1.0,0.0
2011-08-17,64.24,64.41,63.84,64.25,64.24,64.41,63.84,64.25,30814.0,0.0,1.0,1.0,0.0
2011-08-18,62.98,63.04,61.61,62.22,62.98,63.04,61.61,62.22,20628.0,0.0,1.0,1.0,0.0
2011-08-19,61.14,63.0,61.14,61.5,61.14,63.0,61.14,61.5,291831.0,0.0,1.0,1.0,0.0
2011-08-22,62.89,62.89,61.29,61.42,62.89,62.89,61.29,61.42,21084.0,0.0,1.0,1.0,0.0
2011-08-23,61.84,63.57,61.61,63.57,61.84,63.57,61.61,63.57,67510.0,0.0,1.0,1.0,0.0
2011-08-24,63.58,64.54,63.5,64.51,63.58,64.54,63.5,64.51,30960.0,0.0,1.0,1.0,0.0
2011-08-25,64.6,64.68,62.8,63.07,64.6,64.68,62.8,63.07,100673.0,0.0,1.0,1.0,6.45
2011-08-26,62.44,63.51,61.75,63.44,62.44,63.51,61.75,63.44,23534.0,0.0,1.0,1.0,0.0
2011-08-29,63.9,64.92,63.9,64.92,63.9,64.92,63.9,64.92,16155.0,0.0,1.0,1.0,6.34
2011-08-30,64.62,65.66,64.62,65.28,64.62,65.66,64.62,65.28,30491.0,0.0,1.0,1.0,0.0
2011-08-31,65.79,66.19,64.55,65.15,65.79,66.19,64.55,65.15,121184.0,0.0,1.0,1.0,0.0
2011-09-01,65.21,65.64,64.37,64.51,65.21,65.64,64.37,64.51,29861.0,0.0,1.0,1.0,0.0
2011-09-02,63.45,63.87,62.96,63.11,63.45,63.87,62.96,63.11,20191.0,0.0,1.0,1.0,0.0
2011-09-06,61.5,62.34,61.5,62.23,61.5,62.34,61.5,62.23,16685.0,0.0,1.0,1.0,0.0
2011-09-07,63.18,63.47,62.67,63.35,63.18,63.47,62.67,63.35,12716.0,0.0,1.0,1.0,0.0
2011-09-08,63.24,63.35,62.62,62.75,63.24,63.35,62.62,62.75,24059.0,0.0,1.0,1.0,0.0
2011-09-09,62.47,62.47,61.28,61.55,62.47,62.47,61.28,61.55,16552.0,0.0,1.0,1.0,0.0
2011-09-12,61.03,61.46,60.4,61.46,61.03,61.46,60.4,61.46,22245.0,0.0,1.0,1.0,0.0
2011-09-13,61.79,62.43,61.38,62.37,61.79,62.43,61.38,62.37,56150.0,0.0,1.0,1.0,0.0
2011-09-14,62.8,63.45,61.68,63.02,62.8,63.45,61.68,63.02,26863.0,0.0,1.0,1.0,0.0
2011-09-15,63.43,63.52,62.94,63.36,63.43,63.52,62.94,63.36,17858.0,0.0,1.0,1.0,0.0
2011-09-16,63.82,63.84,63.36,63.72,63.82,63.84,63.36,63.72,16322.0,0.0,1.0,1.0,0.0
2011-09-19,62.84,63.4,62.45,63.17,62.84,63.4,62.45,63.17,18152.0,0.0,1.0,1.0,0.0
2011-09-20,63.65,64.16,63.03,63.03,63.65,64.16,63.03,63.03,17123.0,0.0,1.0,1.0,0.0
2011-09-21,62.96,63.28,61.22,61.22,62.96,63.28,61.22,61.22,121722.0,0.0,1.0,1.0,0.0
2011-09-22,60.04,60.36,59.01,59.89,60.04,60.36,59.01,59.89,357094.0,0.0,1.0,1.0,0.0
2011-09-23,59.66,60.46,59.66,60.35,59.66,60.46,59.66,60.35,19911.0,0.0,1.0,1.0,0.0
2011-09-26,60.69,61.23,60.35,61.22,60.69,61.23,60.35,61.22,14473.0,0.0,1.0,1.0,0.0
2011-09-27,62.2,62.92,61.75,61.81,62.2,62.92,61.75,61.81,26618.0,0.0,1.0,1.0,0.0
2011-09-28,62.15,62.33,61.1,61.1,62.15,62.33,61.1,61.1,13472.0,0.0,1.0,1.0,0.0
2011-09-29,62.31,62.31,60.82,61.65,62.31,62.31,60.82,61.65,53390.0,0.0,1.0,1.0,0.0
2011-09-30,60.93,61.67,60.68,60.68,60.93,61.67,60.68,60.68,76521.0,0.0,1.0,1.0,0.0
2011-10-03,60.37,61.14,58.78,58.83,60.37,61.14,58.78,58.83,78182.0,0.0,1.0,1.0,0.0
2011-10-04,58.73,59.47,57.01,59.43,58.73,59.47,57.01,59.43,96024.0,0.0,1.0,1.0,0.0
2011-10-05,59.49,60.24,59.3,60.18,59.49,60.24,59.3,60.18,19976.0,0.0,1.0,1.0,0.0
2011-10-06,60.19,60.73,59.89,60.73,60.19,60.73,59.89,60.73,18418.0,0.0,1.0,1.0,0.0
2011-10-07,60.88,61.35,59.56,59.56,60.88,61.35,59.56,59.56,21131.0,0.0,1.0,1.0,0.1
2011-10-10,60.47,61.03,60.24,61.03,60.47,61.03,60.24,61.03,49322.0,0.0,1.0,1.0,-0.0
2011-10-11,60.56,60.83,60.42,60.7,60.56,60.83,60.42,60.7,43621.0,0.0,1.0,1.0,0.0
2011-10-12,61.13,62.3,60.83,61.81,61.13,62.3,60.83,61.81,15069.0,0.0,1.0,1.0,0.0
2011-10-13,61.47,62.17,61.34,62.17,61.47,62.17,61.34,62.17,7194.0,0.0,1.0,1.0,0.0
2011-10-14,62.9,62.9,62.38,62.66,62.9,62.9,62.38,62.66,16252.0,0.0,1.0,1.0,0.0
2011-10-17,62.39,62.44,61.77,61.94,62.39,62.44,61.77,61.94,9611.0,0.0,1.0,1.0,0.0
2011-10-18,61.91,62.77,61.49,62.64,61.91,62.77,61.49,62.64,12848.0,0.0,1.0,1.0,0.0
2011-10-19,62.4,62.8,61.93,62.04,62.4,62.8,61.93,62.04,87982.0,0.0,1.0,1.0,0.0
2011-10-20,61.83,62.13,61.2,62.04,61.83,62.13,61.2,62.04,30025.0,0.0,1.0,1.0,0.0
2011-10-21,62.67,62.89,62.31,62.89,62.67,62.89,62.31,62.89,60195.0,0.0,1.0,1.0,0.0
2011-10-24,63.1,63.25,62.87,63.04,63.1,63.25,62.87,63.04,55204.0,0.0,1.0,1.0,0.0
2011-10-25,62.72,62.72,61.78,61.87,62.72,62.72,61.78,61.87,18959.0,0.0,1.0,1.0,0.0
2011-10-26,62.36,62.74,61.72,62.68,62.36,62.74,61.72,62.68,9374.0,0.0,1.0,1.0,0.0
2011-10-27,64.23,64.8,63.36,64.43,64.23,64.8,63.36,64.43,25205.0,0.0,1.0,1.0,0.0
2011-10-28,64.21,64.65,64.05,64.44,64.21,64.65,64.05,64.44,44773.0,0.0,1.0,1.0,0.0
2011-10-31,63.76,63.76,63.2,63.23,63.76,63.76,63.2,63.23,11412.0,0.0,1.0,1.0,6.44
2011-11-01,61.82,62.78,61.51,61.78,61.82,62.78,61.51,61.78,37768.0,0.0,1.0,1.0,0.0
2011-11-02,62.61,62.85,62.16,62.84,62.61,62.85,62.16,62.84,38682.0,0.0,1.0,1.0,0.0
2011-11-03,63.12,63.87,62.89,63.76,63.12,63.87,62.89,63.76,19654.0,0.0,1.0,1.0,0.0
2011-11-04,63.37,63.37,62.65,63.15,63.37,63.37,62.65,63.15,9108.0,0.0,1.0,1.0,-6.38
2011-11-07,63.3,63.61,62.7,63.55,63.3,63.61,62.7,63.55,11520.0,0.0,1.0,1.0,0.0
2011-11-08,63.9,64.11,63.13,64.05,63.9,64.11,63.13,64.05,174810.0,0.0,1.0,1.0,0.0
2011-11-09,62.94,63.26,62.34,62.4,62.94,63.26,62.34,62.4,28328.0,0.0,1.0,1.0,12.79
2011-11-10,62.86,63.19,62.5,62.88,62.86,63.19,62.5,62.88,23873.0,0.0,1.0,1.0,0.0
2011-11-11,63.4,63.89,63.4,63.79,63.4,63.89,63.4,63.79,17811.0,0.0,1.0,1.0,0.0
2011-11-14,63.5,63.51,62.68,62.97,63.5,63.51,62.68,62.97,17458.0,0.0,1.0,1.0,0.0
2011-11-15,63.01,63.46,62.55,63.3,63.01,63.46,62.55,63.3,46407.0,0.0,1.0,1.0,0.0
2011-11-16,62.7,63.21,62.18,62.3,62.7,63.21,62.18,62.3,65238.0,0.0,1.0,1.0,0.0
2011-11-17,62.28,62.4,61.45,61.75,62.28,62.4,61.45,61.75,34232.0,0.0,1.0,1.0,6.22
2011-11-18,62.0,62.0,61.41,61.51,62.0,62.0,61.41,61.51,11885.0,0.0,1.0,1.0,0.0
2011-11-21,60.68,60.93,60.36,60.75,60.68,60.93,60.36,60.75,28177.0,0.0,1.0,1.0,0.0
2011-11-22,60.67,60.67,59.94,60.28,60.67,60.67,59.94,60.28,87954.0,0.0,1.0,1.0,0.0
2011-11-23,59.87,59.87,58.72,58.72,59.87,59.87,58.72,58.72,61951.0,0.0,1.0,1.0,0.0
2011-11-25,58.55,59.3,58.5,58.5,58.55,59.3,58.5,58.5,5631.0,0.0,1.0,1.0,0.0
2011-11-28,60.58,60.58,59.78,60.08,60.58,60.58,59.78,60.08,40009.0,0.0,1.0,1.0,0.0
2011-11-29,60.33,61.0,60.33,60.69,60.33,61.0,60.33,60.69,34191.0,0.0,1.0,1.0,0.0
2011-11-30,62.31,63.32,62.17,63.29,62.31,63.32,62.17,63.29,105219.0,0.0,1.0,1.0,0.0
2011-12-01,63.22,63.39,62.75,62.96,63.22,63.39,62.75,62.96,16828.0,0.0,1.0,1.0,0.0
2011-12-02,63.54,63.55,63.05,63.16,63.54,63.55,63.05,63.16,19547.0,0.0,1.0,1.0,0.0
2011-12-05,63.51,64.16,63.51,63.76,63.51,64.16,63.51,63.76,19217.0,0.0,1.0,1.0,0.0
2011-12-06,63.79,64.2,63.72,63.94,63.79,64.2,63.72,63.94,14645.0,0.0,1.0,1.0,0.0
2011-12-07,63.63,63.85,62.95,63.42,63.63,63.85,62.95,63.42,37572.0,0.0,1.0,1.0,0.0
2011-12-08,63.36,63.36,61.96,61.96,63.36,63.36,61.96,61.96,18921.0,0.0,1.0,1.0,0.0
2011-12-09,62.1,63.03,62.1,62.98,62.1,63.03,62.1,62.98,112757.0,0.0,1.0,1.0,0.0
2011-12-12,62.58,62.83,62.38,62.76,62.58,62.83,62.38,62.76,206071.0,0.0,1.0,1.0,6.31
2011-12-13,63.12,63.34,62.22,62.42,63.12,63.34,62.22,62.42,16000.0,0.0,1.0,1.0,6.27
2011-12-14,62.2,62.62,61.6,61.62,62.2,62.62,61.6,61.62,95612.0,0.0,1.0,1.0,0.0
2011-12-15,62.2,62.33,61.86,61.95,62.2,62.33,61.86,61.95,31070.0,0.0,1.0,1.0,0.0
2011-12-16,62.07,62.49,61.84,62.44,62.07,62.49,61.84,62.44,19133.0,0.0,1.0,1.0,0.0
2011-12-19,62.6,62.72,61.44,61.61,62.6,62.72,61.44,61.61,33368.0,0.0,1.0,1.0,0.0
2011-12-20,62.44,63.15,62.44,63.09,62.44,63.15,62.44,63.09,39729.0,0.0,1.0,1.0,0.0
2011-12-21,61.01,61.39,60.66,61.33,61.01,61.39,60.66,61.33,47400.0,2.01,1.0,1.0,0.0
2011-12-22,61.36,61.81,61.31,61.54,61.36,61.81,61.31,61.54,21123.0,0.0,1.0,1.0,0.0
2011-12-23,61.84,61.99,61.38,61.81,61.84,61.99,61.38,61.81,909431.0,0.0,1.0,1.0,0.0
2011-12-27,61.8,62.18,61.69,62.12,61.8,62.18,61.69,62.12,22622.0,0.0,1.0,1.0,-37.12
2011-12-28,61.94,62.22,61.19,61.21,61.94,62.22,61.19,61.21,41019.0,0.0,1.0,1.0,0.0
2011-12-29,61.57,61.9,61.48,61.76,61.57,61.9,61.48,61.76,35646.0,0.0,1.0,1.0,0.0
2011-12-30,61.79,62.3,61.77,62.17,61.79,62.3,61.77,62.17,24142.0,0.0,1.0,1.0,6.19
2012-01-03,63.03,63.03,62.62,62.63,63.03,63.03,62.62,62.63,131389.0,0.0,1.0,1.0,0.0
2012-01-04,62.57,62.68,61.9,61.96,62.57,62.68,61.9,61.96,19068.0,0.0,1.0,1.0,6.27
2012-01-05,62.07,62.07,61.01,61.43,62.07,62.07,61.01,61.43,38957.0,0.0,1.0,1.0,0.0
2012-01-06,61.6,61.84,61.11,61.34,61.6,61.84,61.11,61.34,24277.0,0.0,1.0,1.0,0.0
2012-01-09,61.5,61.58,61.09,61.44,61.5,61.58,61.09,61.44,22829.0,0.0,1.0,1.0,0.0
2012-01-10,62.02,62.15,61.83,61.87,62.02,62.15,61.83,61.87,34314.0,0.0,1.0,1.0,0.0
2012-01-11,61.62,62.39,61.62,62.33,61.62,62.39,61.62,62.33,35384.0,0.0,1.0,1.0,0.0
2012-01-12,62.54,62.96,62.29,62.88,62.54,62.96,62.29,62.88,547091.0,0.0,1.0,1.0,0.0
2012-01-13,62.53,62.53,62.15,62.5,62.53,62.53,62.15,62.5,28959.0,0.0,1.0,1.0,31.43
2012-01-17,63.16,63.21,62.42,62.42,63.16,63.21,62.42,62.42,21163.0,0.0,1.0,1.0,0.0
2012-01-18,62.54,63.07,62.52,63.07,62.54,63.07,62.52,63.07,30104.0,0.0,1.0,1.0,0.0
2012-01-19,63.47,63.47,63.05,63.21,63.47,63.47,63.05,63.21,30603.0,0.0,1.0,1.0,0.0
2012-01-20,63.1,63.16,62.8,62.97,63.1,63.16,62.8,62.97,37386.0,0.0,1.0,1.0,0.0
2012-01-23,63.18,63.18,62.34,62.54,63.18,63.18,62.34,62.54,17705.0,0.0,1.0,1.0,0.0
2012-01-24,62.18,62.18,61.59,61.88,62.18,62.18,61.59,61.88,42789.0,0.0,1.0,1.0,0.0
2012-01-25,61.85,62.32,61.52,62.24,61.85,62.32,61.52,62.24,72542.0,0.0,1.0,1.0,0.0
2012-01-26,62.1,62.23,61.34,61.41,62.1,62.23,61.34,61.41,46271.0,0.0,1.0,1.0,0.0
2012-01-27,61.34,61.7,61.34,61.62,61.34,61.7,61.34,61.62,21372.0,0.0,1.0,1.0,0.0
2012-01-30,61.32,61.43,60.96,61.41,61.32,61.43,60.96,61.41,126680.0,0.0,1.0,1.0,0.0
2012-01-31,61.68,61.81,61.11,61.52,61.68,61.81,61.11,61.52,26505.0,0.0,1.0,1.0,-6.14
2012-02-01,61.88,62.34,61.88,62.16,61.88,62.34,61.88,62.16,160818.0,0.0,1.0,1.0,0.0
2012-02-02,62.38,62.78,62.28,62.66,62.38,62.78,62.28,62.66,58805.0,0.0,1.0,1.0,0.0
2012-02-03,63.4,63.5,63.08,63.38,63.4,63.5,63.08,63.38,187496.0,0.0,1.0,1.0,0.0
2012-02-06,63.31,63.55,63.15,63.55,63.31,63.55,63.15,63.55,27148.0,0.0,1.0,1.0,0.0
2012-02-07,63.57,63.76,63.22,63.6,63.57,63.76,63.22,63.6,51615.0,0.0,1.0,1.0,0.0
2012-02-08,63.6,63.93,63.53,63.78,63.6,63.93,63.53,63.78,32273.0,0.0,1.0,1.0,0.0
2012-02-09,64.12,64.12,63.32,63.79,64.12,64.12,63.32,63.79,23284.0,0.0,1.0,1.0,0.0
2012-02-10,63.36,63.54,63.24,63.52,63.36,63.54,63.24,63.52,23583.0,0.0,1.0,1.0,0.0
2012-02-13,63.44,64.18,63.44,64.12,63.44,64.18,63.44,64.12,31921.0,0.0,1.0,1.0,0.0
2012-02-14,64.18,64.18,63.5,63.97,64.18,64.18,63.5,63.97,26723.0,0.0,1.0,1.0,0.0
2012-02-15,64.14,64.14,63.65,63.94,64.14,64.14,63.65,63.94,192066.0,0.0,1.0,1.0,0.0
2012-02-16,63.81,64.58,63.51,64.54,63.81,64.58,63.51,64.54,15660.0,0.0,1.0,1.0,0.0
2012-02-17,64.79,64.95,64.5,64.84,64.79,64.95,64.5,64.84,17673.0,0.0,1.0,1.0,0.0
2012-02-21,65.0,65.1,64.8,64.9,65.0,65.1,64.8,64.9,12864.0,0.0,1.0,1.0,0.0
2012-02-22,65.03,65.03,64.25,64.33,65.03,65.03,64.25,64.33,13032.0,0.0,1.0,1.0,0.0
2012-02-23,64.2,65.12,64.18,65.12,64.2,65.12,64.18,65.12,21230.0,0.0,1.0,1.0,0.0
2012-02-24,65.22,65.22,64.57,64.82,65.22,65.22,64.57,64.82,20017.0,0.0,1.0,1.0,0.0
2012-02-27,64.13,64.94,64.13,64.94,64.13,64.94,64.13,64.94,19964.0,0.0,1.0,1.0,0.0
2012-02-28,64.76,65.11,64.64,64.88,64.76,65.11,64.64,64.88,14813.0,0.0,1.0,1.0,6.49
2012-02-29,64.91,64.91,64.3,64.34,64.91,64.91,64.3,64.34,25188.0,0.0,1.0,1.0,0.0
2012-03-01,64.52,64.63,64.25,64.49,64.52,64.63,64.25,64.49,33895.0,0.0,1.0,1.0,0.0
2012-03-02,64.41,64.75,64.25,64.32,64.41,64.75,64.25,64.32,10593.0,0.0,1.0,1.0,6.44
2012-03-05,64.14,64.6,63.83,64.42,64.14,64.6,63.83,64.42,26521.0,0.0,1.0,1.0,0.0
2012-03-06,63.91,63.94,63.4,63.59,63.91,63.94,63.4,63.59,52767.0,0.0,1.0,1.0,0.0
2012-03-07,63.78,64.33,63.78,64.2,63.78,64.33,63.78,64.2,12108.0,0.0,1.0,1.0,0.0
2012-03-08,64.82,64.9,64.35,64.7,64.82,64.9,64.35,64.7,13221.0,0.0,1.0,1.0,0.0
2012-03-09,64.76,65.33,64.76,65.22,64.76,65.33,64.76,65.22,16606.0,0.0,1.0,1.0,0.0
2012-03-12,65.43,65.43,65.04,65.21,65.43,65.43,65.04,65.21,35312.0,0.0,1.0,1.0,0.0
2012-03-13,65.41,65.76,65.3,65.76,65.41,65.76,65.3,65.76,7212.0,0.0,1.0,1.0,0.0
2012-03-14,65.71,65.89,65.26,65.38,65.71,65.89,65.26,65.38,21600.0,0.0,1.0,1.0,0.0
2012-03-15,65.43,65.98,65.39,65.98,65.43,65.98,65.39,65.98,7379.0,0.0,1.0,1.0,0.0
2012-03-16,65.93,66.19,65.71,66.19,65.93,66.19,65.71,66.19,11691.0,0.0,1.0,1.0,0.0
2012-03-19,66.0,66.68,65.98,66.45,66.0,66.68,65.98,66.45,23841.0,0.0,1.0,1.0,0.0
2012-03-20,66.18,66.49,65.99,66.38,66.18,66.49,65.99,66.38,19076.0,0.0,1.0,1.0,0.0
2012-03-21,66.62,66.81,66.44,66.74,66.62,66.81,66.44,66.74,14014.0,0.0,1.0,1.0,0.0
2012-03-22,66.57,66.57,66.12,66.16,66.57,66.57,66.12,66.16,248358.0,0.0,1.0,1.0,0.0
2012-03-23,66.25,66.25,65.75,66.06,66.25,66.25,65.75,66.06,12271.0,0.0,1.0,1.0,0.0
2012-03-26,66.51,66.6,66.32,66.56,66.51,66.6,66.32,66.56,43708.0,0.0,1.0,1.0,0.0
2012-03-27,66.71,66.71,65.8,65.82,66.71,66.71,65.8,65.82,15824.0,0.0,1.0,1.0,0.0
2012-03-28,65.79,65.79,65.0,65.13,65.79,65.79,65.0,65.13,13711.0,0.0,1.0,1.0,0.0
2012-03-29,64.9,65.15,64.25,65.15,64.9,65.15,64.25,65.15,14045.0,0.0,1.0,1.0,0.0
2012-03-30,65.47,65.47,64.94,65.01,65.47,65.47,64.94,65.01,11510.0,0.0,1.0,1.0,0.0
2012-04-02,65.1,65.46,64.87,65.31,65.1,65.46,64.87,65.31,27510.0,0.0,1.0,1.0,0.0
2012-04-03,65.1,65.43,64.96,65.09,65.1,65.43,64.96,65.09,71124.0,0.0,1.0,1.0,0.0
2012-04-04,64.99,65.01,64.64,64.7,64.99,65.01,64.64,64.7,25225.0,0.0,1.0,1.0,0.0
2012-04-05,64.62,64.64,64.37,64.47,64.62,64.64,64.37,64.47,20412.0,0.0,1.0,1.0,0.0
2012-04-09,63.57,64.06,63.57,63.75,63.57,64.06,63.57,63.75,22830.0,0.0,1.0,1.0,0.0
2012-04-10,63.67,63.81,62.54,62.58,63.67,63.81,62.54,62.58,25279.0,0.0,1.0,1.0,0.0
2012-04-11,63.18,63.67,63.15,63.67,63.18,63.67,63.15,63.67,22062.0,0.0,1.0,1.0,0.0
2012-04-12,63.81,64.38,63.81,64.25,63.81,64.38,63.81,64.25,20472.0,0.0,1.0,1.0,0.0
2012-04-13,63.62,63.71,63.41,63.41,63.62,63.71,63.41,63.41,7805.0,0.0,1.0,1.0,0.0
2012-04-16,63.72,63.97,63.19,63.29,63.72,63.97,63.19,63.29,12787.0,0.0,1.0,1.0,0.0
2012-04-17,63.86,64.21,63.75,64.02,63.86,64.21,63.75,64.02,21888.0,0.0,1.0,1.0,0.0
2012-04-18,63.66,63.66,63.2,63.36,63.66,63.66,63.2,63.36,7773.0,0.0,1.0,1.0,0.0
2012-04-19,63.44,63.89,62.69,62.92,63.44,63.89,62.69,62.92,744404.0,0.0,1.0,1.0,0.0
2012-04-20,63.41,63.82,63.41,63.56,63.41,63.82,63.41,63.56,59859.0,0.0,1.0,1.0,-50.45
2012-04-23,62.9,63.06,62.66,62.91,62.9,63.06,62.66,62.91,12245.0,0.0,1.0,1.0,-6.36
2012-04-24,63.13,63.96,63.13,63.84,63.13,63.96,63.13,63.84,32947.0,0.0,1.0,1.0,0.0
2012-04-25,64.2,64.47,63.92,64.08,64.2,64.47,63.92,64.08,15953.0,0.0,1.0,1.0,0.0
2012-04-26,63.74,64.48,63.61,64.35,63.74,64.48,63.61,64.35,28869.0,0.0,1.0,1.0,0.0
2012-04-27,64.45,64.61,64.19,64.54,64.45,64.61,64.19,64.54,12022.0,0.0,1.0,1.0,0.0
2012-04-30,64.38,64.92,64.38,64.77,64.38,64.92,64.38,64.77,18379.0,0.0,1.0,1.0,0.0
2012-05-01,64.72,65.57,64.72,65.09,64.72,65.57,64.72,65.09,12762.0,0.0,1.0,1.0,0.0
2012-05-02,64.65,65.09,64.58,65.06,64.65,65.09,64.58,65.06,214910.0,0.0,1.0,1.0,0.0
2012-05-03,64.81,65.37,64.81,65.16,64.81,65.37,64.81,65.16,95270.0,0.0,1.0,1.0,0.0
2012-05-04,65.01,65.01,64.4,64.54,65.01,65.01,64.4,64.54,9013.0,0.0,1.0,1.0,0.0
2012-05-07,63.89,64.81,63.89,64.68,63.89,64.81,63.89,64.68,20548.0,0.0,1.0,1.0,0.0
2012-05-08,64.45,64.62,64.04,64.53,64.45,64.62,64.04,64.53,244974.0,0.0,1.0,1.0,0.0
2012-05-09,64.0,64.62,63.68,64.21,64.0,64.62,63.68,64.21,19172.0,0.0,1.0,1.0,6.44
2012-05-10,64.5,64.62,64.09,64.21,64.5,64.62,64.09,64.21,16444.0,0.0,1.0,1.0,0.0
2012-05-11,64.38,65.17,64.38,64.55,64.38,65.17,64.38,64.55,13537.0,0.0,1.0,1.0,0.0
2012-05-14,64.0,64.05,63.42,63.78,64.0,64.05,63.42,63.78,29770.0,0.0,1.0,1.0,0.0
2012-05-15,64.16,64.16,63.48,63.77,64.16,64.16,63.48,63.77,43746.0,0.0,1.0,1.0,0.0
2012-05-16,63.83,64.38,63.34,63.38,63.83,64.38,63.34,63.38,45239.0,0.0,1.0,1.0,0.0
2012-05-17,63.4,63.4,62.75,63.17,63.4,63.4,62.75,63.17,14930.0,0.0,1.0,1.0,6.32
2012-05-18,63.59,63.72,63.06,63.37,63.59,63.72,63.06,63.37,12808.0,0.0,1.0,1.0,0.0
2012-05-21,63.75,63.75,63.29,63.45,63.75,63.75,63.29,63.45,11414.0,0.0,1.0,1.0,0.0
2012-05-22,63.76,64.05,63.16,63.21,63.76,64.05,63.16,63.21,17506.0,0.0,1.0,1.0,0.0
2012-05-23,62.87,63.18,62.38,63.12,62.87,63.18,62.38,63.12,19100.0,0.0,1.0,1.0,0.0
2012-05-24,63.19,63.4,62.97,63.32,63.19,63.4,62.97,63.32,20520.0,0.0,1.0,1.0,0.0
2012-05-25,63.53,63.75,63.41,63.59,63.53,63.75,63.41,63.59,8697.0,0.0,1.0,1.0,0.0
2012-05-29,64.04,64.17,63.69,64.17,64.04,64.17,63.69,64.17,8923.0,0.0,1.0,1.0,0.0
2012-05-30,63.7,63.8,63.5,63.69,63.7,63.8,63.5,63.69,7812.0,0.0,1.0,1.0,0.0
2012-05-31,63.85,64.35,63.35,64.16,63.85,64.35,63.35,64.16,30898.0,0.0,1.0,1.0,0.0
2012-06-01,63.72,63.72,62.57,62.61,63.72,63.72,62.57,62.61,29574.0,0.0,1.0,1.0,0.0
2012-06-04,62.66,63.16,62.55,63.16,62.66,63.16,62.55,63.16,85194.0,0.0,1.0,1.0,0.0
2012-06-05,62.84,63.39,62.84,63.32,62.84,63.39,62.84,63.32,48354.0,0.0,1.0,1.0,6.3
2012-06-06,63.94,64.36,63.55,64.36,63.94,64.36,63.55,64.36,14226.0,0.0,1.0,1.0,0.0
2012-06-07,64.77,65.0,64.16,64.18,64.77,65.0,64.16,64.18,32898.0,0.0,1.0,1.0,0.0
2012-06-08,64.0,65.05,64.0,65.01,64.0,65.05,64.0,65.01,32249.0,0.0,1.0,1.0,0.0
2012-06-11,65.45,65.45,64.52,64.59,65.45,65.45,64.52,64.59,38313.0,0.0,1.0,1.0,0.0
2012-06-12,64.82,65.59,64.41,65.59,64.82,65.59,64.41,65.59,55164.0,0.0,1.0,1.0,0.0
2012-06-13,65.33,65.82,65.03,65.35,65.33,65.82,65.03,65.35,44093.0,0.0,1.0,1.0,0.0
2012-06-14,65.52,66.59,65.52,66.53,65.52,66.59,65.52,66.53,38902.0,0.0,1.0,1.0,0.0
2012-06-15,66.68,66.98,66.46,66.9,66.68,66.98,66.46,66.9,21698.0,0.0,1.0,1.0,0.0
2012-06-18,67.18,67.29,66.79,67.05,67.18,67.29,66.79,67.05,63740.0,0.0,1.0,1.0,0.0
2012-06-19,67.49,67.5,66.88,67.23,67.49,67.5,66.88,67.23,123490.0,0.0,1.0,1.0,0.0
2012-06-20,67.45,67.45,66.33,66.86,67.45,67.45,66.33,66.86,29579.0,0.0,1.0,1.0,0.0
2012-06-21,67.18,67.18,66.07,66.17,67.18,67.18,66.07,66.17,83893.0,0.0,1.0,1.0,13.37
2012-06-22,66.84,66.84,66.39,66.73,66.84,66.84,66.39,66.73,4338.0,0.0,1.0,1.0,0.0
2012-06-25,66.27,66.41,65.94,66.34,66.27,66.41,65.94,66.34,15986.0,0.0,1.0,1.0,0.0
2012-06-26,66.4,66.75,65.99,66.51,66.4,66.75,65.99,66.51,23896.0,0.0,1.0,1.0,0.0
2012-06-27,66.8,66.99,66.63,66.94,66.8,66.99,66.63,66.94,13299.0,0.0,1.0,1.0,0.0
2012-06-28,66.67,66.99,66.35,66.99,66.67,66.99,66.35,66.99,45698.0,0.0,1.0,1.0,0.0
2012-06-29,67.93,68.0,67.64,67.81,67.93,68.0,67.64,67.81,26460.0,0.0,1.0,1.0,0.0
2012-07-02,68.0,69.42,67.82,69.42,68.0,69.42,67.82,69.42,675702.0,0.0,1.0,1.0,0.0
2012-07-03,69.59,69.59,69.12,69.56,69.59,69.59,69.12,69.56,55369.0,0.0,1.0,1.0,27.72
2012-07-05,70.46,70.46,68.87,69.03,70.46,70.46,68.87,69.03,151611.0,0.0,1.0,1.0,0.0
2012-07-06,68.67,69.03,68.56,69.03,68.67,69.03,68.56,69.03,37959.0,0.0,1.0,1.0,6.91
2012-07-09,69.78,69.78,68.67,69.27,69.78,69.78,68.67,69.27,433250.0,0.0,1.0,1.0,0.0
2012-07-10,69.87,69.87,69.05,69.09,69.87,69.87,69.05,69.09,44382.0,0.0,1.0,1.0,0.0
2012-07-11,69.8,69.8,68.98,69.24,69.8,69.8,68.98,69.24,28540.0,0.0,1.0,1.0,20.73
2012-07-12,69.18,69.18,68.13,68.84,69.18,69.18,68.13,68.84,30684.0,0.0,1.0,1.0,0.0
2012-07-13,69.11,69.69,68.84,69.47,69.11,69.69,68.84,69.47,11766.0,0.0,1.0,1.0,6.87
2012-07-16,69.58,69.7,69.27,69.53,69.58,69.7,69.27,69.53,80925.0,0.0,1.0,1.0,0.0
2012-07-17,70.28,70.29,69.4,70.14,70.28,70.29,69.4,70.14,45918.0,0.0,1.0,1.0,0.0
2012-07-18,70.09,70.66,69.89,70.34,70.09,70.66,69.89,70.34,31560.0,0.0,1.0,1.0,0.0
2012-07-19,70.16,70.16,69.27,69.28,70.16,70.16,69.27,69.28,29876.0,0.0,1.0,1.0,0.0
2012-07-20,68.98,69.1,68.59,68.75,68.98,69.1,68.59,68.75,55084.0,0.0,1.0,1.0,0.0
2012-07-23,68.12,68.34,67.37,68.17,68.12,68.34,67.37,68.17,44095.0,0.0,1.0,1.0,0.0
2012-07-24,68.5,68.5,66.6,66.84,68.5,68.5,66.6,66.84,48867.0,0.0,1.0,1.0,0.0
2012-07-25,68.36,68.36,65.66,66.57,68.36,68.36,65.66,66.57,35335.0,0.0,1.0,1.0,0.0
2012-07-26,68.42,68.94,68.3,68.75,68.42,68.94,68.3,68.75,51619.0,0.0,1.0,1.0,0.0
2012-07-27,69.99,70.63,69.28,70.49,69.99,70.63,69.28,70.49,38338.0,0.0,1.0,1.0,6.88
2012-07-30,70.32,70.9,70.17,70.79,70.32,70.9,70.17,70.79,100225.0,0.0,1.0,1.0,7.05
2012-07-31,71.19,71.29,70.55,70.86,71.19,71.29,70.55,70.86,97913.0,0.0,1.0,1.0,0.0
2012-08-01,70.97,71.82,70.87,70.87,70.97,71.82,70.87,70.87,123936.0,0.0,1.0,1.0,0.0
2012-08-02,70.86,70.86,69.86,70.38,70.86,70.86,69.86,70.38,40142.0,0.0,1.0,1.0,0.0
2012-08-03,71.64,71.64,70.46,70.58,71.64,71.64,70.46,70.58,25385.0,0.0,1.0,1.0,0.0
2012-08-06,71.07,71.24,70.63,71.06,71.07,71.24,70.63,71.06,67958.0,0.0,1.0,1.0,0.0
2012-08-07,71.46,71.46,70.38,70.42,71.46,71.46,70.38,70.42,54540.0,0.0,1.0,1.0,0.0
2012-08-08,70.34,71.11,70.14,71.11,70.34,71.11,70.14,71.11,67857.0,0.0,1.0,1.0,7.05
2012-08-09,71.4,71.4,70.57,71.05,71.4,71.4,70.57,71.05,57693.0,0.0,1.0,1.0,0.0
2012-08-10,71.41,71.73,70.7,71.72,71.41,71.73,70.7,71.72,16887.0,0.0,1.0,1.0,0.0
2012-08-13,71.97,71.97,71.37,71.68,71.97,71.97,71.37,71.68,16316.0,0.0,1.0,1.0,0.0
2012-08-14,72.0,72.0,71.5,71.78,72.0,72.0,71.5,71.78,46005.0,0.0,1.0,1.0,0.0
2012-08-15,71.73,72.28,71.44,72.27,71.73,72.28,71.44,72.27,22790.0,0.0,1.0,1.0,0.0
2012-08-16,72.2,72.2,71.49,71.95,72.2,72.2,71.49,71.95,27483.0,0.0,1.0,1.0,0.0
2012-08-17,71.94,72.37,71.8,72.26,71.94,72.37,71.8,72.26,22083.0,0.0,1.0,1.0,0.0
2012-08-20,72.33,72.38,71.51,71.65,72.33,72.38,71.51,71.65,258270.0,0.0,1.0,1.0,0.0
2012-08-21,71.86,72.2,71.1,71.2,71.86,72.2,71.1,71.2,81186.0,0.0,1.0,1.0,-7.18
2012-08-22,71.24,71.24,70.29,70.51,71.24,71.24,70.29,70.51,37886.0,0.0,1.0,1.0,0.0
2012-08-23,70.17,70.38,69.96,70.31,70.17,70.38,69.96,70.31,26943.0,0.0,1.0,1.0,0.0
2012-08-24,70.15,71.13,70.06,71.06,70.15,71.13,70.06,71.06,15957.0,0.0,1.0,1.0,0.0
2012-08-27,71.16,71.17,70.59,70.64,71.16,71.17,70.59,70.64,28112.0,0.0,1.0,1.0,0.0
2012-08-28,70.64,70.91,70.57,70.57,70.64,70.91,70.57,70.57,24521.0,0.0,1.0,1.0,0.0
2012-08-29,70.7,71.33,70.42,71.1,70.7,71.33,70.42,71.1,25818.0,0.0,1.0,1.0,0.0
2012-08-30,70.87,70.87,70.42,70.63,70.87,70.87,70.42,70.63,18147.0,0.0,1.0,1.0,0.0
2012-08-31,71.12,71.14,70.35,70.83,71.12,71.14,70.35,70.83,16335.0,0.0,1.0,1.0,0.0
2012-09-04,70.72,71.42,70.45,71.3,70.72,71.42,70.45,71.3,237118.0,0.0,1.0,1.0,0.0
2012-09-05,71.32,71.87,71.32,71.68,71.32,71.87,71.32,71.68,23103.0,0.0,1.0,1.0,-7.14
2012-09-06,72.03,72.9,71.98,72.67,72.03,72.9,71.98,72.67,40779.0,0.0,1.0,1.0,0.0
2012-09-07,72.9,72.98,72.37,72.48,72.9,72.98,72.37,72.48,41445.0,0.0,1.0,1.0,0.0
2012-09-10,72.57,73.18,72.57,72.68,72.57,73.18,72.57,72.68,88306.0,0.0,1.0,1.0,0.0
2012-09-11,72.8,73.18,72.8,72.88,72.8,73.18,72.8,72.88,25251.0,0.0,1.0,1.0,0.0
2012-09-12,73.16,73.63,72.9,73.63,73.16,73.63,72.9,73.63,61320.0,0.0,1.0,1.0,0.0
2012-09-13,73.38,74.74,73.38,74.49,73.38,74.74,73.38,74.49,28097.0,0.0,1.0,1.0,0.0
2012-09-14,74.33,74.47,73.44,73.64,74.33,74.47,73.44,73.64,22504.0,0.0,1.0,1.0,0.0
2012-09-17,73.02,73.94,73.02,73.86,73.02,73.94,73.02,73.86,18740.0,0.0,1.0,1.0,0.0
2012-09-18,73.86,74.18,73.76,74.11,73.86,74.18,73.76,74.11,22494.0,0.0,1.0,1.0,0.0
2012-09-19,74.33,75.0,74.04,74.87,74.33,75.0,74.04,74.87,25494.0,0.0,1.0,1.0,0.0
2012-09-20,74.56,75.24,74.41,75.1,74.56,75.24,74.41,75.1,29350.0,0.0,1.0,1.0,0.0
2012-09-21,75.54,76.27,75.54,76.1,75.54,76.27,75.54,76.1,41649.0,0.0,1.0,1.0,0.0
2012-09-24,76.0,76.37,75.55,76.03,76.0,76.37,75.55,76.03,69177.0,0.0,1.0,1.0,0.0
2012-09-25,76.52,76.52,75.41,75.45,76.52,76.52,75.41,75.45,24316.0,0.0,1.0,1.0,7.59
2012-09-26,74.95,75.53,74.86,75.32,74.95,75.53,74.86,75.32,56990.0,0.0,1.0,1.0,0.0
2012-09-27,75.75,75.99,75.31,75.81,75.75,75.99,75.31,75.81,18671.0,0.0,1.0,1.0,0.0
2012-09-28,75.48,75.48,74.91,75.05,75.48,75.48,74.91,75.05,18366.0,0.0,1.0,1.0,0.0
2012-10-01,75.56,75.56,74.87,75.03,75.56,75.56,74.87,75.03,515687.0,0.0,1.0,1.0,0.0
2012-10-02,75.49,75.49,75.0,75.17,75.49,75.49,75.0,75.17,12141.0,0.0,1.0,1.0,7.5
2012-10-03,75.45,75.73,74.47,75.37,75.45,75.73,74.47,75.37,24795.0,0.0,1.0,1.0,0.0
2012-10-04,75.68,75.82,75.08,75.72,75.68,75.82,75.08,75.72,34815.0,0.0,1.0,1.0,0.0
2012-10-05,76.47,76.47,75.8,76.16,76.47,76.47,75.8,76.16,21276.0,0.0,1.0,1.0,0.0
2012-10-08,76.0,76.0,75.44,75.51,76.0,76.0,75.44,75.51,16706.0,0.0,1.0,1.0,0.0
2012-10-09,75.51,75.51,74.49,74.49,75.51,75.51,74.49,74.49,49395.0,0.0,1.0,1.0,0.0
2012-10-10,74.66,74.69,74.11,74.26,74.66,74.69,74.11,74.26,26817.0,0.0,1.0,1.0,0.0
2012-10-11,75.47,75.71,74.55,75.06,75.47,75.71,74.55,75.06,46604.0,0.0,1.0,1.0,7.43
2012-10-12,75.02,75.18,74.33,74.38,75.02,75.18,74.33,74.38,20100.0,0.0,1.0,1.0,0.0
2012-10-15,74.51,74.7,74.0,74.39,74.51,74.7,74.0,74.39,43607.0,0.0,1.0,1.0,0.0
2012-10-16,74.59,74.72,73.87,74.2,74.59,74.72,73.87,74.2,22110.0,0.0,1.0,1.0,0.0
2012-10-17,74.49,74.95,74.49,74.65,74.49,74.95,74.49,74.65,23857.0,0.0,1.0,1.0,0.0
2012-10-18,74.95,75.72,74.84,75.01,74.95,75.72,74.84,75.01,24586.0,0.0,1.0,1.0,0.0
2012-10-19,74.87,74.87,73.35,73.57,74.87,74.87,73.35,73.57,50896.0,0.0,1.0,1.0,0.0
2012-10-22,73.57,73.57,72.65,72.92,73.57,73.57,72.65,72.92,426200.0,0.0,1.0,1.0,0.0
2012-10-23,72.02,72.48,71.96,72.16,72.02,72.48,71.96,72.16,65772.0,0.0,1.0,1.0,-7.31
2012-10-24,72.02,72.46,71.5,72.24,72.02,72.46,71.5,72.24,19939.0,0.0,1.0,1.0,0.0
2012-10-25,72.59,72.71,71.56,71.73,72.59,72.71,71.56,71.73,40337.0,0.0,1.0,1.0,0.0
2012-10-26,71.71,72.35,71.63,72.16,71.71,72.35,71.63,72.16,14329.0,0.0,1.0,1.0,0.0
2012-10-31,72.49,72.5,71.58,71.79,72.49,72.5,71.58,71.79,437367.0,0.0,1.0,1.0,0.0
2012-11-01,72.16,72.77,71.99,72.47,72.16,72.77,71.99,72.47,168692.0,0.0,1.0,1.0,0.0
2012-11-02,72.84,72.96,71.86,71.97,72.84,72.96,71.86,71.97,86732.0,0.0,1.0,1.0,-29.09
2012-11-05,71.9,71.9,71.08,71.78,71.9,71.9,71.08,71.78,61460.0,0.0,1.0,1.0,-7.2
2012-11-06,71.66,72.02,71.39,71.73,71.66,72.02,71.39,71.73,52538.0,0.0,1.0,1.0,0.0
2012-11-07,71.14,71.14,69.69,70.0,71.14,71.14,69.69,70.0,53192.0,0.0,1.0,1.0,0.0
2012-11-08,70.21,70.21,69.4,69.43,70.21,70.21,69.4,69.43,49183.0,0.0,1.0,1.0,0.0
2012-11-09,69.01,69.92,68.4,69.33,69.01,69.92,68.4,69.33,157682.0,0.0,1.0,1.0,0.0
2012-11-12,69.37,69.84,69.37,69.51,69.37,69.84,69.37,69.51,48919.0,0.0,1.0,1.0,0.0
2012-11-13,69.33,70.23,69.33,69.33,69.33,70.23,69.33,69.33,40004.0,0.0,1.0,1.0,0.0
2012-11-14,69.66,69.66,68.53,68.53,69.66,69.66,68.53,68.53,34483.0,0.0,1.0,1.0,0.0
2012-11-15,68.29,68.86,67.65,67.95,68.29,68.86,67.65,67.95,38386.0,0.0,1.0,1.0,0.0
2012-11-16,67.78,68.33,67.06,68.04,67.78,68.33,67.06,68.04,41316.0,0.0,1.0,1.0,0.0
2012-11-19,68.57,69.45,68.57,69.44,68.57,69.45,68.57,69.44,53991.0,0.0,1.0,1.0,0.0
2012-11-20,69.47,69.47,68.78,69.01,69.47,69.47,68.78,69.01,223384.0,0.0,1.0,1.0,0.0
2012-11-21,69.23,69.51,69.12,69.51,69.23,69.51,69.12,69.51,24040.0,0.0,1.0,1.0,-13.83
2012-11-23,69.72,70.43,69.72,70.43,69.72,70.43,69.72,70.43,47184.0,0.0,1.0,1.0,0.0
2012-11-26,70.18,70.18,69.78,70.09,70.18,70.18,69.78,70.09,72727.0,0.0,1.0,1.0,0.0
2012-11-27,70.09,70.23,69.7,69.9,70.09,70.23,69.7,69.9,42375.0,0.0,1.0,1.0,0.0
2012-11-28,69.29,70.3,69.11,70.3,69.29,70.3,69.11,70.3,23907.0,0.0,1.0,1.0,0.0
2012-11-29,70.63,71.17,70.47,71.1,70.63,71.17,70.47,71.1,21928.0,0.0,1.0,1.0,0.0
2012-11-30,71.07,71.31,70.77,71.23,71.07,71.31,70.77,71.23,28882.0,0.0,1.0,1.0,0.0
2012-12-03,71.53,71.53,70.78,71.25,71.53,71.53,70.78,71.25,25879.0,0.0,1.0,1.0,0.0
2012-12-04,71.19,71.25,70.94,71.14,71.19,71.25,70.94,71.14,22496.0,0.0,1.0,1.0,0.0
2012-12-05,71.1,71.51,70.86,71.17,71.1,71.51,70.86,71.17,47986.0,0.0,1.0,1.0,0.0
2012-12-06,71.07,71.37,70.88,71.23,71.07,71.37,70.88,71.23,94848.0,0.0,1.0,1.0,0.0
2012-12-07,71.3,71.37,70.78,71.29,71.3,71.37,70.78,71.29,58090.0,0.0,1.0,1.0,0.0
2012-12-10,71.28,71.35,70.95,71.06,71.28,71.35,70.95,71.06,185641.0,0.0,1.0,1.0,0.0
2012-12-11,71.44,71.9,71.4,71.83,71.44,71.9,71.4,71.83,19507.0,0.0,1.0,1.0,-7.12
2012-12-12,72.03,72.7,71.82,72.44,72.03,72.7,71.82,72.44,22462.0,0.0,1.0,1.0,0.0
2012-12-13,72.7,72.96,72.28,72.51,72.7,72.96,72.28,72.51,21329.0,0.0,1.0,1.0,0.0
2012-12-14,72.31,72.87,72.19,72.4,72.31,72.87,72.19,72.4,20767.0,0.0,1.0,1.0,0.0
2012-12-17,72.38,72.93,72.11,72.91,72.38,72.93,72.11,72.91,57806.0,0.0,1.0,1.0,0.0
2012-12-18,73.48,73.48,72.33,73.32,73.48,73.48,72.33,73.32,51803.0,0.0,1.0,1.0,0.0
2012-12-19,73.58,73.58,72.72,72.85,73.58,73.58,72.72,72.85,52668.0,0.0,1.0,1.0,-7.33
2012-12-20,70.67,70.67,69.86,70.57,70.67,70.67,69.86,70.57,83200.0,2.47,1.0,1.0,0.0
2012-12-21,69.66,70.26,69.48,70.04,69.66,70.26,69.48,70.04,50406.0,0.0,1.0,1.0,0.0
2012-12-24,70.01,70.01,69.68,69.83,70.01,70.01,69.68,69.83,7669.0,0.0,1.0,1.0,0.0
2012-12-26,69.91,69.99,69.31,69.71,69.91,69.99,69.31,69.71,57965.0,0.0,1.0,1.0,0.0
2012-12-27,69.9,69.9,68.83,69.73,69.9,69.9,68.83,69.73,73348.0,0.0,1.0,1.0,0.0
2012-12-28,69.41,69.48,69.04,69.08,69.41,69.48,69.04,69.08,29470.0,0.0,1.0,1.0,0.0
2012-12-31,68.69,70.01,68.69,70.01,68.69,70.01,68.69,70.01,43188.0,0.0,1.0,1.0,0.0
2013-01-02,71.53,71.7,70.65,71.3,71.53,71.7,70.65,71.3,1121435.0,0.0,1.0,1.0,0.0
2013-01-03,71.58,71.74,71.1,71.37,71.58,71.74,71.1,71.37,108903.0,0.0,1.0,1.0,-50.04
2013-01-04,71.37,71.97,71.26,71.84,71.37,71.97,71.26,71.84,33299.0,0.0,1.0,1.0,0.0
2013-01-07,71.78,72.05,71.54,72.01,71.78,72.05,71.54,72.01,49790.0,0.0,1.0,1.0,0.0
2013-01-08,72.02,72.02,70.75,70.86,72.02,72.02,70.75,70.86,32110.0,0.0,1.0,1.0,0.0
2013-01-09,71.07,71.42,71.07,71.32,71.07,71.42,71.07,71.32,68432.0,0.0,1.0,1.0,0.0
2013-01-10,71.62,71.8,71.37,71.67,71.62,71.8,71.37,71.67,25173.0,0.0,1.0,1.0,0.0
2013-01-11,71.84,71.84,71.38,71.51,71.84,71.84,71.38,71.51,19828.0,0.0,1.0,1.0,-14.35
2013-01-14,71.67,71.67,70.85,70.85,71.67,71.67,70.85,70.85,21368.0,0.0,1.0,1.0,0.0
2013-01-15,70.81,70.81,70.22,70.33,70.81,70.81,70.22,70.33,24466.0,0.0,1.0,1.0,0.0
2013-01-16,70.34,70.34,69.73,69.74,70.34,70.34,69.73,69.74,42682.0,0.0,1.0,1.0,0.0
2013-01-17,70.04,70.39,69.75,70.28,70.04,70.39,69.75,70.28,37137.0,0.0,1.0,1.0,0.0
2013-01-18,70.22,70.61,70.07,70.61,70.22,70.61,70.07,70.61,28761.0,0.0,1.0,1.0,0.0
2013-01-22,70.5,71.32,70.49,71.32,70.5,71.32,70.49,71.32,38341.0,0.0,1.0,1.0,0.0
2013-01-23,71.37,71.58,71.2,71.42,71.37,71.58,71.2,71.42,78207.0,0.0,1.0,1.0,0.0
2013-01-24,71.53,71.84,71.29,71.49,71.53,71.84,71.29,71.49,37131.0,0.0,1.0,1.0,0.0
2013-01-25,71.8,71.8,71.06,71.34,71.8,71.8,71.06,71.34,30300.0,0.0,1.0,1.0,0.0
2013-01-28,71.65,71.65,71.18,71.47,71.65,71.65,71.18,71.47,30514.0,0.0,1.0,1.0,0.0
2013-01-29,71.49,72.25,71.49,72.24,71.49,72.25,71.49,72.24,54310.0,0.0,1.0,1.0,0.0
2013-01-30,72.06,72.29,71.58,71.63,72.06,72.29,71.58,71.63,32552.0,0.0,1.0,1.0,0.0
2013-01-31,71.64,72.27,71.59,72.23,71.64,72.27,71.59,72.23,86176.0,0.0,1.0,1.0,0.0
2013-02-01,73.25,73.39,72.8,73.27,73.25,73.39,72.8,73.27,43086.0,0.0,1.0,1.0,0.0
2013-02-04,73.23,73.23,72.34,72.63,73.23,73.23,72.34,72.63,35913.0,0.0,1.0,1.0,0.0
2013-02-05,72.87,73.2,72.58,72.81,72.87,73.2,72.58,72.81,50606.0,0.0,1.0,1.0,0.0
2013-02-06,72.5,72.91,72.4,72.81,72.5,72.91,72.4,72.81,21105.0,0.0,1.0,1.0,7.27
2013-02-07,73.15,73.15,72.22,72.63,73.15,73.15,72.22,72.63,27254.0,0.0,1.0,1.0,0.0
2013-02-08,72.89,72.89,72.58,72.66,72.89,72.89,72.58,72.66,21545.0,0.0,1.0,1.0,0.0
2013-02-11,72.95,72.95,72.37,72.51,72.95,72.95,72.37,72.51,12273.0,0.0,1.0,1.0,0.0
2013-02-12,72.75,72.75,72.27,72.64,72.75,72.75,72.27,72.64,39999.0,0.0,1.0,1.0,0.0
2013-02-13,73.0,73.0,72.31,72.54,73.0,73.0,72.31,72.54,28198.0,0.0,1.0,1.0,0.0
2013-02-14,71.76,71.76,71.19,71.45,71.76,71.76,71.19,71.45,46456.0,0.0,1.0,1.0,0.0
2013-02-15,71.5,71.88,71.35,71.64,71.5,71.88,71.35,71.64,16966.0,0.0,1.0,1.0,0.0
2013-02-19,72.08,72.19,71.72,72.15,72.08,72.19,71.72,72.15,23284.0,0.0,1.0,1.0,0.0
2013-02-20,72.2,72.25,71.54,71.57,72.2,72.25,71.54,71.57,32480.0,0.0,1.0,1.0,0.0
2013-02-21,71.66,71.66,71.0,71.42,71.66,71.66,71.0,71.42,22176.0,0.0,1.0,1.0,0.0
2013-02-22,71.76,72.15,71.42,72.1,71.76,72.15,71.42,72.1,41816.0,0.0,1.0,1.0,7.14
2013-02-25,72.5,72.62,71.44,71.44,72.5,72.62,71.44,71.44,21133.0,0.0,1.0,1.0,7.21
2013-02-26,71.62,71.89,71.35,71.67,71.62,71.89,71.35,71.67,41726.0,0.0,1.0,1.0,0.0
2013-02-27,71.55,72.03,71.44,71.86,71.55,72.03,71.44,71.86,28077.0,0.0,1.0,1.0,-7.16
2013-02-28,71.85,72.3,71.67,71.67,71.85,72.3,71.67,71.67,16706.0,0.0,1.0,1.0,0.0
2013-03-01,71.32,71.71,71.16,71.62,71.32,71.71,71.16,71.62,18925.0,0.0,1.0,1.0,0.0
2013-03-04,71.58,72.19,71.58,72.16,71.58,72.19,71.58,72.16,45324.0,0.0,1.0,1.0,0.0
2013-03-05,72.78,72.78,72.41,72.59,72.78,72.78,72.41,72.59,45262.0,0.0,1.0,1.0,0.0
2013-03-06,72.8,72.88,72.38,72.53,72.8,72.88,72.38,72.53,95344.0,0.0,1.0,1.0,0.0
2013-03-07,72.65,72.8,72.48,72.8,72.65,72.8,72.48,72.8,20294.0,0.0,1.0,1.0,7.25
2013-03-08,72.9,73.36,72.9,73.29,72.9,73.36,72.9,73.29,27776.0,0.0,1.0,1.0,0.0
2013-03-11,73.28,73.28,72.93,73.2,73.28,73.28,72.93,73.2,28700.0,0.0,1.0,1.0,0.0
2013-03-12,73.2,73.59,73.14,73.44,73.2,73.59,73.14,73.44,28056.0,0.0,1.0,1.0,0.0
2013-03-13,73.6,73.6,73.19,73.35,73.6,73.6,73.19,73.35,20245.0,0.0,1.0,1.0,0.0
2013-03-14,73.6,73.84,73.51,73.84,73.6,73.84,73.51,73.84,35543.0,0.0,1.0,1.0,0.0
2013-03-15,73.96,73.96,73.13,73.31,73.96,73.96,73.13,73.31,16526.0,0.0,1.0,1.0,0.0
2013-03-18,72.9,73.66,72.68,73.35,72.9,73.66,72.68,73.35,26047.0,0.0,1.0,1.0,0.0
2013-03-19,73.65,73.73,73.18,73.55,73.65,73.73,73.18,73.55,30779.0,0.0,1.0,1.0,0.0
2013-03-20,73.59,73.84,73.47,73.58,73.59,73.84,73.47,73.58,32469.0,0.0,1.0,1.0,0.0
2013-03-21,73.7,73.7,72.89,73.39,73.7,73.7,72.89,73.39,46240.0,0.0,1.0,1.0,0.0
2013-03-22,73.6,73.95,73.53,73.81,73.6,73.95,73.53,73.81,32539.0,0.0,1.0,1.0,7.33
2013-03-25,73.93,74.13,73.57,73.85,73.93,74.13,73.57,73.85,15477.0,0.0,1.0,1.0,0.0
2013-03-26,74.23,74.43,73.89,74.14,74.23,74.43,73.89,74.14,47688.0,0.0,1.0,1.0,0.0
2013-03-27,73.74,73.95,73.51,73.66,73.74,73.95,73.51,73.66,45102.0,0.0,1.0,1.0,0.0
2013-03-28,73.79,74.36,73.63,74.15,73.79,74.36,73.63,74.15,333185.0,0.0,1.0,1.0,0.0
2013-04-01,74.29,74.5,74.07,74.3,74.29,74.5,74.07,74.3,56464.0,0.0,1.0,1.0,22.27
2013-04-02,74.54,74.95,74.4,74.49,74.54,74.95,74.4,74.49,54375.0,0.0,1.0,1.0,0.0
2013-04-03,74.92,74.98,74.08,74.25,74.92,74.98,74.08,74.25,29341.0,0.0,1.0,1.0,0.0
2013-04-04,74.28,74.87,74.28,74.85,74.28,74.87,74.28,74.85,22069.0,0.0,1.0,1.0,0.0
2013-04-05,75.09,75.36,74.11,75.22,75.09,75.36,74.11,75.22,46634.0,0.0,1.0,1.0,0.0
2013-04-08,75.39,75.93,75.16,75.87,75.39,75.93,75.16,75.87,70836.0,0.0,1.0,1.0,0.0
2013-04-09,76.1,76.37,75.75,76.2,76.1,76.37,75.75,76.2,25262.0,0.0,1.0,1.0,7.58
2013-04-10,76.62,77.36,76.34,77.22,76.62,77.36,76.34,77.22,40707.0,0.0,1.0,1.0,0.0
2013-04-11,77.13,77.89,77.13,77.67,77.13,77.89,77.13,77.67,25443.0,0.0,1.0,1.0,0.0
2013-04-12,77.83,78.67,77.42,78.66,77.83,78.67,77.42,78.66,894455.0,0.0,1.0,1.0,7.77
2013-04-15,78.66,78.66,77.45,77.68,78.66,78.66,77.45,77.68,226863.0,0.0,1.0,1.0,54.93
2013-04-16,77.87,78.22,77.63,77.9,77.87,78.22,77.63,77.9,54303.0,0.0,1.0,1.0,15.48
2013-04-17,77.75,77.75,76.71,76.84,77.75,77.75,76.71,76.84,124300.0,0.0,1.0,1.0,0.0
2013-04-18,77.69,78.12,77.5,77.62,77.69,78.12,77.5,77.62,16198.0,0.0,1.0,1.0,0.0
2013-04-19,77.88,78.78,77.86,78.75,77.88,78.78,77.86,78.75,26746.0,0.0,1.0,1.0,0.0
2013-04-22,79.43,79.43,78.27,79.14,79.43,79.43,78.27,79.14,177545.0,0.0,1.0,1.0,7.86
2013-04-23,79.85,79.85,79.1,79.82,79.85,79.85,79.1,79.82,49136.0,0.0,1.0,1.0,7.9
2013-04-24,79.5,79.5,77.86,78.38,79.5,79.5,77.86,78.38,146414.0,0.0,1.0,1.0,0.0
2013-04-25,78.98,79.99,78.9,79.78,78.98,79.99,78.9,79.78,87474.0,0.0,1.0,1.0,0.0
2013-04-26,79.77,79.77,79.21,79.6,79.77,79.77,79.21,79.6,13970.0,0.0,1.0,1.0,0.0
2013-04-29,79.95,79.95,79.66,79.93,79.95,79.95,79.66,79.93,424502.0,0.0,1.0,1.0,0.0
2013-04-30,80.06,80.4,79.9,80.27,80.06,80.4,79.9,80.27,37467.0,0.0,1.0,1.0,0.0
2013-05-01,80.43,80.47,79.06,79.17,80.43,80.47,79.06,79.17,99383.0,0.0,1.0,1.0,8.02
2013-05-02,79.31,79.76,79.08,79.56,79.31,79.76,79.08,79.56,45828.0,0.0,1.0,1.0,7.91
2013-05-03,80.56,80.72,79.71,79.84,80.56,80.72,79.71,79.84,44239.0,0.0,1.0,1.0,0.0
2013-05-06,80.39,80.39,79.45,79.52,80.39,80.39,79.45,79.52,129225.0,0.0,1.0,1.0,0.0
2013-05-07,79.75,80.41,79.71,80.37,79.75,80.41,79.71,80.37,39443.0,0.0,1.0,1.0,7.95
2013-05-08,80.32,81.19,80.32,81.14,80.32,81.19,80.32,81.14,51269.0,0.0,1.0,1.0,0.0
2013-05-09,81.09,81.09,80.24,80.24,81.09,81.09,80.24,80.24,43968.0,0.0,1.0,1.0,0.0
2013-05-10,80.6,80.97,80.43,80.97,80.6,80.97,80.43,80.97,21590.0,0.0,1.0,1.0,0.0
2013-05-13,81.0,81.0,80.41,80.44,81.0,81.0,80.41,80.44,52346.0,0.0,1.0,1.0,0.0
2013-05-14,80.57,81.26,80.57,81.2,80.57,81.26,80.57,81.2,68333.0,0.0,1.0,1.0,0.0
2013-05-15,81.25,81.99,81.25,81.77,81.25,81.99,81.25,81.77,40654.0,0.0,1.0,1.0,0.0
2013-05-16,81.71,81.77,81.24,81.36,81.71,81.77,81.24,81.36,59743.0,0.0,1.0,1.0,0.0
2013-05-17,81.46,81.68,81.17,81.64,81.46,81.68,81.17,81.64,26952.0,0.0,1.0,1.0,0.0
2013-05-20,81.63,81.65,80.96,81.02,81.63,81.65,80.96,81.02,108914.0,0.0,1.0,1.0,0.0
2013-05-21,80.89,81.56,80.86,81.01,80.89,81.56,80.86,81.01,69223.0,0.0,1.0,1.0,0.0
2013-05-22,81.05,81.44,79.33,79.67,81.05,81.44,79.33,79.67,46345.0,0.0,1.0,1.0,0.0
2013-05-23,78.8,80.16,78.38,80.16,78.8,80.16,78.38,80.16,51597.0,0.0,1.0,1.0,0.0
2013-05-24,79.77,79.77,79.31,79.77,79.77,79.77,79.31,79.77,17687.0,0.0,1.0,1.0,0.0
2013-05-28,80.54,80.72,79.11,79.13,80.54,80.72,79.11,79.13,210525.0,0.0,1.0,1.0,0.0
2013-05-29,78.85,78.85,77.4,77.79,78.85,78.85,77.4,77.79,66935.0,0.0,1.0,1.0,-7.92
2013-05-30,78.03,78.6,77.99,78.06,78.03,78.6,77.99,78.06,304643.0,0.0,1.0,1.0,0.0
2013-05-31,77.47,78.44,77.27,77.28,77.47,78.44,77.27,77.28,32144.0,0.0,1.0,1.0,-15.62
2013-06-03,77.18,77.39,76.57,77.28,77.18,77.39,76.57,77.28,97051.0,0.0,1.0,1.0,0.0
2013-06-04,77.01,78.24,77.01,77.64,77.01,78.24,77.01,77.64,59263.0,0.0,1.0,1.0,-7.74
2013-06-05,77.25,77.41,76.71,76.71,77.25,77.41,76.71,76.71,85972.0,0.0,1.0,1.0,0.0
2013-06-06,76.55,78.23,76.55,78.16,76.55,78.23,76.55,78.16,53732.0,0.0,1.0,1.0,0.0
2013-06-07,78.3,78.5,77.98,78.27,78.3,78.5,77.98,78.27,32967.0,0.0,1.0,1.0,0.0
2013-06-10,78.2,79.07,78.2,78.89,78.2,79.07,78.2,78.89,37864.0,0.0,1.0,1.0,0.0
2013-06-11,77.92,79.17,77.92,78.33,77.92,79.17,77.92,78.33,42498.0,0.0,1.0,1.0,0.0
2013-06-12,78.82,78.82,77.81,78.02,78.82,78.82,77.81,78.02,39635.0,0.0,1.0,1.0,0.0
2013-06-13,77.99,79.34,77.99,79.23,77.99,79.34,77.99,79.23,19628.0,0.0,1.0,1.0,0.0
2013-06-14,79.17,79.62,79.17,79.18,79.17,79.62,79.17,79.18,26991.0,0.0,1.0,1.0,0.0
2013-06-17,79.09,79.86,77.97,78.57,79.09,79.86,77.97,78.57,1012624.0,0.0,1.0,1.0,0.0
2013-06-18,78.1,79.78,78.1,79.63,78.1,79.78,78.1,79.63,33503.0,0.0,1.0,1.0,-47.19
2013-06-19,79.64,79.64,77.98,78.04,79.64,79.64,77.98,78.04,46948.0,0.0,1.0,1.0,-15.94
2013-06-20,77.37,77.43,76.37,76.5,77.37,77.43,76.37,76.5,149991.0,0.0,1.0,1.0,0.0
2013-06-21,77.17,77.17,76.18,76.86,77.17,77.17,76.18,76.86,57165.0,0.0,1.0,1.0,7.66
2013-06-24,76.18,76.61,75.75,76.15,76.18,76.61,75.75,76.15,182800.0,0.0,1.0,1.0,-15.36
2013-06-25,76.65,77.73,76.6,77.53,76.65,77.73,76.6,77.53,57988.0,0.0,1.0,1.0,0.0
2013-06-26,78.07,78.07,77.52,77.86,78.07,78.07,77.52,77.86,28275.0,0.0,1.0,1.0,0.0
2013-06-27,78.29,79.3,78.29,79.05,78.29,79.3,78.29,79.05,36866.0,0.0,1.0,1.0,0.0
2013-06-28,78.99,79.31,78.81,78.91,78.99,79.31,78.81,78.91,24034.0,0.0,1.0,1.0,0.0
2013-07-01,78.98,79.41,78.71,78.74,78.98,79.41,78.71,78.74,80172.0,0.0,1.0,1.0,0.0
2013-07-02,78.74,79.47,78.51,78.91,78.74,79.47,78.51,78.91,20543.0,0.0,1.0,1.0,0.0
2013-07-03,78.33,79.6,78.33,79.34,78.33,79.6,78.33,79.34,14438.0,0.0,1.0,1.0,0.0
2013-07-05,79.84,80.06,78.81,80.06,79.84,80.06,78.81,80.06,32176.0,0.0,1.0,1.0,0.0
2013-07-08,80.48,80.58,79.91,80.36,80.48,80.58,79.91,80.36,54711.0,0.0,1.0,1.0,0.0
2013-07-09,80.65,80.77,80.35,80.62,80.65,80.77,80.35,80.62,37625.0,0.0,1.0,1.0,0.0
2013-07-10,80.86,81.06,80.34,80.86,80.86,81.06,80.34,80.86,67822.0,0.0,1.0,1.0,0.0
2013-07-11,81.89,81.94,81.33,81.81,81.89,81.94,81.33,81.81,152008.0,0.0,1.0,1.0,8.08
2013-07-12,81.79,82.03,81.48,81.86,81.79,82.03,81.48,81.86,40610.0,0.0,1.0,1.0,0.0
2013-07-15,83.25,83.5,82.63,83.44,83.25,83.5,82.63,83.44,73979.0,0.0,1.0,1.0,0.0
2013-07-16,83.72,83.98,83.35,83.74,83.72,83.98,83.35,83.74,23737.0,0.0,1.0,1.0,-8.34
2013-07-17,83.94,84.19,83.81,83.83,83.94,84.19,83.81,83.83,24467.0,0.0,1.0,1.0,0.0
2013-07-18,83.67,83.9,83.18,83.51,83.67,83.9,83.18,83.51,30936.0,0.0,1.0,1.0,0.0
2013-07-19,83.55,83.58,83.18,83.48,83.55,83.58,83.18,83.48,14798.0,0.0,1.0,1.0,0.0
2013-07-22,83.5,83.82,83.06,83.76,83.5,83.82,83.06,83.76,60100.0,0.0,1.0,1.0,0.0
2013-07-23,83.95,83.95,83.39,83.79,83.95,83.95,83.39,83.79,29820.0,0.0,1.0,1.0,0.0
2013-07-24,83.58,83.58,82.89,83.13,83.58,83.58,82.89,83.13,29493.0,0.0,1.0,1.0,0.0
2013-07-25,82.9,83.55,82.9,83.48,82.9,83.55,82.9,83.48,22979.0,0.0,1.0,1.0,0.0
2013-07-26,83.34,83.45,83.01,83.41,83.34,83.45,83.01,83.41,9719.0,0.0,1.0,1.0,0.0
2013-07-29,83.35,83.86,83.35,83.5,83.35,83.86,83.35,83.5,72900.0,0.0,1.0,1.0,0.0
2013-07-30,83.84,83.92,82.74,82.77,83.84,83.92,82.74,82.77,36300.0,0.0,1.0,1.0,0.0
2013-07-31,82.86,83.0,82.13,82.26,82.86,83.0,82.13,82.26,27700.0,0.0,1.0,1.0,0.0
2013-08-01,83.0,83.0,82.11,82.75,83.0,83.0,82.11,82.75,32798.0,0.0,1.0,1.0,0.0
2013-08-02,82.32,82.74,82.32,82.74,82.32,82.74,82.32,82.74,12900.0,0.0,1.0,1.0,0.0
2013-08-05,82.54,83.1,82.39,83.07,82.54,83.1,82.39,83.07,64869.0,0.0,1.0,1.0,0.0
2013-08-06,83.09,83.16,82.61,82.62,83.09,83.16,82.61,82.62,21300.0,0.0,1.0,1.0,0.0
2013-08-07,82.66,82.83,82.29,82.73,82.66,82.83,82.29,82.73,82059.0,0.0,1.0,1.0,0.0
2013-08-08,83.09,83.09,82.27,82.42,83.09,83.09,82.27,82.42,20100.0,0.0,1.0,1.0,0.0
2013-08-09,82.42,82.54,81.74,82.03,82.42,82.54,81.74,82.03,19252.0,0.0,1.0,1.0,0.0
2013-08-12,81.92,82.36,81.83,82.15,81.92,82.36,81.83,82.15,13997.0,0.0,1.0,1.0,0.0
2013-08-13,82.22,82.22,81.31,81.36,82.22,82.22,81.31,81.36,377665.0,0.0,1.0,1.0,0.0
2013-08-14,81.48,81.48,81.1,81.23,81.48,81.48,81.1,81.23,21353.0,0.0,1.0,1.0,0.0
2013-08-15,80.77,80.85,80.28,80.36,80.77,80.85,80.28,80.36,14671.0,0.0,1.0,1.0,0.0
2013-08-16,80.42,80.42,79.38,79.76,80.42,80.42,79.38,79.76,30081.0,0.0,1.0,1.0,-16.08
2013-08-19,79.42,79.68,78.79,78.79,79.42,79.68,78.79,78.79,42059.0,0.0,1.0,1.0,0.0
2013-08-20,78.88,79.81,78.88,79.53,78.88,79.81,78.88,79.53,35500.0,0.0,1.0,1.0,0.0
2013-08-21,79.33,79.33,78.6,78.6,79.33,79.33,78.6,78.6,27780.0,0.0,1.0,1.0,0.0
2013-08-22,79.02,79.26,78.29,79.07,79.02,79.26,78.29,79.07,31561.0,0.0,1.0,1.0,0.0
2013-08-23,79.14,79.95,79.14,79.95,79.14,79.95,79.14,79.95,14100.0,0.0,1.0,1.0,0.0
2013-08-26,80.06,80.06,79.22,79.28,80.06,80.06,79.22,79.28,15900.0,0.0,1.0,1.0,0.0
2013-08-27,78.59,79.07,78.37,78.46,78.59,79.07,78.37,78.46,23200.0,0.0,1.0,1.0,0.0
2013-08-28,78.34,78.61,78.23,78.3,78.34,78.61,78.23,78.3,10000.0,0.0,1.0,1.0,0.0
2013-08-29,78.99,79.71,78.99,79.15,78.99,79.71,78.99,79.15,15100.0,0.0,1.0,1.0,0.0
2013-08-30,79.12,79.27,78.4,78.45,79.12,79.27,78.4,78.45,11900.0,0.0,1.0,1.0,0.0
2013-09-03,78.7,78.7,77.84,77.99,78.7,78.7,77.84,77.99,26900.0,0.0,1.0,1.0,0.0
2013-09-04,77.88,78.85,77.88,78.63,77.88,78.85,77.88,78.63,31800.0,0.0,1.0,1.0,0.0
2013-09-05,78.79,79.31,78.24,78.29,78.79,79.31,78.24,78.29,16659.0,0.0,1.0,1.0,0.0
2013-09-06,78.71,78.81,77.95,78.21,78.71,78.81,77.95,78.21,15900.0,0.0,1.0,1.0,0.0
2013-09-09,78.47,78.72,78.19,78.72,78.47,78.72,78.19,78.72,23000.0,0.0,1.0,1.0,0.0
2013-09-10,79.05,79.61,78.98,79.59,79.05,79.61,78.98,79.59,22651.0,0.0,1.0,1.0,0.0
2013-09-11,79.68,80.39,79.62,80.03,79.68,80.39,79.62,80.03,39400.0,0.0,1.0,1.0,0.0
2013-09-12,80.25,80.53,80.09,80.38,80.25,80.53,80.09,80.38,10900.0,0.0,1.0,1.0,0.0
2013-09-13,81.18,81.18,80.44,80.58,81.18,81.18,80.44,80.58,11700.0,0.0,1.0,1.0,0.0
2013-09-16,81.45,81.45,80.39,80.5,81.45,81.45,80.39,80.5,16163.0,0.0,1.0,1.0,0.0
2013-09-17,80.55,81.19,80.55,81.03,80.55,81.19,80.55,81.03,11400.0,0.0,1.0,1.0,0.0
2013-09-18,80.99,81.68,80.19,81.62,80.99,81.68,80.19,81.62,17300.0,0.0,1.0,1.0,0.0
2013-09-19,81.62,81.68,81.23,81.45,81.62,81.68,81.23,81.45,23392.0,0.0,1.0,1.0,0.0
2013-09-20,81.55,81.69,80.52,80.65,81.55,81.69,80.52,80.65,14600.0,0.0,1.0,1.0,0.0
2013-09-23,80.68,80.87,80.1,80.82,80.68,80.87,80.1,80.82,16157.0,0.0,1.0,1.0,0.0
2013-09-24,80.58,81.06,80.37,80.69,80.58,81.06,80.37,80.69,12482.0,0.0,1.0,1.0,0.0
2013-09-25,80.88,81.36,80.59,80.93,80.88,81.36,80.59,80.93,13500.0,0.0,1.0,1.0,0.0
2013-09-26,81.11,81.74,81.11,81.41,81.11,81.74,81.11,81.41,15056.0,0.0,1.0,1.0,0.0
2013-09-27,81.05,81.26,80.77,81.03,81.05,81.26,80.77,81.03,13269.0,0.0,1.0,1.0,0.0
2013-09-30,80.24,80.86,80.12,80.77,80.24,80.86,80.12,80.77,15499.0,0.0,1.0,1.0,0.0
2013-10-01,80.69,81.5,80.69,81.31,80.69,81.5,80.69,81.31,51962.0,0.0,1.0,1.0,0.0
2013-10-02,81.17,81.6,80.71,81.24,81.17,81.6,80.71,81.24,286100.0,0.0,1.0,1.0,0.0
2013-10-03,81.21,81.21,80.36,80.66,81.21,81.21,80.36,80.66,28083.0,0.0,1.0,1.0,0.0
2013-10-04,80.85,80.97,80.5,80.77,80.85,80.97,80.5,80.77,178300.0,0.0,1.0,1.0,0.0
2013-10-07,80.53,81.35,80.5,80.91,80.53,81.35,80.5,80.91,17078.0,0.0,1.0,1.0,0.0
2013-10-08,81.07,81.07,79.76,79.76,81.07,81.07,79.76,79.76,22100.0,0.0,1.0,1.0,0.0
2013-10-09,79.77,80.68,79.77,79.98,79.77,80.68,79.77,79.98,22656.0,0.0,1.0,1.0,0.0
2013-10-10,80.74,81.46,80.74,81.39,80.74,81.46,80.74,81.39,17576.0,0.0,1.0,1.0,0.0
2013-10-11,81.18,82.21,81.18,82.04,81.18,82.21,81.18,82.04,13176.0,0.0,1.0,1.0,0.0
2013-10-14,81.79,82.05,81.63,81.92,81.79,82.05,81.63,81.92,14200.0,0.0,1.0,1.0,0.0
2013-10-15,81.96,82.15,81.5,81.55,81.96,82.15,81.5,81.55,29173.0,0.0,1.0,1.0,0.0
2013-10-16,82.02,82.8,81.93,82.76,82.02,82.8,81.93,82.76,25300.0,0.0,1.0,1.0,0.0
2013-10-17,83.12,84.26,83.1,84.24,83.12,84.26,83.1,84.24,34100.0,0.0,1.0,1.0,0.0
2013-10-18,84.73,85.21,84.27,85.16,84.73,85.21,84.27,85.16,26750.0,0.0,1.0,1.0,0.0
2013-10-21,85.67,85.67,85.07,85.4,85.67,85.67,85.07,85.4,421700.0,0.0,1.0,1.0,0.0
2013-10-22,85.82,85.9,85.25,85.66,85.82,85.9,85.25,85.66,115751.0,0.0,1.0,1.0,25.6
2013-10-23,85.37,85.73,85.25,85.5,85.37,85.73,85.25,85.5,22962.0,0.0,1.0,1.0,0.0
2013-10-24,85.65,85.65,85.0,85.54,85.65,85.65,85.0,85.54,92700.0,0.0,1.0,1.0,0.0
2013-10-25,85.5,85.96,85.32,85.96,85.5,85.96,85.32,85.96,12054.0,0.0,1.0,1.0,0.0
2013-10-28,86.5,86.5,85.89,86.32,86.5,86.5,85.89,86.32,27700.0,0.0,1.0,1.0,0.0
2013-10-29,86.55,87.32,85.47,87.18,86.55,87.32,85.47,87.18,20689.0,0.0,1.0,1.0,8.63
2013-10-30,87.25,87.49,86.34,86.79,87.25,87.49,86.34,86.79,45900.0,0.0,1.0,1.0,0.0
2013-10-31,87.17,87.55,85.72,86.51,87.17,87.55,85.72,86.51,39200.0,0.0,1.0,1.0,0.0
2013-11-01,86.8,86.85,85.5,85.67,86.8,86.85,85.5,85.67,57552.0,0.0,1.0,1.0,0.0
2013-11-04,86.29,86.8,85.92,86.79,86.29,86.8,85.92,86.79,49561.0,0.0,1.0,1.0,8.58
2013-11-05,86.85,86.85,86.12,86.12,86.85,86.85,86.12,86.12,22861.0,0.0,1.0,1.0,0.0
2013-11-06,86.6,86.72,86.21,86.38,86.6,86.72,86.21,86.38,19200.0,0.0,1.0,1.0,0.0
2013-11-07,86.41,86.41,84.53,84.68,86.41,86.41,84.53,84.68,20800.0,0.0,1.0,1.0,0.0
2013-11-08,84.41,85.27,84.03,85.27,84.41,85.27,84.03,85.27,20750.0,0.0,1.0,1.0,0.0
2013-11-11,85.25,85.25,84.74,84.82,85.25,85.25,84.74,84.82,15400.0,0.0,1.0,1.0,0.0
2013-11-12,84.84,84.99,84.58,84.88,84.84,84.99,84.58,84.88,26982.0,0.0,1.0,1.0,0.0
2013-11-13,84.54,84.91,84.34,84.9,84.54,84.91,84.34,84.9,20700.0,0.0,1.0,1.0,0.0
2013-11-14,85.08,85.08,84.64,84.64,85.08,85.08,84.64,84.64,151900.0,0.0,1.0,1.0,0.0
2013-11-15,84.66,84.99,84.57,84.91,84.66,84.99,84.57,84.91,34600.0,0.0,1.0,1.0,-8.47
2013-11-18,85.17,85.55,85.05,85.29,85.17,85.55,85.05,85.29,30488.0,0.0,1.0,1.0,0.0
2013-11-19,85.36,85.49,84.79,85.04,85.36,85.49,84.79,85.04,85578.0,0.0,1.0,1.0,0.0
2013-11-20,85.27,85.71,84.32,84.44,85.27,85.71,84.32,84.44,25900.0,0.0,1.0,1.0,0.0
2013-11-21,84.7,85.12,84.64,84.91,84.7,85.12,84.64,84.91,23700.0,0.0,1.0,1.0,0.0
2013-11-22,84.97,84.97,84.34,84.7,84.97,84.97,84.34,84.7,45000.0,0.0,1.0,1.0,0.0
2013-11-25,84.82,84.89,84.27,84.42,84.82,84.89,84.27,84.42,51252.0,0.0,1.0,1.0,0.0
2013-11-26,84.54,85.21,84.39,84.88,84.54,85.21,84.39,84.88,35284.0,0.0,1.0,1.0,8.44
2013-11-27,85.08,85.12,84.67,85.07,85.08,85.12,84.67,85.07,14882.0,0.0,1.0,1.0,0.0
2013-11-29,85.35,85.46,85.01,85.05,85.35,85.46,85.01,85.05,9900.0,0.0,1.0,1.0,0.0
2013-12-02,84.9,84.9,83.96,84.0,84.9,84.9,83.96,84.0,32900.0,0.0,1.0,1.0,0.0
2013-12-03,83.97,84.03,83.6,84.03,83.97,84.03,83.6,84.03,31197.0,0.0,1.0,1.0,0.0
2013-12-04,83.71,84.38,83.38,84.0,83.71,84.38,83.38,84.0,39699.0,0.0,1.0,1.0,0.0
2013-12-05,83.5,84.02,83.5,83.66,83.5,84.02,83.5,83.66,25800.0,0.0,1.0,1.0,0.0
2013-12-06,84.2,84.38,83.97,84.19,84.2,84.38,83.97,84.19,22082.0,0.0,1.0,1.0,0.0
2013-12-09,84.23,84.23,83.74,83.91,84.23,84.23,83.74,83.91,472500.0,0.0,1.0,1.0,0.0
2013-12-10,83.84,83.86,83.09,83.18,83.84,83.86,83.09,83.18,48672.0,0.0,1.0,1.0,-16.8
2013-12-11,83.33,83.33,82.12,82.26,83.33,83.33,82.12,82.26,24200.0,0.0,1.0,1.0,0.0
2013-12-12,82.33,82.34,81.68,82.11,82.33,82.34,81.68,82.11,43200.0,0.0,1.0,1.0,0.0
2013-12-13,82.26,82.6,81.85,82.6,82.26,82.6,81.85,82.6,29400.0,0.0,1.0,1.0,0.0
2013-12-16,83.11,83.48,82.58,82.88,83.11,83.48,82.58,82.88,27400.0,0.0,1.0,1.0,0.0
2013-12-17,83.15,83.15,82.43,82.65,83.15,83.15,82.43,82.65,32300.0,0.0,1.0,1.0,0.0
2013-12-18,82.76,83.78,82.5,83.78,82.76,83.78,82.5,83.78,22600.0,0.0,1.0,1.0,0.0
2013-12-19,83.72,84.46,83.62,84.32,83.72,84.46,83.62,84.32,67800.0,0.0,1.0,1.0,0.0
2013-12-20,81.24,81.74,81.04,81.74,81.24,81.74,81.04,81.74,39300.0,3.24,1.0,1.0,25.27
2013-12-23,81.3,82.59,81.3,82.55,81.3,82.59,81.3,82.55,138884.0,0.0,1.0,1.0,-16.32
2013-12-24,82.64,83.17,82.4,83.08,82.64,83.17,82.4,83.08,61975.0,0.0,1.0,1.0,-8.25
2013-12-26,83.37,83.41,83.15,83.37,83.37,83.41,83.15,83.37,41859.0,0.0,1.0,1.0,0.0
2013-12-27,83.59,83.84,83.4,83.84,83.59,83.84,83.4,83.84,128779.0,0.0,1.0,1.0,0.0
2013-12-30,83.83,83.84,83.57,83.57,83.83,83.84,83.57,83.57,50900.0,0.0,1.0,1.0,0.0
2013-12-31,83.61,83.76,83.46,83.66,83.61,83.76,83.46,83.66,37500.0,0.0,1.0,1.0,0.0
2014-01-02,83.55,83.55,82.65,82.94,83.55,83.55,82.65,82.94,87165.0,0.0,1.0,1.0,0.0
2014-01-03,83.03,83.03,82.4,82.7,83.03,83.03,82.4,82.7,137963.0,0.0,1.0,1.0,0.0
2014-01-06,83.09,83.11,82.43,82.99,83.09,83.11,82.43,82.99,105080.0,0.0,1.0,1.0,0.0
2014-01-07,83.24,83.66,83.23,83.58,83.24,83.66,83.23,83.58,34874.0,0.0,1.0,1.0,8.29
2014-01-08,83.57,83.73,83.21,83.48,83.57,83.73,83.21,83.48,35200.0,0.0,1.0,1.0,0.0
2014-01-09,83.5,83.5,82.01,82.22,83.5,83.5,82.01,82.22,41676.0,0.0,1.0,1.0,0.0
2014-01-10,82.6,82.6,82.04,82.32,82.6,82.6,82.04,82.32,88200.0,0.0,1.0,1.0,0.0
2014-01-13,82.37,82.37,81.37,81.53,82.37,82.37,81.37,81.53,44967.0,0.0,1.0,1.0,0.0
2014-01-14,81.83,82.24,81.39,82.24,81.83,82.24,81.39,82.24,34500.0,0.0,1.0,1.0,0.0
2014-01-15,82.41,83.32,82.41,83.1,82.41,83.32,82.41,83.1,35951.0,0.0,1.0,1.0,0.0
2014-01-16,83.15,83.4,83.02,83.23,83.15,83.4,83.02,83.23,26400.0,0.0,1.0,1.0,0.0
2014-01-17,83.72,83.72,82.98,83.06,83.72,83.72,82.98,83.06,54556.0,0.0,1.0,1.0,0.0
2014-01-21,83.61,83.61,82.11,82.88,83.61,83.61,82.11,82.88,80995.0,0.0,1.0,1.0,0.0
2014-01-22,82.95,83.06,82.51,82.94,82.95,83.06,82.51,82.94,62400.0,0.0,1.0,1.0,8.3
2014-01-23,82.78,82.96,82.32,82.96,82.78,82.96,82.32,82.96,56200.0,0.0,1.0,1.0,0.0
2014-01-24,82.69,82.92,81.58,81.58,82.69,82.92,81.58,81.58,69800.0,0.0,1.0,1.0,0.0
2014-01-27,81.74,82.27,81.25,81.77,81.74,82.27,81.25,81.77,646000.0,0.0,1.0,1.0,0.0
2014-01-28,81.65,81.98,81.5,81.79,81.65,81.98,81.5,81.79,58400.0,0.0,1.0,1.0,8.16
2014-01-29,80.85,81.46,80.16,81.06,80.85,81.46,80.16,81.06,71900.0,0.0,1.0,1.0,8.17
2014-01-30,81.47,81.76,81.21,81.41,81.47,81.76,81.21,81.41,29583.0,0.0,1.0,1.0,0.0
2014-01-31,80.75,82.06,80.35,81.32,80.75,82.06,80.35,81.32,39400.0,0.0,1.0,1.0,0.0
2014-02-03,81.0,81.0,78.6,78.74,81.0,81.0,78.6,78.74,119185.0,0.0,1.0,1.0,0.0
2014-02-04,79.29,79.33,78.68,79.3,79.29,79.33,78.68,79.3,44600.0,0.0,1.0,1.0,0.0
2014-02-05,79.3,79.46,78.66,79.39,79.3,79.46,78.66,79.39,39559.0,0.0,1.0,1.0,0.0
2014-02-06,79.37,79.62,78.92,79.27,79.37,79.62,78.92,79.27,32453.0,0.0,1.0,1.0,0.0
2014-02-07,79.99,80.08,79.22,80.08,79.99,80.08,79.22,80.08,51297.0,0.0,1.0,1.0,0.0
2014-02-10,80.31,80.31,79.54,79.95,80.31,80.31,79.54,79.95,40760.0,0.0,1.0,1.0,0.0
2014-02-11,80.35,81.02,80.35,80.9,80.35,81.02,80.35,80.9,57100.0,0.0,1.0,1.0,0.0
2014-02-12,81.15,81.2,80.84,81.2,81.15,81.2,80.84,81.2,53286.0,0.0,1.0,1.0,8.09
2014-02-13,81.0,82.33,81.0,82.26,81.0,82.33,81.0,82.26,59700.0,0.0,1.0,1.0,0.0
2014-02-14,82.09,82.09,81.46,81.76,82.09,82.09,81.46,81.76,28454.0,0.0,1.0,1.0,0.0
2014-02-18,81.82,81.82,81.1,81.38,81.82,81.82,81.1,81.38,636977.0,0.0,1.0,1.0,0.0
2014-02-19,81.14,81.86,80.96,81.49,81.14,81.86,80.96,81.49,49700.0,0.0,1.0,1.0,0.0
2014-02-20,81.5,82.78,81.5,82.66,81.5,82.78,81.5,82.66,31200.0,0.0,1.0,1.0,0.0
2014-02-21,82.55,82.77,81.89,81.89,82.55,82.77,81.89,81.89,44600.0,0.0,1.0,1.0,0.0
2014-02-24,81.55,82.01,81.39,81.39,81.55,82.01,81.39,81.39,68000.0,0.0,1.0,1.0,0.0
2014-02-25,81.49,81.49,80.68,80.8,81.49,81.49,80.68,80.8,55981.0,0.0,1.0,1.0,-8.13
2014-02-26,80.61,80.76,79.96,80.28,80.61,80.76,79.96,80.28,73600.0,0.0,1.0,1.0,16.15
2014-02-27,80.18,81.49,80.18,81.45,80.18,81.49,80.18,81.45,34860.0,0.0,1.0,1.0,0.0
2014-02-28,81.27,81.27,80.35,80.8,81.27,81.27,80.35,80.8,52100.0,0.0,1.0,1.0,0.0
2014-03-03,80.29,80.9,80.29,80.82,80.29,80.9,80.29,80.82,39754.0,0.0,1.0,1.0,-16.16
2014-03-04,81.44,82.54,81.39,82.28,81.44,82.54,81.39,82.28,46300.0,0.0,1.0,1.0,0.0
2014-03-05,82.06,82.19,81.86,82.04,82.06,82.19,81.86,82.04,32700.0,0.0,1.0,1.0,0.0
2014-03-06,82.21,82.21,81.99,82.1,82.21,82.21,81.99,82.1,20700.0,0.0,1.0,1.0,0.0
2014-03-07,82.1,82.12,81.45,81.83,82.1,82.12,81.45,81.83,43265.0,0.0,1.0,1.0,0.0
2014-03-10,81.5,81.63,81.0,81.63,81.5,81.63,81.0,81.63,33100.0,0.0,1.0,1.0,0.0
2014-03-11,81.42,81.77,81.17,81.3,81.42,81.77,81.17,81.3,35700.0,0.0,1.0,1.0,0.0
2014-03-12,81.02,81.38,80.98,81.33,81.02,81.38,80.98,81.33,20700.0,0.0,1.0,1.0,0.0
2014-03-13,81.58,81.71,80.73,80.93,81.58,81.71,80.73,80.93,43100.0,0.0,1.0,1.0,0.0
2014-03-14,80.86,81.29,80.86,81.18,80.86,81.29,80.86,81.18,27067.0,0.0,1.0,1.0,0.0
2014-03-17,81.55,82.22,81.55,82.19,81.55,82.22,81.55,82.19,22782.0,0.0,1.0,1.0,0.0
2014-03-18,82.32,83.0,82.22,82.92,82.32,83.0,82.22,82.92,31300.0,0.0,1.0,1.0,0.0
2014-03-19,83.0,83.15,82.09,82.57,83.0,83.15,82.09,82.57,30479.0,0.0,1.0,1.0,0.0
2014-03-20,82.53,84.17,82.5,84.07,82.53,84.17,82.5,84.07,34873.0,0.0,1.0,1.0,0.0
2014-03-21,84.25,84.6,83.88,83.94,84.25,84.6,83.88,83.94,30300.0,0.0,1.0,1.0,0.0
2014-03-24,84.26,84.28,83.56,84.08,84.26,84.28,83.56,84.08,54100.0,0.0,1.0,1.0,0.0
2014-03-25,84.29,84.58,83.75,84.28,84.29,84.58,83.75,84.28,33500.0,0.0,1.0,1.0,0.0
2014-03-26,84.72,84.72,83.82,83.82,84.72,84.72,83.82,83.82,31264.0,0.0,1.0,1.0,0.0
2014-03-27,83.97,84.53,83.76,84.27,83.97,84.53,83.76,84.27,44200.0,0.0,1.0,1.0,0.0
2014-03-28,84.47,84.65,83.86,84.46,84.47,84.65,83.86,84.46,30875.0,0.0,1.0,1.0,0.0
2014-03-31,85.0,85.21,84.79,85.11,85.0,85.21,84.79,85.11,76900.0,0.0,1.0,1.0,0.0
2014-04-01,84.94,85.87,84.69,85.87,84.94,85.87,84.69,85.87,60583.0,0.0,1.0,1.0,8.5
2014-04-02,85.89,86.38,85.87,86.09,85.89,86.38,85.87,86.09,94500.0,0.0,1.0,1.0,0.0
2014-04-03,86.02,86.11,85.66,85.88,86.02,86.11,85.66,85.88,59200.0,0.0,1.0,1.0,0.0
2014-04-04,86.54,86.54,84.83,84.95,86.54,86.54,84.83,84.95,43400.0,0.0,1.0,1.0,0.0
2014-04-07,84.57,84.85,84.21,84.27,84.57,84.85,84.21,84.27,56372.0,0.0,1.0,1.0,0.0
2014-04-08,84.38,85.21,84.21,85.21,84.38,85.21,84.21,85.21,62274.0,0.0,1.0,1.0,0.0
2014-04-09,85.32,85.32,84.63,85.17,85.32,85.32,84.63,85.17,40100.0,0.0,1.0,1.0,8.51
2014-04-10,85.2,85.65,84.18,84.23,85.2,85.65,84.18,84.23,352252.0,0.0,1.0,1.0,8.51
2014-04-11,84.0,84.03,83.1,83.17,84.0,84.03,83.1,83.17,49400.0,0.0,1.0,1.0,16.82
2014-04-14,83.64,83.76,83.05,83.56,83.64,83.76,83.05,83.56,45484.0,0.0,1.0,1.0,8.32
2014-04-15,83.57,83.81,82.76,83.71,83.57,83.81,82.76,83.71,75655.0,0.0,1.0,1.0,0.0
2014-04-16,84.55,84.55,83.72,84.46,84.55,84.55,83.72,84.46,41100.0,0.0,1.0,1.0,0.0
2014-04-17,84.72,85.5,84.27,85.16,84.72,85.5,84.27,85.16,74700.0,0.0,1.0,1.0,8.45
2014-04-21,85.43,85.43,85.01,85.19,85.43,85.43,85.01,85.19,50382.0,0.0,1.0,1.0,0.0
2014-04-22,85.29,85.99,85.09,85.72,85.29,85.99,85.09,85.72,60900.0,0.0,1.0,1.0,0.0
2014-04-23,85.21,85.21,83.91,84.25,85.21,85.21,83.91,84.25,155083.0,0.0,1.0,1.0,0.0
2014-04-24,84.72,84.72,83.09,83.17,84.72,84.72,83.09,83.17,64596.0,0.0,1.0,1.0,0.0
2014-04-25,83.31,83.31,82.37,82.42,83.31,83.31,82.37,82.42,104500.0,0.0,1.0,1.0,-8.32
2014-04-28,82.65,83.13,82.0,82.72,82.65,83.13,82.0,82.72,36386.0,0.0,1.0,1.0,0.0
2014-04-29,83.06,83.62,82.97,83.45,83.06,83.62,82.97,83.45,68761.0,0.0,1.0,1.0,8.27
2014-04-30,83.11,84.42,83.11,84.42,83.11,84.42,83.11,84.42,48100.0,0.0,1.0,1.0,0.0
2014-05-01,84.8,85.0,84.54,85.0,84.8,85.0,84.54,85.0,78789.0,0.0,1.0,1.0,0.0
2014-05-02,85.14,85.82,85.0,85.27,85.14,85.82,85.0,85.27,30379.0,0.0,1.0,1.0,0.0
2014-05-05,85.4,85.61,84.94,85.56,85.4,85.61,84.94,85.56,34358.0,0.0,1.0,1.0,0.0
2014-05-06,85.6,85.6,84.63,84.65,85.6,85.6,84.63,84.65,29474.0,0.0,1.0,1.0,0.0
2014-05-07,85.11,85.38,84.37,85.16,85.11,85.38,84.37,85.16,29200.0,0.0,1.0,1.0,0.0
2014-05-08,85.13,86.54,84.94,85.66,85.13,86.54,84.94,85.66,43089.0,0.0,1.0,1.0,0.0
2014-05-09,85.56,86.36,85.56,86.36,85.56,86.36,85.56,86.36,26700.0,0.0,1.0,1.0,0.0
2014-05-12,86.79,87.06,86.56,86.9,86.79,87.06,86.56,86.9,47300.0,0.0,1.0,1.0,0.0
2014-05-13,86.94,86.94,86.38,86.41,86.94,86.94,86.38,86.41,33591.0,0.0,1.0,1.0,0.0
2014-05-14,86.59,86.81,86.04,86.31,86.59,86.81,86.04,86.31,35675.0,0.0,1.0,1.0,0.0
2014-05-15,86.18,86.51,85.9,86.45,86.18,86.51,85.9,86.45,32900.0,0.0,1.0,1.0,0.0
2014-05-16,87.25,87.25,86.66,87.16,87.25,87.25,86.66,87.16,70569.0,0.0,1.0,1.0,0.0
2014-05-19,86.7,87.75,86.54,87.27,86.7,87.75,86.54,87.27,90062.0,0.0,1.0,1.0,8.71
2014-05-20,88.0,88.0,85.73,85.92,88.0,88.0,85.73,85.92,40900.0,0.0,1.0,1.0,0.0
2014-05-21,87.27,87.27,85.7,85.87,87.27,87.27,85.7,85.87,50082.0,0.0,1.0,1.0,0.0
2014-05-22,86.19,86.52,86.16,86.31,86.19,86.52,86.16,86.31,41667.0,0.0,1.0,1.0,0.0
2014-05-23,86.57,86.74,86.33,86.74,86.57,86.74,86.33,86.74,38600.0,0.0,1.0,1.0,0.0
2014-05-27,86.89,87.0,86.57,86.68,86.89,87.0,86.57,86.68,45299.0,0.0,1.0,1.0,0.0
2014-05-28,86.79,87.35,86.65,87.14,86.79,87.35,86.65,87.14,36600.0,0.0,1.0,1.0,0.0
2014-05-29,87.5,87.5,87.05,87.41,87.5,87.5,87.05,87.41,38300.0,0.0,1.0,1.0,8.71
2014-05-30,87.83,87.83,87.3,87.69,87.83,87.83,87.3,87.69,19400.0,0.0,1.0,1.0,8.74
2014-06-02,88.71,88.93,87.14,87.16,88.71,88.93,87.14,87.16,66563.0,0.0,1.0,1.0,0.0
2014-06-03,87.16,87.16,86.39,86.44,87.16,87.16,86.39,86.44,49485.0,0.0,1.0,1.0,0.0
2014-06-04,86.64,86.64,86.13,86.18,86.64,86.64,86.13,86.18,35600.0,0.0,1.0,1.0,0.0
2014-06-05,86.7,86.7,85.68,86.63,86.7,86.7,85.68,86.63,63169.0,0.0,1.0,1.0,0.0
2014-06-06,86.79,86.79,86.36,86.48,86.79,86.79,86.36,86.48,53500.0,0.0,1.0,1.0,0.0
2014-06-09,86.41,86.92,86.41,86.79,86.41,86.92,86.41,86.79,29000.0,0.0,1.0,1.0,0.0
2014-06-10,86.72,86.72,86.29,86.42,86.72,86.72,86.29,86.42,45300.0,0.0,1.0,1.0,0.0
2014-06-11,86.48,86.48,85.92,86.13,86.48,86.48,85.92,86.13,26985.0,0.0,1.0,1.0,0.0
2014-06-12,86.42,86.42,85.07,85.48,86.42,86.42,85.07,85.48,334100.0,0.0,1.0,1.0,0.0
2014-06-13,85.4,86.41,85.25,86.18,85.4,86.41,85.25,86.18,83500.0,0.0,1.0,1.0,-8.55
2014-06-16,86.53,86.53,85.8,86.25,86.53,86.53,85.8,86.25,40400.0,0.0,1.0,1.0,0.0
2014-06-17,86.26,86.81,86.22,86.63,86.26,86.81,86.22,86.63,32000.0,0.0,1.0,1.0,0.0
2014-06-18,86.68,87.42,86.5,87.41,86.68,87.42,86.5,87.41,32161.0,0.0,1.0,1.0,0.0
2014-06-19,87.51,87.67,87.1,87.35,87.51,87.67,87.1,87.35,44366.0,0.0,1.0,1.0,0.0
2014-06-20,87.78,87.78,87.12,87.39,87.78,87.78,87.12,87.39,31900.0,0.0,1.0,1.0,0.0
2014-06-23,87.53,87.56,87.23,87.55,87.53,87.56,87.23,87.55,22000.0,0.0,1.0,1.0,0.0
2014-06-24,87.54,87.88,87.0,87.1,87.54,87.88,87.0,87.1,23789.0,0.0,1.0,1.0,0.0
2014-06-25,86.99,87.4,86.97,87.4,86.99,87.4,86.97,87.4,23567.0,0.0,1.0,1.0,0.0
2014-06-26,87.52,87.52,86.67,87.37,87.52,87.52,86.67,87.37,31660.0,0.0,1.0,1.0,0.0
2014-06-27,87.33,87.73,87.16,87.73,87.33,87.73,87.16,87.73,21951.0,0.0,1.0,1.0,0.0
2014-06-30,87.8,88.0,87.6,87.96,87.8,88.0,87.6,87.96,22785.0,0.0,1.0,1.0,0.0
2014-07-01,87.79,88.67,87.77,88.36,87.79,88.67,87.77,88.36,103081.0,0.0,1.0,1.0,0.0
2014-07-02,88.42,88.55,88.32,88.38,88.42,88.55,88.32,88.38,28075.0,0.0,1.0,1.0,0.0
2014-07-03,88.65,88.85,88.41,88.85,88.65,88.85,88.41,88.85,29900.0,0.0,1.0,1.0,0.0
2014-07-07,88.77,88.84,88.46,88.49,88.77,88.84,88.46,88.49,44200.0,0.0,1.0,1.0,0.0
2014-07-08,88.45,88.45,87.6,87.78,88.45,88.45,87.6,87.78,35700.0,0.0,1.0,1.0,0.0
2014-07-09,88.13,88.32,87.83,88.18,88.13,88.32,87.83,88.18,37650.0,0.0,1.0,1.0,0.0
2014-07-10,87.39,88.43,87.39,88.26,87.39,88.43,87.39,88.26,131600.0,0.0,1.0,1.0,0.0
2014-07-11,88.25,88.76,88.17,88.74,88.25,88.76,88.17,88.74,19100.0,0.0,1.0,1.0,8.83
2014-07-14,89.06,89.45,88.87,89.15,89.06,89.45,88.87,89.15,49594.0,0.0,1.0,1.0,0.0
2014-07-15,89.15,89.15,88.6,88.96,89.15,89.15,88.6,88.96,24694.0,0.0,1.0,1.0,0.0
2014-07-16,89.19,89.47,89.13,89.25,89.19,89.47,89.13,89.25,29573.0,0.0,1.0,1.0,0.0
2014-07-17,89.08,89.2,88.14,88.38,89.08,89.2,88.14,88.38,28289.0,0.0,1.0,1.0,0.0
2014-07-18,88.54,89.11,88.54,88.98,88.54,89.11,88.54,88.98,24200.0,0.0,1.0,1.0,0.0
2014-07-21,88.95,88.95,88.28,88.3,88.95,88.95,88.28,88.3,31000.0,0.0,1.0,1.0,0.0
2014-07-22,88.7,88.89,88.59,88.76,88.7,88.89,88.59,88.76,26068.0,0.0,1.0,1.0,0.0
2014-07-23,88.91,88.91,88.52,88.75,88.91,88.91,88.52,88.75,36178.0,0.0,1.0,1.0,0.0
2014-07-24,88.61,89.26,88.35,88.82,88.61,89.26,88.35,88.82,35774.0,0.0,1.0,1.0,0.0
2014-07-25,88.67,89.08,88.5,88.56,88.67,89.08,88.5,88.56,31091.0,0.0,1.0,1.0,0.0
2014-07-28,88.53,88.81,88.36,88.78,88.53,88.81,88.36,88.78,24600.0,0.0,1.0,1.0,0.0
2014-07-29,92.93,93.43,90.75,90.96,92.93,93.43,90.75,90.96,47500.0,0.0,1.0,1.0,0.0
2014-07-30,91.14,91.2,90.24,90.77,91.14,91.2,90.24,90.77,31400.0,0.0,1.0,1.0,0.0
2014-07-31,90.14,90.14,88.66,89.0,90.14,90.14,88.66,89.0,56400.0,0.0,1.0,1.0,0.0
2014-08-01,89.24,89.24,88.19,88.44,89.24,89.24,88.19,88.44,59400.0,0.0,1.0,1.0,0.0
2014-08-04,88.55,88.86,87.9,88.43,88.55,88.86,87.9,88.43,65600.0,0.0,1.0,1.0,8.84
2014-08-05,88.23,88.75,87.94,88.51,88.23,88.75,87.94,88.51,31900.0,0.0,1.0,1.0,0.0
2014-08-06,87.81,87.81,86.37,86.87,87.81,87.81,86.37,86.87,50500.0,0.0,1.0,1.0,0.0
2014-08-07,87.44,87.44,85.85,86.14,87.44,87.44,85.85,86.14,73800.0,0.0,1.0,1.0,0.0
2014-08-08,86.36,86.43,85.74,86.42,86.36,86.43,85.74,86.42,33700.0,0.0,1.0,1.0,0.0
2014-08-11,86.77,87.02,86.5,86.53,86.77,87.02,86.5,86.53,47153.0,0.0,1.0,1.0,0.0
2014-08-12,86.5,86.76,86.31,86.73,86.5,86.76,86.31,86.73,53088.0,0.0,1.0,1.0,0.0
2014-08-13,86.83,86.99,86.59,86.9,86.83,86.99,86.59,86.9,47051.0,0.0,1.0,1.0,0.0
2014-08-14,86.91,87.12,86.72,87.04,86.91,87.12,86.72,87.04,19776.0,0.0,1.0,1.0,0.0
2014-08-15,87.19,87.42,86.38,86.8,87.19,87.42,86.38,86.8,31273.0,0.0,1.0,1.0,0.0
2014-08-18,87.41,87.41,86.89,87.09,87.41,87.41,86.89,87.09,38400.0,0.0,1.0,1.0,0.0
2014-08-19,87.42,87.42,86.63,86.75,87.42,87.42,86.63,86.75,25700.0,0.0,1.0,1.0,0.0
2014-08-20,86.73,86.88,86.5,86.81,86.73,86.88,86.5,86.81,30570.0,0.0,1.0,1.0,0.0
2014-08-21,86.84,87.1,86.75,86.98,86.84,87.1,86.75,86.98,27300.0,0.0,1.0,1.0,0.0
2014-08-22,86.9,86.99,86.52,86.95,86.9,86.99,86.52,86.95,28400.0,0.0,1.0,1.0,0.0
2014-08-25,87.21,87.58,87.17,87.34,87.21,87.58,87.17,87.34,29175.0,0.0,1.0,1.0,8.69
2014-08-26,87.35,87.63,87.35,87.62,87.35,87.63,87.35,87.62,36700.0,0.0,1.0,1.0,0.0
2014-08-27,87.67,88.15,87.63,88.09,87.67,88.15,87.63,88.09,29700.0,0.0,1.0,1.0,0.0
2014-08-28,87.98,88.05,87.66,87.95,87.98,88.05,87.66,87.95,26400.0,0.0,1.0,1.0,0.0
2014-08-29,88.06,88.43,87.77,88.42,88.06,88.43,87.77,88.42,39860.0,0.0,1.0,1.0,0.0
2014-09-02,88.4,88.64,87.82,88.38,88.4,88.64,87.82,88.38,57400.0,0.0,1.0,1.0,0.0
2014-09-03,88.53,88.56,88.16,88.31,88.53,88.56,88.16,88.31,43585.0,0.0,1.0,1.0,0.0
2014-09-04,88.45,88.46,88.09,88.28,88.45,88.46,88.09,88.28,25175.0,0.0,1.0,1.0,0.0
2014-09-05,88.03,88.9,88.03,88.83,88.03,88.9,88.03,88.83,58300.0,0.0,1.0,1.0,0.0
2014-09-08,88.77,88.77,88.37,88.66,88.77,88.77,88.37,88.66,31000.0,0.0,1.0,1.0,0.0
2014-09-09,88.59,88.59,87.48,87.66,88.59,88.59,87.48,87.66,36677.0,0.0,1.0,1.0,0.0
2014-09-10,87.71,87.82,86.9,87.6,87.71,87.82,86.9,87.6,45900.0,0.0,1.0,1.0,0.0
2014-09-11,87.4,88.3,87.29,88.29,87.4,88.3,87.29,88.29,29000.0,0.0,1.0,1.0,0.0
2014-09-12,88.29,88.45,87.58,88.18,88.29,88.45,87.58,88.18,30274.0,0.0,1.0,1.0,0.0
2014-09-15,88.35,88.35,87.32,87.35,88.35,88.35,87.32,87.35,52350.0,0.0,1.0,1.0,0.0
2014-09-16,87.25,87.86,87.25,87.8,87.25,87.86,87.25,87.8,44000.0,0.0,1.0,1.0,0.0
2014-09-17,87.9,88.45,87.73,87.99,87.9,88.45,87.73,87.99,58800.0,0.0,1.0,1.0,8.78
2014-09-18,88.22,88.73,88.22,88.66,88.22,88.73,88.22,88.66,29773.0,0.0,1.0,1.0,0.0
2014-09-19,89.03,89.2,88.39,88.96,89.03,89.2,88.39,88.96,43300.0,0.0,1.0,1.0,0.0
2014-09-22,88.95,88.95,88.12,88.38,88.95,88.95,88.12,88.38,49363.0,0.0,1.0,1.0,0.0
2014-09-23,88.24,88.35,87.61,87.61,88.24,88.35,87.61,87.61,39500.0,0.0,1.0,1.0,0.0
2014-09-24,87.63,87.98,87.43,87.91,87.63,87.98,87.43,87.91,30164.0,0.0,1.0,1.0,0.0
2014-09-25,87.79,87.9,86.43,86.57,87.79,87.9,86.43,86.57,46560.0,0.0,1.0,1.0,8.79
2014-09-26,86.64,87.33,86.2,87.09,86.64,87.33,86.2,87.09,27700.0,0.0,1.0,1.0,0.0
2014-09-29,86.65,87.16,86.44,87.05,86.65,87.16,86.44,87.05,33965.0,0.0,1.0,1.0,0.0
2014-09-30,87.08,87.58,87.0,87.3,87.08,87.58,87.0,87.3,37200.0,0.0,1.0,1.0,0.0
2014-10-01,87.23,87.23,85.77,85.88,87.23,87.23,85.77,85.88,59600.0,0.0,1.0,1.0,0.0
2014-10-02,85.95,86.49,85.25,86.27,85.95,86.49,85.25,86.27,53159.0,0.0,1.0,1.0,0.0
2014-10-03,86.75,86.96,86.59,86.92,86.75,86.96,86.59,86.92,65500.0,0.0,1.0,1.0,0.0
2014-10-06,87.05,87.28,86.61,86.63,87.05,87.28,86.61,86.63,32300.0,0.0,1.0,1.0,0.0
2014-10-07,86.41,86.43,85.9,85.93,86.41,86.43,85.9,85.93,37758.0,0.0,1.0,1.0,0.0
2014-10-08,85.96,86.91,85.14,86.86,85.96,86.91,85.14,86.86,47762.0,0.0,1.0,1.0,0.0
2014-10-09,86.75,86.8,84.66,84.84,86.75,86.8,84.66,84.84,46884.0,0.0,1.0,1.0,8.69
2014-10-10,84.76,85.19,83.6,83.62,84.76,85.19,83.6,83.62,53150.0,0.0,1.0,1.0,0.0
2014-10-13,83.59,84.29,82.8,82.85,83.59,84.29,82.8,82.85,47900.0,0.0,1.0,1.0,0.0
2014-10-14,83.23,84.01,82.86,83.56,83.23,84.01,82.86,83.56,80070.0,0.0,1.0,1.0,0.0
2014-10-15,82.65,84.08,81.79,83.98,82.65,84.08,81.79,83.98,77000.0,0.0,1.0,1.0,0.0
2014-10-16,82.95,84.38,82.44,83.99,82.95,84.38,82.44,83.99,55759.0,0.0,1.0,1.0,0.0
2014-10-17,84.6,84.95,84.22,84.6,84.6,84.95,84.22,84.6,62583.0,0.0,1.0,1.0,0.0
2014-10-20,84.43,85.26,84.27,85.24,84.43,85.26,84.27,85.24,26700.0,0.0,1.0,1.0,0.0
2014-10-21,85.4,86.42,85.31,86.24,85.4,86.42,85.31,86.24,40085.0,0.0,1.0,1.0,0.0
2014-10-22,86.33,86.53,85.49,85.49,86.33,86.53,85.49,85.49,62900.0,0.0,1.0,1.0,0.0
2014-10-23,85.78,85.78,85.0,85.56,85.78,85.78,85.0,85.56,36175.0,0.0,1.0,1.0,0.0
2014-10-24,85.61,85.84,85.35,85.84,85.61,85.84,85.35,85.84,44600.0,0.0,1.0,1.0,0.0
2014-10-27,85.58,86.47,85.5,86.39,85.58,86.47,85.5,86.39,32000.0,0.0,1.0,1.0,8.58
2014-10-28,86.83,87.91,86.67,87.88,86.83,87.91,86.67,87.88,55300.0,0.0,1.0,1.0,0.0
2014-10-29,88.0,88.38,87.21,87.81,88.0,88.38,87.21,87.81,50200.0,0.0,1.0,1.0,26.36
2014-10-30,87.81,88.62,87.4,88.28,87.81,88.62,87.4,88.28,24700.0,0.0,1.0,1.0,0.0
2014-10-31,89.0,89.15,88.53,89.12,89.0,89.15,88.53,89.12,54100.0,0.0,1.0,1.0,0.0
2014-11-03,89.12,89.76,88.92,89.39,89.12,89.76,88.92,89.39,83400.0,0.0,1.0,1.0,0.0
2014-11-04,88.96,89.25,88.44,88.83,88.96,89.25,88.44,88.83,40750.0,0.0,1.0,1.0,0.0
2014-11-05,89.41,89.41,88.39,88.64,89.41,89.41,88.39,88.64,38100.0,0.0,1.0,1.0,0.0
2014-11-06,89.08,89.08,87.35,87.78,89.08,89.08,87.35,87.78,76667.0,0.0,1.0,1.0,-26.59
2014-11-07,87.79,88.43,87.38,88.43,87.79,88.43,87.38,88.43,34900.0,0.0,1.0,1.0,0.0
2014-11-10,88.4,89.1,88.16,89.02,88.4,89.1,88.16,89.02,33600.0,0.0,1.0,1.0,0.0
2014-11-11,89.34,89.34,88.69,88.95,89.34,89.34,88.69,88.95,22595.0,0.0,1.0,1.0,0.0
2014-11-12,88.86,89.9,88.66,89.79,88.86,89.9,88.66,89.79,81383.0,0.0,1.0,1.0,0.0
2014-11-13,89.68,90.63,89.68,90.08,89.68,90.63,89.68,90.08,39557.0,0.0,1.0,1.0,8.98
2014-11-14,89.94,90.67,89.94,90.64,89.94,90.67,89.94,90.64,68500.0,0.0,1.0,1.0,0.0
2014-11-17,90.42,90.5,89.97,90.1,90.42,90.5,89.97,90.1,42268.0,0.0,1.0,1.0,0.0
2014-11-18,90.09,90.19,89.97,89.99,90.09,90.19,89.97,89.99,30168.0,0.0,1.0,1.0,0.0
2014-11-19,89.82,89.82,88.74,88.86,89.82,89.82,88.74,88.86,53100.0,0.0,1.0,1.0,0.0
2014-11-20,89.07,89.07,88.5,89.07,89.07,89.07,88.5,89.07,28300.0,0.0,1.0,1.0,8.89
2014-11-21,89.99,89.99,88.93,89.37,89.99,89.99,88.93,89.37,41000.0,0.0,1.0,1.0,0.0
2014-11-24,89.3,89.3,88.3,89.0,89.3,89.3,88.3,89.0,50400.0,0.0,1.0,1.0,17.88
2014-11-25,89.06,89.06,88.23,88.83,89.06,89.06,88.23,88.83,57774.0,0.0,1.0,1.0,0.0
2014-11-26,88.7,89.78,88.7,89.72,88.7,89.78,88.7,89.72,42782.0,0.0,1.0,1.0,-17.76
2014-11-28,89.8,90.67,89.8,89.91,89.8,90.67,89.8,89.91,30891.0,0.0,1.0,1.0,8.97
2014-12-01,89.85,89.85,88.79,88.79,89.85,89.85,88.79,88.79,61100.0,0.0,1.0,1.0,0.0
2014-12-02,89.0,89.0,87.76,87.86,89.0,89.0,87.76,87.86,54858.0,0.0,1.0,1.0,0.0
2014-12-03,87.87,87.87,87.19,87.44,87.87,87.87,87.19,87.44,65700.0,0.0,1.0,1.0,0.0
2014-12-04,87.11,87.24,86.88,87.04,87.11,87.24,86.88,87.04,45961.0,0.0,1.0,1.0,0.0
2014-12-05,87.18,87.38,86.98,87.22,87.18,87.38,86.98,87.22,41200.0,0.0,1.0,1.0,0.0
2014-12-08,87.12,87.59,86.57,86.57,87.12,87.59,86.57,86.57,87200.0,0.0,1.0,1.0,0.0
2014-12-09,86.0,86.0,84.0,85.36,86.0,86.0,84.0,85.36,75200.0,0.0,1.0,1.0,0.0
2014-12-10,85.37,85.37,83.83,83.92,85.37,85.37,83.83,83.92,132500.0,0.0,1.0,1.0,0.0
2014-12-11,84.21,85.22,84.21,84.49,84.21,85.22,84.21,84.49,54900.0,0.0,1.0,1.0,8.38
2014-12-12,84.03,84.03,82.94,82.98,84.03,84.03,82.94,82.98,67300.0,0.0,1.0,1.0,0.0
2014-12-15,83.3,83.5,82.47,83.01,83.3,83.5,82.47,83.01,65600.0,0.0,1.0,1.0,0.0
2014-12-16,83.2,84.44,82.88,83.09,83.2,84.44,82.88,83.09,182000.0,0.0,1.0,1.0,0.0
2014-12-17,83.16,84.86,83.16,84.66,83.16,84.86,83.16,84.66,54063.0,0.0,1.0,1.0,0.0
2014-12-18,83.33,84.4,83.24,84.4,83.33,84.4,83.24,84.4,56791.0,2.25,1.0,1.0,25.4
2014-12-19,84.5,84.71,84.07,84.48,84.5,84.71,84.07,84.48,44983.0,0.0,1.0,1.0,0.0
2014-12-22,84.5,85.24,84.5,85.18,84.5,85.24,84.5,85.18,74100.0,0.0,1.0,1.0,-25.35
2014-12-23,85.5,85.75,85.33,85.38,85.5,85.75,85.33,85.38,61650.0,0.0,1.0,1.0,25.56
2014-12-24,85.44,85.67,85.26,85.55,85.44,85.67,85.26,85.55,51700.0,0.0,1.0,1.0,8.54
2014-12-26,85.89,86.21,85.57,86.11,85.89,86.21,85.57,86.11,58100.0,0.0,1.0,1.0,8.54
2014-12-29,86.12,86.23,85.82,86.13,86.12,86.23,85.82,86.13,34300.0,0.0,1.0,1.0,0.0
2014-12-30,86.05,86.05,85.31,85.51,86.05,86.05,85.31,85.51,51064.0,0.0,1.0,1.0,0.0
2014-12-31,85.46,85.54,84.72,84.72,85.46,85.54,84.72,84.72,61978.0,0.0,1.0,1.0,0.0
2015-01-02,85.0,85.3,84.44,84.86,85.0,85.3,84.44,84.86,49461.0,0.0,1.0,1.0,0.33
2015-01-05,84.75,84.77,83.51,83.62,84.75,84.77,83.51,83.62,129900.0,0.0,1.0,1.0,0.0
2015-01-06,83.98,83.98,82.39,82.92,83.98,83.98,82.39,82.92,69300.0,0.0,1.0,1.0,0.0
2015-01-07,83.39,83.47,82.47,83.38,83.39,83.47,82.47,83.38,71300.0,0.0,1.0,1.0,0.0
2015-01-08,83.99,84.65,83.6,84.53,83.99,84.65,83.6,84.53,55285.0,0.0,1.0,1.0,0.0
2015-01-09,84.89,84.94,84.03,84.17,84.89,84.94,84.03,84.17,69100.0,0.0,1.0,1.0,0.0
2015-01-12,84.72,84.85,84.0,84.74,84.72,84.85,84.0,84.74,49000.0,0.0,1.0,1.0,0.0
2015-01-13,85.1,86.11,84.31,85.03,85.1,86.11,84.31,85.03,46400.0,0.0,1.0,1.0,0.0
2015-01-14,84.52,85.21,84.0,84.74,84.52,85.21,84.0,84.74,65679.0,0.0,1.0,1.0,0.0
2015-01-15,84.87,85.25,84.14,84.22,84.87,85.25,84.14,84.22,127569.0,0.0,1.0,1.0,0.0
2015-01-16,84.01,85.5,84.01,85.5,84.01,85.5,84.01,85.5,151900.0,0.0,1.0,1.0,0.0
2015-01-20,85.5,85.96,85.1,85.85,85.5,85.96,85.1,85.85,64065.0,0.0,1.0,1.0,8.55
2015-01-21,85.5,86.13,85.1,85.92,85.5,86.13,85.1,85.92,81477.0,0.0,1.0,1.0,0.0
2015-01-22,86.02,86.48,85.09,86.48,86.02,86.48,85.09,86.48,125280.0,0.0,1.0,1.0,0.0
2015-01-23,86.35,86.43,85.63,85.72,86.35,86.43,85.63,85.72,68500.0,0.0,1.0,1.0,0.0
2015-01-26,85.5,85.77,84.91,85.65,85.5,85.77,84.91,85.65,53500.0,0.0,1.0,1.0,17.13
2015-01-27,85.04,85.6,84.67,84.9,85.04,85.6,84.67,84.9,400353.0,0.0,1.0,1.0,0.0
2015-01-28,85.18,85.87,84.05,84.21,85.18,85.87,84.05,84.21,182172.0,0.0,1.0,1.0,25.46
2015-01-29,84.6,84.6,83.14,84.29,84.6,84.6,83.14,84.29,59660.0,0.0,1.0,1.0,8.41
2015-01-30,83.92,84.29,82.97,83.11,83.92,84.29,82.97,83.11,102592.0,0.0,1.0,1.0,0.0
2015-02-02,83.54,84.88,82.91,84.88,83.54,84.88,82.91,84.88,67700.0,0.0,1.0,1.0,0.0
2015-02-03,85.48,86.76,85.48,86.75,85.48,86.76,85.48,86.75,102500.0,0.0,1.0,1.0,0.0
2015-02-04,86.33,87.66,86.33,86.98,86.33,87.66,86.33,86.98,75900.0,0.0,1.0,1.0,0.0
2015-02-05,87.69,87.76,87.26,87.61,87.69,87.76,87.26,87.61,117300.0,0.0,1.0,1.0,6.52
2015-02-06,88.05,88.57,87.77,88.16,88.05,88.57,87.77,88.16,50500.0,0.0,1.0,1.0,0.0
2015-02-09,88.41,88.59,87.94,87.94,88.41,88.59,87.94,87.94,88200.0,0.0,1.0,1.0,0.0
2015-02-10,88.54,88.93,88.05,88.78,88.54,88.93,88.05,88.78,221700.0,0.0,1.0,1.0,0.0
2015-02-11,88.82,88.89,88.26,88.84,88.82,88.89,88.26,88.84,89366.0,0.0,1.0,1.0,11.1
2015-02-12,89.25,89.25,88.79,89.11,89.25,89.25,88.79,89.11,92072.0,0.0,1.0,1.0,0.0
2015-02-13,89.45,89.45,88.83,89.2,89.45,89.45,88.83,89.2,64561.0,0.0,1.0,1.0,8.91
2015-02-17,89.11,89.32,88.86,89.16,89.11,89.32,88.86,89.16,67758.0,0.0,1.0,1.0,2.23
2015-02-18,88.91,89.11,88.28,88.58,88.91,89.11,88.28,88.58,85300.0,0.0,1.0,1.0,0.0
2015-02-19,88.67,88.7,88.2,88.34,88.67,88.7,88.2,88.34,59500.0,0.0,1.0,1.0,11.08
2015-02-20,88.18,88.73,87.78,88.73,88.18,88.73,87.78,88.73,63372.0,0.0,1.0,1.0,0.0
2015-02-23,88.48,88.48,87.52,87.97,88.48,88.48,87.52,87.97,201993.0,0.0,1.0,1.0,0.0
2015-02-24,87.8,88.24,87.37,88.18,87.8,88.24,87.37,88.18,38400.0,0.0,1.0,1.0,0.0
2015-02-25,88.42,88.61,88.06,88.61,88.42,88.61,88.06,88.61,41800.0,0.0,1.0,1.0,0.0
2015-02-26,88.53,88.59,88.15,88.34,88.53,88.59,88.15,88.34,197974.0,0.0,1.0,1.0,2.21
2015-02-27,88.48,88.73,88.23,88.61,88.48,88.73,88.23,88.61,62900.0,0.0,1.0,1.0,2.21
2015-03-02,88.27,88.91,88.12,88.82,88.27,88.91,88.12,88.82,133200.0,0.0,1.0,1.0,-2.21
2015-03-03,88.77,89.04,88.08,88.7,88.77,89.04,88.08,88.7,46084.0,0.0,1.0,1.0,2.22
2015-03-04,88.7,88.7,87.95,88.03,88.7,88.7,87.95,88.03,45500.0,0.0,1.0,1.0,0.0
2015-03-05,88.22,88.34,87.92,88.08,88.22,88.34,87.92,88.08,37153.0,0.0,1.0,1.0,0.0
2015-03-06,87.5,87.58,86.5,86.58,87.5,87.58,86.5,86.58,62859.0,0.0,1.0,1.0,0.0
2015-03-09,86.95,86.95,86.49,86.53,86.95,86.95,86.49,86.53,57600.0,0.0,1.0,1.0,0.0
2015-03-10,86.01,86.01,85.0,85.16,86.01,86.01,85.0,85.16,144271.0,0.0,1.0,1.0,2.16
2015-03-11,85.35,85.66,85.04,85.29,85.35,85.66,85.04,85.29,100769.0,0.0,1.0,1.0,-4.25
2015-03-12,85.81,86.61,85.12,86.49,85.81,86.61,85.12,86.49,41989.0,0.0,1.0,1.0,0.0
2015-03-13,86.29,86.29,85.42,85.91,86.29,86.29,85.42,85.91,55696.0,0.0,1.0,1.0,0.0
2015-03-16,86.16,86.81,86.0,86.73,86.16,86.81,86.0,86.73,73677.0,0.0,1.0,1.0,2.15
2015-03-17,86.34,86.92,86.34,86.72,86.34,86.92,86.34,86.72,45694.0,0.0,1.0,1.0,2.17
2015-03-18,86.59,88.33,86.41,88.08,86.59,88.33,86.41,88.08,55500.0,0.0,1.0,1.0,0.0
2015-03-19,88.08,88.15,87.52,87.78,88.08,88.15,87.52,87.78,39654.0,0.0,1.0,1.0,0.0
2015-03-20,87.95,88.84,87.84,88.43,87.95,88.84,87.84,88.43,39800.0,0.0,1.0,1.0,2.19
2015-03-23,88.68,89.11,88.53,88.85,88.68,89.11,88.53,88.85,40600.0,0.0,1.0,1.0,0.0
2015-03-24,88.61,88.93,88.26,88.26,88.61,88.93,88.26,88.26,44500.0,0.0,1.0,1.0,0.0
2015-03-25,88.19,88.19,86.53,86.53,88.19,88.19,86.53,86.53,66477.0,0.0,1.0,1.0,0.0
2015-03-26,86.1,87.14,86.1,86.67,86.1,87.14,86.1,86.67,45581.0,0.0,1.0,1.0,2.16
2015-03-27,86.65,86.8,86.33,86.72,86.65,86.8,86.33,86.72,35700.0,0.0,1.0,1.0,0.0
2015-03-30,86.81,87.42,86.81,87.28,86.81,87.42,86.81,87.28,39500.0,0.0,1.0,1.0,0.0
2015-03-31,87.1,87.23,86.3,86.45,87.1,87.23,86.3,86.45,66988.0,0.0,1.0,1.0,4.37
2015-04-01,86.34,88.04,86.15,87.83,86.34,88.04,86.15,87.83,103500.0,0.0,1.0,1.0,2.91
2015-04-02,87.9,89.06,87.9,88.85,87.9,89.06,87.9,88.85,50479.0,0.0,1.0,1.0,-0.0
2015-04-06,88.43,89.36,88.43,89.02,88.43,89.36,88.43,89.02,39288.0,0.0,1.0,1.0,0.0
2015-04-07,89.02,89.31,88.44,88.44,89.02,89.31,88.44,88.44,86800.0,0.0,1.0,1.0,0.0
2015-04-08,88.48,88.89,88.27,88.65,88.48,88.89,88.27,88.65,56200.0,0.0,1.0,1.0,4.42
2015-04-09,88.57,88.75,88.11,88.56,88.57,88.75,88.11,88.56,53998.0,0.0,1.0,1.0,2.21
2015-04-10,88.61,88.91,88.54,88.58,88.61,88.91,88.54,88.58,30200.0,0.0,1.0,1.0,2.21
2015-04-13,88.38,89.07,88.38,88.56,88.38,89.07,88.38,88.56,43500.0,0.0,1.0,1.0,0.0
2015-04-14,88.55,88.78,88.26,88.5,88.55,88.78,88.26,88.5,64884.0,0.0,1.0,1.0,0.0
2015-04-15,88.59,89.32,88.59,89.13,88.59,89.32,88.59,89.13,52700.0,0.0,1.0,1.0,0.0
2015-04-16,88.92,89.19,88.66,88.86,88.92,89.19,88.66,88.86,47383.0,0.0,1.0,1.0,0.0
2015-04-17,88.63,88.63,87.4,87.8,88.63,88.63,87.4,87.8,45300.0,0.0,1.0,1.0,4.44
2015-04-20,88.05,88.97,88.05,88.91,88.05,88.97,88.05,88.91,35400.0,0.0,1.0,1.0,0.0
2015-04-21,89.0,89.18,88.57,88.96,89.0,89.18,88.57,88.96,48500.0,0.0,1.0,1.0,0.0
2015-04-22,89.29,89.44,88.76,89.44,89.29,89.44,88.76,89.44,30500.0,0.0,1.0,1.0,0.0
2015-04-23,89.51,90.78,89.51,90.76,89.51,90.78,89.51,90.76,61700.0,0.0,1.0,1.0,0.0
2015-04-24,90.75,91.16,90.44,90.64,90.75,91.16,90.44,90.64,96993.0,0.0,1.0,1.0,0.0
2015-04-27,90.91,91.0,89.88,89.96,90.91,91.0,89.88,89.96,201200.0,0.0,1.0,1.0,2.27
2015-04-28,90.07,91.45,90.07,91.28,90.07,91.45,90.07,91.28,45489.0,0.0,1.0,1.0,-4.5
2015-04-29,91.01,91.44,90.81,91.07,91.01,91.44,90.81,91.07,39483.0,0.0,1.0,1.0,0.0
2015-04-30,90.84,90.84,89.41,89.64,90.84,90.84,89.41,89.64,39962.0,0.0,1.0,1.0,0.0
2015-05-01,89.8,90.07,89.11,89.69,89.8,90.07,89.11,89.69,46300.0,0.0,1.0,1.0,0.0
2015-05-04,89.88,90.2,89.61,89.67,89.88,90.2,89.61,89.67,59689.0,0.0,1.0,1.0,4.48
2015-05-05,89.5,89.69,88.2,88.44,89.5,89.69,88.2,88.44,42300.0,0.0,1.0,1.0,0.0
2015-05-06,88.76,88.76,86.66,87.39,88.76,88.76,86.66,87.39,54068.0,0.0,1.0,1.0,0.0
2015-05-07,87.38,87.4,86.59,86.95,87.38,87.4,86.59,86.95,190000.0,0.0,1.0,1.0,0.0
2015-05-08,87.49,87.84,87.38,87.64,87.49,87.84,87.38,87.64,51385.0,0.0,1.0,1.0,0.0
2015-05-11,87.77,87.8,87.13,87.31,87.77,87.8,87.13,87.31,43489.0,0.0,1.0,1.0,10.95
2015-05-12,87.03,87.85,86.41,87.63,87.03,87.85,86.41,87.63,47600.0,0.0,1.0,1.0,0.0
2015-05-13,87.77,87.89,87.34,87.42,87.77,87.89,87.34,87.42,59151.0,0.0,1.0,1.0,4.38
2015-05-14,87.85,87.99,87.81,87.84,87.85,87.99,87.81,87.84,166200.0,0.0,1.0,1.0,0.0
2015-05-15,87.84,88.27,87.57,88.27,87.84,88.27,87.57,88.27,34800.0,0.0,1.0,1.0,-10.98
2015-05-18,88.25,89.03,88.25,88.71,88.25,89.03,88.25,88.71,30000.0,0.0,1.0,1.0,0.0
2015-05-19,88.69,88.69,87.39,87.58,88.69,88.69,87.39,87.58,39696.0,0.0,1.0,1.0,2.22
2015-05-20,87.88,88.33,87.64,88.19,87.88,88.33,87.64,88.19,37100.0,0.0,1.0,1.0,0.0
2015-05-21,88.07,88.66,88.07,88.42,88.07,88.66,88.07,88.42,53875.0,0.0,1.0,1.0,0.0
2015-05-22,88.21,88.31,87.59,87.79,88.21,88.31,87.59,87.79,37562.0,0.0,1.0,1.0,0.0
2015-05-26,87.56,87.79,86.92,87.69,87.56,87.79,86.92,87.69,94300.0,0.0,1.0,1.0,2.19
2015-05-27,87.77,88.57,87.63,88.44,87.77,88.57,87.63,88.44,141484.0,0.0,1.0,1.0,0.0
2015-05-28,88.39,88.39,87.89,88.13,88.39,88.39,87.89,88.13,46500.0,0.0,1.0,1.0,4.42
2015-05-29,88.08,88.16,87.46,88.0,88.08,88.16,87.46,88.0,72969.0,0.0,1.0,1.0,22.04
2015-06-01,88.13,88.17,87.2,87.22,88.13,88.17,87.2,87.22,81900.0,0.0,1.0,1.0,-2.2
2015-06-02,87.08,87.86,87.08,87.73,87.08,87.86,87.08,87.73,34300.0,0.0,1.0,1.0,-37.1
2015-06-03,87.86,88.75,87.7,88.55,87.86,88.75,87.7,88.55,37862.0,0.0,1.0,1.0,0.0
2015-06-04,87.87,88.75,87.83,87.86,87.87,88.75,87.83,87.86,35500.0,0.0,1.0,1.0,0.0
2015-06-05,87.82,87.82,86.93,87.25,87.82,87.82,86.93,87.25,44759.0,0.0,1.0,1.0,0.0
2015-06-08,87.25,87.41,87.07,87.13,87.25,87.41,87.07,87.13,48000.0,0.0,1.0,1.0,0.0
2015-06-09,87.11,87.22,86.48,86.93,87.11,87.22,86.48,86.93,38600.0,0.0,1.0,1.0,0.0
2015-06-10,87.26,87.84,87.26,87.66,87.26,87.84,87.26,87.66,33000.0,0.0,1.0,1.0,0.0
2015-06-11,87.83,88.19,87.79,88.12,87.83,88.19,87.79,88.12,31561.0,0.0,1.0,1.0,0.0
2015-06-12,87.91,88.21,87.74,87.76,87.91,88.21,87.74,87.76,25387.0,0.0,1.0,1.0,0.0
2015-06-15,87.36,87.65,86.91,87.41,87.36,87.65,86.91,87.41,23893.0,0.0,1.0,1.0,0.0
2015-06-16,87.37,87.84,87.17,87.84,87.37,87.84,87.17,87.84,102053.0,0.0,1.0,1.0,0.0
2015-06-17,88.03,88.17,87.38,87.76,88.03,88.17,87.38,87.76,506362.0,0.0,1.0,1.0,0.0
2015-06-18,87.99,88.85,87.99,88.62,87.99,88.85,87.99,88.62,92100.0,0.0,1.0,1.0,-39.51
2015-06-19,88.45,88.7,88.43,88.54,88.45,88.7,88.43,88.54,39069.0,0.0,1.0,1.0,0.0
2015-06-22,88.81,89.18,88.81,88.95,88.81,89.18,88.81,88.95,51000.0,0.0,1.0,1.0,0.0
2015-06-23,89.28,90.1,89.28,89.73,89.28,90.1,89.28,89.73,39295.0,0.0,1.0,1.0,0.0
2015-06-24,89.33,89.68,88.92,88.95,89.33,89.68,88.92,88.95,64964.0,0.0,1.0,1.0,0.0
2015-06-25,89.25,89.64,89.07,89.17,89.25,89.64,89.07,89.17,113600.0,0.0,1.0,1.0,0.0
2015-06-26,89.22,89.29,88.39,88.63,89.22,89.29,88.39,88.63,26393.0,0.0,1.0,1.0,-4.46
2015-06-29,87.79,88.46,87.0,87.0,87.79,88.46,87.0,87.0,34500.0,0.0,1.0,1.0,0.0
2015-06-30,87.49,87.49,86.73,86.95,87.49,87.49,86.73,86.95,35252.0,0.0,1.0,1.0,-4.35
2015-07-01,87.42,87.42,86.75,87.15,87.42,87.42,86.75,87.15,44477.0,0.0,1.0,1.0,2.17
2015-07-02,87.53,87.58,86.77,86.9,87.53,87.58,86.77,86.9,37060.0,0.0,1.0,1.0,0.0
2015-07-06,86.43,86.5,85.86,86.24,86.43,86.5,85.86,86.24,41400.0,0.0,1.0,1.0,0.0
2015-07-07,86.48,86.48,85.03,86.19,86.48,86.48,85.03,86.19,32171.0,0.0,1.0,1.0,0.0
2015-07-08,85.86,85.86,84.8,85.1,85.86,85.86,84.8,85.1,37000.0,0.0,1.0,1.0,0.0
2015-07-09,85.85,86.15,84.7,84.84,85.85,86.15,84.7,84.84,47900.0,0.0,1.0,1.0,0.0
2015-07-10,85.54,86.03,85.54,85.97,85.54,86.03,85.54,85.97,30882.0,0.0,1.0,1.0,0.0
2015-07-13,86.28,86.53,86.13,86.41,86.28,86.53,86.13,86.41,32652.0,0.0,1.0,1.0,0.0
2015-07-14,86.41,87.18,86.41,87.1,86.41,87.18,86.41,87.1,36900.0,0.0,1.0,1.0,0.0
2015-07-15,87.21,87.21,86.32,86.5,87.21,87.21,86.32,86.5,33100.0,0.0,1.0,1.0,2.18
2015-07-16,87.01,87.6,87.01,87.47,87.01,87.6,87.01,87.47,25400.0,0.0,1.0,1.0,0.0
2015-07-17,87.49,87.49,86.95,86.95,87.49,87.49,86.95,86.95,36163.0,0.0,1.0,1.0,0.0
2015-07-20,87.17,87.17,86.36,87.04,87.17,87.17,86.36,87.04,22400.0,0.0,1.0,1.0,0.0
2015-07-21,86.34,86.46,85.9,86.04,86.34,86.46,85.9,86.04,39699.0,0.0,1.0,1.0,0.0
2015-07-22,85.87,85.87,85.03,85.25,85.87,85.87,85.03,85.25,48251.0,0.0,1.0,1.0,0.0
2015-07-23,85.41,85.64,84.91,85.07,85.41,85.64,84.91,85.07,28800.0,0.0,1.0,1.0,0.0
2015-07-24,85.52,85.67,84.18,84.18,85.52,85.67,84.18,84.18,32685.0,0.0,1.0,1.0,0.0
2015-07-27,83.93,84.22,83.37,83.73,83.93,84.22,83.37,83.73,43371.0,0.0,1.0,1.0,0.0
2015-07-28,84.09,84.24,83.22,83.89,84.09,84.24,83.22,83.89,36977.0,0.0,1.0,1.0,0.0
2015-07-29,83.78,84.9,83.47,84.47,83.78,84.9,83.47,84.47,83800.0,0.0,1.0,1.0,33.5
2015-07-30,84.67,85.36,84.65,85.32,84.67,85.36,84.65,85.32,39300.0,0.0,1.0,1.0,0.0
2015-07-31,85.68,87.27,85.68,86.42,85.68,87.27,85.68,86.42,37000.0,0.0,1.0,1.0,-21.31
2015-08-03,86.57,86.86,86.24,86.56,86.57,86.86,86.24,86.56,51600.0,0.0,1.0,1.0,-4.32
2015-08-04,86.84,86.92,85.93,86.18,86.84,86.92,85.93,86.18,38799.0,0.0,1.0,1.0,-8.67
2015-08-05,86.6,87.04,86.05,86.21,86.6,87.04,86.05,86.21,36463.0,0.0,1.0,1.0,0.0
2015-08-06,86.15,86.2,84.86,85.55,86.15,86.2,84.86,85.55,32200.0,0.0,1.0,1.0,0.0
2015-08-07,85.11,85.32,84.73,85.06,85.11,85.32,84.73,85.06,25184.0,0.0,1.0,1.0,0.0
2015-08-10,85.33,87.07,85.33,86.78,85.33,87.07,85.33,86.78,27356.0,0.0,1.0,1.0,0.0
2015-08-11,86.61,87.39,86.61,87.09,86.61,87.39,86.61,87.09,41100.0,0.0,1.0,1.0,0.0
2015-08-12,86.46,86.62,85.23,86.49,86.46,86.62,85.23,86.49,40771.0,0.0,1.0,1.0,0.0
2015-08-13,86.55,86.85,86.22,86.33,86.55,86.85,86.22,86.33,28900.0,0.0,1.0,1.0,0.0
2015-08-14,86.29,87.13,86.18,87.09,86.29,87.13,86.18,87.09,27000.0,0.0,1.0,1.0,2.16
2015-08-17,87.03,87.97,86.69,87.85,87.03,87.97,86.69,87.85,30400.0,0.0,1.0,1.0,0.0
2015-08-18,87.81,88.37,87.81,87.92,87.81,88.37,87.81,87.92,84683.0,0.0,1.0,1.0,0.0
2015-08-19,87.69,87.95,86.75,87.51,87.69,87.95,86.75,87.51,27300.0,0.0,1.0,1.0,2.2
2015-08-20,86.88,86.88,85.92,85.92,86.88,86.88,85.92,85.92,29086.0,0.0,1.0,1.0,0.0
2015-08-21,85.32,85.97,84.86,85.03,85.32,85.97,84.86,85.03,45059.0,0.0,1.0,1.0,0.0
2015-08-24,84.22,84.22,76.21,81.67,84.22,84.22,76.21,81.67,140989.0,0.0,1.0,1.0,0.0
2015-08-25,82.48,83.23,80.31,80.31,82.48,83.23,80.31,80.31,1485600.0,0.0,1.0,1.0,0.0
2015-08-26,81.38,82.65,80.27,82.37,81.38,82.65,80.27,82.37,61800.0,0.0,1.0,1.0,-100.04
2015-08-27,83.14,85.08,82.4,83.96,83.14,85.08,82.4,83.96,59100.0,0.0,1.0,1.0,0.0
2015-08-28,83.89,84.12,83.51,83.89,83.89,84.12,83.51,83.89,36781.0,0.0,1.0,1.0,2.1
2015-08-31,83.78,84.32,83.53,83.72,83.78,84.32,83.53,83.72,34700.0,0.0,1.0,1.0,0.0
2015-09-01,82.89,82.89,81.47,81.72,82.89,82.89,81.47,81.72,83900.0,0.0,1.0,1.0,-2.1
2015-09-02,82.52,83.1,82.13,83.1,82.52,83.1,82.13,83.1,51952.0,0.0,1.0,1.0,-4.08
2015-09-03,83.48,84.29,83.46,83.78,83.48,84.29,83.46,83.78,27300.0,0.0,1.0,1.0,0.0
2015-09-04,83.04,83.04,82.4,82.68,83.04,83.04,82.4,82.68,58559.0,0.0,1.0,1.0,0.0
2015-09-08,83.65,84.2,83.48,84.16,83.65,84.2,83.48,84.16,75600.0,0.0,1.0,1.0,0.0
2015-09-09,84.88,84.89,83.35,83.35,84.88,84.89,83.35,83.35,45100.0,0.0,1.0,1.0,-2.1
2015-09-10,83.48,83.56,83.06,83.28,83.48,83.56,83.06,83.28,22752.0,0.0,1.0,1.0,0.0
2015-09-11,83.32,83.67,83.1,83.67,83.32,83.67,83.1,83.67,38863.0,0.0,1.0,1.0,0.0
2015-09-14,83.56,83.69,83.35,83.45,83.56,83.69,83.35,83.45,20280.0,0.0,1.0,1.0,0.0
2015-09-15,83.51,84.7,83.51,84.49,83.51,84.7,83.51,84.49,33300.0,0.0,1.0,1.0,0.0
2015-09-16,84.79,85.46,84.27,84.71,84.79,85.46,84.27,84.71,38498.0,0.0,1.0,1.0,0.0
2015-09-17,84.48,85.46,83.48,84.54,84.48,85.46,83.48,84.54,36700.0,0.0,1.0,1.0,0.0
2015-09-18,83.66,84.35,83.29,83.51,83.66,84.35,83.29,83.51,26580.0,0.0,1.0,1.0,0.0
2015-09-21,83.87,84.36,83.61,83.75,83.87,84.36,83.61,83.75,25583.0,0.0,1.0,1.0,2.09
2015-09-22,82.99,83.17,82.7,82.88,82.99,83.17,82.7,82.88,473800.0,0.0,1.0,1.0,0.0
2015-09-23,80.45,80.72,79.97,80.22,80.45,80.72,79.97,80.22,160683.0,2.34,1.0,1.0,37.25
2015-09-24,79.67,80.26,79.52,80.25,79.67,80.26,79.52,80.25,34400.0,0.0,1.0,1.0,0.0
2015-09-25,80.66,80.82,79.94,80.08,80.66,80.82,79.94,80.08,30700.0,0.0,1.0,1.0,-18.04
2015-09-28,79.91,79.91,78.33,78.35,79.91,79.91,78.33,78.35,132300.0,0.0,1.0,1.0,4.0
2015-09-29,78.46,78.64,77.53,77.81,78.46,78.64,77.53,77.81,74363.0,0.0,1.0,1.0,1.96
2015-09-30,79.37,79.37,78.18,78.81,79.37,79.37,78.18,78.81,73594.0,0.0,1.0,1.0,3.89
2015-10-01,78.8,79.01,77.52,77.92,78.8,79.01,77.52,77.92,58600.0,0.0,1.0,1.0,3.94
2015-10-02,78.42,78.42,76.84,78.34,78.42,78.42,76.84,78.34,44472.0,0.0,1.0,1.0,0.0
2015-10-05,78.85,80.63,78.85,80.63,78.85,80.63,78.85,80.63,40200.0,0.0,1.0,1.0,0.0
2015-10-06,80.68,80.88,80.3,80.3,80.68,80.88,80.3,80.3,43100.0,0.0,1.0,1.0,2.02
2015-10-07,80.79,81.26,80.58,81.26,80.79,81.26,80.58,81.26,77258.0,0.0,1.0,1.0,0.0
2015-10-08,81.27,82.11,80.98,82.11,81.27,82.11,80.98,82.11,42100.0,0.0,1.0,1.0,0.0
2015-10-09,82.13,82.38,81.48,81.56,82.13,82.38,81.48,81.56,41854.0,0.0,1.0,1.0,0.0
2015-10-12,81.53,82.04,81.5,82.02,81.53,82.04,81.5,82.02,127280.0,0.0,1.0,1.0,0.0
2015-10-13,81.82,82.34,81.58,81.64,81.82,82.34,81.58,81.64,50072.0,0.0,1.0,1.0,0.0
2015-10-14,81.66,81.88,81.07,81.09,81.66,81.88,81.07,81.09,24786.0,0.0,1.0,1.0,0.0
2015-10-15,81.35,82.86,81.29,82.86,81.35,82.86,81.29,82.86,99900.0,0.0,1.0,1.0,0.0
2015-10-16,83.08,83.08,82.43,82.85,83.08,83.08,82.43,82.85,36375.0,0.0,1.0,1.0,0.0
2015-10-19,82.7,83.14,82.5,83.02,82.7,83.14,82.5,83.02,24890.0,0.0,1.0,1.0,2.07
2015-10-20,82.97,84.16,82.97,84.16,82.97,84.16,82.97,84.16,30800.0,0.0,1.0,1.0,2.07
2015-10-21,84.33,84.46,83.18,83.28,84.33,84.46,83.18,83.28,35861.0,0.0,1.0,1.0,4.2
2015-10-22,83.39,85.0,83.39,84.82,83.39,85.0,83.39,84.82,39600.0,0.0,1.0,1.0,0.0
2015-10-23,85.64,85.77,85.1,85.58,85.64,85.77,85.1,85.58,58180.0,0.0,1.0,1.0,6.37
2015-10-26,85.47,85.59,85.27,85.41,85.47,85.59,85.27,85.41,54866.0,0.0,1.0,1.0,0.0
2015-10-27,85.2,85.2,83.96,84.26,85.2,85.2,83.96,84.26,44771.0,0.0,1.0,1.0,0.0
2015-10-28,84.45,85.97,84.45,85.94,84.45,85.97,84.45,85.94,30060.0,0.0,1.0,1.0,0.0
2015-10-29,85.81,85.81,84.75,85.0,85.81,85.81,84.75,85.0,25455.0,0.0,1.0,1.0,0.0
2015-10-30,85.11,85.85,85.11,85.74,85.11,85.85,85.11,85.74,29892.0,0.0,1.0,1.0,0.0
2015-11-02,86.34,86.58,85.54,86.58,86.34,86.58,85.54,86.58,191765.0,0.0,1.0,1.0,0.0
2015-11-03,86.06,86.49,85.86,86.26,86.06,86.49,85.86,86.26,40400.0,0.0,1.0,1.0,0.0
2015-11-04,86.57,86.77,85.64,85.64,86.57,86.77,85.64,85.64,31300.0,0.0,1.0,1.0,0.0
2015-11-05,85.81,86.09,85.29,85.68,85.81,86.09,85.29,85.68,43900.0,0.0,1.0,1.0,0.0
2015-11-06,85.55,85.55,84.6,85.47,85.55,85.55,84.6,85.47,133396.0,0.0,1.0,1.0,0.0
2015-11-09,85.47,85.47,84.47,84.72,85.47,85.47,84.47,84.72,47400.0,0.0,1.0,1.0,0.0
2015-11-10,84.64,84.64,84.13,84.31,84.64,84.64,84.13,84.31,26100.0,0.0,1.0,1.0,0.0
2015-11-11,84.62,84.77,84.1,84.14,84.62,84.77,84.1,84.14,48000.0,0.0,1.0,1.0,0.0
2015-11-12,83.73,83.93,83.23,83.51,83.73,83.93,83.23,83.51,135500.0,0.0,1.0,1.0,0.0
2015-11-13,83.45,83.53,82.52,82.56,83.45,83.53,82.52,82.56,33599.0,0.0,1.0,1.0,2.09
2015-11-16,82.51,83.87,82.47,83.87,82.51,83.87,82.47,83.87,35200.0,0.0,1.0,1.0,0.0
2015-11-17,84.1,84.6,83.72,84.1,84.1,84.6,83.72,84.1,29900.0,0.0,1.0,1.0,0.0
2015-11-18,84.16,84.88,83.83,84.87,84.16,84.88,83.83,84.87,33697.0,0.0,1.0,1.0,4.2
2015-11-19,84.83,85.26,84.83,85.1,84.83,85.26,84.83,85.1,39856.0,0.0,1.0,1.0,0.0
2015-11-20,85.39,85.39,84.65,84.76,85.39,85.39,84.65,84.76,31964.0,0.0,1.0,1.0,0.0
2015-11-23,84.8,84.96,84.39,84.55,84.8,84.96,84.39,84.55,69997.0,0.0,1.0,1.0,2.12
2015-11-24,84.22,84.98,83.97,84.72,84.22,84.98,83.97,84.72,43086.0,0.0,1.0,1.0,2.11
2015-11-25,84.9,84.9,84.36,84.55,84.9,84.9,84.36,84.55,24600.0,0.0,1.0,1.0,0.0
2015-11-27,84.59,85.12,84.59,85.06,84.59,85.12,84.59,85.06,47300.0,0.0,1.0,1.0,0.0
2015-11-30,85.52,85.52,84.75,84.87,85.52,85.52,84.75,84.87,30200.0,0.0,1.0,1.0,0.0
2015-12-01,85.01,85.43,84.82,85.41,85.01,85.43,84.82,85.41,42657.0,0.0,1.0,1.0,0.0
2015-12-02,85.35,85.47,84.6,84.63,85.35,85.47,84.6,84.63,33400.0,0.0,1.0,1.0,10.67
2015-12-03,84.91,84.91,83.5,83.79,84.91,84.91,83.5,83.79,60800.0,0.0,1.0,1.0,0.0
2015-12-04,83.9,85.25,83.88,85.08,83.9,85.25,83.88,85.08,32482.0,0.0,1.0,1.0,0.0
2015-12-07,84.89,85.22,84.68,85.18,84.89,85.22,84.68,85.18,41400.0,0.0,1.0,1.0,2.13
2015-12-08,84.51,85.37,84.34,85.07,84.51,85.37,84.34,85.07,30992.0,0.0,1.0,1.0,0.0
2015-12-09,84.91,85.74,83.9,84.0,84.91,85.74,83.9,84.0,90561.0,0.0,1.0,1.0,0.0
2015-12-10,84.11,84.63,83.94,84.03,84.11,84.63,83.94,84.03,56178.0,0.0,1.0,1.0,2.1
2015-12-11,83.28,83.36,81.8,81.97,83.28,83.36,81.8,81.97,42465.0,0.0,1.0,1.0,0.0
2015-12-14,81.8,82.35,81.51,82.13,81.8,82.35,81.51,82.13,75580.0,0.0,1.0,1.0,0.0
2015-12-15,82.47,83.28,82.32,82.94,82.47,83.28,82.32,82.94,74552.0,0.0,1.0,1.0,0.0
2015-12-16,83.26,84.9,83.26,84.87,83.26,84.9,83.26,84.87,72900.0,0.0,1.0,1.0,2.07
2015-12-17,84.92,85.1,84.0,84.0,84.92,85.1,84.0,84.0,56459.0,0.0,1.0,1.0,0.0
2015-12-18,83.64,83.64,82.77,82.84,83.64,83.64,82.77,82.84,64354.0,0.0,1.0,1.0,0.0
2015-12-21,83.31,83.59,83.07,83.59,83.31,83.59,83.07,83.59,87500.0,0.0,1.0,1.0,0.0
2015-12-22,83.83,84.69,83.37,84.62,83.83,84.69,83.37,84.62,192000.0,0.0,1.0,1.0,2.09
2015-12-23,84.39,85.42,84.36,85.39,84.39,85.42,84.36,85.39,66799.0,0.64,1.0,1.0,2.11
2015-12-24,85.39,85.45,84.89,85.16,85.39,85.45,84.89,85.16,22100.0,0.0,1.0,1.0,0.0
2015-12-28,84.86,85.14,84.59,85.08,84.86,85.14,84.59,85.08,53252.0,0.0,1.0,1.0,-6.39
2015-12-29,85.45,85.85,85.3,85.81,85.45,85.85,85.3,85.81,49379.0,0.0,1.0,1.0,0.0
2015-12-30,86.15,86.15,84.76,84.77,86.15,86.15,84.76,84.77,48800.0,0.0,1.0,1.0,0.0
2015-12-31,84.51,84.52,83.91,83.91,84.51,84.52,83.91,83.91,41300.0,0.0,1.0,1.0,0.0
2016-01-04,83.45,83.45,82.1,82.72,83.45,83.45,82.1,82.72,67876.0,0.0,1.0,1.0,0.0
2016-01-05,83.0,83.66,82.54,83.6,83.0,83.66,82.54,83.6,55858.0,0.0,1.0,1.0,0.0
2016-01-06,82.71,83.68,82.71,83.24,82.71,83.68,82.71,83.24,47700.0,0.0,1.0,1.0,0.0
2016-01-07,82.13,82.55,81.5,81.53,82.13,82.55,81.5,81.53,39300.0,0.0,1.0,1.0,2.08
2016-01-08,82.4,82.61,80.75,80.89,82.4,82.61,80.75,80.89,70263.0,0.0,1.0,1.0,0.0
2016-01-11,81.24,81.53,80.49,81.27,81.24,81.53,80.49,81.27,91286.0,0.0,1.0,1.0,0.0
2016-01-12,81.75,81.75,80.23,80.8,81.75,81.75,80.23,80.8,168800.0,0.0,1.0,1.0,0.0
2016-01-13,81.13,81.32,78.97,79.14,81.13,81.32,78.97,79.14,117700.0,0.0,1.0,1.0,8.08
2016-01-14,79.48,80.99,79.01,80.45,79.48,80.99,79.01,80.45,71256.0,0.0,1.0,1.0,5.93
2016-01-15,78.64,79.63,77.95,78.8,78.64,79.63,77.95,78.8,74390.0,0.0,1.0,1.0,2.01
2016-01-19,79.55,79.81,78.79,79.34,79.55,79.81,78.79,79.34,929394.0,0.0,1.0,1.0,0.0
2016-01-20,78.3,78.55,76.01,77.91,78.3,78.55,76.01,77.91,174800.0,0.0,1.0,1.0,53.53
2016-01-21,78.27,79.71,77.92,78.7,78.27,79.71,77.92,78.7,76378.0,0.0,1.0,1.0,5.85
2016-01-22,79.91,81.51,79.91,81.48,79.91,81.51,79.91,81.48,73800.0,0.0,1.0,1.0,1.97
2016-01-25,81.54,82.51,80.97,81.18,81.54,82.51,80.97,81.18,542000.0,0.0,1.0,1.0,4.07
2016-01-26,81.67,83.15,81.67,82.98,81.67,83.15,81.67,82.98,181966.0,0.0,1.0,1.0,22.32
2016-01-27,82.47,83.74,82.33,82.94,82.47,83.74,82.33,82.94,94200.0,0.0,1.0,1.0,16.59
2016-01-28,83.39,83.69,82.5,82.96,83.39,83.69,82.5,82.96,126573.0,0.0,1.0,1.0,0.0
2016-01-29,83.45,84.94,83.45,84.94,83.45,84.94,83.45,84.94,81600.0,0.0,1.0,1.0,0.0
2016-02-01,84.96,85.52,84.37,85.21,84.96,85.52,84.37,85.21,467900.0,0.0,1.0,1.0,2.12
2016-02-02,85.13,85.13,83.62,83.98,85.13,85.13,83.62,83.98,149200.0,0.0,1.0,1.0,-8.52
2016-02-03,84.45,85.01,83.15,84.98,84.45,85.01,83.15,84.98,402200.0,0.0,1.0,1.0,8.39
2016-02-04,85.1,85.64,84.7,85.29,85.1,85.64,84.7,85.29,343400.0,0.0,1.0,1.0,16.99
2016-02-05,85.27,85.81,84.39,84.49,85.27,85.81,84.39,84.49,75100.0,0.0,1.0,1.0,0.0
2016-02-08,83.99,83.99,82.06,82.89,83.99,83.99,82.06,82.89,165200.0,0.0,1.0,1.0,0.0
2016-02-09,82.03,82.47,80.92,81.99,82.03,82.47,80.92,81.99,91696.0,0.0,1.0,1.0,10.35
2016-02-10,82.31,82.71,81.91,81.97,82.31,82.71,81.91,81.97,106583.0,0.0,1.0,1.0,6.15
2016-02-11,81.07,82.7,81.07,82.43,81.07,82.7,81.07,82.43,149100.0,0.0,1.0,1.0,0.0
2016-02-12,82.98,83.79,82.21,83.56,82.98,83.79,82.21,83.56,103598.0,0.0,1.0,1.0,6.18
2016-02-16,84.27,84.44,83.53,84.37,84.27,84.44,83.53,84.37,80876.0,0.0,1.0,1.0,2.09
2016-02-17,84.95,85.53,84.83,85.21,84.95,85.53,84.83,85.21,182600.0,0.0,1.0,1.0,2.11
2016-02-18,85.25,85.83,85.06,85.63,85.25,85.83,85.06,85.63,198950.0,0.0,1.0,1.0,8.52
2016-02-19,85.3,85.56,84.52,84.88,85.3,85.56,84.52,84.88,57300.0,0.0,1.0,1.0,6.42
2016-02-22,85.45,86.07,85.29,85.87,85.45,86.07,85.29,85.87,114060.0,0.0,1.0,1.0,0.0
2016-02-23,85.74,86.16,85.25,85.79,85.74,86.16,85.25,85.79,108200.0,0.0,1.0,1.0,6.44
2016-02-24,85.36,87.03,85.28,86.93,85.36,87.03,85.28,86.93,87392.0,0.0,1.0,1.0,4.29
2016-02-25,87.01,87.75,86.79,87.48,87.01,87.75,86.79,87.48,105569.0,0.0,1.0,1.0,0.0
2016-02-26,87.68,87.99,86.86,87.81,87.68,87.99,86.86,87.81,322087.0,0.0,1.0,1.0,6.56
2016-02-29,87.79,88.89,87.73,88.31,87.79,88.89,87.73,88.31,487500.0,0.0,1.0,1.0,6.59
2016-03-01,88.78,89.31,88.56,89.29,88.78,89.31,88.56,89.29,273798.0,0.0,1.0,1.0,48.57
2016-03-02,89.31,90.56,88.88,90.56,89.31,90.56,88.88,90.56,192183.0,0.0,1.0,1.0,6.71
2016-03-03,90.42,90.71,90.25,90.51,90.42,90.71,90.25,90.51,83200.0,0.0,1.0,1.0,4.52
2016-03-04,90.53,91.32,90.04,90.43,90.53,91.32,90.04,90.43,146366.0,0.0,1.0,1.0,2.26
2016-03-07,90.12,91.53,90.0,91.03,90.12,91.53,90.0,91.03,257300.0,0.0,1.0,1.0,9.04
2016-03-08,90.62,90.9,90.04,90.53,90.62,90.9,90.04,90.53,388500.0,0.0,1.0,1.0,0.0
2016-03-09,90.68,90.86,89.65,90.17,90.68,90.86,89.65,90.17,182100.0,0.0,1.0,1.0,18.1
2016-03-10,90.48,90.93,89.52,90.06,90.48,90.93,89.52,90.06,124961.0,0.0,1.0,1.0,6.76
2016-03-11,90.69,90.88,90.0,90.82,90.69,90.88,90.0,90.82,81400.0,0.0,1.0,1.0,6.75
2016-03-14,90.59,90.77,90.0,90.55,90.59,90.77,90.0,90.55,112900.0,0.0,1.0,1.0,0.0
2016-03-15,90.16,90.3,89.77,89.9,90.16,90.3,89.77,89.9,138600.0,0.0,1.0,1.0,0.0
2016-03-16,89.67,90.82,89.53,90.59,89.67,90.82,89.53,90.59,107700.0,0.0,1.0,1.0,6.74
2016-03-17,90.6,91.61,90.35,91.34,90.6,91.61,90.35,91.34,79966.0,0.0,1.0,1.0,4.53
2016-03-18,91.71,91.85,91.06,91.17,91.71,91.85,91.06,91.17,137100.0,0.0,1.0,1.0,2.28
2016-03-21,90.45,90.96,90.45,90.51,90.45,90.96,90.45,90.51,80284.0,0.5,1.0,1.0,11.39
2016-03-22,90.61,90.78,90.25,90.31,90.61,90.78,90.25,90.31,94561.0,0.0,1.0,1.0,0.0
2016-03-23,90.15,90.2,89.43,89.56,90.15,90.2,89.43,89.56,347974.0,0.0,1.0,1.0,0.0
2016-03-24,89.27,90.27,88.84,90.27,89.27,90.27,88.84,90.27,421700.0,0.0,1.0,1.0,20.13
2016-03-28,90.55,90.74,89.7,90.33,90.55,90.74,89.7,90.33,98897.0,0.0,1.0,1.0,11.28
2016-03-29,90.38,92.51,90.12,92.49,90.38,92.51,90.12,92.49,129100.0,0.0,1.0,1.0,4.51
2016-03-30,92.87,93.29,92.15,92.74,92.87,93.29,92.15,92.74,108763.0,0.0,1.0,1.0,2.31
2016-03-31,92.87,93.04,92.47,92.72,92.87,93.04,92.47,92.72,239900.0,0.0,1.0,1.0,4.64
2016-04-01,92.27,93.86,91.61,93.72,92.27,93.86,91.61,93.72,987874.0,0.0,1.0,1.0,6.95
2016-04-04,94.15,94.15,93.41,93.62,94.15,94.15,93.41,93.62,144300.0,0.0,1.0,1.0,37.43
2016-04-05,93.51,93.51,92.46,92.83,93.51,93.51,92.46,92.83,207500.0,0.0,1.0,1.0,14.04
2016-04-06,92.63,93.0,92.16,93.0,92.63,93.0,92.16,93.0,73600.0,0.0,1.0,1.0,20.83
2016-04-07,92.25,92.25,91.3,91.64,92.25,92.25,91.3,91.64,130600.0,0.0,1.0,1.0,0.0
2016-04-08,92.11,92.52,91.56,91.87,92.11,92.52,91.56,91.87,135992.0,0.0,1.0,1.0,4.58
2016-04-11,92.24,92.36,91.22,91.33,92.24,92.36,91.22,91.33,93965.0,0.0,1.0,1.0,0.0
2016-04-12,91.49,92.34,91.36,91.88,91.49,92.34,91.36,91.88,127300.0,0.0,1.0,1.0,6.85
2016-04-13,92.12,92.19,91.36,92.01,92.12,92.19,91.36,92.01,149379.0,0.0,1.0,1.0,0.0
2016-04-14,92.09,92.3,91.59,92.07,92.09,92.3,91.59,92.07,108272.0,0.0,1.0,1.0,4.59
2016-04-15,92.05,92.54,91.88,92.42,92.05,92.54,91.88,92.42,60370.0,0.0,1.0,1.0,4.6
2016-04-18,92.2,93.15,92.15,92.98,92.2,93.15,92.15,92.98,106300.0,0.0,1.0,1.0,0.0
2016-04-19,93.83,93.83,93.17,93.63,93.83,93.83,93.17,93.63,95800.0,0.0,1.0,1.0,2.32
2016-04-20,93.91,94.06,93.39,93.55,93.91,94.06,93.39,93.55,111300.0,0.0,1.0,1.0,0.0
2016-04-21,93.22,93.22,91.5,91.69,93.22,93.22,91.5,91.69,153400.0,0.0,1.0,1.0,0.0
2016-04-22,91.82,92.83,91.82,92.74,91.82,92.83,91.82,92.74,67685.0,0.0,1.0,1.0,9.17
2016-04-25,92.99,92.99,92.24,92.67,92.99,92.99,92.24,92.67,90400.0,0.0,1.0,1.0,0.0
2016-04-26,92.99,93.18,92.38,92.66,92.99,93.18,92.38,92.66,82200.0,0.0,1.0,1.0,0.0
2016-04-27,92.56,93.82,92.56,93.57,92.56,93.82,92.56,93.57,73500.0,0.0,1.0,1.0,4.63
2016-04-28,93.24,93.85,92.89,93.0,93.24,93.85,92.89,93.0,73972.0,0.0,1.0,1.0,2.34
2016-04-29,93.03,93.03,92.04,92.54,93.03,93.03,92.04,92.54,78278.0,0.0,1.0,1.0,0.0
2016-05-02,92.86,93.96,92.55,93.94,92.86,93.96,92.55,93.94,575259.0,0.0,1.0,1.0,0.0
2016-05-03,93.52,93.52,92.24,92.87,93.52,93.52,92.24,92.87,195554.0,0.0,1.0,1.0,9.4
2016-05-04,92.52,92.98,92.43,92.86,92.52,92.98,92.43,92.86,154759.0,0.0,1.0,1.0,6.96
2016-05-05,92.73,92.73,91.31,91.37,92.73,92.73,91.31,91.37,87356.0,0.0,1.0,1.0,-2.32
2016-05-06,91.51,91.76,90.57,91.74,91.51,91.76,90.57,91.74,71180.0,0.0,1.0,1.0,-2.28
2016-05-09,91.88,91.95,91.26,91.53,91.88,91.95,91.26,91.53,54272.0,0.0,1.0,1.0,0.0
2016-05-10,91.94,92.74,91.94,92.72,91.94,92.74,91.94,92.72,54400.0,0.0,1.0,1.0,2.29
2016-05-11,92.74,93.01,92.33,92.4,92.74,93.01,92.33,92.4,48800.0,0.0,1.0,1.0,2.32
2016-05-12,92.7,92.89,92.24,92.58,92.7,92.89,92.24,92.58,95399.0,0.0,1.0,1.0,0.0
2016-05-13,92.51,92.51,91.6,92.23,92.51,92.51,91.6,92.23,117893.0,0.0,1.0,1.0,2.31
2016-05-16,92.52,93.26,92.5,92.94,92.52,93.26,92.5,92.94,202566.0,0.0,1.0,1.0,4.61
2016-05-17,92.96,93.02,91.25,91.48,92.96,93.02,91.25,91.48,262060.0,0.0,1.0,1.0,0.0
2016-05-18,91.46,92.03,90.35,90.92,91.46,92.03,90.35,90.92,288400.0,0.0,1.0,1.0,-18.31
2016-05-19,90.79,90.79,89.53,90.13,90.79,90.79,89.53,90.13,112683.0,0.0,1.0,1.0,-2.28
2016-05-20,90.52,91.07,90.13,90.92,90.52,91.07,90.13,90.92,91700.0,0.0,1.0,1.0,0.0
2016-05-23,91.0,91.11,90.58,90.63,91.0,91.11,90.58,90.63,54500.0,0.0,1.0,1.0,-2.28
2016-05-24,90.96,91.48,90.87,91.35,90.96,91.48,90.87,91.35,425500.0,0.0,1.0,1.0,-2.27
2016-05-25,91.66,91.83,91.33,91.57,91.66,91.83,91.33,91.57,69900.0,0.0,1.0,1.0,-20.57
2016-05-26,91.66,92.26,91.65,91.81,91.66,92.26,91.65,91.81,50600.0,0.0,1.0,1.0,-4.58
2016-05-27,91.91,92.09,91.76,92.07,91.91,92.09,91.76,92.07,108100.0,0.0,1.0,1.0,0.0
2016-05-31,92.28,92.67,91.99,92.39,92.28,92.67,91.99,92.39,650300.0,0.0,1.0,1.0,0.0
2016-06-01,92.31,92.42,90.92,91.43,92.31,92.42,90.92,91.43,420455.0,0.0,1.0,1.0,27.74
2016-06-02,91.4,92.19,91.1,92.19,91.4,92.19,91.1,92.19,151881.0,0.0,1.0,1.0,-20.57
2016-06-03,91.89,92.02,91.0,91.53,91.89,92.02,91.0,91.53,221700.0,0.0,1.0,1.0,0.0
2016-06-06,91.71,92.13,91.6,91.73,91.71,92.13,91.6,91.73,182678.0,0.0,1.0,1.0,-6.87
2016-06-07,91.94,93.24,91.53,93.05,91.94,93.24,91.53,93.05,198491.0,0.0,1.0,1.0,-6.89
2016-06-08,93.04,93.28,92.78,93.16,93.04,93.28,92.78,93.16,62168.0,0.0,1.0,1.0,-4.65
2016-06-09,92.99,93.22,92.44,93.05,92.99,93.22,92.44,93.05,63455.0,0.0,1.0,1.0,0.0
2016-06-10,92.55,93.3,92.24,92.75,92.55,93.3,92.24,92.75,90700.0,0.0,1.0,1.0,0.0
2016-06-13,92.41,92.95,92.33,92.37,92.41,92.95,92.33,92.37,58270.0,0.0,1.0,1.0,0.0
2016-06-14,92.32,93.18,92.18,93.0,92.32,93.18,92.18,93.0,74994.0,0.0,1.0,1.0,0.0
2016-06-15,93.32,93.61,93.06,93.12,93.32,93.61,93.06,93.12,103600.0,0.0,1.0,1.0,0.0
2016-06-16,92.94,94.07,92.65,94.07,92.94,94.07,92.65,94.07,157768.0,0.0,1.0,1.0,0.0
2016-06-17,94.08,94.3,93.49,94.3,94.08,94.3,93.49,94.3,59500.0,0.0,1.0,1.0,4.71
2016-06-20,95.08,95.33,94.8,95.08,95.08,95.33,94.8,95.08,69360.0,0.0,1.0,1.0,0.0
2016-06-21,94.66,95.49,94.32,95.21,94.66,95.49,94.32,95.21,43273.0,0.59,1.0,1.0,9.5
2016-06-22,95.19,95.64,94.89,94.89,95.19,95.64,94.89,94.89,230100.0,0.0,1.0,1.0,0.0
2016-06-23,95.63,96.7,95.56,96.68,95.63,96.7,95.56,96.68,123183.0,0.0,1.0,1.0,-9.5
2016-06-24,94.04,95.76,94.04,94.64,94.04,95.76,94.04,94.64,446800.0,0.0,1.0,1.0,7.25
2016-06-27,94.06,94.1,93.0,93.6,94.06,94.1,93.0,93.6,143871.0,0.0,1.0,1.0,9.46
2016-06-28,94.28,94.88,94.09,94.81,94.28,94.88,94.09,94.81,180000.0,0.0,1.0,1.0,-21.06
2016-06-29,95.45,96.8,95.45,96.68,95.45,96.8,95.45,96.68,132883.0,0.0,1.0,1.0,9.48
2016-06-30,97.05,98.4,96.6,98.4,97.05,98.4,96.6,98.4,108000.0,0.0,1.0,1.0,0.0
2016-07-01,98.64,98.95,97.95,98.81,98.64,98.95,97.95,98.81,158500.0,0.0,1.0,1.0,9.84
2016-07-05,98.91,99.14,98.48,98.48,98.91,99.14,98.48,98.48,195866.0,0.0,1.0,1.0,0.0
2016-07-06,98.38,98.96,97.49,98.93,98.38,98.96,97.49,98.93,349900.0,0.0,1.0,1.0,14.77
2016-07-07,98.68,98.9,97.85,98.29,98.68,98.9,97.85,98.29,249900.0,0.0,1.0,1.0,12.36
2016-07-08,98.61,100.07,98.18,100.04,98.61,100.07,98.18,100.04,117164.0,0.0,1.0,1.0,0.0
2016-07-11,100.23,100.48,99.7,100.43,100.23,100.48,99.7,100.43,121900.0,0.0,1.0,1.0,0.0
2016-07-12,100.45,101.32,100.45,100.79,100.45,101.32,100.45,100.79,295300.0,0.0,1.0,1.0,7.53
2016-07-13,101.05,102.05,100.68,101.49,101.05,102.05,100.68,101.49,1260273.0,0.0,1.0,1.0,15.11
2016-07-14,101.54,101.87,101.32,101.44,101.54,101.87,101.32,101.44,101400.0,0.0,1.0,1.0,106.55
2016-07-15,101.68,101.99,101.21,101.64,101.68,101.99,101.21,101.64,209300.0,0.0,1.0,1.0,5.07
2016-07-18,101.45,101.55,100.89,101.14,101.45,101.55,100.89,101.14,403194.0,0.0,1.0,1.0,10.16
2016-07-19,101.04,101.11,100.43,100.48,101.04,101.11,100.43,100.48,121300.0,0.0,1.0,1.0,15.18
2016-07-20,100.48,100.5,100.03,100.39,100.48,100.5,100.03,100.39,165588.0,0.0,1.0,1.0,0.0
2016-07-21,100.25,100.51,99.28,99.51,100.25,100.51,99.28,99.51,124095.0,0.0,1.0,1.0,5.02
2016-07-22,99.59,101.68,99.59,101.26,99.59,101.68,99.59,101.26,111290.0,0.0,1.0,1.0,0.0
2016-07-25,101.43,101.44,101.05,101.35,101.43,101.44,101.05,101.35,161400.0,0.0,1.0,1.0,2.53
2016-07-26,101.25,101.31,100.36,100.67,101.25,101.31,100.36,100.67,178651.0,0.0,1.0,1.0,0.0
2016-07-27,100.81,100.92,100.28,100.75,100.81,100.92,100.28,100.75,75879.0,0.0,1.0,1.0,0.0
2016-07-28,100.64,100.64,99.74,99.94,100.64,100.64,99.74,99.94,72063.0,0.0,1.0,1.0,0.0
2016-07-29,100.05,101.38,99.96,101.05,100.05,101.38,99.96,101.05,148500.0,0.0,1.0,1.0,0.0
2016-08-01,101.09,101.31,100.22,100.35,101.09,101.31,100.22,100.35,176797.0,0.0,1.0,1.0,0.0
2016-08-02,100.08,100.18,98.36,98.79,100.08,100.18,98.36,98.79,189800.0,0.0,1.0,1.0,0.0
2016-08-03,98.7,98.97,98.38,98.92,98.7,98.97,98.38,98.92,101600.0,0.0,1.0,1.0,-4.94
2016-08-04,98.92,99.03,98.17,98.77,98.92,99.03,98.17,98.77,167872.0,0.0,1.0,1.0,4.95
2016-08-05,98.9,98.9,98.14,98.3,98.9,98.9,98.14,98.3,99200.0,0.0,1.0,1.0,0.0
2016-08-08,98.29,98.33,97.66,97.93,98.29,98.33,97.66,97.93,176400.0,0.0,1.0,1.0,0.0
2016-08-09,98.0,98.24,97.76,98.21,98.0,98.24,97.76,98.21,521391.0,0.0,1.0,1.0,-4.9
2016-08-10,98.26,98.37,97.72,97.8,98.26,98.37,97.72,97.8,209892.0,0.0,1.0,1.0,0.0
2016-08-11,97.99,98.17,97.7,97.78,97.99,98.17,97.7,97.78,252600.0,0.0,1.0,1.0,-4.89
2016-08-12,97.68,98.11,96.88,97.01,97.68,98.11,96.88,97.01,1706700.0,0.0,1.0,1.0,-7.33
2016-08-15,97.2,97.39,96.86,96.93,97.2,97.39,96.86,96.93,704074.0,0.0,1.0,1.0,-48.56
2016-08-16,96.93,96.99,95.22,95.22,96.93,96.99,95.22,95.22,316300.0,0.0,1.0,1.0,-60.63
2016-08-17,95.3,95.39,94.02,95.09,95.3,95.39,94.02,95.09,258700.0,0.0,1.0,1.0,-9.53
2016-08-18,95.14,95.21,94.55,95.06,95.14,95.21,94.55,95.06,407700.0,0.0,1.0,1.0,-9.51
2016-08-19,94.76,94.91,93.71,94.28,94.76,94.91,93.71,94.28,141200.0,0.0,1.0,1.0,-16.64
2016-08-22,94.25,94.62,93.63,94.4,94.25,94.62,93.63,94.4,286900.0,0.0,1.0,1.0,-4.72
2016-08-23,94.7,95.09,94.53,94.69,94.7,95.09,94.53,94.69,272877.0,0.0,1.0,1.0,0.0
2016-08-24,94.72,94.99,94.42,94.61,94.72,94.99,94.42,94.61,94800.0,0.0,1.0,1.0,-7.1
2016-08-25,94.4,95.19,94.34,95.14,94.4,95.19,94.34,95.14,104659.0,0.0,1.0,1.0,-2.36
2016-08-26,95.11,95.83,93.99,94.41,95.11,95.83,93.99,94.41,126176.0,0.0,1.0,1.0,-2.38
2016-08-29,94.74,95.4,94.69,95.34,94.74,95.4,94.69,95.34,178900.0,0.0,1.0,1.0,-2.36
2016-08-30,95.44,95.53,94.89,95.14,95.44,95.53,94.89,95.14,334400.0,0.0,1.0,1.0,-11.92
2016-08-31,95.16,95.28,94.5,95.04,95.16,95.28,94.5,95.04,71400.0,0.0,1.0,1.0,-11.9
2016-09-01,95.12,95.18,94.42,94.64,95.12,95.18,94.42,94.64,230400.0,0.0,1.0,1.0,-2.38
2016-09-02,95.08,95.71,95.0,95.44,95.08,95.71,95.0,95.44,212975.0,0.0,1.0,1.0,-2.37
2016-09-06,95.68,96.18,95.36,95.79,95.68,96.18,95.36,95.79,174457.0,0.0,1.0,1.0,-4.78
2016-09-07,95.87,96.37,95.71,96.31,95.87,96.37,95.71,96.31,130996.0,0.0,1.0,1.0,-9.59
2016-09-08,96.17,96.39,95.98,96.22,96.17,96.39,95.98,96.22,85900.0,0.0,1.0,1.0,0.0
2016-09-09,95.54,95.84,93.02,93.02,95.54,95.84,93.02,93.02,127453.0,0.0,1.0,1.0,0.0
2016-09-12,92.6,95.64,92.45,95.45,92.6,95.64,92.45,95.45,248600.0,0.0,1.0,1.0,0.0
2016-09-13,94.75,94.75,92.66,93.25,94.75,94.75,92.66,93.25,129868.0,0.0,1.0,1.0,-11.93
2016-09-14,93.38,93.75,92.89,93.13,93.38,93.75,92.89,93.13,102000.0,0.0,1.0,1.0,-2.33
2016-09-15,93.1,94.43,92.89,94.19,93.1,94.43,92.89,94.19,53700.0,0.0,1.0,1.0,0.0
2016-09-16,94.04,94.33,93.24,94.07,94.04,94.33,93.24,94.07,104753.0,0.0,1.0,1.0,0.0
2016-09-19,94.38,94.56,93.52,93.95,94.38,94.56,93.52,93.95,80552.0,0.0,1.0,1.0,-2.35
2016-09-20,93.62,93.62,92.2,92.2,93.62,93.62,92.2,92.2,99300.0,0.81,1.0,1.0,11.74
2016-09-21,92.53,93.44,92.13,93.3,92.53,93.44,92.13,93.3,62400.0,0.0,1.0,1.0,0.0
2016-09-22,93.82,94.87,93.34,94.82,93.82,94.87,93.34,94.82,54179.0,0.0,1.0,1.0,-11.66
2016-09-23,94.66,95.36,94.54,95.12,94.66,95.36,94.54,95.12,292364.0,0.0,1.0,1.0,0.0
2016-09-26,94.83,95.05,94.5,94.56,94.83,95.05,94.5,94.56,58300.0,0.0,1.0,1.0,4.76
2016-09-27,94.7,95.4,94.46,95.27,94.7,95.4,94.46,95.27,105155.0,0.0,1.0,1.0,2.36
2016-09-28,95.08,95.16,94.24,95.06,95.08,95.16,94.24,95.06,109388.0,0.0,1.0,1.0,7.14
2016-09-29,94.97,95.45,94.52,94.68,94.97,95.45,94.52,94.68,50777.0,0.0,1.0,1.0,0.0
2016-09-30,95.04,95.23,94.37,94.39,95.04,95.23,94.37,94.39,60700.0,0.0,1.0,1.0,0.0
2016-10-03,94.21,94.45,93.76,94.35,94.21,94.45,93.76,94.35,823889.0,0.0,1.0,1.0,0.0
2016-10-04,94.39,94.47,92.8,93.4,94.39,94.47,92.8,93.4,151800.0,0.0,1.0,1.0,-7.08
2016-10-05,93.87,93.87,92.47,92.99,93.87,93.87,92.47,92.99,231700.0,0.0,1.0,1.0,-46.68
2016-10-06,92.79,92.93,92.11,92.72,92.79,92.93,92.11,92.72,124286.0,0.0,1.0,1.0,6.97
2016-10-07,92.93,93.09,91.78,92.36,92.93,93.09,91.78,92.36,58085.0,0.0,1.0,1.0,4.64
2016-10-10,92.67,93.34,92.08,93.23,92.67,93.34,92.08,93.23,52495.0,0.0,1.0,1.0,2.31
2016-10-11,92.95,93.08,92.45,92.72,92.95,93.08,92.45,92.72,175900.0,0.0,1.0,1.0,2.33
2016-10-12,92.75,93.38,92.7,93.2,92.75,93.38,92.7,93.2,52500.0,0.0,1.0,1.0,0.0
2016-10-13,92.75,93.0,92.02,92.74,92.75,93.0,92.02,92.74,74275.0,0.0,1.0,1.0,0.0
2016-10-14,93.1,93.65,92.68,92.71,93.1,93.65,92.68,92.71,308800.0,0.0,1.0,1.0,0.0
2016-10-17,92.64,92.93,92.44,92.65,92.64,92.93,92.44,92.65,49083.0,0.0,1.0,1.0,-2.32
2016-10-18,93.13,93.44,92.9,93.13,93.13,93.44,92.9,93.13,74996.0,0.0,1.0,1.0,0.0
2016-10-19,93.26,93.81,93.18,93.48,93.26,93.81,93.18,93.48,57700.0,0.0,1.0,1.0,2.33
2016-10-20,92.91,92.91,91.99,92.3,92.91,92.91,91.99,92.3,72489.0,0.0,1.0,1.0,0.0
2016-10-21,91.74,92.03,90.87,91.24,91.74,92.03,90.87,91.24,60783.0,0.0,1.0,1.0,2.31
2016-10-24,91.47,92.12,91.45,91.75,91.47,92.12,91.45,91.75,88900.0,0.0,1.0,1.0,0.0
2016-10-25,91.8,91.84,90.87,90.91,91.8,91.84,90.87,90.91,94063.0,0.0,1.0,1.0,0.0
2016-10-26,90.74,91.2,90.32,90.48,90.74,91.2,90.32,90.48,63500.0,0.0,1.0,1.0,0.0
2016-10-27,90.62,92.12,90.44,91.81,90.62,92.12,90.44,91.81,109700.0,0.0,1.0,1.0,-2.26
2016-10-28,91.81,92.32,91.25,91.29,91.81,92.32,91.25,91.29,53700.0,0.0,1.0,1.0,0.0
2016-10-31,91.27,91.32,90.83,90.98,91.27,91.32,90.83,90.98,59900.0,0.0,1.0,1.0,0.0
2016-11-01,91.1,91.24,89.25,89.63,91.1,91.24,89.25,89.63,108400.0,0.0,1.0,1.0,0.0
2016-11-02,89.46,89.46,87.29,87.39,89.46,89.46,87.29,87.39,854751.0,0.0,1.0,1.0,-2.24
2016-11-03,87.95,88.46,87.4,87.54,87.95,88.46,87.4,87.54,151474.0,0.0,1.0,1.0,-34.96
2016-11-04,87.75,88.56,87.4,88.01,87.75,88.56,87.4,88.01,109300.0,0.0,1.0,1.0,-6.56
2016-11-07,89.1,89.18,88.54,88.96,89.1,89.18,88.54,88.96,83700.0,0.0,1.0,1.0,0.0
2016-11-08,89.05,90.31,89.05,89.99,89.05,90.31,89.05,89.99,718100.0,0.0,1.0,1.0,-2.22
2016-11-09,88.79,91.57,88.75,91.47,88.79,91.57,88.75,91.47,160197.0,0.0,1.0,1.0,4.5
2016-11-10,91.74,91.74,88.95,89.64,91.74,91.74,88.95,89.64,128300.0,0.0,1.0,1.0,9.15
2016-11-11,88.85,90.58,88.85,89.99,88.85,90.58,88.85,89.99,106461.0,0.0,1.0,1.0,0.0
2016-11-14,90.37,90.46,89.84,89.91,90.37,90.46,89.84,89.91,99000.0,0.0,1.0,1.0,0.0
2016-11-15,90.17,90.81,89.94,90.73,90.17,90.81,89.94,90.73,118000.0,0.0,1.0,1.0,0.0
2016-11-16,90.66,91.48,90.48,91.33,90.66,91.48,90.48,91.33,148000.0,0.0,1.0,1.0,-2.27
2016-11-17,91.79,92.32,91.67,91.67,91.79,92.32,91.67,91.67,66454.0,0.0,1.0,1.0,-6.85
2016-11-18,91.99,92.29,91.72,92.23,91.99,92.29,91.72,92.23,109300.0,0.0,1.0,1.0,0.0
2016-11-21,92.61,93.19,92.31,93.18,92.61,93.19,92.31,93.18,58400.0,0.0,1.0,1.0,0.0
2016-11-22,93.5,94.68,93.5,94.57,93.5,94.68,93.5,94.57,424200.0,0.0,1.0,1.0,0.0
2016-11-23,94.35,95.5,94.35,95.2,94.35,95.5,94.35,95.2,187583.0,0.0,1.0,1.0,-4.73
2016-11-25,95.32,96.0,95.28,95.77,95.32,96.0,95.28,95.77,49078.0,0.0,1.0,1.0,0.0
2016-11-28,95.77,96.42,95.77,96.25,95.77,96.42,95.77,96.25,70000.0,0.0,1.0,1.0,2.4
2016-11-29,96.24,96.4,95.8,95.9,96.24,96.4,95.8,95.9,63900.0,0.0,1.0,1.0,-7.21
2016-11-30,95.69,95.86,93.94,93.94,95.69,95.86,93.94,93.94,122300.0,0.0,1.0,1.0,2.4
2016-12-01,94.0,94.15,93.31,93.79,94.0,94.15,93.31,93.79,98000.0,0.0,1.0,1.0,0.0
2016-12-02,93.79,94.46,93.67,93.93,93.79,94.46,93.67,93.93,89800.0,0.0,1.0,1.0,0.0
2016-12-05,94.48,94.98,94.39,94.84,94.48,94.98,94.39,94.84,108400.0,0.0,1.0,1.0,0.0
2016-12-06,95.2,96.15,94.74,95.8,95.2,96.15,94.74,95.8,216600.0,0.0,1.0,1.0,0.0
2016-12-07,95.98,98.17,95.96,98.14,95.98,98.17,95.96,98.14,250761.0,0.0,1.0,1.0,2.4
2016-12-08,98.08,98.46,97.78,98.18,98.08,98.46,97.78,98.18,83800.0,0.0,1.0,1.0,-7.36
2016-12-09,98.21,98.39,97.75,98.15,98.21,98.39,97.75,98.15,251600.0,0.0,1.0,1.0,0.0
2016-12-12,98.3,98.73,97.96,97.96,98.3,98.73,97.96,97.96,86400.0,0.0,1.0,1.0,4.91
2016-12-13,98.48,99.15,98.42,98.92,98.48,99.15,98.42,98.92,76861.0,0.0,1.0,1.0,0.0
2016-12-14,98.17,98.38,97.18,97.37,98.17,98.38,97.18,97.37,128160.0,0.77,1.0,1.0,12.37
2016-12-15,97.04,98.37,97.0,98.0,97.04,98.37,97.0,98.0,104951.0,0.0,1.0,1.0,0.0
2016-12-16,98.31,98.36,97.95,98.34,98.31,98.36,97.95,98.34,93100.0,0.0,1.0,1.0,-12.25
2016-12-19,98.83,100.11,98.59,99.82,98.83,100.11,98.59,99.82,91680.0,0.0,1.0,1.0,2.46
2016-12-20,100.02,100.68,99.97,100.46,100.02,100.68,99.97,100.46,484300.0,0.0,1.0,1.0,0.0
2016-12-21,100.09,100.76,99.93,99.95,100.09,100.76,99.93,99.95,88900.0,0.0,1.0,1.0,27.62
2016-12-22,100.25,100.98,99.95,100.7,100.25,100.98,99.95,100.7,144099.0,0.0,1.0,1.0,2.5
2016-12-23,100.75,101.5,100.73,101.25,100.75,101.5,100.73,101.25,203100.0,0.0,1.0,1.0,0.0
2016-12-27,101.22,101.79,101.0,101.41,101.22,101.79,101.0,101.41,77375.0,0.0,1.0,1.0,5.06
2016-12-28,101.45,101.5,100.44,100.59,101.45,101.5,100.44,100.59,61500.0,0.0,1.0,1.0,0.0
2016-12-29,100.77,101.07,100.77,100.88,100.77,101.07,100.77,100.88,77372.0,0.0,1.0,1.0,0.0
2016-12-30,100.91,100.91,99.8,100.15,100.91,100.91,99.8,100.15,82300.0,0.0,1.0,1.0,0.0
2017-01-03,101.04,103.63,101.01,103.42,101.04,103.63,101.01,103.42,874900.0,0.0,1.0,1.0,2.5
2017-01-04,103.57,104.2,103.38,104.13,103.57,104.2,103.38,104.13,411374.0,0.0,1.0,1.0,54.3
2017-01-05,104.12,104.36,103.08,103.37,104.12,104.36,103.08,103.37,243100.0,0.0,1.0,1.0,26.03
2017-01-06,103.91,103.91,101.89,101.94,103.91,103.91,101.89,101.94,125089.0,0.0,1.0,1.0,7.76
2017-01-09,101.88,102.0,100.85,100.95,101.88,102.0,100.85,100.95,106355.0,0.0,1.0,1.0,0.0
2017-01-10,100.92,101.63,100.15,101.55,100.92,101.63,100.15,101.55,112300.0,0.0,1.0,1.0,0.0
2017-01-11,101.26,101.43,100.76,101.16,101.26,101.43,100.76,101.16,94950.0,0.0,1.0,1.0,0.0
2017-01-12,101.01,101.15,100.18,101.13,101.01,101.15,100.18,101.13,154667.0,0.0,1.0,1.0,7.58
2017-01-13,101.16,101.58,101.01,101.42,101.16,101.58,101.01,101.42,137700.0,0.0,1.0,1.0,5.05
2017-01-17,101.31,101.69,101.15,101.55,101.31,101.69,101.15,101.55,151900.0,0.0,1.0,1.0,-7.61
2017-01-18,101.66,101.77,100.74,100.89,101.66,101.77,100.74,100.89,70955.0,0.0,1.0,1.0,0.0
2017-01-19,100.98,101.31,100.58,100.94,100.98,101.31,100.58,100.94,62676.0,0.0,1.0,1.0,5.04
2017-01-20,101.4,102.06,100.98,101.19,101.4,102.06,100.98,101.19,485773.0,0.0,1.0,1.0,2.52
2017-01-23,101.17,101.53,100.8,101.5,101.17,101.53,100.8,101.5,799494.0,0.0,1.0,1.0,-15.18
2017-01-24,100.35,100.53,99.48,100.11,100.35,100.53,99.48,100.11,206200.0,0.0,1.0,1.0,-63.43
2017-01-25,100.16,100.32,99.34,100.12,100.16,100.32,99.34,100.12,131100.0,0.0,1.0,1.0,0.0
2017-01-26,99.73,100.53,99.68,100.45,99.73,100.53,99.68,100.45,188600.0,0.0,1.0,1.0,0.0
2017-01-27,100.76,101.15,100.29,101.13,100.76,101.15,100.29,101.13,75790.0,0.0,1.0,1.0,0.0
2017-01-30,100.89,100.89,100.0,100.35,100.89,100.89,100.0,100.35,101400.0,0.0,1.0,1.0,0.0
2017-01-31,100.25,100.85,100.25,100.53,100.25,100.85,100.25,100.53,129100.0,0.0,1.0,1.0,0.0
2017-02-01,100.87,101.26,98.05,98.85,100.87,101.26,98.05,98.85,599413.0,0.0,1.0,1.0,-2.51
2017-02-02,98.89,98.89,97.2,97.86,98.89,98.89,97.2,97.86,175155.0,0.0,1.0,1.0,-12.36
2017-02-03,98.11,98.84,98.11,98.62,98.11,98.84,98.11,98.62,379884.0,0.0,1.0,1.0,-4.89
2017-02-06,98.52,98.52,97.18,97.27,98.52,98.52,97.18,97.27,115056.0,0.0,1.0,1.0,4.93
2017-02-07,97.43,97.5,96.75,96.95,97.43,97.5,96.75,96.95,242100.0,0.0,1.0,1.0,0.0
2017-02-08,96.92,97.38,96.56,97.17,96.92,97.38,96.56,97.17,159786.0,0.0,1.0,1.0,-4.85
2017-02-09,97.29,98.07,97.25,97.8,97.29,98.07,97.25,97.8,68968.0,0.0,1.0,1.0,-2.43
2017-02-10,98.02,98.48,97.82,98.43,98.02,98.48,97.82,98.43,66200.0,0.0,1.0,1.0,0.0
2017-02-13,97.73,98.11,97.5,97.78,97.73,98.11,97.5,97.78,140200.0,0.0,1.0,1.0,0.0
2017-02-14,97.49,97.82,97.13,97.78,97.49,97.82,97.13,97.78,122100.0,0.0,1.0,1.0,0.0
2017-02-15,97.45,97.64,97.17,97.55,97.45,97.64,97.17,97.55,98300.0,0.0,1.0,1.0,-2.45
2017-02-16,97.56,97.91,97.48,97.78,97.56,97.91,97.48,97.78,89400.0,0.0,1.0,1.0,0.0
2017-02-17,97.56,98.73,97.2,98.65,97.56,98.73,97.2,98.65,88479.0,0.0,1.0,1.0,0.0
2017-02-21,99.13,99.68,98.71,99.55,99.13,99.68,98.71,99.55,101900.0,0.0,1.0,1.0,0.0
2017-02-22,99.59,99.91,99.44,99.78,99.59,99.91,99.44,99.78,68400.0,0.0,1.0,1.0,-2.49
2017-02-23,100.14,100.14,99.45,99.57,100.14,100.14,99.45,99.57,86898.0,0.0,1.0,1.0,0.0
2017-02-24,99.36,99.69,99.12,99.26,99.36,99.69,99.12,99.26,63378.0,0.0,1.0,1.0,0.0
2017-02-27,99.14,99.18,98.73,99.16,99.14,99.18,98.73,99.16,69492.0,0.0,1.0,1.0,9.92
2017-02-28,99.06,99.06,97.37,97.74,99.06,99.06,97.37,97.74,81000.0,0.0,1.0,1.0,-2.48
2017-03-01,98.71,98.85,97.01,98.57,98.71,98.85,97.01,98.57,195100.0,0.0,1.0,1.0,-4.89
2017-03-02,98.43,98.6,97.56,97.76,98.43,98.6,97.56,97.76,73500.0,0.0,1.0,1.0,-2.47
2017-03-03,97.66,97.66,96.76,97.31,97.66,97.66,96.76,97.31,116800.0,0.0,1.0,1.0,-2.33
2017-03-06,96.9,96.9,96.17,96.45,96.9,96.9,96.17,96.45,221400.0,0.0,1.0,1.0,-0.0
2017-03-07,96.28,96.28,94.96,94.99,96.28,96.28,94.96,94.99,124670.0,0.0,1.0,1.0,-12.07
2017-03-08,95.04,95.14,94.41,94.5,95.04,95.14,94.41,94.5,78172.0,0.0,1.0,1.0,0.0
2017-03-09,94.55,95.15,94.45,95.01,94.55,95.15,94.45,95.01,152600.0,0.0,1.0,1.0,0.0
2017-03-10,95.35,95.61,94.95,95.34,95.35,95.61,94.95,95.34,83886.0,0.0,1.0,1.0,4.75
2017-03-13,95.33,96.04,95.2,96.03,95.33,96.04,95.2,96.03,125550.0,0.0,1.0,1.0,-7.15
2017-03-14,95.89,95.89,94.97,95.15,95.89,95.89,94.97,95.15,59600.0,0.0,1.0,1.0,0.0
2017-03-15,95.16,96.83,95.16,96.62,95.16,96.83,95.16,96.62,146800.0,0.0,1.0,1.0,0.0
2017-03-16,96.71,97.1,96.42,96.99,96.71,97.1,96.42,96.99,51877.0,0.0,1.0,1.0,-2.42
2017-03-17,97.12,97.75,96.89,97.67,97.12,97.75,96.89,97.67,137000.0,0.0,1.0,1.0,0.0
2017-03-20,97.68,97.87,97.39,97.65,97.68,97.87,97.39,97.65,53200.0,0.0,1.0,1.0,4.89
2017-03-21,97.91,98.19,96.66,96.68,97.91,98.19,96.66,96.68,185100.0,0.0,1.0,1.0,0.0
2017-03-22,96.46,96.46,94.82,95.42,96.46,96.46,94.82,95.42,68900.0,0.0,1.0,1.0,4.84
2017-03-23,95.27,96.01,94.96,95.23,95.27,96.01,94.96,95.23,55200.0,0.0,1.0,1.0,0.0
2017-03-24,94.65,95.17,94.41,94.64,94.65,95.17,94.41,94.64,72894.0,0.81,1.0,1.0,11.91
2017-03-27,94.08,94.32,93.4,93.87,94.08,94.32,93.4,93.87,67775.0,0.0,1.0,1.0,0.0
2017-03-28,93.78,94.05,93.15,93.79,93.78,94.05,93.15,93.79,102497.0,0.0,1.0,1.0,-11.73
2017-03-29,93.92,94.59,93.73,94.49,93.92,94.59,93.73,94.49,81392.0,0.0,1.0,1.0,2.35
2017-03-30,94.54,95.22,94.37,95.19,94.54,95.22,94.37,95.19,77785.0,0.0,1.0,1.0,0.0
2017-03-31,95.16,95.34,94.87,94.87,95.16,95.34,94.87,94.87,50558.0,0.0,1.0,1.0,0.0
2017-04-03,94.89,94.95,94.05,94.66,94.89,94.95,94.05,94.66,188390.0,0.0,1.0,1.0,0.0
2017-04-04,95.56,96.26,95.56,96.24,95.56,96.26,95.56,96.24,86897.0,0.0,1.0,1.0,-7.11
2017-04-05,96.54,96.86,95.83,95.83,96.54,96.86,95.83,95.83,85400.0,0.0,1.0,1.0,2.41
2017-04-06,95.89,96.21,95.37,95.93,95.89,96.21,95.37,95.93,40900.0,0.0,1.0,1.0,-2.4
2017-04-07,95.93,96.63,95.8,96.4,95.93,96.63,95.8,96.4,45100.0,0.0,1.0,1.0,0.0
2017-04-10,96.66,97.26,96.3,96.65,96.66,97.26,96.3,96.65,81196.0,0.0,1.0,1.0,0.0
2017-04-11,96.64,97.06,96.34,97.03,96.64,97.06,96.34,97.03,60800.0,0.0,1.0,1.0,0.0
2017-04-12,96.77,97.5,96.56,97.34,96.77,97.5,96.56,97.34,183400.0,0.0,1.0,1.0,2.42
2017-04-13,97.23,97.53,96.66,96.76,97.23,97.53,96.66,96.76,134700.0,0.0,1.0,1.0,7.3
2017-04-17,97.05,97.79,96.99,97.76,97.05,97.79,96.99,97.76,89200.0,0.0,1.0,1.0,7.25
2017-04-18,97.41,97.95,97.32,97.79,97.41,97.95,97.32,97.79,126998.0,0.0,1.0,1.0,2.44
2017-04-19,98.06,98.55,97.92,98.07,98.06,98.55,97.92,98.07,171000.0,0.0,1.0,1.0,9.78
2017-04-20,97.53,98.45,97.45,97.86,97.53,98.45,97.45,97.86,72800.0,0.0,1.0,1.0,0.0
2017-04-21,97.67,97.67,96.58,96.7,97.67,97.67,96.58,96.7,118200.0,0.0,1.0,1.0,0.0
2017-04-24,97.2,97.59,96.96,97.07,97.2,97.59,96.96,97.07,85865.0,0.0,1.0,1.0,2.42
2017-04-25,97.45,98.2,97.42,97.93,97.45,98.2,97.42,97.93,150597.0,0.0,1.0,1.0,-2.43
2017-04-26,98.0,99.12,97.98,98.71,98.0,99.12,97.98,98.71,80200.0,0.0,1.0,1.0,0.0
2017-04-27,98.75,98.99,97.96,97.97,98.75,98.99,97.96,97.97,51000.0,0.0,1.0,1.0,-4.94
2017-04-28,98.06,98.06,96.82,96.95,98.06,98.06,96.82,96.95,44100.0,0.0,1.0,1.0,0.0
2017-05-01,97.13,97.17,96.39,96.39,97.13,97.17,96.39,96.39,43350.0,0.0,1.0,1.0,0.0
2017-05-02,96.62,96.66,96.03,96.63,96.62,96.66,96.03,96.63,173598.0,0.0,1.0,1.0,0.0
2017-05-03,96.59,96.59,94.38,94.47,96.59,96.59,94.38,94.47,146000.0,0.0,1.0,1.0,-7.25
2017-05-04,94.4,94.4,91.91,92.59,94.4,94.4,91.91,92.59,668100.0,0.0,1.0,1.0,2.36
2017-05-05,92.84,94.04,92.84,93.88,92.84,94.04,92.84,93.88,166697.0,0.0,1.0,1.0,-39.38
2017-05-08,94.01,94.48,93.32,94.43,94.01,94.48,93.32,94.43,209100.0,0.0,1.0,1.0,0.0
2017-05-09,94.5,94.5,93.52,93.94,94.5,94.5,93.52,93.94,149164.0,0.0,1.0,1.0,0.0
2017-05-10,93.85,94.04,93.39,93.78,93.85,94.04,93.39,93.78,84900.0,0.0,1.0,1.0,0.0
2017-05-11,93.63,93.74,92.44,92.44,93.63,93.74,92.44,92.44,121382.0,0.0,1.0,1.0,0.0
2017-05-12,92.53,93.35,92.28,93.06,92.53,93.35,92.28,93.06,112400.0,0.0,1.0,1.0,0.0
2017-05-15,93.06,93.65,92.77,93.13,93.06,93.65,92.77,93.13,87100.0,0.0,1.0,1.0,0.0
2017-05-16,93.26,93.46,92.68,93.03,93.26,93.46,92.68,93.03,67200.0,0.0,1.0,1.0,0.0
2017-05-17,92.32,92.74,91.22,91.24,92.32,92.74,91.22,91.24,115000.0,0.0,1.0,1.0,0.0
2017-05-18,91.18,92.38,91.07,92.03,91.18,92.38,91.07,92.03,67090.0,0.0,1.0,1.0,0.0
2017-05-19,92.31,93.26,92.25,92.78,92.31,93.26,92.25,92.78,143300.0,0.0,1.0,1.0,0.0
2017-05-22,93.06,93.47,92.92,93.35,93.06,93.47,92.92,93.35,49979.0,0.0,1.0,1.0,0.0
2017-05-23,93.66,93.75,93.29,93.38,93.66,93.75,93.29,93.38,59300.0,0.0,1.0,1.0,2.33
2017-05-24,93.4,93.4,92.76,93.0,93.4,93.4,92.76,93.0,101500.0,0.0,1.0,1.0,0.0
2017-05-25,93.15,93.62,93.08,93.43,93.15,93.62,93.08,93.43,63000.0,0.0,1.0,1.0,0.0
2017-05-26,93.44,93.78,93.22,93.27,93.44,93.78,93.22,93.27,93184.0,0.0,1.0,1.0,0.0
2017-05-30,93.03,94.2,93.02,93.88,93.03,94.2,93.02,93.88,108096.0,0.0,1.0,1.0,2.33
2017-05-31,93.88,94.22,93.43,93.98,93.88,94.22,93.43,93.98,178400.0,0.0,1.0,1.0,0.0
2017-06-01,94.1,95.04,94.1,94.99,94.1,95.04,94.1,94.99,211900.0,0.0,1.0,1.0,-7.05
2017-06-02,95.27,95.85,95.23,95.69,95.27,95.85,95.23,95.69,62600.0,0.0,1.0,1.0,-4.75
2017-06-05,95.58,95.58,95.08,95.45,95.58,95.58,95.08,95.45,115000.0,0.0,1.0,1.0,-9.57
2017-06-06,95.44,96.05,95.38,95.68,95.44,96.05,95.38,95.68,68300.0,0.0,1.0,1.0,-2.39
2017-06-07,95.74,95.75,94.76,94.92,95.74,95.75,94.76,94.92,46256.0,0.0,1.0,1.0,0.0
2017-06-08,95.0,95.28,94.75,94.96,95.0,95.28,94.75,94.96,33180.0,0.0,1.0,1.0,0.0
2017-06-09,95.06,95.61,94.77,95.21,95.06,95.61,94.77,95.21,60759.0,0.0,1.0,1.0,0.0
2017-06-12,95.09,96.44,95.09,96.35,95.09,96.44,95.09,96.35,82700.0,0.0,1.0,1.0,0.0
2017-06-13,96.48,96.48,95.8,95.98,96.48,96.48,95.8,95.98,63400.0,0.0,1.0,1.0,0.0
2017-06-14,96.25,96.25,95.5,96.0,96.25,96.25,95.5,96.0,50871.0,0.0,1.0,1.0,-2.4
2017-06-15,95.56,96.02,95.3,95.52,95.56,96.02,95.3,95.52,160300.0,0.0,1.0,1.0,-2.4
2017-06-16,95.69,95.91,94.85,95.55,95.69,95.91,94.85,95.55,59958.0,0.0,1.0,1.0,-4.78
2017-06-19,95.71,95.71,94.95,95.13,95.71,95.71,94.95,95.13,83000.0,0.0,1.0,1.0,-2.39
2017-06-20,95.0,95.0,93.45,93.89,95.0,95.0,93.45,93.89,111000.0,0.0,1.0,1.0,0.0
2017-06-21,94.0,94.0,92.52,92.8,94.0,94.0,92.52,92.8,63300.0,0.0,1.0,1.0,-2.35
2017-06-22,92.92,93.2,92.41,92.77,92.92,93.2,92.41,92.77,58690.0,0.0,1.0,1.0,0.0
2017-06-23,93.0,93.19,92.79,93.12,93.0,93.19,92.79,93.12,40200.0,0.0,1.0,1.0,0.0
2017-06-26,93.4,93.73,93.2,93.46,93.4,93.73,93.2,93.46,50888.0,0.0,1.0,1.0,0.0
2017-06-27,92.96,93.41,92.55,92.55,92.96,93.41,92.55,92.55,53662.0,0.0,1.0,1.0,2.34
2017-06-28,91.91,92.74,91.91,92.65,91.91,92.74,91.91,92.65,49452.0,0.75,1.0,1.0,11.56
2017-06-29,92.57,92.57,91.25,91.66,92.57,92.57,91.25,91.66,93500.0,0.0,1.0,1.0,0.0
2017-06-30,91.71,92.23,91.39,91.83,91.71,92.23,91.39,91.83,54100.0,0.0,1.0,1.0,-11.46
2017-07-03,91.9,92.47,91.85,92.38,91.9,92.47,91.85,92.38,43300.0,0.0,1.0,1.0,0.0
2017-07-05,92.52,92.53,91.32,91.77,92.52,92.53,91.32,91.77,55357.0,0.0,1.0,1.0,0.0
2017-07-06,91.55,91.55,90.54,90.6,91.55,91.55,90.54,90.6,114451.0,0.0,1.0,1.0,0.11
2017-07-07,90.63,90.63,89.99,90.44,90.63,90.63,89.99,90.44,61480.0,0.0,1.0,1.0,0.0
2017-07-10,90.49,90.5,90.0,90.33,90.49,90.5,90.0,90.33,76500.0,0.0,1.0,1.0,0.0
2017-07-11,90.3,90.53,89.34,89.39,90.3,90.53,89.34,89.39,69600.0,0.0,1.0,1.0,0.0
2017-07-12,89.77,90.25,89.59,89.75,89.77,90.25,89.59,89.75,83663.0,0.0,1.0,1.0,2.23
2017-07-13,89.68,89.68,89.07,89.41,89.68,89.68,89.07,89.41,114600.0,0.0,1.0,1.0,0.0
2017-07-14,89.45,90.2,89.45,89.92,89.45,90.2,89.45,89.92,66472.0,0.0,1.0,1.0,8.94
2017-07-17,90.04,90.43,90.0,90.35,90.04,90.43,90.0,90.35,190500.0,0.0,1.0,1.0,0.0
2017-07-18,90.34,90.34,89.52,89.61,90.34,90.34,89.52,89.61,229600.0,0.0,1.0,1.0,9.03
2017-07-19,89.75,90.26,89.61,90.2,89.75,90.26,89.61,90.2,74284.0,0.0,1.0,1.0,4.48
2017-07-20,90.53,91.7,90.38,91.17,90.53,91.7,90.38,91.17,120800.0,0.0,1.0,1.0,0.0
2017-07-21,91.16,91.57,90.97,91.54,91.16,91.57,90.97,91.54,94400.0,0.0,1.0,1.0,0.0
2017-07-24,91.48,91.5,90.5,90.55,91.48,91.5,90.5,90.55,66100.0,0.0,1.0,1.0,0.0
2017-07-25,90.61,91.54,90.61,91.11,90.61,91.54,90.61,91.11,110752.0,0.0,1.0,1.0,0.0
2017-07-26,92.22,92.43,91.95,92.08,92.22,92.43,91.95,92.08,79372.0,0.0,1.0,1.0,0.0
2017-07-27,93.03,94.72,92.75,94.51,93.03,94.72,92.75,94.51,103200.0,0.0,1.0,1.0,0.0
2017-07-28,94.58,94.82,93.34,93.89,94.58,94.82,93.34,93.89,68369.0,0.0,1.0,1.0,0.0
2017-07-31,93.94,94.12,93.42,93.77,93.94,94.12,93.42,93.77,99300.0,0.0,1.0,1.0,0.0
2017-08-01,94.23,95.0,93.96,94.41,94.23,95.0,93.96,94.41,140714.0,0.0,1.0,1.0,2.34
2017-08-02,94.48,94.48,93.57,93.92,94.48,94.48,93.57,93.92,95368.0,0.0,1.0,1.0,-2.36
2017-08-03,93.83,93.98,93.09,93.38,93.83,93.98,93.09,93.38,274100.0,0.0,1.0,1.0,0.0
2017-08-04,93.46,94.77,93.38,94.76,93.46,94.77,93.38,94.76,140700.0,0.0,1.0,1.0,14.01
2017-08-07,94.84,95.29,94.64,95.1,94.84,95.29,94.64,95.1,308700.0,0.0,1.0,1.0,4.74
2017-08-08,94.86,95.54,94.55,94.66,94.86,95.54,94.55,94.66,89100.0,0.0,1.0,1.0,16.63
2017-08-09,94.31,94.61,93.94,94.43,94.31,94.61,93.94,94.43,51500.0,0.0,1.0,1.0,0.0
2017-08-10,94.03,94.38,93.77,93.77,94.03,94.38,93.77,93.77,49887.0,0.0,1.0,1.0,0.0
2017-08-11,93.76,94.11,93.6,93.94,93.76,94.11,93.6,93.94,57981.0,0.0,1.0,1.0,0.0
2017-08-14,94.36,95.03,94.22,94.97,94.36,95.03,94.22,94.97,88961.0,0.0,1.0,1.0,0.0
2017-08-15,94.87,94.98,93.8,93.91,94.87,94.98,93.8,93.91,84751.0,0.0,1.0,1.0,2.37
2017-08-16,93.84,94.38,93.79,94.1,93.84,94.38,93.79,94.1,64700.0,0.0,1.0,1.0,2.35
2017-08-17,93.89,94.11,92.15,92.15,93.89,94.11,92.15,92.15,55866.0,0.0,1.0,1.0,0.0
2017-08-18,92.01,92.16,91.33,91.75,92.01,92.16,91.33,91.75,44900.0,0.0,1.0,1.0,0.0
2017-08-21,91.95,92.32,91.69,91.95,91.95,92.32,91.69,91.95,42892.0,0.0,1.0,1.0,0.0
2017-08-22,92.04,92.81,92.04,92.8,92.04,92.81,92.04,92.8,47881.0,0.0,1.0,1.0,0.0
2017-08-23,92.53,93.54,92.53,93.35,92.53,93.54,92.53,93.35,50700.0,0.0,1.0,1.0,2.32
2017-08-24,93.47,93.62,93.19,93.35,93.47,93.62,93.19,93.35,40656.0,0.0,1.0,1.0,0.0
2017-08-25,93.51,94.13,93.44,93.75,93.51,94.13,93.44,93.75,55200.0,0.0,1.0,1.0,0.0
2017-08-28,93.86,93.93,93.56,93.84,93.86,93.93,93.56,93.84,32456.0,0.0,1.0,1.0,2.34
2017-08-29,93.44,93.99,93.26,93.74,93.44,93.99,93.26,93.74,37781.0,0.0,1.0,1.0,0.0
2017-08-30,93.68,93.7,93.33,93.5,93.68,93.7,93.33,93.5,37600.0,0.0,1.0,1.0,0.0
2017-08-31,93.75,93.96,93.48,93.55,93.75,93.96,93.48,93.55,49771.0,0.0,1.0,1.0,0.0
2017-09-01,93.63,94.25,93.52,94.24,93.63,94.25,93.52,94.24,561991.0,0.0,1.0,1.0,2.34
2017-09-05,93.99,94.1,93.0,93.25,93.99,94.1,93.0,93.25,262580.0,0.0,1.0,1.0,18.84
2017-09-06,93.51,93.51,91.8,91.87,93.51,93.51,91.8,91.87,103200.0,0.0,1.0,1.0,18.64
2017-09-07,92.05,92.26,89.62,89.85,92.05,92.26,89.62,89.85,632780.0,0.0,1.0,1.0,0.0
2017-09-08,89.76,89.78,88.8,89.39,89.76,89.78,88.8,89.39,77900.0,0.0,1.0,1.0,-26.95
2017-09-11,89.62,89.62,88.83,88.93,89.62,89.62,88.83,88.93,152500.0,0.0,1.0,1.0,0.0
2017-09-12,89.06,90.48,89.06,90.22,89.06,90.48,89.06,90.22,365900.0,0.0,1.0,1.0,2.22
2017-09-13,90.25,90.79,90.16,90.46,90.25,90.79,90.16,90.46,57600.0,0.0,1.0,1.0,-24.81
2017-09-14,90.42,90.55,89.83,90.11,90.42,90.55,89.83,90.11,68168.0,0.0,1.0,1.0,0.0
2017-09-15,90.19,91.17,90.18,91.08,90.19,91.17,90.18,91.08,63655.0,0.0,1.0,1.0,0.0
2017-09-18,91.18,91.83,90.86,91.33,91.18,91.83,90.86,91.33,72752.0,0.0,1.0,1.0,0.0
2017-09-19,91.41,93.32,91.14,93.05,91.41,93.32,91.14,93.05,103260.0,0.0,1.0,1.0,0.0
2017-09-20,92.97,93.45,92.83,92.95,92.97,93.45,92.83,92.95,58100.0,0.0,1.0,1.0,0.0
2017-09-21,92.92,92.92,92.29,92.41,92.92,92.92,92.29,92.41,49400.0,0.0,1.0,1.0,2.32
2017-09-22,92.81,93.41,92.73,93.29,92.81,93.41,92.73,93.29,61570.0,0.0,1.0,1.0,2.31
2017-09-25,93.17,94.01,93.17,93.74,93.17,94.01,93.17,93.74,81000.0,0.0,1.0,1.0,-2.33
2017-09-26,93.86,94.04,93.26,93.27,93.86,94.04,93.26,93.27,57900.0,0.0,1.0,1.0,2.34
2017-09-27,92.23,93.1,92.0,92.7,92.23,93.1,92.0,92.7,72800.0,0.84,1.0,1.0,11.64
2017-09-28,92.59,92.79,92.27,92.57,92.59,92.79,92.27,92.57,67900.0,0.0,1.0,1.0,0.0
2017-09-29,92.68,92.68,92.1,92.26,92.68,92.68,92.1,92.26,456960.0,0.0,1.0,1.0,-11.58
2017-10-02,92.69,92.76,92.33,92.72,92.69,92.76,92.33,92.72,78100.0,0.0,1.0,1.0,-29.97
2017-10-03,92.94,94.49,92.87,94.45,92.94,94.49,92.87,94.45,149300.0,0.0,1.0,1.0,0.0
2017-10-04,94.28,95.27,94.14,94.85,94.28,95.27,94.14,94.85,136458.0,0.0,1.0,1.0,-2.36
2017-10-05,94.86,95.57,94.58,94.63,94.86,95.57,94.58,94.63,491080.0,0.0,1.0,1.0,4.74
2017-10-06,94.45,94.5,93.6,94.04,94.45,94.5,93.6,94.04,57577.0,0.0,1.0,1.0,40.2
2017-10-09,94.13,94.13,93.37,93.57,94.13,94.13,93.37,93.57,133682.0,0.0,1.0,1.0,0.0
2017-10-10,93.68,94.12,93.68,93.96,93.68,94.12,93.68,93.96,46400.0,0.0,1.0,1.0,-7.02
2017-10-11,93.89,94.01,93.27,93.57,93.89,94.01,93.27,93.57,42900.0,0.0,1.0,1.0,0.0
2017-10-12,93.13,93.19,91.95,92.03,93.13,93.19,91.95,92.03,228700.0,0.0,1.0,1.0,-14.04
2017-10-13,92.19,92.19,91.16,91.55,92.19,92.19,91.16,91.55,62200.0,0.0,1.0,1.0,0.0
2017-10-16,91.76,92.14,91.54,91.76,91.76,92.14,91.54,91.76,60400.0,0.0,1.0,1.0,2.29
2017-10-17,91.75,92.0,91.36,91.44,91.75,92.0,91.36,91.44,135500.0,0.0,1.0,1.0,6.88
2017-10-18,91.42,91.48,90.67,91.26,91.42,91.48,90.67,91.26,58900.0,0.0,1.0,1.0,0.0
2017-10-19,91.9,92.8,91.49,91.6,91.9,92.8,91.49,91.6,73700.0,0.0,1.0,1.0,0.0
2017-10-20,91.78,91.86,91.34,91.59,91.78,91.86,91.34,91.59,45358.0,0.0,1.0,1.0,0.0
2017-10-23,91.64,92.01,90.63,90.89,91.64,92.01,90.63,90.89,116100.0,0.0,1.0,1.0,0.0
2017-10-24,91.05,91.39,90.54,90.56,91.05,91.39,90.54,90.56,126400.0,0.0,1.0,1.0,2.27
2017-10-25,90.03,90.18,89.26,89.82,90.03,90.18,89.26,89.82,99554.0,0.0,1.0,1.0,6.79
2017-10-26,90.18,90.75,90.03,90.2,90.18,90.75,90.03,90.2,67094.0,0.0,1.0,1.0,0.0
2017-10-27,90.13,90.66,89.96,90.41,90.13,90.66,89.96,90.41,60267.0,0.0,1.0,1.0,0.0
2017-10-30,90.32,90.5,88.57,88.96,90.32,90.5,88.57,88.96,141000.0,0.0,1.0,1.0,0.0
2017-10-31,89.12,89.52,88.96,89.43,89.12,89.52,88.96,89.43,589283.0,0.0,1.0,1.0,0.0
2017-11-01,90.09,90.09,88.3,88.72,90.09,90.09,88.3,88.72,264500.0,0.0,1.0,1.0,-17.92
2017-11-02,88.72,88.72,86.72,87.14,88.72,88.72,86.72,87.14,394700.0,0.0,1.0,1.0,-2.22
2017-11-03,87.46,87.46,85.97,86.04,87.46,87.46,85.97,86.04,415200.0,0.0,1.0,1.0,-6.54
2017-11-06,85.25,85.26,84.0,84.87,85.25,85.26,84.0,84.87,260000.0,0.0,1.0,1.0,-21.53
2017-11-07,84.99,85.1,84.52,85.05,84.99,85.1,84.52,85.05,100352.0,0.0,1.0,1.0,0.0
2017-11-08,84.86,85.08,84.24,84.9,84.86,85.08,84.24,84.9,85100.0,0.0,1.0,1.0,-6.37
2017-11-09,84.3,85.44,84.11,84.86,84.3,85.44,84.11,84.86,115077.0,0.0,1.0,1.0,2.12
2017-11-10,84.8,85.02,84.58,84.83,84.8,85.02,84.58,84.83,52168.0,0.0,1.0,1.0,0.0
2017-11-13,84.79,84.79,84.38,84.42,84.79,84.79,84.38,84.42,93969.0,0.0,1.0,1.0,-2.12
2017-11-14,84.19,84.28,83.39,83.87,84.19,84.28,83.39,83.87,89500.0,0.0,1.0,1.0,0.0
2017-11-15,83.94,84.61,83.61,84.36,83.94,84.61,83.61,84.36,96353.0,0.0,1.0,1.0,0.0
2017-11-16,84.37,85.99,84.37,85.78,84.37,85.99,84.37,85.78,141800.0,0.0,1.0,1.0,2.11
2017-11-17,85.6,86.81,85.6,86.51,85.6,86.81,85.6,86.51,230084.0,0.0,1.0,1.0,2.14
2017-11-20,86.76,87.36,86.56,87.24,86.76,87.36,86.56,87.24,99100.0,0.0,1.0,1.0,2.16
2017-11-21,87.3,87.56,87.02,87.16,87.3,87.56,87.02,87.16,104887.0,0.0,1.0,1.0,4.36
2017-11-22,87.41,88.75,87.16,88.27,87.41,88.75,87.16,88.27,139800.0,0.0,1.0,1.0,0.0
2017-11-24,88.45,88.45,87.84,88.43,88.45,88.45,87.84,88.43,66767.0,0.0,1.0,1.0,0.0
2017-11-27,88.69,88.97,88.45,88.75,88.69,88.97,88.45,88.75,158990.0,0.0,1.0,1.0,0.0
2017-11-28,88.7,89.94,88.45,89.84,88.7,89.94,88.45,89.84,132262.0,0.0,1.0,1.0,0.0
2017-11-29,89.89,91.73,89.79,91.26,89.89,91.73,89.79,91.26,119171.0,0.0,1.0,1.0,4.49
2017-11-30,91.59,92.25,91.22,91.65,91.59,92.25,91.22,91.65,87600.0,0.0,1.0,1.0,0.0
2017-12-01,91.6,92.25,90.44,91.87,91.6,92.25,90.44,91.87,163663.0,0.0,1.0,1.0,0.0
2017-12-04,92.68,93.68,92.55,92.63,92.68,93.68,92.55,92.63,206400.0,0.0,1.0,1.0,-11.5
2017-12-05,92.33,92.43,90.67,90.77,92.33,92.43,90.67,90.77,1792000.0,0.0,1.0,1.0,0.0
2017-12-06,90.36,90.39,88.56,88.57,90.36,90.39,88.56,88.57,1358097.0,0.0,1.0,1.0,-4.53
2017-12-07,88.77,89.3,88.24,88.29,88.77,89.3,88.24,88.29,1409300.0,0.0,1.0,1.0,-82.18
2017-12-08,88.63,89.78,88.58,89.6,88.63,89.78,88.58,89.6,143689.0,0.0,1.0,1.0,-110.5
2017-12-11,89.76,91.02,89.75,90.85,89.76,91.02,89.75,90.85,82890.0,0.0,1.0,1.0,-4.48
2017-12-12,91.31,92.19,91.31,92.07,91.31,92.19,91.31,92.07,73191.0,0.0,1.0,1.0,-2.27
2017-12-13,92.31,92.84,91.79,92.41,92.31,92.84,91.79,92.41,102700.0,0.0,1.0,1.0,0.0
2017-12-14,90.98,91.34,90.18,90.18,90.98,91.34,90.18,90.18,86900.0,1.09,1.0,1.0,11.57
2017-12-15,90.71,91.05,90.28,90.56,90.71,91.05,90.28,90.56,122100.0,0.0,1.0,1.0,0.0
2017-12-18,91.5,92.07,90.86,91.58,91.5,92.07,90.86,91.58,108470.0,0.0,1.0,1.0,-11.32
2017-12-19,91.66,92.07,90.33,90.41,91.66,92.07,90.33,90.41,170500.0,0.0,1.0,1.0,0.0
2017-12-20,91.31,91.46,90.68,90.74,91.31,91.46,90.68,90.74,92500.0,0.0,1.0,1.0,0.0
2017-12-21,91.5,91.91,90.63,91.36,91.5,91.91,90.63,91.36,95069.0,0.0,1.0,1.0,0.0
2017-12-22,91.53,91.61,91.06,91.37,91.53,91.61,91.06,91.37,73684.0,0.0,1.0,1.0,2.28
2017-12-26,91.42,92.25,91.42,91.72,91.42,92.25,91.42,91.72,135100.0,0.0,1.0,1.0,0.0
2017-12-27,91.65,91.92,91.17,91.47,91.65,91.92,91.17,91.47,65800.0,0.0,1.0,1.0,4.58
2017-12-28,91.51,91.9,91.25,91.9,91.51,91.9,91.25,91.9,66400.0,0.0,1.0,1.0,0.0
2017-12-29,91.98,92.1,91.14,91.15,91.98,92.1,91.14,91.15,101286.0,0.0,1.0,1.0,2.3
2018-01-02,91.41,91.91,90.75,91.63,91.41,91.91,90.75,91.63,121900.0,0.0,1.0,1.0,4.55
2018-01-03,91.19,91.43,90.14,90.19,91.19,91.43,90.14,90.19,188300.0,0.0,1.0,1.0,2.29
2018-01-04,90.33,90.95,89.48,90.77,90.33,90.95,89.48,90.77,156663.0,0.0,1.0,1.0,0.0
2018-01-05,90.93,90.93,90.35,90.57,90.93,90.93,90.35,90.57,163363.0,0.0,1.0,1.0,0.0
2018-01-08,90.59,91.32,90.3,91.1,90.59,91.32,90.3,91.1,111371.0,0.0,1.0,1.0,0.0
2018-01-09,91.29,91.74,90.28,90.36,91.29,91.74,90.28,90.36,115800.0,0.0,1.0,1.0,0.0
2018-01-10,90.15,90.15,89.17,89.54,90.15,90.15,89.17,89.54,313874.0,0.0,1.0,1.0,2.26
2018-01-11,89.73,90.58,89.57,90.35,89.73,90.58,89.57,90.35,111300.0,0.0,1.0,1.0,-8.96
2018-01-12,90.34,91.11,90.19,91.02,90.34,91.11,90.19,91.02,94900.0,0.0,1.0,1.0,0.0
2018-01-16,91.16,91.56,90.2,90.2,91.16,91.56,90.2,90.2,310288.0,0.0,1.0,1.0,0.0
2018-01-17,90.42,90.67,89.88,90.39,90.42,90.67,89.88,90.39,122763.0,0.0,1.0,1.0,0.0
2018-01-18,90.38,91.33,89.98,90.13,90.38,91.33,89.98,90.13,101486.0,0.0,1.0,1.0,0.0
2018-01-19,90.15,90.75,89.7,90.73,90.15,90.75,89.7,90.73,111565.0,0.0,1.0,1.0,0.0
2018-01-22,90.73,92.5,90.73,92.5,90.73,92.5,90.73,92.5,94100.0,0.0,1.0,1.0,0.0
2018-01-23,92.79,92.84,90.91,91.38,92.79,92.84,90.91,91.38,137900.0,0.0,1.0,1.0,2.31
2018-01-24,91.59,92.29,91.5,91.82,91.59,92.29,91.5,91.82,63900.0,0.0,1.0,1.0,-2.28
2018-01-25,92.06,92.28,91.59,92.28,92.06,92.28,91.59,92.28,66084.0,0.0,1.0,1.0,0.0
2018-01-26,92.48,93.05,92.25,92.99,92.48,93.05,92.25,92.99,163263.0,0.0,1.0,1.0,0.0
2018-01-29,92.1,92.88,91.7,92.14,92.1,92.88,91.7,92.14,179600.0,0.0,1.0,1.0,2.33
2018-01-30,92.05,92.47,91.85,92.09,92.05,92.47,91.85,92.09,141259.0,0.0,1.0,1.0,0.0
2018-01-31,92.27,92.76,91.61,92.19,92.27,92.76,91.61,92.19,101300.0,0.0,1.0,1.0,2.3
2018-02-01,92.36,93.38,92.36,92.97,92.36,93.38,92.36,92.97,115000.0,0.0,1.0,1.0,-4.61
2018-02-02,92.71,92.71,90.94,90.96,92.71,92.71,90.94,90.96,218578.0,0.0,1.0,1.0,0.0
2018-02-05,90.25,91.14,87.69,87.76,90.25,91.14,87.69,87.76,260156.0,0.0,1.0,1.0,4.54
2018-02-06,85.96,88.27,85.5,87.97,85.96,88.27,85.5,87.97,429489.0,0.0,1.0,1.0,4.37
2018-02-07,87.89,89.17,87.89,88.19,87.89,89.17,87.89,88.19,68500.0,0.0,1.0,1.0,8.79
2018-02-08,88.11,88.25,85.13,85.16,88.11,88.25,85.13,85.16,171389.0,0.0,1.0,1.0,0.0
2018-02-09,85.75,86.12,83.18,85.33,85.75,86.12,83.18,85.33,194000.0,0.0,1.0,1.0,2.13
2018-02-12,85.72,86.87,85.34,86.28,85.72,86.87,85.34,86.28,111500.0,0.0,1.0,1.0,0.0
2018-02-13,85.97,86.85,85.35,86.57,85.97,86.85,85.35,86.57,58300.0,0.0,1.0,1.0,0.0
2018-02-14,86.17,87.09,85.66,86.81,86.17,87.09,85.66,86.81,88186.0,0.0,1.0,1.0,0.0
2018-02-15,87.52,88.83,87.0,88.8,87.52,88.83,87.0,88.8,78400.0,0.0,1.0,1.0,0.0
2018-02-16,88.53,89.81,88.32,89.2,88.53,89.81,88.32,89.2,74700.0,0.0,1.0,1.0,0.0
2018-02-20,88.77,89.1,87.85,88.05,88.77,89.1,87.85,88.05,73200.0,0.0,1.0,1.0,0.0
2018-02-21,87.84,88.08,86.38,86.63,87.84,88.08,86.38,86.63,81200.0,0.0,1.0,1.0,0.0
2018-02-22,86.99,87.56,85.96,86.02,86.99,87.56,85.96,86.02,63200.0,0.0,1.0,1.0,-2.17
2018-02-23,86.5,87.93,86.4,87.87,86.5,87.93,86.4,87.87,53100.0,0.0,1.0,1.0,0.0
2018-02-26,88.28,89.12,88.23,89.0,88.28,89.12,88.23,89.0,49000.0,0.0,1.0,1.0,-2.2
2018-02-27,89.05,89.42,87.8,87.8,89.05,89.42,87.8,87.8,61791.0,0.0,1.0,1.0,0.0
2018-02-28,88.0,88.3,86.88,86.92,88.0,88.3,86.88,86.92,93661.0,0.0,1.0,1.0,0.0
2018-03-01,86.71,87.7,86.44,86.82,86.71,87.7,86.44,86.82,55673.0,0.0,1.0,1.0,-2.17
2018-03-02,86.5,87.43,86.47,87.33,86.5,87.43,86.47,87.33,63800.0,0.0,1.0,1.0,0.0
2018-03-05,86.9,88.63,86.73,88.35,86.9,88.63,86.73,88.35,59900.0,0.0,1.0,1.0,0.0
2018-03-06,88.76,89.05,88.02,88.6,88.76,89.05,88.02,88.6,1299269.0,0.0,1.0,1.0,-2.21
2018-03-07,88.3,89.29,88.15,89.2,88.3,89.29,88.15,89.2,63670.0,0.0,1.0,1.0,-46.67
2018-03-08,89.26,89.47,88.53,89.45,89.26,89.47,88.53,89.45,137454.0,0.0,1.0,1.0,-2.23
2018-03-09,89.53,89.63,88.85,89.53,89.53,89.63,88.85,89.53,55663.0,0.0,1.0,1.0,-24.6
2018-03-12,89.78,89.84,88.63,89.07,89.78,89.84,88.63,89.07,67300.0,0.0,1.0,1.0,0.0
2018-03-13,89.4,89.4,88.19,88.41,89.4,89.4,88.19,88.41,41168.0,0.0,1.0,1.0,-2.23
2018-03-14,88.64,88.75,87.89,87.89,88.64,88.75,87.89,87.89,62700.0,0.0,1.0,1.0,0.0
2018-03-15,88.0,88.47,87.33,87.4,88.0,88.47,87.33,87.4,113300.0,0.0,1.0,1.0,26.44
2018-03-16,86.83,87.99,86.75,87.74,86.83,87.99,86.75,87.74,45100.0,0.78,1.0,1.0,-4.38
2018-03-19,87.74,88.04,86.42,86.65,87.74,88.04,86.42,86.65,38900.0,0.0,1.0,1.0,-2.2
2018-03-20,86.69,86.99,85.7,85.79,86.69,86.99,85.7,85.79,104499.0,0.0,1.0,1.0,0.0
2018-03-21,86.11,86.34,85.34,85.44,86.11,86.34,85.34,85.44,135600.0,0.0,1.0,1.0,0.0
2018-03-22,85.15,85.46,84.22,84.22,85.15,85.46,84.22,84.22,103200.0,0.0,1.0,1.0,-4.28
2018-03-23,84.44,84.91,82.65,82.73,84.44,84.91,82.65,82.73,76895.0,0.0,1.0,1.0,0.0
2018-03-26,83.65,83.99,82.75,83.41,83.65,83.99,82.75,83.41,151000.0,0.0,1.0,1.0,0.0
2018-03-27,83.83,84.28,82.7,82.93,83.83,84.28,82.7,82.93,202000.0,0.0,1.0,1.0,-2.09
2018-03-28,83.42,84.5,83.42,83.75,83.42,84.5,83.42,83.75,50089.0,0.0,1.0,1.0,-2.08
2018-03-29,83.89,84.34,83.55,83.67,83.89,84.34,83.55,83.67,53800.0,0.0,1.0,1.0,0.0
2018-04-02,83.62,83.97,81.68,81.96,83.62,83.97,81.68,81.96,145562.0,0.0,1.0,1.0,2.09
2018-04-03,82.27,82.62,81.83,82.55,82.27,82.62,81.83,82.55,572500.0,0.0,1.0,1.0,-6.14
2018-04-04,81.89,84.07,81.75,83.92,81.89,84.07,81.75,83.92,67000.0,0.0,1.0,1.0,-28.93
2018-04-05,84.24,85.06,83.96,84.89,84.24,85.06,83.96,84.89,55200.0,0.0,1.0,1.0,-2.1
2018-04-06,84.49,85.08,83.59,83.97,84.49,85.08,83.59,83.97,42698.0,0.0,1.0,1.0,0.0
2018-04-09,84.39,85.0,84.07,84.1,84.39,85.0,84.07,84.1,46369.0,0.0,1.0,1.0,0.0
2018-04-10,84.83,87.45,84.5,86.56,84.83,87.45,84.5,86.56,119000.0,0.0,1.0,1.0,-2.11
2018-04-11,86.42,86.85,86.14,86.41,86.42,86.85,86.14,86.41,33100.0,0.0,1.0,1.0,-2.17
2018-04-12,86.96,86.96,85.96,86.06,86.96,86.96,85.96,86.06,46592.0,0.0,1.0,1.0,0.0
2018-04-13,86.42,86.52,85.41,85.69,86.42,86.52,85.41,85.69,52678.0,0.0,1.0,1.0,-2.15
2018-04-16,86.11,87.19,85.9,87.04,86.11,87.19,85.9,87.04,56661.0,0.0,1.0,1.0,-2.14
2018-04-17,87.46,88.07,87.05,87.78,87.46,88.07,87.05,87.78,51500.0,0.0,1.0,1.0,-2.18
2018-04-18,88.05,88.22,87.75,87.89,88.05,88.22,87.75,87.89,42554.0,0.0,1.0,1.0,-2.2
2018-04-19,87.96,88.1,87.3,87.35,87.96,88.1,87.3,87.35,151800.0,0.0,1.0,1.0,0.0
2018-04-20,87.2,87.71,86.37,87.0,87.2,87.71,86.37,87.0,42089.0,0.0,1.0,1.0,0.0
2018-04-23,87.24,87.24,86.49,87.14,87.24,87.24,86.49,87.14,40800.0,0.0,1.0,1.0,2.17
2018-04-24,87.97,88.35,86.93,87.41,87.97,88.35,86.93,87.41,57400.0,0.0,1.0,1.0,0.0
2018-04-25,87.41,88.21,86.93,88.21,87.41,88.21,86.93,88.21,178300.0,0.0,1.0,1.0,-2.19
2018-04-26,87.11,87.15,85.99,86.6,87.11,87.15,85.99,86.6,143799.0,0.0,1.0,1.0,11.01
2018-04-27,87.16,87.89,87.16,87.45,87.16,87.89,87.16,87.45,95500.0,0.0,1.0,1.0,-6.5
2018-04-30,87.22,87.22,84.81,84.81,87.22,87.22,84.81,84.81,59800.0,0.0,1.0,1.0,-2.19
2018-05-01,84.78,84.81,82.91,83.62,84.78,84.81,82.91,83.62,55700.0,0.0,1.0,1.0,0.0
2018-05-02,83.77,84.28,83.36,83.66,83.77,84.28,83.36,83.66,67195.0,0.0,1.0,1.0,0.0
2018-05-03,83.54,83.63,82.51,83.09,83.54,83.63,82.51,83.09,210999.0,0.0,1.0,1.0,0.0
2018-05-04,82.87,84.02,82.7,83.8,82.87,84.02,82.7,83.8,47389.0,0.0,1.0,1.0,-6.24
2018-05-07,84.06,84.23,83.39,83.49,84.06,84.23,83.39,83.49,47300.0,0.0,1.0,1.0,-2.1
2018-05-08,83.35,83.36,82.12,82.46,83.35,83.36,82.12,82.46,139200.0,0.0,1.0,1.0,-2.09
2018-05-09,82.5,82.52,81.62,82.0,82.5,82.52,81.62,82.0,60000.0,0.0,1.0,1.0,4.12
2018-05-10,82.35,83.51,82.35,83.43,82.35,83.51,82.35,83.43,76500.0,0.0,1.0,1.0,0.0
2018-05-11,83.84,84.56,83.84,84.1,83.84,84.56,83.84,84.1,55400.0,0.0,1.0,1.0,2.08
2018-05-14,84.26,84.3,83.45,83.62,84.26,84.3,83.45,83.62,44600.0,0.0,1.0,1.0,0.0
2018-05-15,83.08,83.44,82.72,83.1,83.08,83.44,82.72,83.1,82785.0,0.0,1.0,1.0,0.0
2018-05-16,83.11,83.64,82.98,83.39,83.11,83.64,82.98,83.39,106100.0,0.0,1.0,1.0,4.15
2018-05-17,83.42,83.75,83.25,83.29,83.42,83.75,83.25,83.29,38568.0,0.0,1.0,1.0,4.17
2018-05-18,83.24,83.43,82.87,83.28,83.24,83.43,82.87,83.28,55200.0,0.0,1.0,1.0,0.0
2018-05-21,83.46,84.11,83.34,84.01,83.46,84.11,83.34,84.01,106565.0,0.0,1.0,1.0,0.0
2018-05-22,84.35,84.68,83.99,83.99,84.35,84.68,83.99,83.99,93800.0,0.0,1.0,1.0,-2.1
2018-05-23,83.86,83.95,83.06,83.57,83.86,83.95,83.06,83.57,62550.0,0.0,1.0,1.0,0.0
2018-05-24,83.54,83.74,83.19,83.44,83.54,83.74,83.19,83.44,37800.0,0.0,1.0,1.0,0.0
2018-05-25,83.31,83.31,82.45,82.58,83.31,83.31,82.45,82.58,96271.0,0.0,1.0,1.0,0.0
2018-05-29,82.17,82.64,81.77,82.28,82.17,82.64,81.77,82.28,171200.0,0.0,1.0,1.0,4.12
2018-05-30,82.65,83.64,82.43,83.55,82.65,83.64,82.43,83.55,137400.0,0.0,1.0,1.0,2.06
2018-05-31,83.29,83.29,82.19,82.58,83.29,83.29,82.19,82.58,176200.0,0.0,1.0,1.0,4.17
2018-06-01,82.39,83.57,82.39,83.22,82.39,83.57,82.39,83.22,73669.0,0.0,1.0,1.0,4.12
2018-06-04,83.49,83.84,83.49,83.63,83.49,83.84,83.49,83.63,88400.0,0.0,1.0,1.0,-4.17
2018-06-05,83.7,84.2,83.61,83.92,83.7,84.2,83.61,83.92,54300.0,0.0,1.0,1.0,2.09
2018-06-06,84.12,84.3,83.63,84.29,84.12,84.3,83.63,84.29,194600.0,0.0,1.0,1.0,0.0
2018-06-07,84.13,84.9,83.95,84.56,84.13,84.9,83.95,84.56,45900.0,0.0,1.0,1.0,-4.22
2018-06-08,84.3,84.93,83.98,84.77,84.3,84.93,83.98,84.77,40100.0,0.0,1.0,1.0,-6.34
2018-06-11,84.79,85.46,84.79,85.22,84.79,85.46,84.79,85.22,61100.0,0.0,1.0,1.0,0.0
2018-06-12,85.25,85.94,85.25,85.76,85.25,85.94,85.25,85.76,62700.0,0.0,1.0,1.0,4.26
2018-06-13,85.44,85.44,84.63,84.63,85.44,85.44,84.63,84.63,66200.0,0.0,1.0,1.0,0.0
2018-06-14,84.98,86.31,84.98,86.25,84.98,86.31,84.98,86.25,65300.0,0.0,1.0,1.0,-2.12
2018-06-15,86.2,86.75,85.9,86.75,86.2,86.75,85.9,86.75,48800.0,0.0,1.0,1.0,0.0
2018-06-18,86.25,86.6,86.06,86.49,86.25,86.6,86.06,86.49,56191.0,0.0,1.0,1.0,0.0
2018-06-19,85.8,87.2,85.8,86.99,85.8,87.2,85.8,86.99,61369.0,0.0,1.0,1.0,0.0
2018-06-20,87.47,87.47,86.8,86.94,87.47,87.47,86.8,86.94,100580.0,0.0,1.0,1.0,0.0
2018-06-21,87.15,87.16,86.07,86.22,87.15,87.16,86.07,86.22,48600.0,0.0,1.0,1.0,0.0
2018-06-22,86.39,87.04,86.39,86.75,86.39,87.04,86.39,86.75,41200.0,0.0,1.0,1.0,0.0
2018-06-25,86.55,86.55,85.25,85.66,86.55,86.55,85.25,85.66,127900.0,0.0,1.0,1.0,0.0
2018-06-26,85.86,85.92,85.24,85.77,85.86,85.92,85.24,85.77,94561.0,0.0,1.0,1.0,0.0
2018-06-27,85.78,86.18,84.91,84.91,85.78,86.18,84.91,84.91,48500.0,0.0,1.0,1.0,2.14
2018-06-28,84.23,85.43,84.08,85.26,84.23,85.43,84.08,85.26,100500.0,0.77,1.0,1.0,10.61
2018-06-29,85.31,85.42,84.87,84.92,85.31,85.42,84.87,84.92,130000.0,0.0,1.0,1.0,2.13
2018-07-02,84.4,85.22,84.15,85.19,84.4,85.22,84.15,85.19,288159.0,0.0,1.0,1.0,0.0
2018-07-03,85.38,85.75,84.75,84.75,85.38,85.75,84.75,84.75,161100.0,0.0,1.0,1.0,10.65
2018-07-05,85.72,86.5,85.45,86.39,85.72,86.5,85.45,86.39,147164.0,0.0,1.0,1.0,-2.13
2018-07-06,86.36,87.46,86.36,87.37,86.36,87.46,86.36,87.37,56159.0,0.0,1.0,1.0,0.0
2018-07-09,87.89,87.89,87.5,87.75,87.89,87.89,87.5,87.75,92200.0,0.0,1.0,1.0,0.0
2018-07-10,87.94,88.05,87.67,88.03,87.94,88.05,87.67,88.03,211069.0,0.0,1.0,1.0,-2.2
2018-07-11,87.3,87.81,87.12,87.18,87.3,87.81,87.12,87.18,113100.0,0.0,1.0,1.0,4.39
2018-07-12,87.33,88.25,87.32,88.11,87.33,88.25,87.32,88.11,114400.0,0.0,1.0,1.0,2.18
2018-07-13,88.03,88.11,87.64,87.89,88.03,88.11,87.64,87.89,70293.0,0.0,1.0,1.0,6.61
2018-07-16,87.83,88.03,87.59,87.66,87.83,88.03,87.59,87.66,98600.0,0.0,1.0,1.0,8.78
2018-07-17,86.99,87.8,86.76,87.5,86.99,87.8,86.76,87.5,76364.0,0.0,1.0,1.0,6.57
2018-07-18,87.33,87.4,86.78,86.98,87.33,87.4,86.78,86.98,161200.0,0.0,1.0,1.0,0.0
2018-07-19,86.82,86.9,86.2,86.3,86.82,86.9,86.2,86.3,54657.0,0.0,1.0,1.0,-2.17
2018-07-20,86.26,86.38,85.9,85.97,86.26,86.38,85.9,85.97,88054.0,0.0,1.0,1.0,0.0
2018-07-23,85.91,86.23,85.5,86.16,85.91,86.23,85.5,86.16,90500.0,0.0,1.0,1.0,-2.15
2018-07-24,87.3,87.45,86.35,86.85,87.3,87.45,86.35,86.85,63200.0,0.0,1.0,1.0,2.15
2018-07-25,86.7,86.9,86.27,86.68,86.7,86.9,86.27,86.68,48200.0,0.0,1.0,1.0,0.0
2018-07-26,84.69,85.39,84.17,85.3,84.69,85.39,84.17,85.3,297600.0,0.0,1.0,1.0,2.17
2018-07-27,85.47,85.61,84.3,84.65,85.47,85.61,84.3,84.65,280080.0,0.0,1.0,1.0,0.0
2018-07-30,84.59,84.59,83.84,84.22,84.59,84.59,83.84,84.22,108900.0,0.0,1.0,1.0,10.56
2018-07-31,84.32,84.92,84.17,84.42,84.32,84.92,84.17,84.42,109200.0,0.0,1.0,1.0,2.1
2018-08-01,84.37,84.91,83.96,84.2,84.37,84.91,83.96,84.2,66200.0,0.0,1.0,1.0,2.11
2018-08-02,83.58,84.92,83.55,84.84,83.58,84.92,83.55,84.84,102394.0,0.0,1.0,1.0,2.1
2018-08-03,85.07,85.4,84.76,85.23,85.07,85.4,84.76,85.23,43900.0,0.0,1.0,1.0,0.0
2018-08-06,85.43,86.44,85.23,86.44,85.43,86.44,85.23,86.44,61700.0,0.0,1.0,1.0,0.0
2018-08-07,86.68,86.89,86.56,86.56,86.68,86.89,86.56,86.56,68185.0,0.0,1.0,1.0,0.0
2018-08-08,86.56,86.76,86.33,86.36,86.56,86.76,86.33,86.36,76400.0,0.0,1.0,1.0,-8.66
2018-08-09,86.62,87.43,86.46,87.09,86.62,87.43,86.46,87.09,113100.0,0.0,1.0,1.0,0.0
2018-08-10,86.75,86.82,86.3,86.5,86.75,86.82,86.3,86.5,51400.0,0.0,1.0,1.0,2.18
2018-08-13,86.5,86.98,86.28,86.33,86.5,86.98,86.28,86.33,47474.0,0.0,1.0,1.0,0.0
2018-08-14,86.51,87.22,86.43,87.14,86.51,87.22,86.43,87.14,61000.0,0.0,1.0,1.0,0.0
2018-08-15,86.75,86.75,85.49,86.13,86.75,86.75,85.49,86.13,98300.0,0.0,1.0,1.0,2.18
2018-08-16,86.5,86.79,86.02,86.18,86.5,86.79,86.02,86.18,70000.0,0.0,1.0,1.0,6.45
2018-08-17,85.94,86.31,85.52,86.06,85.94,86.31,85.52,86.06,46497.0,0.0,1.0,1.0,0.0
2018-08-20,86.19,86.34,85.67,86.15,86.19,86.34,85.67,86.15,80800.0,0.0,1.0,1.0,0.0
2018-08-21,86.25,87.04,86.25,86.51,86.25,87.04,86.25,86.51,61400.0,0.0,1.0,1.0,2.15
2018-08-22,86.42,86.54,86.12,86.43,86.42,86.54,86.12,86.43,42657.0,0.0,1.0,1.0,0.0
2018-08-23,86.23,86.75,85.95,85.98,86.23,86.75,85.95,85.98,42800.0,0.0,1.0,1.0,0.0
2018-08-24,86.21,87.16,86.21,87.15,86.21,87.16,86.21,87.15,79397.0,0.0,1.0,1.0,0.0
2018-08-27,87.51,88.08,87.5,87.79,87.51,88.08,87.5,87.79,58500.0,0.0,1.0,1.0,4.35
2018-08-28,87.88,87.9,87.42,87.54,87.88,87.9,87.42,87.54,44200.0,0.0,1.0,1.0,2.2
2018-08-29,87.59,88.03,87.39,87.96,87.59,88.03,87.39,87.96,218100.0,0.0,1.0,1.0,0.0
2018-08-30,87.71,88.0,87.22,87.48,87.71,88.0,87.22,87.48,56500.0,0.0,1.0,1.0,50.54
2018-08-31,87.06,87.19,86.51,86.81,87.06,87.19,86.51,86.81,53577.0,0.0,1.0,1.0,0.0
2018-09-04,86.21,86.26,85.5,85.98,86.21,86.26,85.5,85.98,213700.0,0.0,1.0,1.0,-67.29
2018-09-05,85.75,85.75,84.65,84.93,85.75,85.75,84.65,84.93,87899.0,0.0,1.0,1.0,4.29
2018-09-06,84.69,85.1,83.76,84.33,84.69,85.1,83.76,84.33,197200.0,0.0,1.0,1.0,8.49
2018-09-07,83.94,84.92,83.86,84.54,83.94,84.92,83.86,84.54,103559.0,0.0,1.0,1.0,2.11
2018-09-10,84.91,84.98,84.39,84.77,84.91,84.98,84.39,84.77,91100.0,0.0,1.0,1.0,2.11
2018-09-11,84.75,85.63,84.71,85.53,84.75,85.63,84.71,85.53,102200.0,0.0,1.0,1.0,8.47
2018-09-12,85.3,85.67,84.95,85.62,85.3,85.67,84.95,85.62,137600.0,0.0,1.0,1.0,2.14
2018-09-13,85.86,86.22,85.7,86.14,85.86,86.22,85.7,86.14,48653.0,0.0,1.0,1.0,2.14
2018-09-14,86.38,86.39,85.81,86.09,86.38,86.39,85.81,86.09,78600.0,0.0,1.0,1.0,0.0
2018-09-17,86.12,86.12,85.34,85.37,86.12,86.12,85.34,85.37,136850.0,0.0,1.0,1.0,4.3
2018-09-18,85.29,86.23,85.29,86.06,85.29,86.23,85.29,86.06,82983.0,0.0,1.0,1.0,6.4
2018-09-19,86.06,86.35,85.59,86.05,86.06,86.35,85.59,86.05,156200.0,0.0,1.0,1.0,-8.6
2018-09-20,86.4,86.92,86.05,86.8,86.4,86.92,86.05,86.8,83459.0,0.0,1.0,1.0,2.15
2018-09-21,87.07,87.29,86.42,86.43,87.07,87.29,86.42,86.43,705565.0,0.0,1.0,1.0,0.0
2018-09-24,85.76,86.18,85.28,86.14,85.76,86.18,85.28,86.14,247700.0,0.26,1.0,1.0,21.56
2018-09-25,85.95,86.45,85.52,86.28,85.95,86.45,85.52,86.28,160400.0,0.0,1.0,1.0,15.05
2018-09-26,86.23,87.16,86.23,86.4,86.23,87.16,86.23,86.4,144300.0,0.0,1.0,1.0,21.55
2018-09-27,86.48,87.7,86.48,87.2,86.48,87.7,86.48,87.2,1553100.0,0.0,1.0,1.0,2.16
2018-09-28,87.02,87.2,86.66,87.0,87.02,87.2,86.66,87.0,141274.0,0.0,1.0,1.0,95.79
2018-10-01,87.1,87.49,86.34,86.57,87.1,87.49,86.34,86.57,152300.0,0.0,1.0,1.0,2.17
2018-10-02,86.6,87.14,86.43,86.87,86.6,87.14,86.43,86.87,851072.0,0.0,1.0,1.0,-2.16
2018-10-03,87.23,87.36,86.87,87.0,87.23,87.36,86.87,87.0,265500.0,0.0,1.0,1.0,47.75
2018-10-04,86.7,86.74,85.34,86.0,86.7,86.74,85.34,86.0,203900.0,0.0,1.0,1.0,13.06
2018-10-05,86.0,86.25,84.4,85.02,86.0,86.25,84.4,85.02,110500.0,0.0,1.0,1.0,6.44
2018-10-08,84.67,85.03,83.75,84.73,84.67,85.03,83.75,84.73,156180.0,0.0,1.0,1.0,2.12
2018-10-09,84.7,85.56,84.67,84.85,84.7,85.56,84.67,84.85,350300.0,0.0,1.0,1.0,10.59
2018-10-10,84.66,84.8,81.76,81.84,84.66,84.8,81.76,81.84,364400.0,0.0,1.0,1.0,2.12
2018-10-11,81.47,82.61,80.1,80.72,81.47,82.61,80.1,80.72,397400.0,0.0,1.0,1.0,28.59
2018-10-12,82.54,82.55,81.0,82.16,82.54,82.55,81.0,82.16,420000.0,0.0,1.0,1.0,30.25
2018-10-15,82.12,82.9,81.8,82.11,82.12,82.9,81.8,82.11,205100.0,0.0,1.0,1.0,-6.17
2018-10-16,82.57,84.26,82.57,84.11,82.57,84.26,82.57,84.11,250100.0,0.0,1.0,1.0,14.36
2018-10-17,84.59,84.59,83.58,84.44,84.59,84.59,83.58,84.44,161900.0,0.0,1.0,1.0,12.61
2018-10-18,84.18,84.32,82.41,82.96,84.18,84.32,82.41,82.96,117500.0,0.0,1.0,1.0,0.0
2018-10-19,83.3,84.14,82.78,83.06,83.3,84.14,82.78,83.06,196052.0,0.0,1.0,1.0,4.14
2018-10-22,83.38,83.67,82.8,83.0,83.38,83.67,82.8,83.0,165997.0,0.0,1.0,1.0,6.23
2018-10-23,82.08,83.42,81.28,83.13,82.08,83.42,81.28,83.13,345093.0,0.0,1.0,1.0,4.15
2018-10-24,82.89,82.94,78.9,78.99,82.89,82.94,78.9,78.99,187500.0,0.0,1.0,1.0,12.46
2018-10-25,79.93,81.53,79.92,81.05,79.93,81.53,79.92,81.05,459260.0,0.0,1.0,1.0,7.9
2018-10-26,79.02,80.46,77.81,78.91,79.02,80.46,77.81,78.91,402800.0,0.0,1.0,1.0,-12.15
2018-10-29,79.96,80.7,76.5,77.87,79.96,80.7,76.5,77.87,221360.0,0.0,1.0,1.0,-3.94
2018-10-30,77.78,79.78,77.59,79.68,77.78,79.78,77.59,79.68,694700.0,0.0,1.0,1.0,7.78
2018-10-31,81.11,82.39,81.07,81.61,81.11,82.39,81.07,81.61,462300.0,0.0,1.0,1.0,-21.93
2018-11-01,81.85,82.1,81.14,81.91,81.85,82.1,81.14,81.91,147854.0,0.0,1.0,1.0,18.35
2018-11-02,82.26,82.6,80.97,81.55,82.26,82.6,80.97,81.55,251000.0,0.0,1.0,1.0,0.0
2018-11-05,81.53,81.69,80.76,81.36,81.53,81.69,80.76,81.36,441488.0,0.0,1.0,1.0,2.04
2018-11-06,81.41,82.19,81.22,81.82,81.41,82.19,81.22,81.82,245400.0,0.0,1.0,1.0,0.0
2018-11-07,82.37,83.24,82.12,83.22,82.37,83.24,82.12,83.22,475900.0,0.0,1.0,1.0,20.47
2018-11-08,83.09,83.09,81.81,82.24,83.09,83.09,81.81,82.24,288090.0,0.0,1.0,1.0,16.64
2018-11-09,81.56,81.68,80.18,80.87,81.56,81.68,80.18,80.87,149197.0,0.0,1.0,1.0,14.39
2018-11-12,80.69,80.8,79.42,79.72,80.69,80.8,79.42,79.72,94078.0,0.0,1.0,1.0,0.0
2018-11-13,79.99,80.75,79.31,79.42,79.99,80.75,79.31,79.42,245297.0,0.0,1.0,1.0,7.96
2018-11-14,80.2,80.39,79.01,79.62,80.2,80.39,79.01,79.62,148198.0,0.0,1.0,1.0,-13.9
2018-11-15,79.22,80.2,78.97,80.09,79.22,80.2,78.97,80.09,154944.0,0.0,1.0,1.0,0.0
2018-11-16,79.72,80.32,79.36,80.05,79.72,80.32,79.36,80.05,74200.0,0.0,1.0,1.0,0.0
2018-11-19,79.91,79.91,77.82,78.11,79.91,79.91,77.82,78.11,321863.0,0.0,1.0,1.0,0.0
2018-11-20,76.81,77.67,76.26,76.98,76.81,77.67,76.26,76.98,916076.0,0.0,1.0,1.0,3.9
2018-11-21,77.58,78.54,77.55,77.88,77.58,78.54,77.55,77.88,239500.0,0.0,1.0,1.0,53.84
2018-11-23,77.36,77.67,77.2,77.27,77.36,77.67,77.2,77.27,53600.0,0.0,1.0,1.0,0.0
2018-11-26,78.04,78.76,77.78,78.75,78.04,78.76,77.78,78.75,408868.0,0.0,1.0,1.0,0.0
2018-11-27,78.4,79.43,78.26,79.04,78.4,79.43,78.26,79.04,334591.0,0.0,1.0,1.0,1.97
2018-11-28,79.47,80.82,78.69,80.77,79.47,80.82,78.69,80.77,436200.0,0.0,1.0,1.0,-3.95
2018-11-29,80.49,81.33,80.17,81.01,80.49,81.33,80.17,81.01,233068.0,0.0,1.0,1.0,32.3
2018-11-30,81.05,81.33,80.39,81.01,81.05,81.33,80.39,81.01,297300.0,0.0,1.0,1.0,22.26
2018-12-03,82.21,82.51,80.67,81.0,82.21,82.51,80.67,81.0,730900.0,0.0,1.0,1.0,-22.28
2018-12-04,80.82,81.27,78.3,78.5,80.82,81.27,78.3,78.5,207678.0,0.0,1.0,1.0,40.53
2018-12-06,77.47,79.13,76.97,79.13,77.47,79.13,76.97,79.13,310678.0,0.0,1.0,1.0,3.92
2018-12-07,78.88,79.5,77.25,77.63,78.88,79.5,77.25,77.63,194496.0,0.0,1.0,1.0,1.98
2018-12-10,77.67,78.28,76.6,77.97,77.67,78.28,76.6,77.97,270500.0,0.0,1.0,1.0,0.0
2018-12-11,78.91,79.1,77.67,78.13,78.91,79.1,77.67,78.13,163488.0,0.0,1.0,1.0,5.84
2018-12-12,78.83,79.69,78.66,78.69,78.83,79.69,78.66,78.69,127955.0,0.0,1.0,1.0,3.9
2018-12-13,78.62,78.98,77.58,78.0,78.62,78.98,77.58,78.0,153000.0,0.25,1.0,1.0,0.0
2018-12-14,77.32,78.12,76.97,77.16,77.32,78.12,76.97,77.16,154700.0,0.0,1.0,1.0,0.0
2018-12-17,77.0,77.45,74.95,75.5,77.0,77.45,74.95,75.5,2338900.0,0.0,1.0,1.0,0.0
2018-12-18,75.86,76.74,75.47,75.9,75.86,76.74,75.47,75.9,388800.0,0.0,1.0,1.0,-115.09
2018-12-19,75.81,77.03,74.08,74.54,75.81,77.03,74.08,74.54,258700.0,0.0,1.0,1.0,-7.59
2018-12-20,74.23,74.86,72.33,73.29,74.23,74.86,72.33,73.29,794351.0,0.0,1.0,1.0,3.73
2018-12-21,73.29,74.07,70.43,70.96,73.29,74.07,70.43,70.96,538462.0,0.0,1.0,1.0,-11.0
2018-12-24,70.46,71.34,69.48,69.56,70.46,71.34,69.48,69.56,420500.0,0.0,1.0,1.0,10.65
2018-12-26,70.08,73.35,69.6,73.33,70.08,73.35,69.6,73.33,397100.0,0.0,1.0,1.0,-6.95
2018-12-27,72.5,73.76,70.98,73.76,72.5,73.76,70.98,73.76,424500.0,0.0,1.0,1.0,-14.68
2018-12-28,74.11,74.82,73.22,73.79,74.11,74.82,73.22,73.79,242889.0,0.0,1.0,1.0,7.37
2018-12-31,74.28,74.38,73.1,74.07,74.28,74.38,73.1,74.07,1092800.0,0.0,1.0,1.0,0.0
2019-01-02,72.98,75.3,72.98,75.04,72.98,75.3,72.98,75.04,146500.0,0.0,1.0,1.0,-22.24
2019-01-03,74.61,75.28,73.95,74.03,74.61,75.28,73.95,74.03,182800.0,0.0,1.0,1.0,-5.63
2019-01-04,75.19,77.2,75.18,77.1,75.19,77.2,75.18,77.1,186700.0,0.0,1.0,1.0,-1.85
2019-01-07,77.27,78.18,77.1,77.82,77.27,78.18,77.1,77.82,147100.0,0.0,1.0,1.0,-5.79
2019-01-08,78.61,79.17,78.0,79.14,78.61,79.17,78.0,79.14,277081.0,0.0,1.0,1.0,0.0
2019-01-09,79.35,79.35,78.47,78.95,79.35,79.35,78.47,78.95,247681.0,0.0,1.0,1.0,1.98
2019-01-10,78.56,79.33,78.13,79.18,78.56,79.33,78.13,79.18,311400.0,0.0,1.0,1.0,0.0
2019-01-11,78.87,79.36,78.5,79.22,78.87,79.36,78.5,79.22,127700.0,0.0,1.0,1.0,9.9
2019-01-14,78.77,79.09,78.47,78.84,78.77,79.09,78.47,78.84,130865.0,0.0,1.0,1.0,0.0
2019-01-15,79.18,80.19,79.18,80.0,79.18,80.19,79.18,80.0,586900.0,0.0,1.0,1.0,3.94
2019-01-16,80.05,80.29,79.6,79.66,80.05,80.29,79.6,79.66,318863.0,0.0,1.0,1.0,-10.0
2019-01-17,79.5,80.09,79.34,79.9,79.5,80.09,79.34,79.9,122775.0,0.0,1.0,1.0,0.0
2019-01-18,80.43,81.0,80.16,80.4,80.43,81.0,80.16,80.4,145300.0,0.0,1.0,1.0,2.0
2019-01-22,80.0,80.1,78.32,78.92,80.0,80.1,78.32,78.92,123668.0,0.0,1.0,1.0,0.0
2019-01-23,79.22,79.55,78.17,78.91,79.22,79.55,78.17,78.91,151765.0,0.0,1.0,1.0,0.0
2019-01-24,78.9,79.07,78.27,79.07,78.9,79.07,78.27,79.07,113472.0,0.0,1.0,1.0,3.95
2019-01-25,79.58,80.05,79.52,79.78,79.58,80.05,79.52,79.78,326186.0,0.0,1.0,1.0,0.0
2019-01-28,79.2,79.38,78.44,78.97,79.2,79.38,78.44,78.97,174200.0,0.0,1.0,1.0,2.0
2019-01-29,78.87,78.89,77.94,78.12,78.87,78.89,77.94,78.12,152254.0,0.0,1.0,1.0,-1.97
2019-01-30,78.46,79.34,77.76,79.14,78.46,79.34,77.76,79.14,332775.0,0.0,1.0,1.0,1.95
2019-01-31,80.66,82.21,80.66,81.89,80.66,82.21,80.66,81.89,854900.0,0.0,1.0,1.0,0.0
2019-02-01,81.79,82.37,81.68,81.79,81.79,82.37,81.68,81.79,274684.0,0.0,1.0,1.0,-4.1
2019-02-04,81.79,82.49,81.7,82.49,81.79,82.49,81.7,82.49,424400.0,0.0,1.0,1.0,0.0
2019-02-05,82.42,83.05,82.33,83.0,82.42,83.05,82.33,83.0,312076.0,0.0,1.0,1.0,4.12
2019-02-06,82.86,82.86,81.62,81.8,82.86,82.86,81.62,81.8,396452.0,0.0,1.0,1.0,4.15
2019-02-07,81.28,81.36,80.22,81.06,81.28,81.36,80.22,81.06,561380.0,0.0,1.0,1.0,10.23
2019-02-08,80.56,81.39,80.43,81.39,80.56,81.39,80.43,81.39,86500.0,0.0,1.0,1.0,-18.24
2019-02-11,81.58,81.82,80.87,81.0,81.58,81.82,80.87,81.0,81257.0,0.0,1.0,1.0,0.0
2019-02-12,81.61,82.19,81.55,82.04,81.61,82.19,81.55,82.04,167900.0,0.0,1.0,1.0,0.0
2019-02-13,82.21,82.54,81.85,81.94,82.21,82.54,81.85,81.94,259965.0,0.0,1.0,1.0,0.0
2019-02-14,81.53,82.4,81.21,82.08,81.53,82.4,81.21,82.08,523265.0,0.0,1.0,1.0,0.0
2019-02-15,82.71,82.71,82.2,82.71,82.71,82.71,82.2,82.71,153659.0,0.0,1.0,1.0,8.21
2019-02-19,82.35,83.18,82.25,82.96,82.35,83.18,82.25,82.96,396300.0,0.0,1.0,1.0,-2.07
2019-02-20,82.99,83.24,82.53,82.91,82.99,83.24,82.53,82.91,1878100.0,0.0,1.0,1.0,18.66
2019-02-21,82.63,82.63,81.84,82.16,82.63,82.63,81.84,82.16,127351.0,0.0,1.0,1.0,120.09
2019-02-22,82.5,82.93,82.34,82.83,82.5,82.93,82.34,82.83,115883.0,0.0,1.0,1.0,2.05
2019-02-25,83.29,83.39,82.53,82.57,83.29,83.39,82.53,82.57,128900.0,0.0,1.0,1.0,0.0
2019-02-26,82.45,82.67,82.08,82.36,82.45,82.67,82.08,82.36,82679.0,0.0,1.0,1.0,8.25
2019-02-27,82.17,82.38,81.78,82.32,82.17,82.38,81.78,82.32,64760.0,0.0,1.0,1.0,16.48
2019-02-28,82.2,82.56,82.1,82.19,82.2,82.56,82.1,82.19,71599.0,0.0,1.0,1.0,0.0
2019-03-01,82.8,83.03,82.54,83.01,82.8,83.03,82.54,83.01,109100.0,0.0,1.0,1.0,-12.33
2019-03-04,83.3,83.59,82.0,82.95,83.3,83.59,82.0,82.95,106000.0,0.0,1.0,1.0,0.0
2019-03-05,83.03,83.59,82.66,83.4,83.03,83.59,82.66,83.4,126273.0,0.0,1.0,1.0,0.0
2019-03-06,83.49,83.61,83.1,83.34,83.49,83.61,83.1,83.34,66662.0,0.0,1.0,1.0,0.0
2019-03-07,83.14,83.3,82.25,82.72,83.14,83.3,82.25,82.72,91100.0,0.0,1.0,1.0,6.25
2019-03-08,81.88,82.59,81.88,82.56,81.88,82.59,81.88,82.56,96876.0,0.0,1.0,1.0,0.0
2019-03-11,82.82,84.04,82.82,83.99,82.82,84.04,82.82,83.99,115800.0,0.0,1.0,1.0,0.0
2019-03-12,84.25,84.83,84.22,84.5,84.25,84.83,84.22,84.5,2663450.0,0.0,1.0,1.0,0.0
2019-03-13,84.79,85.0,84.54,84.74,84.79,85.0,84.54,84.74,286695.0,0.0,1.0,1.0,200.59
2019-03-14,84.52,84.75,84.28,84.44,84.52,84.75,84.28,84.44,256900.0,0.0,1.0,1.0,-23.3
2019-03-15,84.57,84.68,84.1,84.44,84.57,84.68,84.1,84.44,87985.0,0.0,1.0,1.0,2.11
2019-03-18,84.28,84.38,83.77,83.88,84.28,84.38,83.77,83.88,375783.0,0.0,1.0,1.0,8.45
2019-03-19,84.26,84.42,83.56,83.87,84.26,84.42,83.56,83.87,251584.0,0.0,1.0,1.0,-4.2
2019-03-20,83.89,84.74,83.57,84.51,83.89,84.74,83.57,84.51,171600.0,0.0,1.0,1.0,-10.48
2019-03-21,84.17,85.33,84.16,85.19,84.17,85.33,84.16,85.19,108777.0,0.15,1.0,1.0,-2.11
2019-03-22,84.92,85.06,83.8,84.03,84.92,85.06,83.8,84.03,140200.0,0.0,1.0,1.0,0.0
2019-03-25,83.78,84.16,83.34,83.92,83.78,84.16,83.34,83.92,121400.0,0.0,1.0,1.0,-6.3
2019-03-26,84.32,84.8,83.89,84.31,84.32,84.8,83.89,84.31,76700.0,0.0,1.0,1.0,0.0
2019-03-27,84.38,84.6,83.33,83.73,84.38,84.6,83.33,83.73,155466.0,0.0,1.0,1.0,-2.11
2019-03-28,83.72,83.72,82.95,83.35,83.72,83.72,82.95,83.35,111200.0,0.0,1.0,1.0,4.19
2019-03-29,83.79,83.79,82.83,83.52,83.79,83.79,82.83,83.52,123200.0,0.0,1.0,1.0,0.0
2019-04-01,84.0,84.64,83.97,84.63,84.0,84.64,83.97,84.63,316400.0,0.0,1.0,1.0,2.09
2019-04-02,84.72,85.0,84.48,84.98,84.72,85.0,84.48,84.98,316872.0,0.0,1.0,1.0,10.57
2019-04-03,85.27,85.93,85.07,85.33,85.27,85.93,85.07,85.33,164400.0,0.0,1.0,1.0,19.1
2019-04-04,85.5,86.04,85.5,85.89,85.5,86.04,85.5,85.89,219988.0,0.0,1.0,1.0,4.27
2019-04-05,86.08,86.14,85.93,86.08,86.08,86.14,85.93,86.08,106000.0,0.0,1.0,1.0,15.03
2019-04-08,86.02,86.02,85.61,86.01,86.02,86.02,85.61,86.01,128565.0,0.0,1.0,1.0,4.3
2019-04-09,85.72,86.32,85.72,86.2,85.72,86.32,85.72,86.2,175200.0,0.0,1.0,1.0,0.0
2019-04-10,86.3,86.7,86.21,86.7,86.3,86.7,86.21,86.7,220550.0,0.0,1.0,1.0,4.31
2019-04-11,86.88,86.89,86.54,86.79,86.88,86.89,86.54,86.79,278100.0,0.0,1.0,1.0,10.83
2019-04-12,87.32,87.64,87.13,87.64,87.32,87.64,87.13,87.64,634468.0,0.0,1.0,1.0,0.0
2019-04-15,87.66,87.77,87.06,87.6,87.66,87.77,87.06,87.6,103700.0,0.0,1.0,1.0,43.8
2019-04-16,87.92,87.99,87.57,87.83,87.92,87.99,87.57,87.83,140500.0,0.0,1.0,1.0,2.19
2019-04-17,87.92,88.04,87.57,87.82,87.92,88.04,87.57,87.82,137370.0,0.0,1.0,1.0,0.0
2019-04-18,87.93,88.27,87.5,87.92,87.93,88.27,87.5,87.92,194687.0,0.0,1.0,1.0,0.0
2019-04-22,87.75,88.33,87.68,88.33,87.75,88.33,87.68,88.33,212700.0,0.0,1.0,1.0,0.0
2019-04-23,88.49,89.25,88.33,89.15,88.49,89.25,88.33,89.15,270698.0,0.0,1.0,1.0,15.45
2019-04-24,88.99,89.04,88.32,88.53,88.99,89.04,88.32,88.53,111300.0,0.0,1.0,1.0,6.68
2019-04-25,89.6,89.6,88.83,89.15,89.6,89.6,88.83,89.15,652300.0,0.0,1.0,1.0,8.85
2019-04-26,89.31,89.85,89.01,89.82,89.31,89.85,89.01,89.82,409200.0,0.0,1.0,1.0,24.51
2019-04-29,89.98,90.68,89.95,90.49,89.98,90.68,89.95,90.49,393961.0,0.0,1.0,1.0,22.45
2019-04-30,88.85,89.0,88.11,88.58,88.85,89.0,88.11,88.58,285876.0,0.0,1.0,1.0,38.45
2019-05-01,88.81,88.94,88.0,88.04,88.81,88.94,88.0,88.04,162400.0,0.0,1.0,1.0,0.0
2019-05-02,88.01,88.23,86.88,87.64,88.01,88.23,86.88,87.64,319975.0,0.0,1.0,1.0,15.4
2019-05-03,88.1,88.79,87.96,88.79,88.1,88.79,87.96,88.79,96954.0,0.0,1.0,1.0,13.14
2019-05-06,87.4,88.9,87.4,88.84,87.4,88.9,87.4,88.84,480000.0,0.0,1.0,1.0,2.22
2019-05-07,88.18,88.51,86.77,87.55,88.18,88.51,86.77,87.55,530868.0,0.0,1.0,1.0,17.76
2019-05-08,87.48,87.79,87.21,87.29,87.48,87.79,87.21,87.29,250463.0,0.0,1.0,1.0,26.24
2019-05-09,86.67,87.35,86.16,87.21,86.67,87.35,86.16,87.21,400795.0,0.0,1.0,1.0,10.91
2019-05-10,87.09,87.63,85.72,87.31,87.09,87.63,85.72,87.31,148400.0,0.0,1.0,1.0,28.33
2019-05-13,85.82,86.17,84.68,84.99,85.82,86.17,84.68,84.99,2224264.0,0.0,1.0,1.0,2.18
2019-05-14,85.33,85.86,84.9,85.18,85.33,85.86,84.9,85.18,115600.0,0.0,1.0,1.0,-144.36
2019-05-15,84.84,87.03,84.84,86.86,84.84,87.03,84.84,86.86,106775.0,0.0,1.0,1.0,-2.13
2019-05-16,86.93,88.15,86.93,87.59,86.93,88.15,86.93,87.59,148500.0,0.0,1.0,1.0,-4.34
2019-05-17,86.9,88.0,86.9,87.23,86.9,88.0,86.9,87.23,126600.0,0.0,1.0,1.0,0.0
2019-05-20,86.72,86.93,86.11,86.42,86.72,86.93,86.11,86.42,118000.0,0.0,1.0,1.0,2.18
2019-05-21,86.94,87.39,86.68,87.23,86.94,87.39,86.68,87.23,257200.0,0.0,1.0,1.0,0.0
2019-05-22,86.93,87.5,86.91,87.0,86.93,87.5,86.91,87.0,124500.0,0.0,1.0,1.0,8.72
2019-05-23,86.16,86.31,85.33,85.86,86.16,86.31,85.33,85.86,269380.0,0.0,1.0,1.0,13.04
2019-05-24,86.27,86.45,85.8,85.95,86.27,86.45,85.8,85.95,63487.0,0.0,1.0,1.0,8.58
2019-05-28,86.16,86.81,85.88,85.96,86.16,86.81,85.88,85.96,74970.0,0.0,1.0,1.0,0.0
2019-05-29,85.56,85.7,84.68,85.1,85.56,85.7,84.68,85.1,107795.0,0.0,1.0,1.0,-2.15
2019-05-30,85.25,85.37,84.73,85.16,85.25,85.37,84.73,85.16,256000.0,0.0,1.0,1.0,8.51
2019-05-31,84.1,84.18,83.55,83.57,84.1,84.18,83.55,83.57,257757.0,0.0,1.0,1.0,4.26
2019-06-03,82.95,82.95,80.95,81.39,82.95,82.95,80.95,81.39,484759.0,0.0,1.0,1.0,-4.18
2019-06-04,82.08,83.14,81.78,83.09,82.08,83.14,81.78,83.09,132383.0,0.0,1.0,1.0,6.11
2019-06-05,83.42,83.47,82.55,83.15,83.42,83.47,82.55,83.15,224594.0,0.0,1.0,1.0,0.0
2019-06-06,83.24,83.66,82.87,83.43,83.24,83.66,82.87,83.43,148300.0,0.0,1.0,1.0,4.16
2019-06-07,83.78,84.76,83.78,84.47,83.78,84.76,83.78,84.47,129184.0,0.0,1.0,1.0,-2.09
2019-06-10,84.95,85.3,84.35,84.47,84.95,85.3,84.35,84.47,63975.0,0.0,1.0,1.0,0.0
2019-06-11,85.23,85.44,84.54,84.61,85.23,85.44,84.54,84.61,589200.0,0.0,1.0,1.0,-2.11
2019-06-12,84.59,84.7,84.1,84.38,84.59,84.7,84.1,84.38,148100.0,0.0,1.0,1.0,33.82
2019-06-13,84.69,85.24,84.58,85.2,84.69,85.24,84.58,85.2,144100.0,0.0,1.0,1.0,4.22
2019-06-14,85.22,85.53,85.1,85.36,85.22,85.53,85.1,85.36,40800.0,0.0,1.0,1.0,10.65
2019-06-17,85.64,86.41,85.64,86.29,85.64,86.41,85.64,86.29,85353.0,0.0,1.0,1.0,0.0
2019-06-18,87.2,87.78,86.76,86.79,87.2,87.78,86.76,86.79,147200.0,0.0,1.0,1.0,0.0
2019-06-19,86.92,87.14,86.41,87.0,86.92,87.14,86.41,87.0,135700.0,0.0,1.0,1.0,4.34
2019-06-20,88.06,88.06,86.87,87.48,88.06,88.06,86.87,87.48,181400.0,0.0,1.0,1.0,8.7
2019-06-21,87.22,87.6,86.96,87.46,87.22,87.6,86.96,87.46,122855.0,0.17,1.0,1.0,2.19
2019-06-24,87.46,87.68,87.26,87.32,87.46,87.68,87.26,87.32,66891.0,0.0,1.0,1.0,2.18
2019-06-25,87.38,87.38,85.67,85.78,87.38,87.38,85.67,85.78,102657.0,0.0,1.0,1.0,-2.18
2019-06-26,85.98,86.19,85.16,85.33,85.98,86.19,85.16,85.33,61900.0,0.0,1.0,1.0,0.0
2019-06-27,85.74,86.0,85.44,85.83,85.74,86.0,85.44,85.83,123350.0,0.0,1.0,1.0,-2.13
2019-06-28,86.0,86.69,85.85,86.69,86.0,86.69,85.85,86.69,237292.0,0.0,1.0,1.0,0.0
2019-07-01,87.57,87.66,87.01,87.33,87.57,87.66,87.01,87.33,225400.0,0.0,1.0,1.0,-10.83
2019-07-02,87.33,88.18,87.33,88.14,87.33,88.18,87.33,88.14,139500.0,0.0,1.0,1.0,-6.55
2019-07-03,88.29,88.87,88.27,88.87,88.29,88.87,88.27,88.87,49400.0,0.0,1.0,1.0,-2.2
2019-07-05,88.43,89.29,88.28,89.13,88.43,89.29,88.28,89.13,150590.0,0.0,1.0,1.0,0.0
2019-07-08,88.78,88.78,88.21,88.39,88.78,88.78,88.21,88.39,63697.0,0.0,1.0,1.0,0.0
2019-07-09,88.09,88.82,87.92,88.75,88.09,88.82,87.92,88.75,168600.0,0.0,1.0,1.0,2.21
2019-07-10,89.39,89.94,89.18,89.92,89.39,89.94,89.18,89.92,630100.0,0.0,1.0,1.0,4.44
2019-07-11,90.0,90.23,89.51,89.77,90.0,90.23,89.51,89.77,614100.0,0.0,1.0,1.0,-42.68
2019-07-12,89.8,90.44,89.72,90.4,89.8,90.44,89.72,90.4,94670.0,0.0,1.0,1.0,-40.39
2019-07-15,90.39,90.4,90.03,90.35,90.39,90.4,90.03,90.35,97900.0,0.0,1.0,1.0,0.0
2019-07-16,90.27,90.56,90.16,90.28,90.27,90.56,90.16,90.28,92400.0,0.0,1.0,1.0,0.0
2019-07-17,90.31,90.37,89.41,89.41,90.31,90.37,89.41,89.41,111000.0,0.0,1.0,1.0,0.0
2019-07-18,88.81,88.94,88.15,88.86,88.81,88.94,88.15,88.86,195873.0,0.0,1.0,1.0,-2.24
2019-07-19,89.23,89.23,87.88,87.91,89.23,89.23,87.88,87.91,113800.0,0.0,1.0,1.0,-11.11
2019-07-22,88.03,88.2,87.7,87.94,88.03,88.2,87.7,87.94,83993.0,0.0,1.0,1.0,-2.2
2019-07-23,88.18,88.33,87.62,88.29,88.18,88.33,87.62,88.29,66457.0,0.0,1.0,1.0,0.0
2019-07-24,87.92,89.31,87.85,89.31,87.92,89.31,87.85,89.31,63200.0,0.0,1.0,1.0,0.0
2019-07-25,89.51,89.59,88.71,89.1,89.51,89.59,88.71,89.1,152900.0,0.0,1.0,1.0,0.0
2019-07-26,90.65,91.72,90.5,91.54,90.65,91.72,90.5,91.54,158300.0,0.0,1.0,1.0,6.68
2019-07-29,91.34,91.34,90.62,91.03,91.34,91.34,90.62,91.03,106168.0,0.0,1.0,1.0,-13.73
2019-07-30,90.34,90.86,90.34,90.49,90.34,90.86,90.34,90.49,73000.0,0.0,1.0,1.0,0.0
2019-07-31,90.53,90.9,88.9,89.66,90.53,90.9,88.9,89.66,103399.0,0.0,1.0,1.0,0.0
2019-08-01,89.87,90.86,88.94,89.06,89.87,90.86,88.94,89.06,98887.0,0.0,1.0,1.0,2.24
2019-08-02,88.66,88.66,87.72,88.32,88.66,88.66,87.72,88.32,159300.0,0.0,1.0,1.0,0.0
2019-08-05,86.69,86.89,84.91,85.64,86.69,86.89,84.91,85.64,152600.0,0.0,1.0,1.0,8.83
2019-08-06,86.46,87.1,85.89,86.81,86.46,87.1,85.89,86.81,403776.0,0.0,1.0,1.0,0.0
2019-08-07,85.76,86.88,85.16,86.58,85.76,86.88,85.16,86.58,122257.0,0.0,1.0,1.0,21.69
2019-08-08,87.24,88.26,86.74,88.26,87.24,88.26,86.74,88.26,706200.0,0.0,1.0,1.0,0.0
2019-08-09,87.94,87.96,86.92,87.4,87.94,87.96,86.92,87.4,74384.0,0.0,1.0,1.0,46.31
2019-08-12,86.88,87.0,86.05,86.33,86.88,87.0,86.05,86.33,88300.0,0.0,1.0,1.0,0.0
2019-08-13,86.24,88.24,86.24,87.58,86.24,88.24,86.24,87.58,423000.0,0.0,1.0,1.0,0.0
2019-08-14,86.4,86.4,84.74,84.78,86.4,86.4,84.74,84.78,147700.0,0.0,1.0,1.0,-19.7
2019-08-15,84.99,85.46,84.47,85.06,84.99,85.46,84.47,85.06,128200.0,0.0,1.0,1.0,0.0
2019-08-16,85.75,86.24,85.6,86.1,85.75,86.24,85.6,86.1,102700.0,0.0,1.0,1.0,-2.13
2019-08-19,86.96,87.6,86.96,87.29,86.96,87.6,86.96,87.29,99479.0,0.0,1.0,1.0,0.0
2019-08-20,87.03,87.15,86.6,86.62,87.03,87.15,86.6,86.62,51900.0,0.0,1.0,1.0,-2.18
2019-08-21,87.18,87.18,86.77,86.99,87.18,87.18,86.77,86.99,112800.0,0.0,1.0,1.0,0.0
2019-08-22,87.07,87.28,86.09,86.74,87.07,87.28,86.09,86.74,60600.0,0.0,1.0,1.0,2.17
2019-08-23,86.43,86.98,84.32,84.53,86.43,86.98,84.32,84.53,91177.0,0.0,1.0,1.0,2.17
2019-08-26,85.19,85.81,84.86,85.81,85.19,85.81,84.86,85.81,112500.0,0.0,1.0,1.0,0.0
2019-08-27,86.44,86.5,85.53,85.68,86.44,86.5,85.53,85.68,54000.0,0.0,1.0,1.0,0.0
2019-08-28,85.27,86.15,85.07,86.03,85.27,86.15,85.07,86.03,72600.0,0.0,1.0,1.0,0.0
2019-08-29,86.79,87.51,86.68,87.18,86.79,87.51,86.68,87.18,74200.0,0.0,1.0,1.0,0.0
2019-08-30,87.67,87.67,86.77,87.17,87.67,87.67,86.77,87.17,86600.0,0.0,1.0,1.0,-2.18
2019-09-03,86.7,86.93,86.08,86.33,86.7,86.93,86.08,86.33,63100.0,0.0,1.0,1.0,0.0
2019-09-04,86.93,87.78,86.93,87.6,86.93,87.78,86.93,87.6,106700.0,0.0,1.0,1.0,0.0
2019-09-05,88.36,88.88,88.33,88.83,88.36,88.88,88.33,88.83,139000.0,0.0,1.0,1.0,-4.38
2019-09-06,88.9,88.99,88.51,88.79,88.9,88.99,88.51,88.79,233900.0,0.0,1.0,1.0,0.0
2019-09-09,89.24,89.46,88.54,88.93,89.24,89.46,88.54,88.93,76160.0,0.0,1.0,1.0,13.42
2019-09-10,88.52,89.17,88.48,88.98,88.52,89.17,88.48,88.98,297879.0,0.0,1.0,1.0,6.67
2019-09-11,89.0,89.95,89.0,89.89,89.0,89.95,89.0,89.89,1134100.0,0.0,1.0,1.0,17.8
2019-09-12,90.2,90.55,89.98,90.19,90.2,90.55,89.98,90.19,353000.0,0.0,1.0,1.0,96.7
2019-09-13,90.17,90.35,89.85,90.08,90.17,90.35,89.85,90.08,64200.0,0.0,1.0,1.0,9.02
2019-09-16,89.56,89.79,89.24,89.57,89.56,89.79,89.24,89.57,77460.0,0.0,1.0,1.0,-9.01
2019-09-17,89.57,89.75,89.14,89.75,89.57,89.75,89.14,89.75,164500.0,0.0,1.0,1.0,-2.24
2019-09-18,89.61,89.61,88.62,89.52,89.61,89.61,88.62,89.52,63300.0,0.0,1.0,1.0,-47.1
2019-09-19,89.65,89.92,89.28,89.44,89.65,89.92,89.28,89.44,53800.0,0.0,1.0,1.0,4.47
2019-09-20,89.49,89.53,88.52,88.96,89.49,89.53,88.52,88.96,99091.0,0.0,1.0,1.0,15.65
2019-09-23,88.64,88.86,88.33,88.7,88.64,88.86,88.33,88.7,67500.0,0.0,1.0,1.0,-4.45
2019-09-24,89.07,89.07,86.93,87.24,89.07,89.07,86.93,87.24,389774.0,0.0,1.0,1.0,0.0
2019-09-25,87.24,88.34,86.76,88.23,87.24,88.34,86.76,88.23,155699.0,0.0,1.0,1.0,2.18
2019-09-26,87.82,87.82,86.56,87.25,87.82,87.82,86.56,87.25,81964.0,0.24,1.0,1.0,-2.21
2019-09-27,87.52,87.6,85.72,86.33,87.52,87.6,85.72,86.33,95300.0,0.0,1.0,1.0,-6.54
2019-09-30,86.45,86.86,86.35,86.7,86.45,86.86,86.35,86.7,66400.0,0.0,1.0,1.0,-6.48
2019-10-01,87.02,87.3,85.83,85.89,87.02,87.3,85.83,85.89,108690.0,0.0,1.0,1.0,0.0
2019-10-02,85.35,85.35,84.4,84.78,85.35,85.35,84.4,84.78,150400.0,0.0,1.0,1.0,0.0
2019-10-03,84.81,85.46,83.69,85.46,84.81,85.46,83.69,85.46,259800.0,0.0,1.0,1.0,2.12
2019-10-04,85.74,86.62,85.71,86.54,85.74,86.62,85.71,86.54,59659.0,0.0,1.0,1.0,-4.27
2019-10-07,86.32,87.04,86.14,86.47,86.32,87.04,86.14,86.47,81700.0,0.0,1.0,1.0,-6.49
2019-10-08,86.02,86.18,85.23,85.23,86.02,86.18,85.23,85.23,89200.0,0.0,1.0,1.0,-2.16
2019-10-09,85.79,86.08,85.51,85.83,85.79,86.08,85.51,85.83,240500.0,0.0,1.0,1.0,2.13
2019-10-10,85.73,86.57,85.73,86.24,85.73,86.57,85.73,86.24,61000.0,0.0,1.0,1.0,-8.58
2019-10-11,87.01,87.88,87.01,87.2,87.01,87.88,87.01,87.2,134788.0,0.0,1.0,1.0,0.0
2019-10-14,87.15,87.2,86.87,87.05,87.15,87.2,86.87,87.05,51500.0,0.0,1.0,1.0,0.0
2019-10-15,87.2,88.6,87.05,88.35,87.2,88.6,87.05,88.35,129479.0,0.0,1.0,1.0,0.0
2019-10-16,88.3,88.68,88.3,88.61,88.3,88.68,88.3,88.61,129000.0,0.0,1.0,1.0,2.25
2019-10-17,89.15,89.25,88.87,89.1,89.15,89.25,88.87,89.1,76800.0,0.0,1.0,1.0,-4.43
2019-10-18,88.99,89.23,87.87,88.24,88.99,89.23,87.87,88.24,161200.0,0.0,1.0,1.0,0.0
2019-10-21,88.61,88.94,88.61,88.75,88.61,88.94,88.61,88.75,40500.0,0.0,1.0,1.0,-4.41
2019-10-22,88.75,88.75,87.94,88.02,88.75,88.75,87.94,88.02,76157.0,0.0,1.0,1.0,0.0
2019-10-23,87.89,88.64,87.89,88.54,87.89,88.64,87.89,88.54,88100.0,0.0,1.0,1.0,0.0
2019-10-24,88.54,88.54,87.68,88.01,88.54,88.54,87.68,88.01,137600.0,0.0,1.0,1.0,-2.21
2019-10-25,88.04,89.04,88.02,88.66,88.04,89.04,88.02,88.66,59863.0,0.0,1.0,1.0,-2.2
2019-10-28,89.16,90.06,89.14,89.78,89.16,90.06,89.14,89.78,119011.0,0.0,1.0,1.0,0.0
2019-10-29,89.48,89.7,88.89,88.92,89.48,89.7,88.89,88.92,259981.0,0.0,1.0,1.0,-4.49
2019-10-30,89.09,89.3,88.65,89.05,89.09,89.3,88.65,89.05,63500.0,0.0,1.0,1.0,8.9
2019-10-31,89.58,89.58,88.56,89.3,89.58,89.58,88.56,89.3,68000.0,0.0,1.0,1.0,0.0
2019-11-01,89.7,89.89,89.26,89.89,89.7,89.89,89.26,89.89,49200.0,0.0,1.0,1.0,0.0
2019-11-04,90.26,90.5,90.09,90.21,90.26,90.5,90.09,90.21,420292.0,0.0,1.0,1.0,0.0
2019-11-05,90.32,90.48,90.13,90.18,90.32,90.48,90.13,90.18,79092.0,0.0,1.0,1.0,13.53
2019-11-06,89.99,89.99,89.32,89.71,89.99,89.99,89.32,89.71,252875.0,0.0,1.0,1.0,13.52
2019-11-07,89.95,90.82,89.77,90.17,89.95,90.82,89.77,90.17,231400.0,0.0,1.0,1.0,11.21
2019-11-08,90.23,90.78,90.23,90.55,90.23,90.78,90.23,90.55,122862.0,0.0,1.0,1.0,13.52
2019-11-11,90.12,90.53,90.01,90.53,90.12,90.53,90.01,90.53,54800.0,0.0,1.0,1.0,0.0
2019-11-12,90.66,90.91,90.35,90.62,90.66,90.91,90.35,90.62,1192000.0,0.0,1.0,1.0,0.0
2019-11-13,90.36,90.73,90.22,90.65,90.36,90.73,90.22,90.65,136279.0,0.0,1.0,1.0,-90.59
2019-11-14,90.51,91.05,90.47,90.96,90.51,91.05,90.47,90.96,90270.0,0.0,1.0,1.0,0.0
2019-11-15,91.36,91.6,91.07,91.52,91.36,91.6,91.07,91.52,158100.0,0.0,1.0,1.0,0.0
2019-11-18,91.41,91.99,91.05,91.87,91.41,91.99,91.05,91.87,165000.0,0.0,1.0,1.0,-2.29
2019-11-19,92.0,92.0,91.38,91.75,92.0,92.0,91.38,91.75,111283.0,0.0,1.0,1.0,-2.3
2019-11-20,91.36,91.58,90.37,91.13,91.36,91.58,90.37,91.13,221700.0,0.0,1.0,1.0,0.0
2019-11-21,91.11,91.53,90.81,91.26,91.11,91.53,90.81,91.26,148856.0,0.0,1.0,1.0,-9.11
2019-11-22,91.45,91.55,91.03,91.32,91.45,91.55,91.03,91.32,44567.0,0.0,1.0,1.0,0.05
2019-11-25,91.54,91.78,91.5,91.67,91.54,91.78,91.5,91.67,94100.0,0.0,1.0,1.0,-2.28
2019-11-26,91.87,91.92,91.55,91.91,91.87,91.92,91.55,91.91,72291.0,0.0,1.0,1.0,-4.58
2019-11-27,92.01,92.57,92.0,92.42,92.01,92.57,92.0,92.42,164075.0,0.0,1.0,1.0,0.0
2019-11-29,92.24,92.48,92.1,92.15,92.24,92.48,92.1,92.15,32400.0,0.0,1.0,1.0,-2.31
2019-12-02,92.15,92.15,90.7,91.21,92.15,92.15,90.7,91.21,254779.0,0.0,1.0,1.0,0.0
2019-12-03,90.29,91.1,89.94,91.07,90.29,91.1,89.94,91.07,82284.0,0.0,1.0,1.0,-13.67
2019-12-04,91.52,91.86,91.36,91.59,91.52,91.86,91.36,91.59,69500.0,0.0,1.0,1.0,0.0
2019-12-05,91.84,91.94,91.39,91.87,91.84,91.94,91.39,91.87,63300.0,0.0,1.0,1.0,-9.16
2019-12-06,92.45,92.65,92.33,92.45,92.45,92.65,92.33,92.45,98000.0,0.0,1.0,1.0,0.0
2019-12-09,92.4,92.86,92.06,92.09,92.4,92.86,92.06,92.09,66100.0,0.0,1.0,1.0,-11.55
2019-12-10,91.93,92.05,91.52,91.74,91.93,92.05,91.52,91.74,550300.0,0.0,1.0,1.0,0.0
2019-12-11,91.85,92.1,91.75,92.05,91.85,92.1,91.75,92.05,80500.0,0.0,1.0,1.0,-43.56
2019-12-12,92.07,92.76,91.72,92.05,92.07,92.76,91.72,92.05,94900.0,0.0,1.0,1.0,2.3
2019-12-13,91.96,92.32,91.62,91.86,91.96,92.32,91.62,91.86,148971.0,0.0,1.0,1.0,0.0
2019-12-16,92.02,92.69,92.02,92.44,92.02,92.69,92.02,92.44,116281.0,0.28,1.0,1.0,6.89
2019-12-17,92.7,92.71,92.26,92.52,92.7,92.71,92.26,92.52,58472.0,0.0,1.0,1.0,-2.31
2019-12-18,92.77,93.25,92.77,92.97,92.77,93.25,92.77,92.97,249600.0,0.0,1.0,1.0,0.0
2019-12-19,93.2,94.01,93.2,94.01,93.2,94.01,93.2,94.01,194892.0,0.0,1.0,1.0,9.29
2019-12-20,94.39,94.48,93.94,94.41,94.39,94.48,93.94,94.41,105778.0,0.0,1.0,1.0,0.0
2019-12-23,94.63,94.69,94.14,94.23,94.63,94.69,94.14,94.23,66372.0,0.0,1.0,1.0,-9.44
2019-12-24,94.35,94.35,94.14,94.14,94.35,94.35,94.14,94.14,40295.0,0.0,1.0,1.0,2.36
2019-12-26,94.31,94.88,94.29,94.87,94.31,94.88,94.29,94.87,38300.0,0.0,1.0,1.0,7.06
2019-12-27,95.13,95.13,94.55,94.69,95.13,95.13,94.55,94.69,45484.0,0.0,1.0,1.0,0.0
2019-12-30,94.74,94.74,93.67,93.79,94.74,94.74,93.67,93.79,83665.0,0.0,1.0,1.0,0.0
2019-12-31,93.62,94.03,93.03,93.93,93.62,94.03,93.03,93.93,60683.0,0.0,1.0,1.0,7.03
2020-01-02,94.46,95.02,94.1,95.02,94.46,95.02,94.1,95.02,187694.0,0.0,1.0,1.0,2.35
2020-01-03,94.09,95.0,94.09,94.64,94.09,95.0,94.09,94.64,220358.0,0.0,1.0,1.0,0.0
2020-01-06,94.05,95.76,94.05,95.76,94.05,95.76,94.05,95.76,104559.0,0.0,1.0,1.0,4.73
2020-01-07,95.75,96.12,95.48,95.82,95.75,96.12,95.48,95.82,226000.0,0.0,1.0,1.0,-4.79
2020-01-08,95.78,96.73,95.78,96.31,95.78,96.73,95.78,96.31,137200.0,0.0,1.0,1.0,0.0
2020-01-09,96.9,97.05,96.22,96.6,96.9,97.05,96.22,96.6,91784.0,0.0,1.0,1.0,7.22
2020-01-10,96.92,96.92,96.21,96.39,96.92,96.92,96.21,96.39,96163.0,0.0,1.0,1.0,7.07
2020-01-13,96.67,97.35,96.39,97.29,96.67,97.35,96.39,97.29,162165.0,0.0,1.0,1.0,0.0
2020-01-14,97.35,97.63,97.02,97.3,97.35,97.63,97.02,97.3,167788.0,0.0,1.0,1.0,0.0
2020-01-15,97.45,98.02,97.45,97.72,97.45,98.02,97.45,97.72,113700.0,0.0,1.0,1.0,4.86
2020-01-16,98.19,98.5,97.98,98.45,98.19,98.5,97.98,98.45,91500.0,0.0,1.0,1.0,0.0
2020-01-17,98.96,99.15,98.58,99.11,98.96,99.15,98.58,99.11,100459.0,0.0,1.0,1.0,4.92
2020-01-21,99.0,99.17,98.5,99.01,99.0,99.17,98.5,99.01,89400.0,0.0,1.0,1.0,4.96
2020-01-22,99.34,99.49,98.88,98.89,99.34,99.49,98.88,98.89,195100.0,0.0,1.0,1.0,2.47
2020-01-23,98.8,98.86,98.28,98.73,98.8,98.86,98.28,98.73,99400.0,0.0,1.0,1.0,9.89
2020-01-24,98.95,98.95,97.17,97.59,98.95,98.95,97.17,97.59,93800.0,0.0,1.0,1.0,0.0
2020-01-27,95.9,96.41,95.47,96.05,95.9,96.41,95.47,96.05,152900.0,0.0,1.0,1.0,0.0
2020-01-28,96.63,97.44,96.28,97.11,96.63,97.44,96.28,97.11,68294.0,0.0,1.0,1.0,2.4
2020-01-29,97.48,97.5,96.46,96.62,97.48,97.5,96.46,96.62,196200.0,0.0,1.0,1.0,-9.71
2020-01-30,94.8,95.97,94.53,95.92,94.8,95.97,94.53,95.92,145964.0,0.0,1.0,1.0,0.0
2020-01-31,95.92,95.92,94.25,94.51,95.92,95.92,94.25,94.51,208094.0,0.0,1.0,1.0,2.4
2020-02-03,95.28,96.04,95.28,95.67,95.28,96.04,95.28,95.67,60000.0,0.0,1.0,1.0,0.0
2020-02-04,96.03,96.65,95.38,96.62,96.03,96.65,95.38,96.62,453500.0,0.0,1.0,1.0,0.0
2020-02-05,97.39,97.39,96.18,96.6,97.39,97.39,96.18,96.6,230200.0,0.0,1.0,1.0,36.21
2020-02-06,96.91,97.88,96.91,97.78,96.91,97.88,96.91,97.78,335500.0,0.0,1.0,1.0,-2.41
2020-02-07,97.56,98.0,97.26,97.67,97.56,98.0,97.26,97.67,86100.0,0.0,1.0,1.0,7.33
2020-02-10,97.46,98.33,97.31,98.33,97.46,98.33,97.31,98.33,127495.0,0.0,1.0,1.0,2.44
2020-02-11,98.98,99.24,98.47,98.57,98.98,99.24,98.47,98.57,232800.0,0.0,1.0,1.0,0.0
2020-02-12,99.0,99.65,98.97,99.52,99.0,99.65,98.97,99.52,76300.0,0.0,1.0,1.0,14.78
2020-02-13,99.03,100.0,98.88,99.62,99.03,100.0,98.88,99.62,96300.0,0.0,1.0,1.0,4.97
2020-02-14,99.71,99.77,99.18,99.53,99.71,99.77,99.18,99.53,87993.0,0.0,1.0,1.0,0.0
2020-02-18,99.42,100.3,99.42,100.14,99.42,100.3,99.42,100.14,122590.0,0.0,1.0,1.0,4.98
2020-02-19,100.53,100.95,100.17,100.6,100.53,100.95,100.17,100.6,289183.0,0.0,1.0,1.0,2.5
2020-02-20,100.51,100.74,99.39,100.17,100.51,100.74,99.39,100.17,199900.0,0.0,1.0,1.0,15.08
2020-02-21,99.79,99.9,98.49,98.77,99.79,99.9,98.49,98.77,92671.0,0.0,1.0,1.0,-5.01
2020-02-24,95.71,96.34,94.93,95.53,95.71,96.34,94.93,95.53,239800.0,0.0,1.0,1.0,2.47
2020-02-25,96.04,96.19,92.9,93.1,96.04,96.19,92.9,93.1,251500.0,0.0,1.0,1.0,2.39
2020-02-26,93.41,94.48,92.11,92.57,93.41,94.48,92.11,92.57,359967.0,0.0,1.0,1.0,-4.66
2020-02-27,90.63,92.05,89.01,89.01,90.63,92.05,89.01,89.01,246600.0,0.0,1.0,1.0,-9.26
2020-02-28,86.0,89.22,85.88,89.19,86.0,89.22,85.88,89.19,2550069.0,0.0,1.0,1.0,11.13
2020-03-02,89.92,91.92,88.44,91.91,89.92,91.92,88.44,91.91,302500.0,0.0,1.0,1.0,-151.64
2020-03-03,92.09,93.08,88.64,89.06,92.09,93.08,88.64,89.06,415494.0,0.0,1.0,1.0,-4.59
2020-03-04,90.46,92.0,89.59,92.0,90.46,92.0,89.59,92.0,142356.0,0.0,1.0,1.0,11.14
2020-03-05,90.07,90.52,88.06,88.64,90.07,90.52,88.06,88.64,196900.0,0.0,1.0,1.0,4.6
2020-03-06,86.27,87.66,85.31,87.29,86.27,87.66,85.31,87.29,264368.0,0.0,1.0,1.0,4.43
2020-03-09,81.87,84.2,80.27,81.22,81.87,84.2,80.27,81.22,1113500.0,0.0,1.0,1.0,0.0
2020-03-10,83.68,84.94,80.72,84.88,83.68,84.94,80.72,84.88,991600.0,0.19,1.0,1.0,-2.04
2020-03-11,82.91,83.15,79.75,81.0,82.91,83.15,79.75,81.0,401084.0,0.0,1.0,1.0,-46.7
2020-03-12,75.55,78.1,72.21,73.52,75.55,78.1,72.21,73.52,686600.0,0.0,1.0,1.0,-8.1
2020-03-13,77.5,79.99,73.63,79.95,77.5,79.99,73.63,79.95,263468.0,0.0,1.0,1.0,14.7
2020-03-16,71.64,75.3,70.51,70.82,71.64,75.3,70.51,70.82,443292.0,0.0,1.0,1.0,5.99
2020-03-17,71.98,74.43,69.4,73.64,71.98,74.43,69.4,73.64,509700.0,0.0,1.0,1.0,7.09
2020-03-18,70.0,71.76,66.51,70.87,70.0,71.76,66.51,70.87,580388.0,0.0,1.0,1.0,7.37
2020-03-19,70.02,74.42,68.93,72.5,70.02,74.42,68.93,72.5,688796.0,0.0,1.0,1.0,10.61
2020-03-20,73.61,73.82,68.98,69.2,73.61,73.82,68.98,69.2,421954.0,0.0,1.0,1.0,18.15
2020-03-23,69.16,70.25,66.75,69.09,69.16,70.25,66.75,69.09,960271.0,0.0,1.0,1.0,-3.47
2020-03-24,72.57,73.81,71.66,73.81,72.57,73.81,71.66,73.81,486300.0,0.0,1.0,1.0,-43.28
2020-03-25,74.27,76.27,71.83,73.17,74.27,76.27,71.83,73.17,800000.0,0.0,1.0,1.0,-3.69
2020-03-26,73.6,77.63,73.28,77.37,73.6,77.63,73.28,77.37,549496.0,0.0,1.0,1.0,-3.66
2020-03-27,75.22,76.42,73.86,74.44,75.22,76.42,73.86,74.44,723968.0,0.0,1.0,1.0,-5.81
2020-03-30,74.96,76.75,74.21,76.68,74.96,76.75,74.21,76.68,1615695.0,0.0,1.0,1.0,13.02
2020-03-31,76.56,77.83,75.86,76.18,76.56,77.83,75.86,76.18,395200.0,0.0,1.0,1.0,82.38
2020-04-01,74.0,74.76,72.44,73.1,74.0,74.76,72.44,73.1,521400.0,0.0,1.0,1.0,1.91
2020-04-02,72.85,74.49,72.72,74.11,72.85,74.49,72.72,74.11,304400.0,0.0,1.0,1.0,-27.39
2020-04-03,74.01,74.2,71.5,72.4,74.01,74.2,71.5,72.4,359500.0,0.0,1.0,1.0,0.0
2020-04-06,75.04,77.73,74.82,77.32,75.04,77.73,74.82,77.32,311900.0,0.0,1.0,1.0,0.0
2020-04-07,79.87,79.95,77.52,77.87,79.87,79.95,77.52,77.87,352592.0,0.0,1.0,1.0,7.74
2020-04-08,78.8,80.04,78.03,79.72,78.8,80.04,78.03,79.72,303400.0,0.0,1.0,1.0,-5.85
2020-04-09,80.81,81.19,79.7,80.49,80.81,81.19,79.7,80.49,342400.0,0.0,1.0,1.0,-1.99
2020-04-13,80.26,80.5,78.67,80.41,80.26,80.5,78.67,80.41,245671.0,0.0,1.0,1.0,4.02
2020-04-14,81.95,83.34,81.64,82.97,81.95,83.34,81.64,82.97,331600.0,0.0,1.0,1.0,4.02
2020-04-15,81.52,82.68,81.09,82.02,81.52,82.68,81.09,82.02,382000.0,0.0,1.0,1.0,-4.15
2020-04-16,82.65,82.66,81.38,82.33,82.65,82.66,81.38,82.33,370300.0,0.0,1.0,1.0,2.05
2020-04-17,83.91,84.0,82.67,83.73,83.91,84.0,82.67,83.73,266093.0,0.0,1.0,1.0,0.0
2020-04-20,82.94,84.13,82.8,83.03,82.94,84.13,82.8,83.03,227300.0,0.0,1.0,1.0,-4.19
2020-04-21,82.05,82.05,79.87,80.5,82.05,82.05,79.87,80.5,271600.0,0.0,1.0,1.0,0.0
2020-04-22,82.49,83.04,81.82,82.44,82.49,83.04,81.82,82.44,102282.0,0.0,1.0,1.0,6.04
2020-04-23,82.84,84.22,82.72,83.15,82.84,84.22,82.72,83.15,141000.0,0.0,1.0,1.0,-4.12
2020-04-24,83.12,84.16,82.3,84.13,83.12,84.16,82.3,84.13,135200.0,0.0,1.0,1.0,0.0
2020-04-27,84.88,85.3,84.7,84.97,84.88,85.3,84.7,84.97,337600.0,0.0,1.0,1.0,0.0
2020-04-28,85.81,85.81,83.5,83.61,85.81,85.81,83.5,83.61,279600.0,0.0,1.0,1.0,14.86
2020-04-29,86.48,88.33,86.38,87.62,86.48,88.33,86.38,87.62,161499.0,0.0,1.0,1.0,-2.09
2020-04-30,87.72,87.97,86.48,87.15,87.72,87.97,86.48,87.15,338700.0,0.0,1.0,1.0,4.38
2020-05-01,86.05,87.02,85.18,85.81,86.05,87.02,85.18,85.81,130500.0,0.0,1.0,1.0,4.36
2020-05-04,85.14,86.36,84.8,86.29,85.14,86.36,84.8,86.29,184000.0,0.0,1.0,1.0,4.29
2020-05-05,87.01,87.82,86.64,86.8,87.01,87.82,86.64,86.8,122850.0,0.0,1.0,1.0,4.31
2020-05-06,87.36,87.69,86.58,86.59,87.36,87.69,86.58,86.59,123300.0,0.0,1.0,1.0,0.0
2020-05-07,87.67,88.27,87.37,88.03,87.67,88.27,87.37,88.03,161285.0,0.0,1.0,1.0,12.98
2020-05-08,88.87,89.68,88.56,89.49,88.87,89.68,88.56,89.49,180200.0,0.0,1.0,1.0,0.0
2020-05-11,88.84,90.14,88.65,89.52,88.84,90.14,88.65,89.52,191800.0,0.0,1.0,1.0,2.24
2020-05-12,89.82,89.9,87.69,87.69,89.82,89.9,87.69,87.69,392255.0,0.0,1.0,1.0,6.71
2020-05-13,87.69,87.69,84.96,85.98,87.69,87.69,84.96,85.98,244474.0,0.0,1.0,1.0,21.91
2020-05-14,85.31,86.88,84.36,86.87,85.31,86.88,84.36,86.87,165668.0,0.0,1.0,1.0,8.59
2020-05-15,86.27,87.98,85.83,87.96,86.27,87.98,85.83,87.96,150975.0,0.0,1.0,1.0,2.17
2020-05-18,89.32,90.54,89.01,90.2,89.32,90.54,89.01,90.2,494992.0,0.0,1.0,1.0,0.0
2020-05-19,90.0,91.05,89.66,89.93,90.0,91.05,89.66,89.93,159689.0,0.0,1.0,1.0,2.25
2020-05-20,91.24,92.27,91.18,92.1,91.24,92.27,91.18,92.1,355000.0,0.0,1.0,1.0,38.21
2020-05-21,92.43,92.73,91.28,91.6,92.43,92.73,91.28,91.6,241000.0,0.0,1.0,1.0,2.3
2020-05-22,91.78,92.21,91.14,92.12,91.78,92.21,91.14,92.12,599900.0,0.0,1.0,1.0,18.32
2020-05-26,94.09,94.09,92.47,92.54,94.09,94.09,92.47,92.54,196900.0,0.0,1.0,1.0,48.36
2020-05-27,93.02,93.52,91.42,93.52,93.02,93.52,91.42,93.52,221700.0,0.0,1.0,1.0,4.63
2020-05-28,93.1,94.11,92.33,92.69,93.1,94.11,92.33,92.69,252897.0,0.0,1.0,1.0,42.07
2020-05-29,92.57,93.53,91.85,93.18,92.57,93.53,91.85,93.18,137200.0,0.0,1.0,1.0,4.63
2020-06-01,93.06,94.52,93.0,94.41,93.06,94.52,93.0,94.41,301300.0,0.0,1.0,1.0,-37.32
2020-06-02,94.61,94.9,93.62,94.82,94.61,94.9,93.62,94.82,116700.0,0.0,1.0,1.0,11.8
2020-06-03,95.25,95.67,94.96,95.41,95.25,95.67,94.96,95.41,145376.0,0.0,1.0,1.0,9.48
2020-06-04,95.17,95.56,94.09,94.81,95.17,95.56,94.09,94.81,174887.0,0.0,1.0,1.0,7.16
2020-06-05,95.95,97.07,95.93,96.49,95.95,97.07,95.93,96.49,326500.0,0.0,1.0,1.0,4.74
2020-06-08,96.64,97.99,96.3,97.97,96.64,97.99,96.3,97.97,355698.0,0.0,1.0,1.0,0.0
2020-06-09,97.41,97.92,97.06,97.5,97.41,97.92,97.06,97.5,390760.0,0.0,1.0,1.0,9.79
2020-06-10,97.96,97.96,96.38,96.96,97.96,97.96,96.38,96.96,344200.0,0.0,1.0,1.0,19.49
2020-06-11,94.63,95.1,91.95,92.16,94.63,95.1,91.95,92.16,213100.0,0.0,1.0,1.0,7.27
2020-06-12,94.27,94.59,91.36,93.14,94.27,94.59,91.36,93.14,235562.0,0.0,1.0,1.0,6.91
2020-06-15,91.57,94.62,91.38,94.35,91.57,94.62,91.38,94.35,168596.0,0.0,1.0,1.0,6.98
2020-06-16,96.46,96.46,94.12,95.49,96.46,96.46,94.12,95.49,504100.0,0.0,1.0,1.0,4.71
2020-06-17,95.66,96.11,94.73,95.39,95.66,96.11,94.73,95.39,99762.0,0.0,1.0,1.0,7.15
2020-06-18,95.06,95.78,94.99,95.72,95.06,95.78,94.99,95.72,89700.0,0.0,1.0,1.0,28.61
2020-06-19,96.8,96.8,94.72,95.35,96.8,96.8,94.72,95.35,174000.0,0.0,1.0,1.0,0.0
2020-06-22,95.07,95.5,94.66,95.42,95.07,95.5,94.66,95.42,141591.0,0.24,1.0,1.0,7.15
2020-06-23,96.07,96.88,95.78,96.05,96.07,96.88,95.78,96.05,118364.0,0.0,1.0,1.0,-7.15
2020-06-24,95.66,95.77,92.82,93.62,95.66,95.77,92.82,93.62,162590.0,0.0,1.0,1.0,2.4
2020-06-25,93.44,94.12,92.55,93.97,93.44,94.12,92.55,93.97,156259.0,0.0,1.0,1.0,4.68
2020-06-26,93.57,93.67,89.86,90.02,93.57,93.67,89.86,90.02,248876.0,0.0,1.0,1.0,-2.35
2020-06-29,89.76,91.93,89.15,91.93,89.76,91.93,89.15,91.93,266700.0,0.0,1.0,1.0,6.75
2020-06-30,91.88,93.25,91.46,93.03,91.88,93.25,91.46,93.03,477700.0,0.0,1.0,1.0,-11.49
2020-07-01,93.18,95.32,92.93,95.01,93.18,95.32,92.93,95.01,332900.0,0.0,1.0,1.0,0.0
2020-07-02,96.0,96.22,94.73,94.91,96.0,96.22,94.73,94.91,297100.0,0.0,1.0,1.0,-16.65
2020-07-06,96.01,96.95,95.81,96.72,96.01,96.95,95.81,96.72,200600.0,0.0,1.0,1.0,0.0
2020-07-07,96.45,97.74,96.2,96.35,96.45,97.74,96.2,96.35,85900.0,0.0,1.0,1.0,-12.1
2020-07-08,96.54,97.39,95.85,97.27,96.54,97.39,95.85,97.27,167700.0,0.0,1.0,1.0,-4.82
2020-07-09,97.75,97.83,95.94,97.37,97.75,97.83,95.94,97.37,89100.0,0.0,1.0,1.0,0.0
2020-07-10,97.29,99.11,96.86,98.95,97.29,99.11,96.86,98.95,349100.0,0.0,1.0,1.0,-2.43
2020-07-13,99.88,100.4,96.78,97.0,99.88,100.4,96.78,97.0,1250700.0,0.0,1.0,1.0,-22.28
2020-07-14,96.06,97.96,95.56,97.91,96.06,97.96,95.56,97.91,211600.0,0.0,1.0,1.0,94.48
2020-07-15,98.53,99.01,97.59,98.68,98.53,99.01,97.59,98.68,215600.0,0.0,1.0,1.0,2.45
2020-07-16,97.94,98.88,97.51,98.83,97.94,98.88,97.51,98.83,135100.0,0.0,1.0,1.0,9.87
2020-07-17,98.9,98.9,97.64,98.51,98.9,98.9,97.64,98.51,143900.0,0.0,1.0,1.0,2.47
2020-07-20,98.36,99.86,97.8,99.66,98.36,99.86,97.8,99.66,114965.0,0.0,1.0,1.0,2.46
2020-07-21,100.36,100.36,98.95,99.32,100.36,100.36,98.95,99.32,118600.0,0.0,1.0,1.0,2.49
2020-07-22,99.18,99.35,98.66,99.29,99.18,99.35,98.66,99.29,98592.0,0.0,1.0,1.0,0.0
2020-07-23,99.38,99.5,97.07,97.53,99.38,99.5,97.07,97.53,126100.0,0.0,1.0,1.0,4.96
2020-07-24,96.94,97.67,96.58,97.44,96.94,97.67,96.58,97.44,423089.0,0.0,1.0,1.0,0.0
2020-07-27,97.76,98.41,97.47,98.22,97.76,98.41,97.47,98.22,102368.0,0.0,1.0,1.0,-24.37
2020-07-28,98.09,98.53,97.35,97.45,98.09,98.53,97.35,97.45,84500.0,0.0,1.0,1.0,-4.91
2020-07-29,97.89,98.69,97.77,98.45,97.89,98.69,97.77,98.45,79600.0,0.0,1.0,1.0,0.0
2020-07-30,97.6,98.97,97.18,98.86,97.6,98.97,97.18,98.86,100900.0,0.0,1.0,1.0,0.0
2020-07-31,100.23,100.23,98.42,99.9,100.23,100.23,98.42,99.9,128070.0,0.0,1.0,1.0,4.94
2020-08-03,100.12,100.46,99.5,100.2,100.12,100.46,99.5,100.2,106600.0,0.0,1.0,1.0,0.0
2020-08-04,100.19,100.88,100.01,100.69,100.19,100.88,100.01,100.69,115376.0,0.0,1.0,1.0,0.0
2020-08-05,101.27,101.38,100.53,100.86,101.27,101.38,100.53,100.86,117077.0,0.0,1.0,1.0,0.0
